symbol	sourceSDKRelativePath
/System/Library/Frameworks/Security.framework/Security (for architecture arm64):	System/Library/Frameworks/Security.framework/Security.tbd
_AES_CTR_HighHalf_Transform	System/Library/Frameworks/Security.framework/Security.tbd
_AES_CTR_IV0_Transform	System/Library/Frameworks/Security.framework/Security.tbd
_CFArrayOfSOSPeerInfosSortByID	System/Library/Frameworks/Security.framework/Security.tbd
_CFDataCreateWithDER	System/Library/Frameworks/Security.framework/Security.tbd
_CFPropertyListCreateDERData	System/Library/Frameworks/Security.framework/Security.tbd
_CFPropertyListCreateWithDERData	System/Library/Frameworks/Security.framework/Security.tbd
_CFSetCreateMutableForSOSPeerInfosByID	System/Library/Frameworks/Security.framework/Security.tbd
_CFSetCreateMutableForSOSPeerInfosByIDWithArray	System/Library/Frameworks/Security.framework/Security.tbd
_CKDKVSPerfCounterIncomingMessages	System/Library/Frameworks/Security.framework/Security.tbd
_CKDKVSPerfCounterLongestWaitTimeSynchronize	System/Library/Frameworks/Security.framework/Security.tbd
_CKDKVSPerfCounterOutgoingMessages	System/Library/Frameworks/Security.framework/Security.tbd
_CKDKVSPerfCounterSynchronize	System/Library/Frameworks/Security.framework/Security.tbd
_CKDKVSPerfCounterSynchronizeFailures	System/Library/Frameworks/Security.framework/Security.tbd
_CKDKVSPerfCounterSynchronizeWithCompletionHandler	System/Library/Frameworks/Security.framework/Security.tbd
_CKDKVSPerfCounterTotalWaitTimeSynchronize	System/Library/Frameworks/Security.framework/Security.tbd
_CKDKVSPerformanceCountersSampler	System/Library/Frameworks/Security.framework/Security.tbd
_CKKSSEViewPTA	System/Library/Frameworks/Security.framework/Security.tbd
_CKKSSEViewPTC	System/Library/Frameworks/Security.framework/Security.tbd
_CKKSSetupControlProtocol	System/Library/Frameworks/Security.framework/Security.tbd
_CMSDecoderCopyAllCerts	System/Library/Frameworks/Security.framework/Security.tbd
_CMSDecoderCopyContent	System/Library/Frameworks/Security.framework/Security.tbd
_CMSDecoderCopyDetachedContent	System/Library/Frameworks/Security.framework/Security.tbd
_CMSDecoderCopyEncapsulatedContentType	System/Library/Frameworks/Security.framework/Security.tbd
_CMSDecoderCopySignerAppleCodesigningHashAgility	System/Library/Frameworks/Security.framework/Security.tbd
_CMSDecoderCopySignerAppleCodesigningHashAgilityV2	System/Library/Frameworks/Security.framework/Security.tbd
_CMSDecoderCopySignerAppleExpirationTime	System/Library/Frameworks/Security.framework/Security.tbd
_CMSDecoderCopySignerCert	System/Library/Frameworks/Security.framework/Security.tbd
_CMSDecoderCopySignerEmailAddress	System/Library/Frameworks/Security.framework/Security.tbd
_CMSDecoderCopySignerSigningTime	System/Library/Frameworks/Security.framework/Security.tbd
_CMSDecoderCopySignerStatus	System/Library/Frameworks/Security.framework/Security.tbd
_CMSDecoderCreate	System/Library/Frameworks/Security.framework/Security.tbd
_CMSDecoderFinalizeMessage	System/Library/Frameworks/Security.framework/Security.tbd
_CMSDecoderGetCmsMessage	System/Library/Frameworks/Security.framework/Security.tbd
_CMSDecoderGetDecoder	System/Library/Frameworks/Security.framework/Security.tbd
_CMSDecoderGetNumSigners	System/Library/Frameworks/Security.framework/Security.tbd
_CMSDecoderGetTypeID	System/Library/Frameworks/Security.framework/Security.tbd
_CMSDecoderIsContentEncrypted	System/Library/Frameworks/Security.framework/Security.tbd
_CMSDecoderSetDecoder	System/Library/Frameworks/Security.framework/Security.tbd
_CMSDecoderSetDetachedContent	System/Library/Frameworks/Security.framework/Security.tbd
_CMSDecoderUpdateMessage	System/Library/Frameworks/Security.framework/Security.tbd
_CMSEncodeContent	System/Library/Frameworks/Security.framework/Security.tbd
_CMSEncoderAddRecipients	System/Library/Frameworks/Security.framework/Security.tbd
_CMSEncoderAddSignedAttributes	System/Library/Frameworks/Security.framework/Security.tbd
_CMSEncoderAddSigners	System/Library/Frameworks/Security.framework/Security.tbd
_CMSEncoderAddSupportingCerts	System/Library/Frameworks/Security.framework/Security.tbd
_CMSEncoderCopyEncapsulatedContentType	System/Library/Frameworks/Security.framework/Security.tbd
_CMSEncoderCopyEncodedContent	System/Library/Frameworks/Security.framework/Security.tbd
_CMSEncoderCopyRecipients	System/Library/Frameworks/Security.framework/Security.tbd
_CMSEncoderCopySigners	System/Library/Frameworks/Security.framework/Security.tbd
_CMSEncoderCopySupportingCerts	System/Library/Frameworks/Security.framework/Security.tbd
_CMSEncoderCreate	System/Library/Frameworks/Security.framework/Security.tbd
_CMSEncoderGetCertificateChainMode	System/Library/Frameworks/Security.framework/Security.tbd
_CMSEncoderGetCmsMessage	System/Library/Frameworks/Security.framework/Security.tbd
_CMSEncoderGetEncoder	System/Library/Frameworks/Security.framework/Security.tbd
_CMSEncoderGetHasDetachedContent	System/Library/Frameworks/Security.framework/Security.tbd
_CMSEncoderGetTypeID	System/Library/Frameworks/Security.framework/Security.tbd
_CMSEncoderSetAppleCodesigningHashAgility	System/Library/Frameworks/Security.framework/Security.tbd
_CMSEncoderSetAppleCodesigningHashAgilityV2	System/Library/Frameworks/Security.framework/Security.tbd
_CMSEncoderSetAppleExpirationTime	System/Library/Frameworks/Security.framework/Security.tbd
_CMSEncoderSetCertificateChainMode	System/Library/Frameworks/Security.framework/Security.tbd
_CMSEncoderSetEncapsulatedContentTypeOID	System/Library/Frameworks/Security.framework/Security.tbd
_CMSEncoderSetEncoder	System/Library/Frameworks/Security.framework/Security.tbd
_CMSEncoderSetHasDetachedContent	System/Library/Frameworks/Security.framework/Security.tbd
_CMSEncoderSetSignerAlgorithm	System/Library/Frameworks/Security.framework/Security.tbd
_CMSEncoderSetSigningTime	System/Library/Frameworks/Security.framework/Security.tbd
_CMSEncoderUpdateContent	System/Library/Frameworks/Security.framework/Security.tbd
_CSSMOID_ANSI_DH_EPHEM	System/Library/Frameworks/Security.framework/Security.tbd
_CSSMOID_ANSI_DH_EPHEM_SHA1	System/Library/Frameworks/Security.framework/Security.tbd
_CSSMOID_ANSI_DH_HYBRID1	System/Library/Frameworks/Security.framework/Security.tbd
_CSSMOID_ANSI_DH_HYBRID1_SHA1	System/Library/Frameworks/Security.framework/Security.tbd
_CSSMOID_ANSI_DH_HYBRID2	System/Library/Frameworks/Security.framework/Security.tbd
_CSSMOID_ANSI_DH_HYBRID2_SHA1	System/Library/Frameworks/Security.framework/Security.tbd
_CSSMOID_ANSI_DH_HYBRID_ONEFLOW	System/Library/Frameworks/Security.framework/Security.tbd
_CSSMOID_ANSI_DH_ONE_FLOW	System/Library/Frameworks/Security.framework/Security.tbd
_CSSMOID_ANSI_DH_ONE_FLOW_SHA1	System/Library/Frameworks/Security.framework/Security.tbd
_CSSMOID_ANSI_DH_PUB_NUMBER	System/Library/Frameworks/Security.framework/Security.tbd
_CSSMOID_ANSI_DH_STATIC	System/Library/Frameworks/Security.framework/Security.tbd
_CSSMOID_ANSI_DH_STATIC_SHA1	System/Library/Frameworks/Security.framework/Security.tbd
_CSSMOID_ANSI_MQV1	System/Library/Frameworks/Security.framework/Security.tbd
_CSSMOID_ANSI_MQV1_SHA1	System/Library/Frameworks/Security.framework/Security.tbd
_CSSMOID_ANSI_MQV2	System/Library/Frameworks/Security.framework/Security.tbd
_CSSMOID_ANSI_MQV2_SHA1	System/Library/Frameworks/Security.framework/Security.tbd
_CSSMOID_APPLE_ASC	System/Library/Frameworks/Security.framework/Security.tbd
_CSSMOID_APPLE_ECDSA	System/Library/Frameworks/Security.framework/Security.tbd
_CSSMOID_APPLE_FEE	System/Library/Frameworks/Security.framework/Security.tbd
_CSSMOID_APPLE_FEED	System/Library/Frameworks/Security.framework/Security.tbd
_CSSMOID_APPLE_FEEDEXP	System/Library/Frameworks/Security.framework/Security.tbd
_CSSMOID_APPLE_FEE_MD5	System/Library/Frameworks/Security.framework/Security.tbd
_CSSMOID_APPLE_FEE_SHA1	System/Library/Frameworks/Security.framework/Security.tbd
_CSSMOID_APPLE_ISIGN	System/Library/Frameworks/Security.framework/Security.tbd
_CSSMOID_APPLE_TP_APPLEID_SHARING	System/Library/Frameworks/Security.framework/Security.tbd
_CSSMOID_APPLE_TP_CODE_SIGN	System/Library/Frameworks/Security.framework/Security.tbd
_CSSMOID_APPLE_TP_CODE_SIGNING	System/Library/Frameworks/Security.framework/Security.tbd
_CSSMOID_APPLE_TP_CSR_GEN	System/Library/Frameworks/Security.framework/Security.tbd
_CSSMOID_APPLE_TP_EAP	System/Library/Frameworks/Security.framework/Security.tbd
_CSSMOID_APPLE_TP_ESCROW_SERVICE	System/Library/Frameworks/Security.framework/Security.tbd
_CSSMOID_APPLE_TP_ICHAT	System/Library/Frameworks/Security.framework/Security.tbd
_CSSMOID_APPLE_TP_IP_SEC	System/Library/Frameworks/Security.framework/Security.tbd
_CSSMOID_APPLE_TP_LOCAL_CERT_GEN	System/Library/Frameworks/Security.framework/Security.tbd
_CSSMOID_APPLE_TP_MACAPPSTORE_RECEIPT	System/Library/Frameworks/Security.framework/Security.tbd
_CSSMOID_APPLE_TP_MOBILE_STORE	System/Library/Frameworks/Security.framework/Security.tbd
_CSSMOID_APPLE_TP_PACKAGE_SIGNING	System/Library/Frameworks/Security.framework/Security.tbd
_CSSMOID_APPLE_TP_PASSBOOK_SIGNING	System/Library/Frameworks/Security.framework/Security.tbd
_CSSMOID_APPLE_TP_PCS_ESCROW_SERVICE	System/Library/Frameworks/Security.framework/Security.tbd
_CSSMOID_APPLE_TP_PKINIT_CLIENT	System/Library/Frameworks/Security.framework/Security.tbd
_CSSMOID_APPLE_TP_PKINIT_SERVER	System/Library/Frameworks/Security.framework/Security.tbd
_CSSMOID_APPLE_TP_PROFILE_SIGNING	System/Library/Frameworks/Security.framework/Security.tbd
_CSSMOID_APPLE_TP_PROVISIONING_PROFILE_SIGNING	System/Library/Frameworks/Security.framework/Security.tbd
_CSSMOID_APPLE_TP_QA_PROFILE_SIGNING	System/Library/Frameworks/Security.framework/Security.tbd
_CSSMOID_APPLE_TP_RESOURCE_SIGN	System/Library/Frameworks/Security.framework/Security.tbd
_CSSMOID_APPLE_TP_REVOCATION	System/Library/Frameworks/Security.framework/Security.tbd
_CSSMOID_APPLE_TP_REVOCATION_CRL	System/Library/Frameworks/Security.framework/Security.tbd
_CSSMOID_APPLE_TP_REVOCATION_OCSP	System/Library/Frameworks/Security.framework/Security.tbd
_CSSMOID_APPLE_TP_SMIME	System/Library/Frameworks/Security.framework/Security.tbd
_CSSMOID_APPLE_TP_SSL	System/Library/Frameworks/Security.framework/Security.tbd
_CSSMOID_APPLE_TP_SW_UPDATE_SIGNING	System/Library/Frameworks/Security.framework/Security.tbd
_CSSMOID_APPLE_TP_TEST_MOBILE_STORE	System/Library/Frameworks/Security.framework/Security.tbd
_CSSMOID_APPLE_TP_TIMESTAMPING	System/Library/Frameworks/Security.framework/Security.tbd
_CSSMOID_APPLE_X509_BASIC	System/Library/Frameworks/Security.framework/Security.tbd
_CSSMOID_DES_CBC	System/Library/Frameworks/Security.framework/Security.tbd
_CSSMOID_DH	System/Library/Frameworks/Security.framework/Security.tbd
_CSSMOID_DOTMAC_CERT	System/Library/Frameworks/Security.framework/Security.tbd
_CSSMOID_DOTMAC_CERT_REQ	System/Library/Frameworks/Security.framework/Security.tbd
_CSSMOID_DOTMAC_CERT_REQ_ARCHIVE_FETCH	System/Library/Frameworks/Security.framework/Security.tbd
_CSSMOID_DOTMAC_CERT_REQ_ARCHIVE_LIST	System/Library/Frameworks/Security.framework/Security.tbd
_CSSMOID_DOTMAC_CERT_REQ_ARCHIVE_REMOVE	System/Library/Frameworks/Security.framework/Security.tbd
_CSSMOID_DOTMAC_CERT_REQ_ARCHIVE_STORE	System/Library/Frameworks/Security.framework/Security.tbd
_CSSMOID_DOTMAC_CERT_REQ_EMAIL_ENCRYPT	System/Library/Frameworks/Security.framework/Security.tbd
_CSSMOID_DOTMAC_CERT_REQ_EMAIL_SIGN	System/Library/Frameworks/Security.framework/Security.tbd
_CSSMOID_DOTMAC_CERT_REQ_IDENTITY	System/Library/Frameworks/Security.framework/Security.tbd
_CSSMOID_DOTMAC_CERT_REQ_SHARED_SERVICES	System/Library/Frameworks/Security.framework/Security.tbd
_CSSMOID_DOTMAC_CERT_REQ_VALUE_ASYNC	System/Library/Frameworks/Security.framework/Security.tbd
_CSSMOID_DOTMAC_CERT_REQ_VALUE_HOSTNAME	System/Library/Frameworks/Security.framework/Security.tbd
_CSSMOID_DOTMAC_CERT_REQ_VALUE_IS_PENDING	System/Library/Frameworks/Security.framework/Security.tbd
_CSSMOID_DOTMAC_CERT_REQ_VALUE_PASSWORD	System/Library/Frameworks/Security.framework/Security.tbd
_CSSMOID_DOTMAC_CERT_REQ_VALUE_RENEW	System/Library/Frameworks/Security.framework/Security.tbd
_CSSMOID_DOTMAC_CERT_REQ_VALUE_USERNAME	System/Library/Frameworks/Security.framework/Security.tbd
_CSSMOID_DSA	System/Library/Frameworks/Security.framework/Security.tbd
_CSSMOID_DSA_CMS	System/Library/Frameworks/Security.framework/Security.tbd
_CSSMOID_DSA_JDK	System/Library/Frameworks/Security.framework/Security.tbd
_CSSMOID_ECDSA_WithSHA1	System/Library/Frameworks/Security.framework/Security.tbd
_CSSMOID_ECDSA_WithSHA224	System/Library/Frameworks/Security.framework/Security.tbd
_CSSMOID_ECDSA_WithSHA256	System/Library/Frameworks/Security.framework/Security.tbd
_CSSMOID_ECDSA_WithSHA384	System/Library/Frameworks/Security.framework/Security.tbd
_CSSMOID_ECDSA_WithSHA512	System/Library/Frameworks/Security.framework/Security.tbd
_CSSMOID_ECDSA_WithSpecified	System/Library/Frameworks/Security.framework/Security.tbd
_CSSMOID_MD2	System/Library/Frameworks/Security.framework/Security.tbd
_CSSMOID_MD2WithRSA	System/Library/Frameworks/Security.framework/Security.tbd
_CSSMOID_MD4	System/Library/Frameworks/Security.framework/Security.tbd
_CSSMOID_MD4WithRSA	System/Library/Frameworks/Security.framework/Security.tbd
_CSSMOID_MD5	System/Library/Frameworks/Security.framework/Security.tbd
_CSSMOID_MD5WithRSA	System/Library/Frameworks/Security.framework/Security.tbd
_CSSMOID_OAEP_ID_PSPECIFIED	System/Library/Frameworks/Security.framework/Security.tbd
_CSSMOID_OAEP_MGF1	System/Library/Frameworks/Security.framework/Security.tbd
_CSSMOID_PKCS12_pbeWithSHAAnd128BitRC2CBC	System/Library/Frameworks/Security.framework/Security.tbd
_CSSMOID_PKCS12_pbeWithSHAAnd128BitRC4	System/Library/Frameworks/Security.framework/Security.tbd
_CSSMOID_PKCS12_pbeWithSHAAnd2Key3DESCBC	System/Library/Frameworks/Security.framework/Security.tbd
_CSSMOID_PKCS12_pbeWithSHAAnd3Key3DESCBC	System/Library/Frameworks/Security.framework/Security.tbd
_CSSMOID_PKCS12_pbeWithSHAAnd40BitRC4	System/Library/Frameworks/Security.framework/Security.tbd
_CSSMOID_PKCS12_pbewithSHAAnd40BitRC2CBC	System/Library/Frameworks/Security.framework/Security.tbd
_CSSMOID_PKCS3	System/Library/Frameworks/Security.framework/Security.tbd
_CSSMOID_PKCS5_DES_EDE3_CBC	System/Library/Frameworks/Security.framework/Security.tbd
_CSSMOID_PKCS5_DIGEST_ALG	System/Library/Frameworks/Security.framework/Security.tbd
_CSSMOID_PKCS5_ENCRYPT_ALG	System/Library/Frameworks/Security.framework/Security.tbd
_CSSMOID_PKCS5_HMAC_SHA1	System/Library/Frameworks/Security.framework/Security.tbd
_CSSMOID_PKCS5_PBES2	System/Library/Frameworks/Security.framework/Security.tbd
_CSSMOID_PKCS5_PBKDF2	System/Library/Frameworks/Security.framework/Security.tbd
_CSSMOID_PKCS5_PBMAC1	System/Library/Frameworks/Security.framework/Security.tbd
_CSSMOID_PKCS5_RC2_CBC	System/Library/Frameworks/Security.framework/Security.tbd
_CSSMOID_PKCS5_RC5_CBC	System/Library/Frameworks/Security.framework/Security.tbd
_CSSMOID_PKCS5_pbeWithMD2AndDES	System/Library/Frameworks/Security.framework/Security.tbd
_CSSMOID_PKCS5_pbeWithMD2AndRC2	System/Library/Frameworks/Security.framework/Security.tbd
_CSSMOID_PKCS5_pbeWithMD5AndDES	System/Library/Frameworks/Security.framework/Security.tbd
_CSSMOID_PKCS5_pbeWithMD5AndRC2	System/Library/Frameworks/Security.framework/Security.tbd
_CSSMOID_PKCS5_pbeWithSHA1AndDES	System/Library/Frameworks/Security.framework/Security.tbd
_CSSMOID_PKCS5_pbeWithSHA1AndRC2	System/Library/Frameworks/Security.framework/Security.tbd
_CSSMOID_RSA	System/Library/Frameworks/Security.framework/Security.tbd
_CSSMOID_RSAWithOAEP	System/Library/Frameworks/Security.framework/Security.tbd
_CSSMOID_SHA1	System/Library/Frameworks/Security.framework/Security.tbd
_CSSMOID_SHA1WithDSA	System/Library/Frameworks/Security.framework/Security.tbd
_CSSMOID_SHA1WithDSA_CMS	System/Library/Frameworks/Security.framework/Security.tbd
_CSSMOID_SHA1WithDSA_JDK	System/Library/Frameworks/Security.framework/Security.tbd
_CSSMOID_SHA1WithRSA	System/Library/Frameworks/Security.framework/Security.tbd
_CSSMOID_SHA1WithRSA_OIW	System/Library/Frameworks/Security.framework/Security.tbd
_CSSMOID_SHA224	System/Library/Frameworks/Security.framework/Security.tbd
_CSSMOID_SHA224WithRSA	System/Library/Frameworks/Security.framework/Security.tbd
_CSSMOID_SHA256	System/Library/Frameworks/Security.framework/Security.tbd
_CSSMOID_SHA256WithRSA	System/Library/Frameworks/Security.framework/Security.tbd
_CSSMOID_SHA384	System/Library/Frameworks/Security.framework/Security.tbd
_CSSMOID_SHA384WithRSA	System/Library/Frameworks/Security.framework/Security.tbd
_CSSMOID_SHA512	System/Library/Frameworks/Security.framework/Security.tbd
_CSSMOID_SHA512WithRSA	System/Library/Frameworks/Security.framework/Security.tbd
_CSSMOID_ecPublicKey	System/Library/Frameworks/Security.framework/Security.tbd
_ClearRollOctagonIdentityEnabledOverride	System/Library/Frameworks/Security.framework/Security.tbd
_ClearSOSCompatibilityModeOverride	System/Library/Frameworks/Security.framework/Security.tbd
_CreateArrayOfPeerInfoWithXPCObject	System/Library/Frameworks/Security.framework/Security.tbd
_CreateCFDataFromBase64CFString	System/Library/Frameworks/Security.framework/Security.tbd
_CreatePrivateKeyMatchingQuery	System/Library/Frameworks/Security.framework/Security.tbd
_CreateXPCObjectWithArrayOfPeerInfo	System/Library/Frameworks/Security.framework/Security.tbd
_CreateXPCObjectWithCFSetRef	System/Library/Frameworks/Security.framework/Security.tbd
_CuttlefishErrorDomain	System/Library/Frameworks/Security.framework/Security.tbd
_CuttlefishErrorRetryAfterKey	System/Library/Frameworks/Security.framework/Security.tbd
_DeriveOTR128BitPairFromS	System/Library/Frameworks/Security.framework/Security.tbd
_DeriveOTR256BitsFromS	System/Library/Frameworks/Security.framework/Security.tbd
_DeriveOTR64BitsFromS	System/Library/Frameworks/Security.framework/Security.tbd
_GenerateECPair	System/Library/Frameworks/Security.framework/Security.tbd
_GeneratePermanentECPair	System/Library/Frameworks/Security.framework/Security.tbd
_IsRollOctagonIdentityEnabled	System/Library/Frameworks/Security.framework/Security.tbd
_KCSharingGroupsUpdatedNotification	System/Library/Frameworks/Security.framework/Security.tbd
_KCSharingLogObject	System/Library/Frameworks/Security.framework/Security.tbd
_KCSharingSetupInvitationNotificationProtocol	System/Library/Frameworks/Security.framework/Security.tbd
_KCSharingSetupMessagingdServerProtocol	System/Library/Frameworks/Security.framework/Security.tbd
_KCSharingSetupServerProtocol	System/Library/Frameworks/Security.framework/Security.tbd
_LKABackupReportEnd	System/Library/Frameworks/Security.framework/Security.tbd
_LKABackupReportStart	System/Library/Frameworks/Security.framework/Security.tbd
_LKAEventStash	System/Library/Frameworks/Security.framework/Security.tbd
_LKAEventStashLoad	System/Library/Frameworks/Security.framework/Security.tbd
_LKAEventUpgrade	System/Library/Frameworks/Security.framework/Security.tbd
_LKAForceClose	System/Library/Frameworks/Security.framework/Security.tbd
_LKAReportKeychainUpgradeOutcome	System/Library/Frameworks/Security.framework/Security.tbd
_LKAReportKeychainUpgradeOutcomeWithError	System/Library/Frameworks/Security.framework/Security.tbd
_MS_SecCMSCertificatesOnlyMessageCopyCertificates	System/Library/Frameworks/Security.framework/Security.tbd
_MS_SecCMSDecodeSignedData	System/Library/Frameworks/Security.framework/Security.tbd
_MS_SecCMSDecryptEnvelopedData	System/Library/Frameworks/Security.framework/Security.tbd
_MS_SecCMSVerifySignedData_internal	System/Library/Frameworks/Security.framework/Security.tbd
_NtlmCreateClientRequest	System/Library/Frameworks/Security.framework/Security.tbd
_NtlmCreateClientResponse	System/Library/Frameworks/Security.framework/Security.tbd
_NtlmGeneratePasswordHashes	System/Library/Frameworks/Security.framework/Security.tbd
_NtlmGeneratorCreate	System/Library/Frameworks/Security.framework/Security.tbd
_NtlmGeneratorRelease	System/Library/Frameworks/Security.framework/Security.tbd
_NtlmGetNegotiatedVersion	System/Library/Frameworks/Security.framework/Security.tbd
_OBJC_CLASS_$_CKKSControl	System/Library/Frameworks/Security.framework/Security.tbd
_OBJC_CLASS_$_CKKSCurrentItemQuery	System/Library/Frameworks/Security.framework/Security.tbd
_OBJC_CLASS_$_CKKSCurrentItemQueryResult	System/Library/Frameworks/Security.framework/Security.tbd
_OBJC_CLASS_$_CKKSExternalKey	System/Library/Frameworks/Security.framework/Security.tbd
_OBJC_CLASS_$_CKKSExternalTLKShare	System/Library/Frameworks/Security.framework/Security.tbd
_OBJC_CLASS_$_CKKSPCSIdentityQuery	System/Library/Frameworks/Security.framework/Security.tbd
_OBJC_CLASS_$_CKKSPCSIdentityQueryResult	System/Library/Frameworks/Security.framework/Security.tbd
_OBJC_CLASS_$_ExternalPreSharedKey	System/Library/Frameworks/Security.framework/Security.tbd
_OBJC_CLASS_$_KCSharingDaemonConnection	System/Library/Frameworks/Security.framework/Security.tbd
_OBJC_CLASS_$_KCSharingGroup	System/Library/Frameworks/Security.framework/Security.tbd
_OBJC_CLASS_$_KCSharingGroupCreateRequest	System/Library/Frameworks/Security.framework/Security.tbd
_OBJC_CLASS_$_KCSharingGroupDeleteRequest	System/Library/Frameworks/Security.framework/Security.tbd
_OBJC_CLASS_$_KCSharingGroupFetchRequest	System/Library/Frameworks/Security.framework/Security.tbd
_OBJC_CLASS_$_KCSharingGroupInvite	System/Library/Frameworks/Security.framework/Security.tbd
_OBJC_CLASS_$_KCSharingGroupLeaveRequest	System/Library/Frameworks/Security.framework/Security.tbd
_OBJC_CLASS_$_KCSharingGroupManager	System/Library/Frameworks/Security.framework/Security.tbd
_OBJC_CLASS_$_KCSharingGroupUpdateInfo	System/Library/Frameworks/Security.framework/Security.tbd
_OBJC_CLASS_$_KCSharingGroupUpdateRequest	System/Library/Frameworks/Security.framework/Security.tbd
_OBJC_CLASS_$_KCSharingMessagingdConnection	System/Library/Frameworks/Security.framework/Security.tbd
_OBJC_CLASS_$_KCSharingParticipant	System/Library/Frameworks/Security.framework/Security.tbd
_OBJC_CLASS_$_LocalKeychainAnalytics	System/Library/Frameworks/Security.framework/Security.tbd
_OBJC_CLASS_$_OTBottleIDs	System/Library/Frameworks/Security.framework/Security.tbd
_OBJC_CLASS_$_OTClique	System/Library/Frameworks/Security.framework/Security.tbd
_OBJC_CLASS_$_OTConfigurationContext	System/Library/Frameworks/Security.framework/Security.tbd
_OBJC_CLASS_$_OTControl	System/Library/Frameworks/Security.framework/Security.tbd
_OBJC_CLASS_$_OTControlArguments	System/Library/Frameworks/Security.framework/Security.tbd
_OBJC_CLASS_$_OTJoiningConfiguration	System/Library/Frameworks/Security.framework/Security.tbd
_OBJC_CLASS_$_OTOperationConfiguration	System/Library/Frameworks/Security.framework/Security.tbd
_OBJC_CLASS_$_OfferedEPSK	System/Library/Frameworks/Security.framework/Security.tbd
_OBJC_CLASS_$_SFAnalytics	System/Library/Frameworks/Security.framework/Security.tbd
_OBJC_CLASS_$_SFAnalyticsActivityTracker	System/Library/Frameworks/Security.framework/Security.tbd
_OBJC_CLASS_$_SFAnalyticsMultiSampler	System/Library/Frameworks/Security.framework/Security.tbd
_OBJC_CLASS_$_SFAnalyticsSQLiteStore	System/Library/Frameworks/Security.framework/Security.tbd
_OBJC_CLASS_$_SFAnalyticsSampler	System/Library/Frameworks/Security.framework/Security.tbd
_OBJC_CLASS_$_SFSQLite	System/Library/Frameworks/Security.framework/Security.tbd
_OBJC_CLASS_$_SOSAnalytics	System/Library/Frameworks/Security.framework/Security.tbd
_OBJC_CLASS_$_SOSCachedNotification	System/Library/Frameworks/Security.framework/Security.tbd
_OBJC_CLASS_$_SecABC	System/Library/Frameworks/Security.framework/Security.tbd
_OBJC_CLASS_$_SecAsyncPiper	System/Library/Frameworks/Security.framework/Security.tbd
_OBJC_CLASS_$_SecCoreAnalytics	System/Library/Frameworks/Security.framework/Security.tbd
_OBJC_CLASS_$_SecEscrowRequest	System/Library/Frameworks/Security.framework/Security.tbd
_OBJC_CLASS_$_SecExternalPreSharedKey	System/Library/Frameworks/Security.framework/Security.tbd
_OBJC_CLASS_$_SecItemCurrentItemData	System/Library/Frameworks/Security.framework/Security.tbd
_OBJC_CLASS_$_SecJWSDecoder	System/Library/Frameworks/Security.framework/Security.tbd
_OBJC_CLASS_$_SecJWSEncoder	System/Library/Frameworks/Security.framework/Security.tbd
_OBJC_CLASS_$_SecKeyProxy	System/Library/Frameworks/Security.framework/Security.tbd
_OBJC_CLASS_$_SecLaunchSequence	System/Library/Frameworks/Security.framework/Security.tbd
_OBJC_CLASS_$_SecOfferedEPSK	System/Library/Frameworks/Security.framework/Security.tbd
_OBJC_CLASS_$_SecOfferedPAKEIdentity	System/Library/Frameworks/Security.framework/Security.tbd
_OBJC_CLASS_$_SecSessionInfo	System/Library/Frameworks/Security.framework/Security.tbd
_OBJC_CLASS_$_SecTapToRadar	System/Library/Frameworks/Security.framework/Security.tbd
_OBJC_CLASS_$_SecXPCHelper	System/Library/Frameworks/Security.framework/Security.tbd
_OBJC_CLASS_$_SecuritydXPCClient	System/Library/Frameworks/Security.framework/Security.tbd
_OBJC_METACLASS_$_CKKSControl	System/Library/Frameworks/Security.framework/Security.tbd
_OBJC_METACLASS_$_CKKSCurrentItemQuery	System/Library/Frameworks/Security.framework/Security.tbd
_OBJC_METACLASS_$_CKKSCurrentItemQueryResult	System/Library/Frameworks/Security.framework/Security.tbd
_OBJC_METACLASS_$_CKKSExternalKey	System/Library/Frameworks/Security.framework/Security.tbd
_OBJC_METACLASS_$_CKKSExternalTLKShare	System/Library/Frameworks/Security.framework/Security.tbd
_OBJC_METACLASS_$_CKKSPCSIdentityQuery	System/Library/Frameworks/Security.framework/Security.tbd
_OBJC_METACLASS_$_CKKSPCSIdentityQueryResult	System/Library/Frameworks/Security.framework/Security.tbd
_OBJC_METACLASS_$_ExternalPreSharedKey	System/Library/Frameworks/Security.framework/Security.tbd
_OBJC_METACLASS_$_KCSharingDaemonConnection	System/Library/Frameworks/Security.framework/Security.tbd
_OBJC_METACLASS_$_KCSharingGroup	System/Library/Frameworks/Security.framework/Security.tbd
_OBJC_METACLASS_$_KCSharingGroupCreateRequest	System/Library/Frameworks/Security.framework/Security.tbd
_OBJC_METACLASS_$_KCSharingGroupDeleteRequest	System/Library/Frameworks/Security.framework/Security.tbd
_OBJC_METACLASS_$_KCSharingGroupFetchRequest	System/Library/Frameworks/Security.framework/Security.tbd
_OBJC_METACLASS_$_KCSharingGroupInvite	System/Library/Frameworks/Security.framework/Security.tbd
_OBJC_METACLASS_$_KCSharingGroupLeaveRequest	System/Library/Frameworks/Security.framework/Security.tbd
_OBJC_METACLASS_$_KCSharingGroupManager	System/Library/Frameworks/Security.framework/Security.tbd
_OBJC_METACLASS_$_KCSharingGroupUpdateInfo	System/Library/Frameworks/Security.framework/Security.tbd
_OBJC_METACLASS_$_KCSharingGroupUpdateRequest	System/Library/Frameworks/Security.framework/Security.tbd
_OBJC_METACLASS_$_KCSharingMessagingdConnection	System/Library/Frameworks/Security.framework/Security.tbd
_OBJC_METACLASS_$_KCSharingParticipant	System/Library/Frameworks/Security.framework/Security.tbd
_OBJC_METACLASS_$_LocalKeychainAnalytics	System/Library/Frameworks/Security.framework/Security.tbd
_OBJC_METACLASS_$_OTBottleIDs	System/Library/Frameworks/Security.framework/Security.tbd
_OBJC_METACLASS_$_OTClique	System/Library/Frameworks/Security.framework/Security.tbd
_OBJC_METACLASS_$_OTConfigurationContext	System/Library/Frameworks/Security.framework/Security.tbd
_OBJC_METACLASS_$_OTControl	System/Library/Frameworks/Security.framework/Security.tbd
_OBJC_METACLASS_$_OTControlArguments	System/Library/Frameworks/Security.framework/Security.tbd
_OBJC_METACLASS_$_OTJoiningConfiguration	System/Library/Frameworks/Security.framework/Security.tbd
_OBJC_METACLASS_$_OTOperationConfiguration	System/Library/Frameworks/Security.framework/Security.tbd
_OBJC_METACLASS_$_OfferedEPSK	System/Library/Frameworks/Security.framework/Security.tbd
_OBJC_METACLASS_$_SFAnalytics	System/Library/Frameworks/Security.framework/Security.tbd
_OBJC_METACLASS_$_SFAnalyticsActivityTracker	System/Library/Frameworks/Security.framework/Security.tbd
_OBJC_METACLASS_$_SFAnalyticsMultiSampler	System/Library/Frameworks/Security.framework/Security.tbd
_OBJC_METACLASS_$_SFAnalyticsSQLiteStore	System/Library/Frameworks/Security.framework/Security.tbd
_OBJC_METACLASS_$_SFAnalyticsSampler	System/Library/Frameworks/Security.framework/Security.tbd
_OBJC_METACLASS_$_SFSQLite	System/Library/Frameworks/Security.framework/Security.tbd
_OBJC_METACLASS_$_SOSAnalytics	System/Library/Frameworks/Security.framework/Security.tbd
_OBJC_METACLASS_$_SOSCachedNotification	System/Library/Frameworks/Security.framework/Security.tbd
_OBJC_METACLASS_$_SecABC	System/Library/Frameworks/Security.framework/Security.tbd
_OBJC_METACLASS_$_SecAsyncPiper	System/Library/Frameworks/Security.framework/Security.tbd
_OBJC_METACLASS_$_SecCoreAnalytics	System/Library/Frameworks/Security.framework/Security.tbd
_OBJC_METACLASS_$_SecEscrowRequest	System/Library/Frameworks/Security.framework/Security.tbd
_OBJC_METACLASS_$_SecExternalPreSharedKey	System/Library/Frameworks/Security.framework/Security.tbd
_OBJC_METACLASS_$_SecItemCurrentItemData	System/Library/Frameworks/Security.framework/Security.tbd
_OBJC_METACLASS_$_SecJWSDecoder	System/Library/Frameworks/Security.framework/Security.tbd
_OBJC_METACLASS_$_SecJWSEncoder	System/Library/Frameworks/Security.framework/Security.tbd
_OBJC_METACLASS_$_SecKeyProxy	System/Library/Frameworks/Security.framework/Security.tbd
_OBJC_METACLASS_$_SecLaunchSequence	System/Library/Frameworks/Security.framework/Security.tbd
_OBJC_METACLASS_$_SecOfferedEPSK	System/Library/Frameworks/Security.framework/Security.tbd
_OBJC_METACLASS_$_SecOfferedPAKEIdentity	System/Library/Frameworks/Security.framework/Security.tbd
_OBJC_METACLASS_$_SecSessionInfo	System/Library/Frameworks/Security.framework/Security.tbd
_OBJC_METACLASS_$_SecTapToRadar	System/Library/Frameworks/Security.framework/Security.tbd
_OBJC_METACLASS_$_SecXPCHelper	System/Library/Frameworks/Security.framework/Security.tbd
_OBJC_METACLASS_$_SecuritydXPCClient	System/Library/Frameworks/Security.framework/Security.tbd
_OID_GOOGLE_OCSP_SCT	System/Library/Frameworks/Security.framework/Security.tbd
_OID_PKIX_OCSP	System/Library/Frameworks/Security.framework/Security.tbd
_OID_PKIX_OCSP_ARCHIVE_CUTOFF	System/Library/Frameworks/Security.framework/Security.tbd
_OID_PKIX_OCSP_BASIC	System/Library/Frameworks/Security.framework/Security.tbd
_OID_PKIX_OCSP_CRL	System/Library/Frameworks/Security.framework/Security.tbd
_OID_PKIX_OCSP_NOCHECK	System/Library/Frameworks/Security.framework/Security.tbd
_OID_PKIX_OCSP_NONCE	System/Library/Frameworks/Security.framework/Security.tbd
_OID_PKIX_OCSP_RESPONSE	System/Library/Frameworks/Security.framework/Security.tbd
_OID_PKIX_OCSP_SERVICE_LOCATOR	System/Library/Frameworks/Security.framework/Security.tbd
_OTCDPStatusToString	System/Library/Frameworks/Security.framework/Security.tbd
_OTCliqueCDPContextTypeConfirmPasscodeCyrus	System/Library/Frameworks/Security.framework/Security.tbd
_OTCliqueCDPContextTypeFinishPasscodeChange	System/Library/Frameworks/Security.framework/Security.tbd
_OTCliqueCDPContextTypeNone	System/Library/Frameworks/Security.framework/Security.tbd
_OTCliqueCDPContextTypeRecoveryKeyGenerate	System/Library/Frameworks/Security.framework/Security.tbd
_OTCliqueCDPContextTypeRecoveryKeyNew	System/Library/Frameworks/Security.framework/Security.tbd
_OTCliqueCDPContextTypeRepair	System/Library/Frameworks/Security.framework/Security.tbd
_OTCliqueCDPContextTypeSignIn	System/Library/Frameworks/Security.framework/Security.tbd
_OTCliqueCDPContextTypeUpdatePasscode	System/Library/Frameworks/Security.framework/Security.tbd
_OTCliqueStatusFromString	System/Library/Frameworks/Security.framework/Security.tbd
_OTCliqueStatusToString	System/Library/Frameworks/Security.framework/Security.tbd
_OTDefaultContext	System/Library/Frameworks/Security.framework/Security.tbd
_OTDefaultsDomain	System/Library/Frameworks/Security.framework/Security.tbd
_OTEscrowRecordPrefix	System/Library/Frameworks/Security.framework/Security.tbd
_OTProtocolPairing	System/Library/Frameworks/Security.framework/Security.tbd
_OTProtocolPiggybacking	System/Library/Frameworks/Security.framework/Security.tbd
_OTSetupControlProtocol	System/Library/Frameworks/Security.framework/Security.tbd
_OTTrustStatusChangeNotification	System/Library/Frameworks/Security.framework/Security.tbd
_OctagonClearSupportsPersonaMultiuserOverride	System/Library/Frameworks/Security.framework/Security.tbd
_OctagonErrorDomain	System/Library/Frameworks/Security.framework/Security.tbd
_OctagonIsSOSFeatureEnabled	System/Library/Frameworks/Security.framework/Security.tbd
_OctagonPlatformSupportsSOS	System/Library/Frameworks/Security.framework/Security.tbd
_OctagonSetSOSFeatureEnabled	System/Library/Frameworks/Security.framework/Security.tbd
_OctagonSetSupportsPersonaMultiuser	System/Library/Frameworks/Security.framework/Security.tbd
_OctagonSupportsPersonaMultiuser	System/Library/Frameworks/Security.framework/Security.tbd
_SFAnalyticsAttributeErrorCode	System/Library/Frameworks/Security.framework/Security.tbd
_SFAnalyticsAttributeErrorDomain	System/Library/Frameworks/Security.framework/Security.tbd
_SFAnalyticsAttributeErrorUnderlyingChain	System/Library/Frameworks/Security.framework/Security.tbd
_SFAnalyticsAttributeLastUploadTime	System/Library/Frameworks/Security.framework/Security.tbd
_SFAnalyticsColumnHardFailureCount	System/Library/Frameworks/Security.framework/Security.tbd
_SFAnalyticsColumnSampleName	System/Library/Frameworks/Security.framework/Security.tbd
_SFAnalyticsColumnSampleValue	System/Library/Frameworks/Security.framework/Security.tbd
_SFAnalyticsColumnSoftFailureCount	System/Library/Frameworks/Security.framework/Security.tbd
_SFAnalyticsColumnSuccessCount	System/Library/Frameworks/Security.framework/Security.tbd
_SFAnalyticsErrorDomain	System/Library/Frameworks/Security.framework/Security.tbd
_SFAnalyticsEventClassKey	System/Library/Frameworks/Security.framework/Security.tbd
_SFAnalyticsEventErrorDestription	System/Library/Frameworks/Security.framework/Security.tbd
_SFAnalyticsEventTime	System/Library/Frameworks/Security.framework/Security.tbd
_SFAnalyticsEventType	System/Library/Frameworks/Security.framework/Security.tbd
_SFAnalyticsEventTypeErrorEvent	System/Library/Frameworks/Security.framework/Security.tbd
_SFAnalyticsFireSamplersNotification	System/Library/Frameworks/Security.framework/Security.tbd
_SFAnalyticsMaxEventsToReport	System/Library/Frameworks/Security.framework/Security.tbd
_SFAnalyticsPostTime	System/Library/Frameworks/Security.framework/Security.tbd
_SFAnalyticsSamplerIntervalOncePerReport	System/Library/Frameworks/Security.framework/Security.tbd
_SFAnalyticsTableHardFailures	System/Library/Frameworks/Security.framework/Security.tbd
_SFAnalyticsTableNotes	System/Library/Frameworks/Security.framework/Security.tbd
_SFAnalyticsTableRockwell	System/Library/Frameworks/Security.framework/Security.tbd
_SFAnalyticsTableSamples	System/Library/Frameworks/Security.framework/Security.tbd
_SFAnalyticsTableSchema	System/Library/Frameworks/Security.framework/Security.tbd
_SFAnalyticsTableSoftFailures	System/Library/Frameworks/Security.framework/Security.tbd
_SFAnalyticsTableSuccessCount	System/Library/Frameworks/Security.framework/Security.tbd
_SFAnalyticsTopicCloudServices	System/Library/Frameworks/Security.framework/Security.tbd
_SFAnalyticsTopicKeySync	System/Library/Frameworks/Security.framework/Security.tbd
_SFAnalyticsTopicNetworking	System/Library/Frameworks/Security.framework/Security.tbd
_SFAnalyticsTopicSWTransparency	System/Library/Frameworks/Security.framework/Security.tbd
_SFAnalyticsTopicTransparency	System/Library/Frameworks/Security.framework/Security.tbd
_SFAnalyticsTopicTrust	System/Library/Frameworks/Security.framework/Security.tbd
_SFAnalyticsUserDefaultsSuite	System/Library/Frameworks/Security.framework/Security.tbd
_SFSQLiteJournalSuffixes	System/Library/Frameworks/Security.framework/Security.tbd
_SOSBKSBKeyIsInKeyBag	System/Library/Frameworks/Security.framework/Security.tbd
_SOSBKSBPeerBackupKeyIsInKeyBag	System/Library/Frameworks/Security.framework/Security.tbd
_SOSBKSBPrefixedKeyIsInKeyBag	System/Library/Frameworks/Security.framework/Security.tbd
_SOSBSKBAllPeersBackupKeysAreInKeyBag	System/Library/Frameworks/Security.framework/Security.tbd
_SOSBSKBCopyAKSBag	System/Library/Frameworks/Security.framework/Security.tbd
_SOSBSKBCopyEncoded	System/Library/Frameworks/Security.framework/Security.tbd
_SOSBSKBCopyRecoveryKey	System/Library/Frameworks/Security.framework/Security.tbd
_SOSBSKBCountPeers	System/Library/Frameworks/Security.framework/Security.tbd
_SOSBSKBGetPeers	System/Library/Frameworks/Security.framework/Security.tbd
_SOSBSKBHasRecoveryKey	System/Library/Frameworks/Security.framework/Security.tbd
_SOSBSKBHasThisRecoveryKey	System/Library/Frameworks/Security.framework/Security.tbd
_SOSBSKBIsDirect	System/Library/Frameworks/Security.framework/Security.tbd
_SOSBSKBIsGoodBackupPublic	System/Library/Frameworks/Security.framework/Security.tbd
_SOSBSKBLoadAndUnlockWithDirectSecret	System/Library/Frameworks/Security.framework/Security.tbd
_SOSBSKBLoadAndUnlockWithPeerIDAndSecret	System/Library/Frameworks/Security.framework/Security.tbd
_SOSBSKBLoadAndUnlockWithPeerSecret	System/Library/Frameworks/Security.framework/Security.tbd
_SOSBSKBLoadAndUnlockWithWrappingSecret	System/Library/Frameworks/Security.framework/Security.tbd
_SOSBSKBLoadLocked	System/Library/Frameworks/Security.framework/Security.tbd
_SOSBSKBPeerIsInKeyBag	System/Library/Frameworks/Security.framework/Security.tbd
_SOSBSKBRemoveRecoveryKey	System/Library/Frameworks/Security.framework/Security.tbd
_SOSBackupSliceKeyBagCreate	System/Library/Frameworks/Security.framework/Security.tbd
_SOSBackupSliceKeyBagCreateDirect	System/Library/Frameworks/Security.framework/Security.tbd
_SOSBackupSliceKeyBagCreateFromData	System/Library/Frameworks/Security.framework/Security.tbd
_SOSBackupSliceKeyBagCreateWithAdditionalKeys	System/Library/Frameworks/Security.framework/Security.tbd
_SOSCCAcceptApplicants	System/Library/Frameworks/Security.framework/Security.tbd
_SOSCCAccountGetKeyCircleGeneration	System/Library/Frameworks/Security.framework/Security.tbd
_SOSCCAccountGetPublicKey	System/Library/Frameworks/Security.framework/Security.tbd
_SOSCCAccountHasPublicKey	System/Library/Frameworks/Security.framework/Security.tbd
_SOSCCAccountSetToNew	System/Library/Frameworks/Security.framework/Security.tbd
_SOSCCBailFromCircle_BestEffort	System/Library/Frameworks/Security.framework/Security.tbd
_SOSCCCanAuthenticate	System/Library/Frameworks/Security.framework/Security.tbd
_SOSCCCircleHash	System/Library/Frameworks/Security.framework/Security.tbd
_SOSCCCleanupKVSKeys	System/Library/Frameworks/Security.framework/Security.tbd
_SOSCCCopyApplicantPeerInfo	System/Library/Frameworks/Security.framework/Security.tbd
_SOSCCCopyApplication	System/Library/Frameworks/Security.framework/Security.tbd
_SOSCCCopyCircleJoiningBlob	System/Library/Frameworks/Security.framework/Security.tbd
_SOSCCCopyConcurringPeerPeerInfo	System/Library/Frameworks/Security.framework/Security.tbd
_SOSCCCopyGenerationPeerInfo	System/Library/Frameworks/Security.framework/Security.tbd
_SOSCCCopyInitialSyncData	System/Library/Frameworks/Security.framework/Security.tbd
_SOSCCCopyMyPeerInfo	System/Library/Frameworks/Security.framework/Security.tbd
_SOSCCCopyMyPeerWithNewDeviceRecoverySecret	System/Library/Frameworks/Security.framework/Security.tbd
_SOSCCCopyNotValidPeerPeerInfo	System/Library/Frameworks/Security.framework/Security.tbd
_SOSCCCopyPeerPeerInfo	System/Library/Frameworks/Security.framework/Security.tbd
_SOSCCCopyRecoveryPublicKey	System/Library/Frameworks/Security.framework/Security.tbd
_SOSCCCopyRetirementPeerInfo	System/Library/Frameworks/Security.framework/Security.tbd
_SOSCCCopyValidPeerPeerInfo	System/Library/Frameworks/Security.framework/Security.tbd
_SOSCCCopyViewUnawarePeerInfo	System/Library/Frameworks/Security.framework/Security.tbd
_SOSCCCredentialQueue	System/Library/Frameworks/Security.framework/Security.tbd
_SOSCCFetchCompatibilityMode	System/Library/Frameworks/Security.framework/Security.tbd
_SOSCCFetchCompatibilityModeCachedValue	System/Library/Frameworks/Security.framework/Security.tbd
_SOSCCForEachEngineStateAsString	System/Library/Frameworks/Security.framework/Security.tbd
_SOSCCForEachEngineStateAsStringFromArray	System/Library/Frameworks/Security.framework/Security.tbd
_SOSCCGetLastDepartureReason	System/Library/Frameworks/Security.framework/Security.tbd
_SOSCCGetStatusDescription	System/Library/Frameworks/Security.framework/Security.tbd
_SOSCCGetViewResultDescription	System/Library/Frameworks/Security.framework/Security.tbd
_SOSCCGhostBust	System/Library/Frameworks/Security.framework/Security.tbd
_SOSCCGhostBustInfo	System/Library/Frameworks/Security.framework/Security.tbd
_SOSCCGhostBustTriggerTimed	System/Library/Frameworks/Security.framework/Security.tbd
_SOSCCIsAppleTVSyncing	System/Library/Frameworks/Security.framework/Security.tbd
_SOSCCIsContinuityUnlockSyncing	System/Library/Frameworks/Security.framework/Security.tbd
_SOSCCIsHomeKitSyncing	System/Library/Frameworks/Security.framework/Security.tbd
_SOSCCIsIcloudKeychainSyncing	System/Library/Frameworks/Security.framework/Security.tbd
_SOSCCIsSOSTrustAndSyncingEnabled	System/Library/Frameworks/Security.framework/Security.tbd
_SOSCCIsSOSTrustAndSyncingEnabledCachedValue	System/Library/Frameworks/Security.framework/Security.tbd
_SOSCCIsSafariSyncing	System/Library/Frameworks/Security.framework/Security.tbd
_SOSCCIsWiFiSyncing	System/Library/Frameworks/Security.framework/Security.tbd
_SOSCCJoinWithCircleJoiningBlob	System/Library/Frameworks/Security.framework/Security.tbd
_SOSCCLoggedIntoAccount	System/Library/Frameworks/Security.framework/Security.tbd
_SOSCCLoggedOutOfAccount	System/Library/Frameworks/Security.framework/Security.tbd
_SOSCCMessageFromPeerIsPending	System/Library/Frameworks/Security.framework/Security.tbd
_SOSCCPeersHaveViewsEnabled	System/Library/Frameworks/Security.framework/Security.tbd
_SOSCCProcessEnsurePeerRegistration	System/Library/Frameworks/Security.framework/Security.tbd
_SOSCCProcessSyncWithAllPeers	System/Library/Frameworks/Security.framework/Security.tbd
_SOSCCProcessSyncWithPeers	System/Library/Frameworks/Security.framework/Security.tbd
_SOSCCPurgeUserCredentials	System/Library/Frameworks/Security.framework/Security.tbd
_SOSCCPushResetCircle	System/Library/Frameworks/Security.framework/Security.tbd
_SOSCCRegisterRecoveryPublicKey	System/Library/Frameworks/Security.framework/Security.tbd
_SOSCCRegisterSingleRecoverySecret	System/Library/Frameworks/Security.framework/Security.tbd
_SOSCCRegisterUserCredentials	System/Library/Frameworks/Security.framework/Security.tbd
_SOSCCRejectApplicants	System/Library/Frameworks/Security.framework/Security.tbd
_SOSCCRemovePeersFromCircle	System/Library/Frameworks/Security.framework/Security.tbd
_SOSCCRemoveThisDeviceFromCircle	System/Library/Frameworks/Security.framework/Security.tbd
_SOSCCRequestToJoinCircle	System/Library/Frameworks/Security.framework/Security.tbd
_SOSCCRequestToJoinCircleAfterRestore	System/Library/Frameworks/Security.framework/Security.tbd
_SOSCCResetToEmpty	System/Library/Frameworks/Security.framework/Security.tbd
_SOSCCResetToOffering	System/Library/Frameworks/Security.framework/Security.tbd
_SOSCCSendToPeerIsPending	System/Library/Frameworks/Security.framework/Security.tbd
_SOSCCSetCompatibilityMode	System/Library/Frameworks/Security.framework/Security.tbd
_SOSCCSetLastDepartureReason	System/Library/Frameworks/Security.framework/Security.tbd
_SOSCCSetSOSDisabledError	System/Library/Frameworks/Security.framework/Security.tbd
_SOSCCSetUserCredentials	System/Library/Frameworks/Security.framework/Security.tbd
_SOSCCSetUserCredentialsAndDSID	System/Library/Frameworks/Security.framework/Security.tbd
_SOSCCThisDeviceIsInCircle	System/Library/Frameworks/Security.framework/Security.tbd
_SOSCCThisDeviceIsInCircleNonCached	System/Library/Frameworks/Security.framework/Security.tbd
_SOSCCTryUserCredentials	System/Library/Frameworks/Security.framework/Security.tbd
_SOSCCTryUserCredentialsAndDSID	System/Library/Frameworks/Security.framework/Security.tbd
_SOSCCValidateUserPublic	System/Library/Frameworks/Security.framework/Security.tbd
_SOSCCView	System/Library/Frameworks/Security.framework/Security.tbd
_SOSCCViewSet	System/Library/Frameworks/Security.framework/Security.tbd
_SOSCCWaitForInitialSync	System/Library/Frameworks/Security.framework/Security.tbd
_SOSCachedNotificationOperation	System/Library/Frameworks/Security.framework/Security.tbd
_SOSCachedViewBitmask	System/Library/Frameworks/Security.framework/Security.tbd
_SOSCircleAcceptPeerFromHSA2	System/Library/Frameworks/Security.framework/Security.tbd
_SOSCircleAcceptRequest	System/Library/Frameworks/Security.framework/Security.tbd
_SOSCircleAcceptRequests	System/Library/Frameworks/Security.framework/Security.tbd
_SOSCircleAppendConcurringPeers	System/Library/Frameworks/Security.framework/Security.tbd
_SOSCircleConcordanceSign	System/Library/Frameworks/Security.framework/Security.tbd
_SOSCircleConcordanceTrust	System/Library/Frameworks/Security.framework/Security.tbd
_SOSCircleCopyAllSignatures	System/Library/Frameworks/Security.framework/Security.tbd
_SOSCircleCopyApplicants	System/Library/Frameworks/Security.framework/Security.tbd
_SOSCircleCopyBackupCapablePeersForView	System/Library/Frameworks/Security.framework/Security.tbd
_SOSCircleCopyCircle	System/Library/Frameworks/Security.framework/Security.tbd
_SOSCircleCopyConcurringPeers	System/Library/Frameworks/Security.framework/Security.tbd
_SOSCircleCopyEncodedData	System/Library/Frameworks/Security.framework/Security.tbd
_SOSCircleCopyHashString	System/Library/Frameworks/Security.framework/Security.tbd
_SOSCircleCopyNextGenSignatureWithPeerAdded	System/Library/Frameworks/Security.framework/Security.tbd
_SOSCircleCopyPeerWithID	System/Library/Frameworks/Security.framework/Security.tbd
_SOSCircleCopyPeers	System/Library/Frameworks/Security.framework/Security.tbd
_SOSCircleCopyRejectedApplicant	System/Library/Frameworks/Security.framework/Security.tbd
_SOSCircleCopyRejectedApplicants	System/Library/Frameworks/Security.framework/Security.tbd
_SOSCircleCopyStateString	System/Library/Frameworks/Security.framework/Security.tbd
_SOSCircleCopyiCloudFullPeerInfoRef	System/Library/Frameworks/Security.framework/Security.tbd
_SOSCircleCopyiCloudFullPeerInfoVerifier	System/Library/Frameworks/Security.framework/Security.tbd
_SOSCircleCountActivePeers	System/Library/Frameworks/Security.framework/Security.tbd
_SOSCircleCountActiveValidPeers	System/Library/Frameworks/Security.framework/Security.tbd
_SOSCircleCountApplicants	System/Library/Frameworks/Security.framework/Security.tbd
_SOSCircleCountPeers	System/Library/Frameworks/Security.framework/Security.tbd
_SOSCircleCountRejectedApplicants	System/Library/Frameworks/Security.framework/Security.tbd
_SOSCircleCountRetiredPeers	System/Library/Frameworks/Security.framework/Security.tbd
_SOSCircleCountValidSyncingPeers	System/Library/Frameworks/Security.framework/Security.tbd
_SOSCircleCreate	System/Library/Frameworks/Security.framework/Security.tbd
_SOSCircleCreateFromDER	System/Library/Frameworks/Security.framework/Security.tbd
_SOSCircleCreateFromData	System/Library/Frameworks/Security.framework/Security.tbd
_SOSCircleCreateIncompatibleCircleDER	System/Library/Frameworks/Security.framework/Security.tbd
_SOSCircleEncodeToDER	System/Library/Frameworks/Security.framework/Security.tbd
_SOSCircleForEachActivePeer	System/Library/Frameworks/Security.framework/Security.tbd
_SOSCircleForEachActiveValidPeer	System/Library/Frameworks/Security.framework/Security.tbd
_SOSCircleForEachApplicant	System/Library/Frameworks/Security.framework/Security.tbd
_SOSCircleForEachBackupCapablePeerForView	System/Library/Frameworks/Security.framework/Security.tbd
_SOSCircleForEachPeer	System/Library/Frameworks/Security.framework/Security.tbd
_SOSCircleForEachRejectedApplicant	System/Library/Frameworks/Security.framework/Security.tbd
_SOSCircleForEachRetiredPeer	System/Library/Frameworks/Security.framework/Security.tbd
_SOSCircleForEachValidPeer	System/Library/Frameworks/Security.framework/Security.tbd
_SOSCircleForEachValidSyncingPeer	System/Library/Frameworks/Security.framework/Security.tbd
_SOSCircleForEachiCloudIdentityPeer	System/Library/Frameworks/Security.framework/Security.tbd
_SOSCircleGenerationIncrement	System/Library/Frameworks/Security.framework/Security.tbd
_SOSCircleGenerationSetValue	System/Library/Frameworks/Security.framework/Security.tbd
_SOSCircleGenerationSign	System/Library/Frameworks/Security.framework/Security.tbd
_SOSCircleGetDEREncodedSize	System/Library/Frameworks/Security.framework/Security.tbd
_SOSCircleGetGeneration	System/Library/Frameworks/Security.framework/Security.tbd
_SOSCircleGetGenerationSint	System/Library/Frameworks/Security.framework/Security.tbd
_SOSCircleGetName	System/Library/Frameworks/Security.framework/Security.tbd
_SOSCircleGetNameC	System/Library/Frameworks/Security.framework/Security.tbd
_SOSCircleGetSignature	System/Library/Frameworks/Security.framework/Security.tbd
_SOSCircleGetTypeID	System/Library/Frameworks/Security.framework/Security.tbd
_SOSCircleHasActivePeer	System/Library/Frameworks/Security.framework/Security.tbd
_SOSCircleHasActivePeerWithID	System/Library/Frameworks/Security.framework/Security.tbd
_SOSCircleHasActiveValidPeer	System/Library/Frameworks/Security.framework/Security.tbd
_SOSCircleHasActiveValidPeerWithID	System/Library/Frameworks/Security.framework/Security.tbd
_SOSCircleHasApplicant	System/Library/Frameworks/Security.framework/Security.tbd
_SOSCircleHasPeer	System/Library/Frameworks/Security.framework/Security.tbd
_SOSCircleHasPeerWithID	System/Library/Frameworks/Security.framework/Security.tbd
_SOSCircleHasRejectedApplicant	System/Library/Frameworks/Security.framework/Security.tbd
_SOSCircleHasValidSyncingPeer	System/Library/Frameworks/Security.framework/Security.tbd
_SOSCircleIsLegacy	System/Library/Frameworks/Security.framework/Security.tbd
_SOSCircleIsOlderGeneration	System/Library/Frameworks/Security.framework/Security.tbd
_SOSCircleKeyCopyCircleName	System/Library/Frameworks/Security.framework/Security.tbd
_SOSCircleKeyCreateWithCircle	System/Library/Frameworks/Security.framework/Security.tbd
_SOSCircleKeyCreateWithName	System/Library/Frameworks/Security.framework/Security.tbd
_SOSCircleLogState	System/Library/Frameworks/Security.framework/Security.tbd
_SOSCirclePeerInfoCopyStateString	System/Library/Frameworks/Security.framework/Security.tbd
_SOSCirclePeerSigUpdate	System/Library/Frameworks/Security.framework/Security.tbd
_SOSCirclePreGenerationSign	System/Library/Frameworks/Security.framework/Security.tbd
_SOSCircleRejectRequest	System/Library/Frameworks/Security.framework/Security.tbd
_SOSCircleRemovePeer	System/Library/Frameworks/Security.framework/Security.tbd
_SOSCircleRemovePeers	System/Library/Frameworks/Security.framework/Security.tbd
_SOSCircleRemovePeersByID	System/Library/Frameworks/Security.framework/Security.tbd
_SOSCircleRemovePeersByIDUnsigned	System/Library/Frameworks/Security.framework/Security.tbd
_SOSCircleRemoveRejectedPeer	System/Library/Frameworks/Security.framework/Security.tbd
_SOSCircleRemoveRetired	System/Library/Frameworks/Security.framework/Security.tbd
_SOSCircleRequestAdmission	System/Library/Frameworks/Security.framework/Security.tbd
_SOSCircleRequestReadmission	System/Library/Frameworks/Security.framework/Security.tbd
_SOSCircleResetToEmpty	System/Library/Frameworks/Security.framework/Security.tbd
_SOSCircleResetToEmptyWithSameGeneration	System/Library/Frameworks/Security.framework/Security.tbd
_SOSCircleResetToOffering	System/Library/Frameworks/Security.framework/Security.tbd
_SOSCircleSetGeneration	System/Library/Frameworks/Security.framework/Security.tbd
_SOSCircleSetSignature	System/Library/Frameworks/Security.framework/Security.tbd
_SOSCircleSharedTrustedPeers	System/Library/Frameworks/Security.framework/Security.tbd
_SOSCircleSign	System/Library/Frameworks/Security.framework/Security.tbd
_SOSCircleSignOldStyleResetToOfferingCircle	System/Library/Frameworks/Security.framework/Security.tbd
_SOSCircleUpdatePeerInfo	System/Library/Frameworks/Security.framework/Security.tbd
_SOSCircleVerify	System/Library/Frameworks/Security.framework/Security.tbd
_SOSCircleVerifyPeerSignatureExists	System/Library/Frameworks/Security.framework/Security.tbd
_SOSCircleVerifyPeerSigned	System/Library/Frameworks/Security.framework/Security.tbd
_SOSCircleVerifySignatureExists	System/Library/Frameworks/Security.framework/Security.tbd
_SOSCircleWithdrawRequest	System/Library/Frameworks/Security.framework/Security.tbd
_SOSCloudCopyKVSState	System/Library/Frameworks/Security.framework/Security.tbd
_SOSCloudKeychainClearAll	System/Library/Frameworks/Security.framework/Security.tbd
_SOSCloudKeychainFlush	System/Library/Frameworks/Security.framework/Security.tbd
_SOSCloudKeychainGetAllObjectsFromCloud	System/Library/Frameworks/Security.framework/Security.tbd
_SOSCloudKeychainGetObjectsFromCloud	System/Library/Frameworks/Security.framework/Security.tbd
_SOSCloudKeychainHandleUpdateMessage	System/Library/Frameworks/Security.framework/Security.tbd
_SOSCloudKeychainHasPendingKey	System/Library/Frameworks/Security.framework/Security.tbd
_SOSCloudKeychainPutObjectsInCloud	System/Library/Frameworks/Security.framework/Security.tbd
_SOSCloudKeychainRemoveKeys	System/Library/Frameworks/Security.framework/Security.tbd
_SOSCloudKeychainRequestEnsurePeerRegistration	System/Library/Frameworks/Security.framework/Security.tbd
_SOSCloudKeychainRequestPerfCounters	System/Library/Frameworks/Security.framework/Security.tbd
_SOSCloudKeychainRequestSyncWithPeers	System/Library/Frameworks/Security.framework/Security.tbd
_SOSCloudKeychainSetItemsChangedBlock	System/Library/Frameworks/Security.framework/Security.tbd
_SOSCloudKeychainSynchronize	System/Library/Frameworks/Security.framework/Security.tbd
_SOSCloudKeychainSynchronizeAndWait	System/Library/Frameworks/Security.framework/Security.tbd
_SOSCloudKeychainUpdateKeys	System/Library/Frameworks/Security.framework/Security.tbd
_SOSCloudTransportSetDefaultTransport	System/Library/Frameworks/Security.framework/Security.tbd
_SOSCompatibilityModeEnabled	System/Library/Frameworks/Security.framework/Security.tbd
_SOSCopyDeviceBackupPublicKey	System/Library/Frameworks/Security.framework/Security.tbd
_SOSCopyECUnwrappedData	System/Library/Frameworks/Security.framework/Security.tbd
_SOSCopyECWrappedData	System/Library/Frameworks/Security.framework/Security.tbd
_SOSCopyHashBufAsString	System/Library/Frameworks/Security.framework/Security.tbd
_SOSCopyIDOfDataBuffer	System/Library/Frameworks/Security.framework/Security.tbd
_SOSCopyIDOfDataBufferWithLength	System/Library/Frameworks/Security.framework/Security.tbd
_SOSCopyIDOfKey	System/Library/Frameworks/Security.framework/Security.tbd
_SOSCopyIDOfKeyWithLength	System/Library/Frameworks/Security.framework/Security.tbd
_SOSCreateCachedViewStatus	System/Library/Frameworks/Security.framework/Security.tbd
_SOSCreateError	System/Library/Frameworks/Security.framework/Security.tbd
_SOSCreateErrorWithFormat	System/Library/Frameworks/Security.framework/Security.tbd
_SOSCreateErrorWithFormatAndArguments	System/Library/Frameworks/Security.framework/Security.tbd
_SOSCreateRandomDateBetweenNowPlus	System/Library/Frameworks/Security.framework/Security.tbd
_SOSDateCreate	System/Library/Frameworks/Security.framework/Security.tbd
_SOSDebugInfoKeyCreateWithTypeName	System/Library/Frameworks/Security.framework/Security.tbd
_SOSDoWithCredentialsWhileUnlocked	System/Library/Frameworks/Security.framework/Security.tbd
_SOSErrorCreate	System/Library/Frameworks/Security.framework/Security.tbd
_SOSFullPeerInfoCopyDeviceKey	System/Library/Frameworks/Security.framework/Security.tbd
_SOSFullPeerInfoCopyEncodedData	System/Library/Frameworks/Security.framework/Security.tbd
_SOSFullPeerInfoCopyFullPeerInfo	System/Library/Frameworks/Security.framework/Security.tbd
_SOSFullPeerInfoCopyOctagonEncryptionKey	System/Library/Frameworks/Security.framework/Security.tbd
_SOSFullPeerInfoCopyOctagonPublicEncryptionKey	System/Library/Frameworks/Security.framework/Security.tbd
_SOSFullPeerInfoCopyOctagonPublicSigningKey	System/Library/Frameworks/Security.framework/Security.tbd
_SOSFullPeerInfoCopyOctagonSigningKey	System/Library/Frameworks/Security.framework/Security.tbd
_SOSFullPeerInfoCopyPubKey	System/Library/Frameworks/Security.framework/Security.tbd
_SOSFullPeerInfoCreate	System/Library/Frameworks/Security.framework/Security.tbd
_SOSFullPeerInfoCreateCloudIdentity	System/Library/Frameworks/Security.framework/Security.tbd
_SOSFullPeerInfoCreateFromDER	System/Library/Frameworks/Security.framework/Security.tbd
_SOSFullPeerInfoCreateFromData	System/Library/Frameworks/Security.framework/Security.tbd
_SOSFullPeerInfoCreateWithViews	System/Library/Frameworks/Security.framework/Security.tbd
_SOSFullPeerInfoEncodeToDER	System/Library/Frameworks/Security.framework/Security.tbd
_SOSFullPeerInfoGetDEREncodedSize	System/Library/Frameworks/Security.framework/Security.tbd
_SOSFullPeerInfoGetPeerInfo	System/Library/Frameworks/Security.framework/Security.tbd
_SOSFullPeerInfoPing	System/Library/Frameworks/Security.framework/Security.tbd
_SOSFullPeerInfoPrivKeyExists	System/Library/Frameworks/Security.framework/Security.tbd
_SOSFullPeerInfoPromoteToApplication	System/Library/Frameworks/Security.framework/Security.tbd
_SOSFullPeerInfoPromoteToRetiredAndCopy	System/Library/Frameworks/Security.framework/Security.tbd
_SOSFullPeerInfoPurgePersistentKey	System/Library/Frameworks/Security.framework/Security.tbd
_SOSFullPeerInfoReplaceEscrowRecords	System/Library/Frameworks/Security.framework/Security.tbd
_SOSFullPeerInfoSetCKKS4AllSupport	System/Library/Frameworks/Security.framework/Security.tbd
_SOSFullPeerInfoUpdate	System/Library/Frameworks/Security.framework/Security.tbd
_SOSFullPeerInfoUpdateBackupKey	System/Library/Frameworks/Security.framework/Security.tbd
_SOSFullPeerInfoUpdateGestalt	System/Library/Frameworks/Security.framework/Security.tbd
_SOSFullPeerInfoUpdateOctagonEncryptionKey	System/Library/Frameworks/Security.framework/Security.tbd
_SOSFullPeerInfoUpdateOctagonKeys	System/Library/Frameworks/Security.framework/Security.tbd
_SOSFullPeerInfoUpdateOctagonSigningKey	System/Library/Frameworks/Security.framework/Security.tbd
_SOSFullPeerInfoUpdateToCurrent	System/Library/Frameworks/Security.framework/Security.tbd
_SOSFullPeerInfoUpdateToThisPeer	System/Library/Frameworks/Security.framework/Security.tbd
_SOSFullPeerInfoUpdateV2Dictionary	System/Library/Frameworks/Security.framework/Security.tbd
_SOSFullPeerInfoUpdateViews	System/Library/Frameworks/Security.framework/Security.tbd
_SOSFullPeerInfoUpgradeSignatures	System/Library/Frameworks/Security.framework/Security.tbd
_SOSFullPeerInfoValidate	System/Library/Frameworks/Security.framework/Security.tbd
_SOSFullPeerInfoViewStatus	System/Library/Frameworks/Security.framework/Security.tbd
_SOSGenCountCreateFromDER	System/Library/Frameworks/Security.framework/Security.tbd
_SOSGenCountEncodeToDER	System/Library/Frameworks/Security.framework/Security.tbd
_SOSGenCountGetDEREncodedSize	System/Library/Frameworks/Security.framework/Security.tbd
_SOSGenerateDeviceBackupFullKey	System/Library/Frameworks/Security.framework/Security.tbd
_SOSGenerationCopy	System/Library/Frameworks/Security.framework/Security.tbd
_SOSGenerationCountCopyDescription	System/Library/Frameworks/Security.framework/Security.tbd
_SOSGenerationCountWithDescription	System/Library/Frameworks/Security.framework/Security.tbd
_SOSGenerationCreate	System/Library/Frameworks/Security.framework/Security.tbd
_SOSGenerationCreateWithBaseline	System/Library/Frameworks/Security.framework/Security.tbd
_SOSGenerationCreateWithValue	System/Library/Frameworks/Security.framework/Security.tbd
_SOSGenerationIncrementAndCreate	System/Library/Frameworks/Security.framework/Security.tbd
_SOSGenerationIsOlder	System/Library/Frameworks/Security.framework/Security.tbd
_SOSGestaltSerial	System/Library/Frameworks/Security.framework/Security.tbd
_SOSGetBackupKeyCurveParameters	System/Library/Frameworks/Security.framework/Security.tbd
_SOSGetCachedCircleBitmask	System/Library/Frameworks/Security.framework/Security.tbd
_SOSGetCachedCircleStatus	System/Library/Frameworks/Security.framework/Security.tbd
_SOSGetGenerationSint	System/Library/Frameworks/Security.framework/Security.tbd
_SOSItemsChangedCopyDescription	System/Library/Frameworks/Security.framework/Security.tbd
_SOSKVSKeyGetKeyType	System/Library/Frameworks/Security.framework/Security.tbd
_SOSKVSKeyGetKeyTypeAndParse	System/Library/Frameworks/Security.framework/Security.tbd
_SOSKVSKeyParse	System/Library/Frameworks/Security.framework/Security.tbd
_SOSLastKeyParametersPushedKeyCreateWithAccountGestalt	System/Library/Frameworks/Security.framework/Security.tbd
_SOSLastKeyParametersPushedKeyCreateWithPeerID	System/Library/Frameworks/Security.framework/Security.tbd
_SOSMessageKeyCopyCircleName	System/Library/Frameworks/Security.framework/Security.tbd
_SOSMessageKeyCopyFromPeerName	System/Library/Frameworks/Security.framework/Security.tbd
_SOSMessageKeyCreateFromPeerToTransport	System/Library/Frameworks/Security.framework/Security.tbd
_SOSMessageKeyCreateFromTransportToPeer	System/Library/Frameworks/Security.framework/Security.tbd
_SOSMessageKeyCreateWithCircleAndPeerInfos	System/Library/Frameworks/Security.framework/Security.tbd
_SOSMessageKeyCreateWithCircleAndPeerNames	System/Library/Frameworks/Security.framework/Security.tbd
_SOSMessageKeyCreateWithCircleNameAndPeerNames	System/Library/Frameworks/Security.framework/Security.tbd
_SOSOTRSRoll	System/Library/Frameworks/Security.framework/Security.tbd
_SOSPeerGestaltGetAnswer	System/Library/Frameworks/Security.framework/Security.tbd
_SOSPeerGestaltGetName	System/Library/Frameworks/Security.framework/Security.tbd
_SOSPeerGetGestalt	System/Library/Frameworks/Security.framework/Security.tbd
_SOSPeerInfoApplicationVerify	System/Library/Frameworks/Security.framework/Security.tbd
_SOSPeerInfoArrayCreateFromDER	System/Library/Frameworks/Security.framework/Security.tbd
_SOSPeerInfoArrayEncodeToDER	System/Library/Frameworks/Security.framework/Security.tbd
_SOSPeerInfoArrayGetDEREncodedSize	System/Library/Frameworks/Security.framework/Security.tbd
_SOSPeerInfoCompareByApplicationDate	System/Library/Frameworks/Security.framework/Security.tbd
_SOSPeerInfoCompareByID	System/Library/Frameworks/Security.framework/Security.tbd
_SOSPeerInfoCopyAsApplication	System/Library/Frameworks/Security.framework/Security.tbd
_SOSPeerInfoCopyBackupKey	System/Library/Frameworks/Security.framework/Security.tbd
_SOSPeerInfoCopyData	System/Library/Frameworks/Security.framework/Security.tbd
_SOSPeerInfoCopyDeviceID	System/Library/Frameworks/Security.framework/Security.tbd
_SOSPeerInfoCopyEnabledViews	System/Library/Frameworks/Security.framework/Security.tbd
_SOSPeerInfoCopyEncodedData	System/Library/Frameworks/Security.framework/Security.tbd
_SOSPeerInfoCopyOctagonEncryptionPublicKey	System/Library/Frameworks/Security.framework/Security.tbd
_SOSPeerInfoCopyOctagonSigningPublicKey	System/Library/Frameworks/Security.framework/Security.tbd
_SOSPeerInfoCopyPeerGestalt	System/Library/Frameworks/Security.framework/Security.tbd
_SOSPeerInfoCopyPubKey	System/Library/Frameworks/Security.framework/Security.tbd
_SOSPeerInfoCopySerialNumber	System/Library/Frameworks/Security.framework/Security.tbd
_SOSPeerInfoCopyStateString	System/Library/Frameworks/Security.framework/Security.tbd
_SOSPeerInfoCopyTransportType	System/Library/Frameworks/Security.framework/Security.tbd
_SOSPeerInfoCopyWithBackupKeyUpdate	System/Library/Frameworks/Security.framework/Security.tbd
_SOSPeerInfoCopyWithGestaltUpdate	System/Library/Frameworks/Security.framework/Security.tbd
_SOSPeerInfoCopyWithPing	System/Library/Frameworks/Security.framework/Security.tbd
_SOSPeerInfoCopyWithReplacedEscrowRecords	System/Library/Frameworks/Security.framework/Security.tbd
_SOSPeerInfoCopyWithV2DictionaryUpdate	System/Library/Frameworks/Security.framework/Security.tbd
_SOSPeerInfoCopyWithViewsChange	System/Library/Frameworks/Security.framework/Security.tbd
_SOSPeerInfoCreate	System/Library/Frameworks/Security.framework/Security.tbd
_SOSPeerInfoCreateCloudIdentity	System/Library/Frameworks/Security.framework/Security.tbd
_SOSPeerInfoCreateCopy	System/Library/Frameworks/Security.framework/Security.tbd
_SOSPeerInfoCreateCurrentCopy	System/Library/Frameworks/Security.framework/Security.tbd
_SOSPeerInfoCreateFromDER	System/Library/Frameworks/Security.framework/Security.tbd
_SOSPeerInfoCreateFromData	System/Library/Frameworks/Security.framework/Security.tbd
_SOSPeerInfoCreateRetirementTicket	System/Library/Frameworks/Security.framework/Security.tbd
_SOSPeerInfoCreateWithTransportAndViews	System/Library/Frameworks/Security.framework/Security.tbd
_SOSPeerInfoEncodeToDER	System/Library/Frameworks/Security.framework/Security.tbd
_SOSPeerInfoExpandV2Data	System/Library/Frameworks/Security.framework/Security.tbd
_SOSPeerInfoGetApplicationDate	System/Library/Frameworks/Security.framework/Security.tbd
_SOSPeerInfoGetAutoAcceptInfo	System/Library/Frameworks/Security.framework/Security.tbd
_SOSPeerInfoGetClass	System/Library/Frameworks/Security.framework/Security.tbd
_SOSPeerInfoGetDEREncodedSize	System/Library/Frameworks/Security.framework/Security.tbd
_SOSPeerInfoGetPeerDeviceType	System/Library/Frameworks/Security.framework/Security.tbd
_SOSPeerInfoGetPeerID	System/Library/Frameworks/Security.framework/Security.tbd
_SOSPeerInfoGetPeerName	System/Library/Frameworks/Security.framework/Security.tbd
_SOSPeerInfoGetPeerProtocolVersion	System/Library/Frameworks/Security.framework/Security.tbd
_SOSPeerInfoGetPermittedViews	System/Library/Frameworks/Security.framework/Security.tbd
_SOSPeerInfoGetRetirementDate	System/Library/Frameworks/Security.framework/Security.tbd
_SOSPeerInfoGetSPID	System/Library/Frameworks/Security.framework/Security.tbd
_SOSPeerInfoGetTypeID	System/Library/Frameworks/Security.framework/Security.tbd
_SOSPeerInfoGetVersion	System/Library/Frameworks/Security.framework/Security.tbd
_SOSPeerInfoHasBackupKey	System/Library/Frameworks/Security.framework/Security.tbd
_SOSPeerInfoHasUserVisibleViewsEnabled	System/Library/Frameworks/Security.framework/Security.tbd
_SOSPeerInfoInspectRetirementTicket	System/Library/Frameworks/Security.framework/Security.tbd
_SOSPeerInfoIsCloudIdentity	System/Library/Frameworks/Security.framework/Security.tbd
_SOSPeerInfoIsEnabledView	System/Library/Frameworks/Security.framework/Security.tbd
_SOSPeerInfoIsLegacy	System/Library/Frameworks/Security.framework/Security.tbd
_SOSPeerInfoIsRetirementTicket	System/Library/Frameworks/Security.framework/Security.tbd
_SOSPeerInfoIsViewPermitted	System/Library/Frameworks/Security.framework/Security.tbd
_SOSPeerInfoKVSOnly	System/Library/Frameworks/Security.framework/Security.tbd
_SOSPeerInfoLogState	System/Library/Frameworks/Security.framework/Security.tbd
_SOSPeerInfoLookupGestaltValue	System/Library/Frameworks/Security.framework/Security.tbd
_SOSPeerInfoPackV2Data	System/Library/Frameworks/Security.framework/Security.tbd
_SOSPeerInfoPeerIDEqual	System/Library/Frameworks/Security.framework/Security.tbd
_SOSPeerInfoRetireRetirementTicket	System/Library/Frameworks/Security.framework/Security.tbd
_SOSPeerInfoSerialNumberIsSet	System/Library/Frameworks/Security.framework/Security.tbd
_SOSPeerInfoSetContainsIdenticalPeers	System/Library/Frameworks/Security.framework/Security.tbd
_SOSPeerInfoSetCreateFromArrayDER	System/Library/Frameworks/Security.framework/Security.tbd
_SOSPeerInfoSetEncodeToArrayDER	System/Library/Frameworks/Security.framework/Security.tbd
_SOSPeerInfoSetFindByID	System/Library/Frameworks/Security.framework/Security.tbd
_SOSPeerInfoSetGetDEREncodedArraySize	System/Library/Frameworks/Security.framework/Security.tbd
_SOSPeerInfoSetOctagonEncryptionKey	System/Library/Frameworks/Security.framework/Security.tbd
_SOSPeerInfoSetOctagonKeys	System/Library/Frameworks/Security.framework/Security.tbd
_SOSPeerInfoSetOctagonKeysInDescription	System/Library/Frameworks/Security.framework/Security.tbd
_SOSPeerInfoSetOctagonSigningKey	System/Library/Frameworks/Security.framework/Security.tbd
_SOSPeerInfoSetSerialNumber	System/Library/Frameworks/Security.framework/Security.tbd
_SOSPeerInfoSetSupportsCKKSForAll	System/Library/Frameworks/Security.framework/Security.tbd
_SOSPeerInfoSetTestSerialNumber	System/Library/Frameworks/Security.framework/Security.tbd
_SOSPeerInfoSign	System/Library/Frameworks/Security.framework/Security.tbd
_SOSPeerInfoSupportsCKKSForAll	System/Library/Frameworks/Security.framework/Security.tbd
_SOSPeerInfoUpdateDigestWithDescription	System/Library/Frameworks/Security.framework/Security.tbd
_SOSPeerInfoUpdateDigestWithPublicKeyBytes	System/Library/Frameworks/Security.framework/Security.tbd
_SOSPeerInfoUpdateToV2	System/Library/Frameworks/Security.framework/Security.tbd
_SOSPeerInfoUpgradeSignatures	System/Library/Frameworks/Security.framework/Security.tbd
_SOSPeerInfoV0ViewsEnabled	System/Library/Frameworks/Security.framework/Security.tbd
_SOSPeerInfoV2DictionaryCopyBoolean	System/Library/Frameworks/Security.framework/Security.tbd
_SOSPeerInfoV2DictionaryCopyData	System/Library/Frameworks/Security.framework/Security.tbd
_SOSPeerInfoV2DictionaryCopyDictionary	System/Library/Frameworks/Security.framework/Security.tbd
_SOSPeerInfoV2DictionaryCopySet	System/Library/Frameworks/Security.framework/Security.tbd
_SOSPeerInfoV2DictionaryCopyString	System/Library/Frameworks/Security.framework/Security.tbd
_SOSPeerInfoV2DictionaryForEachSetValue	System/Library/Frameworks/Security.framework/Security.tbd
_SOSPeerInfoV2DictionaryHasBoolean	System/Library/Frameworks/Security.framework/Security.tbd
_SOSPeerInfoV2DictionaryHasData	System/Library/Frameworks/Security.framework/Security.tbd
_SOSPeerInfoV2DictionaryHasSet	System/Library/Frameworks/Security.framework/Security.tbd
_SOSPeerInfoV2DictionaryHasSetContaining	System/Library/Frameworks/Security.framework/Security.tbd
_SOSPeerInfoV2DictionaryHasString	System/Library/Frameworks/Security.framework/Security.tbd
_SOSPeerInfoV2DictionaryHasStringValue	System/Library/Frameworks/Security.framework/Security.tbd
_SOSPeerInfoV2DictionaryRemoveValue	System/Library/Frameworks/Security.framework/Security.tbd
_SOSPeerInfoV2DictionarySetValue	System/Library/Frameworks/Security.framework/Security.tbd
_SOSPeerInfoV2DictionaryWithSet	System/Library/Frameworks/Security.framework/Security.tbd
_SOSPeerInfoVersionHasV2Data	System/Library/Frameworks/Security.framework/Security.tbd
_SOSPeerInfoVersionIsCurrent	System/Library/Frameworks/Security.framework/Security.tbd
_SOSPeerInfoViewBitMask	System/Library/Frameworks/Security.framework/Security.tbd
_SOSPeerInfoViewStatus	System/Library/Frameworks/Security.framework/Security.tbd
_SOSPeerInfoWithEnabledViewSet	System/Library/Frameworks/Security.framework/Security.tbd
_SOSPerformWithDeviceBackupFullKey	System/Library/Frameworks/Security.framework/Security.tbd
_SOSPerformWithUnwrappedData	System/Library/Frameworks/Security.framework/Security.tbd
_SOSPiggyBackAddToKeychain	System/Library/Frameworks/Security.framework/Security.tbd
_SOSPiggyBackBlobCopyEncodedData	System/Library/Frameworks/Security.framework/Security.tbd
_SOSPiggyBackBlobCreateFromDER	System/Library/Frameworks/Security.framework/Security.tbd
_SOSPiggyBackBlobCreateFromData	System/Library/Frameworks/Security.framework/Security.tbd
_SOSPiggyCopyInitialSyncData	System/Library/Frameworks/Security.framework/Security.tbd
_SOSRKNullKey	System/Library/Frameworks/Security.framework/Security.tbd
_SOSRetirementKeyCreateWithCircleAndPeer	System/Library/Frameworks/Security.framework/Security.tbd
_SOSRetirementKeyCreateWithCircleNameAndPeer	System/Library/Frameworks/Security.framework/Security.tbd
_SOSRingKeyCreateWithName	System/Library/Frameworks/Security.framework/Security.tbd
_SOSRingKeyCreateWithRingName	System/Library/Frameworks/Security.framework/Security.tbd
_SOSTransportMessageTypeIDSV2	System/Library/Frameworks/Security.framework/Security.tbd
_SOSTransportMessageTypeKVS	System/Library/Frameworks/Security.framework/Security.tbd
_SOSViewBitmaskFromSet	System/Library/Frameworks/Security.framework/Security.tbd
_SOSViewCopyViewSet	System/Library/Frameworks/Security.framework/Security.tbd
_SOSViewCreateSetFromBitmask	System/Library/Frameworks/Security.framework/Security.tbd
_SOSViewHintInCKKSSystem	System/Library/Frameworks/Security.framework/Security.tbd
_SOSViewHintInSOSSystem	System/Library/Frameworks/Security.framework/Security.tbd
_SOSViewInSOSSystem	System/Library/Frameworks/Security.framework/Security.tbd
_SOSViewSetDisable	System/Library/Frameworks/Security.framework/Security.tbd
_SOSViewSetEnable	System/Library/Frameworks/Security.framework/Security.tbd
_SOSViewSetIntersectsV0	System/Library/Frameworks/Security.framework/Security.tbd
_SOSViewsDisable	System/Library/Frameworks/Security.framework/Security.tbd
_SOSViewsEnable	System/Library/Frameworks/Security.framework/Security.tbd
_SOSViewsForEachDefaultEnabledViewName	System/Library/Frameworks/Security.framework/Security.tbd
_SOSViewsGetAllCurrent	System/Library/Frameworks/Security.framework/Security.tbd
_SOSViewsGetUserVisibleSet	System/Library/Frameworks/Security.framework/Security.tbd
_SOSViewsGetV0BackupBagViewSet	System/Library/Frameworks/Security.framework/Security.tbd
_SOSViewsGetV0BackupViewSet	System/Library/Frameworks/Security.framework/Security.tbd
_SOSViewsGetV0SubviewSet	System/Library/Frameworks/Security.framework/Security.tbd
_SOSViewsGetV0ViewSet	System/Library/Frameworks/Security.framework/Security.tbd
_SOSViewsIsV0Subview	System/Library/Frameworks/Security.framework/Security.tbd
_SOSViewsQuery	System/Library/Frameworks/Security.framework/Security.tbd
_SOSViewsSetTestViewsSet	System/Library/Frameworks/Security.framework/Security.tbd
_SOSViewsXlateAction	System/Library/Frameworks/Security.framework/Security.tbd
_SOSVisibleKeychainNotAllowed	System/Library/Frameworks/Security.framework/Security.tbd
_SSLAddDistinguishedName	System/Library/Frameworks/Security.framework/Security.tbd
_SSLCiphersuiteGetName	System/Library/Frameworks/Security.framework/Security.tbd
_SSLCiphersuiteGroupContainsCiphersuite	System/Library/Frameworks/Security.framework/Security.tbd
_SSLCiphersuiteGroupToCiphersuiteList	System/Library/Frameworks/Security.framework/Security.tbd
_SSLCiphersuiteMaximumTLSVersion	System/Library/Frameworks/Security.framework/Security.tbd
_SSLCiphersuiteMinimumTLSVersion	System/Library/Frameworks/Security.framework/Security.tbd
_SSLClose	System/Library/Frameworks/Security.framework/Security.tbd
_SSLContextGetTypeID	System/Library/Frameworks/Security.framework/Security.tbd
_SSLCopyALPNProtocols	System/Library/Frameworks/Security.framework/Security.tbd
_SSLCopyDistinguishedNames	System/Library/Frameworks/Security.framework/Security.tbd
_SSLCopyPeerTrust	System/Library/Frameworks/Security.framework/Security.tbd
_SSLCopyRequestedPeerName	System/Library/Frameworks/Security.framework/Security.tbd
_SSLCopyRequestedPeerNameLength	System/Library/Frameworks/Security.framework/Security.tbd
_SSLCreateContext	System/Library/Frameworks/Security.framework/Security.tbd
_SSLCreateContextWithRecordFuncs	System/Library/Frameworks/Security.framework/Security.tbd
_SSLGetALPNData	System/Library/Frameworks/Security.framework/Security.tbd
_SSLGetAllowAnonymousCiphers	System/Library/Frameworks/Security.framework/Security.tbd
_SSLGetBufferedReadSize	System/Library/Frameworks/Security.framework/Security.tbd
_SSLGetCertificate	System/Library/Frameworks/Security.framework/Security.tbd
_SSLGetCipherSizes	System/Library/Frameworks/Security.framework/Security.tbd
_SSLGetClientAuthTypes	System/Library/Frameworks/Security.framework/Security.tbd
_SSLGetClientCertificateState	System/Library/Frameworks/Security.framework/Security.tbd
_SSLGetClientSideAuthenticate	System/Library/Frameworks/Security.framework/Security.tbd
_SSLGetConnection	System/Library/Frameworks/Security.framework/Security.tbd
_SSLGetDHEEnabled	System/Library/Frameworks/Security.framework/Security.tbd
_SSLGetDatagramWriteSize	System/Library/Frameworks/Security.framework/Security.tbd
_SSLGetECDSACurves	System/Library/Frameworks/Security.framework/Security.tbd
_SSLGetEnabledCiphers	System/Library/Frameworks/Security.framework/Security.tbd
_SSLGetEncryptionCertificate	System/Library/Frameworks/Security.framework/Security.tbd
_SSLGetMaxDatagramRecordSize	System/Library/Frameworks/Security.framework/Security.tbd
_SSLGetMinimumDHGroupSize	System/Library/Frameworks/Security.framework/Security.tbd
_SSLGetNPNData	System/Library/Frameworks/Security.framework/Security.tbd
_SSLGetNegotiatedCipher	System/Library/Frameworks/Security.framework/Security.tbd
_SSLGetNegotiatedClientAuthType	System/Library/Frameworks/Security.framework/Security.tbd
_SSLGetNegotiatedCurve	System/Library/Frameworks/Security.framework/Security.tbd
_SSLGetNegotiatedProtocolVersion	System/Library/Frameworks/Security.framework/Security.tbd
_SSLGetNumberEnabledCiphers	System/Library/Frameworks/Security.framework/Security.tbd
_SSLGetNumberOfClientAuthTypes	System/Library/Frameworks/Security.framework/Security.tbd
_SSLGetNumberOfECDSACurves	System/Library/Frameworks/Security.framework/Security.tbd
_SSLGetNumberOfSignatureAlgorithms	System/Library/Frameworks/Security.framework/Security.tbd
_SSLGetNumberSupportedCiphers	System/Library/Frameworks/Security.framework/Security.tbd
_SSLGetPSKIdentity	System/Library/Frameworks/Security.framework/Security.tbd
_SSLGetPeerDomainName	System/Library/Frameworks/Security.framework/Security.tbd
_SSLGetPeerDomainNameLength	System/Library/Frameworks/Security.framework/Security.tbd
_SSLGetPeerID	System/Library/Frameworks/Security.framework/Security.tbd
_SSLGetPeerSecTrust	System/Library/Frameworks/Security.framework/Security.tbd
_SSLGetProtocolVersionMax	System/Library/Frameworks/Security.framework/Security.tbd
_SSLGetProtocolVersionMin	System/Library/Frameworks/Security.framework/Security.tbd
_SSLGetResumableSessionInfo	System/Library/Frameworks/Security.framework/Security.tbd
_SSLGetSessionOption	System/Library/Frameworks/Security.framework/Security.tbd
_SSLGetSessionState	System/Library/Frameworks/Security.framework/Security.tbd
_SSLGetSignatureAlgorithms	System/Library/Frameworks/Security.framework/Security.tbd
_SSLGetSupportedCiphers	System/Library/Frameworks/Security.framework/Security.tbd
_SSLHandshake	System/Library/Frameworks/Security.framework/Security.tbd
_SSLInternalClientRandom	System/Library/Frameworks/Security.framework/Security.tbd
_SSLInternalMasterSecret	System/Library/Frameworks/Security.framework/Security.tbd
_SSLInternalServerRandom	System/Library/Frameworks/Security.framework/Security.tbd
_SSLInternalSetMasterSecretFunction	System/Library/Frameworks/Security.framework/Security.tbd
_SSLInternalSetSessionTicket	System/Library/Frameworks/Security.framework/Security.tbd
_SSLInternal_PRF	System/Library/Frameworks/Security.framework/Security.tbd
_SSLIsSessionNegotiatedWithUnsafeDH	System/Library/Frameworks/Security.framework/Security.tbd
_SSLProtocolFromVersionCodepoint	System/Library/Frameworks/Security.framework/Security.tbd
_SSLProtocolGetVersionCodepoint	System/Library/Frameworks/Security.framework/Security.tbd
_SSLReHandshake	System/Library/Frameworks/Security.framework/Security.tbd
_SSLRead	System/Library/Frameworks/Security.framework/Security.tbd
_SSLSetALPNData	System/Library/Frameworks/Security.framework/Security.tbd
_SSLSetALPNFunc	System/Library/Frameworks/Security.framework/Security.tbd
_SSLSetALPNProtocols	System/Library/Frameworks/Security.framework/Security.tbd
_SSLSetAllowAnonymousCiphers	System/Library/Frameworks/Security.framework/Security.tbd
_SSLSetCertificate	System/Library/Frameworks/Security.framework/Security.tbd
_SSLSetClientSideAuthenticate	System/Library/Frameworks/Security.framework/Security.tbd
_SSLSetConnection	System/Library/Frameworks/Security.framework/Security.tbd
_SSLSetDHEEnabled	System/Library/Frameworks/Security.framework/Security.tbd
_SSLSetDatagramHelloCookie	System/Library/Frameworks/Security.framework/Security.tbd
_SSLSetECDSACurves	System/Library/Frameworks/Security.framework/Security.tbd
_SSLSetEnabledCiphers	System/Library/Frameworks/Security.framework/Security.tbd
_SSLSetEncryptionCertificate	System/Library/Frameworks/Security.framework/Security.tbd
_SSLSetError	System/Library/Frameworks/Security.framework/Security.tbd
_SSLSetIOFuncs	System/Library/Frameworks/Security.framework/Security.tbd
_SSLSetMaxDatagramRecordSize	System/Library/Frameworks/Security.framework/Security.tbd
_SSLSetMinimumDHGroupSize	System/Library/Frameworks/Security.framework/Security.tbd
_SSLSetNPNData	System/Library/Frameworks/Security.framework/Security.tbd
_SSLSetNPNFunc	System/Library/Frameworks/Security.framework/Security.tbd
_SSLSetOCSPResponse	System/Library/Frameworks/Security.framework/Security.tbd
_SSLSetPSKIdentity	System/Library/Frameworks/Security.framework/Security.tbd
_SSLSetPSKSharedSecret	System/Library/Frameworks/Security.framework/Security.tbd
_SSLSetPeerDomainName	System/Library/Frameworks/Security.framework/Security.tbd
_SSLSetPeerID	System/Library/Frameworks/Security.framework/Security.tbd
_SSLSetProtocolVersionMax	System/Library/Frameworks/Security.framework/Security.tbd
_SSLSetProtocolVersionMin	System/Library/Frameworks/Security.framework/Security.tbd
_SSLSetRecordContext	System/Library/Frameworks/Security.framework/Security.tbd
_SSLSetSessionCacheTimeout	System/Library/Frameworks/Security.framework/Security.tbd
_SSLSetSessionConfig	System/Library/Frameworks/Security.framework/Security.tbd
_SSLSetSessionOption	System/Library/Frameworks/Security.framework/Security.tbd
_SSLSetSessionTicketsEnabled	System/Library/Frameworks/Security.framework/Security.tbd
_SSLWrite	System/Library/Frameworks/Security.framework/Security.tbd
_SecABCTrigger	System/Library/Frameworks/Security.framework/Security.tbd
_SecASN1PrintableString	System/Library/Frameworks/Security.framework/Security.tbd
_SecASN1UTF8String	System/Library/Frameworks/Security.framework/Security.tbd
_SecAbsoluteTimeFromDateContent	System/Library/Frameworks/Security.framework/Security.tbd
_SecAbsoluteTimeFromDateContentWithError	System/Library/Frameworks/Security.framework/Security.tbd
_SecAccessConstraintCreateBiometryAny	System/Library/Frameworks/Security.framework/Security.tbd
_SecAccessConstraintCreateBiometryCurrentSet	System/Library/Frameworks/Security.framework/Security.tbd
_SecAccessConstraintCreateCompanion	System/Library/Frameworks/Security.framework/Security.tbd
_SecAccessConstraintCreateKofN	System/Library/Frameworks/Security.framework/Security.tbd
_SecAccessConstraintCreatePasscode	System/Library/Frameworks/Security.framework/Security.tbd
_SecAccessConstraintCreatePolicy	System/Library/Frameworks/Security.framework/Security.tbd
_SecAccessConstraintCreateTouchIDAny	System/Library/Frameworks/Security.framework/Security.tbd
_SecAccessConstraintCreateTouchIDCurrentSet	System/Library/Frameworks/Security.framework/Security.tbd
_SecAccessConstraintCreateWatch	System/Library/Frameworks/Security.framework/Security.tbd
_SecAccessControlAddConstraintForOperation	System/Library/Frameworks/Security.framework/Security.tbd
_SecAccessControlCopyConstraintData	System/Library/Frameworks/Security.framework/Security.tbd
_SecAccessControlCopyData	System/Library/Frameworks/Security.framework/Security.tbd
_SecAccessControlCreate	System/Library/Frameworks/Security.framework/Security.tbd
_SecAccessControlCreateFromData	System/Library/Frameworks/Security.framework/Security.tbd
_SecAccessControlCreateWithFlags	System/Library/Frameworks/Security.framework/Security.tbd
_SecAccessControlGetConstraint	System/Library/Frameworks/Security.framework/Security.tbd
_SecAccessControlGetConstraints	System/Library/Frameworks/Security.framework/Security.tbd
_SecAccessControlGetProtection	System/Library/Frameworks/Security.framework/Security.tbd
_SecAccessControlGetRequirePassword	System/Library/Frameworks/Security.framework/Security.tbd
_SecAccessControlGetTypeID	System/Library/Frameworks/Security.framework/Security.tbd
_SecAccessControlIsBound	System/Library/Frameworks/Security.framework/Security.tbd
_SecAccessControlSetBound	System/Library/Frameworks/Security.framework/Security.tbd
_SecAccessControlSetConstraints	System/Library/Frameworks/Security.framework/Security.tbd
_SecAccessControlSetProtection	System/Library/Frameworks/Security.framework/Security.tbd
_SecAccessControlSetRequirePassword	System/Library/Frameworks/Security.framework/Security.tbd
_SecAccessGroupsGetCurrent	System/Library/Frameworks/Security.framework/Security.tbd
_SecAccessGroupsSetCurrent	System/Library/Frameworks/Security.framework/Security.tbd
_SecAddSharedWebCredential	System/Library/Frameworks/Security.framework/Security.tbd
_SecAreQARootCertificatesEnabled	System/Library/Frameworks/Security.framework/Security.tbd
_SecAsn1AllocCopy	System/Library/Frameworks/Security.framework/Security.tbd
_SecAsn1AllocCopyItem	System/Library/Frameworks/Security.framework/Security.tbd
_SecAsn1AllocItem	System/Library/Frameworks/Security.framework/Security.tbd
_SecAsn1CoderCreate	System/Library/Frameworks/Security.framework/Security.tbd
_SecAsn1CoderRelease	System/Library/Frameworks/Security.framework/Security.tbd
_SecAsn1Decode	System/Library/Frameworks/Security.framework/Security.tbd
_SecAsn1DecodeData	System/Library/Frameworks/Security.framework/Security.tbd
_SecAsn1EncodeItem	System/Library/Frameworks/Security.framework/Security.tbd
_SecAsn1Malloc	System/Library/Frameworks/Security.framework/Security.tbd
_SecAsn1OidCompare	System/Library/Frameworks/Security.framework/Security.tbd
_SecAsn1TaggedTemplateChooser	System/Library/Frameworks/Security.framework/Security.tbd
_SecBackupKeybagAdd	System/Library/Frameworks/Security.framework/Security.tbd
_SecBackupKeybagDelete	System/Library/Frameworks/Security.framework/Security.tbd
_SecBase64Decode	System/Library/Frameworks/Security.framework/Security.tbd
_SecBase64Decode2	System/Library/Frameworks/Security.framework/Security.tbd
_SecBase64Encode	System/Library/Frameworks/Security.framework/Security.tbd
_SecBase64Encode2	System/Library/Frameworks/Security.framework/Security.tbd
_SecCFAllocatorZeroize	System/Library/Frameworks/Security.framework/Security.tbd
_SecCMSCertificatesOnlyMessageCopyCertificates	System/Library/Frameworks/Security.framework/Security.tbd
_SecCMSCreateCertificatesOnlyMessage	System/Library/Frameworks/Security.framework/Security.tbd
_SecCMSCreateCertificatesOnlyMessageIAP	System/Library/Frameworks/Security.framework/Security.tbd
_SecCMSCreateEnvelopedData	System/Library/Frameworks/Security.framework/Security.tbd
_SecCMSCreateSignedData	System/Library/Frameworks/Security.framework/Security.tbd
_SecCMSDecodeSignedData	System/Library/Frameworks/Security.framework/Security.tbd
_SecCMSDecryptEnvelopedData	System/Library/Frameworks/Security.framework/Security.tbd
_SecCMSSignDataAndAttributes	System/Library/Frameworks/Security.framework/Security.tbd
_SecCMSSignDigestAndAttributes	System/Library/Frameworks/Security.framework/Security.tbd
_SecCMSVerify	System/Library/Frameworks/Security.framework/Security.tbd
_SecCMSVerifyCopyDataAndAttributes	System/Library/Frameworks/Security.framework/Security.tbd
_SecCMSVerifySignedData	System/Library/Frameworks/Security.framework/Security.tbd
_SecCertificateAppendToXPCArray	System/Library/Frameworks/Security.framework/Security.tbd
_SecCertificateArrayCopyXPCArray	System/Library/Frameworks/Security.framework/Security.tbd
_SecCertificateCopyAnchorLookupKey	System/Library/Frameworks/Security.framework/Security.tbd
_SecCertificateCopyAppleCorporateRoots	System/Library/Frameworks/Security.framework/Security.tbd
_SecCertificateCopyAppleExternalRoots	System/Library/Frameworks/Security.framework/Security.tbd
_SecCertificateCopyAttributeDictionary	System/Library/Frameworks/Security.framework/Security.tbd
_SecCertificateCopyCTLogForKeyID	System/Library/Frameworks/Security.framework/Security.tbd
_SecCertificateCopyCommonName	System/Library/Frameworks/Security.framework/Security.tbd
_SecCertificateCopyCommonNames	System/Library/Frameworks/Security.framework/Security.tbd
_SecCertificateCopyCompanyName	System/Library/Frameworks/Security.framework/Security.tbd
_SecCertificateCopyComponentAttributes	System/Library/Frameworks/Security.framework/Security.tbd
_SecCertificateCopyComponentType	System/Library/Frameworks/Security.framework/Security.tbd
_SecCertificateCopyCompressedMFiCert	System/Library/Frameworks/Security.framework/Security.tbd
_SecCertificateCopyCountry	System/Library/Frameworks/Security.framework/Security.tbd
_SecCertificateCopyDNSNames	System/Library/Frameworks/Security.framework/Security.tbd
_SecCertificateCopyDNSNamesFromSAN	System/Library/Frameworks/Security.framework/Security.tbd
_SecCertificateCopyData	System/Library/Frameworks/Security.framework/Security.tbd
_SecCertificateCopyEmailAddresses	System/Library/Frameworks/Security.framework/Security.tbd
_SecCertificateCopyEscrowRoots	System/Library/Frameworks/Security.framework/Security.tbd
_SecCertificateCopyExtendedKeyUsage	System/Library/Frameworks/Security.framework/Security.tbd
_SecCertificateCopyExtensionValue	System/Library/Frameworks/Security.framework/Security.tbd
_SecCertificateCopyIPAddressDatas	System/Library/Frameworks/Security.framework/Security.tbd
_SecCertificateCopyIPAddresses	System/Library/Frameworks/Security.framework/Security.tbd
_SecCertificateCopyIssuerSHA1Digest	System/Library/Frameworks/Security.framework/Security.tbd
_SecCertificateCopyIssuerSHA256Digest	System/Library/Frameworks/Security.framework/Security.tbd
_SecCertificateCopyIssuerSequence	System/Library/Frameworks/Security.framework/Security.tbd
_SecCertificateCopyIssuerSummary	System/Library/Frameworks/Security.framework/Security.tbd
_SecCertificateCopyKey	System/Library/Frameworks/Security.framework/Security.tbd
_SecCertificateCopyKeychainItem	System/Library/Frameworks/Security.framework/Security.tbd
_SecCertificateCopyLegacyProperties	System/Library/Frameworks/Security.framework/Security.tbd
_SecCertificateCopyLocalizedProperties	System/Library/Frameworks/Security.framework/Security.tbd
_SecCertificateCopyNTPrincipalNames	System/Library/Frameworks/Security.framework/Security.tbd
_SecCertificateCopyNormalizedIssuerSequence	System/Library/Frameworks/Security.framework/Security.tbd
_SecCertificateCopyNormalizedSubjectSequence	System/Library/Frameworks/Security.framework/Security.tbd
_SecCertificateCopyNotValidAfterDate	System/Library/Frameworks/Security.framework/Security.tbd
_SecCertificateCopyNotValidBeforeDate	System/Library/Frameworks/Security.framework/Security.tbd
_SecCertificateCopyOrganization	System/Library/Frameworks/Security.framework/Security.tbd
_SecCertificateCopyOrganizationFromX501NameContent	System/Library/Frameworks/Security.framework/Security.tbd
_SecCertificateCopyOrganizationalUnit	System/Library/Frameworks/Security.framework/Security.tbd
_SecCertificateCopyPEMRepresentation	System/Library/Frameworks/Security.framework/Security.tbd
_SecCertificateCopyPrecertTBS	System/Library/Frameworks/Security.framework/Security.tbd
_SecCertificateCopyProperties	System/Library/Frameworks/Security.framework/Security.tbd
_SecCertificateCopyPublicKey	System/Library/Frameworks/Security.framework/Security.tbd
_SecCertificateCopyPublicKeySHA1Digest	System/Library/Frameworks/Security.framework/Security.tbd
_SecCertificateCopyPublicKeySHA256Digest	System/Library/Frameworks/Security.framework/Security.tbd
_SecCertificateCopyQualifiedCertificateStatements	System/Library/Frameworks/Security.framework/Security.tbd
_SecCertificateCopyRFC822Names	System/Library/Frameworks/Security.framework/Security.tbd
_SecCertificateCopyRFC822NamesFromSAN	System/Library/Frameworks/Security.framework/Security.tbd
_SecCertificateCopyRFC822NamesFromSubject	System/Library/Frameworks/Security.framework/Security.tbd
_SecCertificateCopySHA1Digest	System/Library/Frameworks/Security.framework/Security.tbd
_SecCertificateCopySHA256Digest	System/Library/Frameworks/Security.framework/Security.tbd
_SecCertificateCopySerialNumber	System/Library/Frameworks/Security.framework/Security.tbd
_SecCertificateCopySerialNumberData	System/Library/Frameworks/Security.framework/Security.tbd
_SecCertificateCopySignedCertificateTimestamps	System/Library/Frameworks/Security.framework/Security.tbd
_SecCertificateCopySubjectAttributeValue	System/Library/Frameworks/Security.framework/Security.tbd
_SecCertificateCopySubjectPublicKeyInfoSHA1Digest	System/Library/Frameworks/Security.framework/Security.tbd
_SecCertificateCopySubjectPublicKeyInfoSHA256Digest	System/Library/Frameworks/Security.framework/Security.tbd
_SecCertificateCopySubjectSequence	System/Library/Frameworks/Security.framework/Security.tbd
_SecCertificateCopySubjectString	System/Library/Frameworks/Security.framework/Security.tbd
_SecCertificateCopySubjectSummary	System/Library/Frameworks/Security.framework/Security.tbd
_SecCertificateCopySummaryProperties	System/Library/Frameworks/Security.framework/Security.tbd
_SecCertificateCopyTrustedCTLogs	System/Library/Frameworks/Security.framework/Security.tbd
_SecCertificateCopyURIs	System/Library/Frameworks/Security.framework/Security.tbd
_SecCertificateCopyiAPAuthCapabilities	System/Library/Frameworks/Security.framework/Security.tbd
_SecCertificateCopyiAPSWAuthCapabilities	System/Library/Frameworks/Security.framework/Security.tbd
_SecCertificateCopyiPhoneDeviceCAChain	System/Library/Frameworks/Security.framework/Security.tbd
_SecCertificateCreateFromAttributeDictionary	System/Library/Frameworks/Security.framework/Security.tbd
_SecCertificateCreateOidDataFromString	System/Library/Frameworks/Security.framework/Security.tbd
_SecCertificateCreateWithBytes	System/Library/Frameworks/Security.framework/Security.tbd
_SecCertificateCreateWithCompressedMFiCert	System/Library/Frameworks/Security.framework/Security.tbd
_SecCertificateCreateWithData	System/Library/Frameworks/Security.framework/Security.tbd
_SecCertificateCreateWithKeychainItem	System/Library/Frameworks/Security.framework/Security.tbd
_SecCertificateCreateWithPEM	System/Library/Frameworks/Security.framework/Security.tbd
_SecCertificateCreateWithXPCArrayAtIndex	System/Library/Frameworks/Security.framework/Security.tbd
_SecCertificateGetAuthorityKeyID	System/Library/Frameworks/Security.framework/Security.tbd
_SecCertificateGetBasicConstraints	System/Library/Frameworks/Security.framework/Security.tbd
_SecCertificateGetBytePtr	System/Library/Frameworks/Security.framework/Security.tbd
_SecCertificateGetCAIssuers	System/Library/Frameworks/Security.framework/Security.tbd
_SecCertificateGetCRLDistributionPoints	System/Library/Frameworks/Security.framework/Security.tbd
_SecCertificateGetCertificatePolicies	System/Library/Frameworks/Security.framework/Security.tbd
_SecCertificateGetDeveloperIDDate	System/Library/Frameworks/Security.framework/Security.tbd
_SecCertificateGetDuplicateExtension	System/Library/Frameworks/Security.framework/Security.tbd
_SecCertificateGetExcludedSubtrees	System/Library/Frameworks/Security.framework/Security.tbd
_SecCertificateGetExtensionValue	System/Library/Frameworks/Security.framework/Security.tbd
_SecCertificateGetInhibitAnyPolicySkipCerts	System/Library/Frameworks/Security.framework/Security.tbd
_SecCertificateGetKeyUsage	System/Library/Frameworks/Security.framework/Security.tbd
_SecCertificateGetLength	System/Library/Frameworks/Security.framework/Security.tbd
_SecCertificateGetNormalizedIssuerContent	System/Library/Frameworks/Security.framework/Security.tbd
_SecCertificateGetNormalizedSubjectContent	System/Library/Frameworks/Security.framework/Security.tbd
_SecCertificateGetOCSPResponders	System/Library/Frameworks/Security.framework/Security.tbd
_SecCertificateGetPermittedSubtrees	System/Library/Frameworks/Security.framework/Security.tbd
_SecCertificateGetPolicyConstraints	System/Library/Frameworks/Security.framework/Security.tbd
_SecCertificateGetPolicyMappings	System/Library/Frameworks/Security.framework/Security.tbd
_SecCertificateGetPublicKeyAlgorithm	System/Library/Frameworks/Security.framework/Security.tbd
_SecCertificateGetPublicKeyData	System/Library/Frameworks/Security.framework/Security.tbd
_SecCertificateGetSHA1Digest	System/Library/Frameworks/Security.framework/Security.tbd
_SecCertificateGetSignatureHashAlgorithm	System/Library/Frameworks/Security.framework/Security.tbd
_SecCertificateGetSubjectAltName	System/Library/Frameworks/Security.framework/Security.tbd
_SecCertificateGetSubjectKeyID	System/Library/Frameworks/Security.framework/Security.tbd
_SecCertificateGetTypeID	System/Library/Frameworks/Security.framework/Security.tbd
_SecCertificateGetUnparseableKnownExtension	System/Library/Frameworks/Security.framework/Security.tbd
_SecCertificateGetiAuthVersion	System/Library/Frameworks/Security.framework/Security.tbd
_SecCertificateHasCriticalSubjectAltName	System/Library/Frameworks/Security.framework/Security.tbd
_SecCertificateHasMarkerExtension	System/Library/Frameworks/Security.framework/Security.tbd
_SecCertificateHasOCSPNoCheckMarkerExtension	System/Library/Frameworks/Security.framework/Security.tbd
_SecCertificateHasSubject	System/Library/Frameworks/Security.framework/Security.tbd
_SecCertificateHasUnknownCriticalExtension	System/Library/Frameworks/Security.framework/Security.tbd
_SecCertificateIsAtLeastMinKeySize	System/Library/Frameworks/Security.framework/Security.tbd
_SecCertificateIsCA	System/Library/Frameworks/Security.framework/Security.tbd
_SecCertificateIsOidString	System/Library/Frameworks/Security.framework/Security.tbd
_SecCertificateIsSelfSigned	System/Library/Frameworks/Security.framework/Security.tbd
_SecCertificateIsSelfSignedCA	System/Library/Frameworks/Security.framework/Security.tbd
_SecCertificateIsSignedBy	System/Library/Frameworks/Security.framework/Security.tbd
_SecCertificateIsStrongKey	System/Library/Frameworks/Security.framework/Security.tbd
_SecCertificateIsValid	System/Library/Frameworks/Security.framework/Security.tbd
_SecCertificateIsWeakHash	System/Library/Frameworks/Security.framework/Security.tbd
_SecCertificateIsWeakKey	System/Library/Frameworks/Security.framework/Security.tbd
_SecCertificateNotValidAfter	System/Library/Frameworks/Security.framework/Security.tbd
_SecCertificateNotValidBefore	System/Library/Frameworks/Security.framework/Security.tbd
_SecCertificateParseGeneralNameContentProperty	System/Library/Frameworks/Security.framework/Security.tbd
_SecCertificateParseGeneralNames	System/Library/Frameworks/Security.framework/Security.tbd
_SecCertificateSetKeychainItem	System/Library/Frameworks/Security.framework/Security.tbd
_SecCertificateShow	System/Library/Frameworks/Security.framework/Security.tbd
_SecCertificateVersion	System/Library/Frameworks/Security.framework/Security.tbd
_SecCertificateXPCArrayCopyArray	System/Library/Frameworks/Security.framework/Security.tbd
_SecCmsContentInfoGetBulkKey	System/Library/Frameworks/Security.framework/Security.tbd
_SecCmsContentInfoGetBulkKeySize	System/Library/Frameworks/Security.framework/Security.tbd
_SecCmsContentInfoGetChildContentInfo	System/Library/Frameworks/Security.framework/Security.tbd
_SecCmsContentInfoGetContent	System/Library/Frameworks/Security.framework/Security.tbd
_SecCmsContentInfoGetContentEncAlg	System/Library/Frameworks/Security.framework/Security.tbd
_SecCmsContentInfoGetContentEncAlgTag	System/Library/Frameworks/Security.framework/Security.tbd
_SecCmsContentInfoGetContentTypeOID	System/Library/Frameworks/Security.framework/Security.tbd
_SecCmsContentInfoGetContentTypeTag	System/Library/Frameworks/Security.framework/Security.tbd
_SecCmsContentInfoGetInnerContent	System/Library/Frameworks/Security.framework/Security.tbd
_SecCmsContentInfoSetBulkKey	System/Library/Frameworks/Security.framework/Security.tbd
_SecCmsContentInfoSetContentData	System/Library/Frameworks/Security.framework/Security.tbd
_SecCmsContentInfoSetContentDigestedData	System/Library/Frameworks/Security.framework/Security.tbd
_SecCmsContentInfoSetContentEncAlg	System/Library/Frameworks/Security.framework/Security.tbd
_SecCmsContentInfoSetContentEncAlgID	System/Library/Frameworks/Security.framework/Security.tbd
_SecCmsContentInfoSetContentEncryptedData	System/Library/Frameworks/Security.framework/Security.tbd
_SecCmsContentInfoSetContentEnvelopedData	System/Library/Frameworks/Security.framework/Security.tbd
_SecCmsContentInfoSetContentOther	System/Library/Frameworks/Security.framework/Security.tbd
_SecCmsContentInfoSetContentSignedData	System/Library/Frameworks/Security.framework/Security.tbd
_SecCmsDecoderCreate	System/Library/Frameworks/Security.framework/Security.tbd
_SecCmsDecoderDestroy	System/Library/Frameworks/Security.framework/Security.tbd
_SecCmsDecoderFinish	System/Library/Frameworks/Security.framework/Security.tbd
_SecCmsDecoderUpdate	System/Library/Frameworks/Security.framework/Security.tbd
_SecCmsDigestContextCancel	System/Library/Frameworks/Security.framework/Security.tbd
_SecCmsDigestContextDestroy	System/Library/Frameworks/Security.framework/Security.tbd
_SecCmsDigestContextStartMultiple	System/Library/Frameworks/Security.framework/Security.tbd
_SecCmsDigestContextUpdate	System/Library/Frameworks/Security.framework/Security.tbd
_SecCmsDigestedDataCreate	System/Library/Frameworks/Security.framework/Security.tbd
_SecCmsDigestedDataDestroy	System/Library/Frameworks/Security.framework/Security.tbd
_SecCmsDigestedDataGetContentInfo	System/Library/Frameworks/Security.framework/Security.tbd
_SecCmsEncoderCreate	System/Library/Frameworks/Security.framework/Security.tbd
_SecCmsEncoderDestroy	System/Library/Frameworks/Security.framework/Security.tbd
_SecCmsEncoderFinish	System/Library/Frameworks/Security.framework/Security.tbd
_SecCmsEncoderUpdate	System/Library/Frameworks/Security.framework/Security.tbd
_SecCmsEncryptedDataCreate	System/Library/Frameworks/Security.framework/Security.tbd
_SecCmsEncryptedDataDestroy	System/Library/Frameworks/Security.framework/Security.tbd
_SecCmsEncryptedDataGetContentInfo	System/Library/Frameworks/Security.framework/Security.tbd
_SecCmsEnvelopedDataCreate	System/Library/Frameworks/Security.framework/Security.tbd
_SecCmsEnvelopedDataDestroy	System/Library/Frameworks/Security.framework/Security.tbd
_SecCmsEnvelopedDataGetContentInfo	System/Library/Frameworks/Security.framework/Security.tbd
_SecCmsMessageContainsCertsOrCrls	System/Library/Frameworks/Security.framework/Security.tbd
_SecCmsMessageContentLevel	System/Library/Frameworks/Security.framework/Security.tbd
_SecCmsMessageContentLevelCount	System/Library/Frameworks/Security.framework/Security.tbd
_SecCmsMessageCopy	System/Library/Frameworks/Security.framework/Security.tbd
_SecCmsMessageCreate	System/Library/Frameworks/Security.framework/Security.tbd
_SecCmsMessageDecode	System/Library/Frameworks/Security.framework/Security.tbd
_SecCmsMessageDestroy	System/Library/Frameworks/Security.framework/Security.tbd
_SecCmsMessageEncode	System/Library/Frameworks/Security.framework/Security.tbd
_SecCmsMessageGetContent	System/Library/Frameworks/Security.framework/Security.tbd
_SecCmsMessageGetContentInfo	System/Library/Frameworks/Security.framework/Security.tbd
_SecCmsMessageIsContentEmpty	System/Library/Frameworks/Security.framework/Security.tbd
_SecCmsMessageIsEncrypted	System/Library/Frameworks/Security.framework/Security.tbd
_SecCmsMessageIsSigned	System/Library/Frameworks/Security.framework/Security.tbd
_SecCmsRecipientInfoCreate	System/Library/Frameworks/Security.framework/Security.tbd
_SecCmsRecipientInfoCreateWithSubjKeyID	System/Library/Frameworks/Security.framework/Security.tbd
_SecCmsRecipientInfoCreateWithSubjKeyIDFromCert	System/Library/Frameworks/Security.framework/Security.tbd
_SecCmsSignedDataAddCertChain	System/Library/Frameworks/Security.framework/Security.tbd
_SecCmsSignedDataAddCertList	System/Library/Frameworks/Security.framework/Security.tbd
_SecCmsSignedDataAddCertificate	System/Library/Frameworks/Security.framework/Security.tbd
_SecCmsSignedDataContainsCertsOrCrls	System/Library/Frameworks/Security.framework/Security.tbd
_SecCmsSignedDataCreate	System/Library/Frameworks/Security.framework/Security.tbd
_SecCmsSignedDataCreateCertsOnly	System/Library/Frameworks/Security.framework/Security.tbd
_SecCmsSignedDataDestroy	System/Library/Frameworks/Security.framework/Security.tbd
_SecCmsSignedDataGetCertificateList	System/Library/Frameworks/Security.framework/Security.tbd
_SecCmsSignedDataGetContentInfo	System/Library/Frameworks/Security.framework/Security.tbd
_SecCmsSignedDataGetDigestAlgs	System/Library/Frameworks/Security.framework/Security.tbd
_SecCmsSignedDataGetSignerInfo	System/Library/Frameworks/Security.framework/Security.tbd
_SecCmsSignedDataGetSignerInfos	System/Library/Frameworks/Security.framework/Security.tbd
_SecCmsSignedDataHasDigests	System/Library/Frameworks/Security.framework/Security.tbd
_SecCmsSignedDataImportCerts	System/Library/Frameworks/Security.framework/Security.tbd
_SecCmsSignedDataSetDigestContext	System/Library/Frameworks/Security.framework/Security.tbd
_SecCmsSignedDataSignerInfoCount	System/Library/Frameworks/Security.framework/Security.tbd
_SecCmsSignedDataVerifyCertsOnly	System/Library/Frameworks/Security.framework/Security.tbd
_SecCmsSignedDataVerifyCertsOnlyMessage	System/Library/Frameworks/Security.framework/Security.tbd
_SecCmsSignedDataVerifySigner	System/Library/Frameworks/Security.framework/Security.tbd
_SecCmsSignedDataVerifySignerInfo	System/Library/Frameworks/Security.framework/Security.tbd
_SecCmsSignerInfoAddAppleCodesigningHashAgility	System/Library/Frameworks/Security.framework/Security.tbd
_SecCmsSignerInfoAddAppleCodesigningHashAgilityV2	System/Library/Frameworks/Security.framework/Security.tbd
_SecCmsSignerInfoAddAppleExpirationTime	System/Library/Frameworks/Security.framework/Security.tbd
_SecCmsSignerInfoAddCounterSignature	System/Library/Frameworks/Security.framework/Security.tbd
_SecCmsSignerInfoAddMSSMIMEEncKeyPreferences	System/Library/Frameworks/Security.framework/Security.tbd
_SecCmsSignerInfoAddMSSMIMEEncKeyPrefs	System/Library/Frameworks/Security.framework/Security.tbd
_SecCmsSignerInfoAddSMIMECaps	System/Library/Frameworks/Security.framework/Security.tbd
_SecCmsSignerInfoAddSMIMEEncKeyPreferences	System/Library/Frameworks/Security.framework/Security.tbd
_SecCmsSignerInfoAddSMIMEEncKeyPrefs	System/Library/Frameworks/Security.framework/Security.tbd
_SecCmsSignerInfoAddSigningTime	System/Library/Frameworks/Security.framework/Security.tbd
_SecCmsSignerInfoCopyCertFromEncryptionKeyPreference	System/Library/Frameworks/Security.framework/Security.tbd
_SecCmsSignerInfoCreate	System/Library/Frameworks/Security.framework/Security.tbd
_SecCmsSignerInfoCreateWithSubjKeyID	System/Library/Frameworks/Security.framework/Security.tbd
_SecCmsSignerInfoGetAppleCodesigningHashAgility	System/Library/Frameworks/Security.framework/Security.tbd
_SecCmsSignerInfoGetAppleCodesigningHashAgilityV2	System/Library/Frameworks/Security.framework/Security.tbd
_SecCmsSignerInfoGetAppleExpirationTime	System/Library/Frameworks/Security.framework/Security.tbd
_SecCmsSignerInfoGetCertList	System/Library/Frameworks/Security.framework/Security.tbd
_SecCmsSignerInfoGetDigestAlg	System/Library/Frameworks/Security.framework/Security.tbd
_SecCmsSignerInfoGetDigestAlgTag	System/Library/Frameworks/Security.framework/Security.tbd
_SecCmsSignerInfoGetSignerCommonName	System/Library/Frameworks/Security.framework/Security.tbd
_SecCmsSignerInfoGetSignerEmailAddress	System/Library/Frameworks/Security.framework/Security.tbd
_SecCmsSignerInfoGetSigningCert	System/Library/Frameworks/Security.framework/Security.tbd
_SecCmsSignerInfoGetSigningCertificate	System/Library/Frameworks/Security.framework/Security.tbd
_SecCmsSignerInfoGetSigningTime	System/Library/Frameworks/Security.framework/Security.tbd
_SecCmsSignerInfoGetVerificationStatus	System/Library/Frameworks/Security.framework/Security.tbd
_SecCmsSignerInfoIncludeCerts	System/Library/Frameworks/Security.framework/Security.tbd
_SecCmsSignerInfoSaveSMIMEProfile	System/Library/Frameworks/Security.framework/Security.tbd
_SecCmsUtilVerificationStatusToString	System/Library/Frameworks/Security.framework/Security.tbd
_SecCodeCheckValidity	System/Library/Frameworks/Security.framework/Security.tbd
_SecCodeCheckValidityWithErrors	System/Library/Frameworks/Security.framework/Security.tbd
_SecCodeCopyComponent	System/Library/Frameworks/Security.framework/Security.tbd
_SecCodeCopyDesignatedRequirement	System/Library/Frameworks/Security.framework/Security.tbd
_SecCodeCopyHost	System/Library/Frameworks/Security.framework/Security.tbd
_SecCodeCopyInternalRequirement	System/Library/Frameworks/Security.framework/Security.tbd
_SecCodeCopyPath	System/Library/Frameworks/Security.framework/Security.tbd
_SecCodeCopySelf	System/Library/Frameworks/Security.framework/Security.tbd
_SecCodeCopySigningInformation	System/Library/Frameworks/Security.framework/Security.tbd
_SecCodeCopyStaticCode	System/Library/Frameworks/Security.framework/Security.tbd
_SecCodeGetStatus	System/Library/Frameworks/Security.framework/Security.tbd
_SecCodeGetTypeID	System/Library/Frameworks/Security.framework/Security.tbd
_SecCodeMapMemory	System/Library/Frameworks/Security.framework/Security.tbd
_SecCodeSetDetachedSignature	System/Library/Frameworks/Security.framework/Security.tbd
_SecCodeSetStatus	System/Library/Frameworks/Security.framework/Security.tbd
_SecCodeSignerAddSignature	System/Library/Frameworks/Security.framework/Security.tbd
_SecCodeSignerAddSignatureWithErrors	System/Library/Frameworks/Security.framework/Security.tbd
_SecCodeSignerCreate	System/Library/Frameworks/Security.framework/Security.tbd
_SecCodeSignerGetTypeID	System/Library/Frameworks/Security.framework/Security.tbd
_SecCodeSignerRemoteAddSignature	System/Library/Frameworks/Security.framework/Security.tbd
_SecCodeSignerRemoteCreate	System/Library/Frameworks/Security.framework/Security.tbd
_SecCodeSignerRemoteGetTypeID	System/Library/Frameworks/Security.framework/Security.tbd
_SecCodeSpecialSlotIsPresent	System/Library/Frameworks/Security.framework/Security.tbd
_SecCodeValidateFileResource	System/Library/Frameworks/Security.framework/Security.tbd
_SecCopyBaseFilesURL	System/Library/Frameworks/Security.framework/Security.tbd
_SecCopyDecryptedForServer	System/Library/Frameworks/Security.framework/Security.tbd
_SecCopyEncryptedToServer	System/Library/Frameworks/Security.framework/Security.tbd
_SecCopyEncryptedToServerKey	System/Library/Frameworks/Security.framework/Security.tbd
_SecCopyErrorMessageString	System/Library/Frameworks/Security.framework/Security.tbd
_SecCopyHomeURL	System/Library/Frameworks/Security.framework/Security.tbd
_SecCopyLastError	System/Library/Frameworks/Security.framework/Security.tbd
_SecCoreAnalyticsSendKernEntropyAnalytics	System/Library/Frameworks/Security.framework/Security.tbd
_SecCoreAnalyticsSendLegacyKeychainUIEvent	System/Library/Frameworks/Security.framework/Security.tbd
_SecCoreAnalyticsSendValue	System/Library/Frameworks/Security.framework/Security.tbd
_SecCoreAnalyticsSetEnabledForProcess	System/Library/Frameworks/Security.framework/Security.tbd
_SecCoreAnalyticsValue	System/Library/Frameworks/Security.framework/Security.tbd
_SecCreateCFErrorWithXPCObject	System/Library/Frameworks/Security.framework/Security.tbd
_SecCreateSharedWebCredentialPassword	System/Library/Frameworks/Security.framework/Security.tbd
_SecCreateXPCObjectWithCFError	System/Library/Frameworks/Security.framework/Security.tbd
_SecDERItemCopyOIDDecimalRepresentation	System/Library/Frameworks/Security.framework/Security.tbd
_SecDHComputeKey	System/Library/Frameworks/Security.framework/Security.tbd
_SecDHCreate	System/Library/Frameworks/Security.framework/Security.tbd
_SecDHCreateFromAlgorithmId	System/Library/Frameworks/Security.framework/Security.tbd
_SecDHCreateFromParameters	System/Library/Frameworks/Security.framework/Security.tbd
_SecDHDestroy	System/Library/Frameworks/Security.framework/Security.tbd
_SecDHGenerateKeypair	System/Library/Frameworks/Security.framework/Security.tbd
_SecDHGetMaxKeyLength	System/Library/Frameworks/Security.framework/Security.tbd
_SecDHKIsGreater	System/Library/Frameworks/Security.framework/Security.tbd
_SecDNSIsTLD	System/Library/Frameworks/Security.framework/Security.tbd
_SecDeleteItemsOnSignOut	System/Library/Frameworks/Security.framework/Security.tbd
_SecDigestCreate	System/Library/Frameworks/Security.framework/Security.tbd
_SecDistinguishedNameCopyNormalizedContent	System/Library/Frameworks/Security.framework/Security.tbd
_SecDistinguishedNameCopyNormalizedSequence	System/Library/Frameworks/Security.framework/Security.tbd
_SecECDoWithFullKey	System/Library/Frameworks/Security.framework/Security.tbd
_SecECDoWithPubKey	System/Library/Frameworks/Security.framework/Security.tbd
_SecECKeyCopyPublicBits	System/Library/Frameworks/Security.framework/Security.tbd
_SecECKeyGeneratePair	System/Library/Frameworks/Security.framework/Security.tbd
_SecECKeyGetNamedCurve	System/Library/Frameworks/Security.framework/Security.tbd
_SecEMCSCreateDerivedEMCSKey	System/Library/Frameworks/Security.framework/Security.tbd
_SecEMCSCreateNewiDMSKey	System/Library/Frameworks/Security.framework/Security.tbd
_SecErrorGetOSStatus	System/Library/Frameworks/Security.framework/Security.tbd
_SecEscrowRequestHavePrecord	System/Library/Frameworks/Security.framework/Security.tbd
_SecEscrowRequestOptionFederationMove	System/Library/Frameworks/Security.framework/Security.tbd
_SecEscrowRequestPendingCertificate	System/Library/Frameworks/Security.framework/Security.tbd
_SecEscrowRequestPendingPasscode	System/Library/Frameworks/Security.framework/Security.tbd
_SecEscrowRequestSetupControlProtocol	System/Library/Frameworks/Security.framework/Security.tbd
_SecFDHKAppendCompactPublicSerialization	System/Library/Frameworks/Security.framework/Security.tbd
_SecFDHKAppendPublicSerialization	System/Library/Frameworks/Security.framework/Security.tbd
_SecFDHKAppendSerialization	System/Library/Frameworks/Security.framework/Security.tbd
_SecFDHKGetHash	System/Library/Frameworks/Security.framework/Security.tbd
_SecFDHKNewKey	System/Library/Frameworks/Security.framework/Security.tbd
_SecFrameworkCopyIPAddressData	System/Library/Frameworks/Security.framework/Security.tbd
_SecFrameworkCopyLocalizedString	System/Library/Frameworks/Security.framework/Security.tbd
_SecFrameworkGetBundle	System/Library/Frameworks/Security.framework/Security.tbd
_SecFrameworkIsDNSName	System/Library/Frameworks/Security.framework/Security.tbd
_SecFrameworkIsIPAddress	System/Library/Frameworks/Security.framework/Security.tbd
_SecFrameworkIsRunningInXcode	System/Library/Frameworks/Security.framework/Security.tbd
_SecGenerateCertificateRequest	System/Library/Frameworks/Security.framework/Security.tbd
_SecGenerateCertificateRequestSubject	System/Library/Frameworks/Security.framework/Security.tbd
_SecGenerateCertificateRequestWithParameters	System/Library/Frameworks/Security.framework/Security.tbd
_SecGenerateSelfSignedCertificate	System/Library/Frameworks/Security.framework/Security.tbd
_SecGenerateSelfSignedCertificateWithError	System/Library/Frameworks/Security.framework/Security.tbd
_SecGetCurrentServerLoggingInfo	System/Library/Frameworks/Security.framework/Security.tbd
_SecIdentityCopyCertificate	System/Library/Frameworks/Security.framework/Security.tbd
_SecIdentityCopyPrivateKey	System/Library/Frameworks/Security.framework/Security.tbd
_SecIdentityCreate	System/Library/Frameworks/Security.framework/Security.tbd
_SecIdentityGetTypeID	System/Library/Frameworks/Security.framework/Security.tbd
_SecIdentitySignCertificate	System/Library/Frameworks/Security.framework/Security.tbd
_SecIdentitySignCertificateWithAlgorithm	System/Library/Frameworks/Security.framework/Security.tbd
_SecIdentitySignCertificateWithParameters	System/Library/Frameworks/Security.framework/Security.tbd
_SecIsInternalRelease	System/Library/Frameworks/Security.framework/Security.tbd
_SecItemAdd	System/Library/Frameworks/Security.framework/Security.tbd
_SecItemBackupCreateManifest	System/Library/Frameworks/Security.framework/Security.tbd
_SecItemBackupRestore	System/Library/Frameworks/Security.framework/Security.tbd
_SecItemBackupSetConfirmedManifest	System/Library/Frameworks/Security.framework/Security.tbd
_SecItemBackupWithChanges	System/Library/Frameworks/Security.framework/Security.tbd
_SecItemBackupWithRegisteredBackups	System/Library/Frameworks/Security.framework/Security.tbd
_SecItemBackupWithRegisteredViewBackup	System/Library/Frameworks/Security.framework/Security.tbd
_SecItemCertificateExists	System/Library/Frameworks/Security.framework/Security.tbd
_SecItemCloneToGroupKitGroup	System/Library/Frameworks/Security.framework/Security.tbd
_SecItemCopyMatching	System/Library/Frameworks/Security.framework/Security.tbd
_SecItemCopyParentCertificates_ios	System/Library/Frameworks/Security.framework/Security.tbd
_SecItemDelete	System/Library/Frameworks/Security.framework/Security.tbd
_SecItemDeleteAll	System/Library/Frameworks/Security.framework/Security.tbd
_SecItemDeleteAllWithAccessGroups	System/Library/Frameworks/Security.framework/Security.tbd
_SecItemDeleteKeychainItemsForAppClip	System/Library/Frameworks/Security.framework/Security.tbd
_SecItemFetchCurrentItemAcrossAllDevices	System/Library/Frameworks/Security.framework/Security.tbd
_SecItemFetchCurrentItemDataAcrossAllDevices	System/Library/Frameworks/Security.framework/Security.tbd
_SecItemFetchCurrentItemOutOfBand	System/Library/Frameworks/Security.framework/Security.tbd
_SecItemFetchPCSIdentityOutOfBand	System/Library/Frameworks/Security.framework/Security.tbd
_SecItemPersistKeychainWritesAtHighPerformanceCost	System/Library/Frameworks/Security.framework/Security.tbd
_SecItemPromoteAppClipItemsToParentApp	System/Library/Frameworks/Security.framework/Security.tbd
_SecItemSetCurrentItemAcrossAllDevices	System/Library/Frameworks/Security.framework/Security.tbd
_SecItemShareWithGroup	System/Library/Frameworks/Security.framework/Security.tbd
_SecItemUnsetCurrentItemsAcrossAllDevices	System/Library/Frameworks/Security.framework/Security.tbd
_SecItemUpdate	System/Library/Frameworks/Security.framework/Security.tbd
_SecItemUpdateTokenItemsForAccessGroups	System/Library/Frameworks/Security.framework/Security.tbd
_SecItemUpdateTokenItemsForSystemKeychain	System/Library/Frameworks/Security.framework/Security.tbd
_SecItemUpdateWithError	System/Library/Frameworks/Security.framework/Security.tbd
_SecJWSErrorDomain	System/Library/Frameworks/Security.framework/Security.tbd
_SecKeyControlLifetime	System/Library/Frameworks/Security.framework/Security.tbd
_SecKeyCopyAttestationKey	System/Library/Frameworks/Security.framework/Security.tbd
_SecKeyCopyAttributeDictionary	System/Library/Frameworks/Security.framework/Security.tbd
_SecKeyCopyAttributes	System/Library/Frameworks/Security.framework/Security.tbd
_SecKeyCopyExponent	System/Library/Frameworks/Security.framework/Security.tbd
_SecKeyCopyExternalRepresentation	System/Library/Frameworks/Security.framework/Security.tbd
_SecKeyCopyKeyExchangeResult	System/Library/Frameworks/Security.framework/Security.tbd
_SecKeyCopyMatchingPrivateKey	System/Library/Frameworks/Security.framework/Security.tbd
_SecKeyCopyModulus	System/Library/Frameworks/Security.framework/Security.tbd
_SecKeyCopyPersistentRef	System/Library/Frameworks/Security.framework/Security.tbd
_SecKeyCopyPublicBytes	System/Library/Frameworks/Security.framework/Security.tbd
_SecKeyCopyPublicKey	System/Library/Frameworks/Security.framework/Security.tbd
_SecKeyCopyPublicKeyHash	System/Library/Frameworks/Security.framework/Security.tbd
_SecKeyCopySubjectPublicKeyInfo	System/Library/Frameworks/Security.framework/Security.tbd
_SecKeyCopySystemKey	System/Library/Frameworks/Security.framework/Security.tbd
_SecKeyCreate	System/Library/Frameworks/Security.framework/Security.tbd
_SecKeyCreateAttestation	System/Library/Frameworks/Security.framework/Security.tbd
_SecKeyCreateDecapsulatedKey	System/Library/Frameworks/Security.framework/Security.tbd
_SecKeyCreateDecryptedData	System/Library/Frameworks/Security.framework/Security.tbd
_SecKeyCreateDecryptedDataWithParameters	System/Library/Frameworks/Security.framework/Security.tbd
_SecKeyCreateDuplicate	System/Library/Frameworks/Security.framework/Security.tbd
_SecKeyCreateECPrivateKey	System/Library/Frameworks/Security.framework/Security.tbd
_SecKeyCreateECPublicKey	System/Library/Frameworks/Security.framework/Security.tbd
_SecKeyCreateEncapsulatedKey	System/Library/Frameworks/Security.framework/Security.tbd
_SecKeyCreateEncryptedData	System/Library/Frameworks/Security.framework/Security.tbd
_SecKeyCreateEncryptedDataWithParameters	System/Library/Frameworks/Security.framework/Security.tbd
_SecKeyCreateFromAttributeDictionary	System/Library/Frameworks/Security.framework/Security.tbd
_SecKeyCreateFromPublicBytes	System/Library/Frameworks/Security.framework/Security.tbd
_SecKeyCreateFromPublicData	System/Library/Frameworks/Security.framework/Security.tbd
_SecKeyCreateFromSubjectPublicKeyInfoData	System/Library/Frameworks/Security.framework/Security.tbd
_SecKeyCreateMLDSASignature	System/Library/Frameworks/Security.framework/Security.tbd
_SecKeyCreatePersistentRefToMatchingPrivateKey	System/Library/Frameworks/Security.framework/Security.tbd
_SecKeyCreatePublicFromDER	System/Library/Frameworks/Security.framework/Security.tbd
_SecKeyCreatePublicFromPrivate	System/Library/Frameworks/Security.framework/Security.tbd
_SecKeyCreateRSAPrivateKey	System/Library/Frameworks/Security.framework/Security.tbd
_SecKeyCreateRSAPublicKey	System/Library/Frameworks/Security.framework/Security.tbd
_SecKeyCreateRSAPublicKey_ios	System/Library/Frameworks/Security.framework/Security.tbd
_SecKeyCreateRandomKey	System/Library/Frameworks/Security.framework/Security.tbd
_SecKeyCreateSignature	System/Library/Frameworks/Security.framework/Security.tbd
_SecKeyCreateWithData	System/Library/Frameworks/Security.framework/Security.tbd
_SecKeyDecrypt	System/Library/Frameworks/Security.framework/Security.tbd
_SecKeyDigestAndSign	System/Library/Frameworks/Security.framework/Security.tbd
_SecKeyDigestAndVerify	System/Library/Frameworks/Security.framework/Security.tbd
_SecKeyEncrypt	System/Library/Frameworks/Security.framework/Security.tbd
_SecKeyFindWithPersistentRef	System/Library/Frameworks/Security.framework/Security.tbd
_SecKeyFromPassphraseDataHMACSHA1	System/Library/Frameworks/Security.framework/Security.tbd
_SecKeyFromPassphraseDataHMACSHA256	System/Library/Frameworks/Security.framework/Security.tbd
_SecKeyGeneratePair	System/Library/Frameworks/Security.framework/Security.tbd
_SecKeyGeneratePrivateAttributeDictionary	System/Library/Frameworks/Security.framework/Security.tbd
_SecKeyGeneratePublicAttributeDictionary	System/Library/Frameworks/Security.framework/Security.tbd
_SecKeyGetAlgorithmID	System/Library/Frameworks/Security.framework/Security.tbd
_SecKeyGetAlgorithmId	System/Library/Frameworks/Security.framework/Security.tbd
_SecKeyGetBlockSize	System/Library/Frameworks/Security.framework/Security.tbd
_SecKeyGetMatchingPrivateKeyStatus	System/Library/Frameworks/Security.framework/Security.tbd
_SecKeyGetSize	System/Library/Frameworks/Security.framework/Security.tbd
_SecKeyGetTypeID	System/Library/Frameworks/Security.framework/Security.tbd
_SecKeyIsAlgorithmSupported	System/Library/Frameworks/Security.framework/Security.tbd
_SecKeyRawSign	System/Library/Frameworks/Security.framework/Security.tbd
_SecKeyRawVerify	System/Library/Frameworks/Security.framework/Security.tbd
_SecKeySetParameter	System/Library/Frameworks/Security.framework/Security.tbd
_SecKeySignDigest	System/Library/Frameworks/Security.framework/Security.tbd
_SecKeyVerifyDigest	System/Library/Frameworks/Security.framework/Security.tbd
_SecKeyVerifySignature	System/Library/Frameworks/Security.framework/Security.tbd
_SecKeychainCopyDatabasePath	System/Library/Frameworks/Security.framework/Security.tbd
_SecKeychainIsStaticPersistentRefsEnabled	System/Library/Frameworks/Security.framework/Security.tbd
_SecKeychainSetOverrideStaticPersistentRefsIsEnabled	System/Library/Frameworks/Security.framework/Security.tbd
_SecOSStatusWith	System/Library/Frameworks/Security.framework/Security.tbd
_SecOTRAdvertiseHashes	System/Library/Frameworks/Security.framework/Security.tbd
_SecOTRAppendDHKeyMessage	System/Library/Frameworks/Security.framework/Security.tbd
_SecOTRAppendDHMessage	System/Library/Frameworks/Security.framework/Security.tbd
_SecOTRAppendRevealSignatureMessage	System/Library/Frameworks/Security.framework/Security.tbd
_SecOTRAppendSignatureMessage	System/Library/Frameworks/Security.framework/Security.tbd
_SecOTRCopyIncomingBytes	System/Library/Frameworks/Security.framework/Security.tbd
_SecOTRDHKGenerateOTRKeys	System/Library/Frameworks/Security.framework/Security.tbd
_SecOTRFIAppendSerialization	System/Library/Frameworks/Security.framework/Security.tbd
_SecOTRFIPurgeAllFromKeychain	System/Library/Frameworks/Security.framework/Security.tbd
_SecOTRFIPurgeFromKeychain	System/Library/Frameworks/Security.framework/Security.tbd
_SecOTRFullDHKCreate	System/Library/Frameworks/Security.framework/Security.tbd
_SecOTRFullDHKCreateFromBytes	System/Library/Frameworks/Security.framework/Security.tbd
_SecOTRFullIdentityCreate	System/Library/Frameworks/Security.framework/Security.tbd
_SecOTRFullIdentityCreateFromBytes	System/Library/Frameworks/Security.framework/Security.tbd
_SecOTRFullIdentityCreateFromData	System/Library/Frameworks/Security.framework/Security.tbd
_SecOTRFullIdentityCreateFromSecKeyRef	System/Library/Frameworks/Security.framework/Security.tbd
_SecOTRFullIdentityCreateFromSecKeyRefSOS	System/Library/Frameworks/Security.framework/Security.tbd
_SecOTRPIAppendSerialization	System/Library/Frameworks/Security.framework/Security.tbd
_SecOTRPacketTypeString	System/Library/Frameworks/Security.framework/Security.tbd
_SecOTRPrepareOutgoingBytes	System/Library/Frameworks/Security.framework/Security.tbd
_SecOTRPublicDHKCreateFromBytes	System/Library/Frameworks/Security.framework/Security.tbd
_SecOTRPublicDHKCreateFromCompactSerialization	System/Library/Frameworks/Security.framework/Security.tbd
_SecOTRPublicDHKCreateFromFullKey	System/Library/Frameworks/Security.framework/Security.tbd
_SecOTRPublicDHKCreateFromSerialization	System/Library/Frameworks/Security.framework/Security.tbd
_SecOTRPublicIdentityCopyFromPrivate	System/Library/Frameworks/Security.framework/Security.tbd
_SecOTRPublicIdentityCreateFromBytes	System/Library/Frameworks/Security.framework/Security.tbd
_SecOTRPublicIdentityCreateFromData	System/Library/Frameworks/Security.framework/Security.tbd
_SecOTRPublicIdentityCreateFromSecKeyRef	System/Library/Frameworks/Security.framework/Security.tbd
_SecOTRSAppendRestartPacket	System/Library/Frameworks/Security.framework/Security.tbd
_SecOTRSAppendSerialization	System/Library/Frameworks/Security.framework/Security.tbd
_SecOTRSAppendStartPacket	System/Library/Frameworks/Security.framework/Security.tbd
_SecOTRSGetIsIdle	System/Library/Frameworks/Security.framework/Security.tbd
_SecOTRSGetIsReadyForMessages	System/Library/Frameworks/Security.framework/Security.tbd
_SecOTRSGetKeyID	System/Library/Frameworks/Security.framework/Security.tbd
_SecOTRSGetMessageKind	System/Library/Frameworks/Security.framework/Security.tbd
_SecOTRSGetTheirKeyID	System/Library/Frameworks/Security.framework/Security.tbd
_SecOTRSIsForKeys	System/Library/Frameworks/Security.framework/Security.tbd
_SecOTRSKickTimeToRoll	System/Library/Frameworks/Security.framework/Security.tbd
_SecOTRSPrecalculateKeys	System/Library/Frameworks/Security.framework/Security.tbd
_SecOTRSProcessPacket	System/Library/Frameworks/Security.framework/Security.tbd
_SecOTRSSignAndProtectMessage	System/Library/Frameworks/Security.framework/Security.tbd
_SecOTRSVerifyAndExposeMessage	System/Library/Frameworks/Security.framework/Security.tbd
_SecOTRSessionCreateFromData	System/Library/Frameworks/Security.framework/Security.tbd
_SecOTRSessionCreateFromID	System/Library/Frameworks/Security.framework/Security.tbd
_SecOTRSessionCreateFromIDAndFlags	System/Library/Frameworks/Security.framework/Security.tbd
_SecOTRSessionCreateRemote	System/Library/Frameworks/Security.framework/Security.tbd
_SecOTRSessionIsSessionInAwaitingState	System/Library/Frameworks/Security.framework/Security.tbd
_SecOTRSessionProcessPacketRemote	System/Library/Frameworks/Security.framework/Security.tbd
_SecOTRSessionReset	System/Library/Frameworks/Security.framework/Security.tbd
_SecOTRSetupInitialRemoteKey	System/Library/Frameworks/Security.framework/Security.tbd
_SecPDHKAppendCompactSerialization	System/Library/Frameworks/Security.framework/Security.tbd
_SecPDHKAppendSerialization	System/Library/Frameworks/Security.framework/Security.tbd
_SecPDHKGetHash	System/Library/Frameworks/Security.framework/Security.tbd
_SecPDHKeyGenerateS	System/Library/Frameworks/Security.framework/Security.tbd
_SecPKCS12Import	System/Library/Frameworks/Security.framework/Security.tbd
_SecPaddingCompute	System/Library/Frameworks/Security.framework/Security.tbd
_SecPasswordCopyDefaultPasswordLength	System/Library/Frameworks/Security.framework/Security.tbd
_SecPasswordCreateWithRandomDigits	System/Library/Frameworks/Security.framework/Security.tbd
_SecPasswordGenerate	System/Library/Frameworks/Security.framework/Security.tbd
_SecPasswordIsPasswordWeak	System/Library/Frameworks/Security.framework/Security.tbd
_SecPasswordIsPasswordWeak2	System/Library/Frameworks/Security.framework/Security.tbd
_SecPasswordValidatePasswordFormat	System/Library/Frameworks/Security.framework/Security.tbd
_SecPolicyCheckCertCertificatePolicy	System/Library/Frameworks/Security.framework/Security.tbd
_SecPolicyCheckCertCriticalExtensions	System/Library/Frameworks/Security.framework/Security.tbd
_SecPolicyCheckCertDuplicateExtension	System/Library/Frameworks/Security.framework/Security.tbd
_SecPolicyCheckCertEAPTrustedServerNames	System/Library/Frameworks/Security.framework/Security.tbd
_SecPolicyCheckCertEmail	System/Library/Frameworks/Security.framework/Security.tbd
_SecPolicyCheckCertEmailSAN	System/Library/Frameworks/Security.framework/Security.tbd
_SecPolicyCheckCertExtendedKeyUsage	System/Library/Frameworks/Security.framework/Security.tbd
_SecPolicyCheckCertExtendedKeyUsageFiltered	System/Library/Frameworks/Security.framework/Security.tbd
_SecPolicyCheckCertKeySize	System/Library/Frameworks/Security.framework/Security.tbd
_SecPolicyCheckCertKeyUsage	System/Library/Frameworks/Security.framework/Security.tbd
_SecPolicyCheckCertLeafMarkerOid	System/Library/Frameworks/Security.framework/Security.tbd
_SecPolicyCheckCertLeafMarkerOidWithoutValueCheck	System/Library/Frameworks/Security.framework/Security.tbd
_SecPolicyCheckCertLeafMarkersProdAndQA	System/Library/Frameworks/Security.framework/Security.tbd
_SecPolicyCheckCertNonEmptySubject	System/Library/Frameworks/Security.framework/Security.tbd
_SecPolicyCheckCertNotCA	System/Library/Frameworks/Security.framework/Security.tbd
_SecPolicyCheckCertNotValidBefore	System/Library/Frameworks/Security.framework/Security.tbd
_SecPolicyCheckCertSSLHostname	System/Library/Frameworks/Security.framework/Security.tbd
_SecPolicyCheckCertSignatureHashAlgorithms	System/Library/Frameworks/Security.framework/Security.tbd
_SecPolicyCheckCertSubjectCommonName	System/Library/Frameworks/Security.framework/Security.tbd
_SecPolicyCheckCertSubjectCommonNamePrefix	System/Library/Frameworks/Security.framework/Security.tbd
_SecPolicyCheckCertSubjectCommonNameTEST	System/Library/Frameworks/Security.framework/Security.tbd
_SecPolicyCheckCertSubjectCountry	System/Library/Frameworks/Security.framework/Security.tbd
_SecPolicyCheckCertSubjectOrganization	System/Library/Frameworks/Security.framework/Security.tbd
_SecPolicyCheckCertSubjectOrganizationalUnit	System/Library/Frameworks/Security.framework/Security.tbd
_SecPolicyCheckCertTemporalValidity	System/Library/Frameworks/Security.framework/Security.tbd
_SecPolicyCheckCertURI	System/Library/Frameworks/Security.framework/Security.tbd
_SecPolicyCheckCertUnparseableExtension	System/Library/Frameworks/Security.framework/Security.tbd
_SecPolicyCheckCertValidLeaf	System/Library/Frameworks/Security.framework/Security.tbd
_SecPolicyCheckCertWeakKeySize	System/Library/Frameworks/Security.framework/Security.tbd
_SecPolicyCheckCertWeakSignature	System/Library/Frameworks/Security.framework/Security.tbd
_SecPolicyCopyProperties	System/Library/Frameworks/Security.framework/Security.tbd
_SecPolicyCreate3PMobileAsset	System/Library/Frameworks/Security.framework/Security.tbd
_SecPolicyCreateAggregateMetricEncryption	System/Library/Frameworks/Security.framework/Security.tbd
_SecPolicyCreateAggregateMetricTransparency	System/Library/Frameworks/Security.framework/Security.tbd
_SecPolicyCreateAlisha	System/Library/Frameworks/Security.framework/Security.tbd
_SecPolicyCreateAppleAST2Service	System/Library/Frameworks/Security.framework/Security.tbd
_SecPolicyCreateAppleATVVPNProfileSigning	System/Library/Frameworks/Security.framework/Security.tbd
_SecPolicyCreateAppleAccessoryUpdateSigning	System/Library/Frameworks/Security.framework/Security.tbd
_SecPolicyCreateAppleAppTransportSecurity	System/Library/Frameworks/Security.framework/Security.tbd
_SecPolicyCreateAppleAssetReceipt	System/Library/Frameworks/Security.framework/Security.tbd
_SecPolicyCreateAppleBasicAttestationSystem	System/Library/Frameworks/Security.framework/Security.tbd
_SecPolicyCreateAppleBasicAttestationUser	System/Library/Frameworks/Security.framework/Security.tbd
_SecPolicyCreateAppleCHIPUpdateSigning	System/Library/Frameworks/Security.framework/Security.tbd
_SecPolicyCreateAppleCompatibilityEscrowProxyService	System/Library/Frameworks/Security.framework/Security.tbd
_SecPolicyCreateAppleCompatibilityMMCSService	System/Library/Frameworks/Security.framework/Security.tbd
_SecPolicyCreateAppleCompatibilityiCloudSetupService	System/Library/Frameworks/Security.framework/Security.tbd
_SecPolicyCreateAppleComponentCertificate	System/Library/Frameworks/Security.framework/Security.tbd
_SecPolicyCreateAppleDeveloperIDPlusTicket	System/Library/Frameworks/Security.framework/Security.tbd
_SecPolicyCreateAppleEscrowProxyService	System/Library/Frameworks/Security.framework/Security.tbd
_SecPolicyCreateAppleExternalDeveloper	System/Library/Frameworks/Security.framework/Security.tbd
_SecPolicyCreateAppleExternalDeveloperOptionalExpiry	System/Library/Frameworks/Security.framework/Security.tbd
_SecPolicyCreateAppleFDRProvisioning	System/Library/Frameworks/Security.framework/Security.tbd
_SecPolicyCreateAppleFMiPService	System/Library/Frameworks/Security.framework/Security.tbd
_SecPolicyCreateAppleGSService	System/Library/Frameworks/Security.framework/Security.tbd
_SecPolicyCreateAppleHomeKitServerAuth	System/Library/Frameworks/Security.framework/Security.tbd
_SecPolicyCreateAppleIDAuthorityPolicy	System/Library/Frameworks/Security.framework/Security.tbd
_SecPolicyCreateAppleIDSService	System/Library/Frameworks/Security.framework/Security.tbd
_SecPolicyCreateAppleIDSServiceContext	System/Library/Frameworks/Security.framework/Security.tbd
_SecPolicyCreateAppleIDValidationRecordSigningPolicy	System/Library/Frameworks/Security.framework/Security.tbd
_SecPolicyCreateAppleIDValidationShortcutSigningPolicy	System/Library/Frameworks/Security.framework/Security.tbd
_SecPolicyCreateAppleKeyTransparency	System/Library/Frameworks/Security.framework/Security.tbd
_SecPolicyCreateAppleMMCSService	System/Library/Frameworks/Security.framework/Security.tbd
_SecPolicyCreateApplePPQService	System/Library/Frameworks/Security.framework/Security.tbd
_SecPolicyCreateApplePPQSigning	System/Library/Frameworks/Security.framework/Security.tbd
_SecPolicyCreateApplePackageSigning	System/Library/Frameworks/Security.framework/Security.tbd
_SecPolicyCreateApplePayIssuerEncryption	System/Library/Frameworks/Security.framework/Security.tbd
_SecPolicyCreateApplePayModelSigning	System/Library/Frameworks/Security.framework/Security.tbd
_SecPolicyCreateApplePayQRCodeEncryption	System/Library/Frameworks/Security.framework/Security.tbd
_SecPolicyCreateApplePayQRCodeSigning	System/Library/Frameworks/Security.framework/Security.tbd
_SecPolicyCreateApplePinned	System/Library/Frameworks/Security.framework/Security.tbd
_SecPolicyCreateApplePushService	System/Library/Frameworks/Security.framework/Security.tbd
_SecPolicyCreateApplePushServiceLegacy	System/Library/Frameworks/Security.framework/Security.tbd
_SecPolicyCreateAppleSMPEncryption	System/Library/Frameworks/Security.framework/Security.tbd
_SecPolicyCreateAppleSSLPinned	System/Library/Frameworks/Security.framework/Security.tbd
_SecPolicyCreateAppleSSLService	System/Library/Frameworks/Security.framework/Security.tbd
_SecPolicyCreateAppleSWUpdateSigning	System/Library/Frameworks/Security.framework/Security.tbd
_SecPolicyCreateAppleSecureIOStaticAsset	System/Library/Frameworks/Security.framework/Security.tbd
_SecPolicyCreateAppleSoftwareSigning	System/Library/Frameworks/Security.framework/Security.tbd
_SecPolicyCreateAppleTVOSApplicationSigning	System/Library/Frameworks/Security.framework/Security.tbd
_SecPolicyCreateAppleTimeStamping	System/Library/Frameworks/Security.framework/Security.tbd
_SecPolicyCreateAppleUniqueDeviceCertificate	System/Library/Frameworks/Security.framework/Security.tbd
_SecPolicyCreateAppleWarsaw	System/Library/Frameworks/Security.framework/Security.tbd
_SecPolicyCreateAppleXROSApplicationSigning	System/Library/Frameworks/Security.framework/Security.tbd
_SecPolicyCreateAppleiCloudSetupService	System/Library/Frameworks/Security.framework/Security.tbd
_SecPolicyCreateBasicX509	System/Library/Frameworks/Security.framework/Security.tbd
_SecPolicyCreateCodeSigning	System/Library/Frameworks/Security.framework/Security.tbd
_SecPolicyCreateConfigurationProfileSigner	System/Library/Frameworks/Security.framework/Security.tbd
_SecPolicyCreateDCAttestation	System/Library/Frameworks/Security.framework/Security.tbd
_SecPolicyCreateDemoDigitalCatalogSigning	System/Library/Frameworks/Security.framework/Security.tbd
_SecPolicyCreateDeveloperIDInstaller	System/Library/Frameworks/Security.framework/Security.tbd
_SecPolicyCreateEAP	System/Library/Frameworks/Security.framework/Security.tbd
_SecPolicyCreateEDPSigning	System/Library/Frameworks/Security.framework/Security.tbd
_SecPolicyCreateEscrowServiceIdKeySigning	System/Library/Frameworks/Security.framework/Security.tbd
_SecPolicyCreateEscrowServiceSigner	System/Library/Frameworks/Security.framework/Security.tbd
_SecPolicyCreateFactoryDeviceCertificate	System/Library/Frameworks/Security.framework/Security.tbd
_SecPolicyCreateIPSec	System/Library/Frameworks/Security.framework/Security.tbd
_SecPolicyCreateIdentityWebPresentment	System/Library/Frameworks/Security.framework/Security.tbd
_SecPolicyCreateJibeTLS	System/Library/Frameworks/Security.framework/Security.tbd
_SecPolicyCreateLockdownPairing	System/Library/Frameworks/Security.framework/Security.tbd
_SecPolicyCreateMDLTerminalAuth	System/Library/Frameworks/Security.framework/Security.tbd
_SecPolicyCreateMacAppStoreInstaller	System/Library/Frameworks/Security.framework/Security.tbd
_SecPolicyCreateMacAppStoreReceipt	System/Library/Frameworks/Security.framework/Security.tbd
_SecPolicyCreateMacDistributionInstaller	System/Library/Frameworks/Security.framework/Security.tbd
_SecPolicyCreateMacOSProfileApplicationSigning	System/Library/Frameworks/Security.framework/Security.tbd
_SecPolicyCreateMeasuredBootPolicySigning	System/Library/Frameworks/Security.framework/Security.tbd
_SecPolicyCreateMobileAsset	System/Library/Frameworks/Security.framework/Security.tbd
_SecPolicyCreateMobileAssetDevelopment	System/Library/Frameworks/Security.framework/Security.tbd
_SecPolicyCreateMobileSoftwareUpdate	System/Library/Frameworks/Security.framework/Security.tbd
_SecPolicyCreateMobileStoreSigner	System/Library/Frameworks/Security.framework/Security.tbd
_SecPolicyCreateOCSPSigner	System/Library/Frameworks/Security.framework/Security.tbd
_SecPolicyCreateOSXProvisioningProfileSigning	System/Library/Frameworks/Security.framework/Security.tbd
_SecPolicyCreateOTATasking	System/Library/Frameworks/Security.framework/Security.tbd
_SecPolicyCreateOrderBundleSigner	System/Library/Frameworks/Security.framework/Security.tbd
_SecPolicyCreatePCSEscrowServiceIdKeySigning	System/Library/Frameworks/Security.framework/Security.tbd
_SecPolicyCreatePCSEscrowServiceSigner	System/Library/Frameworks/Security.framework/Security.tbd
_SecPolicyCreatePPMAggregatorConfigSigning	System/Library/Frameworks/Security.framework/Security.tbd
_SecPolicyCreateParakeetService	System/Library/Frameworks/Security.framework/Security.tbd
_SecPolicyCreateParakeetSigning	System/Library/Frameworks/Security.framework/Security.tbd
_SecPolicyCreatePassbookCardSigner	System/Library/Frameworks/Security.framework/Security.tbd
_SecPolicyCreatePrivacyConfigurationProfileSigner	System/Library/Frameworks/Security.framework/Security.tbd
_SecPolicyCreateQAConfigurationProfileSigner	System/Library/Frameworks/Security.framework/Security.tbd
_SecPolicyCreateQWAC	System/Library/Frameworks/Security.framework/Security.tbd
_SecPolicyCreateQiSigning	System/Library/Frameworks/Security.framework/Security.tbd
_SecPolicyCreateRCSEncryption	System/Library/Frameworks/Security.framework/Security.tbd
_SecPolicyCreateRevocation	System/Library/Frameworks/Security.framework/Security.tbd
_SecPolicyCreateSMIME	System/Library/Frameworks/Security.framework/Security.tbd
_SecPolicyCreateSSL	System/Library/Frameworks/Security.framework/Security.tbd
_SecPolicyCreateSSLWithATSPinning	System/Library/Frameworks/Security.framework/Security.tbd
_SecPolicyCreateSSLWithKeyUsage	System/Library/Frameworks/Security.framework/Security.tbd
_SecPolicyCreateTestApplePPQSigning	System/Library/Frameworks/Security.framework/Security.tbd
_SecPolicyCreateTestAppleSMPEncryption	System/Library/Frameworks/Security.framework/Security.tbd
_SecPolicyCreateTestMobileStoreSigner	System/Library/Frameworks/Security.framework/Security.tbd
_SecPolicyCreateURLBag	System/Library/Frameworks/Security.framework/Security.tbd
_SecPolicyCreateVerifiedMark	System/Library/Frameworks/Security.framework/Security.tbd
_SecPolicyCreateWithProperties	System/Library/Frameworks/Security.framework/Security.tbd
_SecPolicyCreateiAP	System/Library/Frameworks/Security.framework/Security.tbd
_SecPolicyCreateiAPAuthV4	System/Library/Frameworks/Security.framework/Security.tbd
_SecPolicyCreateiAPSWAuth	System/Library/Frameworks/Security.framework/Security.tbd
_SecPolicyCreateiAPSWAuthWithExpiration	System/Library/Frameworks/Security.framework/Security.tbd
_SecPolicyCreateiPhoneActivation	System/Library/Frameworks/Security.framework/Security.tbd
_SecPolicyCreateiPhoneApplicationSigning	System/Library/Frameworks/Security.framework/Security.tbd
_SecPolicyCreateiPhoneDeviceCertificate	System/Library/Frameworks/Security.framework/Security.tbd
_SecPolicyCreateiPhoneProfileApplicationSigning	System/Library/Frameworks/Security.framework/Security.tbd
_SecPolicyCreateiPhoneProvisioningProfileSigning	System/Library/Frameworks/Security.framework/Security.tbd
_SecPolicyCreateiPhoneVPNApplicationSigning	System/Library/Frameworks/Security.framework/Security.tbd
_SecPolicyCreateiTunesStoreURLBag	System/Library/Frameworks/Security.framework/Security.tbd
_SecPolicyGetCompatibilityOidString	System/Library/Frameworks/Security.framework/Security.tbd
_SecPolicyGetName	System/Library/Frameworks/Security.framework/Security.tbd
_SecPolicyGetOidString	System/Library/Frameworks/Security.framework/Security.tbd
_SecPolicyGetOptions	System/Library/Frameworks/Security.framework/Security.tbd
_SecPolicyGetTypeID	System/Library/Frameworks/Security.framework/Security.tbd
_SecPolicyReconcilePinningRequiredIfInfoSpecified	System/Library/Frameworks/Security.framework/Security.tbd
_SecPolicySetATSPinning	System/Library/Frameworks/Security.framework/Security.tbd
_SecPolicySetName	System/Library/Frameworks/Security.framework/Security.tbd
_SecPolicySetOptionsValue	System/Library/Frameworks/Security.framework/Security.tbd
_SecPolicySetSHA256Pins	System/Library/Frameworks/Security.framework/Security.tbd
_SecPolicySetSSLHostname	System/Library/Frameworks/Security.framework/Security.tbd
_SecPolicyUsesAppleAnchors	System/Library/Frameworks/Security.framework/Security.tbd
_SecPolicyUsesConstrainedAnchors	System/Library/Frameworks/Security.framework/Security.tbd
_SecPolicyXPCArrayCopyArray	System/Library/Frameworks/Security.framework/Security.tbd
_SecRKCopyAccountRecoveryPassword	System/Library/Frameworks/Security.framework/Security.tbd
_SecRKCopyAccountRecoveryVerifier	System/Library/Frameworks/Security.framework/Security.tbd
_SecRKCopyBackupFullKey	System/Library/Frameworks/Security.framework/Security.tbd
_SecRKCopyBackupPublicKey	System/Library/Frameworks/Security.framework/Security.tbd
_SecRKCreateRecoveryKey	System/Library/Frameworks/Security.framework/Security.tbd
_SecRKCreateRecoveryKeyString	System/Library/Frameworks/Security.framework/Security.tbd
_SecRKCreateRecoveryKeyWithError	System/Library/Frameworks/Security.framework/Security.tbd
_SecRKRegisterBackupPublicKey	System/Library/Frameworks/Security.framework/Security.tbd
_SecRandomCopyBytes	System/Library/Frameworks/Security.framework/Security.tbd
_SecRequestClientIdentity	System/Library/Frameworks/Security.framework/Security.tbd
_SecRequestSharedWebCredential	System/Library/Frameworks/Security.framework/Security.tbd
_SecRequirementCopyData	System/Library/Frameworks/Security.framework/Security.tbd
_SecRequirementCopyString	System/Library/Frameworks/Security.framework/Security.tbd
_SecRequirementCreateWithData	System/Library/Frameworks/Security.framework/Security.tbd
_SecRequirementCreateWithLightweightCodeRequirementData	System/Library/Frameworks/Security.framework/Security.tbd
_SecRequirementCreateWithString	System/Library/Frameworks/Security.framework/Security.tbd
_SecRequirementCreateWithStringAndErrors	System/Library/Frameworks/Security.framework/Security.tbd
_SecRequirementGetTypeID	System/Library/Frameworks/Security.framework/Security.tbd
_SecSCEPCertifyRequest	System/Library/Frameworks/Security.framework/Security.tbd
_SecSCEPCertifyRequestWithAlgorithms	System/Library/Frameworks/Security.framework/Security.tbd
_SecSCEPCreateTemporaryIdentity	System/Library/Frameworks/Security.framework/Security.tbd
_SecSCEPGenerateCertificateRequest	System/Library/Frameworks/Security.framework/Security.tbd
_SecSCEPGetCertInitial	System/Library/Frameworks/Security.framework/Security.tbd
_SecSCEPValidateCACertMessage	System/Library/Frameworks/Security.framework/Security.tbd
_SecSCEPVerifyGetCertInitial	System/Library/Frameworks/Security.framework/Security.tbd
_SecSCEPVerifyReply	System/Library/Frameworks/Security.framework/Security.tbd
_SecSHA1DigestCreate	System/Library/Frameworks/Security.framework/Security.tbd
_SecSHA256DigestCreate	System/Library/Frameworks/Security.framework/Security.tbd
_SecSHA256DigestCreateFromData	System/Library/Frameworks/Security.framework/Security.tbd
_SecSMIMEFindBulkAlgForRecipients	System/Library/Frameworks/Security.framework/Security.tbd
_SecSecurityClientAppClipToRegular	System/Library/Frameworks/Security.framework/Security.tbd
_SecSecurityClientGet	System/Library/Frameworks/Security.framework/Security.tbd
_SecSecurityClientRegularToAppClip	System/Library/Frameworks/Security.framework/Security.tbd
_SecSecurityClientSetApplicationIdentifier	System/Library/Frameworks/Security.framework/Security.tbd
_SecSecurityClientSetKeychainSharingState	System/Library/Frameworks/Security.framework/Security.tbd
_SecSecurityFixUpClientWithPersona	System/Library/Frameworks/Security.framework/Security.tbd
_SecSecuritySetMusrMode	System/Library/Frameworks/Security.framework/Security.tbd
_SecSecuritySetPersonaMusr	System/Library/Frameworks/Security.framework/Security.tbd
_SecServerSetTrustdMachServiceName	System/Library/Frameworks/Security.framework/Security.tbd
_SecSetCustomHomeURL	System/Library/Frameworks/Security.framework/Security.tbd
_SecSetCustomHomeURLString	System/Library/Frameworks/Security.framework/Security.tbd
_SecSetLoggingInfoForCircleScope	System/Library/Frameworks/Security.framework/Security.tbd
_SecSetLoggingInfoForXPCScope	System/Library/Frameworks/Security.framework/Security.tbd
_SecSignatureHashAlgorithmForAlgorithmOid	System/Library/Frameworks/Security.framework/Security.tbd
_SecStaticCodeCancelValidation	System/Library/Frameworks/Security.framework/Security.tbd
_SecStaticCodeCheckValidity	System/Library/Frameworks/Security.framework/Security.tbd
_SecStaticCodeCheckValidityWithErrors	System/Library/Frameworks/Security.framework/Security.tbd
_SecStaticCodeCreateWithPath	System/Library/Frameworks/Security.framework/Security.tbd
_SecStaticCodeCreateWithPathAndAttributes	System/Library/Frameworks/Security.framework/Security.tbd
_SecStaticCodeEnableOnlineNotarizationCheck	System/Library/Frameworks/Security.framework/Security.tbd
_SecStaticCodeGetTypeID	System/Library/Frameworks/Security.framework/Security.tbd
_SecStaticCodeSetCallback	System/Library/Frameworks/Security.framework/Security.tbd
_SecStaticCodeSetValidationConditions	System/Library/Frameworks/Security.framework/Security.tbd
_SecStaticCodeValidateResourceWithErrors	System/Library/Frameworks/Security.framework/Security.tbd
_SecTaskCopySigningIdentifier	System/Library/Frameworks/Security.framework/Security.tbd
_SecTaskCopyTeamIdentifier	System/Library/Frameworks/Security.framework/Security.tbd
_SecTaskCopyValueForEntitlement	System/Library/Frameworks/Security.framework/Security.tbd
_SecTaskCopyValuesForEntitlements	System/Library/Frameworks/Security.framework/Security.tbd
_SecTaskCreateFromSelf	System/Library/Frameworks/Security.framework/Security.tbd
_SecTaskCreateWithAuditToken	System/Library/Frameworks/Security.framework/Security.tbd
_SecTaskCreateWithXPCMessage	System/Library/Frameworks/Security.framework/Security.tbd
_SecTaskEntitlementsValidated	System/Library/Frameworks/Security.framework/Security.tbd
_SecTaskGetCodeSignStatus	System/Library/Frameworks/Security.framework/Security.tbd
_SecTaskGetTypeID	System/Library/Frameworks/Security.framework/Security.tbd
_SecTaskValidateForLightweightCodeRequirementData	System/Library/Frameworks/Security.framework/Security.tbd
_SecTokenItemValueCopy	System/Library/Frameworks/Security.framework/Security.tbd
_SecTrustAddToInputCertificates	System/Library/Frameworks/Security.framework/Security.tbd
_SecTrustCopyCertificateChain	System/Library/Frameworks/Security.framework/Security.tbd
_SecTrustCopyCustomAnchorCertificates	System/Library/Frameworks/Security.framework/Security.tbd
_SecTrustCopyDetailedPropertiesAtIndex	System/Library/Frameworks/Security.framework/Security.tbd
_SecTrustCopyExceptions	System/Library/Frameworks/Security.framework/Security.tbd
_SecTrustCopyFailureDescription	System/Library/Frameworks/Security.framework/Security.tbd
_SecTrustCopyFilteredDetails	System/Library/Frameworks/Security.framework/Security.tbd
_SecTrustCopyInfo	System/Library/Frameworks/Security.framework/Security.tbd
_SecTrustCopyInputCertificates	System/Library/Frameworks/Security.framework/Security.tbd
_SecTrustCopyKey	System/Library/Frameworks/Security.framework/Security.tbd
_SecTrustCopyPolicies	System/Library/Frameworks/Security.framework/Security.tbd
_SecTrustCopyProperties	System/Library/Frameworks/Security.framework/Security.tbd
_SecTrustCopyPropertyListRepresentation	System/Library/Frameworks/Security.framework/Security.tbd
_SecTrustCopyPublicKey	System/Library/Frameworks/Security.framework/Security.tbd
_SecTrustCopyResult	System/Library/Frameworks/Security.framework/Security.tbd
_SecTrustCopySummaryPropertiesAtIndex	System/Library/Frameworks/Security.framework/Security.tbd
_SecTrustCopyTrustStoreAssetVersion	System/Library/Frameworks/Security.framework/Security.tbd
_SecTrustCopyTrustStoreContentDigest	System/Library/Frameworks/Security.framework/Security.tbd
_SecTrustCreateFromPropertyListRepresentation	System/Library/Frameworks/Security.framework/Security.tbd
_SecTrustCreateWithCertificates	System/Library/Frameworks/Security.framework/Security.tbd
_SecTrustDeserialize	System/Library/Frameworks/Security.framework/Security.tbd
_SecTrustEvaluate	System/Library/Frameworks/Security.framework/Security.tbd
_SecTrustEvaluateAsync	System/Library/Frameworks/Security.framework/Security.tbd
_SecTrustEvaluateAsyncWithError	System/Library/Frameworks/Security.framework/Security.tbd
_SecTrustEvaluateFastAsync	System/Library/Frameworks/Security.framework/Security.tbd
_SecTrustEvaluateLeafOnly	System/Library/Frameworks/Security.framework/Security.tbd
_SecTrustEvaluateWithError	System/Library/Frameworks/Security.framework/Security.tbd
_SecTrustFlushResponseCache	System/Library/Frameworks/Security.framework/Security.tbd
_SecTrustGetAppleAnchors	System/Library/Frameworks/Security.framework/Security.tbd
_SecTrustGetAssetVersionNumber	System/Library/Frameworks/Security.framework/Security.tbd
_SecTrustGetCertificateAtIndex	System/Library/Frameworks/Security.framework/Security.tbd
_SecTrustGetCertificateCount	System/Library/Frameworks/Security.framework/Security.tbd
_SecTrustGetDetails	System/Library/Frameworks/Security.framework/Security.tbd
_SecTrustGetExceptionResetCount	System/Library/Frameworks/Security.framework/Security.tbd
_SecTrustGetKeychainsAllowed	System/Library/Frameworks/Security.framework/Security.tbd
_SecTrustGetNetworkFetchAllowed	System/Library/Frameworks/Security.framework/Security.tbd
_SecTrustGetTrustExceptionsArray	System/Library/Frameworks/Security.framework/Security.tbd
_SecTrustGetTrustResult	System/Library/Frameworks/Security.framework/Security.tbd
_SecTrustGetTrustStoreVersionNumber	System/Library/Frameworks/Security.framework/Security.tbd
_SecTrustGetTypeID	System/Library/Frameworks/Security.framework/Security.tbd
_SecTrustGetVerifyTime	System/Library/Frameworks/Security.framework/Security.tbd
_SecTrustIncrementExceptionResetCount	System/Library/Frameworks/Security.framework/Security.tbd
_SecTrustIsExpiredOnly	System/Library/Frameworks/Security.framework/Security.tbd
_SecTrustIsTrustResultValid	System/Library/Frameworks/Security.framework/Security.tbd
_SecTrustOTAPKIGetUpdatedAsset	System/Library/Frameworks/Security.framework/Security.tbd
_SecTrustOTASecExperimentCopyAsset	System/Library/Frameworks/Security.framework/Security.tbd
_SecTrustOTASecExperimentGetUpdatedAsset	System/Library/Frameworks/Security.framework/Security.tbd
_SecTrustReportNetworkingAnalytics	System/Library/Frameworks/Security.framework/Security.tbd
_SecTrustReportTLSAnalytics	System/Library/Frameworks/Security.framework/Security.tbd
_SecTrustResetSettings	System/Library/Frameworks/Security.framework/Security.tbd
_SecTrustSerialize	System/Library/Frameworks/Security.framework/Security.tbd
_SecTrustSetAnchorCertificates	System/Library/Frameworks/Security.framework/Security.tbd
_SecTrustSetAnchorCertificatesOnly	System/Library/Frameworks/Security.framework/Security.tbd
_SecTrustSetClientAuditToken	System/Library/Frameworks/Security.framework/Security.tbd
_SecTrustSetExceptions	System/Library/Frameworks/Security.framework/Security.tbd
_SecTrustSetKeychainsAllowed	System/Library/Frameworks/Security.framework/Security.tbd
_SecTrustSetNeedsEvaluation	System/Library/Frameworks/Security.framework/Security.tbd
_SecTrustSetNetworkFetchAllowed	System/Library/Frameworks/Security.framework/Security.tbd
_SecTrustSetOCSPResponse	System/Library/Frameworks/Security.framework/Security.tbd
_SecTrustSetPinningException	System/Library/Frameworks/Security.framework/Security.tbd
_SecTrustSetPinningPolicyName	System/Library/Frameworks/Security.framework/Security.tbd
_SecTrustSetPolicies	System/Library/Frameworks/Security.framework/Security.tbd
_SecTrustSetSignedCertificateTimestamps	System/Library/Frameworks/Security.framework/Security.tbd
_SecTrustSetTrustedLogs	System/Library/Frameworks/Security.framework/Security.tbd
_SecTrustSetURLRequestAttribution	System/Library/Frameworks/Security.framework/Security.tbd
_SecTrustSetVerifyDate	System/Library/Frameworks/Security.framework/Security.tbd
_SecTrustSettingsDomainForName	System/Library/Frameworks/Security.framework/Security.tbd
_SecTrustSettingsDomainName	System/Library/Frameworks/Security.framework/Security.tbd
_SecTrustStoreContains	System/Library/Frameworks/Security.framework/Security.tbd
_SecTrustStoreCopyAll	System/Library/Frameworks/Security.framework/Security.tbd
_SecTrustStoreCopyAnchors	System/Library/Frameworks/Security.framework/Security.tbd
_SecTrustStoreCopyCARevocationAdditions	System/Library/Frameworks/Security.framework/Security.tbd
_SecTrustStoreCopyCTExceptions	System/Library/Frameworks/Security.framework/Security.tbd
_SecTrustStoreCopyTransparentConnectionPins	System/Library/Frameworks/Security.framework/Security.tbd
_SecTrustStoreCopyUsageConstraints	System/Library/Frameworks/Security.framework/Security.tbd
_SecTrustStoreDomainName	System/Library/Frameworks/Security.framework/Security.tbd
_SecTrustStoreForDomain	System/Library/Frameworks/Security.framework/Security.tbd
_SecTrustStoreGetSettingsAssetVersionNumber	System/Library/Frameworks/Security.framework/Security.tbd
_SecTrustStoreGetSettingsVersionNumber	System/Library/Frameworks/Security.framework/Security.tbd
_SecTrustStoreRemoveAll	System/Library/Frameworks/Security.framework/Security.tbd
_SecTrustStoreRemoveCertificate	System/Library/Frameworks/Security.framework/Security.tbd
_SecTrustStoreSetCARevocationAdditions	System/Library/Frameworks/Security.framework/Security.tbd
_SecTrustStoreSetCTExceptions	System/Library/Frameworks/Security.framework/Security.tbd
_SecTrustStoreSetTransparentConnectionPins	System/Library/Frameworks/Security.framework/Security.tbd
_SecTrustStoreSetTrustSettings	System/Library/Frameworks/Security.framework/Security.tbd
_SecTrustTriggerValidUpdate	System/Library/Frameworks/Security.framework/Security.tbd
_SecVerifyCertificateRequest	System/Library/Frameworks/Security.framework/Security.tbd
_SetRollOctagonIdentityEnabled	System/Library/Frameworks/Security.framework/Security.tbd
_SetSOSCompatibilityMode	System/Library/Frameworks/Security.framework/Security.tbd
_TrustedPeersHelperErrorDomain	System/Library/Frameworks/Security.framework/Security.tbd
_TrustedPeersHelperRecoveryKeySetErrorDomain	System/Library/Frameworks/Security.framework/Security.tbd
__NtlmCreateClientResponse	System/Library/Frameworks/Security.framework/Security.tbd
__OctagonSignpostCreate	System/Library/Frameworks/Security.framework/Security.tbd
__OctagonSignpostGetNanoseconds	System/Library/Frameworks/Security.framework/Security.tbd
__OctagonSignpostLogSystem	System/Library/Frameworks/Security.framework/Security.tbd
__SOSControlSetupInterface	System/Library/Frameworks/Security.framework/Security.tbd
__SSLCopyCertificateAuthorities	System/Library/Frameworks/Security.framework/Security.tbd
__SSLCopyPeerCertificates	System/Library/Frameworks/Security.framework/Security.tbd
__SSLCopyTrustedRoots	System/Library/Frameworks/Security.framework/Security.tbd
__SSLDisposeContext	System/Library/Frameworks/Security.framework/Security.tbd
__SSLGetAllowsAnyRoot	System/Library/Frameworks/Security.framework/Security.tbd
__SSLGetAllowsExpiredCerts	System/Library/Frameworks/Security.framework/Security.tbd
__SSLGetAllowsExpiredRoots	System/Library/Frameworks/Security.framework/Security.tbd
__SSLGetDiffieHellmanParams	System/Library/Frameworks/Security.framework/Security.tbd
__SSLGetEnableCertVerify	System/Library/Frameworks/Security.framework/Security.tbd
__SSLGetProtocolVersion	System/Library/Frameworks/Security.framework/Security.tbd
__SSLGetProtocolVersionEnabled	System/Library/Frameworks/Security.framework/Security.tbd
__SSLGetRsaBlinding	System/Library/Frameworks/Security.framework/Security.tbd
__SSLNewContext	System/Library/Frameworks/Security.framework/Security.tbd
__SSLNewDatagramContext	System/Library/Frameworks/Security.framework/Security.tbd
__SSLProtocolVersionToWireFormatValue	System/Library/Frameworks/Security.framework/Security.tbd
__SSLSetAllowsAnyRoot	System/Library/Frameworks/Security.framework/Security.tbd
__SSLSetAllowsExpiredCerts	System/Library/Frameworks/Security.framework/Security.tbd
__SSLSetAllowsExpiredRoots	System/Library/Frameworks/Security.framework/Security.tbd
__SSLSetCertificateAuthorities	System/Library/Frameworks/Security.framework/Security.tbd
__SSLSetDiffieHellmanParams	System/Library/Frameworks/Security.framework/Security.tbd
__SSLSetEnableCertVerify	System/Library/Frameworks/Security.framework/Security.tbd
__SSLSetProtocolVersion	System/Library/Frameworks/Security.framework/Security.tbd
__SSLSetProtocolVersionEnabled	System/Library/Frameworks/Security.framework/Security.tbd
__SSLSetRsaBlinding	System/Library/Frameworks/Security.framework/Security.tbd
__SSLSetTrustedRoots	System/Library/Frameworks/Security.framework/Security.tbd
__SecItemAddAndNotifyOnSync	System/Library/Frameworks/Security.framework/Security.tbd
__SecItemCreatePersistentRef	System/Library/Frameworks/Security.framework/Security.tbd
__SecItemCreateUUIDBasedPersistentRef	System/Library/Frameworks/Security.framework/Security.tbd
__SecItemFetchDigests	System/Library/Frameworks/Security.framework/Security.tbd
__SecItemParsePersistentRef	System/Library/Frameworks/Security.framework/Security.tbd
__SecKeyCopyUnwrapKey	System/Library/Frameworks/Security.framework/Security.tbd
__SecKeyCopyWrapKey	System/Library/Frameworks/Security.framework/Security.tbd
__SecKeychainBackupSyncable	System/Library/Frameworks/Security.framework/Security.tbd
__SecKeychainCopyBackup	System/Library/Frameworks/Security.framework/Security.tbd
__SecKeychainCopyEMCSBackup	System/Library/Frameworks/Security.framework/Security.tbd
__SecKeychainCopyKeybagUUIDFromFileDescriptor	System/Library/Frameworks/Security.framework/Security.tbd
__SecKeychainCopyOTABackup	System/Library/Frameworks/Security.framework/Security.tbd
__SecKeychainDeleteMultiUser	System/Library/Frameworks/Security.framework/Security.tbd
__SecKeychainForceUpgradeIfNeeded	System/Library/Frameworks/Security.framework/Security.tbd
__SecKeychainRestoreBackup	System/Library/Frameworks/Security.framework/Security.tbd
__SecKeychainRestoreBackupFromFileDescriptor	System/Library/Frameworks/Security.framework/Security.tbd
__SecKeychainRestoreSyncable	System/Library/Frameworks/Security.framework/Security.tbd
__SecKeychainRollKeys	System/Library/Frameworks/Security.framework/Security.tbd
__SecKeychainSyncUpdateMessage	System/Library/Frameworks/Security.framework/Security.tbd
__SecKeychainWriteBackupToFileDescriptor	System/Library/Frameworks/Security.framework/Security.tbd
__SecSecuritydCopyCKKSEndpoint	System/Library/Frameworks/Security.framework/Security.tbd
__SecSecuritydCopyKeychainControlEndpoint	System/Library/Frameworks/Security.framework/Security.tbd
__SecSecuritydCopySFKeychainEndpoint	System/Library/Frameworks/Security.framework/Security.tbd
__SecSecuritydCopyWhoAmI	System/Library/Frameworks/Security.framework/Security.tbd
__SecSyncBubbleTransfer	System/Library/Frameworks/Security.framework/Security.tbd
__SecSyncDeleteUserViews	System/Library/Frameworks/Security.framework/Security.tbd
__SecSystemKeychainTranscrypt	System/Library/Frameworks/Security.framework/Security.tbd
__SecSystemKeychainTransfer	System/Library/Frameworks/Security.framework/Security.tbd
__kSecKeyWrapPGPFingerprint	System/Library/Frameworks/Security.framework/Security.tbd
__kSecKeyWrapPGPSymAlg	System/Library/Frameworks/Security.framework/Security.tbd
__kSecKeyWrapPGPWrapAlg	System/Library/Frameworks/Security.framework/Security.tbd
__kSecKeyWrapRFC6637Flags	System/Library/Frameworks/Security.framework/Security.tbd
__kSecKeyWrapRFC6637WrapDigestSHA256KekAES128	System/Library/Frameworks/Security.framework/Security.tbd
__kSecKeyWrapRFC6637WrapDigestSHA512KekAES256	System/Library/Frameworks/Security.framework/Security.tbd
_bskbRkbgPrefix	System/Library/Frameworks/Security.framework/Security.tbd
_debugDumpCircle	System/Library/Frameworks/Security.framework/Security.tbd
_der_decode_BackupSliceKeyBag	System/Library/Frameworks/Security.framework/Security.tbd
_der_decode_data_or_null	System/Library/Frameworks/Security.framework/Security.tbd
_der_decode_plist	System/Library/Frameworks/Security.framework/Security.tbd
_der_encode_BackupSliceKeyBag	System/Library/Frameworks/Security.framework/Security.tbd
_der_encode_data_or_null	System/Library/Frameworks/Security.framework/Security.tbd
_der_encode_plist	System/Library/Frameworks/Security.framework/Security.tbd
_der_encode_plist_repair	System/Library/Frameworks/Security.framework/Security.tbd
_der_sizeof_BackupSliceKeyBag	System/Library/Frameworks/Security.framework/Security.tbd
_der_sizeof_data_or_null	System/Library/Frameworks/Security.framework/Security.tbd
_der_sizeof_plist	System/Library/Frameworks/Security.framework/Security.tbd
_gSecurityd	System/Library/Frameworks/Security.framework/Security.tbd
_gTrustd	System/Library/Frameworks/Security.framework/Security.tbd
_hmac_sha1_PRF	System/Library/Frameworks/Security.framework/Security.tbd
_hmac_sha256_PRF	System/Library/Frameworks/Security.framework/Security.tbd
_kCKKSViewApplePay	System/Library/Frameworks/Security.framework/Security.tbd
_kCKKSViewAutoUnlock	System/Library/Frameworks/Security.framework/Security.tbd
_kCKKSViewContacts	System/Library/Frameworks/Security.framework/Security.tbd
_kCKKSViewEngram	System/Library/Frameworks/Security.framework/Security.tbd
_kCKKSViewFindMy	System/Library/Frameworks/Security.framework/Security.tbd
_kCKKSViewGroups	System/Library/Frameworks/Security.framework/Security.tbd
_kCKKSViewHealth	System/Library/Frameworks/Security.framework/Security.tbd
_kCKKSViewHome	System/Library/Frameworks/Security.framework/Security.tbd
_kCKKSViewLimitedPeersAllowed	System/Library/Frameworks/Security.framework/Security.tbd
_kCKKSViewMFi	System/Library/Frameworks/Security.framework/Security.tbd
_kCKKSViewMail	System/Library/Frameworks/Security.framework/Security.tbd
_kCKKSViewManatee	System/Library/Frameworks/Security.framework/Security.tbd
_kCKKSViewPhotos	System/Library/Frameworks/Security.framework/Security.tbd
_kCMSEncoderDigestAlgorithmSHA1	System/Library/Frameworks/Security.framework/Security.tbd
_kCMSEncoderDigestAlgorithmSHA256	System/Library/Frameworks/Security.framework/Security.tbd
_kPIDeviceModelNameKey	System/Library/Frameworks/Security.framework/Security.tbd
_kPIMessageProtocolVersionKey	System/Library/Frameworks/Security.framework/Security.tbd
_kPIOSVersionKey	System/Library/Frameworks/Security.framework/Security.tbd
_kPIUserDefinedDeviceNameKey	System/Library/Frameworks/Security.framework/Security.tbd
_kSOSCCCircleChangedNotification	System/Library/Frameworks/Security.framework/Security.tbd
_kSOSCCCircleOctagonKeysChangedNotification	System/Library/Frameworks/Security.framework/Security.tbd
_kSOSCCEngineStateCoderKey	System/Library/Frameworks/Security.framework/Security.tbd
_kSOSCCEngineStateManifestCountKey	System/Library/Frameworks/Security.framework/Security.tbd
_kSOSCCEngineStateManifestHashKey	System/Library/Frameworks/Security.framework/Security.tbd
_kSOSCCEngineStatePeerIDKey	System/Library/Frameworks/Security.framework/Security.tbd
_kSOSCCEngineStateSyncSetKey	System/Library/Frameworks/Security.framework/Security.tbd
_kSOSCCRecoveryKeyChanged	System/Library/Frameworks/Security.framework/Security.tbd
_kSOSCCSOSIsNowOFF	System/Library/Frameworks/Security.framework/Security.tbd
_kSOSCCViewMembershipChangedNotification	System/Library/Frameworks/Security.framework/Security.tbd
_kSOSCountKey	System/Library/Frameworks/Security.framework/Security.tbd
_kSOSDSIDKey	System/Library/Frameworks/Security.framework/Security.tbd
_kSOSErrorDomain	System/Library/Frameworks/Security.framework/Security.tbd
_kSOSHsaCrKeyDictionary	System/Library/Frameworks/Security.framework/Security.tbd
_kSOSInternalAccessGroup	System/Library/Frameworks/Security.framework/Security.tbd
_kSOSKVSAccountChangedKey	System/Library/Frameworks/Security.framework/Security.tbd
_kSOSKVSInitialSyncKey	System/Library/Frameworks/Security.framework/Security.tbd
_kSOSKVSKeyParametersKey	System/Library/Frameworks/Security.framework/Security.tbd
_kSOSKVSLastCleanupTimestampKey	System/Library/Frameworks/Security.framework/Security.tbd
_kSOSKVSOTRConfigVersion	System/Library/Frameworks/Security.framework/Security.tbd
_kSOSKVSOfficialDSIDKey	System/Library/Frameworks/Security.framework/Security.tbd
_kSOSKVSRequiredKey	System/Library/Frameworks/Security.framework/Security.tbd
_kSOSKVSWroteLastKeyParams	System/Library/Frameworks/Security.framework/Security.tbd
_kSOSNoCachedValue	System/Library/Frameworks/Security.framework/Security.tbd
_kSOSPeerSetCallbacks	System/Library/Frameworks/Security.framework/Security.tbd
_kSOSViewAccessoryPairing	System/Library/Frameworks/Security.framework/Security.tbd
_kSOSViewAppleTV	System/Library/Frameworks/Security.framework/Security.tbd
_kSOSViewAutofillPasswords	System/Library/Frameworks/Security.framework/Security.tbd
_kSOSViewAutofillPasswords_tomb	System/Library/Frameworks/Security.framework/Security.tbd
_kSOSViewBackupBagV0	System/Library/Frameworks/Security.framework/Security.tbd
_kSOSViewBackupBagV0_tomb	System/Library/Frameworks/Security.framework/Security.tbd
_kSOSViewContinuityUnlock	System/Library/Frameworks/Security.framework/Security.tbd
_kSOSViewHintAppleTV	System/Library/Frameworks/Security.framework/Security.tbd
_kSOSViewHintHomeKit	System/Library/Frameworks/Security.framework/Security.tbd
_kSOSViewHintPCSCloudKit	System/Library/Frameworks/Security.framework/Security.tbd
_kSOSViewHintPCSEscrow	System/Library/Frameworks/Security.framework/Security.tbd
_kSOSViewHintPCSFDE	System/Library/Frameworks/Security.framework/Security.tbd
_kSOSViewHintPCSMailDrop	System/Library/Frameworks/Security.framework/Security.tbd
_kSOSViewHintPCSMasterKey	System/Library/Frameworks/Security.framework/Security.tbd
_kSOSViewHintPCSNotes	System/Library/Frameworks/Security.framework/Security.tbd
_kSOSViewHintPCSPhotos	System/Library/Frameworks/Security.framework/Security.tbd
_kSOSViewHintPCSiCloudBackup	System/Library/Frameworks/Security.framework/Security.tbd
_kSOSViewHintPCSiCloudDrive	System/Library/Frameworks/Security.framework/Security.tbd
_kSOSViewHintPCSiMessage	System/Library/Frameworks/Security.framework/Security.tbd
_kSOSViewHomeKit	System/Library/Frameworks/Security.framework/Security.tbd
_kSOSViewKeychainV0	System/Library/Frameworks/Security.framework/Security.tbd
_kSOSViewKeychainV0_tomb	System/Library/Frameworks/Security.framework/Security.tbd
_kSOSViewNanoRegistry	System/Library/Frameworks/Security.framework/Security.tbd
_kSOSViewOtherSyncable	System/Library/Frameworks/Security.framework/Security.tbd
_kSOSViewOtherSyncable_tomb	System/Library/Frameworks/Security.framework/Security.tbd
_kSOSViewPCSCloudKit	System/Library/Frameworks/Security.framework/Security.tbd
_kSOSViewPCSEscrow	System/Library/Frameworks/Security.framework/Security.tbd
_kSOSViewPCSFDE	System/Library/Frameworks/Security.framework/Security.tbd
_kSOSViewPCSFeldspar	System/Library/Frameworks/Security.framework/Security.tbd
_kSOSViewPCSMailDrop	System/Library/Frameworks/Security.framework/Security.tbd
_kSOSViewPCSMasterKey	System/Library/Frameworks/Security.framework/Security.tbd
_kSOSViewPCSNotes	System/Library/Frameworks/Security.framework/Security.tbd
_kSOSViewPCSPhotos	System/Library/Frameworks/Security.framework/Security.tbd
_kSOSViewPCSSharing	System/Library/Frameworks/Security.framework/Security.tbd
_kSOSViewPCSiCloudBackup	System/Library/Frameworks/Security.framework/Security.tbd
_kSOSViewPCSiCloudDrive	System/Library/Frameworks/Security.framework/Security.tbd
_kSOSViewPCSiMessage	System/Library/Frameworks/Security.framework/Security.tbd
_kSOSViewSafariCreditCards	System/Library/Frameworks/Security.framework/Security.tbd
_kSOSViewSafariCreditCards_tomb	System/Library/Frameworks/Security.framework/Security.tbd
_kSOSViewWatchMigration	System/Library/Frameworks/Security.framework/Security.tbd
_kSOSViewWiFi	System/Library/Frameworks/Security.framework/Security.tbd
_kSOSViewWiFi_tomb	System/Library/Frameworks/Security.framework/Security.tbd
_kSOSViewiCloudIdentity	System/Library/Frameworks/Security.framework/Security.tbd
_kSOSViewiCloudIdentity_tomb	System/Library/Frameworks/Security.framework/Security.tbd
_kSSLSessionConfig_3DES_fallback	System/Library/Frameworks/Security.framework/Security.tbd
_kSSLSessionConfig_ATSv1	System/Library/Frameworks/Security.framework/Security.tbd
_kSSLSessionConfig_ATSv1_noPFS	System/Library/Frameworks/Security.framework/Security.tbd
_kSSLSessionConfig_RC4_fallback	System/Library/Frameworks/Security.framework/Security.tbd
_kSSLSessionConfig_TLSv1_3DES_fallback	System/Library/Frameworks/Security.framework/Security.tbd
_kSSLSessionConfig_TLSv1_RC4_fallback	System/Library/Frameworks/Security.framework/Security.tbd
_kSSLSessionConfig_TLSv1_fallback	System/Library/Frameworks/Security.framework/Security.tbd
_kSSLSessionConfig_anonymous	System/Library/Frameworks/Security.framework/Security.tbd
_kSSLSessionConfig_default	System/Library/Frameworks/Security.framework/Security.tbd
_kSSLSessionConfig_legacy	System/Library/Frameworks/Security.framework/Security.tbd
_kSSLSessionConfig_legacy_DHE	System/Library/Frameworks/Security.framework/Security.tbd
_kSSLSessionConfig_standard	System/Library/Frameworks/Security.framework/Security.tbd
_kSecACMEDirectoryURL	System/Library/Frameworks/Security.framework/Security.tbd
_kSecACMEPermitLocalIssuer	System/Library/Frameworks/Security.framework/Security.tbd
_kSecACMEServerURL	System/Library/Frameworks/Security.framework/Security.tbd
_kSecAsn1ATVTemplate	System/Library/Frameworks/Security.framework/Security.tbd
_kSecAsn1AccessDescriptionTemplate	System/Library/Frameworks/Security.framework/Security.tbd
_kSecAsn1AnyTemplate	System/Library/Frameworks/Security.framework/Security.tbd
_kSecAsn1AuthorityInfoAccessTemplate	System/Library/Frameworks/Security.framework/Security.tbd
_kSecAsn1AuthorityKeyIdTemplate	System/Library/Frameworks/Security.framework/Security.tbd
_kSecAsn1BMPStringTemplate	System/Library/Frameworks/Security.framework/Security.tbd
_kSecAsn1BasicConstraintsTemplate	System/Library/Frameworks/Security.framework/Security.tbd
_kSecAsn1BitStringTemplate	System/Library/Frameworks/Security.framework/Security.tbd
_kSecAsn1BooleanTemplate	System/Library/Frameworks/Security.framework/Security.tbd
_kSecAsn1CRLDistributionPointsTemplate	System/Library/Frameworks/Security.framework/Security.tbd
_kSecAsn1CertExtensionTemplate	System/Library/Frameworks/Security.framework/Security.tbd
_kSecAsn1CertPoliciesTemplate	System/Library/Frameworks/Security.framework/Security.tbd
_kSecAsn1DistPointFullNameTemplate	System/Library/Frameworks/Security.framework/Security.tbd
_kSecAsn1DistPointRDNTemplate	System/Library/Frameworks/Security.framework/Security.tbd
_kSecAsn1DistributionPointTemplate	System/Library/Frameworks/Security.framework/Security.tbd
_kSecAsn1EnumeratedTemplate	System/Library/Frameworks/Security.framework/Security.tbd
_kSecAsn1GenNameOtherNameTemplate	System/Library/Frameworks/Security.framework/Security.tbd
_kSecAsn1GeneralNameTemplate	System/Library/Frameworks/Security.framework/Security.tbd
_kSecAsn1GeneralizedTimeTemplate	System/Library/Frameworks/Security.framework/Security.tbd
_kSecAsn1IA5StringTemplate	System/Library/Frameworks/Security.framework/Security.tbd
_kSecAsn1IntegerTemplate	System/Library/Frameworks/Security.framework/Security.tbd
_kSecAsn1IssuingDistributionPointTemplate	System/Library/Frameworks/Security.framework/Security.tbd
_kSecAsn1NameConstraintsTemplate	System/Library/Frameworks/Security.framework/Security.tbd
_kSecAsn1NameTemplate	System/Library/Frameworks/Security.framework/Security.tbd
_kSecAsn1NullTemplate	System/Library/Frameworks/Security.framework/Security.tbd
_kSecAsn1OCSPBasicResponseTemplate	System/Library/Frameworks/Security.framework/Security.tbd
_kSecAsn1OCSPCertIDTemplate	System/Library/Frameworks/Security.framework/Security.tbd
_kSecAsn1OCSPCertStatusGoodTemplate	System/Library/Frameworks/Security.framework/Security.tbd
_kSecAsn1OCSPCertStatusRevokedTemplate	System/Library/Frameworks/Security.framework/Security.tbd
_kSecAsn1OCSPCertStatusUnknownTemplate	System/Library/Frameworks/Security.framework/Security.tbd
_kSecAsn1OCSPDRepliesTemplate	System/Library/Frameworks/Security.framework/Security.tbd
_kSecAsn1OCSPDReplyTemplate	System/Library/Frameworks/Security.framework/Security.tbd
_kSecAsn1OCSPDRequestTemplate	System/Library/Frameworks/Security.framework/Security.tbd
_kSecAsn1OCSPDRequestsTemplate	System/Library/Frameworks/Security.framework/Security.tbd
_kSecAsn1OCSPRequestTemplate	System/Library/Frameworks/Security.framework/Security.tbd
_kSecAsn1OCSPResponderIDAsKeyTemplate	System/Library/Frameworks/Security.framework/Security.tbd
_kSecAsn1OCSPResponderIDAsNameTemplate	System/Library/Frameworks/Security.framework/Security.tbd
_kSecAsn1OCSPResponseBytesTemplate	System/Library/Frameworks/Security.framework/Security.tbd
_kSecAsn1OCSPResponseDataTemplate	System/Library/Frameworks/Security.framework/Security.tbd
_kSecAsn1OCSPResponseTemplate	System/Library/Frameworks/Security.framework/Security.tbd
_kSecAsn1OCSPRevokedInfoTemplate	System/Library/Frameworks/Security.framework/Security.tbd
_kSecAsn1OCSPSignatureTemplate	System/Library/Frameworks/Security.framework/Security.tbd
_kSecAsn1OCSPSignedRequestTemplate	System/Library/Frameworks/Security.framework/Security.tbd
_kSecAsn1OCSPSingleResponseTemplate	System/Library/Frameworks/Security.framework/Security.tbd
_kSecAsn1OCSPTbsRequestTemplate	System/Library/Frameworks/Security.framework/Security.tbd
_kSecAsn1ObjectIDTemplate	System/Library/Frameworks/Security.framework/Security.tbd
_kSecAsn1OctetStringTemplate	System/Library/Frameworks/Security.framework/Security.tbd
_kSecAsn1OtherNameTemplate	System/Library/Frameworks/Security.framework/Security.tbd
_kSecAsn1PointerToAnyTemplate	System/Library/Frameworks/Security.framework/Security.tbd
_kSecAsn1PointerToBMPStringTemplate	System/Library/Frameworks/Security.framework/Security.tbd
_kSecAsn1PointerToBitStringTemplate	System/Library/Frameworks/Security.framework/Security.tbd
_kSecAsn1PointerToBooleanTemplate	System/Library/Frameworks/Security.framework/Security.tbd
_kSecAsn1PointerToEnumeratedTemplate	System/Library/Frameworks/Security.framework/Security.tbd
_kSecAsn1PointerToGeneralizedTimeTemplate	System/Library/Frameworks/Security.framework/Security.tbd
_kSecAsn1PointerToIA5StringTemplate	System/Library/Frameworks/Security.framework/Security.tbd
_kSecAsn1PointerToIntegerTemplate	System/Library/Frameworks/Security.framework/Security.tbd
_kSecAsn1PointerToNullTemplate	System/Library/Frameworks/Security.framework/Security.tbd
_kSecAsn1PointerToObjectIDTemplate	System/Library/Frameworks/Security.framework/Security.tbd
_kSecAsn1PointerToOctetStringTemplate	System/Library/Frameworks/Security.framework/Security.tbd
_kSecAsn1PointerToPrintableStringTemplate	System/Library/Frameworks/Security.framework/Security.tbd
_kSecAsn1PointerToT61StringTemplate	System/Library/Frameworks/Security.framework/Security.tbd
_kSecAsn1PointerToTeletexStringTemplate	System/Library/Frameworks/Security.framework/Security.tbd
_kSecAsn1PointerToUTCTimeTemplate	System/Library/Frameworks/Security.framework/Security.tbd
_kSecAsn1PointerToUTF8StringTemplate	System/Library/Frameworks/Security.framework/Security.tbd
_kSecAsn1PointerToUniversalStringTemplate	System/Library/Frameworks/Security.framework/Security.tbd
_kSecAsn1PointerToVisibleStringTemplate	System/Library/Frameworks/Security.framework/Security.tbd
_kSecAsn1PolicyConstraintsTemplate	System/Library/Frameworks/Security.framework/Security.tbd
_kSecAsn1PolicyInformationTemplate	System/Library/Frameworks/Security.framework/Security.tbd
_kSecAsn1PolicyMappingsTemplate	System/Library/Frameworks/Security.framework/Security.tbd
_kSecAsn1PolicyQualifierTemplate	System/Library/Frameworks/Security.framework/Security.tbd
_kSecAsn1PrintableStringTemplate	System/Library/Frameworks/Security.framework/Security.tbd
_kSecAsn1QC_StatementTemplate	System/Library/Frameworks/Security.framework/Security.tbd
_kSecAsn1QC_StatementsTemplate	System/Library/Frameworks/Security.framework/Security.tbd
_kSecAsn1RDNTemplate	System/Library/Frameworks/Security.framework/Security.tbd
_kSecAsn1RevokedCertTemplate	System/Library/Frameworks/Security.framework/Security.tbd
_kSecAsn1SemanticsInformationTemplate	System/Library/Frameworks/Security.framework/Security.tbd
_kSecAsn1SequenceOfAnyTemplate	System/Library/Frameworks/Security.framework/Security.tbd
_kSecAsn1SequenceOfBMPStringTemplate	System/Library/Frameworks/Security.framework/Security.tbd
_kSecAsn1SequenceOfBitStringTemplate	System/Library/Frameworks/Security.framework/Security.tbd
_kSecAsn1SequenceOfBooleanTemplate	System/Library/Frameworks/Security.framework/Security.tbd
_kSecAsn1SequenceOfCertExtensionTemplate	System/Library/Frameworks/Security.framework/Security.tbd
_kSecAsn1SequenceOfEnumeratedTemplate	System/Library/Frameworks/Security.framework/Security.tbd
_kSecAsn1SequenceOfGeneralizedTimeTemplate	System/Library/Frameworks/Security.framework/Security.tbd
_kSecAsn1SequenceOfIA5StringTemplate	System/Library/Frameworks/Security.framework/Security.tbd
_kSecAsn1SequenceOfIntegerTemplate	System/Library/Frameworks/Security.framework/Security.tbd
_kSecAsn1SequenceOfNullTemplate	System/Library/Frameworks/Security.framework/Security.tbd
_kSecAsn1SequenceOfObjectIDTemplate	System/Library/Frameworks/Security.framework/Security.tbd
_kSecAsn1SequenceOfOctetStringTemplate	System/Library/Frameworks/Security.framework/Security.tbd
_kSecAsn1SequenceOfPrintableStringTemplate	System/Library/Frameworks/Security.framework/Security.tbd
_kSecAsn1SequenceOfRevokedCertTemplate	System/Library/Frameworks/Security.framework/Security.tbd
_kSecAsn1SequenceOfT61StringTemplate	System/Library/Frameworks/Security.framework/Security.tbd
_kSecAsn1SequenceOfTeletexStringTemplate	System/Library/Frameworks/Security.framework/Security.tbd
_kSecAsn1SequenceOfUTCTimeTemplate	System/Library/Frameworks/Security.framework/Security.tbd
_kSecAsn1SequenceOfUTF8StringTemplate	System/Library/Frameworks/Security.framework/Security.tbd
_kSecAsn1SequenceOfUniversalStringTemplate	System/Library/Frameworks/Security.framework/Security.tbd
_kSecAsn1SequenceOfVisibleStringTemplate	System/Library/Frameworks/Security.framework/Security.tbd
_kSecAsn1SetOfAnyTemplate	System/Library/Frameworks/Security.framework/Security.tbd
_kSecAsn1SetOfBMPStringTemplate	System/Library/Frameworks/Security.framework/Security.tbd
_kSecAsn1SetOfBitStringTemplate	System/Library/Frameworks/Security.framework/Security.tbd
_kSecAsn1SetOfBooleanTemplate	System/Library/Frameworks/Security.framework/Security.tbd
_kSecAsn1SetOfEnumeratedTemplate	System/Library/Frameworks/Security.framework/Security.tbd
_kSecAsn1SetOfGeneralizedTimeTemplate	System/Library/Frameworks/Security.framework/Security.tbd
_kSecAsn1SetOfIA5StringTemplate	System/Library/Frameworks/Security.framework/Security.tbd
_kSecAsn1SetOfIntegerTemplate	System/Library/Frameworks/Security.framework/Security.tbd
_kSecAsn1SetOfNullTemplate	System/Library/Frameworks/Security.framework/Security.tbd
_kSecAsn1SetOfObjectIDTemplate	System/Library/Frameworks/Security.framework/Security.tbd
_kSecAsn1SetOfOctetStringTemplate	System/Library/Frameworks/Security.framework/Security.tbd
_kSecAsn1SetOfPrintableStringTemplate	System/Library/Frameworks/Security.framework/Security.tbd
_kSecAsn1SetOfT61StringTemplate	System/Library/Frameworks/Security.framework/Security.tbd
_kSecAsn1SetOfTeletexStringTemplate	System/Library/Frameworks/Security.framework/Security.tbd
_kSecAsn1SetOfUTCTimeTemplate	System/Library/Frameworks/Security.framework/Security.tbd
_kSecAsn1SetOfUTF8StringTemplate	System/Library/Frameworks/Security.framework/Security.tbd
_kSecAsn1SetOfUniversalStringTemplate	System/Library/Frameworks/Security.framework/Security.tbd
_kSecAsn1SetOfVisibleStringTemplate	System/Library/Frameworks/Security.framework/Security.tbd
_kSecAsn1SignedCertOrCRLTemplate	System/Library/Frameworks/Security.framework/Security.tbd
_kSecAsn1SignedCertTemplate	System/Library/Frameworks/Security.framework/Security.tbd
_kSecAsn1SignedCrlTemplate	System/Library/Frameworks/Security.framework/Security.tbd
_kSecAsn1SkipTemplate	System/Library/Frameworks/Security.framework/Security.tbd
_kSecAsn1T61StringTemplate	System/Library/Frameworks/Security.framework/Security.tbd
_kSecAsn1TBSCertificateTemplate	System/Library/Frameworks/Security.framework/Security.tbd
_kSecAsn1TBSCrlTemplate	System/Library/Frameworks/Security.framework/Security.tbd
_kSecAsn1TeletexStringTemplate	System/Library/Frameworks/Security.framework/Security.tbd
_kSecAsn1TimeTemplate	System/Library/Frameworks/Security.framework/Security.tbd
_kSecAsn1UTCTimeTemplate	System/Library/Frameworks/Security.framework/Security.tbd
_kSecAsn1UTF8StringTemplate	System/Library/Frameworks/Security.framework/Security.tbd
_kSecAsn1UniversalStringTemplate	System/Library/Frameworks/Security.framework/Security.tbd
_kSecAsn1UnsignedIntegerTemplate	System/Library/Frameworks/Security.framework/Security.tbd
_kSecAsn1ValidityTemplate	System/Library/Frameworks/Security.framework/Security.tbd
_kSecAsn1VisibleStringTemplate	System/Library/Frameworks/Security.framework/Security.tbd
_kSecAttestationChain	System/Library/Frameworks/Security.framework/Security.tbd
_kSecAttestationIdentity	System/Library/Frameworks/Security.framework/Security.tbd
_kSecAttestationKey	System/Library/Frameworks/Security.framework/Security.tbd
_kSecAttestationOids	System/Library/Frameworks/Security.framework/Security.tbd
_kSecAttrAFPServerSignature	System/Library/Frameworks/Security.framework/Security.tbd
_kSecAttrAccessControl	System/Library/Frameworks/Security.framework/Security.tbd
_kSecAttrAccessGroup	System/Library/Frameworks/Security.framework/Security.tbd
_kSecAttrAccessGroupToken	System/Library/Frameworks/Security.framework/Security.tbd
_kSecAttrAccessible	System/Library/Frameworks/Security.framework/Security.tbd
_kSecAttrAccessibleAfterFirstUnlock	System/Library/Frameworks/Security.framework/Security.tbd
_kSecAttrAccessibleAfterFirstUnlockThisDeviceOnly	System/Library/Frameworks/Security.framework/Security.tbd
_kSecAttrAccessibleAlways	System/Library/Frameworks/Security.framework/Security.tbd
_kSecAttrAccessibleAlwaysPrivate	System/Library/Frameworks/Security.framework/Security.tbd
_kSecAttrAccessibleAlwaysThisDeviceOnly	System/Library/Frameworks/Security.framework/Security.tbd
_kSecAttrAccessibleAlwaysThisDeviceOnlyPrivate	System/Library/Frameworks/Security.framework/Security.tbd
_kSecAttrAccessibleUntilReboot	System/Library/Frameworks/Security.framework/Security.tbd
_kSecAttrAccessibleWhenPasscodeSetThisDeviceOnly	System/Library/Frameworks/Security.framework/Security.tbd
_kSecAttrAccessibleWhenUnlocked	System/Library/Frameworks/Security.framework/Security.tbd
_kSecAttrAccessibleWhenUnlockedThisDeviceOnly	System/Library/Frameworks/Security.framework/Security.tbd
_kSecAttrAccount	System/Library/Frameworks/Security.framework/Security.tbd
_kSecAttrAddress	System/Library/Frameworks/Security.framework/Security.tbd
_kSecAttrAlias	System/Library/Frameworks/Security.framework/Security.tbd
_kSecAttrApplicationLabel	System/Library/Frameworks/Security.framework/Security.tbd
_kSecAttrApplicationTag	System/Library/Frameworks/Security.framework/Security.tbd
_kSecAttrAuthenticationType	System/Library/Frameworks/Security.framework/Security.tbd
_kSecAttrAuthenticationTypeDPA	System/Library/Frameworks/Security.framework/Security.tbd
_kSecAttrAuthenticationTypeDefault	System/Library/Frameworks/Security.framework/Security.tbd
_kSecAttrAuthenticationTypeHTMLForm	System/Library/Frameworks/Security.framework/Security.tbd
_kSecAttrAuthenticationTypeHTTPBasic	System/Library/Frameworks/Security.framework/Security.tbd
_kSecAttrAuthenticationTypeHTTPDigest	System/Library/Frameworks/Security.framework/Security.tbd
_kSecAttrAuthenticationTypeMSN	System/Library/Frameworks/Security.framework/Security.tbd
_kSecAttrAuthenticationTypeNTLM	System/Library/Frameworks/Security.framework/Security.tbd
_kSecAttrAuthenticationTypeRPA	System/Library/Frameworks/Security.framework/Security.tbd
_kSecAttrCRLEncoding	System/Library/Frameworks/Security.framework/Security.tbd
_kSecAttrCRLType	System/Library/Frameworks/Security.framework/Security.tbd
_kSecAttrCanDecrypt	System/Library/Frameworks/Security.framework/Security.tbd
_kSecAttrCanDerive	System/Library/Frameworks/Security.framework/Security.tbd
_kSecAttrCanEncrypt	System/Library/Frameworks/Security.framework/Security.tbd
_kSecAttrCanSign	System/Library/Frameworks/Security.framework/Security.tbd
_kSecAttrCanSignRecover	System/Library/Frameworks/Security.framework/Security.tbd
_kSecAttrCanUnwrap	System/Library/Frameworks/Security.framework/Security.tbd
_kSecAttrCanVerify	System/Library/Frameworks/Security.framework/Security.tbd
_kSecAttrCanVerifyRecover	System/Library/Frameworks/Security.framework/Security.tbd
_kSecAttrCanWrap	System/Library/Frameworks/Security.framework/Security.tbd
_kSecAttrCertificateEncoding	System/Library/Frameworks/Security.framework/Security.tbd
_kSecAttrCertificateType	System/Library/Frameworks/Security.framework/Security.tbd
_kSecAttrComment	System/Library/Frameworks/Security.framework/Security.tbd
_kSecAttrCreationDate	System/Library/Frameworks/Security.framework/Security.tbd
_kSecAttrCreator	System/Library/Frameworks/Security.framework/Security.tbd
_kSecAttrDeriveSyncIDFromItemAttributes	System/Library/Frameworks/Security.framework/Security.tbd
_kSecAttrDescription	System/Library/Frameworks/Security.framework/Security.tbd
_kSecAttrEffectiveKeySize	System/Library/Frameworks/Security.framework/Security.tbd
_kSecAttrEndDate	System/Library/Frameworks/Security.framework/Security.tbd
_kSecAttrGeneric	System/Library/Frameworks/Security.framework/Security.tbd
_kSecAttrGroupKitGroup	System/Library/Frameworks/Security.framework/Security.tbd
_kSecAttrHasCustomIcon	System/Library/Frameworks/Security.framework/Security.tbd
_kSecAttrIsExtractable	System/Library/Frameworks/Security.framework/Security.tbd
_kSecAttrIsInvisible	System/Library/Frameworks/Security.framework/Security.tbd
_kSecAttrIsModifiable	System/Library/Frameworks/Security.framework/Security.tbd
_kSecAttrIsNegative	System/Library/Frameworks/Security.framework/Security.tbd
_kSecAttrIsPermanent	System/Library/Frameworks/Security.framework/Security.tbd
_kSecAttrIsPrivate	System/Library/Frameworks/Security.framework/Security.tbd
_kSecAttrIsSensitive	System/Library/Frameworks/Security.framework/Security.tbd
_kSecAttrIssuer	System/Library/Frameworks/Security.framework/Security.tbd
_kSecAttrKeyClass	System/Library/Frameworks/Security.framework/Security.tbd
_kSecAttrKeyClassPrivate	System/Library/Frameworks/Security.framework/Security.tbd
_kSecAttrKeyClassPublic	System/Library/Frameworks/Security.framework/Security.tbd
_kSecAttrKeyClassSymmetric	System/Library/Frameworks/Security.framework/Security.tbd
_kSecAttrKeyCreator	System/Library/Frameworks/Security.framework/Security.tbd
_kSecAttrKeySizeInBits	System/Library/Frameworks/Security.framework/Security.tbd
_kSecAttrKeySizeKyber1024	System/Library/Frameworks/Security.framework/Security.tbd
_kSecAttrKeySizeKyber768	System/Library/Frameworks/Security.framework/Security.tbd
_kSecAttrKeySizeMLDSA65	System/Library/Frameworks/Security.framework/Security.tbd
_kSecAttrKeySizeMLDSA87	System/Library/Frameworks/Security.framework/Security.tbd
_kSecAttrKeySizeMLKEM1024	System/Library/Frameworks/Security.framework/Security.tbd
_kSecAttrKeySizeMLKEM768	System/Library/Frameworks/Security.framework/Security.tbd
_kSecAttrKeyType	System/Library/Frameworks/Security.framework/Security.tbd
_kSecAttrKeyTypeEC	System/Library/Frameworks/Security.framework/Security.tbd
_kSecAttrKeyTypeECSECPrimeRandom	System/Library/Frameworks/Security.framework/Security.tbd
_kSecAttrKeyTypeECSECPrimeRandomPKA	System/Library/Frameworks/Security.framework/Security.tbd
_kSecAttrKeyTypeEd25519	System/Library/Frameworks/Security.framework/Security.tbd
_kSecAttrKeyTypeEd448	System/Library/Frameworks/Security.framework/Security.tbd
_kSecAttrKeyTypeKyber	System/Library/Frameworks/Security.framework/Security.tbd
_kSecAttrKeyTypeMLDSA	System/Library/Frameworks/Security.framework/Security.tbd
_kSecAttrKeyTypeMLKEM	System/Library/Frameworks/Security.framework/Security.tbd
_kSecAttrKeyTypeRSA	System/Library/Frameworks/Security.framework/Security.tbd
_kSecAttrKeyTypeSecureEnclaveAnonymousAttestation	System/Library/Frameworks/Security.framework/Security.tbd
_kSecAttrKeyTypeSecureEnclaveAttestation	System/Library/Frameworks/Security.framework/Security.tbd
_kSecAttrKeyTypeX25519	System/Library/Frameworks/Security.framework/Security.tbd
_kSecAttrKeyTypeX448	System/Library/Frameworks/Security.framework/Security.tbd
_kSecAttrLabel	System/Library/Frameworks/Security.framework/Security.tbd
_kSecAttrModificationDate	System/Library/Frameworks/Security.framework/Security.tbd
_kSecAttrMultiUser	System/Library/Frameworks/Security.framework/Security.tbd
_kSecAttrNoLegacy	System/Library/Frameworks/Security.framework/Security.tbd
_kSecAttrPCSPlaintextPublicIdentity	System/Library/Frameworks/Security.framework/Security.tbd
_kSecAttrPCSPlaintextPublicKey	System/Library/Frameworks/Security.framework/Security.tbd
_kSecAttrPCSPlaintextServiceIdentifier	System/Library/Frameworks/Security.framework/Security.tbd
_kSecAttrPath	System/Library/Frameworks/Security.framework/Security.tbd
_kSecAttrPersistantReference	System/Library/Frameworks/Security.framework/Security.tbd
_kSecAttrPersistentReference	System/Library/Frameworks/Security.framework/Security.tbd
_kSecAttrPort	System/Library/Frameworks/Security.framework/Security.tbd
_kSecAttrProtocol	System/Library/Frameworks/Security.framework/Security.tbd
_kSecAttrProtocolAFP	System/Library/Frameworks/Security.framework/Security.tbd
_kSecAttrProtocolAppleTalk	System/Library/Frameworks/Security.framework/Security.tbd
_kSecAttrProtocolDAAP	System/Library/Frameworks/Security.framework/Security.tbd
_kSecAttrProtocolEPPC	System/Library/Frameworks/Security.framework/Security.tbd
_kSecAttrProtocolFTP	System/Library/Frameworks/Security.framework/Security.tbd
_kSecAttrProtocolFTPAccount	System/Library/Frameworks/Security.framework/Security.tbd
_kSecAttrProtocolFTPProxy	System/Library/Frameworks/Security.framework/Security.tbd
_kSecAttrProtocolFTPS	System/Library/Frameworks/Security.framework/Security.tbd
_kSecAttrProtocolHTTP	System/Library/Frameworks/Security.framework/Security.tbd
_kSecAttrProtocolHTTPProxy	System/Library/Frameworks/Security.framework/Security.tbd
_kSecAttrProtocolHTTPS	System/Library/Frameworks/Security.framework/Security.tbd
_kSecAttrProtocolHTTPSProxy	System/Library/Frameworks/Security.framework/Security.tbd
_kSecAttrProtocolIMAP	System/Library/Frameworks/Security.framework/Security.tbd
_kSecAttrProtocolIMAPS	System/Library/Frameworks/Security.framework/Security.tbd
_kSecAttrProtocolIPP	System/Library/Frameworks/Security.framework/Security.tbd
_kSecAttrProtocolIRC	System/Library/Frameworks/Security.framework/Security.tbd
_kSecAttrProtocolIRCS	System/Library/Frameworks/Security.framework/Security.tbd
_kSecAttrProtocolLDAP	System/Library/Frameworks/Security.framework/Security.tbd
_kSecAttrProtocolLDAPS	System/Library/Frameworks/Security.framework/Security.tbd
_kSecAttrProtocolNNTP	System/Library/Frameworks/Security.framework/Security.tbd
_kSecAttrProtocolNNTPS	System/Library/Frameworks/Security.framework/Security.tbd
_kSecAttrProtocolPOP3	System/Library/Frameworks/Security.framework/Security.tbd
_kSecAttrProtocolPOP3S	System/Library/Frameworks/Security.framework/Security.tbd
_kSecAttrProtocolRTSP	System/Library/Frameworks/Security.framework/Security.tbd
_kSecAttrProtocolRTSPProxy	System/Library/Frameworks/Security.framework/Security.tbd
_kSecAttrProtocolSMB	System/Library/Frameworks/Security.framework/Security.tbd
_kSecAttrProtocolSMTP	System/Library/Frameworks/Security.framework/Security.tbd
_kSecAttrProtocolSOCKS	System/Library/Frameworks/Security.framework/Security.tbd
_kSecAttrProtocolSSH	System/Library/Frameworks/Security.framework/Security.tbd
_kSecAttrProtocolTelnet	System/Library/Frameworks/Security.framework/Security.tbd
_kSecAttrProtocolTelnetS	System/Library/Frameworks/Security.framework/Security.tbd
_kSecAttrPublicKeyHash	System/Library/Frameworks/Security.framework/Security.tbd
_kSecAttrSHA1	System/Library/Frameworks/Security.framework/Security.tbd
_kSecAttrScriptCode	System/Library/Frameworks/Security.framework/Security.tbd
_kSecAttrSecureEnclaveKeyBlob	System/Library/Frameworks/Security.framework/Security.tbd
_kSecAttrSecurityDomain	System/Library/Frameworks/Security.framework/Security.tbd
_kSecAttrSerialNumber	System/Library/Frameworks/Security.framework/Security.tbd
_kSecAttrServer	System/Library/Frameworks/Security.framework/Security.tbd
_kSecAttrService	System/Library/Frameworks/Security.framework/Security.tbd
_kSecAttrSharingGroup	System/Library/Frameworks/Security.framework/Security.tbd
_kSecAttrSharingGroupNone	System/Library/Frameworks/Security.framework/Security.tbd
_kSecAttrStartDate	System/Library/Frameworks/Security.framework/Security.tbd
_kSecAttrSubject	System/Library/Frameworks/Security.framework/Security.tbd
_kSecAttrSubjectKeyID	System/Library/Frameworks/Security.framework/Security.tbd
_kSecAttrSyncViewHint	System/Library/Frameworks/Security.framework/Security.tbd
_kSecAttrSynchronizable	System/Library/Frameworks/Security.framework/Security.tbd
_kSecAttrSynchronizableAny	System/Library/Frameworks/Security.framework/Security.tbd
_kSecAttrSysBound	System/Library/Frameworks/Security.framework/Security.tbd
_kSecAttrTokenID	System/Library/Frameworks/Security.framework/Security.tbd
_kSecAttrTokenIDAppleKeyStore	System/Library/Frameworks/Security.framework/Security.tbd
_kSecAttrTokenIDSecureElement	System/Library/Frameworks/Security.framework/Security.tbd
_kSecAttrTokenIDSecureEnclave	System/Library/Frameworks/Security.framework/Security.tbd
_kSecAttrTokenOID	System/Library/Frameworks/Security.framework/Security.tbd
_kSecAttrTombstone	System/Library/Frameworks/Security.framework/Security.tbd
_kSecAttrType	System/Library/Frameworks/Security.framework/Security.tbd
_kSecAttrUUID	System/Library/Frameworks/Security.framework/Security.tbd
_kSecAttrViewHintAccessoryPairing	System/Library/Frameworks/Security.framework/Security.tbd
_kSecAttrViewHintApplePay	System/Library/Frameworks/Security.framework/Security.tbd
_kSecAttrViewHintAppleTV	System/Library/Frameworks/Security.framework/Security.tbd
_kSecAttrViewHintAutoUnlock	System/Library/Frameworks/Security.framework/Security.tbd
_kSecAttrViewHintContacts	System/Library/Frameworks/Security.framework/Security.tbd
_kSecAttrViewHintContinuityUnlock	System/Library/Frameworks/Security.framework/Security.tbd
_kSecAttrViewHintEngram	System/Library/Frameworks/Security.framework/Security.tbd
_kSecAttrViewHintFindMy	System/Library/Frameworks/Security.framework/Security.tbd
_kSecAttrViewHintGroups	System/Library/Frameworks/Security.framework/Security.tbd
_kSecAttrViewHintHealth	System/Library/Frameworks/Security.framework/Security.tbd
_kSecAttrViewHintHome	System/Library/Frameworks/Security.framework/Security.tbd
_kSecAttrViewHintHomeKit	System/Library/Frameworks/Security.framework/Security.tbd
_kSecAttrViewHintLimitedPeersAllowed	System/Library/Frameworks/Security.framework/Security.tbd
_kSecAttrViewHintMFi	System/Library/Frameworks/Security.framework/Security.tbd
_kSecAttrViewHintMail	System/Library/Frameworks/Security.framework/Security.tbd
_kSecAttrViewHintManatee	System/Library/Frameworks/Security.framework/Security.tbd
_kSecAttrViewHintNanoRegistry	System/Library/Frameworks/Security.framework/Security.tbd
_kSecAttrViewHintPCSCloudKit	System/Library/Frameworks/Security.framework/Security.tbd
_kSecAttrViewHintPCSEscrow	System/Library/Frameworks/Security.framework/Security.tbd
_kSecAttrViewHintPCSFDE	System/Library/Frameworks/Security.framework/Security.tbd
_kSecAttrViewHintPCSFeldspar	System/Library/Frameworks/Security.framework/Security.tbd
_kSecAttrViewHintPCSMailDrop	System/Library/Frameworks/Security.framework/Security.tbd
_kSecAttrViewHintPCSMasterKey	System/Library/Frameworks/Security.framework/Security.tbd
_kSecAttrViewHintPCSNotes	System/Library/Frameworks/Security.framework/Security.tbd
_kSecAttrViewHintPCSPhotos	System/Library/Frameworks/Security.framework/Security.tbd
_kSecAttrViewHintPCSSharing	System/Library/Frameworks/Security.framework/Security.tbd
_kSecAttrViewHintPCSiCloudBackup	System/Library/Frameworks/Security.framework/Security.tbd
_kSecAttrViewHintPCSiCloudDrive	System/Library/Frameworks/Security.framework/Security.tbd
_kSecAttrViewHintPCSiMessage	System/Library/Frameworks/Security.framework/Security.tbd
_kSecAttrViewHintPhotos	System/Library/Frameworks/Security.framework/Security.tbd
_kSecAttrViewHintWatchMigration	System/Library/Frameworks/Security.framework/Security.tbd
_kSecAttrVolume	System/Library/Frameworks/Security.framework/Security.tbd
_kSecAttrWasAlwaysSensitive	System/Library/Frameworks/Security.framework/Security.tbd
_kSecAttrWasNeverExtractable	System/Library/Frameworks/Security.framework/Security.tbd
_kSecCARevocationAdditionsKey	System/Library/Frameworks/Security.framework/Security.tbd
_kSecCARevocationHashAlgorithmKey	System/Library/Frameworks/Security.framework/Security.tbd
_kSecCARevocationSPKIHashKey	System/Library/Frameworks/Security.framework/Security.tbd
_kSecCFErrorArchitecture	System/Library/Frameworks/Security.framework/Security.tbd
_kSecCFErrorGuestAttributes	System/Library/Frameworks/Security.framework/Security.tbd
_kSecCFErrorInfoPlist	System/Library/Frameworks/Security.framework/Security.tbd
_kSecCFErrorPath	System/Library/Frameworks/Security.framework/Security.tbd
_kSecCFErrorPattern	System/Library/Frameworks/Security.framework/Security.tbd
_kSecCFErrorRequirementSyntax	System/Library/Frameworks/Security.framework/Security.tbd
_kSecCFErrorResourceAdded	System/Library/Frameworks/Security.framework/Security.tbd
_kSecCFErrorResourceAltered	System/Library/Frameworks/Security.framework/Security.tbd
_kSecCFErrorResourceMissing	System/Library/Frameworks/Security.framework/Security.tbd
_kSecCFErrorResourceRecursive	System/Library/Frameworks/Security.framework/Security.tbd
_kSecCFErrorResourceSeal	System/Library/Frameworks/Security.framework/Security.tbd
_kSecCFErrorResourceSideband	System/Library/Frameworks/Security.framework/Security.tbd
_kSecCMSAdditionalCerts	System/Library/Frameworks/Security.framework/Security.tbd
_kSecCMSAllCerts	System/Library/Frameworks/Security.framework/Security.tbd
_kSecCMSBulkEncryptionAlgorithm	System/Library/Frameworks/Security.framework/Security.tbd
_kSecCMSCertChainMode	System/Library/Frameworks/Security.framework/Security.tbd
_kSecCMSCertChainModeNone	System/Library/Frameworks/Security.framework/Security.tbd
_kSecCMSEncryptionAlgorithmAESCBC	System/Library/Frameworks/Security.framework/Security.tbd
_kSecCMSEncryptionAlgorithmDESCBC	System/Library/Frameworks/Security.framework/Security.tbd
_kSecCMSExpirationDate	System/Library/Frameworks/Security.framework/Security.tbd
_kSecCMSHashAgility	System/Library/Frameworks/Security.framework/Security.tbd
_kSecCMSHashAgilityV2	System/Library/Frameworks/Security.framework/Security.tbd
_kSecCMSHashingAlgorithmMD5	System/Library/Frameworks/Security.framework/Security.tbd
_kSecCMSHashingAlgorithmSHA1	System/Library/Frameworks/Security.framework/Security.tbd
_kSecCMSHashingAlgorithmSHA256	System/Library/Frameworks/Security.framework/Security.tbd
_kSecCMSHashingAlgorithmSHA384	System/Library/Frameworks/Security.framework/Security.tbd
_kSecCMSHashingAlgorithmSHA512	System/Library/Frameworks/Security.framework/Security.tbd
_kSecCMSSignDate	System/Library/Frameworks/Security.framework/Security.tbd
_kSecCMSSignDetached	System/Library/Frameworks/Security.framework/Security.tbd
_kSecCMSSignDigest	System/Library/Frameworks/Security.framework/Security.tbd
_kSecCMSSignHashAlgorithm	System/Library/Frameworks/Security.framework/Security.tbd
_kSecCMSSignedAttributes	System/Library/Frameworks/Security.framework/Security.tbd
_kSecCSRBasicConstraintsCA	System/Library/Frameworks/Security.framework/Security.tbd
_kSecCSRBasicContraintsPathLen	System/Library/Frameworks/Security.framework/Security.tbd
_kSecCSRChallengePassword	System/Library/Frameworks/Security.framework/Security.tbd
_kSecCTExceptionsCAsKey	System/Library/Frameworks/Security.framework/Security.tbd
_kSecCTExceptionsDomainsKey	System/Library/Frameworks/Security.framework/Security.tbd
_kSecCTExceptionsHashAlgorithmKey	System/Library/Frameworks/Security.framework/Security.tbd
_kSecCTExceptionsSPKIHashKey	System/Library/Frameworks/Security.framework/Security.tbd
_kSecCertificateDetailSHA1Digest	System/Library/Frameworks/Security.framework/Security.tbd
_kSecCertificateDetailStatusCodes	System/Library/Frameworks/Security.framework/Security.tbd
_kSecCertificateEscrowFileName	System/Library/Frameworks/Security.framework/Security.tbd
_kSecCertificateExtendedKeyUsage	System/Library/Frameworks/Security.framework/Security.tbd
_kSecCertificateExtensions	System/Library/Frameworks/Security.framework/Security.tbd
_kSecCertificateExtensionsEncoded	System/Library/Frameworks/Security.framework/Security.tbd
_kSecCertificateKeyUsage	System/Library/Frameworks/Security.framework/Security.tbd
_kSecCertificateLifetime	System/Library/Frameworks/Security.framework/Security.tbd
_kSecCertificateProductionEscrowKey	System/Library/Frameworks/Security.framework/Security.tbd
_kSecCertificateProductionPCSEscrowKey	System/Library/Frameworks/Security.framework/Security.tbd
_kSecCertificateSerialNumber	System/Library/Frameworks/Security.framework/Security.tbd
_kSecChallengeToken	System/Library/Frameworks/Security.framework/Security.tbd
_kSecClass	System/Library/Frameworks/Security.framework/Security.tbd
_kSecClassAppleSharePassword	System/Library/Frameworks/Security.framework/Security.tbd
_kSecClassCertificate	System/Library/Frameworks/Security.framework/Security.tbd
_kSecClassGenericPassword	System/Library/Frameworks/Security.framework/Security.tbd
_kSecClassIdentity	System/Library/Frameworks/Security.framework/Security.tbd
_kSecClassInternetPassword	System/Library/Frameworks/Security.framework/Security.tbd
_kSecClassKey	System/Library/Frameworks/Security.framework/Security.tbd
_kSecClientIdentifier	System/Library/Frameworks/Security.framework/Security.tbd
_kSecCodeAttributeArchitecture	System/Library/Frameworks/Security.framework/Security.tbd
_kSecCodeAttributeBundleVersion	System/Library/Frameworks/Security.framework/Security.tbd
_kSecCodeAttributeSubarchitecture	System/Library/Frameworks/Security.framework/Security.tbd
_kSecCodeAttributeUniversalFileOffset	System/Library/Frameworks/Security.framework/Security.tbd
_kSecCodeDirectoryFlagTable	System/Library/Frameworks/Security.framework/Security.tbd
_kSecCodeInfoCMS	System/Library/Frameworks/Security.framework/Security.tbd
_kSecCodeInfoCMSDigest	System/Library/Frameworks/Security.framework/Security.tbd
_kSecCodeInfoCMSDigestHashType	System/Library/Frameworks/Security.framework/Security.tbd
_kSecCodeInfoCdHashes	System/Library/Frameworks/Security.framework/Security.tbd
_kSecCodeInfoCdHashesFull	System/Library/Frameworks/Security.framework/Security.tbd
_kSecCodeInfoCertificates	System/Library/Frameworks/Security.framework/Security.tbd
_kSecCodeInfoChangedFiles	System/Library/Frameworks/Security.framework/Security.tbd
_kSecCodeInfoCodeDirectory	System/Library/Frameworks/Security.framework/Security.tbd
_kSecCodeInfoCodeOffset	System/Library/Frameworks/Security.framework/Security.tbd
_kSecCodeInfoDefaultDesignatedLightweightCodeRequirement	System/Library/Frameworks/Security.framework/Security.tbd
_kSecCodeInfoDesignatedRequirement	System/Library/Frameworks/Security.framework/Security.tbd
_kSecCodeInfoDigestAlgorithm	System/Library/Frameworks/Security.framework/Security.tbd
_kSecCodeInfoDigestAlgorithms	System/Library/Frameworks/Security.framework/Security.tbd
_kSecCodeInfoDiskRepInfo	System/Library/Frameworks/Security.framework/Security.tbd
_kSecCodeInfoDiskRepNoLibraryValidation	System/Library/Frameworks/Security.framework/Security.tbd
_kSecCodeInfoDiskRepVersionMin	System/Library/Frameworks/Security.framework/Security.tbd
_kSecCodeInfoDiskRepVersionPlatform	System/Library/Frameworks/Security.framework/Security.tbd
_kSecCodeInfoDiskRepVersionSDK	System/Library/Frameworks/Security.framework/Security.tbd
_kSecCodeInfoEntitlements	System/Library/Frameworks/Security.framework/Security.tbd
_kSecCodeInfoEntitlementsDER	System/Library/Frameworks/Security.framework/Security.tbd
_kSecCodeInfoEntitlementsDict	System/Library/Frameworks/Security.framework/Security.tbd
_kSecCodeInfoFlags	System/Library/Frameworks/Security.framework/Security.tbd
_kSecCodeInfoFormat	System/Library/Frameworks/Security.framework/Security.tbd
_kSecCodeInfoIdentifier	System/Library/Frameworks/Security.framework/Security.tbd
_kSecCodeInfoImplicitDesignatedRequirement	System/Library/Frameworks/Security.framework/Security.tbd
_kSecCodeInfoLaunchConstraintsParent	System/Library/Frameworks/Security.framework/Security.tbd
_kSecCodeInfoLaunchConstraintsResponsible	System/Library/Frameworks/Security.framework/Security.tbd
_kSecCodeInfoLaunchConstraintsSelf	System/Library/Frameworks/Security.framework/Security.tbd
_kSecCodeInfoLibraryConstraints	System/Library/Frameworks/Security.framework/Security.tbd
_kSecCodeInfoMainExecutable	System/Library/Frameworks/Security.framework/Security.tbd
_kSecCodeInfoNotarizationDate	System/Library/Frameworks/Security.framework/Security.tbd
_kSecCodeInfoPList	System/Library/Frameworks/Security.framework/Security.tbd
_kSecCodeInfoPlatformIdentifier	System/Library/Frameworks/Security.framework/Security.tbd
_kSecCodeInfoRequirementData	System/Library/Frameworks/Security.framework/Security.tbd
_kSecCodeInfoRequirements	System/Library/Frameworks/Security.framework/Security.tbd
_kSecCodeInfoResourceDirectory	System/Library/Frameworks/Security.framework/Security.tbd
_kSecCodeInfoRuntimeVersion	System/Library/Frameworks/Security.framework/Security.tbd
_kSecCodeInfoSignatureVersion	System/Library/Frameworks/Security.framework/Security.tbd
_kSecCodeInfoSource	System/Library/Frameworks/Security.framework/Security.tbd
_kSecCodeInfoStapledNotarizationTicket	System/Library/Frameworks/Security.framework/Security.tbd
_kSecCodeInfoStatus	System/Library/Frameworks/Security.framework/Security.tbd
_kSecCodeInfoTeamIdentifier	System/Library/Frameworks/Security.framework/Security.tbd
_kSecCodeInfoTime	System/Library/Frameworks/Security.framework/Security.tbd
_kSecCodeInfoTimestamp	System/Library/Frameworks/Security.framework/Security.tbd
_kSecCodeInfoTrust	System/Library/Frameworks/Security.framework/Security.tbd
_kSecCodeInfoUnique	System/Library/Frameworks/Security.framework/Security.tbd
_kSecCodeInfoValidationCategory	System/Library/Frameworks/Security.framework/Security.tbd
_kSecCodeSignerApplicationData	System/Library/Frameworks/Security.framework/Security.tbd
_kSecCodeSignerDetached	System/Library/Frameworks/Security.framework/Security.tbd
_kSecCodeSignerDigestAlgorithm	System/Library/Frameworks/Security.framework/Security.tbd
_kSecCodeSignerDryRun	System/Library/Frameworks/Security.framework/Security.tbd
_kSecCodeSignerEditCMS	System/Library/Frameworks/Security.framework/Security.tbd
_kSecCodeSignerEditCpuSubtype	System/Library/Frameworks/Security.framework/Security.tbd
_kSecCodeSignerEditCpuType	System/Library/Frameworks/Security.framework/Security.tbd
_kSecCodeSignerEntitlements	System/Library/Frameworks/Security.framework/Security.tbd
_kSecCodeSignerFlags	System/Library/Frameworks/Security.framework/Security.tbd
_kSecCodeSignerForceLibraryEntitlements	System/Library/Frameworks/Security.framework/Security.tbd
_kSecCodeSignerIdentifier	System/Library/Frameworks/Security.framework/Security.tbd
_kSecCodeSignerIdentifierPrefix	System/Library/Frameworks/Security.framework/Security.tbd
_kSecCodeSignerIdentity	System/Library/Frameworks/Security.framework/Security.tbd
_kSecCodeSignerLaunchConstraintParent	System/Library/Frameworks/Security.framework/Security.tbd
_kSecCodeSignerLaunchConstraintResponsible	System/Library/Frameworks/Security.framework/Security.tbd
_kSecCodeSignerLaunchConstraintSelf	System/Library/Frameworks/Security.framework/Security.tbd
_kSecCodeSignerLibraryConstraint	System/Library/Frameworks/Security.framework/Security.tbd
_kSecCodeSignerOmitAdhocFlag	System/Library/Frameworks/Security.framework/Security.tbd
_kSecCodeSignerPageSize	System/Library/Frameworks/Security.framework/Security.tbd
_kSecCodeSignerPlatformIdentifier	System/Library/Frameworks/Security.framework/Security.tbd
_kSecCodeSignerPreserveAFSC	System/Library/Frameworks/Security.framework/Security.tbd
_kSecCodeSignerPreserveMetadata	System/Library/Frameworks/Security.framework/Security.tbd
_kSecCodeSignerRequireTimestamp	System/Library/Frameworks/Security.framework/Security.tbd
_kSecCodeSignerRequirements	System/Library/Frameworks/Security.framework/Security.tbd
_kSecCodeSignerResourceRules	System/Library/Frameworks/Security.framework/Security.tbd
_kSecCodeSignerRuntimeVersion	System/Library/Frameworks/Security.framework/Security.tbd
_kSecCodeSignerSDKRoot	System/Library/Frameworks/Security.framework/Security.tbd
_kSecCodeSignerSigningTime	System/Library/Frameworks/Security.framework/Security.tbd
_kSecCodeSignerTeamIdentifier	System/Library/Frameworks/Security.framework/Security.tbd
_kSecCodeSignerTimestampAuthentication	System/Library/Frameworks/Security.framework/Security.tbd
_kSecCodeSignerTimestampOmitCertificates	System/Library/Frameworks/Security.framework/Security.tbd
_kSecCodeSignerTimestampServer	System/Library/Frameworks/Security.framework/Security.tbd
_kSecDataInetExtraClientDefined0	System/Library/Frameworks/Security.framework/Security.tbd
_kSecDataInetExtraClientDefined1	System/Library/Frameworks/Security.framework/Security.tbd
_kSecDataInetExtraClientDefined2	System/Library/Frameworks/Security.framework/Security.tbd
_kSecDataInetExtraClientDefined3	System/Library/Frameworks/Security.framework/Security.tbd
_kSecDataInetExtraHistory	System/Library/Frameworks/Security.framework/Security.tbd
_kSecDataInetExtraNotes	System/Library/Frameworks/Security.framework/Security.tbd
_kSecEKUClientAuth	System/Library/Frameworks/Security.framework/Security.tbd
_kSecEKUCodesigning	System/Library/Frameworks/Security.framework/Security.tbd
_kSecEKUEmailProtection	System/Library/Frameworks/Security.framework/Security.tbd
_kSecEKUOCSPSigning	System/Library/Frameworks/Security.framework/Security.tbd
_kSecEKUServerAuth	System/Library/Frameworks/Security.framework/Security.tbd
_kSecEKUTimeStamping	System/Library/Frameworks/Security.framework/Security.tbd
_kSecEntitlementPrivateOctagonEscrow	System/Library/Frameworks/Security.framework/Security.tbd
_kSecEntitlementPrivateOctagonSecureElement	System/Library/Frameworks/Security.framework/Security.tbd
_kSecEntitlementPrivateOctagonWalrus	System/Library/Frameworks/Security.framework/Security.tbd
_kSecExperimentDefaultsDomain	System/Library/Frameworks/Security.framework/Security.tbd
_kSecExperimentTLSProbe	System/Library/Frameworks/Security.framework/Security.tbd
_kSecFrameworkBundleID	System/Library/Frameworks/Security.framework/Security.tbd
_kSecGuestAttributeArchitecture	System/Library/Frameworks/Security.framework/Security.tbd
_kSecGuestAttributeAudit	System/Library/Frameworks/Security.framework/Security.tbd
_kSecGuestAttributeCanonical	System/Library/Frameworks/Security.framework/Security.tbd
_kSecGuestAttributeDynamicCode	System/Library/Frameworks/Security.framework/Security.tbd
_kSecGuestAttributeDynamicCodeInfoPlist	System/Library/Frameworks/Security.framework/Security.tbd
_kSecGuestAttributeHash	System/Library/Frameworks/Security.framework/Security.tbd
_kSecGuestAttributeMachPort	System/Library/Frameworks/Security.framework/Security.tbd
_kSecGuestAttributePid	System/Library/Frameworks/Security.framework/Security.tbd
_kSecGuestAttributeSubarchitecture	System/Library/Frameworks/Security.framework/Security.tbd
_kSecImportExportPassphrase	System/Library/Frameworks/Security.framework/Security.tbd
_kSecImportItemCertChain	System/Library/Frameworks/Security.framework/Security.tbd
_kSecImportItemIdentity	System/Library/Frameworks/Security.framework/Security.tbd
_kSecImportItemKeyID	System/Library/Frameworks/Security.framework/Security.tbd
_kSecImportItemLabel	System/Library/Frameworks/Security.framework/Security.tbd
_kSecImportItemTrust	System/Library/Frameworks/Security.framework/Security.tbd
_kSecImportToMemoryOnly	System/Library/Frameworks/Security.framework/Security.tbd
_kSecKeyAlgorithmECDHKeyExchangeCofactor	System/Library/Frameworks/Security.framework/Security.tbd
_kSecKeyAlgorithmECDHKeyExchangeCofactorX963SHA1	System/Library/Frameworks/Security.framework/Security.tbd
_kSecKeyAlgorithmECDHKeyExchangeCofactorX963SHA224	System/Library/Frameworks/Security.framework/Security.tbd
_kSecKeyAlgorithmECDHKeyExchangeCofactorX963SHA256	System/Library/Frameworks/Security.framework/Security.tbd
_kSecKeyAlgorithmECDHKeyExchangeCofactorX963SHA384	System/Library/Frameworks/Security.framework/Security.tbd
_kSecKeyAlgorithmECDHKeyExchangeCofactorX963SHA512	System/Library/Frameworks/Security.framework/Security.tbd
_kSecKeyAlgorithmECDHKeyExchangeStandard	System/Library/Frameworks/Security.framework/Security.tbd
_kSecKeyAlgorithmECDHKeyExchangeStandardX963SHA1	System/Library/Frameworks/Security.framework/Security.tbd
_kSecKeyAlgorithmECDHKeyExchangeStandardX963SHA224	System/Library/Frameworks/Security.framework/Security.tbd
_kSecKeyAlgorithmECDHKeyExchangeStandardX963SHA256	System/Library/Frameworks/Security.framework/Security.tbd
_kSecKeyAlgorithmECDHKeyExchangeStandardX963SHA384	System/Library/Frameworks/Security.framework/Security.tbd
_kSecKeyAlgorithmECDHKeyExchangeStandardX963SHA512	System/Library/Frameworks/Security.framework/Security.tbd
_kSecKeyAlgorithmECDSASignatureDigestRFC4754	System/Library/Frameworks/Security.framework/Security.tbd
_kSecKeyAlgorithmECDSASignatureDigestRFC4754SHA1	System/Library/Frameworks/Security.framework/Security.tbd
_kSecKeyAlgorithmECDSASignatureDigestRFC4754SHA224	System/Library/Frameworks/Security.framework/Security.tbd
_kSecKeyAlgorithmECDSASignatureDigestRFC4754SHA256	System/Library/Frameworks/Security.framework/Security.tbd
_kSecKeyAlgorithmECDSASignatureDigestRFC4754SHA384	System/Library/Frameworks/Security.framework/Security.tbd
_kSecKeyAlgorithmECDSASignatureDigestRFC4754SHA512	System/Library/Frameworks/Security.framework/Security.tbd
_kSecKeyAlgorithmECDSASignatureDigestX962	System/Library/Frameworks/Security.framework/Security.tbd
_kSecKeyAlgorithmECDSASignatureDigestX962SHA1	System/Library/Frameworks/Security.framework/Security.tbd
_kSecKeyAlgorithmECDSASignatureDigestX962SHA224	System/Library/Frameworks/Security.framework/Security.tbd
_kSecKeyAlgorithmECDSASignatureDigestX962SHA256	System/Library/Frameworks/Security.framework/Security.tbd
_kSecKeyAlgorithmECDSASignatureDigestX962SHA384	System/Library/Frameworks/Security.framework/Security.tbd
_kSecKeyAlgorithmECDSASignatureDigestX962SHA512	System/Library/Frameworks/Security.framework/Security.tbd
_kSecKeyAlgorithmECDSASignatureMessageRFC4754SHA1	System/Library/Frameworks/Security.framework/Security.tbd
_kSecKeyAlgorithmECDSASignatureMessageRFC4754SHA224	System/Library/Frameworks/Security.framework/Security.tbd
_kSecKeyAlgorithmECDSASignatureMessageRFC4754SHA256	System/Library/Frameworks/Security.framework/Security.tbd
_kSecKeyAlgorithmECDSASignatureMessageRFC4754SHA384	System/Library/Frameworks/Security.framework/Security.tbd
_kSecKeyAlgorithmECDSASignatureMessageRFC4754SHA512	System/Library/Frameworks/Security.framework/Security.tbd
_kSecKeyAlgorithmECDSASignatureMessageX962SHA1	System/Library/Frameworks/Security.framework/Security.tbd
_kSecKeyAlgorithmECDSASignatureMessageX962SHA224	System/Library/Frameworks/Security.framework/Security.tbd
_kSecKeyAlgorithmECDSASignatureMessageX962SHA256	System/Library/Frameworks/Security.framework/Security.tbd
_kSecKeyAlgorithmECDSASignatureMessageX962SHA384	System/Library/Frameworks/Security.framework/Security.tbd
_kSecKeyAlgorithmECDSASignatureMessageX962SHA512	System/Library/Frameworks/Security.framework/Security.tbd
_kSecKeyAlgorithmECDSASignatureRFC4754	System/Library/Frameworks/Security.framework/Security.tbd
_kSecKeyAlgorithmECIESEncryptionAKSSmartCard	System/Library/Frameworks/Security.framework/Security.tbd
_kSecKeyAlgorithmECIESEncryptionCofactorVariableIVX963SHA224AESGCM	System/Library/Frameworks/Security.framework/Security.tbd
_kSecKeyAlgorithmECIESEncryptionCofactorVariableIVX963SHA256AESGCM	System/Library/Frameworks/Security.framework/Security.tbd
_kSecKeyAlgorithmECIESEncryptionCofactorVariableIVX963SHA384AESGCM	System/Library/Frameworks/Security.framework/Security.tbd
_kSecKeyAlgorithmECIESEncryptionCofactorVariableIVX963SHA512AESGCM	System/Library/Frameworks/Security.framework/Security.tbd
_kSecKeyAlgorithmECIESEncryptionCofactorX963SHA1AESGCM	System/Library/Frameworks/Security.framework/Security.tbd
_kSecKeyAlgorithmECIESEncryptionCofactorX963SHA224AESGCM	System/Library/Frameworks/Security.framework/Security.tbd
_kSecKeyAlgorithmECIESEncryptionCofactorX963SHA256AESGCM	System/Library/Frameworks/Security.framework/Security.tbd
_kSecKeyAlgorithmECIESEncryptionCofactorX963SHA384AESGCM	System/Library/Frameworks/Security.framework/Security.tbd
_kSecKeyAlgorithmECIESEncryptionCofactorX963SHA512AESGCM	System/Library/Frameworks/Security.framework/Security.tbd
_kSecKeyAlgorithmECIESEncryptionStandardVariableIVX963SHA224AESGCM	System/Library/Frameworks/Security.framework/Security.tbd
_kSecKeyAlgorithmECIESEncryptionStandardVariableIVX963SHA256AESGCM	System/Library/Frameworks/Security.framework/Security.tbd
_kSecKeyAlgorithmECIESEncryptionStandardVariableIVX963SHA384AESGCM	System/Library/Frameworks/Security.framework/Security.tbd
_kSecKeyAlgorithmECIESEncryptionStandardVariableIVX963SHA512AESGCM	System/Library/Frameworks/Security.framework/Security.tbd
_kSecKeyAlgorithmECIESEncryptionStandardX963SHA1AESGCM	System/Library/Frameworks/Security.framework/Security.tbd
_kSecKeyAlgorithmECIESEncryptionStandardX963SHA224AESGCM	System/Library/Frameworks/Security.framework/Security.tbd
_kSecKeyAlgorithmECIESEncryptionStandardX963SHA256AESGCM	System/Library/Frameworks/Security.framework/Security.tbd
_kSecKeyAlgorithmECIESEncryptionStandardX963SHA384AESGCM	System/Library/Frameworks/Security.framework/Security.tbd
_kSecKeyAlgorithmECIESEncryptionStandardX963SHA512AESGCM	System/Library/Frameworks/Security.framework/Security.tbd
_kSecKeyAlgorithmEdDSASignatureMessageCurve25519SHA512	System/Library/Frameworks/Security.framework/Security.tbd
_kSecKeyAlgorithmEdDSASignatureMessageCurve448SHAKE256	System/Library/Frameworks/Security.framework/Security.tbd
_kSecKeyAlgorithmKEMKyber	System/Library/Frameworks/Security.framework/Security.tbd
_kSecKeyAlgorithmKEMMLKEM	System/Library/Frameworks/Security.framework/Security.tbd
_kSecKeyAlgorithmMLDSASignatureMessage	System/Library/Frameworks/Security.framework/Security.tbd
_kSecKeyAlgorithmRSAEncryptionOAEPSHA1	System/Library/Frameworks/Security.framework/Security.tbd
_kSecKeyAlgorithmRSAEncryptionOAEPSHA1AESGCM	System/Library/Frameworks/Security.framework/Security.tbd
_kSecKeyAlgorithmRSAEncryptionOAEPSHA224	System/Library/Frameworks/Security.framework/Security.tbd
_kSecKeyAlgorithmRSAEncryptionOAEPSHA224AESGCM	System/Library/Frameworks/Security.framework/Security.tbd
_kSecKeyAlgorithmRSAEncryptionOAEPSHA256	System/Library/Frameworks/Security.framework/Security.tbd
_kSecKeyAlgorithmRSAEncryptionOAEPSHA256AESGCM	System/Library/Frameworks/Security.framework/Security.tbd
_kSecKeyAlgorithmRSAEncryptionOAEPSHA384	System/Library/Frameworks/Security.framework/Security.tbd
_kSecKeyAlgorithmRSAEncryptionOAEPSHA384AESGCM	System/Library/Frameworks/Security.framework/Security.tbd
_kSecKeyAlgorithmRSAEncryptionOAEPSHA512	System/Library/Frameworks/Security.framework/Security.tbd
_kSecKeyAlgorithmRSAEncryptionOAEPSHA512AESGCM	System/Library/Frameworks/Security.framework/Security.tbd
_kSecKeyAlgorithmRSAEncryptionPKCS1	System/Library/Frameworks/Security.framework/Security.tbd
_kSecKeyAlgorithmRSAEncryptionRaw	System/Library/Frameworks/Security.framework/Security.tbd
_kSecKeyAlgorithmRSAEncryptionRawCCUnit	System/Library/Frameworks/Security.framework/Security.tbd
_kSecKeyAlgorithmRSASignatureDigestPKCS1v15MD5	System/Library/Frameworks/Security.framework/Security.tbd
_kSecKeyAlgorithmRSASignatureDigestPKCS1v15Raw	System/Library/Frameworks/Security.framework/Security.tbd
_kSecKeyAlgorithmRSASignatureDigestPKCS1v15SHA1	System/Library/Frameworks/Security.framework/Security.tbd
_kSecKeyAlgorithmRSASignatureDigestPKCS1v15SHA224	System/Library/Frameworks/Security.framework/Security.tbd
_kSecKeyAlgorithmRSASignatureDigestPKCS1v15SHA256	System/Library/Frameworks/Security.framework/Security.tbd
_kSecKeyAlgorithmRSASignatureDigestPKCS1v15SHA384	System/Library/Frameworks/Security.framework/Security.tbd
_kSecKeyAlgorithmRSASignatureDigestPKCS1v15SHA512	System/Library/Frameworks/Security.framework/Security.tbd
_kSecKeyAlgorithmRSASignatureDigestPSSSHA1	System/Library/Frameworks/Security.framework/Security.tbd
_kSecKeyAlgorithmRSASignatureDigestPSSSHA224	System/Library/Frameworks/Security.framework/Security.tbd
_kSecKeyAlgorithmRSASignatureDigestPSSSHA256	System/Library/Frameworks/Security.framework/Security.tbd
_kSecKeyAlgorithmRSASignatureDigestPSSSHA384	System/Library/Frameworks/Security.framework/Security.tbd
_kSecKeyAlgorithmRSASignatureDigestPSSSHA512	System/Library/Frameworks/Security.framework/Security.tbd
_kSecKeyAlgorithmRSASignatureMessagePKCS1v15MD5	System/Library/Frameworks/Security.framework/Security.tbd
_kSecKeyAlgorithmRSASignatureMessagePKCS1v15SHA1	System/Library/Frameworks/Security.framework/Security.tbd
_kSecKeyAlgorithmRSASignatureMessagePKCS1v15SHA224	System/Library/Frameworks/Security.framework/Security.tbd
_kSecKeyAlgorithmRSASignatureMessagePKCS1v15SHA256	System/Library/Frameworks/Security.framework/Security.tbd
_kSecKeyAlgorithmRSASignatureMessagePKCS1v15SHA384	System/Library/Frameworks/Security.framework/Security.tbd
_kSecKeyAlgorithmRSASignatureMessagePKCS1v15SHA512	System/Library/Frameworks/Security.framework/Security.tbd
_kSecKeyAlgorithmRSASignatureMessagePSSSHA1	System/Library/Frameworks/Security.framework/Security.tbd
_kSecKeyAlgorithmRSASignatureMessagePSSSHA224	System/Library/Frameworks/Security.framework/Security.tbd
_kSecKeyAlgorithmRSASignatureMessagePSSSHA256	System/Library/Frameworks/Security.framework/Security.tbd
_kSecKeyAlgorithmRSASignatureMessagePSSSHA384	System/Library/Frameworks/Security.framework/Security.tbd
_kSecKeyAlgorithmRSASignatureMessagePSSSHA512	System/Library/Frameworks/Security.framework/Security.tbd
_kSecKeyAlgorithmRSASignatureRaw	System/Library/Frameworks/Security.framework/Security.tbd
_kSecKeyAlgorithmRSASignatureRawCCUnit	System/Library/Frameworks/Security.framework/Security.tbd
_kSecKeyApplePayEnabled	System/Library/Frameworks/Security.framework/Security.tbd
_kSecKeyEncryptionParameterRecryptCertificate	System/Library/Frameworks/Security.framework/Security.tbd
_kSecKeyEncryptionParameterRecryptParameters	System/Library/Frameworks/Security.framework/Security.tbd
_kSecKeyEncryptionParameterSymmetricAAD	System/Library/Frameworks/Security.framework/Security.tbd
_kSecKeyEncryptionParameterSymmetricKeySizeInBits	System/Library/Frameworks/Security.framework/Security.tbd
_kSecKeyKeyExchangeParameterRequestedSize	System/Library/Frameworks/Security.framework/Security.tbd
_kSecKeyKeyExchangeParameterSharedInfo	System/Library/Frameworks/Security.framework/Security.tbd
_kSecKeyOSBound	System/Library/Frameworks/Security.framework/Security.tbd
_kSecKeyParameterSETokenAttestationNonce	System/Library/Frameworks/Security.framework/Security.tbd
_kSecKeySealedHashesBound	System/Library/Frameworks/Security.framework/Security.tbd
_kSecKeySignatureParameterContext	System/Library/Frameworks/Security.framework/Security.tbd
_kSecLocalIssuerIdentity	System/Library/Frameworks/Security.framework/Security.tbd
_kSecMatchCaseInsensitive	System/Library/Frameworks/Security.framework/Security.tbd
_kSecMatchEmailAddressIfPresent	System/Library/Frameworks/Security.framework/Security.tbd
_kSecMatchHostOrSubdomainOfHost	System/Library/Frameworks/Security.framework/Security.tbd
_kSecMatchIssuers	System/Library/Frameworks/Security.framework/Security.tbd
_kSecMatchItemList	System/Library/Frameworks/Security.framework/Security.tbd
_kSecMatchLimit	System/Library/Frameworks/Security.framework/Security.tbd
_kSecMatchLimitAll	System/Library/Frameworks/Security.framework/Security.tbd
_kSecMatchLimitOne	System/Library/Frameworks/Security.framework/Security.tbd
_kSecMatchPolicy	System/Library/Frameworks/Security.framework/Security.tbd
_kSecMatchSearchList	System/Library/Frameworks/Security.framework/Security.tbd
_kSecMatchSubjectContains	System/Library/Frameworks/Security.framework/Security.tbd
_kSecMatchTrustedOnly	System/Library/Frameworks/Security.framework/Security.tbd
_kSecMatchValidOnDate	System/Library/Frameworks/Security.framework/Security.tbd
_kSecNetworkExtensionAccessGroupSuffix	System/Library/Frameworks/Security.framework/Security.tbd
_kSecOidCommonName	System/Library/Frameworks/Security.framework/Security.tbd
_kSecOidCountryName	System/Library/Frameworks/Security.framework/Security.tbd
_kSecOidLocalityName	System/Library/Frameworks/Security.framework/Security.tbd
_kSecOidOrganization	System/Library/Frameworks/Security.framework/Security.tbd
_kSecOidOrganizationalUnit	System/Library/Frameworks/Security.framework/Security.tbd
_kSecOidStateProvinceName	System/Library/Frameworks/Security.framework/Security.tbd
_kSecPasswordAllowedCharactersKey	System/Library/Frameworks/Security.framework/Security.tbd
_kSecPasswordCantEndWithChars	System/Library/Frameworks/Security.framework/Security.tbd
_kSecPasswordCantStartWithChars	System/Library/Frameworks/Security.framework/Security.tbd
_kSecPasswordCharacterCount	System/Library/Frameworks/Security.framework/Security.tbd
_kSecPasswordCharacters	System/Library/Frameworks/Security.framework/Security.tbd
_kSecPasswordContainsAtLeastNSpecificCharacters	System/Library/Frameworks/Security.framework/Security.tbd
_kSecPasswordContainsNoMoreThanNConsecutiveIdenticalCharacters	System/Library/Frameworks/Security.framework/Security.tbd
_kSecPasswordContainsNoMoreThanNSpecificCharacters	System/Library/Frameworks/Security.framework/Security.tbd
_kSecPasswordDefaultForType	System/Library/Frameworks/Security.framework/Security.tbd
_kSecPasswordDisallowedCharacters	System/Library/Frameworks/Security.framework/Security.tbd
_kSecPasswordGroupSize	System/Library/Frameworks/Security.framework/Security.tbd
_kSecPasswordMaxLengthKey	System/Library/Frameworks/Security.framework/Security.tbd
_kSecPasswordMinLengthKey	System/Library/Frameworks/Security.framework/Security.tbd
_kSecPasswordNumberOfGroups	System/Library/Frameworks/Security.framework/Security.tbd
_kSecPasswordRequiredCharactersKey	System/Library/Frameworks/Security.framework/Security.tbd
_kSecPasswordSeparator	System/Library/Frameworks/Security.framework/Security.tbd
_kSecPolicyApple3PMobileAsset	System/Library/Frameworks/Security.framework/Security.tbd
_kSecPolicyAppleAST2DiagnosticsServerAuth	System/Library/Frameworks/Security.framework/Security.tbd
_kSecPolicyAppleATVVPNProfileSigning	System/Library/Frameworks/Security.framework/Security.tbd
_kSecPolicyAppleAccessoryUpdateSigning	System/Library/Frameworks/Security.framework/Security.tbd
_kSecPolicyAppleAggregateMetricEncryption	System/Library/Frameworks/Security.framework/Security.tbd
_kSecPolicyAppleAggregateMetricTransparency	System/Library/Frameworks/Security.framework/Security.tbd
_kSecPolicyAppleAlisha	System/Library/Frameworks/Security.framework/Security.tbd
_kSecPolicyAppleAnchorIncludeTestRoots	System/Library/Frameworks/Security.framework/Security.tbd
_kSecPolicyAppleAppTransportSecurity	System/Library/Frameworks/Security.framework/Security.tbd
_kSecPolicyAppleAssetReceipt	System/Library/Frameworks/Security.framework/Security.tbd
_kSecPolicyAppleBasicAttestationSystem	System/Library/Frameworks/Security.framework/Security.tbd
_kSecPolicyAppleBasicAttestationUser	System/Library/Frameworks/Security.framework/Security.tbd
_kSecPolicyAppleCHIPUpdateSigning	System/Library/Frameworks/Security.framework/Security.tbd
_kSecPolicyAppleCodeSigning	System/Library/Frameworks/Security.framework/Security.tbd
_kSecPolicyAppleComponentCertificate	System/Library/Frameworks/Security.framework/Security.tbd
_kSecPolicyAppleDCAttestation	System/Library/Frameworks/Security.framework/Security.tbd
_kSecPolicyAppleDemoDigitalCatalog	System/Library/Frameworks/Security.framework/Security.tbd
_kSecPolicyAppleDeveloperIDInstaller	System/Library/Frameworks/Security.framework/Security.tbd
_kSecPolicyAppleDeveloperIDPlusTicket	System/Library/Frameworks/Security.framework/Security.tbd
_kSecPolicyAppleEAP	System/Library/Frameworks/Security.framework/Security.tbd
_kSecPolicyAppleEAPClient	System/Library/Frameworks/Security.framework/Security.tbd
_kSecPolicyAppleEAPServer	System/Library/Frameworks/Security.framework/Security.tbd
_kSecPolicyAppleEDPSigning	System/Library/Frameworks/Security.framework/Security.tbd
_kSecPolicyAppleEscrowProxyCompatibilityServerAuth	System/Library/Frameworks/Security.framework/Security.tbd
_kSecPolicyAppleEscrowProxyServerAuth	System/Library/Frameworks/Security.framework/Security.tbd
_kSecPolicyAppleEscrowService	System/Library/Frameworks/Security.framework/Security.tbd
_kSecPolicyAppleEscrowServiceIdKeySigning	System/Library/Frameworks/Security.framework/Security.tbd
_kSecPolicyAppleExternalDeveloper	System/Library/Frameworks/Security.framework/Security.tbd
_kSecPolicyAppleFMiPServerAuth	System/Library/Frameworks/Security.framework/Security.tbd
_kSecPolicyAppleFactoryDeviceCertificate	System/Library/Frameworks/Security.framework/Security.tbd
_kSecPolicyAppleGSService	System/Library/Frameworks/Security.framework/Security.tbd
_kSecPolicyAppleGenericApplePinned	System/Library/Frameworks/Security.framework/Security.tbd
_kSecPolicyAppleGenericAppleSSLPinned	System/Library/Frameworks/Security.framework/Security.tbd
_kSecPolicyAppleHomeKitServerAuth	System/Library/Frameworks/Security.framework/Security.tbd
_kSecPolicyAppleIDAuthority	System/Library/Frameworks/Security.framework/Security.tbd
_kSecPolicyAppleIDSService	System/Library/Frameworks/Security.framework/Security.tbd
_kSecPolicyAppleIDSServiceContext	System/Library/Frameworks/Security.framework/Security.tbd
_kSecPolicyAppleIDValidation	System/Library/Frameworks/Security.framework/Security.tbd
_kSecPolicyAppleIDValidationRecordSigning	System/Library/Frameworks/Security.framework/Security.tbd
_kSecPolicyAppleIDValidationShortcutSigning	System/Library/Frameworks/Security.framework/Security.tbd
_kSecPolicyAppleIPSecClient	System/Library/Frameworks/Security.framework/Security.tbd
_kSecPolicyAppleIPSecServer	System/Library/Frameworks/Security.framework/Security.tbd
_kSecPolicyAppleIPsec	System/Library/Frameworks/Security.framework/Security.tbd
_kSecPolicyAppleIdentityWebPresentment	System/Library/Frameworks/Security.framework/Security.tbd
_kSecPolicyAppleJibeTLS	System/Library/Frameworks/Security.framework/Security.tbd
_kSecPolicyAppleKeyTransparency	System/Library/Frameworks/Security.framework/Security.tbd
_kSecPolicyAppleLegacyPushService	System/Library/Frameworks/Security.framework/Security.tbd
_kSecPolicyAppleLockdownPairing	System/Library/Frameworks/Security.framework/Security.tbd
_kSecPolicyAppleMDLTerminalAuth	System/Library/Frameworks/Security.framework/Security.tbd
_kSecPolicyAppleMMCSCompatibilityServerAuth	System/Library/Frameworks/Security.framework/Security.tbd
_kSecPolicyAppleMMCService	System/Library/Frameworks/Security.framework/Security.tbd
_kSecPolicyAppleMacAppStoreInstaller	System/Library/Frameworks/Security.framework/Security.tbd
_kSecPolicyAppleMacDistributionInstaller	System/Library/Frameworks/Security.framework/Security.tbd
_kSecPolicyAppleMacOSProfileApplicationSigning	System/Library/Frameworks/Security.framework/Security.tbd
_kSecPolicyAppleMeasuredBootPolicySigning	System/Library/Frameworks/Security.framework/Security.tbd
_kSecPolicyAppleMobileAsset	System/Library/Frameworks/Security.framework/Security.tbd
_kSecPolicyAppleMobileAssetDevelopment	System/Library/Frameworks/Security.framework/Security.tbd
_kSecPolicyAppleMobileSoftwareUpdate	System/Library/Frameworks/Security.framework/Security.tbd
_kSecPolicyAppleMobileStore	System/Library/Frameworks/Security.framework/Security.tbd
_kSecPolicyAppleOCSPSigner	System/Library/Frameworks/Security.framework/Security.tbd
_kSecPolicyAppleOSXProvisioningProfileSigning	System/Library/Frameworks/Security.framework/Security.tbd
_kSecPolicyAppleOTATasking	System/Library/Frameworks/Security.framework/Security.tbd
_kSecPolicyAppleOrderBundleSigner	System/Library/Frameworks/Security.framework/Security.tbd
_kSecPolicyApplePCSEscrowService	System/Library/Frameworks/Security.framework/Security.tbd
_kSecPolicyApplePCSEscrowServiceIdKeySigning	System/Library/Frameworks/Security.framework/Security.tbd
_kSecPolicyApplePPMAggregatorConfigSigning	System/Library/Frameworks/Security.framework/Security.tbd
_kSecPolicyApplePPQService	System/Library/Frameworks/Security.framework/Security.tbd
_kSecPolicyApplePPQSigning	System/Library/Frameworks/Security.framework/Security.tbd
_kSecPolicyApplePackageSigning	System/Library/Frameworks/Security.framework/Security.tbd
_kSecPolicyAppleParakeetService	System/Library/Frameworks/Security.framework/Security.tbd
_kSecPolicyAppleParakeetSigning	System/Library/Frameworks/Security.framework/Security.tbd
_kSecPolicyApplePassbookSigning	System/Library/Frameworks/Security.framework/Security.tbd
_kSecPolicyApplePayIssuerEncryption	System/Library/Frameworks/Security.framework/Security.tbd
_kSecPolicyApplePayModelSigning	System/Library/Frameworks/Security.framework/Security.tbd
_kSecPolicyApplePayQRCodeEncryption	System/Library/Frameworks/Security.framework/Security.tbd
_kSecPolicyApplePayQRCodeSigning	System/Library/Frameworks/Security.framework/Security.tbd
_kSecPolicyAppleProfileSigner	System/Library/Frameworks/Security.framework/Security.tbd
_kSecPolicyApplePushService	System/Library/Frameworks/Security.framework/Security.tbd
_kSecPolicyAppleQAProfileSigner	System/Library/Frameworks/Security.framework/Security.tbd
_kSecPolicyAppleQWAC	System/Library/Frameworks/Security.framework/Security.tbd
_kSecPolicyAppleQiSigning	System/Library/Frameworks/Security.framework/Security.tbd
_kSecPolicyAppleRCSEncryption	System/Library/Frameworks/Security.framework/Security.tbd
_kSecPolicyAppleRevocation	System/Library/Frameworks/Security.framework/Security.tbd
_kSecPolicyAppleSMIME	System/Library/Frameworks/Security.framework/Security.tbd
_kSecPolicyAppleSMPEncryption	System/Library/Frameworks/Security.framework/Security.tbd
_kSecPolicyAppleSSL	System/Library/Frameworks/Security.framework/Security.tbd
_kSecPolicyAppleSSLClient	System/Library/Frameworks/Security.framework/Security.tbd
_kSecPolicyAppleSSLServer	System/Library/Frameworks/Security.framework/Security.tbd
_kSecPolicyAppleSWUpdateSigning	System/Library/Frameworks/Security.framework/Security.tbd
_kSecPolicyAppleSecureIOStaticAsset	System/Library/Frameworks/Security.framework/Security.tbd
_kSecPolicyAppleServerAuthentication	System/Library/Frameworks/Security.framework/Security.tbd
_kSecPolicyAppleSoftwareSigning	System/Library/Frameworks/Security.framework/Security.tbd
_kSecPolicyAppleTVOSApplicationSigning	System/Library/Frameworks/Security.framework/Security.tbd
_kSecPolicyAppleTestMobileStore	System/Library/Frameworks/Security.framework/Security.tbd
_kSecPolicyAppleTestPPQSigning	System/Library/Frameworks/Security.framework/Security.tbd
_kSecPolicyAppleTestSMPEncryption	System/Library/Frameworks/Security.framework/Security.tbd
_kSecPolicyAppleTimeStamping	System/Library/Frameworks/Security.framework/Security.tbd
_kSecPolicyAppleURLBag	System/Library/Frameworks/Security.framework/Security.tbd
_kSecPolicyAppleUniqueDeviceIdentifierCertificate	System/Library/Frameworks/Security.framework/Security.tbd
_kSecPolicyAppleVerifiedMark	System/Library/Frameworks/Security.framework/Security.tbd
_kSecPolicyAppleWarsaw	System/Library/Frameworks/Security.framework/Security.tbd
_kSecPolicyAppleX509Basic	System/Library/Frameworks/Security.framework/Security.tbd
_kSecPolicyAppleXROSApplicationSigning	System/Library/Frameworks/Security.framework/Security.tbd
_kSecPolicyAppleiAP	System/Library/Frameworks/Security.framework/Security.tbd
_kSecPolicyAppleiAPAuthV4	System/Library/Frameworks/Security.framework/Security.tbd
_kSecPolicyAppleiAPSWAuth	System/Library/Frameworks/Security.framework/Security.tbd
_kSecPolicyAppleiCloudSetupCompatibilityServerAuth	System/Library/Frameworks/Security.framework/Security.tbd
_kSecPolicyAppleiCloudSetupServerAuth	System/Library/Frameworks/Security.framework/Security.tbd
_kSecPolicyAppleiPhoneActivation	System/Library/Frameworks/Security.framework/Security.tbd
_kSecPolicyAppleiPhoneApplicationSigning	System/Library/Frameworks/Security.framework/Security.tbd
_kSecPolicyAppleiPhoneDeviceCertificate	System/Library/Frameworks/Security.framework/Security.tbd
_kSecPolicyAppleiPhoneProfileApplicationSigning	System/Library/Frameworks/Security.framework/Security.tbd
_kSecPolicyAppleiPhoneProvisioningProfileSigning	System/Library/Frameworks/Security.framework/Security.tbd
_kSecPolicyAppleiPhoneVPNApplicationSigning	System/Library/Frameworks/Security.framework/Security.tbd
_kSecPolicyAppleiTunesStoreURLBag	System/Library/Frameworks/Security.framework/Security.tbd
_kSecPolicyCheckAnchorApple	System/Library/Frameworks/Security.framework/Security.tbd
_kSecPolicyCheckAnchorSHA256	System/Library/Frameworks/Security.framework/Security.tbd
_kSecPolicyCheckAnchorTrusted	System/Library/Frameworks/Security.framework/Security.tbd
_kSecPolicyCheckBasicCertificateProcessing	System/Library/Frameworks/Security.framework/Security.tbd
_kSecPolicyCheckBasicConstraints	System/Library/Frameworks/Security.framework/Security.tbd
_kSecPolicyCheckBasicConstraintsCA	System/Library/Frameworks/Security.framework/Security.tbd
_kSecPolicyCheckBasicConstraintsPathLen	System/Library/Frameworks/Security.framework/Security.tbd
_kSecPolicyCheckBlackListedKey	System/Library/Frameworks/Security.framework/Security.tbd
_kSecPolicyCheckBlackListedLeaf	System/Library/Frameworks/Security.framework/Security.tbd
_kSecPolicyCheckCAspkiSHA256	System/Library/Frameworks/Security.framework/Security.tbd
_kSecPolicyCheckCTRequired	System/Library/Frameworks/Security.framework/Security.tbd
_kSecPolicyCheckCertificatePolicy	System/Library/Frameworks/Security.framework/Security.tbd
_kSecPolicyCheckChainLength	System/Library/Frameworks/Security.framework/Security.tbd
_kSecPolicyCheckCriticalExtensions	System/Library/Frameworks/Security.framework/Security.tbd
_kSecPolicyCheckDuplicateExtension	System/Library/Frameworks/Security.framework/Security.tbd
_kSecPolicyCheckEAPTrustedServerNames	System/Library/Frameworks/Security.framework/Security.tbd
_kSecPolicyCheckEmail	System/Library/Frameworks/Security.framework/Security.tbd
_kSecPolicyCheckEmailProtectionEKU	System/Library/Frameworks/Security.framework/Security.tbd
_kSecPolicyCheckExtendedKeyUsage	System/Library/Frameworks/Security.framework/Security.tbd
_kSecPolicyCheckExtendedValidation	System/Library/Frameworks/Security.framework/Security.tbd
_kSecPolicyCheckGrayListedKey	System/Library/Frameworks/Security.framework/Security.tbd
_kSecPolicyCheckGrayListedLeaf	System/Library/Frameworks/Security.framework/Security.tbd
_kSecPolicyCheckIdLinkage	System/Library/Frameworks/Security.framework/Security.tbd
_kSecPolicyCheckIntermediateCountry	System/Library/Frameworks/Security.framework/Security.tbd
_kSecPolicyCheckIntermediateEKU	System/Library/Frameworks/Security.framework/Security.tbd
_kSecPolicyCheckIntermediateMarkerOid	System/Library/Frameworks/Security.framework/Security.tbd
_kSecPolicyCheckIntermediateMarkerOidWithoutValueCheck	System/Library/Frameworks/Security.framework/Security.tbd
_kSecPolicyCheckIntermediateOrganization	System/Library/Frameworks/Security.framework/Security.tbd
_kSecPolicyCheckIntermediateSPKISHA256	System/Library/Frameworks/Security.framework/Security.tbd
_kSecPolicyCheckIssuerCommonName	System/Library/Frameworks/Security.framework/Security.tbd
_kSecPolicyCheckIssuerCommonNamePrefix	System/Library/Frameworks/Security.framework/Security.tbd
_kSecPolicyCheckIssuerNameConstraints	System/Library/Frameworks/Security.framework/Security.tbd
_kSecPolicyCheckIssuerPolicyConstraints	System/Library/Frameworks/Security.framework/Security.tbd
_kSecPolicyCheckKeySize	System/Library/Frameworks/Security.framework/Security.tbd
_kSecPolicyCheckKeyUsage	System/Library/Frameworks/Security.framework/Security.tbd
_kSecPolicyCheckLeafMarkerOid	System/Library/Frameworks/Security.framework/Security.tbd
_kSecPolicyCheckLeafMarkerOidWithoutValueCheck	System/Library/Frameworks/Security.framework/Security.tbd
_kSecPolicyCheckLeafMarkersProdAndQA	System/Library/Frameworks/Security.framework/Security.tbd
_kSecPolicyCheckLeafSPKISHA256	System/Library/Frameworks/Security.framework/Security.tbd
_kSecPolicyCheckMarkRepresentation	System/Library/Frameworks/Security.framework/Security.tbd
_kSecPolicyCheckMissingIntermediate	System/Library/Frameworks/Security.framework/Security.tbd
_kSecPolicyCheckNameConstraints	System/Library/Frameworks/Security.framework/Security.tbd
_kSecPolicyCheckNoNetworkAccess	System/Library/Frameworks/Security.framework/Security.tbd
_kSecPolicyCheckNonEmptySubject	System/Library/Frameworks/Security.framework/Security.tbd
_kSecPolicyCheckNonTlsCTRequired	System/Library/Frameworks/Security.framework/Security.tbd
_kSecPolicyCheckNotCA	System/Library/Frameworks/Security.framework/Security.tbd
_kSecPolicyCheckNotValidBefore	System/Library/Frameworks/Security.framework/Security.tbd
_kSecPolicyCheckOtherTrustValidityPeriod	System/Library/Frameworks/Security.framework/Security.tbd
_kSecPolicyCheckPinningRequired	System/Library/Frameworks/Security.framework/Security.tbd
_kSecPolicyCheckPolicyConstraints	System/Library/Frameworks/Security.framework/Security.tbd
_kSecPolicyCheckQWAC	System/Library/Frameworks/Security.framework/Security.tbd
_kSecPolicyCheckRevocation	System/Library/Frameworks/Security.framework/Security.tbd
_kSecPolicyCheckRevocationAny	System/Library/Frameworks/Security.framework/Security.tbd
_kSecPolicyCheckRevocationCRL	System/Library/Frameworks/Security.framework/Security.tbd
_kSecPolicyCheckRevocationDbIgnored	System/Library/Frameworks/Security.framework/Security.tbd
_kSecPolicyCheckRevocationIfTrusted	System/Library/Frameworks/Security.framework/Security.tbd
_kSecPolicyCheckRevocationOCSP	System/Library/Frameworks/Security.framework/Security.tbd
_kSecPolicyCheckRevocationOnline	System/Library/Frameworks/Security.framework/Security.tbd
_kSecPolicyCheckRevocationResponseRequired	System/Library/Frameworks/Security.framework/Security.tbd
_kSecPolicyCheckRootMarkerOid	System/Library/Frameworks/Security.framework/Security.tbd
_kSecPolicyCheckSSLHostname	System/Library/Frameworks/Security.framework/Security.tbd
_kSecPolicyCheckServerAuthEKU	System/Library/Frameworks/Security.framework/Security.tbd
_kSecPolicyCheckSignatureHashAlgorithms	System/Library/Frameworks/Security.framework/Security.tbd
_kSecPolicyCheckSinglePurposeChainEKU	System/Library/Frameworks/Security.framework/Security.tbd
_kSecPolicyCheckSubjectCommonName	System/Library/Frameworks/Security.framework/Security.tbd
_kSecPolicyCheckSubjectCommonNamePrefix	System/Library/Frameworks/Security.framework/Security.tbd
_kSecPolicyCheckSubjectCommonNameTEST	System/Library/Frameworks/Security.framework/Security.tbd
_kSecPolicyCheckSubjectOrganization	System/Library/Frameworks/Security.framework/Security.tbd
_kSecPolicyCheckSubjectOrganizationalUnit	System/Library/Frameworks/Security.framework/Security.tbd
_kSecPolicyCheckSystemTrustValidityPeriod	System/Library/Frameworks/Security.framework/Security.tbd
_kSecPolicyCheckSystemTrustedCTRequired	System/Library/Frameworks/Security.framework/Security.tbd
_kSecPolicyCheckSystemTrustedWeakHash	System/Library/Frameworks/Security.framework/Security.tbd
_kSecPolicyCheckSystemTrustedWeakKey	System/Library/Frameworks/Security.framework/Security.tbd
_kSecPolicyCheckTemporalValidity	System/Library/Frameworks/Security.framework/Security.tbd
_kSecPolicyCheckURI	System/Library/Frameworks/Security.framework/Security.tbd
_kSecPolicyCheckUnparseableExtension	System/Library/Frameworks/Security.framework/Security.tbd
_kSecPolicyCheckUsageConstraints	System/Library/Frameworks/Security.framework/Security.tbd
_kSecPolicyCheckValidLeaf	System/Library/Frameworks/Security.framework/Security.tbd
_kSecPolicyCheckValidRoot	System/Library/Frameworks/Security.framework/Security.tbd
_kSecPolicyCheckValidityPeriodMaximums	System/Library/Frameworks/Security.framework/Security.tbd
_kSecPolicyCheckWeakKeySize	System/Library/Frameworks/Security.framework/Security.tbd
_kSecPolicyCheckWeakSignature	System/Library/Frameworks/Security.framework/Security.tbd
_kSecPolicyClient	System/Library/Frameworks/Security.framework/Security.tbd
_kSecPolicyContext	System/Library/Frameworks/Security.framework/Security.tbd
_kSecPolicyIntermediateMarkerOid	System/Library/Frameworks/Security.framework/Security.tbd
_kSecPolicyLeafMarkerOid	System/Library/Frameworks/Security.framework/Security.tbd
_kSecPolicyLeafMarkerProd	System/Library/Frameworks/Security.framework/Security.tbd
_kSecPolicyLeafMarkerQA	System/Library/Frameworks/Security.framework/Security.tbd
_kSecPolicyMacAppStoreReceipt	System/Library/Frameworks/Security.framework/Security.tbd
_kSecPolicyName	System/Library/Frameworks/Security.framework/Security.tbd
_kSecPolicyNameAppleAIDCService	System/Library/Frameworks/Security.framework/Security.tbd
_kSecPolicyNameAppleAMPService	System/Library/Frameworks/Security.framework/Security.tbd
_kSecPolicyNameAppleAST2Service	System/Library/Frameworks/Security.framework/Security.tbd
_kSecPolicyNameAppleEscrowProxyService	System/Library/Frameworks/Security.framework/Security.tbd
_kSecPolicyNameAppleFMiPService	System/Library/Frameworks/Security.framework/Security.tbd
_kSecPolicyNameAppleGSService	System/Library/Frameworks/Security.framework/Security.tbd
_kSecPolicyNameAppleHealthProviderService	System/Library/Frameworks/Security.framework/Security.tbd
_kSecPolicyNameAppleHomeAppClipUploadService	System/Library/Frameworks/Security.framework/Security.tbd
_kSecPolicyNameAppleHomeKitService	System/Library/Frameworks/Security.framework/Security.tbd
_kSecPolicyNameAppleIDSService	System/Library/Frameworks/Security.framework/Security.tbd
_kSecPolicyNameAppleIssued	System/Library/Frameworks/Security.framework/Security.tbd
_kSecPolicyNameAppleIssuedTransparent	System/Library/Frameworks/Security.framework/Security.tbd
_kSecPolicyNameAppleMMCSService	System/Library/Frameworks/Security.framework/Security.tbd
_kSecPolicyNameAppleMacOSSoftwareUpdate	System/Library/Frameworks/Security.framework/Security.tbd
_kSecPolicyNameAppleMapsService	System/Library/Frameworks/Security.framework/Security.tbd
_kSecPolicyNameApplePPQService	System/Library/Frameworks/Security.framework/Security.tbd
_kSecPolicyNameAppleParsecService	System/Library/Frameworks/Security.framework/Security.tbd
_kSecPolicyNameApplePotluckService	System/Library/Frameworks/Security.framework/Security.tbd
_kSecPolicyNameApplePushCertPortal	System/Library/Frameworks/Security.framework/Security.tbd
_kSecPolicyNameApplePushService	System/Library/Frameworks/Security.framework/Security.tbd
_kSecPolicyNameAppleSiriService	System/Library/Frameworks/Security.framework/Security.tbd
_kSecPolicyNameAppleUpdatesService	System/Library/Frameworks/Security.framework/Security.tbd
_kSecPolicyNameAppleiCloudSetupService	System/Library/Frameworks/Security.framework/Security.tbd
_kSecPolicyNameCodeSigning	System/Library/Frameworks/Security.framework/Security.tbd
_kSecPolicyNameEAPClient	System/Library/Frameworks/Security.framework/Security.tbd
_kSecPolicyNameEAPServer	System/Library/Frameworks/Security.framework/Security.tbd
_kSecPolicyNameIPSecClient	System/Library/Frameworks/Security.framework/Security.tbd
_kSecPolicyNameIPSecServer	System/Library/Frameworks/Security.framework/Security.tbd
_kSecPolicyNameJibeTLS	System/Library/Frameworks/Security.framework/Security.tbd
_kSecPolicyNameOCSPSigner	System/Library/Frameworks/Security.framework/Security.tbd
_kSecPolicyNameSMIME	System/Library/Frameworks/Security.framework/Security.tbd
_kSecPolicyNameSSLClient	System/Library/Frameworks/Security.framework/Security.tbd
_kSecPolicyNameSSLServer	System/Library/Frameworks/Security.framework/Security.tbd
_kSecPolicyNameTimeStamping	System/Library/Frameworks/Security.framework/Security.tbd
_kSecPolicyNameX509Basic	System/Library/Frameworks/Security.framework/Security.tbd
_kSecPolicyOid	System/Library/Frameworks/Security.framework/Security.tbd
_kSecPolicyPolicyName	System/Library/Frameworks/Security.framework/Security.tbd
_kSecPolicyRevocationFlags	System/Library/Frameworks/Security.framework/Security.tbd
_kSecPolicyRootDigest	System/Library/Frameworks/Security.framework/Security.tbd
_kSecPolicyTeamIdentifier	System/Library/Frameworks/Security.framework/Security.tbd
_kSecPrivateKeyAttrs	System/Library/Frameworks/Security.framework/Security.tbd
_kSecPropertyKeyLabel	System/Library/Frameworks/Security.framework/Security.tbd
_kSecPropertyKeyLocalizedLabel	System/Library/Frameworks/Security.framework/Security.tbd
_kSecPropertyKeyType	System/Library/Frameworks/Security.framework/Security.tbd
_kSecPropertyKeyValue	System/Library/Frameworks/Security.framework/Security.tbd
_kSecPropertyTypeArray	System/Library/Frameworks/Security.framework/Security.tbd
_kSecPropertyTypeData	System/Library/Frameworks/Security.framework/Security.tbd
_kSecPropertyTypeDate	System/Library/Frameworks/Security.framework/Security.tbd
_kSecPropertyTypeError	System/Library/Frameworks/Security.framework/Security.tbd
_kSecPropertyTypeNumber	System/Library/Frameworks/Security.framework/Security.tbd
_kSecPropertyTypeSection	System/Library/Frameworks/Security.framework/Security.tbd
_kSecPropertyTypeString	System/Library/Frameworks/Security.framework/Security.tbd
_kSecPropertyTypeSuccess	System/Library/Frameworks/Security.framework/Security.tbd
_kSecPropertyTypeTitle	System/Library/Frameworks/Security.framework/Security.tbd
_kSecPropertyTypeURL	System/Library/Frameworks/Security.framework/Security.tbd
_kSecPropertyTypeWarning	System/Library/Frameworks/Security.framework/Security.tbd
_kSecPublicKeyAttrs	System/Library/Frameworks/Security.framework/Security.tbd
_kSecQCStatementCompliance	System/Library/Frameworks/Security.framework/Security.tbd
_kSecQCStatementType	System/Library/Frameworks/Security.framework/Security.tbd
_kSecQCStatementTypeEseal	System/Library/Frameworks/Security.framework/Security.tbd
_kSecQCStatementTypeEsign	System/Library/Frameworks/Security.framework/Security.tbd
_kSecQCStatementTypeWeb	System/Library/Frameworks/Security.framework/Security.tbd
_kSecRVIterations	System/Library/Frameworks/Security.framework/Security.tbd
_kSecRVMasterID	System/Library/Frameworks/Security.framework/Security.tbd
_kSecRVProtocol	System/Library/Frameworks/Security.framework/Security.tbd
_kSecRVSalt	System/Library/Frameworks/Security.framework/Security.tbd
_kSecRVVerifier	System/Library/Frameworks/Security.framework/Security.tbd
_kSecRandomDefault	System/Library/Frameworks/Security.framework/Security.tbd
_kSecReturnAttributes	System/Library/Frameworks/Security.framework/Security.tbd
_kSecReturnData	System/Library/Frameworks/Security.framework/Security.tbd
_kSecReturnPersistentRef	System/Library/Frameworks/Security.framework/Security.tbd
_kSecReturnRef	System/Library/Frameworks/Security.framework/Security.tbd
_kSecSFAErrorDomain	System/Library/Frameworks/Security.framework/Security.tbd
_kSecSharedPassword	System/Library/Frameworks/Security.framework/Security.tbd
_kSecSignatureDigestAlgorithmUnknown	System/Library/Frameworks/Security.framework/Security.tbd
_kSecSubjectAltName	System/Library/Frameworks/Security.framework/Security.tbd
_kSecSubjectAltNameDNSName	System/Library/Frameworks/Security.framework/Security.tbd
_kSecSubjectAltNameEmailAddress	System/Library/Frameworks/Security.framework/Security.tbd
_kSecSubjectAltNameIPAddress	System/Library/Frameworks/Security.framework/Security.tbd
_kSecSubjectAltNameNTPrincipalName	System/Library/Frameworks/Security.framework/Security.tbd
_kSecSubjectAltNameURI	System/Library/Frameworks/Security.framework/Security.tbd
_kSecTrustCertificateTransparency	System/Library/Frameworks/Security.framework/Security.tbd
_kSecTrustCertificateTransparencyWhiteList	System/Library/Frameworks/Security.framework/Security.tbd
_kSecTrustEvaluationDate	System/Library/Frameworks/Security.framework/Security.tbd
_kSecTrustExtendedValidation	System/Library/Frameworks/Security.framework/Security.tbd
_kSecTrustInfoCertificateTransparencyKey	System/Library/Frameworks/Security.framework/Security.tbd
_kSecTrustInfoCompanyNameKey	System/Library/Frameworks/Security.framework/Security.tbd
_kSecTrustInfoExtendedValidationKey	System/Library/Frameworks/Security.framework/Security.tbd
_kSecTrustInfoQCStatementsKey	System/Library/Frameworks/Security.framework/Security.tbd
_kSecTrustInfoQWACValidationKey	System/Library/Frameworks/Security.framework/Security.tbd
_kSecTrustInfoResultNotAfter	System/Library/Frameworks/Security.framework/Security.tbd
_kSecTrustInfoResultNotBefore	System/Library/Frameworks/Security.framework/Security.tbd
_kSecTrustInfoRevocationKey	System/Library/Frameworks/Security.framework/Security.tbd
_kSecTrustInfoRevocationValidUntilKey	System/Library/Frameworks/Security.framework/Security.tbd
_kSecTrustOrganizationName	System/Library/Frameworks/Security.framework/Security.tbd
_kSecTrustQCStatements	System/Library/Frameworks/Security.framework/Security.tbd
_kSecTrustQWACValidation	System/Library/Frameworks/Security.framework/Security.tbd
_kSecTrustResultDetails	System/Library/Frameworks/Security.framework/Security.tbd
_kSecTrustResultValue	System/Library/Frameworks/Security.framework/Security.tbd
_kSecTrustRevocationChecked	System/Library/Frameworks/Security.framework/Security.tbd
_kSecTrustRevocationReason	System/Library/Frameworks/Security.framework/Security.tbd
_kSecTrustRevocationValidUntilDate	System/Library/Frameworks/Security.framework/Security.tbd
_kSecTrustStoreHashAlgorithmKey	System/Library/Frameworks/Security.framework/Security.tbd
_kSecTrustStoreSPKIHashKey	System/Library/Frameworks/Security.framework/Security.tbd
_kSecUseAuthenticationContext	System/Library/Frameworks/Security.framework/Security.tbd
_kSecUseAuthenticationUI	System/Library/Frameworks/Security.framework/Security.tbd
_kSecUseAuthenticationUIAllow	System/Library/Frameworks/Security.framework/Security.tbd
_kSecUseAuthenticationUIFail	System/Library/Frameworks/Security.framework/Security.tbd
_kSecUseAuthenticationUISkip	System/Library/Frameworks/Security.framework/Security.tbd
_kSecUseCallerName	System/Library/Frameworks/Security.framework/Security.tbd
_kSecUseCredentialReference	System/Library/Frameworks/Security.framework/Security.tbd
_kSecUseDataProtectionKeychain	System/Library/Frameworks/Security.framework/Security.tbd
_kSecUseHardwareBoundKey	System/Library/Frameworks/Security.framework/Security.tbd
_kSecUseItemList	System/Library/Frameworks/Security.framework/Security.tbd
_kSecUseNoAuthenticationUI	System/Library/Frameworks/Security.framework/Security.tbd
_kSecUseOperationPrompt	System/Library/Frameworks/Security.framework/Security.tbd
_kSecUseSyncBubbleKeychain	System/Library/Frameworks/Security.framework/Security.tbd
_kSecUseSystemKeychain	System/Library/Frameworks/Security.framework/Security.tbd
_kSecUseSystemKeychainAlways	System/Library/Frameworks/Security.framework/Security.tbd
_kSecUseTokenRawItems	System/Library/Frameworks/Security.framework/Security.tbd
_kSecUseTombstones	System/Library/Frameworks/Security.framework/Security.tbd
_kSecValueData	System/Library/Frameworks/Security.framework/Security.tbd
_kSecValuePersistentRef	System/Library/Frameworks/Security.framework/Security.tbd
_kSecValueRef	System/Library/Frameworks/Security.framework/Security.tbd
_oidAdCAIssuer	System/Library/Frameworks/Security.framework/Security.tbd
_oidAdOCSP	System/Library/Frameworks/Security.framework/Security.tbd
_oidAnsip384r1	System/Library/Frameworks/Security.framework/Security.tbd
_oidAnsip521r1	System/Library/Frameworks/Security.framework/Security.tbd
_oidAnyExtendedKeyUsage	System/Library/Frameworks/Security.framework/Security.tbd
_oidAnyPolicy	System/Library/Frameworks/Security.framework/Security.tbd
_oidAuthorityInfoAccess	System/Library/Frameworks/Security.framework/Security.tbd
_oidAuthorityKeyIdentifier	System/Library/Frameworks/Security.framework/Security.tbd
_oidBasicConstraints	System/Library/Frameworks/Security.framework/Security.tbd
_oidCertificatePolicies	System/Library/Frameworks/Security.framework/Security.tbd
_oidCommonName	System/Library/Frameworks/Security.framework/Security.tbd
_oidCountryName	System/Library/Frameworks/Security.framework/Security.tbd
_oidCrlDistributionPoints	System/Library/Frameworks/Security.framework/Security.tbd
_oidDescription	System/Library/Frameworks/Security.framework/Security.tbd
_oidEcPrime192v1	System/Library/Frameworks/Security.framework/Security.tbd
_oidEcPrime256v1	System/Library/Frameworks/Security.framework/Security.tbd
_oidEcPubKey	System/Library/Frameworks/Security.framework/Security.tbd
_oidEmailAddress	System/Library/Frameworks/Security.framework/Security.tbd
_oidEntrustVersInfo	System/Library/Frameworks/Security.framework/Security.tbd
_oidExtendedKeyUsage	System/Library/Frameworks/Security.framework/Security.tbd
_oidExtendedKeyUsageClientAuth	System/Library/Frameworks/Security.framework/Security.tbd
_oidExtendedKeyUsageCodeSigning	System/Library/Frameworks/Security.framework/Security.tbd
_oidExtendedKeyUsageEmailProtection	System/Library/Frameworks/Security.framework/Security.tbd
_oidExtendedKeyUsageIPSec	System/Library/Frameworks/Security.framework/Security.tbd
_oidExtendedKeyUsageMicrosoftSGC	System/Library/Frameworks/Security.framework/Security.tbd
_oidExtendedKeyUsageNetscapeSGC	System/Library/Frameworks/Security.framework/Security.tbd
_oidExtendedKeyUsageOCSPSigning	System/Library/Frameworks/Security.framework/Security.tbd
_oidExtendedKeyUsageServerAuth	System/Library/Frameworks/Security.framework/Security.tbd
_oidExtendedKeyUsageTimeStamping	System/Library/Frameworks/Security.framework/Security.tbd
_oidFee	System/Library/Frameworks/Security.framework/Security.tbd
_oidFriendlyName	System/Library/Frameworks/Security.framework/Security.tbd
_oidGoogleEmbeddedSignedCertificateTimestamp	System/Library/Frameworks/Security.framework/Security.tbd
_oidGoogleOCSPSignedCertificateTimestamp	System/Library/Frameworks/Security.framework/Security.tbd
_oidInhibitAnyPolicy	System/Library/Frameworks/Security.framework/Security.tbd
_oidIssuerAltName	System/Library/Frameworks/Security.framework/Security.tbd
_oidKeyUsage	System/Library/Frameworks/Security.framework/Security.tbd
_oidLocalKeyId	System/Library/Frameworks/Security.framework/Security.tbd
_oidLocalityName	System/Library/Frameworks/Security.framework/Security.tbd
_oidMSNTPrincipalName	System/Library/Frameworks/Security.framework/Security.tbd
_oidMd2	System/Library/Frameworks/Security.framework/Security.tbd
_oidMd2Rsa	System/Library/Frameworks/Security.framework/Security.tbd
_oidMd4	System/Library/Frameworks/Security.framework/Security.tbd
_oidMd4Rsa	System/Library/Frameworks/Security.framework/Security.tbd
_oidMd5	System/Library/Frameworks/Security.framework/Security.tbd
_oidMd5Fee	System/Library/Frameworks/Security.framework/Security.tbd
_oidMd5Rsa	System/Library/Frameworks/Security.framework/Security.tbd
_oidNameConstraints	System/Library/Frameworks/Security.framework/Security.tbd
_oidNetscapeCertType	System/Library/Frameworks/Security.framework/Security.tbd
_oidOrganizationName	System/Library/Frameworks/Security.framework/Security.tbd
_oidOrganizationalUnitName	System/Library/Frameworks/Security.framework/Security.tbd
_oidPolicyConstraints	System/Library/Frameworks/Security.framework/Security.tbd
_oidPolicyMappings	System/Library/Frameworks/Security.framework/Security.tbd
_oidPrivateKeyUsagePeriod	System/Library/Frameworks/Security.framework/Security.tbd
_oidQtCps	System/Library/Frameworks/Security.framework/Security.tbd
_oidQtUNotice	System/Library/Frameworks/Security.framework/Security.tbd
_oidRsa	System/Library/Frameworks/Security.framework/Security.tbd
_oidSha1	System/Library/Frameworks/Security.framework/Security.tbd
_oidSha1Dsa	System/Library/Frameworks/Security.framework/Security.tbd
_oidSha1DsaCommonOIW	System/Library/Frameworks/Security.framework/Security.tbd
_oidSha1DsaOIW	System/Library/Frameworks/Security.framework/Security.tbd
_oidSha1Ecdsa	System/Library/Frameworks/Security.framework/Security.tbd
_oidSha1Fee	System/Library/Frameworks/Security.framework/Security.tbd
_oidSha1Rsa	System/Library/Frameworks/Security.framework/Security.tbd
_oidSha1RsaOIW	System/Library/Frameworks/Security.framework/Security.tbd
_oidSha224	System/Library/Frameworks/Security.framework/Security.tbd
_oidSha224Ecdsa	System/Library/Frameworks/Security.framework/Security.tbd
_oidSha224Rsa	System/Library/Frameworks/Security.framework/Security.tbd
_oidSha256	System/Library/Frameworks/Security.framework/Security.tbd
_oidSha256Ecdsa	System/Library/Frameworks/Security.framework/Security.tbd
_oidSha256Rsa	System/Library/Frameworks/Security.framework/Security.tbd
_oidSha384	System/Library/Frameworks/Security.framework/Security.tbd
_oidSha384Ecdsa	System/Library/Frameworks/Security.framework/Security.tbd
_oidSha384Rsa	System/Library/Frameworks/Security.framework/Security.tbd
_oidSha512	System/Library/Frameworks/Security.framework/Security.tbd
_oidSha512Ecdsa	System/Library/Frameworks/Security.framework/Security.tbd
_oidSha512Rsa	System/Library/Frameworks/Security.framework/Security.tbd
_oidStateOrProvinceName	System/Library/Frameworks/Security.framework/Security.tbd
_oidSubjectAltName	System/Library/Frameworks/Security.framework/Security.tbd
_oidSubjectInfoAccess	System/Library/Frameworks/Security.framework/Security.tbd
_oidSubjectKeyIdentifier	System/Library/Frameworks/Security.framework/Security.tbd
_parseNSPinnedDomains	System/Library/Frameworks/Security.framework/Security.tbd
_pbkdf2	System/Library/Frameworks/Security.framework/Security.tbd
_pbkdf2_hmac_sha1	System/Library/Frameworks/Security.framework/Security.tbd
_pbkdf2_hmac_sha256	System/Library/Frameworks/Security.framework/Security.tbd
_sBackupKeyKey	System/Library/Frameworks/Security.framework/Security.tbd
_sCKKSForAll	System/Library/Frameworks/Security.framework/Security.tbd
_sCirclePrefix	System/Library/Frameworks/Security.framework/Security.tbd
_sDebugInfoPrefix	System/Library/Frameworks/Security.framework/Security.tbd
_sDeviceID	System/Library/Frameworks/Security.framework/Security.tbd
_sEscrowRecord	System/Library/Frameworks/Security.framework/Security.tbd
_sGestaltKey	System/Library/Frameworks/Security.framework/Security.tbd
_sMachineIDKey	System/Library/Frameworks/Security.framework/Security.tbd
_sPreferIDS	System/Library/Frameworks/Security.framework/Security.tbd
_sPreferIDSACKModel	System/Library/Frameworks/Security.framework/Security.tbd
_sPreferIDSFragmentation	System/Library/Frameworks/Security.framework/Security.tbd
_sRetirementPrefix	System/Library/Frameworks/Security.framework/Security.tbd
_sRingPrefix	System/Library/Frameworks/Security.framework/Security.tbd
_sRingState	System/Library/Frameworks/Security.framework/Security.tbd
_sSecDERErrorDomain	System/Library/Frameworks/Security.framework/Security.tbd
_sSecXPCErrorDomain	System/Library/Frameworks/Security.framework/Security.tbd
_sSerialNumberKey	System/Library/Frameworks/Security.framework/Security.tbd
_sTransportType	System/Library/Frameworks/Security.framework/Security.tbd
_sV2DictionaryKey	System/Library/Frameworks/Security.framework/Security.tbd
_sVersionKey	System/Library/Frameworks/Security.framework/Security.tbd
_sViewsKey	System/Library/Frameworks/Security.framework/Security.tbd
_secLogObjForCFScope	System/Library/Frameworks/Security.framework/Security.tbd
_secLogObjForScope	System/Library/Frameworks/Security.framework/Security.tbd
_sec_array_append	System/Library/Frameworks/Security.framework/Security.tbd
_sec_array_apply	System/Library/Frameworks/Security.framework/Security.tbd
_sec_array_create	System/Library/Frameworks/Security.framework/Security.tbd
_sec_array_get_count	System/Library/Frameworks/Security.framework/Security.tbd
_sec_certificate_copy_ref	System/Library/Frameworks/Security.framework/Security.tbd
_sec_certificate_create	System/Library/Frameworks/Security.framework/Security.tbd
_sec_experiment_copy_configuration	System/Library/Frameworks/Security.framework/Security.tbd
_sec_experiment_create	System/Library/Frameworks/Security.framework/Security.tbd
_sec_experiment_run	System/Library/Frameworks/Security.framework/Security.tbd
_sec_experiment_run_async	System/Library/Frameworks/Security.framework/Security.tbd
_sec_experiment_run_async_with_sampling_disabled	System/Library/Frameworks/Security.framework/Security.tbd
_sec_experiment_run_with_sampling_disabled	System/Library/Frameworks/Security.framework/Security.tbd
_sec_experiment_set_sampling_disabled	System/Library/Frameworks/Security.framework/Security.tbd
_sec_identity_access_certificates	System/Library/Frameworks/Security.framework/Security.tbd
_sec_identity_copy_SPAKE2PLUSV1_client_identity	System/Library/Frameworks/Security.framework/Security.tbd
_sec_identity_copy_SPAKE2PLUSV1_client_password_verifier	System/Library/Frameworks/Security.framework/Security.tbd
_sec_identity_copy_SPAKE2PLUSV1_context	System/Library/Frameworks/Security.framework/Security.tbd
_sec_identity_copy_SPAKE2PLUSV1_registration_record	System/Library/Frameworks/Security.framework/Security.tbd
_sec_identity_copy_SPAKE2PLUSV1_server_identity	System/Library/Frameworks/Security.framework/Security.tbd
_sec_identity_copy_SPAKE2PLUSV1_server_password_verifier	System/Library/Frameworks/Security.framework/Security.tbd
_sec_identity_copy_certificates_ref	System/Library/Frameworks/Security.framework/Security.tbd
_sec_identity_copy_private_key_decrypt_block	System/Library/Frameworks/Security.framework/Security.tbd
_sec_identity_copy_private_key_queue	System/Library/Frameworks/Security.framework/Security.tbd
_sec_identity_copy_private_key_sign_block	System/Library/Frameworks/Security.framework/Security.tbd
_sec_identity_copy_ref	System/Library/Frameworks/Security.framework/Security.tbd
_sec_identity_copy_type	System/Library/Frameworks/Security.framework/Security.tbd
_sec_identity_create	System/Library/Frameworks/Security.framework/Security.tbd
_sec_identity_create_client_SPAKE2PLUSV1_identity	System/Library/Frameworks/Security.framework/Security.tbd
_sec_identity_create_server_SPAKE2PLUSV1_identity	System/Library/Frameworks/Security.framework/Security.tbd
_sec_identity_create_with_certificates	System/Library/Frameworks/Security.framework/Security.tbd
_sec_identity_create_with_certificates_and_external_private_key	System/Library/Frameworks/Security.framework/Security.tbd
_sec_identity_has_certificates	System/Library/Frameworks/Security.framework/Security.tbd
_sec_protocol_configuration_builder_create	System/Library/Frameworks/Security.framework/Security.tbd
_sec_protocol_configuration_copy_singleton	System/Library/Frameworks/Security.framework/Security.tbd
_sec_protocol_configuration_copy_transformed_options	System/Library/Frameworks/Security.framework/Security.tbd
_sec_protocol_configuration_copy_transformed_options_for_address	System/Library/Frameworks/Security.framework/Security.tbd
_sec_protocol_configuration_copy_transformed_options_for_host	System/Library/Frameworks/Security.framework/Security.tbd
_sec_protocol_configuration_create_with_builder	System/Library/Frameworks/Security.framework/Security.tbd
_sec_protocol_configuration_set_ats_overrides	System/Library/Frameworks/Security.framework/Security.tbd
_sec_protocol_configuration_tls_required	System/Library/Frameworks/Security.framework/Security.tbd
_sec_protocol_configuration_tls_required_for_address	System/Library/Frameworks/Security.framework/Security.tbd
_sec_protocol_configuration_tls_required_for_host	System/Library/Frameworks/Security.framework/Security.tbd
_sec_protocol_helper_ciphersuite_group_contains_ciphersuite	System/Library/Frameworks/Security.framework/Security.tbd
_sec_protocol_helper_ciphersuite_group_to_ciphersuite_list	System/Library/Frameworks/Security.framework/Security.tbd
_sec_protocol_helper_ciphersuite_maximum_TLS_version	System/Library/Frameworks/Security.framework/Security.tbd
_sec_protocol_helper_ciphersuite_minimum_TLS_version	System/Library/Frameworks/Security.framework/Security.tbd
_sec_protocol_helper_get_ciphersuite_name	System/Library/Frameworks/Security.framework/Security.tbd
_sec_protocol_metadata_access_distinguished_names	System/Library/Frameworks/Security.framework/Security.tbd
_sec_protocol_metadata_access_handle	System/Library/Frameworks/Security.framework/Security.tbd
_sec_protocol_metadata_access_ocsp_response	System/Library/Frameworks/Security.framework/Security.tbd
_sec_protocol_metadata_access_peer_certificate_chain	System/Library/Frameworks/Security.framework/Security.tbd
_sec_protocol_metadata_access_pre_shared_keys	System/Library/Frameworks/Security.framework/Security.tbd
_sec_protocol_metadata_access_sent_certificates	System/Library/Frameworks/Security.framework/Security.tbd
_sec_protocol_metadata_access_supported_signature_algorithms	System/Library/Frameworks/Security.framework/Security.tbd
_sec_protocol_metadata_challenge_parameters_are_equal	System/Library/Frameworks/Security.framework/Security.tbd
_sec_protocol_metadata_copy_authenticator	System/Library/Frameworks/Security.framework/Security.tbd
_sec_protocol_metadata_copy_authenticator_trust	System/Library/Frameworks/Security.framework/Security.tbd
_sec_protocol_metadata_copy_connection_id	System/Library/Frameworks/Security.framework/Security.tbd
_sec_protocol_metadata_copy_experiment_identifier	System/Library/Frameworks/Security.framework/Security.tbd
_sec_protocol_metadata_copy_negotiated_protocol	System/Library/Frameworks/Security.framework/Security.tbd
_sec_protocol_metadata_copy_peer_public_key	System/Library/Frameworks/Security.framework/Security.tbd
_sec_protocol_metadata_copy_quic_transport_parameters	System/Library/Frameworks/Security.framework/Security.tbd
_sec_protocol_metadata_copy_sec_identity	System/Library/Frameworks/Security.framework/Security.tbd
_sec_protocol_metadata_copy_sec_trust	System/Library/Frameworks/Security.framework/Security.tbd
_sec_protocol_metadata_copy_serialized_session	System/Library/Frameworks/Security.framework/Security.tbd
_sec_protocol_metadata_copy_server_name	System/Library/Frameworks/Security.framework/Security.tbd
_sec_protocol_metadata_copy_tls_negotiated_group	System/Library/Frameworks/Security.framework/Security.tbd
_sec_protocol_metadata_create_secret	System/Library/Frameworks/Security.framework/Security.tbd
_sec_protocol_metadata_create_secret_with_context	System/Library/Frameworks/Security.framework/Security.tbd
_sec_protocol_metadata_get_connection_strength	System/Library/Frameworks/Security.framework/Security.tbd
_sec_protocol_metadata_get_eap_key_material	System/Library/Frameworks/Security.framework/Security.tbd
_sec_protocol_metadata_get_early_data_accepted	System/Library/Frameworks/Security.framework/Security.tbd
_sec_protocol_metadata_get_experiment_identifier	System/Library/Frameworks/Security.framework/Security.tbd
_sec_protocol_metadata_get_handshake_async_call_count	System/Library/Frameworks/Security.framework/Security.tbd
_sec_protocol_metadata_get_handshake_byte_count	System/Library/Frameworks/Security.framework/Security.tbd
_sec_protocol_metadata_get_handshake_read_stall_count	System/Library/Frameworks/Security.framework/Security.tbd
_sec_protocol_metadata_get_handshake_received_byte_count	System/Library/Frameworks/Security.framework/Security.tbd
_sec_protocol_metadata_get_handshake_rtt	System/Library/Frameworks/Security.framework/Security.tbd
_sec_protocol_metadata_get_handshake_sent_byte_count	System/Library/Frameworks/Security.framework/Security.tbd
_sec_protocol_metadata_get_handshake_time_ms	System/Library/Frameworks/Security.framework/Security.tbd
_sec_protocol_metadata_get_handshake_write_stall_count	System/Library/Frameworks/Security.framework/Security.tbd
_sec_protocol_metadata_get_negotiated_ciphersuite	System/Library/Frameworks/Security.framework/Security.tbd
_sec_protocol_metadata_get_negotiated_protocol	System/Library/Frameworks/Security.framework/Security.tbd
_sec_protocol_metadata_get_negotiated_protocol_version	System/Library/Frameworks/Security.framework/Security.tbd
_sec_protocol_metadata_get_negotiated_tls_ciphersuite	System/Library/Frameworks/Security.framework/Security.tbd
_sec_protocol_metadata_get_negotiated_tls_protocol_version	System/Library/Frameworks/Security.framework/Security.tbd
_sec_protocol_metadata_get_sec_session_ticket_info	System/Library/Frameworks/Security.framework/Security.tbd
_sec_protocol_metadata_get_server_name	System/Library/Frameworks/Security.framework/Security.tbd
_sec_protocol_metadata_get_session_renewed	System/Library/Frameworks/Security.framework/Security.tbd
_sec_protocol_metadata_get_session_resumed	System/Library/Frameworks/Security.framework/Security.tbd
_sec_protocol_metadata_get_ticket_offered	System/Library/Frameworks/Security.framework/Security.tbd
_sec_protocol_metadata_get_ticket_received	System/Library/Frameworks/Security.framework/Security.tbd
_sec_protocol_metadata_get_tls_certificate_compression_algorithm	System/Library/Frameworks/Security.framework/Security.tbd
_sec_protocol_metadata_get_tls_certificate_compression_used	System/Library/Frameworks/Security.framework/Security.tbd
_sec_protocol_metadata_get_tls_epsk_offered	System/Library/Frameworks/Security.framework/Security.tbd
_sec_protocol_metadata_get_tls_false_start_used	System/Library/Frameworks/Security.framework/Security.tbd
_sec_protocol_metadata_get_tls_negotiated_epsk	System/Library/Frameworks/Security.framework/Security.tbd
_sec_protocol_metadata_get_tls_negotiated_group	System/Library/Frameworks/Security.framework/Security.tbd
_sec_protocol_metadata_get_tls_negotiated_pake	System/Library/Frameworks/Security.framework/Security.tbd
_sec_protocol_metadata_get_tls_pake_offered	System/Library/Frameworks/Security.framework/Security.tbd
_sec_protocol_metadata_peers_are_equal	System/Library/Frameworks/Security.framework/Security.tbd
_sec_protocol_metadata_serialize_with_options	System/Library/Frameworks/Security.framework/Security.tbd
_sec_protocol_metadata_set_negotiated_protocol	System/Library/Frameworks/Security.framework/Security.tbd
_sec_protocol_metadata_set_negotiated_tls_ciphersuite	System/Library/Frameworks/Security.framework/Security.tbd
_sec_protocol_metadata_set_negotiated_tls_protocol_version	System/Library/Frameworks/Security.framework/Security.tbd
_sec_protocol_metadata_set_session_ticket_info	System/Library/Frameworks/Security.framework/Security.tbd
_sec_protocol_options_access_handle	System/Library/Frameworks/Security.framework/Security.tbd
_sec_protocol_options_add_external_pre_shared_key	System/Library/Frameworks/Security.framework/Security.tbd
_sec_protocol_options_add_pre_shared_key	System/Library/Frameworks/Security.framework/Security.tbd
_sec_protocol_options_add_server_raw_public_key_certificate	System/Library/Frameworks/Security.framework/Security.tbd
_sec_protocol_options_add_tls_application_protocol	System/Library/Frameworks/Security.framework/Security.tbd
_sec_protocol_options_add_tls_ciphersuite	System/Library/Frameworks/Security.framework/Security.tbd
_sec_protocol_options_add_tls_ciphersuite_group	System/Library/Frameworks/Security.framework/Security.tbd
_sec_protocol_options_add_tls_key_exchange_group	System/Library/Frameworks/Security.framework/Security.tbd
_sec_protocol_options_add_tls_key_exchange_group_set	System/Library/Frameworks/Security.framework/Security.tbd
_sec_protocol_options_add_transport_specific_application_protocol	System/Library/Frameworks/Security.framework/Security.tbd
_sec_protocol_options_append_tls_ciphersuite	System/Library/Frameworks/Security.framework/Security.tbd
_sec_protocol_options_append_tls_ciphersuite_group	System/Library/Frameworks/Security.framework/Security.tbd
_sec_protocol_options_append_tls_key_exchange_group	System/Library/Frameworks/Security.framework/Security.tbd
_sec_protocol_options_append_tls_key_exchange_group_set	System/Library/Frameworks/Security.framework/Security.tbd
_sec_protocol_options_apply_config	System/Library/Frameworks/Security.framework/Security.tbd
_sec_protocol_options_are_equal	System/Library/Frameworks/Security.framework/Security.tbd
_sec_protocol_options_clear_tls_application_protocols	System/Library/Frameworks/Security.framework/Security.tbd
_sec_protocol_options_contents_are_equal	System/Library/Frameworks/Security.framework/Security.tbd
_sec_protocol_options_contents_compare	System/Library/Frameworks/Security.framework/Security.tbd
_sec_protocol_options_copy_transport_specific_application_protocol	System/Library/Frameworks/Security.framework/Security.tbd
_sec_protocol_options_create_config	System/Library/Frameworks/Security.framework/Security.tbd
_sec_protocol_options_get_default_max_dtls_protocol_version	System/Library/Frameworks/Security.framework/Security.tbd
_sec_protocol_options_get_default_max_tls_protocol_version	System/Library/Frameworks/Security.framework/Security.tbd
_sec_protocol_options_get_default_min_dtls_protocol_version	System/Library/Frameworks/Security.framework/Security.tbd
_sec_protocol_options_get_default_min_tls_protocol_version	System/Library/Frameworks/Security.framework/Security.tbd
_sec_protocol_options_get_eap_method	System/Library/Frameworks/Security.framework/Security.tbd
_sec_protocol_options_get_enable_encrypted_client_hello	System/Library/Frameworks/Security.framework/Security.tbd
_sec_protocol_options_get_pqtls_mode	System/Library/Frameworks/Security.framework/Security.tbd
_sec_protocol_options_get_quic_use_legacy_codepoint	System/Library/Frameworks/Security.framework/Security.tbd
_sec_protocol_options_get_raw_external_pre_shared_keys_enabled	System/Library/Frameworks/Security.framework/Security.tbd
_sec_protocol_options_get_sec_session_ticket_info	System/Library/Frameworks/Security.framework/Security.tbd
_sec_protocol_options_get_session_update_block	System/Library/Frameworks/Security.framework/Security.tbd
_sec_protocol_options_get_session_update_queue	System/Library/Frameworks/Security.framework/Security.tbd
_sec_protocol_options_get_tls_ciphersuites	System/Library/Frameworks/Security.framework/Security.tbd
_sec_protocol_options_matches_config	System/Library/Frameworks/Security.framework/Security.tbd
_sec_protocol_options_set_allow_unknown_alpn_protos	System/Library/Frameworks/Security.framework/Security.tbd
_sec_protocol_options_set_challenge_block	System/Library/Frameworks/Security.framework/Security.tbd
_sec_protocol_options_set_client_raw_public_key_certificates	System/Library/Frameworks/Security.framework/Security.tbd
_sec_protocol_options_set_connection_id	System/Library/Frameworks/Security.framework/Security.tbd
_sec_protocol_options_set_eap_method	System/Library/Frameworks/Security.framework/Security.tbd
_sec_protocol_options_set_eddsa_enabled	System/Library/Frameworks/Security.framework/Security.tbd
_sec_protocol_options_set_enable_encrypted_client_hello	System/Library/Frameworks/Security.framework/Security.tbd
_sec_protocol_options_set_enforce_ev	System/Library/Frameworks/Security.framework/Security.tbd
_sec_protocol_options_set_experiment_identifier	System/Library/Frameworks/Security.framework/Security.tbd
_sec_protocol_options_set_external_pre_shared_key_selection_block	System/Library/Frameworks/Security.framework/Security.tbd
_sec_protocol_options_set_key_update_block	System/Library/Frameworks/Security.framework/Security.tbd
_sec_protocol_options_set_local_certificates	System/Library/Frameworks/Security.framework/Security.tbd
_sec_protocol_options_set_local_identity	System/Library/Frameworks/Security.framework/Security.tbd
_sec_protocol_options_set_max_tls_protocol_version	System/Library/Frameworks/Security.framework/Security.tbd
_sec_protocol_options_set_min_tls_protocol_version	System/Library/Frameworks/Security.framework/Security.tbd
_sec_protocol_options_set_new_session_ticket_request	System/Library/Frameworks/Security.framework/Security.tbd
_sec_protocol_options_set_nw_protocol_joining_context	System/Library/Frameworks/Security.framework/Security.tbd
_sec_protocol_options_set_output_handler_access_block	System/Library/Frameworks/Security.framework/Security.tbd
_sec_protocol_options_set_pake_challenge_block	System/Library/Frameworks/Security.framework/Security.tbd
_sec_protocol_options_set_peer_authentication_optional	System/Library/Frameworks/Security.framework/Security.tbd
_sec_protocol_options_set_peer_authentication_required	System/Library/Frameworks/Security.framework/Security.tbd
_sec_protocol_options_set_pqtls_mode	System/Library/Frameworks/Security.framework/Security.tbd
_sec_protocol_options_set_pre_shared_key_selection_block	System/Library/Frameworks/Security.framework/Security.tbd
_sec_protocol_options_set_private_key_blocks	System/Library/Frameworks/Security.framework/Security.tbd
_sec_protocol_options_set_quic_early_data_context	System/Library/Frameworks/Security.framework/Security.tbd
_sec_protocol_options_set_quic_transport_parameters	System/Library/Frameworks/Security.framework/Security.tbd
_sec_protocol_options_set_quic_use_legacy_codepoint	System/Library/Frameworks/Security.framework/Security.tbd
_sec_protocol_options_set_resumed_session_ticket_request	System/Library/Frameworks/Security.framework/Security.tbd
_sec_protocol_options_set_sec_protocol_configuration	System/Library/Frameworks/Security.framework/Security.tbd
_sec_protocol_options_set_server_raw_public_key_certificates	System/Library/Frameworks/Security.framework/Security.tbd
_sec_protocol_options_set_session_state	System/Library/Frameworks/Security.framework/Security.tbd
_sec_protocol_options_set_session_ticket_info	System/Library/Frameworks/Security.framework/Security.tbd
_sec_protocol_options_set_session_update_block	System/Library/Frameworks/Security.framework/Security.tbd
_sec_protocol_options_set_tls_block_length_padding	System/Library/Frameworks/Security.framework/Security.tbd
_sec_protocol_options_set_tls_certificate_compression_enabled	System/Library/Frameworks/Security.framework/Security.tbd
_sec_protocol_options_set_tls_delegated_credentials_enabled	System/Library/Frameworks/Security.framework/Security.tbd
_sec_protocol_options_set_tls_diffie_hellman_parameters	System/Library/Frameworks/Security.framework/Security.tbd
_sec_protocol_options_set_tls_early_data_enabled	System/Library/Frameworks/Security.framework/Security.tbd
_sec_protocol_options_set_tls_encryption_level_update_block	System/Library/Frameworks/Security.framework/Security.tbd
_sec_protocol_options_set_tls_encryption_secret_update_block	System/Library/Frameworks/Security.framework/Security.tbd
_sec_protocol_options_set_tls_false_start_enabled	System/Library/Frameworks/Security.framework/Security.tbd
_sec_protocol_options_set_tls_grease_enabled	System/Library/Frameworks/Security.framework/Security.tbd
_sec_protocol_options_set_tls_is_fallback_attempt	System/Library/Frameworks/Security.framework/Security.tbd
_sec_protocol_options_set_tls_max_version	System/Library/Frameworks/Security.framework/Security.tbd
_sec_protocol_options_set_tls_min_version	System/Library/Frameworks/Security.framework/Security.tbd
_sec_protocol_options_set_tls_ocsp_enabled	System/Library/Frameworks/Security.framework/Security.tbd
_sec_protocol_options_set_tls_pre_shared_key_identity_hint	System/Library/Frameworks/Security.framework/Security.tbd
_sec_protocol_options_set_tls_renegotiation_enabled	System/Library/Frameworks/Security.framework/Security.tbd
_sec_protocol_options_set_tls_resumption_enabled	System/Library/Frameworks/Security.framework/Security.tbd
_sec_protocol_options_set_tls_sct_enabled	System/Library/Frameworks/Security.framework/Security.tbd
_sec_protocol_options_set_tls_server_name	System/Library/Frameworks/Security.framework/Security.tbd
_sec_protocol_options_set_tls_sni_disabled	System/Library/Frameworks/Security.framework/Security.tbd
_sec_protocol_options_set_tls_ticket_request_count	System/Library/Frameworks/Security.framework/Security.tbd
_sec_protocol_options_set_tls_tickets_enabled	System/Library/Frameworks/Security.framework/Security.tbd
_sec_protocol_options_set_use_raw_external_pre_shared_keys	System/Library/Frameworks/Security.framework/Security.tbd
_sec_protocol_options_set_verify_block	System/Library/Frameworks/Security.framework/Security.tbd
_sec_protocol_options_tls_handshake_message_callback	System/Library/Frameworks/Security.framework/Security.tbd
_sec_release	System/Library/Frameworks/Security.framework/Security.tbd
_sec_retain	System/Library/Frameworks/Security.framework/Security.tbd
_sec_trust_copy_ref	System/Library/Frameworks/Security.framework/Security.tbd
_sec_trust_create	System/Library/Frameworks/Security.framework/Security.tbd
_securityd_create_message	System/Library/Frameworks/Security.framework/Security.tbd
_securityd_message_no_error	System/Library/Frameworks/Security.framework/Security.tbd
_securityd_message_with_reply_sync	System/Library/Frameworks/Security.framework/Security.tbd
_securityd_send_async_and_do	System/Library/Frameworks/Security.framework/Security.tbd
_securityd_send_sync_and_do	System/Library/Frameworks/Security.framework/Security.tbd
_useMessageSecurityEnabled	System/Library/Frameworks/Security.framework/Security.tbd
