symbol	sourceSDKRelativePath
/System/Library/Frameworks/ImageIO.framework/ImageIO (for architecture arm64):	System/Library/Frameworks/ImageIO.framework/ImageIO.tbd
_CGAnimateImageAtURLWithBlock	System/Library/Frameworks/ImageIO.framework/ImageIO.tbd
_CGAnimateImageDataWithBlock	System/Library/Frameworks/ImageIO.framework/ImageIO.tbd
_CGCopyBasicPropertiesOfImageAtPath	System/Library/Frameworks/ImageIO.framework/ImageIO.tbd
_CGCreatePNGDataFromSVGData	System/Library/Frameworks/ImageIO.framework/ImageIO.tbd
_CGGetImageIOVersion	System/Library/Frameworks/ImageIO.framework/ImageIO.tbd
_CGImageApplyHDRGainMap	System/Library/Frameworks/ImageIO.framework/ImageIO.tbd
_CGImageComputeHDRGainMap	System/Library/Frameworks/ImageIO.framework/ImageIO.tbd
_CGImageComputeHDRImageStatistics	System/Library/Frameworks/ImageIO.framework/ImageIO.tbd
_CGImageComputeImageStatistics	System/Library/Frameworks/ImageIO.framework/ImageIO.tbd
_CGImageConvertHDRGainMap	System/Library/Frameworks/ImageIO.framework/ImageIO.tbd
_CGImageConvertHDRPixelBufferToSDR	System/Library/Frameworks/ImageIO.framework/ImageIO.tbd
_CGImageCopyFileWithGPSInformation	System/Library/Frameworks/ImageIO.framework/ImageIO.tbd
_CGImageCopyFileWithParameters	System/Library/Frameworks/ImageIO.framework/ImageIO.tbd
_CGImageCopyJPEGData	System/Library/Frameworks/ImageIO.framework/ImageIO.tbd
_CGImageCopyJPEGDataAndColorSpace	System/Library/Frameworks/ImageIO.framework/ImageIO.tbd
_CGImageCopySourceData	System/Library/Frameworks/ImageIO.framework/ImageIO.tbd
_CGImageCreateByMatchingToColorSpace	System/Library/Frameworks/ImageIO.framework/ImageIO.tbd
_CGImageCreateByScaling	System/Library/Frameworks/ImageIO.framework/ImageIO.tbd
_CGImageCreateColorSpaceFromDataArray	System/Library/Frameworks/ImageIO.framework/ImageIO.tbd
_CGImageCreateColorSpaceFromExifOrData	System/Library/Frameworks/ImageIO.framework/ImageIO.tbd
_CGImageCreateCombinedXMPData	System/Library/Frameworks/ImageIO.framework/ImageIO.tbd
_CGImageCreateCopyWithAlphaInfo	System/Library/Frameworks/ImageIO.framework/ImageIO.tbd
_CGImageCreateCopyWithParameters	System/Library/Frameworks/ImageIO.framework/ImageIO.tbd
_CGImageCreateDataFromMetadata	System/Library/Frameworks/ImageIO.framework/ImageIO.tbd
_CGImageCreateEXIFDataFromProperties	System/Library/Frameworks/ImageIO.framework/ImageIO.tbd
_CGImageCreateEXIFJPEGData	System/Library/Frameworks/ImageIO.framework/ImageIO.tbd
_CGImageCreateFlexGTCInfo	System/Library/Frameworks/ImageIO.framework/ImageIO.tbd
_CGImageCreateFlexRangeDictionary	System/Library/Frameworks/ImageIO.framework/ImageIO.tbd
_CGImageCreateFlexRangeMetadata	System/Library/Frameworks/ImageIO.framework/ImageIO.tbd
_CGImageCreateFromIOSurface	System/Library/Frameworks/ImageIO.framework/ImageIO.tbd
_CGImageCreateHDRGainMap	System/Library/Frameworks/ImageIO.framework/ImageIO.tbd
_CGImageCreateMetadataFromData	System/Library/Frameworks/ImageIO.framework/ImageIO.tbd
_CGImageCreateMetadataFromDataArray	System/Library/Frameworks/ImageIO.framework/ImageIO.tbd
_CGImageCreatePixelBufferAttributesForHDRTarget	System/Library/Frameworks/ImageIO.framework/ImageIO.tbd
_CGImageCreateSDRPreservingGainCurve	System/Library/Frameworks/ImageIO.framework/ImageIO.tbd
_CGImageCreateThumb	System/Library/Frameworks/ImageIO.framework/ImageIO.tbd
_CGImageCreateWithWBMPData	System/Library/Frameworks/ImageIO.framework/ImageIO.tbd
_CGImageDestinationAddAuxiliaryDataInfo	System/Library/Frameworks/ImageIO.framework/ImageIO.tbd
_CGImageDestinationAddImage	System/Library/Frameworks/ImageIO.framework/ImageIO.tbd
_CGImageDestinationAddImageAndMetadata	System/Library/Frameworks/ImageIO.framework/ImageIO.tbd
_CGImageDestinationAddImageFromSource	System/Library/Frameworks/ImageIO.framework/ImageIO.tbd
_CGImageDestinationAddImageFromSourceWithMetadata	System/Library/Frameworks/ImageIO.framework/ImageIO.tbd
_CGImageDestinationAddImageWithMetadata	System/Library/Frameworks/ImageIO.framework/ImageIO.tbd
_CGImageDestinationCopyImageFormats	System/Library/Frameworks/ImageIO.framework/ImageIO.tbd
_CGImageDestinationCopyImageSource	System/Library/Frameworks/ImageIO.framework/ImageIO.tbd
_CGImageDestinationCopyTypeIdentifiers	System/Library/Frameworks/ImageIO.framework/ImageIO.tbd
_CGImageDestinationCreateWithData	System/Library/Frameworks/ImageIO.framework/ImageIO.tbd
_CGImageDestinationCreateWithDataConsumer	System/Library/Frameworks/ImageIO.framework/ImageIO.tbd
_CGImageDestinationCreateWithURL	System/Library/Frameworks/ImageIO.framework/ImageIO.tbd
_CGImageDestinationFinalize	System/Library/Frameworks/ImageIO.framework/ImageIO.tbd
_CGImageDestinationGetTypeID	System/Library/Frameworks/ImageIO.framework/ImageIO.tbd
_CGImageDestinationSetProperties	System/Library/Frameworks/ImageIO.framework/ImageIO.tbd
_CGImageGetHDRGainMapHeadroom	System/Library/Frameworks/ImageIO.framework/ImageIO.tbd
_CGImageGetHDRPixelBufferHeadroom	System/Library/Frameworks/ImageIO.framework/ImageIO.tbd
_CGImageGetHDRPixelBufferStatistics	System/Library/Frameworks/ImageIO.framework/ImageIO.tbd
_CGImageGetHash	System/Library/Frameworks/ImageIO.framework/ImageIO.tbd
_CGImageGetImageSource	System/Library/Frameworks/ImageIO.framework/ImageIO.tbd
_CGImageIOCreateXMPDataFromMetaData	System/Library/Frameworks/ImageIO.framework/ImageIO.tbd
_CGImageIsDecodable	System/Library/Frameworks/ImageIO.framework/ImageIO.tbd
_CGImageIsInsideSRGB	System/Library/Frameworks/ImageIO.framework/ImageIO.tbd
_CGImageMetadataCopyStringValueWithPath	System/Library/Frameworks/ImageIO.framework/ImageIO.tbd
_CGImageMetadataCopyTagMatchingImageProperty	System/Library/Frameworks/ImageIO.framework/ImageIO.tbd
_CGImageMetadataCopyTagWithPath	System/Library/Frameworks/ImageIO.framework/ImageIO.tbd
_CGImageMetadataCopyTags	System/Library/Frameworks/ImageIO.framework/ImageIO.tbd
_CGImageMetadataCreateFromData	System/Library/Frameworks/ImageIO.framework/ImageIO.tbd
_CGImageMetadataCreateFromMetadataProperties	System/Library/Frameworks/ImageIO.framework/ImageIO.tbd
_CGImageMetadataCreateFromXMPData	System/Library/Frameworks/ImageIO.framework/ImageIO.tbd
_CGImageMetadataCreateMetadataProperties	System/Library/Frameworks/ImageIO.framework/ImageIO.tbd
_CGImageMetadataCreateMutable	System/Library/Frameworks/ImageIO.framework/ImageIO.tbd
_CGImageMetadataCreateMutableCopy	System/Library/Frameworks/ImageIO.framework/ImageIO.tbd
_CGImageMetadataCreateSerializedData	System/Library/Frameworks/ImageIO.framework/ImageIO.tbd
_CGImageMetadataCreateSidecar	System/Library/Frameworks/ImageIO.framework/ImageIO.tbd
_CGImageMetadataCreateXMPData	System/Library/Frameworks/ImageIO.framework/ImageIO.tbd
_CGImageMetadataCreateXMPWithEXIFFiltered	System/Library/Frameworks/ImageIO.framework/ImageIO.tbd
_CGImageMetadataEnumerateTagsUsingBlock	System/Library/Frameworks/ImageIO.framework/ImageIO.tbd
_CGImageMetadataGetTypeID	System/Library/Frameworks/ImageIO.framework/ImageIO.tbd
_CGImageMetadataPropertyCreate	System/Library/Frameworks/ImageIO.framework/ImageIO.tbd
_CGImageMetadataPropertyGetPropertyName	System/Library/Frameworks/ImageIO.framework/ImageIO.tbd
_CGImageMetadataPropertyGetSchema	System/Library/Frameworks/ImageIO.framework/ImageIO.tbd
_CGImageMetadataPropertyGetSuggestedPrefix	System/Library/Frameworks/ImageIO.framework/ImageIO.tbd
_CGImageMetadataPropertyGetTypeID	System/Library/Frameworks/ImageIO.framework/ImageIO.tbd
_CGImageMetadataPropertyGetValue	System/Library/Frameworks/ImageIO.framework/ImageIO.tbd
_CGImageMetadataPropertySetValue	System/Library/Frameworks/ImageIO.framework/ImageIO.tbd
_CGImageMetadataRegisterNamespaceForPrefix	System/Library/Frameworks/ImageIO.framework/ImageIO.tbd
_CGImageMetadataRemoveTagWithPath	System/Library/Frameworks/ImageIO.framework/ImageIO.tbd
_CGImageMetadataSerialize	System/Library/Frameworks/ImageIO.framework/ImageIO.tbd
_CGImageMetadataSetTagWithPath	System/Library/Frameworks/ImageIO.framework/ImageIO.tbd
_CGImageMetadataSetValueMatchingImageProperty	System/Library/Frameworks/ImageIO.framework/ImageIO.tbd
_CGImageMetadataSetValueWithPath	System/Library/Frameworks/ImageIO.framework/ImageIO.tbd
_CGImageMetadataTagCopyName	System/Library/Frameworks/ImageIO.framework/ImageIO.tbd
_CGImageMetadataTagCopyNamespace	System/Library/Frameworks/ImageIO.framework/ImageIO.tbd
_CGImageMetadataTagCopyPrefix	System/Library/Frameworks/ImageIO.framework/ImageIO.tbd
_CGImageMetadataTagCopyQualifiers	System/Library/Frameworks/ImageIO.framework/ImageIO.tbd
_CGImageMetadataTagCopyValue	System/Library/Frameworks/ImageIO.framework/ImageIO.tbd
_CGImageMetadataTagCreate	System/Library/Frameworks/ImageIO.framework/ImageIO.tbd
_CGImageMetadataTagGetType	System/Library/Frameworks/ImageIO.framework/ImageIO.tbd
_CGImageMetadataTagGetTypeID	System/Library/Frameworks/ImageIO.framework/ImageIO.tbd
_CGImageMetadataValueAddQualifier	System/Library/Frameworks/ImageIO.framework/ImageIO.tbd
_CGImageMetadataValueCreate	System/Library/Frameworks/ImageIO.framework/ImageIO.tbd
_CGImageMetadataValueGetNamespaceURI	System/Library/Frameworks/ImageIO.framework/ImageIO.tbd
_CGImageMetadataValueGetQualifiers	System/Library/Frameworks/ImageIO.framework/ImageIO.tbd
_CGImageMetadataValueGetSuggestedNamespacePrefix	System/Library/Frameworks/ImageIO.framework/ImageIO.tbd
_CGImageMetadataValueGetTypeID	System/Library/Frameworks/ImageIO.framework/ImageIO.tbd
_CGImageMetadataValueGetValue	System/Library/Frameworks/ImageIO.framework/ImageIO.tbd
_CGImageMetadataValueIsAlternate	System/Library/Frameworks/ImageIO.framework/ImageIO.tbd
_CGImageMetadataValueIsAlternateText	System/Library/Frameworks/ImageIO.framework/ImageIO.tbd
_CGImageMetadataValueSetIsAlternate	System/Library/Frameworks/ImageIO.framework/ImageIO.tbd
_CGImageMetadataValueSetIsAlternateText	System/Library/Frameworks/ImageIO.framework/ImageIO.tbd
_CGImageMetadataValueSetNamespaceURI	System/Library/Frameworks/ImageIO.framework/ImageIO.tbd
_CGImageMetadataValueSetSuggestedNamespacePrefix	System/Library/Frameworks/ImageIO.framework/ImageIO.tbd
_CGImagePluginGetMatchToProfileOption	System/Library/Frameworks/ImageIO.framework/ImageIO.tbd
_CGImagePluginGetMetadata	System/Library/Frameworks/ImageIO.framework/ImageIO.tbd
_CGImagePluginGetOptions	System/Library/Frameworks/ImageIO.framework/ImageIO.tbd
_CGImagePluginGetProperties	System/Library/Frameworks/ImageIO.framework/ImageIO.tbd
_CGImagePluginGetSession	System/Library/Frameworks/ImageIO.framework/ImageIO.tbd
_CGImagePluginInitJPEGAtOffset	System/Library/Frameworks/ImageIO.framework/ImageIO.tbd
_CGImagePluginInitThumbJPEGAtOffset	System/Library/Frameworks/ImageIO.framework/ImageIO.tbd
_CGImagePluginInitThumbJPEGAtOffsetWithOptions	System/Library/Frameworks/ImageIO.framework/ImageIO.tbd
_CGImagePluginReadRawIPTCProps	System/Library/Frameworks/ImageIO.framework/ImageIO.tbd
_CGImagePluginReadRawXMPProps	System/Library/Frameworks/ImageIO.framework/ImageIO.tbd
_CGImagePluginReadRawXMPSidecarProps	System/Library/Frameworks/ImageIO.framework/ImageIO.tbd
_CGImagePluginSetClipPath	System/Library/Frameworks/ImageIO.framework/ImageIO.tbd
_CGImagePluginSetImage	System/Library/Frameworks/ImageIO.framework/ImageIO.tbd
_CGImagePluginSetImageBlockProc	System/Library/Frameworks/ImageIO.framework/ImageIO.tbd
_CGImagePluginSetJpegProvider	System/Library/Frameworks/ImageIO.framework/ImageIO.tbd
_CGImageReadSessionCreateFILE	System/Library/Frameworks/ImageIO.framework/ImageIO.tbd
_CGImageReadSessionGetBytePointer	System/Library/Frameworks/ImageIO.framework/ImageIO.tbd
_CGImageReadSessionGetBytesAtOffset	System/Library/Frameworks/ImageIO.framework/ImageIO.tbd
_CGImageReadSessionGetFilePath	System/Library/Frameworks/ImageIO.framework/ImageIO.tbd
_CGImageReadSessionGetSize	System/Library/Frameworks/ImageIO.framework/ImageIO.tbd
_CGImageReadSessionGetTypeID	System/Library/Frameworks/ImageIO.framework/ImageIO.tbd
_CGImageReadSessionIsFinal	System/Library/Frameworks/ImageIO.framework/ImageIO.tbd
_CGImageReadSessionReleaseBytePointer	System/Library/Frameworks/ImageIO.framework/ImageIO.tbd
_CGImageReadSessionReleaseCachedImageBlockData	System/Library/Frameworks/ImageIO.framework/ImageIO.tbd
_CGImageSourceAddProperty	System/Library/Frameworks/ImageIO.framework/ImageIO.tbd
_CGImageSourceCanAnimate	System/Library/Frameworks/ImageIO.framework/ImageIO.tbd
_CGImageSourceCopyAuxiliaryDataInfoAtIndex	System/Library/Frameworks/ImageIO.framework/ImageIO.tbd
_CGImageSourceCopyAuxiliaryDataInfoAtIndexWithOptions	System/Library/Frameworks/ImageIO.framework/ImageIO.tbd
_CGImageSourceCopyMetadataAtIndex	System/Library/Frameworks/ImageIO.framework/ImageIO.tbd
_CGImageSourceCopyMetadataPropertiesAtIndex	System/Library/Frameworks/ImageIO.framework/ImageIO.tbd
_CGImageSourceCopyProperties	System/Library/Frameworks/ImageIO.framework/ImageIO.tbd
_CGImageSourceCopyPropertiesAtIndex	System/Library/Frameworks/ImageIO.framework/ImageIO.tbd
_CGImageSourceCopyTypeExtensions	System/Library/Frameworks/ImageIO.framework/ImageIO.tbd
_CGImageSourceCopyTypeIdentifiers	System/Library/Frameworks/ImageIO.framework/ImageIO.tbd
_CGImageSourceCreateIOSurfaceAtIndex	System/Library/Frameworks/ImageIO.framework/ImageIO.tbd
_CGImageSourceCreateImageAtIndex	System/Library/Frameworks/ImageIO.framework/ImageIO.tbd
_CGImageSourceCreateIncremental	System/Library/Frameworks/ImageIO.framework/ImageIO.tbd
_CGImageSourceCreateProxyData	System/Library/Frameworks/ImageIO.framework/ImageIO.tbd
_CGImageSourceCreateThumbnailAtIndex	System/Library/Frameworks/ImageIO.framework/ImageIO.tbd
_CGImageSourceCreateWithData	System/Library/Frameworks/ImageIO.framework/ImageIO.tbd
_CGImageSourceCreateWithDataProvider	System/Library/Frameworks/ImageIO.framework/ImageIO.tbd
_CGImageSourceCreateWithFile	System/Library/Frameworks/ImageIO.framework/ImageIO.tbd
_CGImageSourceCreateWithProxyData	System/Library/Frameworks/ImageIO.framework/ImageIO.tbd
_CGImageSourceCreateWithURL	System/Library/Frameworks/ImageIO.framework/ImageIO.tbd
_CGImageSourceDisableCaching	System/Library/Frameworks/ImageIO.framework/ImageIO.tbd
_CGImageSourceDisableHardwareDecoding	System/Library/Frameworks/ImageIO.framework/ImageIO.tbd
_CGImageSourceDisableMetadataParsing	System/Library/Frameworks/ImageIO.framework/ImageIO.tbd
_CGImageSourceDisableRAWDecoding	System/Library/Frameworks/ImageIO.framework/ImageIO.tbd
_CGImageSourceEnableRestrictedDecoding	System/Library/Frameworks/ImageIO.framework/ImageIO.tbd
_CGImageSourceGetCount	System/Library/Frameworks/ImageIO.framework/ImageIO.tbd
_CGImageSourceGetImageCacheAtIndex	System/Library/Frameworks/ImageIO.framework/ImageIO.tbd
_CGImageSourceGetPrimaryImageIndex	System/Library/Frameworks/ImageIO.framework/ImageIO.tbd
_CGImageSourceGetStatus	System/Library/Frameworks/ImageIO.framework/ImageIO.tbd
_CGImageSourceGetStatusAtIndex	System/Library/Frameworks/ImageIO.framework/ImageIO.tbd
_CGImageSourceGetType	System/Library/Frameworks/ImageIO.framework/ImageIO.tbd
_CGImageSourceGetTypeID	System/Library/Frameworks/ImageIO.framework/ImageIO.tbd
_CGImageSourceGetTypeWithData	System/Library/Frameworks/ImageIO.framework/ImageIO.tbd
_CGImageSourceGetTypeWithDataProvider	System/Library/Frameworks/ImageIO.framework/ImageIO.tbd
_CGImageSourceGetTypeWithExtension	System/Library/Frameworks/ImageIO.framework/ImageIO.tbd
_CGImageSourceGetTypeWithURL	System/Library/Frameworks/ImageIO.framework/ImageIO.tbd
_CGImageSourceIsCloudTranscodable	System/Library/Frameworks/ImageIO.framework/ImageIO.tbd
_CGImageSourceIsColorOptimizedForSharing	System/Library/Frameworks/ImageIO.framework/ImageIO.tbd
_CGImageSourceIsProxy	System/Library/Frameworks/ImageIO.framework/ImageIO.tbd
_CGImageSourceRemoveCacheAtIndex	System/Library/Frameworks/ImageIO.framework/ImageIO.tbd
_CGImageSourceSetAllowableTypes	System/Library/Frameworks/ImageIO.framework/ImageIO.tbd
_CGImageSourceUpdateData	System/Library/Frameworks/ImageIO.framework/ImageIO.tbd
_CGImageSourceUpdateDataProvider	System/Library/Frameworks/ImageIO.framework/ImageIO.tbd
_CGImageWasCreatedWithIOSurface	System/Library/Frameworks/ImageIO.framework/ImageIO.tbd
_CGImageWriteEXIFJPEGToPath	System/Library/Frameworks/ImageIO.framework/ImageIO.tbd
_CGImageWriteEXIFJPEGWithMetadata	System/Library/Frameworks/ImageIO.framework/ImageIO.tbd
_CGInitializeImageIO	System/Library/Frameworks/ImageIO.framework/ImageIO.tbd
_CopyMetadataFromCFData	System/Library/Frameworks/ImageIO.framework/ImageIO.tbd
_CopyMetadataFromFileAtPath	System/Library/Frameworks/ImageIO.framework/ImageIO.tbd
_CopyMetadataFromSequentialDataProviderCallbacks	System/Library/Frameworks/ImageIO.framework/ImageIO.tbd
_GetMetadataPropertyMatchingSchemaAndPropertyName	System/Library/Frameworks/ImageIO.framework/ImageIO.tbd
_IIOInitDebugFlags	System/Library/Frameworks/ImageIO.framework/ImageIO.tbd
_IIOIsOOPEnabled	System/Library/Frameworks/ImageIO.framework/ImageIO.tbd
_IIOProcessEvent	System/Library/Frameworks/ImageIO.framework/ImageIO.tbd
_IIOSurfaceInfo	System/Library/Frameworks/ImageIO.framework/ImageIO.tbd
_IIO_XPCServer	System/Library/Frameworks/ImageIO.framework/ImageIO.tbd
_ImageIODebug	System/Library/Frameworks/ImageIO.framework/ImageIO.tbd
_ImageIOSetLoggingProc	System/Library/Frameworks/ImageIO.framework/ImageIO.tbd
_OFDCreatePDFDataFromURL	System/Library/Frameworks/ImageIO.framework/ImageIO.tbd
_UpdateRunningInXPCService	System/Library/Frameworks/ImageIO.framework/ImageIO.tbd
_gReadMakerNoteProps	System/Library/Frameworks/ImageIO.framework/ImageIO.tbd
_kCFErrorDomainCGImageMetadata	System/Library/Frameworks/ImageIO.framework/ImageIO.tbd
_kCGComputeHDRStats	System/Library/Frameworks/ImageIO.framework/ImageIO.tbd
_kCGContentBrightness	System/Library/Frameworks/ImageIO.framework/ImageIO.tbd
_kCGContentHeadroom	System/Library/Frameworks/ImageIO.framework/ImageIO.tbd
_kCGDataFromMetadataAddExifApp1Marker	System/Library/Frameworks/ImageIO.framework/ImageIO.tbd
_kCGDataFromMetadataStripExifFromXMP	System/Library/Frameworks/ImageIO.framework/ImageIO.tbd
_kCGDisableMetal	System/Library/Frameworks/ImageIO.framework/ImageIO.tbd
_kCGFallbackHDRGain	System/Library/Frameworks/ImageIO.framework/ImageIO.tbd
_kCGFlexGTCInfo	System/Library/Frameworks/ImageIO.framework/ImageIO.tbd
_kCGFlexRangeAlternateColorSpace	System/Library/Frameworks/ImageIO.framework/ImageIO.tbd
_kCGFlexRangeBaseIsHDR	System/Library/Frameworks/ImageIO.framework/ImageIO.tbd
_kCGFlexRangeEpsilon	System/Library/Frameworks/ImageIO.framework/ImageIO.tbd
_kCGFlexRangeGamma	System/Library/Frameworks/ImageIO.framework/ImageIO.tbd
_kCGFlexRangeMax	System/Library/Frameworks/ImageIO.framework/ImageIO.tbd
_kCGFlexRangeMin	System/Library/Frameworks/ImageIO.framework/ImageIO.tbd
_kCGFlexRangeOptions	System/Library/Frameworks/ImageIO.framework/ImageIO.tbd
_kCGFlexRangeSubsample	System/Library/Frameworks/ImageIO.framework/ImageIO.tbd
_kCGFlexRangeUseAlternateColor	System/Library/Frameworks/ImageIO.framework/ImageIO.tbd
_kCGGenerateAdaptiveSoftClipCurve	System/Library/Frameworks/ImageIO.framework/ImageIO.tbd
_kCGGenerateFlexGTC	System/Library/Frameworks/ImageIO.framework/ImageIO.tbd
_kCGImageAlphaInfo	System/Library/Frameworks/ImageIO.framework/ImageIO.tbd
_kCGImageAnimationDelayTime	System/Library/Frameworks/ImageIO.framework/ImageIO.tbd
_kCGImageAnimationLoopCount	System/Library/Frameworks/ImageIO.framework/ImageIO.tbd
_kCGImageAnimationStartIndex	System/Library/Frameworks/ImageIO.framework/ImageIO.tbd
_kCGImageAuxiliaryDataIncludeMeteorPlusMetadata	System/Library/Frameworks/ImageIO.framework/ImageIO.tbd
_kCGImageAuxiliaryDataInfoColorSpace	System/Library/Frameworks/ImageIO.framework/ImageIO.tbd
_kCGImageAuxiliaryDataInfoData	System/Library/Frameworks/ImageIO.framework/ImageIO.tbd
_kCGImageAuxiliaryDataInfoDataDescription	System/Library/Frameworks/ImageIO.framework/ImageIO.tbd
_kCGImageAuxiliaryDataInfoIOSurface	System/Library/Frameworks/ImageIO.framework/ImageIO.tbd
_kCGImageAuxiliaryDataInfoImage	System/Library/Frameworks/ImageIO.framework/ImageIO.tbd
_kCGImageAuxiliaryDataInfoMetadata	System/Library/Frameworks/ImageIO.framework/ImageIO.tbd
_kCGImageAuxiliaryDataInfoMeteorPlusMetadata	System/Library/Frameworks/ImageIO.framework/ImageIO.tbd
_kCGImageAuxiliaryDataInfoPixelBuffer	System/Library/Frameworks/ImageIO.framework/ImageIO.tbd
_kCGImageAuxiliaryDataRepresentation	System/Library/Frameworks/ImageIO.framework/ImageIO.tbd
_kCGImageAuxiliaryDataRepresentationData	System/Library/Frameworks/ImageIO.framework/ImageIO.tbd
_kCGImageAuxiliaryDataRepresentationIOSurface	System/Library/Frameworks/ImageIO.framework/ImageIO.tbd
_kCGImageAuxiliaryDataRepresentationImage	System/Library/Frameworks/ImageIO.framework/ImageIO.tbd
_kCGImageAuxiliaryDataRepresentationPixelBuffer	System/Library/Frameworks/ImageIO.framework/ImageIO.tbd
_kCGImageAuxiliaryDataTypeAlpha	System/Library/Frameworks/ImageIO.framework/ImageIO.tbd
_kCGImageAuxiliaryDataTypeDepth	System/Library/Frameworks/ImageIO.framework/ImageIO.tbd
_kCGImageAuxiliaryDataTypeDisparity	System/Library/Frameworks/ImageIO.framework/ImageIO.tbd
_kCGImageAuxiliaryDataTypeHDRGainMap	System/Library/Frameworks/ImageIO.framework/ImageIO.tbd
_kCGImageAuxiliaryDataTypeISOGainMap	System/Library/Frameworks/ImageIO.framework/ImageIO.tbd
_kCGImageAuxiliaryDataTypePortraitEffectsMatte	System/Library/Frameworks/ImageIO.framework/ImageIO.tbd
_kCGImageAuxiliaryDataTypeSemanticSegmentationGlassesMatte	System/Library/Frameworks/ImageIO.framework/ImageIO.tbd
_kCGImageAuxiliaryDataTypeSemanticSegmentationHairMatte	System/Library/Frameworks/ImageIO.framework/ImageIO.tbd
_kCGImageAuxiliaryDataTypeSemanticSegmentationSkinMatte	System/Library/Frameworks/ImageIO.framework/ImageIO.tbd
_kCGImageAuxiliaryDataTypeSemanticSegmentationSkyMatte	System/Library/Frameworks/ImageIO.framework/ImageIO.tbd
_kCGImageAuxiliaryDataTypeSemanticSegmentationTeethMatte	System/Library/Frameworks/ImageIO.framework/ImageIO.tbd
_kCGImageBlockIOSurfacePromoteToCIF10	System/Library/Frameworks/ImageIO.framework/ImageIO.tbd
_kCGImageComponentTypeRequest	System/Library/Frameworks/ImageIO.framework/ImageIO.tbd
_kCGImageCopyFileSetDateTime	System/Library/Frameworks/ImageIO.framework/ImageIO.tbd
_kCGImageCopyFileSetIPTC	System/Library/Frameworks/ImageIO.framework/ImageIO.tbd
_kCGImageCopyFileSetKeywords	System/Library/Frameworks/ImageIO.framework/ImageIO.tbd
_kCGImageCopyFileSetOrientation	System/Library/Frameworks/ImageIO.framework/ImageIO.tbd
_kCGImageCopyFileSetProfile	System/Library/Frameworks/ImageIO.framework/ImageIO.tbd
_kCGImageCopyFileSetStarRating	System/Library/Frameworks/ImageIO.framework/ImageIO.tbd
_kCGImageCopyFileSetXMP	System/Library/Frameworks/ImageIO.framework/ImageIO.tbd
_kCGImageDestinationBackgroundColor	System/Library/Frameworks/ImageIO.framework/ImageIO.tbd
_kCGImageDestinationCreateHDRGainMap	System/Library/Frameworks/ImageIO.framework/ImageIO.tbd
_kCGImageDestinationCreateHDRGainMapOptions	System/Library/Frameworks/ImageIO.framework/ImageIO.tbd
_kCGImageDestinationDateTime	System/Library/Frameworks/ImageIO.framework/ImageIO.tbd
_kCGImageDestinationEmbedThumbnail	System/Library/Frameworks/ImageIO.framework/ImageIO.tbd
_kCGImageDestinationEnableRGBToYUVDithering	System/Library/Frameworks/ImageIO.framework/ImageIO.tbd
_kCGImageDestinationEnableRestrictedEncoding	System/Library/Frameworks/ImageIO.framework/ImageIO.tbd
_kCGImageDestinationEncodeAlternateColorSpace	System/Library/Frameworks/ImageIO.framework/ImageIO.tbd
_kCGImageDestinationEncodeBaseColorSpace	System/Library/Frameworks/ImageIO.framework/ImageIO.tbd
_kCGImageDestinationEncodeBaseIsSDR	System/Library/Frameworks/ImageIO.framework/ImageIO.tbd
_kCGImageDestinationEncodeBasePixelFormatRequest	System/Library/Frameworks/ImageIO.framework/ImageIO.tbd
_kCGImageDestinationEncodeForScreenshot	System/Library/Frameworks/ImageIO.framework/ImageIO.tbd
_kCGImageDestinationEncodeGainMapPixelFormatRequest	System/Library/Frameworks/ImageIO.framework/ImageIO.tbd
_kCGImageDestinationEncodeGainMapSubsampleFactor	System/Library/Frameworks/ImageIO.framework/ImageIO.tbd
_kCGImageDestinationEncodeGenerateGainMapWithBaseImage	System/Library/Frameworks/ImageIO.framework/ImageIO.tbd
_kCGImageDestinationEncodeIsBaseImage	System/Library/Frameworks/ImageIO.framework/ImageIO.tbd
_kCGImageDestinationEncodeRequest	System/Library/Frameworks/ImageIO.framework/ImageIO.tbd
_kCGImageDestinationEncodeRequestOptions	System/Library/Frameworks/ImageIO.framework/ImageIO.tbd
_kCGImageDestinationEncodeToISOGainmap	System/Library/Frameworks/ImageIO.framework/ImageIO.tbd
_kCGImageDestinationEncodeToISOHDR	System/Library/Frameworks/ImageIO.framework/ImageIO.tbd
_kCGImageDestinationEncodeToSDR	System/Library/Frameworks/ImageIO.framework/ImageIO.tbd
_kCGImageDestinationEncodeTonemapMode	System/Library/Frameworks/ImageIO.framework/ImageIO.tbd
_kCGImageDestinationEncodingIntent	System/Library/Frameworks/ImageIO.framework/ImageIO.tbd
_kCGImageDestinationICCProfile	System/Library/Frameworks/ImageIO.framework/ImageIO.tbd
_kCGImageDestinationImageMaxPixelSize	System/Library/Frameworks/ImageIO.framework/ImageIO.tbd
_kCGImageDestinationLossyCompressionQuality	System/Library/Frameworks/ImageIO.framework/ImageIO.tbd
_kCGImageDestinationMergeMetadata	System/Library/Frameworks/ImageIO.framework/ImageIO.tbd
_kCGImageDestinationMetadata	System/Library/Frameworks/ImageIO.framework/ImageIO.tbd
_kCGImageDestinationOptimizeColorForSharing	System/Library/Frameworks/ImageIO.framework/ImageIO.tbd
_kCGImageDestinationOptimizeForSize	System/Library/Frameworks/ImageIO.framework/ImageIO.tbd
_kCGImageDestinationOrientation	System/Library/Frameworks/ImageIO.framework/ImageIO.tbd
_kCGImageDestinationPreferSoftwareEncoder	System/Library/Frameworks/ImageIO.framework/ImageIO.tbd
_kCGImageDestinationPreserveGainMap	System/Library/Frameworks/ImageIO.framework/ImageIO.tbd
_kCGImageDestinationRequestedFileSize	System/Library/Frameworks/ImageIO.framework/ImageIO.tbd
_kCGImageDestinationToneMapExtendedRangeToSDR	System/Library/Frameworks/ImageIO.framework/ImageIO.tbd
_kCGImageDestinationUseHardwareAcceleration	System/Library/Frameworks/ImageIO.framework/ImageIO.tbd
_kCGImageEXIFDataAddMissingTags	System/Library/Frameworks/ImageIO.framework/ImageIO.tbd
_kCGImageEXIFDataIncludeEXIFHeader	System/Library/Frameworks/ImageIO.framework/ImageIO.tbd
_kCGImageMetadataEnumerateRecursively	System/Library/Frameworks/ImageIO.framework/ImageIO.tbd
_kCGImageMetadataNamespaceDublinCore	System/Library/Frameworks/ImageIO.framework/ImageIO.tbd
_kCGImageMetadataNamespaceExif	System/Library/Frameworks/ImageIO.framework/ImageIO.tbd
_kCGImageMetadataNamespaceExifAux	System/Library/Frameworks/ImageIO.framework/ImageIO.tbd
_kCGImageMetadataNamespaceExifEX	System/Library/Frameworks/ImageIO.framework/ImageIO.tbd
_kCGImageMetadataNamespaceIPTCCore	System/Library/Frameworks/ImageIO.framework/ImageIO.tbd
_kCGImageMetadataNamespaceIPTCExtension	System/Library/Frameworks/ImageIO.framework/ImageIO.tbd
_kCGImageMetadataNamespacePhotoshop	System/Library/Frameworks/ImageIO.framework/ImageIO.tbd
_kCGImageMetadataNamespaceTIFF	System/Library/Frameworks/ImageIO.framework/ImageIO.tbd
_kCGImageMetadataNamespaceXMPBasic	System/Library/Frameworks/ImageIO.framework/ImageIO.tbd
_kCGImageMetadataNamespaceXMPRights	System/Library/Frameworks/ImageIO.framework/ImageIO.tbd
_kCGImageMetadataPrefixDublinCore	System/Library/Frameworks/ImageIO.framework/ImageIO.tbd
_kCGImageMetadataPrefixExif	System/Library/Frameworks/ImageIO.framework/ImageIO.tbd
_kCGImageMetadataPrefixExifAux	System/Library/Frameworks/ImageIO.framework/ImageIO.tbd
_kCGImageMetadataPrefixExifEX	System/Library/Frameworks/ImageIO.framework/ImageIO.tbd
_kCGImageMetadataPrefixIPTCCore	System/Library/Frameworks/ImageIO.framework/ImageIO.tbd
_kCGImageMetadataPrefixIPTCExtension	System/Library/Frameworks/ImageIO.framework/ImageIO.tbd
_kCGImageMetadataPrefixPhotoshop	System/Library/Frameworks/ImageIO.framework/ImageIO.tbd
_kCGImageMetadataPrefixTIFF	System/Library/Frameworks/ImageIO.framework/ImageIO.tbd
_kCGImageMetadataPrefixXMPBasic	System/Library/Frameworks/ImageIO.framework/ImageIO.tbd
_kCGImageMetadataPrefixXMPRights	System/Library/Frameworks/ImageIO.framework/ImageIO.tbd
_kCGImageMetadataShouldExcludeGPS	System/Library/Frameworks/ImageIO.framework/ImageIO.tbd
_kCGImageMetadataShouldExcludeICC	System/Library/Frameworks/ImageIO.framework/ImageIO.tbd
_kCGImageMetadataShouldExcludeXMP	System/Library/Frameworks/ImageIO.framework/ImageIO.tbd
_kCGImagePreferGPUForColorConversion	System/Library/Frameworks/ImageIO.framework/ImageIO.tbd
_kCGImagePreferredColorConversionMode	System/Library/Frameworks/ImageIO.framework/ImageIO.tbd
_kCGImageProperty420fEncoder	System/Library/Frameworks/ImageIO.framework/ImageIO.tbd
_kCGImageProperty420fUseLZFSE	System/Library/Frameworks/ImageIO.framework/ImageIO.tbd
_kCGImageProperty8BIMDictionary	System/Library/Frameworks/ImageIO.framework/ImageIO.tbd
_kCGImageProperty8BIMLayerNames	System/Library/Frameworks/ImageIO.framework/ImageIO.tbd
_kCGImageProperty8BIMVersion	System/Library/Frameworks/ImageIO.framework/ImageIO.tbd
_kCGImagePropertyAPNGCanvasPixelHeight	System/Library/Frameworks/ImageIO.framework/ImageIO.tbd
_kCGImagePropertyAPNGCanvasPixelWidth	System/Library/Frameworks/ImageIO.framework/ImageIO.tbd
_kCGImagePropertyAPNGDelayTime	System/Library/Frameworks/ImageIO.framework/ImageIO.tbd
_kCGImagePropertyAPNGFrameInfoArray	System/Library/Frameworks/ImageIO.framework/ImageIO.tbd
_kCGImagePropertyAPNGLoopCount	System/Library/Frameworks/ImageIO.framework/ImageIO.tbd
_kCGImagePropertyAPNGUnclampedDelayTime	System/Library/Frameworks/ImageIO.framework/ImageIO.tbd
_kCGImagePropertyASTCBlockSize	System/Library/Frameworks/ImageIO.framework/ImageIO.tbd
_kCGImagePropertyASTCBlockSize4x4	System/Library/Frameworks/ImageIO.framework/ImageIO.tbd
_kCGImagePropertyASTCBlockSize8x8	System/Library/Frameworks/ImageIO.framework/ImageIO.tbd
_kCGImagePropertyASTCEncoder	System/Library/Frameworks/ImageIO.framework/ImageIO.tbd
_kCGImagePropertyASTCFlipVertically	System/Library/Frameworks/ImageIO.framework/ImageIO.tbd
_kCGImagePropertyASTCPreTwiddle	System/Library/Frameworks/ImageIO.framework/ImageIO.tbd
_kCGImagePropertyASTCUseHDR	System/Library/Frameworks/ImageIO.framework/ImageIO.tbd
_kCGImagePropertyASTCUseLZFSE	System/Library/Frameworks/ImageIO.framework/ImageIO.tbd
_kCGImagePropertyASTCWeightChannelsEqually	System/Library/Frameworks/ImageIO.framework/ImageIO.tbd
_kCGImagePropertyAVISDictionary	System/Library/Frameworks/ImageIO.framework/ImageIO.tbd
_kCGImagePropertyAuxiliaryData	System/Library/Frameworks/ImageIO.framework/ImageIO.tbd
_kCGImagePropertyAuxiliaryDataType	System/Library/Frameworks/ImageIO.framework/ImageIO.tbd
_kCGImagePropertyBCEncoder	System/Library/Frameworks/ImageIO.framework/ImageIO.tbd
_kCGImagePropertyBCFormat	System/Library/Frameworks/ImageIO.framework/ImageIO.tbd
_kCGImagePropertyBCWeightChannelsEqually	System/Library/Frameworks/ImageIO.framework/ImageIO.tbd
_kCGImagePropertyBitsPerPixel	System/Library/Frameworks/ImageIO.framework/ImageIO.tbd
_kCGImagePropertyBytesPerRow	System/Library/Frameworks/ImageIO.framework/ImageIO.tbd
_kCGImagePropertyCIFFCameraSerialNumber	System/Library/Frameworks/ImageIO.framework/ImageIO.tbd
_kCGImagePropertyCIFFContinuousDrive	System/Library/Frameworks/ImageIO.framework/ImageIO.tbd
_kCGImagePropertyCIFFDescription	System/Library/Frameworks/ImageIO.framework/ImageIO.tbd
_kCGImagePropertyCIFFDictionary	System/Library/Frameworks/ImageIO.framework/ImageIO.tbd
_kCGImagePropertyCIFFFirmware	System/Library/Frameworks/ImageIO.framework/ImageIO.tbd
_kCGImagePropertyCIFFFlashExposureComp	System/Library/Frameworks/ImageIO.framework/ImageIO.tbd
_kCGImagePropertyCIFFFocusMode	System/Library/Frameworks/ImageIO.framework/ImageIO.tbd
_kCGImagePropertyCIFFImageFileName	System/Library/Frameworks/ImageIO.framework/ImageIO.tbd
_kCGImagePropertyCIFFImageName	System/Library/Frameworks/ImageIO.framework/ImageIO.tbd
_kCGImagePropertyCIFFImageSerialNumber	System/Library/Frameworks/ImageIO.framework/ImageIO.tbd
_kCGImagePropertyCIFFLensMaxMM	System/Library/Frameworks/ImageIO.framework/ImageIO.tbd
_kCGImagePropertyCIFFLensMinMM	System/Library/Frameworks/ImageIO.framework/ImageIO.tbd
_kCGImagePropertyCIFFLensModel	System/Library/Frameworks/ImageIO.framework/ImageIO.tbd
_kCGImagePropertyCIFFMeasuredEV	System/Library/Frameworks/ImageIO.framework/ImageIO.tbd
_kCGImagePropertyCIFFMeteringMode	System/Library/Frameworks/ImageIO.framework/ImageIO.tbd
_kCGImagePropertyCIFFOwnerName	System/Library/Frameworks/ImageIO.framework/ImageIO.tbd
_kCGImagePropertyCIFFRecordID	System/Library/Frameworks/ImageIO.framework/ImageIO.tbd
_kCGImagePropertyCIFFReleaseMethod	System/Library/Frameworks/ImageIO.framework/ImageIO.tbd
_kCGImagePropertyCIFFReleaseTiming	System/Library/Frameworks/ImageIO.framework/ImageIO.tbd
_kCGImagePropertyCIFFSelfTimingTime	System/Library/Frameworks/ImageIO.framework/ImageIO.tbd
_kCGImagePropertyCIFFShootingMode	System/Library/Frameworks/ImageIO.framework/ImageIO.tbd
_kCGImagePropertyCIFFWhiteBalanceIndex	System/Library/Frameworks/ImageIO.framework/ImageIO.tbd
_kCGImagePropertyColorModel	System/Library/Frameworks/ImageIO.framework/ImageIO.tbd
_kCGImagePropertyColorModelCMYK	System/Library/Frameworks/ImageIO.framework/ImageIO.tbd
_kCGImagePropertyColorModelGray	System/Library/Frameworks/ImageIO.framework/ImageIO.tbd
_kCGImagePropertyColorModelLab	System/Library/Frameworks/ImageIO.framework/ImageIO.tbd
_kCGImagePropertyColorModelRGB	System/Library/Frameworks/ImageIO.framework/ImageIO.tbd
_kCGImagePropertyDICOMAITDeviceType	System/Library/Frameworks/ImageIO.framework/ImageIO.tbd
_kCGImagePropertyDICOMALinePixelSpacing	System/Library/Frameworks/ImageIO.framework/ImageIO.tbd
_kCGImagePropertyDICOMALineRate	System/Library/Frameworks/ImageIO.framework/ImageIO.tbd
_kCGImagePropertyDICOMALinesPerFrame	System/Library/Frameworks/ImageIO.framework/ImageIO.tbd
_kCGImagePropertyDICOMASLBolusCutoffDelayTime	System/Library/Frameworks/ImageIO.framework/ImageIO.tbd
_kCGImagePropertyDICOMASLBolusCutoffFlag	System/Library/Frameworks/ImageIO.framework/ImageIO.tbd
_kCGImagePropertyDICOMASLBolusCutoffTechnique	System/Library/Frameworks/ImageIO.framework/ImageIO.tbd
_kCGImagePropertyDICOMASLBolusCutoffTimingSequence	System/Library/Frameworks/ImageIO.framework/ImageIO.tbd
_kCGImagePropertyDICOMASLContext	System/Library/Frameworks/ImageIO.framework/ImageIO.tbd
_kCGImagePropertyDICOMASLCrusherDescription	System/Library/Frameworks/ImageIO.framework/ImageIO.tbd
_kCGImagePropertyDICOMASLCrusherFlag	System/Library/Frameworks/ImageIO.framework/ImageIO.tbd
_kCGImagePropertyDICOMASLCrusherFlowLimit	System/Library/Frameworks/ImageIO.framework/ImageIO.tbd
_kCGImagePropertyDICOMASLMidSlabPosition	System/Library/Frameworks/ImageIO.framework/ImageIO.tbd
_kCGImagePropertyDICOMASLPulseTrainDuration	System/Library/Frameworks/ImageIO.framework/ImageIO.tbd
_kCGImagePropertyDICOMASLSlabNumber	System/Library/Frameworks/ImageIO.framework/ImageIO.tbd
_kCGImagePropertyDICOMASLSlabOrientation	System/Library/Frameworks/ImageIO.framework/ImageIO.tbd
_kCGImagePropertyDICOMASLSlabSequence	System/Library/Frameworks/ImageIO.framework/ImageIO.tbd
_kCGImagePropertyDICOMASLSlabThickness	System/Library/Frameworks/ImageIO.framework/ImageIO.tbd
_kCGImagePropertyDICOMASLTechniqueDescription	System/Library/Frameworks/ImageIO.framework/ImageIO.tbd
_kCGImagePropertyDICOMATDAbilityAssessment	System/Library/Frameworks/ImageIO.framework/ImageIO.tbd
_kCGImagePropertyDICOMATDAssessmentFlag	System/Library/Frameworks/ImageIO.framework/ImageIO.tbd
_kCGImagePropertyDICOMATDAssessmentProbability	System/Library/Frameworks/ImageIO.framework/ImageIO.tbd
_kCGImagePropertyDICOMATDAssessmentSequence	System/Library/Frameworks/ImageIO.framework/ImageIO.tbd
_kCGImagePropertyDICOMAbortFlag	System/Library/Frameworks/ImageIO.framework/ImageIO.tbd
_kCGImagePropertyDICOMAbortReason	System/Library/Frameworks/ImageIO.framework/ImageIO.tbd
_kCGImagePropertyDICOMAbsoluteChannelDisplayScale	System/Library/Frameworks/ImageIO.framework/ImageIO.tbd
_kCGImagePropertyDICOMAbsoluteDosimetricObjectiveFlag	System/Library/Frameworks/ImageIO.framework/ImageIO.tbd
_kCGImagePropertyDICOMAbsorbedDoseToMetersetRatio	System/Library/Frameworks/ImageIO.framework/ImageIO.tbd
_kCGImagePropertyDICOMAbstractPriorCodeSequence	System/Library/Frameworks/ImageIO.framework/ImageIO.tbd
_kCGImagePropertyDICOMAbstractPriorValue	System/Library/Frameworks/ImageIO.framework/ImageIO.tbd
_kCGImagePropertyDICOMAcceleration	System/Library/Frameworks/ImageIO.framework/ImageIO.tbd
_kCGImagePropertyDICOMAccessionNumber	System/Library/Frameworks/ImageIO.framework/ImageIO.tbd
_kCGImagePropertyDICOMAccessoryCode	System/Library/Frameworks/ImageIO.framework/ImageIO.tbd
_kCGImagePropertyDICOMAcousticCouplingMediumCodeSequence	System/Library/Frameworks/ImageIO.framework/ImageIO.tbd
_kCGImagePropertyDICOMAcousticCouplingMediumFlag	System/Library/Frameworks/ImageIO.framework/ImageIO.tbd
_kCGImagePropertyDICOMAcousticCouplingMediumSoundSpeed	System/Library/Frameworks/ImageIO.framework/ImageIO.tbd
_kCGImagePropertyDICOMAcousticCouplingMediumTemperature	System/Library/Frameworks/ImageIO.framework/ImageIO.tbd
_kCGImagePropertyDICOMAcquiredImageAreaDoseProduct	System/Library/Frameworks/ImageIO.framework/ImageIO.tbd
_kCGImagePropertyDICOMAcquiredSoundpathLength	System/Library/Frameworks/ImageIO.framework/ImageIO.tbd
_kCGImagePropertyDICOMAcquiredSubtractionMaskFlag	System/Library/Frameworks/ImageIO.framework/ImageIO.tbd
_kCGImagePropertyDICOMAcquisitionComments	System/Library/Frameworks/ImageIO.framework/ImageIO.tbd
_kCGImagePropertyDICOMAcquisitionCompressionType	System/Library/Frameworks/ImageIO.framework/ImageIO.tbd
_kCGImagePropertyDICOMAcquisitionContextDescription	System/Library/Frameworks/ImageIO.framework/ImageIO.tbd
_kCGImagePropertyDICOMAcquisitionContextSequence	System/Library/Frameworks/ImageIO.framework/ImageIO.tbd
_kCGImagePropertyDICOMAcquisitionContrast	System/Library/Frameworks/ImageIO.framework/ImageIO.tbd
_kCGImagePropertyDICOMAcquisitionDate	System/Library/Frameworks/ImageIO.framework/ImageIO.tbd
_kCGImagePropertyDICOMAcquisitionDateTime	System/Library/Frameworks/ImageIO.framework/ImageIO.tbd
_kCGImagePropertyDICOMAcquisitionDeviceProcessingCode	System/Library/Frameworks/ImageIO.framework/ImageIO.tbd
_kCGImagePropertyDICOMAcquisitionDeviceProcessingDescription	System/Library/Frameworks/ImageIO.framework/ImageIO.tbd
_kCGImagePropertyDICOMAcquisitionDeviceSequence	System/Library/Frameworks/ImageIO.framework/ImageIO.tbd
_kCGImagePropertyDICOMAcquisitionDeviceTypeCodeSequence	System/Library/Frameworks/ImageIO.framework/ImageIO.tbd
_kCGImagePropertyDICOMAcquisitionDuration	System/Library/Frameworks/ImageIO.framework/ImageIO.tbd
_kCGImagePropertyDICOMAcquisitionEndLocationSequence	System/Library/Frameworks/ImageIO.framework/ImageIO.tbd
_kCGImagePropertyDICOMAcquisitionFieldOfViewLabel	System/Library/Frameworks/ImageIO.framework/ImageIO.tbd
_kCGImagePropertyDICOMAcquisitionIndex	System/Library/Frameworks/ImageIO.framework/ImageIO.tbd
_kCGImagePropertyDICOMAcquisitionInitiationSequence	System/Library/Frameworks/ImageIO.framework/ImageIO.tbd
_kCGImagePropertyDICOMAcquisitionMatrix	System/Library/Frameworks/ImageIO.framework/ImageIO.tbd
_kCGImagePropertyDICOMAcquisitionMethod	System/Library/Frameworks/ImageIO.framework/ImageIO.tbd
_kCGImagePropertyDICOMAcquisitionMethodAlgorithmSequence	System/Library/Frameworks/ImageIO.framework/ImageIO.tbd
_kCGImagePropertyDICOMAcquisitionMethodCodeSequence	System/Library/Frameworks/ImageIO.framework/ImageIO.tbd
_kCGImagePropertyDICOMAcquisitionMode	System/Library/Frameworks/ImageIO.framework/ImageIO.tbd
_kCGImagePropertyDICOMAcquisitionMotion	System/Library/Frameworks/ImageIO.framework/ImageIO.tbd
_kCGImagePropertyDICOMAcquisitionNumber	System/Library/Frameworks/ImageIO.framework/ImageIO.tbd
_kCGImagePropertyDICOMAcquisitionProtocolDescription	System/Library/Frameworks/ImageIO.framework/ImageIO.tbd
_kCGImagePropertyDICOMAcquisitionProtocolElementSequence	System/Library/Frameworks/ImageIO.framework/ImageIO.tbd
_kCGImagePropertyDICOMAcquisitionProtocolElementSpecificationSequence	System/Library/Frameworks/ImageIO.framework/ImageIO.tbd
_kCGImagePropertyDICOMAcquisitionProtocolName	System/Library/Frameworks/ImageIO.framework/ImageIO.tbd
_kCGImagePropertyDICOMAcquisitionSampleSize	System/Library/Frameworks/ImageIO.framework/ImageIO.tbd
_kCGImagePropertyDICOMAcquisitionSignalType	System/Library/Frameworks/ImageIO.framework/ImageIO.tbd
_kCGImagePropertyDICOMAcquisitionStartCondition	System/Library/Frameworks/ImageIO.framework/ImageIO.tbd
_kCGImagePropertyDICOMAcquisitionStartConditionData	System/Library/Frameworks/ImageIO.framework/ImageIO.tbd
_kCGImagePropertyDICOMAcquisitionStartLocationSequence	System/Library/Frameworks/ImageIO.framework/ImageIO.tbd
_kCGImagePropertyDICOMAcquisitionStatus	System/Library/Frameworks/ImageIO.framework/ImageIO.tbd
_kCGImagePropertyDICOMAcquisitionSubtaskIndex	System/Library/Frameworks/ImageIO.framework/ImageIO.tbd
_kCGImagePropertyDICOMAcquisitionSubtaskSequence	System/Library/Frameworks/ImageIO.framework/ImageIO.tbd
_kCGImagePropertyDICOMAcquisitionTaskApplicabilitySequence	System/Library/Frameworks/ImageIO.framework/ImageIO.tbd
_kCGImagePropertyDICOMAcquisitionTaskIndex	System/Library/Frameworks/ImageIO.framework/ImageIO.tbd
_kCGImagePropertyDICOMAcquisitionTaskSequence	System/Library/Frameworks/ImageIO.framework/ImageIO.tbd
_kCGImagePropertyDICOMAcquisitionTaskWorkitemCodeSequence	System/Library/Frameworks/ImageIO.framework/ImageIO.tbd
_kCGImagePropertyDICOMAcquisitionTerminationCondition	System/Library/Frameworks/ImageIO.framework/ImageIO.tbd
_kCGImagePropertyDICOMAcquisitionTerminationConditionData	System/Library/Frameworks/ImageIO.framework/ImageIO.tbd
_kCGImagePropertyDICOMAcquisitionTime	System/Library/Frameworks/ImageIO.framework/ImageIO.tbd
_kCGImagePropertyDICOMAcquisitionTimeSynchronized	System/Library/Frameworks/ImageIO.framework/ImageIO.tbd
_kCGImagePropertyDICOMAcquisitionType	System/Library/Frameworks/ImageIO.framework/ImageIO.tbd
_kCGImagePropertyDICOMAcquisitionUID	System/Library/Frameworks/ImageIO.framework/ImageIO.tbd
_kCGImagePropertyDICOMAcquisitionsInSeries	System/Library/Frameworks/ImageIO.framework/ImageIO.tbd
_kCGImagePropertyDICOMAcquisitionsInStudy	System/Library/Frameworks/ImageIO.framework/ImageIO.tbd
_kCGImagePropertyDICOMAcrossScanSpatialResolution	System/Library/Frameworks/ImageIO.framework/ImageIO.tbd
_kCGImagePropertyDICOMActionTypeID	System/Library/Frameworks/ImageIO.framework/ImageIO.tbd
_kCGImagePropertyDICOMActiveAperture	System/Library/Frameworks/ImageIO.framework/ImageIO.tbd
_kCGImagePropertyDICOMActiveImageAreaOverlayGroup	System/Library/Frameworks/ImageIO.framework/ImageIO.tbd
_kCGImagePropertyDICOMActiveSourceDiameter	System/Library/Frameworks/ImageIO.framework/ImageIO.tbd
_kCGImagePropertyDICOMActiveSourceLength	System/Library/Frameworks/ImageIO.framework/ImageIO.tbd
_kCGImagePropertyDICOMActualCardiacTriggerDelayTime	System/Library/Frameworks/ImageIO.framework/ImageIO.tbd
_kCGImagePropertyDICOMActualCardiacTriggerTimePriorToRPeak	System/Library/Frameworks/ImageIO.framework/ImageIO.tbd
_kCGImagePropertyDICOMActualEnvironmentalConditions	System/Library/Frameworks/ImageIO.framework/ImageIO.tbd
_kCGImagePropertyDICOMActualFrameDuration	System/Library/Frameworks/ImageIO.framework/ImageIO.tbd
_kCGImagePropertyDICOMActualHumanPerformersSequence	System/Library/Frameworks/ImageIO.framework/ImageIO.tbd
_kCGImagePropertyDICOMActualRespiratoryTriggerDelayTime	System/Library/Frameworks/ImageIO.framework/ImageIO.tbd
_kCGImagePropertyDICOMAdaptiveMapFormat	System/Library/Frameworks/ImageIO.framework/ImageIO.tbd
_kCGImagePropertyDICOMAddIntermediateSequence	System/Library/Frameworks/ImageIO.framework/ImageIO.tbd
_kCGImagePropertyDICOMAddNearSequence	System/Library/Frameworks/ImageIO.framework/ImageIO.tbd
_kCGImagePropertyDICOMAddOtherSequence	System/Library/Frameworks/ImageIO.framework/ImageIO.tbd
_kCGImagePropertyDICOMAddPower	System/Library/Frameworks/ImageIO.framework/ImageIO.tbd
_kCGImagePropertyDICOMAdditionalDrugSequence	System/Library/Frameworks/ImageIO.framework/ImageIO.tbd
_kCGImagePropertyDICOMAdditionalInspectionMethodSequence	System/Library/Frameworks/ImageIO.framework/ImageIO.tbd
_kCGImagePropertyDICOMAdditionalInspectionSelectionCriteria	System/Library/Frameworks/ImageIO.framework/ImageIO.tbd
_kCGImagePropertyDICOMAdditionalParameterRecordingInstanceSequence	System/Library/Frameworks/ImageIO.framework/ImageIO.tbd
_kCGImagePropertyDICOMAdditionalPatientHistory	System/Library/Frameworks/ImageIO.framework/ImageIO.tbd
_kCGImagePropertyDICOMAdditionalRTAccessoryDeviceSequence	System/Library/Frameworks/ImageIO.framework/ImageIO.tbd
_kCGImagePropertyDICOMAdditionalRTROIIdentificationCodeSequence	System/Library/Frameworks/ImageIO.framework/ImageIO.tbd
_kCGImagePropertyDICOMAdditionalScreeningPerformed	System/Library/Frameworks/ImageIO.framework/ImageIO.tbd
_kCGImagePropertyDICOMAddressTrial	System/Library/Frameworks/ImageIO.framework/ImageIO.tbd
_kCGImagePropertyDICOMAdministrationRouteCodeSequence	System/Library/Frameworks/ImageIO.framework/ImageIO.tbd
_kCGImagePropertyDICOMAdmissionID	System/Library/Frameworks/ImageIO.framework/ImageIO.tbd
_kCGImagePropertyDICOMAdmittingDate	System/Library/Frameworks/ImageIO.framework/ImageIO.tbd
_kCGImagePropertyDICOMAdmittingDiagnosesCodeSequence	System/Library/Frameworks/ImageIO.framework/ImageIO.tbd
_kCGImagePropertyDICOMAdmittingDiagnosesDescription	System/Library/Frameworks/ImageIO.framework/ImageIO.tbd
_kCGImagePropertyDICOMAdmittingTime	System/Library/Frameworks/ImageIO.framework/ImageIO.tbd
_kCGImagePropertyDICOMAdvancedBlendingSequence	System/Library/Frameworks/ImageIO.framework/ImageIO.tbd
_kCGImagePropertyDICOMAffectedSOPClassUID	System/Library/Frameworks/ImageIO.framework/ImageIO.tbd
_kCGImagePropertyDICOMAffectedSOPInstanceUID	System/Library/Frameworks/ImageIO.framework/ImageIO.tbd
_kCGImagePropertyDICOMAfterloaderChannelID	System/Library/Frameworks/ImageIO.framework/ImageIO.tbd
_kCGImagePropertyDICOMAgeCorrectedSensitivityDeviationAlgorithmSequence	System/Library/Frameworks/ImageIO.framework/ImageIO.tbd
_kCGImagePropertyDICOMAgeCorrectedSensitivityDeviationProbabilityValue	System/Library/Frameworks/ImageIO.framework/ImageIO.tbd
_kCGImagePropertyDICOMAgeCorrectedSensitivityDeviationValue	System/Library/Frameworks/ImageIO.framework/ImageIO.tbd
_kCGImagePropertyDICOMAirCounts	System/Library/Frameworks/ImageIO.framework/ImageIO.tbd
_kCGImagePropertyDICOMAlarmDecision	System/Library/Frameworks/ImageIO.framework/ImageIO.tbd
_kCGImagePropertyDICOMAlarmDecisionTime	System/Library/Frameworks/ImageIO.framework/ImageIO.tbd
_kCGImagePropertyDICOMAlgorithmCodeSequenceTrial	System/Library/Frameworks/ImageIO.framework/ImageIO.tbd
_kCGImagePropertyDICOMAlgorithmDescription	System/Library/Frameworks/ImageIO.framework/ImageIO.tbd
_kCGImagePropertyDICOMAlgorithmDescriptionTrial	System/Library/Frameworks/ImageIO.framework/ImageIO.tbd
_kCGImagePropertyDICOMAlgorithmFamilyCodeSequence	System/Library/Frameworks/ImageIO.framework/ImageIO.tbd
_kCGImagePropertyDICOMAlgorithmName	System/Library/Frameworks/ImageIO.framework/ImageIO.tbd
_kCGImagePropertyDICOMAlgorithmNameCodeSequence	System/Library/Frameworks/ImageIO.framework/ImageIO.tbd
_kCGImagePropertyDICOMAlgorithmParameters	System/Library/Frameworks/ImageIO.framework/ImageIO.tbd
_kCGImagePropertyDICOMAlgorithmRoutingCodeSequence	System/Library/Frameworks/ImageIO.framework/ImageIO.tbd
_kCGImagePropertyDICOMAlgorithmSource	System/Library/Frameworks/ImageIO.framework/ImageIO.tbd
_kCGImagePropertyDICOMAlgorithmType	System/Library/Frameworks/ImageIO.framework/ImageIO.tbd
_kCGImagePropertyDICOMAlgorithmVersion	System/Library/Frameworks/ImageIO.framework/ImageIO.tbd
_kCGImagePropertyDICOMAliasedDataType	System/Library/Frameworks/ImageIO.framework/ImageIO.tbd
_kCGImagePropertyDICOMAllergies	System/Library/Frameworks/ImageIO.framework/ImageIO.tbd
_kCGImagePropertyDICOMAllowLossyCompression	System/Library/Frameworks/ImageIO.framework/ImageIO.tbd
_kCGImagePropertyDICOMAllowMediaSplitting	System/Library/Frameworks/ImageIO.framework/ImageIO.tbd
_kCGImagePropertyDICOMAlongScanSpatialResolution	System/Library/Frameworks/ImageIO.framework/ImageIO.tbd
_kCGImagePropertyDICOMAlphaLUTTransferFunction	System/Library/Frameworks/ImageIO.framework/ImageIO.tbd
_kCGImagePropertyDICOMAlphaPaletteColorLookupTableData	System/Library/Frameworks/ImageIO.framework/ImageIO.tbd
_kCGImagePropertyDICOMAlphaPaletteColorLookupTableDescriptor	System/Library/Frameworks/ImageIO.framework/ImageIO.tbd
_kCGImagePropertyDICOMAlternateBeamDose	System/Library/Frameworks/ImageIO.framework/ImageIO.tbd
_kCGImagePropertyDICOMAlternateBeamDoseType	System/Library/Frameworks/ImageIO.framework/ImageIO.tbd
_kCGImagePropertyDICOMAlternateContainerIdentifierSequence	System/Library/Frameworks/ImageIO.framework/ImageIO.tbd
_kCGImagePropertyDICOMAlternateContentDescriptionSequence	System/Library/Frameworks/ImageIO.framework/ImageIO.tbd
_kCGImagePropertyDICOMAlternateRepresentationSequence	System/Library/Frameworks/ImageIO.framework/ImageIO.tbd
_kCGImagePropertyDICOMAlternateValueSequence	System/Library/Frameworks/ImageIO.framework/ImageIO.tbd
_kCGImagePropertyDICOMAmbientLightValueSource	System/Library/Frameworks/ImageIO.framework/ImageIO.tbd
_kCGImagePropertyDICOMAmbientReflectionIntensity	System/Library/Frameworks/ImageIO.framework/ImageIO.tbd
_kCGImagePropertyDICOMAmplifierType	System/Library/Frameworks/ImageIO.framework/ImageIO.tbd
_kCGImagePropertyDICOMAnalogFilterCharacteristicsSequence	System/Library/Frameworks/ImageIO.framework/ImageIO.tbd
_kCGImagePropertyDICOMAnalogFilterRollOff	System/Library/Frameworks/ImageIO.framework/ImageIO.tbd
_kCGImagePropertyDICOMAnalogFilterType	System/Library/Frameworks/ImageIO.framework/ImageIO.tbd
_kCGImagePropertyDICOMAnalyzedArea	System/Library/Frameworks/ImageIO.framework/ImageIO.tbd
_kCGImagePropertyDICOMAnatomicApproachDirectionCodeSequenceTrial	System/Library/Frameworks/ImageIO.framework/ImageIO.tbd
_kCGImagePropertyDICOMAnatomicLocationOfExaminingInstrumentCodeSequenceTrial	System/Library/Frameworks/ImageIO.framework/ImageIO.tbd
_kCGImagePropertyDICOMAnatomicLocationOfExaminingInstrumentDescriptionTrial	System/Library/Frameworks/ImageIO.framework/ImageIO.tbd
_kCGImagePropertyDICOMAnatomicPerspectiveCodeSequenceTrial	System/Library/Frameworks/ImageIO.framework/ImageIO.tbd
_kCGImagePropertyDICOMAnatomicPerspectiveDescriptionTrial	System/Library/Frameworks/ImageIO.framework/ImageIO.tbd
_kCGImagePropertyDICOMAnatomicPortalOfEntranceCodeSequenceTrial	System/Library/Frameworks/ImageIO.framework/ImageIO.tbd
_kCGImagePropertyDICOMAnatomicRegionModifierSequence	System/Library/Frameworks/ImageIO.framework/ImageIO.tbd
_kCGImagePropertyDICOMAnatomicRegionSequence	System/Library/Frameworks/ImageIO.framework/ImageIO.tbd
_kCGImagePropertyDICOMAnatomicRegionsInStudyCodeSequence	System/Library/Frameworks/ImageIO.framework/ImageIO.tbd
_kCGImagePropertyDICOMAnatomicStructure	System/Library/Frameworks/ImageIO.framework/ImageIO.tbd
_kCGImagePropertyDICOMAnatomicStructureReferencePoint	System/Library/Frameworks/ImageIO.framework/ImageIO.tbd
_kCGImagePropertyDICOMAnatomicStructureSpaceOrRegionCodeSequenceTrial	System/Library/Frameworks/ImageIO.framework/ImageIO.tbd
_kCGImagePropertyDICOMAnatomicStructureSpaceOrRegionModifierCodeSequenceTrial	System/Library/Frameworks/ImageIO.framework/ImageIO.tbd
_kCGImagePropertyDICOMAnatomicStructureSpaceOrRegionSequence	System/Library/Frameworks/ImageIO.framework/ImageIO.tbd
_kCGImagePropertyDICOMAnatomicalOrientationType	System/Library/Frameworks/ImageIO.framework/ImageIO.tbd
_kCGImagePropertyDICOMAnchorPoint	System/Library/Frameworks/ImageIO.framework/ImageIO.tbd
_kCGImagePropertyDICOMAnchorPointAnnotationUnits	System/Library/Frameworks/ImageIO.framework/ImageIO.tbd
_kCGImagePropertyDICOMAnchorPointVisibility	System/Library/Frameworks/ImageIO.framework/ImageIO.tbd
_kCGImagePropertyDICOMAngioFlag	System/Library/Frameworks/ImageIO.framework/ImageIO.tbd
_kCGImagePropertyDICOMAngleNumber	System/Library/Frameworks/ImageIO.framework/ImageIO.tbd
_kCGImagePropertyDICOMAngularPosition	System/Library/Frameworks/ImageIO.framework/ImageIO.tbd
_kCGImagePropertyDICOMAngularStep	System/Library/Frameworks/ImageIO.framework/ImageIO.tbd
_kCGImagePropertyDICOMAngularViewVector	System/Library/Frameworks/ImageIO.framework/ImageIO.tbd
_kCGImagePropertyDICOMAnimationCurveSequence	System/Library/Frameworks/ImageIO.framework/ImageIO.tbd
_kCGImagePropertyDICOMAnimationStepSize	System/Library/Frameworks/ImageIO.framework/ImageIO.tbd
_kCGImagePropertyDICOMAnnotationAppliesToAllOpticalPaths	System/Library/Frameworks/ImageIO.framework/ImageIO.tbd
_kCGImagePropertyDICOMAnnotationAppliesToAllZPlanes	System/Library/Frameworks/ImageIO.framework/ImageIO.tbd
_kCGImagePropertyDICOMAnnotationClipping	System/Library/Frameworks/ImageIO.framework/ImageIO.tbd
_kCGImagePropertyDICOMAnnotationContentSequence	System/Library/Frameworks/ImageIO.framework/ImageIO.tbd
_kCGImagePropertyDICOMAnnotationCoordinateType	System/Library/Frameworks/ImageIO.framework/ImageIO.tbd
_kCGImagePropertyDICOMAnnotationDisplayFormatID	System/Library/Frameworks/ImageIO.framework/ImageIO.tbd
_kCGImagePropertyDICOMAnnotationFlag	System/Library/Frameworks/ImageIO.framework/ImageIO.tbd
_kCGImagePropertyDICOMAnnotationGroupAlgorithmIdentificationSequence	System/Library/Frameworks/ImageIO.framework/ImageIO.tbd
_kCGImagePropertyDICOMAnnotationGroupDescription	System/Library/Frameworks/ImageIO.framework/ImageIO.tbd
_kCGImagePropertyDICOMAnnotationGroupGenerationType	System/Library/Frameworks/ImageIO.framework/ImageIO.tbd
_kCGImagePropertyDICOMAnnotationGroupLabel	System/Library/Frameworks/ImageIO.framework/ImageIO.tbd
_kCGImagePropertyDICOMAnnotationGroupNumber	System/Library/Frameworks/ImageIO.framework/ImageIO.tbd
_kCGImagePropertyDICOMAnnotationGroupSequence	System/Library/Frameworks/ImageIO.framework/ImageIO.tbd
_kCGImagePropertyDICOMAnnotationGroupUID	System/Library/Frameworks/ImageIO.framework/ImageIO.tbd
_kCGImagePropertyDICOMAnnotationIndexList	System/Library/Frameworks/ImageIO.framework/ImageIO.tbd
_kCGImagePropertyDICOMAnnotationPosition	System/Library/Frameworks/ImageIO.framework/ImageIO.tbd
_kCGImagePropertyDICOMAnnotationPropertyCategoryCodeSequence	System/Library/Frameworks/ImageIO.framework/ImageIO.tbd
_kCGImagePropertyDICOMAnnotationPropertyTypeCodeSequence	System/Library/Frameworks/ImageIO.framework/ImageIO.tbd
_kCGImagePropertyDICOMAnnotationPropertyTypeModifierCodeSequence	System/Library/Frameworks/ImageIO.framework/ImageIO.tbd
_kCGImagePropertyDICOMAnodeTargetMaterial	System/Library/Frameworks/ImageIO.framework/ImageIO.tbd
_kCGImagePropertyDICOMAnomalyLocatorIndicator	System/Library/Frameworks/ImageIO.framework/ImageIO.tbd
_kCGImagePropertyDICOMAnomalyLocatorIndicatorSequence	System/Library/Frameworks/ImageIO.framework/ImageIO.tbd
_kCGImagePropertyDICOMAnteriorChamberDepth	System/Library/Frameworks/ImageIO.framework/ImageIO.tbd
_kCGImagePropertyDICOMAnteriorChamberDepthDefinitionCodeSequence	System/Library/Frameworks/ImageIO.framework/ImageIO.tbd
_kCGImagePropertyDICOMAnteriorChamberDepthSequence	System/Library/Frameworks/ImageIO.framework/ImageIO.tbd
_kCGImagePropertyDICOMApertureElevation	System/Library/Frameworks/ImageIO.framework/ImageIO.tbd
_kCGImagePropertyDICOMApertureValue	System/Library/Frameworks/ImageIO.framework/ImageIO.tbd
_kCGImagePropertyDICOMApexPosition	System/Library/Frameworks/ImageIO.framework/ImageIO.tbd
_kCGImagePropertyDICOMApplicableFrameRange	System/Library/Frameworks/ImageIO.framework/ImageIO.tbd
_kCGImagePropertyDICOMApplicableSafetyStandardAgency	System/Library/Frameworks/ImageIO.framework/ImageIO.tbd
_kCGImagePropertyDICOMApplicableSafetyStandardDescription	System/Library/Frameworks/ImageIO.framework/ImageIO.tbd
_kCGImagePropertyDICOMApplicationManufacturer	System/Library/Frameworks/ImageIO.framework/ImageIO.tbd
_kCGImagePropertyDICOMApplicationMaximumRepaintTime	System/Library/Frameworks/ImageIO.framework/ImageIO.tbd
_kCGImagePropertyDICOMApplicationName	System/Library/Frameworks/ImageIO.framework/ImageIO.tbd
_kCGImagePropertyDICOMApplicationSetupCheck	System/Library/Frameworks/ImageIO.framework/ImageIO.tbd
_kCGImagePropertyDICOMApplicationSetupManufacturer	System/Library/Frameworks/ImageIO.framework/ImageIO.tbd
_kCGImagePropertyDICOMApplicationSetupName	System/Library/Frameworks/ImageIO.framework/ImageIO.tbd
_kCGImagePropertyDICOMApplicationSetupNumber	System/Library/Frameworks/ImageIO.framework/ImageIO.tbd
_kCGImagePropertyDICOMApplicationSetupSequence	System/Library/Frameworks/ImageIO.framework/ImageIO.tbd
_kCGImagePropertyDICOMApplicationSetupType	System/Library/Frameworks/ImageIO.framework/ImageIO.tbd
_kCGImagePropertyDICOMApplicationVersion	System/Library/Frameworks/ImageIO.framework/ImageIO.tbd
_kCGImagePropertyDICOMApplicatorApertureShape	System/Library/Frameworks/ImageIO.framework/ImageIO.tbd
_kCGImagePropertyDICOMApplicatorDescription	System/Library/Frameworks/ImageIO.framework/ImageIO.tbd
_kCGImagePropertyDICOMApplicatorGeometrySequence	System/Library/Frameworks/ImageIO.framework/ImageIO.tbd
_kCGImagePropertyDICOMApplicatorID	System/Library/Frameworks/ImageIO.framework/ImageIO.tbd
_kCGImagePropertyDICOMApplicatorOpening	System/Library/Frameworks/ImageIO.framework/ImageIO.tbd
_kCGImagePropertyDICOMApplicatorOpeningX	System/Library/Frameworks/ImageIO.framework/ImageIO.tbd
_kCGImagePropertyDICOMApplicatorOpeningY	System/Library/Frameworks/ImageIO.framework/ImageIO.tbd
_kCGImagePropertyDICOMApplicatorSequence	System/Library/Frameworks/ImageIO.framework/ImageIO.tbd
_kCGImagePropertyDICOMApplicatorShapeReferencedROINumber	System/Library/Frameworks/ImageIO.framework/ImageIO.tbd
_kCGImagePropertyDICOMApplicatorType	System/Library/Frameworks/ImageIO.framework/ImageIO.tbd
_kCGImagePropertyDICOMAppliedMaskSubtractionFlag	System/Library/Frameworks/ImageIO.framework/ImageIO.tbd
_kCGImagePropertyDICOMApprovalSequence	System/Library/Frameworks/ImageIO.framework/ImageIO.tbd
_kCGImagePropertyDICOMApprovalStatus	System/Library/Frameworks/ImageIO.framework/ImageIO.tbd
_kCGImagePropertyDICOMApprovalStatusDateTime	System/Library/Frameworks/ImageIO.framework/ImageIO.tbd
_kCGImagePropertyDICOMApprovalStatusFurtherDescription	System/Library/Frameworks/ImageIO.framework/ImageIO.tbd
_kCGImagePropertyDICOMApprovalSubjectSequence	System/Library/Frameworks/ImageIO.framework/ImageIO.tbd
_kCGImagePropertyDICOMArbitrary	System/Library/Frameworks/ImageIO.framework/ImageIO.tbd
_kCGImagePropertyDICOMArchiveRequested	System/Library/Frameworks/ImageIO.framework/ImageIO.tbd
_kCGImagePropertyDICOMArterialSpinLabelingContrast	System/Library/Frameworks/ImageIO.framework/ImageIO.tbd
_kCGImagePropertyDICOMAscanRate	System/Library/Frameworks/ImageIO.framework/ImageIO.tbd
_kCGImagePropertyDICOMAsserterIdentificationSequence	System/Library/Frameworks/ImageIO.framework/ImageIO.tbd
_kCGImagePropertyDICOMAssertionCodeSequence	System/Library/Frameworks/ImageIO.framework/ImageIO.tbd
_kCGImagePropertyDICOMAssertionComments	System/Library/Frameworks/ImageIO.framework/ImageIO.tbd
_kCGImagePropertyDICOMAssertionDateTime	System/Library/Frameworks/ImageIO.framework/ImageIO.tbd
_kCGImagePropertyDICOMAssertionExpirationDateTime	System/Library/Frameworks/ImageIO.framework/ImageIO.tbd
_kCGImagePropertyDICOMAssertionUID	System/Library/Frameworks/ImageIO.framework/ImageIO.tbd
_kCGImagePropertyDICOMAssessedAttributeValueSequence	System/Library/Frameworks/ImageIO.framework/ImageIO.tbd
_kCGImagePropertyDICOMAssessedSOPInstanceSequence	System/Library/Frameworks/ImageIO.framework/ImageIO.tbd
_kCGImagePropertyDICOMAssessmentLabel	System/Library/Frameworks/ImageIO.framework/ImageIO.tbd
_kCGImagePropertyDICOMAssessmentObservationsSequence	System/Library/Frameworks/ImageIO.framework/ImageIO.tbd
_kCGImagePropertyDICOMAssessmentRequesterSequence	System/Library/Frameworks/ImageIO.framework/ImageIO.tbd
_kCGImagePropertyDICOMAssessmentSetID	System/Library/Frameworks/ImageIO.framework/ImageIO.tbd
_kCGImagePropertyDICOMAssessmentSummary	System/Library/Frameworks/ImageIO.framework/ImageIO.tbd
_kCGImagePropertyDICOMAssessmentSummaryDescription	System/Library/Frameworks/ImageIO.framework/ImageIO.tbd
_kCGImagePropertyDICOMAssessmentTypeCodeSequence	System/Library/Frameworks/ImageIO.framework/ImageIO.tbd
_kCGImagePropertyDICOMAssignedLocation	System/Library/Frameworks/ImageIO.framework/ImageIO.tbd
_kCGImagePropertyDICOMAssigningAgencyOrDepartmentCodeSequence	System/Library/Frameworks/ImageIO.framework/ImageIO.tbd
_kCGImagePropertyDICOMAssigningFacilitySequence	System/Library/Frameworks/ImageIO.framework/ImageIO.tbd
_kCGImagePropertyDICOMAssigningJurisdictionCodeSequence	System/Library/Frameworks/ImageIO.framework/ImageIO.tbd
_kCGImagePropertyDICOMAttachedContours	System/Library/Frameworks/ImageIO.framework/ImageIO.tbd
_kCGImagePropertyDICOMAttenuationCorrected	System/Library/Frameworks/ImageIO.framework/ImageIO.tbd
_kCGImagePropertyDICOMAttenuationCorrectionMethod	System/Library/Frameworks/ImageIO.framework/ImageIO.tbd
_kCGImagePropertyDICOMAttenuationCorrectionSource	System/Library/Frameworks/ImageIO.framework/ImageIO.tbd
_kCGImagePropertyDICOMAttenuationCorrectionTemporalRelationship	System/Library/Frameworks/ImageIO.framework/ImageIO.tbd
_kCGImagePropertyDICOMAttributeIdentifierList	System/Library/Frameworks/ImageIO.framework/ImageIO.tbd
_kCGImagePropertyDICOMAttributeItemSelector	System/Library/Frameworks/ImageIO.framework/ImageIO.tbd
_kCGImagePropertyDICOMAttributeModificationDateTime	System/Library/Frameworks/ImageIO.framework/ImageIO.tbd
_kCGImagePropertyDICOMAttributeOccurrencePointer	System/Library/Frameworks/ImageIO.framework/ImageIO.tbd
_kCGImagePropertyDICOMAttributeOccurrencePrivateCreator	System/Library/Frameworks/ImageIO.framework/ImageIO.tbd
_kCGImagePropertyDICOMAttributeOccurrenceSequence	System/Library/Frameworks/ImageIO.framework/ImageIO.tbd
_kCGImagePropertyDICOMAttributeToleranceValuesSequence	System/Library/Frameworks/ImageIO.framework/ImageIO.tbd
_kCGImagePropertyDICOMAudioComments	System/Library/Frameworks/ImageIO.framework/ImageIO.tbd
_kCGImagePropertyDICOMAudioSampleData	System/Library/Frameworks/ImageIO.framework/ImageIO.tbd
_kCGImagePropertyDICOMAudioSampleFormat	System/Library/Frameworks/ImageIO.framework/ImageIO.tbd
_kCGImagePropertyDICOMAudioType	System/Library/Frameworks/ImageIO.framework/ImageIO.tbd
_kCGImagePropertyDICOMAuthorIdentificationSequence	System/Library/Frameworks/ImageIO.framework/ImageIO.tbd
_kCGImagePropertyDICOMAuthorObserverSequence	System/Library/Frameworks/ImageIO.framework/ImageIO.tbd
_kCGImagePropertyDICOMAuthorizationEquipmentCertificationNumber	System/Library/Frameworks/ImageIO.framework/ImageIO.tbd
_kCGImagePropertyDICOMAutoKVPLowerBound	System/Library/Frameworks/ImageIO.framework/ImageIO.tbd
_kCGImagePropertyDICOMAutoKVPSelectionType	System/Library/Frameworks/ImageIO.framework/ImageIO.tbd
_kCGImagePropertyDICOMAutoKVPUpperBound	System/Library/Frameworks/ImageIO.framework/ImageIO.tbd
_kCGImagePropertyDICOMAutorefractionLeftEyeSequence	System/Library/Frameworks/ImageIO.framework/ImageIO.tbd
_kCGImagePropertyDICOMAutorefractionRightEyeSequence	System/Library/Frameworks/ImageIO.framework/ImageIO.tbd
_kCGImagePropertyDICOMAutosequenceFlag	System/Library/Frameworks/ImageIO.framework/ImageIO.tbd
_kCGImagePropertyDICOMAvailableTransferSyntaxUID	System/Library/Frameworks/ImageIO.framework/ImageIO.tbd
_kCGImagePropertyDICOMAverageBeamDosePointDepth	System/Library/Frameworks/ImageIO.framework/ImageIO.tbd
_kCGImagePropertyDICOMAverageBeamDosePointEquivalentDepth	System/Library/Frameworks/ImageIO.framework/ImageIO.tbd
_kCGImagePropertyDICOMAverageBeamDosePointSSD	System/Library/Frameworks/ImageIO.framework/ImageIO.tbd
_kCGImagePropertyDICOMAverageBeamDosePointSourceToExternalContourDistance	System/Library/Frameworks/ImageIO.framework/ImageIO.tbd
_kCGImagePropertyDICOMAverageCornealPower	System/Library/Frameworks/ImageIO.framework/ImageIO.tbd
_kCGImagePropertyDICOMAveragePulseWidth	System/Library/Frameworks/ImageIO.framework/ImageIO.tbd
_kCGImagePropertyDICOMAxialAcceptance	System/Library/Frameworks/ImageIO.framework/ImageIO.tbd
_kCGImagePropertyDICOMAxialDetectorDimension	System/Library/Frameworks/ImageIO.framework/ImageIO.tbd
_kCGImagePropertyDICOMAxialLengthOfTheEye	System/Library/Frameworks/ImageIO.framework/ImageIO.tbd
_kCGImagePropertyDICOMAxialMash	System/Library/Frameworks/ImageIO.framework/ImageIO.tbd
_kCGImagePropertyDICOMAxialPower	System/Library/Frameworks/ImageIO.framework/ImageIO.tbd
_kCGImagePropertyDICOMAxialResolution	System/Library/Frameworks/ImageIO.framework/ImageIO.tbd
_kCGImagePropertyDICOMAxisLabels	System/Library/Frameworks/ImageIO.framework/ImageIO.tbd
_kCGImagePropertyDICOMAxisOfRotation	System/Library/Frameworks/ImageIO.framework/ImageIO.tbd
_kCGImagePropertyDICOMAxisUnits	System/Library/Frameworks/ImageIO.framework/ImageIO.tbd
_kCGImagePropertyDICOMB1rms	System/Library/Frameworks/ImageIO.framework/ImageIO.tbd
_kCGImagePropertyDICOMBackgroundColor	System/Library/Frameworks/ImageIO.framework/ImageIO.tbd
_kCGImagePropertyDICOMBackgroundIlluminationColorCodeSequence	System/Library/Frameworks/ImageIO.framework/ImageIO.tbd
_kCGImagePropertyDICOMBackgroundLuminance	System/Library/Frameworks/ImageIO.framework/ImageIO.tbd
_kCGImagePropertyDICOMBadPixelImage	System/Library/Frameworks/ImageIO.framework/ImageIO.tbd
_kCGImagePropertyDICOMBarcodeSymbology	System/Library/Frameworks/ImageIO.framework/ImageIO.tbd
_kCGImagePropertyDICOMBarcodeValue	System/Library/Frameworks/ImageIO.framework/ImageIO.tbd
_kCGImagePropertyDICOMBaselineCorrection	System/Library/Frameworks/ImageIO.framework/ImageIO.tbd
_kCGImagePropertyDICOMBasicColorImageSequence	System/Library/Frameworks/ImageIO.framework/ImageIO.tbd
_kCGImagePropertyDICOMBasicGrayscaleImageSequence	System/Library/Frameworks/ImageIO.framework/ImageIO.tbd
_kCGImagePropertyDICOMBasisMaterialsCodeSequence	System/Library/Frameworks/ImageIO.framework/ImageIO.tbd
_kCGImagePropertyDICOMBasisRTTreatmentPhaseIndex	System/Library/Frameworks/ImageIO.framework/ImageIO.tbd
_kCGImagePropertyDICOMBatteryLevel	System/Library/Frameworks/ImageIO.framework/ImageIO.tbd
_kCGImagePropertyDICOMBeamAngle	System/Library/Frameworks/ImageIO.framework/ImageIO.tbd
_kCGImagePropertyDICOMBeamAreaLimitSequence	System/Library/Frameworks/ImageIO.framework/ImageIO.tbd
_kCGImagePropertyDICOMBeamCurrentModulationID	System/Library/Frameworks/ImageIO.framework/ImageIO.tbd
_kCGImagePropertyDICOMBeamDeliveryDurationLimit	System/Library/Frameworks/ImageIO.framework/ImageIO.tbd
_kCGImagePropertyDICOMBeamDescription	System/Library/Frameworks/ImageIO.framework/ImageIO.tbd
_kCGImagePropertyDICOMBeamDose	System/Library/Frameworks/ImageIO.framework/ImageIO.tbd
_kCGImagePropertyDICOMBeamDoseMeaning	System/Library/Frameworks/ImageIO.framework/ImageIO.tbd
_kCGImagePropertyDICOMBeamDosePointDepth	System/Library/Frameworks/ImageIO.framework/ImageIO.tbd
_kCGImagePropertyDICOMBeamDosePointEquivalentDepth	System/Library/Frameworks/ImageIO.framework/ImageIO.tbd
_kCGImagePropertyDICOMBeamDosePointSSD	System/Library/Frameworks/ImageIO.framework/ImageIO.tbd
_kCGImagePropertyDICOMBeamDosePointSourceToExternalContourDistance	System/Library/Frameworks/ImageIO.framework/ImageIO.tbd
_kCGImagePropertyDICOMBeamDoseSpecificationPoint	System/Library/Frameworks/ImageIO.framework/ImageIO.tbd
_kCGImagePropertyDICOMBeamDoseType	System/Library/Frameworks/ImageIO.framework/ImageIO.tbd
_kCGImagePropertyDICOMBeamDoseVerificationControlPointSequence	System/Library/Frameworks/ImageIO.framework/ImageIO.tbd
_kCGImagePropertyDICOMBeamHardeningCorrectionTechnique	System/Library/Frameworks/ImageIO.framework/ImageIO.tbd
_kCGImagePropertyDICOMBeamHoldOriginatingDeviceSequence	System/Library/Frameworks/ImageIO.framework/ImageIO.tbd
_kCGImagePropertyDICOMBeamHoldTransition	System/Library/Frameworks/ImageIO.framework/ImageIO.tbd
_kCGImagePropertyDICOMBeamHoldTransitionDateTime	System/Library/Frameworks/ImageIO.framework/ImageIO.tbd
_kCGImagePropertyDICOMBeamLimitingDeviceAngle	System/Library/Frameworks/ImageIO.framework/ImageIO.tbd
_kCGImagePropertyDICOMBeamLimitingDeviceAngleTolerance	System/Library/Frameworks/ImageIO.framework/ImageIO.tbd
_kCGImagePropertyDICOMBeamLimitingDeviceLeafPairsSequence	System/Library/Frameworks/ImageIO.framework/ImageIO.tbd
_kCGImagePropertyDICOMBeamLimitingDevicePositionSequence	System/Library/Frameworks/ImageIO.framework/ImageIO.tbd
_kCGImagePropertyDICOMBeamLimitingDevicePositionTolerance	System/Library/Frameworks/ImageIO.framework/ImageIO.tbd
_kCGImagePropertyDICOMBeamLimitingDeviceRotationDirection	System/Library/Frameworks/ImageIO.framework/ImageIO.tbd
_kCGImagePropertyDICOMBeamLimitingDeviceSequence	System/Library/Frameworks/ImageIO.framework/ImageIO.tbd
_kCGImagePropertyDICOMBeamLimitingDeviceToleranceSequence	System/Library/Frameworks/ImageIO.framework/ImageIO.tbd
_kCGImagePropertyDICOMBeamMeterset	System/Library/Frameworks/ImageIO.framework/ImageIO.tbd
_kCGImagePropertyDICOMBeamModifierCoordinatesPresenceFlag	System/Library/Frameworks/ImageIO.framework/ImageIO.tbd
_kCGImagePropertyDICOMBeamModifierOrientationAngle	System/Library/Frameworks/ImageIO.framework/ImageIO.tbd
_kCGImagePropertyDICOMBeamName	System/Library/Frameworks/ImageIO.framework/ImageIO.tbd
_kCGImagePropertyDICOMBeamNumber	System/Library/Frameworks/ImageIO.framework/ImageIO.tbd
_kCGImagePropertyDICOMBeamOrderIndex	System/Library/Frameworks/ImageIO.framework/ImageIO.tbd
_kCGImagePropertyDICOMBeamOrderIndexTrial	System/Library/Frameworks/ImageIO.framework/ImageIO.tbd
_kCGImagePropertyDICOMBeamSequence	System/Library/Frameworks/ImageIO.framework/ImageIO.tbd
_kCGImagePropertyDICOMBeamSpotSize	System/Library/Frameworks/ImageIO.framework/ImageIO.tbd
_kCGImagePropertyDICOMBeamStopperPosition	System/Library/Frameworks/ImageIO.framework/ImageIO.tbd
_kCGImagePropertyDICOMBeamTaskSequence	System/Library/Frameworks/ImageIO.framework/ImageIO.tbd
_kCGImagePropertyDICOMBeamTaskType	System/Library/Frameworks/ImageIO.framework/ImageIO.tbd
_kCGImagePropertyDICOMBeamType	System/Library/Frameworks/ImageIO.framework/ImageIO.tbd
_kCGImagePropertyDICOMBeatRejectionFlag	System/Library/Frameworks/ImageIO.framework/ImageIO.tbd
_kCGImagePropertyDICOMBeltHeight	System/Library/Frameworks/ImageIO.framework/ImageIO.tbd
_kCGImagePropertyDICOMBiPlaneAcquisitionSequence	System/Library/Frameworks/ImageIO.framework/ImageIO.tbd
_kCGImagePropertyDICOMBibliographicCitationTrial	System/Library/Frameworks/ImageIO.framework/ImageIO.tbd
_kCGImagePropertyDICOMBillingItemSequence	System/Library/Frameworks/ImageIO.framework/ImageIO.tbd
_kCGImagePropertyDICOMBillingProcedureStepSequence	System/Library/Frameworks/ImageIO.framework/ImageIO.tbd
_kCGImagePropertyDICOMBillingSuppliesAndDevicesSequence	System/Library/Frameworks/ImageIO.framework/ImageIO.tbd
_kCGImagePropertyDICOMBiopsyTargetSequence	System/Library/Frameworks/ImageIO.framework/ImageIO.tbd
_kCGImagePropertyDICOMBitsAllocated	System/Library/Frameworks/ImageIO.framework/ImageIO.tbd
_kCGImagePropertyDICOMBitsForCodeWord	System/Library/Frameworks/ImageIO.framework/ImageIO.tbd
_kCGImagePropertyDICOMBitsGrouped	System/Library/Frameworks/ImageIO.framework/ImageIO.tbd
_kCGImagePropertyDICOMBitsMappedToColorLookupTable	System/Library/Frameworks/ImageIO.framework/ImageIO.tbd
_kCGImagePropertyDICOMBitsStored	System/Library/Frameworks/ImageIO.framework/ImageIO.tbd
_kCGImagePropertyDICOMBlendingDisplayInputSequence	System/Library/Frameworks/ImageIO.framework/ImageIO.tbd
_kCGImagePropertyDICOMBlendingDisplaySequence	System/Library/Frameworks/ImageIO.framework/ImageIO.tbd
_kCGImagePropertyDICOMBlendingInputNumber	System/Library/Frameworks/ImageIO.framework/ImageIO.tbd
_kCGImagePropertyDICOMBlendingLUT1Sequence	System/Library/Frameworks/ImageIO.framework/ImageIO.tbd
_kCGImagePropertyDICOMBlendingLUT1TransferFunction	System/Library/Frameworks/ImageIO.framework/ImageIO.tbd
_kCGImagePropertyDICOMBlendingLUT2Sequence	System/Library/Frameworks/ImageIO.framework/ImageIO.tbd
_kCGImagePropertyDICOMBlendingLUT2TransferFunction	System/Library/Frameworks/ImageIO.framework/ImageIO.tbd
_kCGImagePropertyDICOMBlendingLookupTableData	System/Library/Frameworks/ImageIO.framework/ImageIO.tbd
_kCGImagePropertyDICOMBlendingLookupTableDescriptor	System/Library/Frameworks/ImageIO.framework/ImageIO.tbd
_kCGImagePropertyDICOMBlendingMode	System/Library/Frameworks/ImageIO.framework/ImageIO.tbd
_kCGImagePropertyDICOMBlendingOperationType	System/Library/Frameworks/ImageIO.framework/ImageIO.tbd
_kCGImagePropertyDICOMBlendingPosition	System/Library/Frameworks/ImageIO.framework/ImageIO.tbd
_kCGImagePropertyDICOMBlendingSequence	System/Library/Frameworks/ImageIO.framework/ImageIO.tbd
_kCGImagePropertyDICOMBlendingWeightConstant	System/Library/Frameworks/ImageIO.framework/ImageIO.tbd
_kCGImagePropertyDICOMBlindSpotLocalized	System/Library/Frameworks/ImageIO.framework/ImageIO.tbd
_kCGImagePropertyDICOMBlindSpotXCoordinate	System/Library/Frameworks/ImageIO.framework/ImageIO.tbd
_kCGImagePropertyDICOMBlindSpotYCoordinate	System/Library/Frameworks/ImageIO.framework/ImageIO.tbd
_kCGImagePropertyDICOMBlockColumns	System/Library/Frameworks/ImageIO.framework/ImageIO.tbd
_kCGImagePropertyDICOMBlockData	System/Library/Frameworks/ImageIO.framework/ImageIO.tbd
_kCGImagePropertyDICOMBlockDefinitionSequence	System/Library/Frameworks/ImageIO.framework/ImageIO.tbd
_kCGImagePropertyDICOMBlockDivergence	System/Library/Frameworks/ImageIO.framework/ImageIO.tbd
_kCGImagePropertyDICOMBlockEdgeData	System/Library/Frameworks/ImageIO.framework/ImageIO.tbd
_kCGImagePropertyDICOMBlockEdgeDataSequence	System/Library/Frameworks/ImageIO.framework/ImageIO.tbd
_kCGImagePropertyDICOMBlockIdentifyingInformationStatus	System/Library/Frameworks/ImageIO.framework/ImageIO.tbd
_kCGImagePropertyDICOMBlockMountingPosition	System/Library/Frameworks/ImageIO.framework/ImageIO.tbd
_kCGImagePropertyDICOMBlockName	System/Library/Frameworks/ImageIO.framework/ImageIO.tbd
_kCGImagePropertyDICOMBlockNumber	System/Library/Frameworks/ImageIO.framework/ImageIO.tbd
_kCGImagePropertyDICOMBlockNumberOfPoints	System/Library/Frameworks/ImageIO.framework/ImageIO.tbd
_kCGImagePropertyDICOMBlockOrientation	System/Library/Frameworks/ImageIO.framework/ImageIO.tbd
_kCGImagePropertyDICOMBlockRows	System/Library/Frameworks/ImageIO.framework/ImageIO.tbd
_kCGImagePropertyDICOMBlockSequence	System/Library/Frameworks/ImageIO.framework/ImageIO.tbd
_kCGImagePropertyDICOMBlockSlabNumber	System/Library/Frameworks/ImageIO.framework/ImageIO.tbd
_kCGImagePropertyDICOMBlockSlabSequence	System/Library/Frameworks/ImageIO.framework/ImageIO.tbd
_kCGImagePropertyDICOMBlockSlabThickness	System/Library/Frameworks/ImageIO.framework/ImageIO.tbd
_kCGImagePropertyDICOMBlockThickness	System/Library/Frameworks/ImageIO.framework/ImageIO.tbd
_kCGImagePropertyDICOMBlockTransmission	System/Library/Frameworks/ImageIO.framework/ImageIO.tbd
_kCGImagePropertyDICOMBlockTrayID	System/Library/Frameworks/ImageIO.framework/ImageIO.tbd
_kCGImagePropertyDICOMBlockType	System/Library/Frameworks/ImageIO.framework/ImageIO.tbd
_kCGImagePropertyDICOMBlockedPixels	System/Library/Frameworks/ImageIO.framework/ImageIO.tbd
_kCGImagePropertyDICOMBloodSignalNulling	System/Library/Frameworks/ImageIO.framework/ImageIO.tbd
_kCGImagePropertyDICOMBluePaletteColorLookupTableData	System/Library/Frameworks/ImageIO.framework/ImageIO.tbd
_kCGImagePropertyDICOMBluePaletteColorLookupTableDescriptor	System/Library/Frameworks/ImageIO.framework/ImageIO.tbd
_kCGImagePropertyDICOMBoardingPassID	System/Library/Frameworks/ImageIO.framework/ImageIO.tbd
_kCGImagePropertyDICOMBodyPartExamined	System/Library/Frameworks/ImageIO.framework/ImageIO.tbd
_kCGImagePropertyDICOMBodyPartThickness	System/Library/Frameworks/ImageIO.framework/ImageIO.tbd
_kCGImagePropertyDICOMBold	System/Library/Frameworks/ImageIO.framework/ImageIO.tbd
_kCGImagePropertyDICOMBolusDefinitionSequence	System/Library/Frameworks/ImageIO.framework/ImageIO.tbd
_kCGImagePropertyDICOMBolusDescription	System/Library/Frameworks/ImageIO.framework/ImageIO.tbd
_kCGImagePropertyDICOMBolusID	System/Library/Frameworks/ImageIO.framework/ImageIO.tbd
_kCGImagePropertyDICOMBoneThermalIndex	System/Library/Frameworks/ImageIO.framework/ImageIO.tbd
_kCGImagePropertyDICOMBorderDensity	System/Library/Frameworks/ImageIO.framework/ImageIO.tbd
_kCGImagePropertyDICOMBottomRightHandCornerOfLocalizerArea	System/Library/Frameworks/ImageIO.framework/ImageIO.tbd
_kCGImagePropertyDICOMBoundingBoxAnnotationUnits	System/Library/Frameworks/ImageIO.framework/ImageIO.tbd
_kCGImagePropertyDICOMBoundingBoxBottomRightHandCorner	System/Library/Frameworks/ImageIO.framework/ImageIO.tbd
_kCGImagePropertyDICOMBoundingBoxCrop	System/Library/Frameworks/ImageIO.framework/ImageIO.tbd
_kCGImagePropertyDICOMBoundingBoxTextHorizontalJustification	System/Library/Frameworks/ImageIO.framework/ImageIO.tbd
_kCGImagePropertyDICOMBoundingBoxTopLeftHandCorner	System/Library/Frameworks/ImageIO.framework/ImageIO.tbd
_kCGImagePropertyDICOMBoundingPolygon	System/Library/Frameworks/ImageIO.framework/ImageIO.tbd
_kCGImagePropertyDICOMBoundingRectangle	System/Library/Frameworks/ImageIO.framework/ImageIO.tbd
_kCGImagePropertyDICOMBrachyAccessoryDeviceID	System/Library/Frameworks/ImageIO.framework/ImageIO.tbd
_kCGImagePropertyDICOMBrachyAccessoryDeviceName	System/Library/Frameworks/ImageIO.framework/ImageIO.tbd
_kCGImagePropertyDICOMBrachyAccessoryDeviceNominalThickness	System/Library/Frameworks/ImageIO.framework/ImageIO.tbd
_kCGImagePropertyDICOMBrachyAccessoryDeviceNominalTransmission	System/Library/Frameworks/ImageIO.framework/ImageIO.tbd
_kCGImagePropertyDICOMBrachyAccessoryDeviceNumber	System/Library/Frameworks/ImageIO.framework/ImageIO.tbd
_kCGImagePropertyDICOMBrachyAccessoryDeviceSequence	System/Library/Frameworks/ImageIO.framework/ImageIO.tbd
_kCGImagePropertyDICOMBrachyAccessoryDeviceType	System/Library/Frameworks/ImageIO.framework/ImageIO.tbd
_kCGImagePropertyDICOMBrachyApplicationSetupDose	System/Library/Frameworks/ImageIO.framework/ImageIO.tbd
_kCGImagePropertyDICOMBrachyApplicationSetupDoseSpecificationPoint	System/Library/Frameworks/ImageIO.framework/ImageIO.tbd
_kCGImagePropertyDICOMBrachyControlPointDeliveredSequence	System/Library/Frameworks/ImageIO.framework/ImageIO.tbd
_kCGImagePropertyDICOMBrachyControlPointSequence	System/Library/Frameworks/ImageIO.framework/ImageIO.tbd
_kCGImagePropertyDICOMBrachyPulseControlPointDeliveredSequence	System/Library/Frameworks/ImageIO.framework/ImageIO.tbd
_kCGImagePropertyDICOMBrachyReferencedDoseReferenceSequence	System/Library/Frameworks/ImageIO.framework/ImageIO.tbd
_kCGImagePropertyDICOMBrachyTaskSequence	System/Library/Frameworks/ImageIO.framework/ImageIO.tbd
_kCGImagePropertyDICOMBrachyTreatmentTechnique	System/Library/Frameworks/ImageIO.framework/ImageIO.tbd
_kCGImagePropertyDICOMBrachyTreatmentType	System/Library/Frameworks/ImageIO.framework/ImageIO.tbd
_kCGImagePropertyDICOMBrachytherapySourceType	System/Library/Frameworks/ImageIO.framework/ImageIO.tbd
_kCGImagePropertyDICOMBranchOfService	System/Library/Frameworks/ImageIO.framework/ImageIO.tbd
_kCGImagePropertyDICOMBreastImplantPresent	System/Library/Frameworks/ImageIO.framework/ImageIO.tbd
_kCGImagePropertyDICOMBreastSupportIsocenterPrimaryAngle	System/Library/Frameworks/ImageIO.framework/ImageIO.tbd
_kCGImagePropertyDICOMBreastSupportIsocenterSecondaryAngle	System/Library/Frameworks/ImageIO.framework/ImageIO.tbd
_kCGImagePropertyDICOMBreastSupportXPositionToIsocenter	System/Library/Frameworks/ImageIO.framework/ImageIO.tbd
_kCGImagePropertyDICOMBreastSupportYPositionToIsocenter	System/Library/Frameworks/ImageIO.framework/ImageIO.tbd
_kCGImagePropertyDICOMBreastSupportZPositionToIsocenter	System/Library/Frameworks/ImageIO.framework/ImageIO.tbd
_kCGImagePropertyDICOMBreedRegistrationNumber	System/Library/Frameworks/ImageIO.framework/ImageIO.tbd
_kCGImagePropertyDICOMBreedRegistrationSequence	System/Library/Frameworks/ImageIO.framework/ImageIO.tbd
_kCGImagePropertyDICOMBreedRegistryCodeSequence	System/Library/Frameworks/ImageIO.framework/ImageIO.tbd
_kCGImagePropertyDICOMBridgeResistors	System/Library/Frameworks/ImageIO.framework/ImageIO.tbd
_kCGImagePropertyDICOMBrightnessValue	System/Library/Frameworks/ImageIO.framework/ImageIO.tbd
_kCGImagePropertyDICOMBscanCycleTime	System/Library/Frameworks/ImageIO.framework/ImageIO.tbd
_kCGImagePropertyDICOMBscanCycleTimeVector	System/Library/Frameworks/ImageIO.framework/ImageIO.tbd
_kCGImagePropertyDICOMBscanRate	System/Library/Frameworks/ImageIO.framework/ImageIO.tbd
_kCGImagePropertyDICOMBscanSlabThickness	System/Library/Frameworks/ImageIO.framework/ImageIO.tbd
_kCGImagePropertyDICOMBulkMotionCompensationTechnique	System/Library/Frameworks/ImageIO.framework/ImageIO.tbd
_kCGImagePropertyDICOMBulkMotionSignalSource	System/Library/Frameworks/ImageIO.framework/ImageIO.tbd
_kCGImagePropertyDICOMBulkMotionStatus	System/Library/Frameworks/ImageIO.framework/ImageIO.tbd
_kCGImagePropertyDICOMBurnedInAnnotation	System/Library/Frameworks/ImageIO.framework/ImageIO.tbd
_kCGImagePropertyDICOMCADFileFormat	System/Library/Frameworks/ImageIO.framework/ImageIO.tbd
_kCGImagePropertyDICOMCArmPhotonElectronControlPointSequence	System/Library/Frameworks/ImageIO.framework/ImageIO.tbd
_kCGImagePropertyDICOMCArmPositionerTabletopRelationship	System/Library/Frameworks/ImageIO.framework/ImageIO.tbd
_kCGImagePropertyDICOMCIExyWhitePoint	System/Library/Frameworks/ImageIO.framework/ImageIO.tbd
_kCGImagePropertyDICOMCSSFontName	System/Library/Frameworks/ImageIO.framework/ImageIO.tbd
_kCGImagePropertyDICOMCTAcquisitionDetailsSequence	System/Library/Frameworks/ImageIO.framework/ImageIO.tbd
_kCGImagePropertyDICOMCTAcquisitionTypeSequence	System/Library/Frameworks/ImageIO.framework/ImageIO.tbd
_kCGImagePropertyDICOMCTAdditionalXRaySourceSequence	System/Library/Frameworks/ImageIO.framework/ImageIO.tbd
_kCGImagePropertyDICOMCTDIPhantomTypeCodeSequence	System/Library/Frameworks/ImageIO.framework/ImageIO.tbd
_kCGImagePropertyDICOMCTDIvol	System/Library/Frameworks/ImageIO.framework/ImageIO.tbd
_kCGImagePropertyDICOMCTDIvolNotificationTrigger	System/Library/Frameworks/ImageIO.framework/ImageIO.tbd
_kCGImagePropertyDICOMCTExposureSequence	System/Library/Frameworks/ImageIO.framework/ImageIO.tbd
_kCGImagePropertyDICOMCTGeometrySequence	System/Library/Frameworks/ImageIO.framework/ImageIO.tbd
_kCGImagePropertyDICOMCTImageFrameTypeSequence	System/Library/Frameworks/ImageIO.framework/ImageIO.tbd
_kCGImagePropertyDICOMCTImagingAcquisitionParameterSequence	System/Library/Frameworks/ImageIO.framework/ImageIO.tbd
_kCGImagePropertyDICOMCTPositionSequence	System/Library/Frameworks/ImageIO.framework/ImageIO.tbd
_kCGImagePropertyDICOMCTReconstructionSequence	System/Library/Frameworks/ImageIO.framework/ImageIO.tbd
_kCGImagePropertyDICOMCTTableDynamicsSequence	System/Library/Frameworks/ImageIO.framework/ImageIO.tbd
_kCGImagePropertyDICOMCTXRayDetailsSequence	System/Library/Frameworks/ImageIO.framework/ImageIO.tbd
_kCGImagePropertyDICOMCalciumScoringMassFactorDevice	System/Library/Frameworks/ImageIO.framework/ImageIO.tbd
_kCGImagePropertyDICOMCalciumScoringMassFactorPatient	System/Library/Frameworks/ImageIO.framework/ImageIO.tbd
_kCGImagePropertyDICOMCalculatedAnatomyThickness	System/Library/Frameworks/ImageIO.framework/ImageIO.tbd
_kCGImagePropertyDICOMCalculatedDoseReferenceDescription	System/Library/Frameworks/ImageIO.framework/ImageIO.tbd
_kCGImagePropertyDICOMCalculatedDoseReferenceDoseValue	System/Library/Frameworks/ImageIO.framework/ImageIO.tbd
_kCGImagePropertyDICOMCalculatedDoseReferenceNumber	System/Library/Frameworks/ImageIO.framework/ImageIO.tbd
_kCGImagePropertyDICOMCalculatedDoseReferenceSequence	System/Library/Frameworks/ImageIO.framework/ImageIO.tbd
_kCGImagePropertyDICOMCalculatedFrameList	System/Library/Frameworks/ImageIO.framework/ImageIO.tbd
_kCGImagePropertyDICOMCalculatedTargetPosition	System/Library/Frameworks/ImageIO.framework/ImageIO.tbd
_kCGImagePropertyDICOMCalculationComment	System/Library/Frameworks/ImageIO.framework/ImageIO.tbd
_kCGImagePropertyDICOMCalculationCommentSequence	System/Library/Frameworks/ImageIO.framework/ImageIO.tbd
_kCGImagePropertyDICOMCalculationCommentType	System/Library/Frameworks/ImageIO.framework/ImageIO.tbd
_kCGImagePropertyDICOMCalibrationDataSequence	System/Library/Frameworks/ImageIO.framework/ImageIO.tbd
_kCGImagePropertyDICOMCalibrationDate	System/Library/Frameworks/ImageIO.framework/ImageIO.tbd
_kCGImagePropertyDICOMCalibrationDateTime	System/Library/Frameworks/ImageIO.framework/ImageIO.tbd
_kCGImagePropertyDICOMCalibrationImage	System/Library/Frameworks/ImageIO.framework/ImageIO.tbd
_kCGImagePropertyDICOMCalibrationNotes	System/Library/Frameworks/ImageIO.framework/ImageIO.tbd
_kCGImagePropertyDICOMCalibrationProcedure	System/Library/Frameworks/ImageIO.framework/ImageIO.tbd
_kCGImagePropertyDICOMCalibrationReferencePointDepth	System/Library/Frameworks/ImageIO.framework/ImageIO.tbd
_kCGImagePropertyDICOMCalibrationSequence	System/Library/Frameworks/ImageIO.framework/ImageIO.tbd
_kCGImagePropertyDICOMCalibrationSettingsSequence	System/Library/Frameworks/ImageIO.framework/ImageIO.tbd
_kCGImagePropertyDICOMCalibrationTime	System/Library/Frameworks/ImageIO.framework/ImageIO.tbd
_kCGImagePropertyDICOMCameraAngleOfView	System/Library/Frameworks/ImageIO.framework/ImageIO.tbd
_kCGImagePropertyDICOMCameraElevationAngle	System/Library/Frameworks/ImageIO.framework/ImageIO.tbd
_kCGImagePropertyDICOMCameraOwnerName	System/Library/Frameworks/ImageIO.framework/ImageIO.tbd
_kCGImagePropertyDICOMCameraPositionGroupSequence	System/Library/Frameworks/ImageIO.framework/ImageIO.tbd
_kCGImagePropertyDICOMCardiacBeatRejectionTechnique	System/Library/Frameworks/ImageIO.framework/ImageIO.tbd
_kCGImagePropertyDICOMCardiacCyclePosition	System/Library/Frameworks/ImageIO.framework/ImageIO.tbd
_kCGImagePropertyDICOMCardiacFramingType	System/Library/Frameworks/ImageIO.framework/ImageIO.tbd
_kCGImagePropertyDICOMCardiacNumberOfImages	System/Library/Frameworks/ImageIO.framework/ImageIO.tbd
_kCGImagePropertyDICOMCardiacRRIntervalSpecified	System/Library/Frameworks/ImageIO.framework/ImageIO.tbd
_kCGImagePropertyDICOMCardiacSignalSource	System/Library/Frameworks/ImageIO.framework/ImageIO.tbd
_kCGImagePropertyDICOMCardiacSynchronizationSequence	System/Library/Frameworks/ImageIO.framework/ImageIO.tbd
_kCGImagePropertyDICOMCardiacSynchronizationTechnique	System/Library/Frameworks/ImageIO.framework/ImageIO.tbd
_kCGImagePropertyDICOMCarrierID	System/Library/Frameworks/ImageIO.framework/ImageIO.tbd
_kCGImagePropertyDICOMCarrierIDAssigningAuthority	System/Library/Frameworks/ImageIO.framework/ImageIO.tbd
_kCGImagePropertyDICOMCassetteID	System/Library/Frameworks/ImageIO.framework/ImageIO.tbd
_kCGImagePropertyDICOMCassetteOrientation	System/Library/Frameworks/ImageIO.framework/ImageIO.tbd
_kCGImagePropertyDICOMCassetteSize	System/Library/Frameworks/ImageIO.framework/ImageIO.tbd
_kCGImagePropertyDICOMCatchTrialsDataFlag	System/Library/Frameworks/ImageIO.framework/ImageIO.tbd
_kCGImagePropertyDICOMCatheterDirectionOfRotation	System/Library/Frameworks/ImageIO.framework/ImageIO.tbd
_kCGImagePropertyDICOMCatheterRotationalRate	System/Library/Frameworks/ImageIO.framework/ImageIO.tbd
_kCGImagePropertyDICOMCellValuesSequence	System/Library/Frameworks/ImageIO.framework/ImageIO.tbd
_kCGImagePropertyDICOMCenterFrequency	System/Library/Frameworks/ImageIO.framework/ImageIO.tbd
_kCGImagePropertyDICOMCenterOfCircularCollimator	System/Library/Frameworks/ImageIO.framework/ImageIO.tbd
_kCGImagePropertyDICOMCenterOfCircularExposureControlSensingRegion	System/Library/Frameworks/ImageIO.framework/ImageIO.tbd
_kCGImagePropertyDICOMCenterOfCircularOutline	System/Library/Frameworks/ImageIO.framework/ImageIO.tbd
_kCGImagePropertyDICOMCenterOfCircularShutter	System/Library/Frameworks/ImageIO.framework/ImageIO.tbd
_kCGImagePropertyDICOMCenterOfMass	System/Library/Frameworks/ImageIO.framework/ImageIO.tbd
_kCGImagePropertyDICOMCenterOfPTO	System/Library/Frameworks/ImageIO.framework/ImageIO.tbd
_kCGImagePropertyDICOMCenterOfRotation	System/Library/Frameworks/ImageIO.framework/ImageIO.tbd
_kCGImagePropertyDICOMCenterOfRotationOffset	System/Library/Frameworks/ImageIO.framework/ImageIO.tbd
_kCGImagePropertyDICOMCertificateOfSigner	System/Library/Frameworks/ImageIO.framework/ImageIO.tbd
_kCGImagePropertyDICOMCertificateType	System/Library/Frameworks/ImageIO.framework/ImageIO.tbd
_kCGImagePropertyDICOMCertifiedTimestamp	System/Library/Frameworks/ImageIO.framework/ImageIO.tbd
_kCGImagePropertyDICOMCertifiedTimestampType	System/Library/Frameworks/ImageIO.framework/ImageIO.tbd
_kCGImagePropertyDICOMChairHeadFramePosition	System/Library/Frameworks/ImageIO.framework/ImageIO.tbd
_kCGImagePropertyDICOMChairHeadFramePositionTolerance	System/Library/Frameworks/ImageIO.framework/ImageIO.tbd
_kCGImagePropertyDICOMChannelBaseline	System/Library/Frameworks/ImageIO.framework/ImageIO.tbd
_kCGImagePropertyDICOMChannelDefinitionSequence	System/Library/Frameworks/ImageIO.framework/ImageIO.tbd
_kCGImagePropertyDICOMChannelDeliveryContinuationSequence	System/Library/Frameworks/ImageIO.framework/ImageIO.tbd
_kCGImagePropertyDICOMChannelDeliveryOrderIndex	System/Library/Frameworks/ImageIO.framework/ImageIO.tbd
_kCGImagePropertyDICOMChannelDeliveryOrderSequence	System/Library/Frameworks/ImageIO.framework/ImageIO.tbd
_kCGImagePropertyDICOMChannelDerivationDescription	System/Library/Frameworks/ImageIO.framework/ImageIO.tbd
_kCGImagePropertyDICOMChannelDescriptionCodeSequence	System/Library/Frameworks/ImageIO.framework/ImageIO.tbd
_kCGImagePropertyDICOMChannelDisplaySequence	System/Library/Frameworks/ImageIO.framework/ImageIO.tbd
_kCGImagePropertyDICOMChannelEffectiveLength	System/Library/Frameworks/ImageIO.framework/ImageIO.tbd
_kCGImagePropertyDICOMChannelIdentificationCode	System/Library/Frameworks/ImageIO.framework/ImageIO.tbd
_kCGImagePropertyDICOMChannelImpedanceSequence	System/Library/Frameworks/ImageIO.framework/ImageIO.tbd
_kCGImagePropertyDICOMChannelInnerLength	System/Library/Frameworks/ImageIO.framework/ImageIO.tbd
_kCGImagePropertyDICOMChannelLabel	System/Library/Frameworks/ImageIO.framework/ImageIO.tbd
_kCGImagePropertyDICOMChannelLength	System/Library/Frameworks/ImageIO.framework/ImageIO.tbd
_kCGImagePropertyDICOMChannelMaximumValue	System/Library/Frameworks/ImageIO.framework/ImageIO.tbd
_kCGImagePropertyDICOMChannelMinimumValue	System/Library/Frameworks/ImageIO.framework/ImageIO.tbd
_kCGImagePropertyDICOMChannelMode	System/Library/Frameworks/ImageIO.framework/ImageIO.tbd
_kCGImagePropertyDICOMChannelNumber	System/Library/Frameworks/ImageIO.framework/ImageIO.tbd
_kCGImagePropertyDICOMChannelOffset	System/Library/Frameworks/ImageIO.framework/ImageIO.tbd
_kCGImagePropertyDICOMChannelOverlap	System/Library/Frameworks/ImageIO.framework/ImageIO.tbd
_kCGImagePropertyDICOMChannelPosition	System/Library/Frameworks/ImageIO.framework/ImageIO.tbd
_kCGImagePropertyDICOMChannelRecommendedDisplayCIELabValue	System/Library/Frameworks/ImageIO.framework/ImageIO.tbd
_kCGImagePropertyDICOMChannelSampleSkew	System/Library/Frameworks/ImageIO.framework/ImageIO.tbd
_kCGImagePropertyDICOMChannelSensitivity	System/Library/Frameworks/ImageIO.framework/ImageIO.tbd
_kCGImagePropertyDICOMChannelSensitivityCorrectionFactor	System/Library/Frameworks/ImageIO.framework/ImageIO.tbd
_kCGImagePropertyDICOMChannelSensitivityUnitsSequence	System/Library/Frameworks/ImageIO.framework/ImageIO.tbd
_kCGImagePropertyDICOMChannelSequence	System/Library/Frameworks/ImageIO.framework/ImageIO.tbd
_kCGImagePropertyDICOMChannelSettingsSequence	System/Library/Frameworks/ImageIO.framework/ImageIO.tbd
_kCGImagePropertyDICOMChannelShieldID	System/Library/Frameworks/ImageIO.framework/ImageIO.tbd
_kCGImagePropertyDICOMChannelShieldName	System/Library/Frameworks/ImageIO.framework/ImageIO.tbd
_kCGImagePropertyDICOMChannelShieldNominalThickness	System/Library/Frameworks/ImageIO.framework/ImageIO.tbd
_kCGImagePropertyDICOMChannelShieldNominalTransmission	System/Library/Frameworks/ImageIO.framework/ImageIO.tbd
_kCGImagePropertyDICOMChannelShieldNumber	System/Library/Frameworks/ImageIO.framework/ImageIO.tbd
_kCGImagePropertyDICOMChannelShieldSequence	System/Library/Frameworks/ImageIO.framework/ImageIO.tbd
_kCGImagePropertyDICOMChannelSourceModifiersSequence	System/Library/Frameworks/ImageIO.framework/ImageIO.tbd
_kCGImagePropertyDICOMChannelSourceSequence	System/Library/Frameworks/ImageIO.framework/ImageIO.tbd
_kCGImagePropertyDICOMChannelStatus	System/Library/Frameworks/ImageIO.framework/ImageIO.tbd
_kCGImagePropertyDICOMChannelThreshold	System/Library/Frameworks/ImageIO.framework/ImageIO.tbd
_kCGImagePropertyDICOMChannelTimeSkew	System/Library/Frameworks/ImageIO.framework/ImageIO.tbd
_kCGImagePropertyDICOMChannelTotalTime	System/Library/Frameworks/ImageIO.framework/ImageIO.tbd
_kCGImagePropertyDICOMChannelWidth	System/Library/Frameworks/ImageIO.framework/ImageIO.tbd
_kCGImagePropertyDICOMChemicalShiftMaximumIntegrationLimitInHz	System/Library/Frameworks/ImageIO.framework/ImageIO.tbd
_kCGImagePropertyDICOMChemicalShiftMaximumIntegrationLimitInppm	System/Library/Frameworks/ImageIO.framework/ImageIO.tbd
_kCGImagePropertyDICOMChemicalShiftMinimumIntegrationLimitInHz	System/Library/Frameworks/ImageIO.framework/ImageIO.tbd
_kCGImagePropertyDICOMChemicalShiftMinimumIntegrationLimitInppm	System/Library/Frameworks/ImageIO.framework/ImageIO.tbd
_kCGImagePropertyDICOMChemicalShiftReference	System/Library/Frameworks/ImageIO.framework/ImageIO.tbd
_kCGImagePropertyDICOMChemicalShiftSequence	System/Library/Frameworks/ImageIO.framework/ImageIO.tbd
_kCGImagePropertyDICOMCineRate	System/Library/Frameworks/ImageIO.framework/ImageIO.tbd
_kCGImagePropertyDICOMCineRelativeToRealTime	System/Library/Frameworks/ImageIO.framework/ImageIO.tbd
_kCGImagePropertyDICOMClinicalFractionNumber	System/Library/Frameworks/ImageIO.framework/ImageIO.tbd
_kCGImagePropertyDICOMClinicalTrialCoordinatingCenterName	System/Library/Frameworks/ImageIO.framework/ImageIO.tbd
_kCGImagePropertyDICOMClinicalTrialProtocolEthicsCommitteeApprovalNumber	System/Library/Frameworks/ImageIO.framework/ImageIO.tbd
_kCGImagePropertyDICOMClinicalTrialProtocolEthicsCommitteeName	System/Library/Frameworks/ImageIO.framework/ImageIO.tbd
_kCGImagePropertyDICOMClinicalTrialProtocolID	System/Library/Frameworks/ImageIO.framework/ImageIO.tbd
_kCGImagePropertyDICOMClinicalTrialProtocolName	System/Library/Frameworks/ImageIO.framework/ImageIO.tbd
_kCGImagePropertyDICOMClinicalTrialSeriesDescription	System/Library/Frameworks/ImageIO.framework/ImageIO.tbd
_kCGImagePropertyDICOMClinicalTrialSeriesID	System/Library/Frameworks/ImageIO.framework/ImageIO.tbd
_kCGImagePropertyDICOMClinicalTrialSiteID	System/Library/Frameworks/ImageIO.framework/ImageIO.tbd
_kCGImagePropertyDICOMClinicalTrialSiteName	System/Library/Frameworks/ImageIO.framework/ImageIO.tbd
_kCGImagePropertyDICOMClinicalTrialSponsorName	System/Library/Frameworks/ImageIO.framework/ImageIO.tbd
_kCGImagePropertyDICOMClinicalTrialSubjectID	System/Library/Frameworks/ImageIO.framework/ImageIO.tbd
_kCGImagePropertyDICOMClinicalTrialSubjectReadingID	System/Library/Frameworks/ImageIO.framework/ImageIO.tbd
_kCGImagePropertyDICOMClinicalTrialTimePointDescription	System/Library/Frameworks/ImageIO.framework/ImageIO.tbd
_kCGImagePropertyDICOMClinicalTrialTimePointID	System/Library/Frameworks/ImageIO.framework/ImageIO.tbd
_kCGImagePropertyDICOMClinicalTrialTimePointTypeCodeSequence	System/Library/Frameworks/ImageIO.framework/ImageIO.tbd
_kCGImagePropertyDICOMCoatingMaterialsCodeSequence	System/Library/Frameworks/ImageIO.framework/ImageIO.tbd
_kCGImagePropertyDICOMCodeLabel	System/Library/Frameworks/ImageIO.framework/ImageIO.tbd
_kCGImagePropertyDICOMCodeMeaning	System/Library/Frameworks/ImageIO.framework/ImageIO.tbd
_kCGImagePropertyDICOMCodeNumberFormat	System/Library/Frameworks/ImageIO.framework/ImageIO.tbd
_kCGImagePropertyDICOMCodeTableLocation	System/Library/Frameworks/ImageIO.framework/ImageIO.tbd
_kCGImagePropertyDICOMCodeValue	System/Library/Frameworks/ImageIO.framework/ImageIO.tbd
_kCGImagePropertyDICOMCodingSchemeDesignator	System/Library/Frameworks/ImageIO.framework/ImageIO.tbd
_kCGImagePropertyDICOMCodingSchemeExternalID	System/Library/Frameworks/ImageIO.framework/ImageIO.tbd
_kCGImagePropertyDICOMCodingSchemeIdentificationSequence	System/Library/Frameworks/ImageIO.framework/ImageIO.tbd
_kCGImagePropertyDICOMCodingSchemeName	System/Library/Frameworks/ImageIO.framework/ImageIO.tbd
_kCGImagePropertyDICOMCodingSchemeRegistry	System/Library/Frameworks/ImageIO.framework/ImageIO.tbd
_kCGImagePropertyDICOMCodingSchemeResourcesSequence	System/Library/Frameworks/ImageIO.framework/ImageIO.tbd
_kCGImagePropertyDICOMCodingSchemeResponsibleOrganization	System/Library/Frameworks/ImageIO.framework/ImageIO.tbd
_kCGImagePropertyDICOMCodingSchemeUID	System/Library/Frameworks/ImageIO.framework/ImageIO.tbd
_kCGImagePropertyDICOMCodingSchemeURL	System/Library/Frameworks/ImageIO.framework/ImageIO.tbd
_kCGImagePropertyDICOMCodingSchemeURLType	System/Library/Frameworks/ImageIO.framework/ImageIO.tbd
_kCGImagePropertyDICOMCodingSchemeVersion	System/Library/Frameworks/ImageIO.framework/ImageIO.tbd
_kCGImagePropertyDICOMCoefficientCoding	System/Library/Frameworks/ImageIO.framework/ImageIO.tbd
_kCGImagePropertyDICOMCoefficientCodingPointers	System/Library/Frameworks/ImageIO.framework/ImageIO.tbd
_kCGImagePropertyDICOMCoefficientsSDDN	System/Library/Frameworks/ImageIO.framework/ImageIO.tbd
_kCGImagePropertyDICOMCoefficientsSDHN	System/Library/Frameworks/ImageIO.framework/ImageIO.tbd
_kCGImagePropertyDICOMCoefficientsSDVN	System/Library/Frameworks/ImageIO.framework/ImageIO.tbd
_kCGImagePropertyDICOMCoincidenceWindowWidth	System/Library/Frameworks/ImageIO.framework/ImageIO.tbd
_kCGImagePropertyDICOMCollationFlag	System/Library/Frameworks/ImageIO.framework/ImageIO.tbd
_kCGImagePropertyDICOMCollimatorGridName	System/Library/Frameworks/ImageIO.framework/ImageIO.tbd
_kCGImagePropertyDICOMCollimatorLeftVerticalEdge	System/Library/Frameworks/ImageIO.framework/ImageIO.tbd
_kCGImagePropertyDICOMCollimatorLowerHorizontalEdge	System/Library/Frameworks/ImageIO.framework/ImageIO.tbd
_kCGImagePropertyDICOMCollimatorRightVerticalEdge	System/Library/Frameworks/ImageIO.framework/ImageIO.tbd
_kCGImagePropertyDICOMCollimatorShape	System/Library/Frameworks/ImageIO.framework/ImageIO.tbd
_kCGImagePropertyDICOMCollimatorShapeSequence	System/Library/Frameworks/ImageIO.framework/ImageIO.tbd
_kCGImagePropertyDICOMCollimatorType	System/Library/Frameworks/ImageIO.framework/ImageIO.tbd
_kCGImagePropertyDICOMCollimatorUpperHorizontalEdge	System/Library/Frameworks/ImageIO.framework/ImageIO.tbd
_kCGImagePropertyDICOMColorFilterArrayPatternColumns	System/Library/Frameworks/ImageIO.framework/ImageIO.tbd
_kCGImagePropertyDICOMColorFilterArrayPatternRows	System/Library/Frameworks/ImageIO.framework/ImageIO.tbd
_kCGImagePropertyDICOMColorFilterArrayPatternValues	System/Library/Frameworks/ImageIO.framework/ImageIO.tbd
_kCGImagePropertyDICOMColorImagePrintingFlag	System/Library/Frameworks/ImageIO.framework/ImageIO.tbd
_kCGImagePropertyDICOMColorSpace	System/Library/Frameworks/ImageIO.framework/ImageIO.tbd
_kCGImagePropertyDICOMColumnAngulation	System/Library/Frameworks/ImageIO.framework/ImageIO.tbd
_kCGImagePropertyDICOMColumnAngulationPatient	System/Library/Frameworks/ImageIO.framework/ImageIO.tbd
_kCGImagePropertyDICOMColumnOverlap	System/Library/Frameworks/ImageIO.framework/ImageIO.tbd
_kCGImagePropertyDICOMColumnPositionInTotalImagePixelMatrix	System/Library/Frameworks/ImageIO.framework/ImageIO.tbd
_kCGImagePropertyDICOMColumns	System/Library/Frameworks/ImageIO.framework/ImageIO.tbd
_kCGImagePropertyDICOMColumnsForNthOrderCoefficients	System/Library/Frameworks/ImageIO.framework/ImageIO.tbd
_kCGImagePropertyDICOMCombinationSegmentReferenceSequence	System/Library/Frameworks/ImageIO.framework/ImageIO.tbd
_kCGImagePropertyDICOMCommandDataSetType	System/Library/Frameworks/ImageIO.framework/ImageIO.tbd
_kCGImagePropertyDICOMCommandField	System/Library/Frameworks/ImageIO.framework/ImageIO.tbd
_kCGImagePropertyDICOMCommandGroupLength	System/Library/Frameworks/ImageIO.framework/ImageIO.tbd
_kCGImagePropertyDICOMCommentsOnPatientPerformanceOfVisualField	System/Library/Frameworks/ImageIO.framework/ImageIO.tbd
_kCGImagePropertyDICOMCommentsOnRadiationDose	System/Library/Frameworks/ImageIO.framework/ImageIO.tbd
_kCGImagePropertyDICOMCommentsOnThePerformedProcedureStep	System/Library/Frameworks/ImageIO.framework/ImageIO.tbd
_kCGImagePropertyDICOMCommentsOnTheScheduledProcedureStep	System/Library/Frameworks/ImageIO.framework/ImageIO.tbd
_kCGImagePropertyDICOMCommonZCoordinateValue	System/Library/Frameworks/ImageIO.framework/ImageIO.tbd
_kCGImagePropertyDICOMCompensatorBasePlaneOffset	System/Library/Frameworks/ImageIO.framework/ImageIO.tbd
_kCGImagePropertyDICOMCompensatorColumnOffset	System/Library/Frameworks/ImageIO.framework/ImageIO.tbd
_kCGImagePropertyDICOMCompensatorColumns	System/Library/Frameworks/ImageIO.framework/ImageIO.tbd
_kCGImagePropertyDICOMCompensatorDefinitionSequence	System/Library/Frameworks/ImageIO.framework/ImageIO.tbd
_kCGImagePropertyDICOMCompensatorDescription	System/Library/Frameworks/ImageIO.framework/ImageIO.tbd
_kCGImagePropertyDICOMCompensatorDistalThicknessMap	System/Library/Frameworks/ImageIO.framework/ImageIO.tbd
_kCGImagePropertyDICOMCompensatorDivergence	System/Library/Frameworks/ImageIO.framework/ImageIO.tbd
_kCGImagePropertyDICOMCompensatorID	System/Library/Frameworks/ImageIO.framework/ImageIO.tbd
_kCGImagePropertyDICOMCompensatorMapOrientation	System/Library/Frameworks/ImageIO.framework/ImageIO.tbd
_kCGImagePropertyDICOMCompensatorMillingToolDiameter	System/Library/Frameworks/ImageIO.framework/ImageIO.tbd
_kCGImagePropertyDICOMCompensatorMountingPosition	System/Library/Frameworks/ImageIO.framework/ImageIO.tbd
_kCGImagePropertyDICOMCompensatorNumber	System/Library/Frameworks/ImageIO.framework/ImageIO.tbd
_kCGImagePropertyDICOMCompensatorPixelSpacing	System/Library/Frameworks/ImageIO.framework/ImageIO.tbd
_kCGImagePropertyDICOMCompensatorPosition	System/Library/Frameworks/ImageIO.framework/ImageIO.tbd
_kCGImagePropertyDICOMCompensatorProximalThicknessMap	System/Library/Frameworks/ImageIO.framework/ImageIO.tbd
_kCGImagePropertyDICOMCompensatorRelativeStoppingPowerRatio	System/Library/Frameworks/ImageIO.framework/ImageIO.tbd
_kCGImagePropertyDICOMCompensatorRows	System/Library/Frameworks/ImageIO.framework/ImageIO.tbd
_kCGImagePropertyDICOMCompensatorSequence	System/Library/Frameworks/ImageIO.framework/ImageIO.tbd
_kCGImagePropertyDICOMCompensatorShapeFabricationCodeSequence	System/Library/Frameworks/ImageIO.framework/ImageIO.tbd
_kCGImagePropertyDICOMCompensatorShapeSequence	System/Library/Frameworks/ImageIO.framework/ImageIO.tbd
_kCGImagePropertyDICOMCompensatorThicknessData	System/Library/Frameworks/ImageIO.framework/ImageIO.tbd
_kCGImagePropertyDICOMCompensatorTransmissionData	System/Library/Frameworks/ImageIO.framework/ImageIO.tbd
_kCGImagePropertyDICOMCompensatorTrayID	System/Library/Frameworks/ImageIO.framework/ImageIO.tbd
_kCGImagePropertyDICOMCompensatorType	System/Library/Frameworks/ImageIO.framework/ImageIO.tbd
_kCGImagePropertyDICOMCompletionFlag	System/Library/Frameworks/ImageIO.framework/ImageIO.tbd
_kCGImagePropertyDICOMCompletionFlagDescription	System/Library/Frameworks/ImageIO.framework/ImageIO.tbd
_kCGImagePropertyDICOMComplexImageComponent	System/Library/Frameworks/ImageIO.framework/ImageIO.tbd
_kCGImagePropertyDICOMComponent1ReferencedID	System/Library/Frameworks/ImageIO.framework/ImageIO.tbd
_kCGImagePropertyDICOMComponent1ReferencedMatingFeatureID	System/Library/Frameworks/ImageIO.framework/ImageIO.tbd
_kCGImagePropertyDICOMComponent1ReferencedMatingFeatureSetID	System/Library/Frameworks/ImageIO.framework/ImageIO.tbd
_kCGImagePropertyDICOMComponent2ReferencedID	System/Library/Frameworks/ImageIO.framework/ImageIO.tbd
_kCGImagePropertyDICOMComponent2ReferencedMatingFeatureID	System/Library/Frameworks/ImageIO.framework/ImageIO.tbd
_kCGImagePropertyDICOMComponent2ReferencedMatingFeatureSetID	System/Library/Frameworks/ImageIO.framework/ImageIO.tbd
_kCGImagePropertyDICOMComponentAssemblySequence	System/Library/Frameworks/ImageIO.framework/ImageIO.tbd
_kCGImagePropertyDICOMComponentID	System/Library/Frameworks/ImageIO.framework/ImageIO.tbd
_kCGImagePropertyDICOMComponentInputSequence	System/Library/Frameworks/ImageIO.framework/ImageIO.tbd
_kCGImagePropertyDICOMComponentManufacturer	System/Library/Frameworks/ImageIO.framework/ImageIO.tbd
_kCGImagePropertyDICOMComponentManufacturingProcedure	System/Library/Frameworks/ImageIO.framework/ImageIO.tbd
_kCGImagePropertyDICOMComponentReferenceSystem	System/Library/Frameworks/ImageIO.framework/ImageIO.tbd
_kCGImagePropertyDICOMComponentSequence	System/Library/Frameworks/ImageIO.framework/ImageIO.tbd
_kCGImagePropertyDICOMComponentShape	System/Library/Frameworks/ImageIO.framework/ImageIO.tbd
_kCGImagePropertyDICOMComponentType	System/Library/Frameworks/ImageIO.framework/ImageIO.tbd
_kCGImagePropertyDICOMComponentTypeCodeSequence	System/Library/Frameworks/ImageIO.framework/ImageIO.tbd
_kCGImagePropertyDICOMComponentTypesSequence	System/Library/Frameworks/ImageIO.framework/ImageIO.tbd
_kCGImagePropertyDICOMComponentWelderIDs	System/Library/Frameworks/ImageIO.framework/ImageIO.tbd
_kCGImagePropertyDICOMCompositingMethod	System/Library/Frameworks/ImageIO.framework/ImageIO.tbd
_kCGImagePropertyDICOMCompoundGraphicInstanceID	System/Library/Frameworks/ImageIO.framework/ImageIO.tbd
_kCGImagePropertyDICOMCompoundGraphicSequence	System/Library/Frameworks/ImageIO.framework/ImageIO.tbd
_kCGImagePropertyDICOMCompoundGraphicType	System/Library/Frameworks/ImageIO.framework/ImageIO.tbd
_kCGImagePropertyDICOMCompoundGraphicUnits	System/Library/Frameworks/ImageIO.framework/ImageIO.tbd
_kCGImagePropertyDICOMCompressionCode	System/Library/Frameworks/ImageIO.framework/ImageIO.tbd
_kCGImagePropertyDICOMCompressionContactArea	System/Library/Frameworks/ImageIO.framework/ImageIO.tbd
_kCGImagePropertyDICOMCompressionDescription	System/Library/Frameworks/ImageIO.framework/ImageIO.tbd
_kCGImagePropertyDICOMCompressionForce	System/Library/Frameworks/ImageIO.framework/ImageIO.tbd
_kCGImagePropertyDICOMCompressionLabel	System/Library/Frameworks/ImageIO.framework/ImageIO.tbd
_kCGImagePropertyDICOMCompressionOriginator	System/Library/Frameworks/ImageIO.framework/ImageIO.tbd
_kCGImagePropertyDICOMCompressionPressure	System/Library/Frameworks/ImageIO.framework/ImageIO.tbd
_kCGImagePropertyDICOMCompressionRecognitionCode	System/Library/Frameworks/ImageIO.framework/ImageIO.tbd
_kCGImagePropertyDICOMCompressionSequence	System/Library/Frameworks/ImageIO.framework/ImageIO.tbd
_kCGImagePropertyDICOMCompressionStepPointers	System/Library/Frameworks/ImageIO.framework/ImageIO.tbd
_kCGImagePropertyDICOMConcatenationFrameOffsetNumber	System/Library/Frameworks/ImageIO.framework/ImageIO.tbd
_kCGImagePropertyDICOMConcatenationUID	System/Library/Frameworks/ImageIO.framework/ImageIO.tbd
_kCGImagePropertyDICOMConceptCodeSequence	System/Library/Frameworks/ImageIO.framework/ImageIO.tbd
_kCGImagePropertyDICOMConceptNameCodeSequence	System/Library/Frameworks/ImageIO.framework/ImageIO.tbd
_kCGImagePropertyDICOMConceptualVolumeBlockingConstraint	System/Library/Frameworks/ImageIO.framework/ImageIO.tbd
_kCGImagePropertyDICOMConceptualVolumeCategoryCodeSequence	System/Library/Frameworks/ImageIO.framework/ImageIO.tbd
_kCGImagePropertyDICOMConceptualVolumeCombinationDescription	System/Library/Frameworks/ImageIO.framework/ImageIO.tbd
_kCGImagePropertyDICOMConceptualVolumeCombinationExpression	System/Library/Frameworks/ImageIO.framework/ImageIO.tbd
_kCGImagePropertyDICOMConceptualVolumeCombinationFlag	System/Library/Frameworks/ImageIO.framework/ImageIO.tbd
_kCGImagePropertyDICOMConceptualVolumeConstituentIndex	System/Library/Frameworks/ImageIO.framework/ImageIO.tbd
_kCGImagePropertyDICOMConceptualVolumeConstituentSegmentationReferenceSequence	System/Library/Frameworks/ImageIO.framework/ImageIO.tbd
_kCGImagePropertyDICOMConceptualVolumeConstituentSequence	System/Library/Frameworks/ImageIO.framework/ImageIO.tbd
_kCGImagePropertyDICOMConceptualVolumeDerivationAlgorithmSequence	System/Library/Frameworks/ImageIO.framework/ImageIO.tbd
_kCGImagePropertyDICOMConceptualVolumeDescription	System/Library/Frameworks/ImageIO.framework/ImageIO.tbd
_kCGImagePropertyDICOMConceptualVolumeIdentificationSequence	System/Library/Frameworks/ImageIO.framework/ImageIO.tbd
_kCGImagePropertyDICOMConceptualVolumeOptimizationPrecedence	System/Library/Frameworks/ImageIO.framework/ImageIO.tbd
_kCGImagePropertyDICOMConceptualVolumeSegmentationDefinedFlag	System/Library/Frameworks/ImageIO.framework/ImageIO.tbd
_kCGImagePropertyDICOMConceptualVolumeSegmentationReferenceSequence	System/Library/Frameworks/ImageIO.framework/ImageIO.tbd
_kCGImagePropertyDICOMConceptualVolumeSequence	System/Library/Frameworks/ImageIO.framework/ImageIO.tbd
_kCGImagePropertyDICOMConceptualVolumeTypeCodeSequence	System/Library/Frameworks/ImageIO.framework/ImageIO.tbd
_kCGImagePropertyDICOMConceptualVolumeTypeModifierCodeSequence	System/Library/Frameworks/ImageIO.framework/ImageIO.tbd
_kCGImagePropertyDICOMConceptualVolumeUID	System/Library/Frameworks/ImageIO.framework/ImageIO.tbd
_kCGImagePropertyDICOMCondenserLensPower	System/Library/Frameworks/ImageIO.framework/ImageIO.tbd
_kCGImagePropertyDICOMConfidentialityCode	System/Library/Frameworks/ImageIO.framework/ImageIO.tbd
_kCGImagePropertyDICOMConfidentialityConstraintOnPatientDataDescription	System/Library/Frameworks/ImageIO.framework/ImageIO.tbd
_kCGImagePropertyDICOMConfigurationDescription	System/Library/Frameworks/ImageIO.framework/ImageIO.tbd
_kCGImagePropertyDICOMConfigurationID	System/Library/Frameworks/ImageIO.framework/ImageIO.tbd
_kCGImagePropertyDICOMConfigurationInformation	System/Library/Frameworks/ImageIO.framework/ImageIO.tbd
_kCGImagePropertyDICOMConfigurationInformationDescription	System/Library/Frameworks/ImageIO.framework/ImageIO.tbd
_kCGImagePropertyDICOMConfigurationName	System/Library/Frameworks/ImageIO.framework/ImageIO.tbd
_kCGImagePropertyDICOMConfigurationQAResultsSequence	System/Library/Frameworks/ImageIO.framework/ImageIO.tbd
_kCGImagePropertyDICOMConfirmationSequence	System/Library/Frameworks/ImageIO.framework/ImageIO.tbd
_kCGImagePropertyDICOMConnectorType	System/Library/Frameworks/ImageIO.framework/ImageIO.tbd
_kCGImagePropertyDICOMConsentForClinicalTrialUseSequence	System/Library/Frameworks/ImageIO.framework/ImageIO.tbd
_kCGImagePropertyDICOMConsentForDistributionFlag	System/Library/Frameworks/ImageIO.framework/ImageIO.tbd
_kCGImagePropertyDICOMConstantVolumeFlag	System/Library/Frameworks/ImageIO.framework/ImageIO.tbd
_kCGImagePropertyDICOMConstituentConceptualVolumeUID	System/Library/Frameworks/ImageIO.framework/ImageIO.tbd
_kCGImagePropertyDICOMConstraintType	System/Library/Frameworks/ImageIO.framework/ImageIO.tbd
_kCGImagePropertyDICOMConstraintValueSequence	System/Library/Frameworks/ImageIO.framework/ImageIO.tbd
_kCGImagePropertyDICOMConstraintViolationCondition	System/Library/Frameworks/ImageIO.framework/ImageIO.tbd
_kCGImagePropertyDICOMConstraintViolationSignificance	System/Library/Frameworks/ImageIO.framework/ImageIO.tbd
_kCGImagePropertyDICOMConstraintWeight	System/Library/Frameworks/ImageIO.framework/ImageIO.tbd
_kCGImagePropertyDICOMConsultingPhysicianIdentificationSequence	System/Library/Frameworks/ImageIO.framework/ImageIO.tbd
_kCGImagePropertyDICOMConsultingPhysicianName	System/Library/Frameworks/ImageIO.framework/ImageIO.tbd
_kCGImagePropertyDICOMContactDisplayName	System/Library/Frameworks/ImageIO.framework/ImageIO.tbd
_kCGImagePropertyDICOMContactMethod	System/Library/Frameworks/ImageIO.framework/ImageIO.tbd
_kCGImagePropertyDICOMContactURI	System/Library/Frameworks/ImageIO.framework/ImageIO.tbd
_kCGImagePropertyDICOMContainerComponentDescription	System/Library/Frameworks/ImageIO.framework/ImageIO.tbd
_kCGImagePropertyDICOMContainerComponentDiameter	System/Library/Frameworks/ImageIO.framework/ImageIO.tbd
_kCGImagePropertyDICOMContainerComponentID	System/Library/Frameworks/ImageIO.framework/ImageIO.tbd
_kCGImagePropertyDICOMContainerComponentLength	System/Library/Frameworks/ImageIO.framework/ImageIO.tbd
_kCGImagePropertyDICOMContainerComponentMaterial	System/Library/Frameworks/ImageIO.framework/ImageIO.tbd
_kCGImagePropertyDICOMContainerComponentSequence	System/Library/Frameworks/ImageIO.framework/ImageIO.tbd
_kCGImagePropertyDICOMContainerComponentThickness	System/Library/Frameworks/ImageIO.framework/ImageIO.tbd
_kCGImagePropertyDICOMContainerComponentTypeCodeSequence	System/Library/Frameworks/ImageIO.framework/ImageIO.tbd
_kCGImagePropertyDICOMContainerComponentWidth	System/Library/Frameworks/ImageIO.framework/ImageIO.tbd
_kCGImagePropertyDICOMContainerDescription	System/Library/Frameworks/ImageIO.framework/ImageIO.tbd
_kCGImagePropertyDICOMContainerFileType	System/Library/Frameworks/ImageIO.framework/ImageIO.tbd
_kCGImagePropertyDICOMContainerIdentifier	System/Library/Frameworks/ImageIO.framework/ImageIO.tbd
_kCGImagePropertyDICOMContainerTypeCodeSequence	System/Library/Frameworks/ImageIO.framework/ImageIO.tbd
_kCGImagePropertyDICOMContentCreatorIdentificationCodeSequence	System/Library/Frameworks/ImageIO.framework/ImageIO.tbd
_kCGImagePropertyDICOMContentCreatorName	System/Library/Frameworks/ImageIO.framework/ImageIO.tbd
_kCGImagePropertyDICOMContentDate	System/Library/Frameworks/ImageIO.framework/ImageIO.tbd
_kCGImagePropertyDICOMContentDescription	System/Library/Frameworks/ImageIO.framework/ImageIO.tbd
_kCGImagePropertyDICOMContentItemModifierSequence	System/Library/Frameworks/ImageIO.framework/ImageIO.tbd
_kCGImagePropertyDICOMContentLabel	System/Library/Frameworks/ImageIO.framework/ImageIO.tbd
_kCGImagePropertyDICOMContentQualification	System/Library/Frameworks/ImageIO.framework/ImageIO.tbd
_kCGImagePropertyDICOMContentSequence	System/Library/Frameworks/ImageIO.framework/ImageIO.tbd
_kCGImagePropertyDICOMContentTemplateSequence	System/Library/Frameworks/ImageIO.framework/ImageIO.tbd
_kCGImagePropertyDICOMContentTime	System/Library/Frameworks/ImageIO.framework/ImageIO.tbd
_kCGImagePropertyDICOMContextGroupExtensionCreatorUID	System/Library/Frameworks/ImageIO.framework/ImageIO.tbd
_kCGImagePropertyDICOMContextGroupExtensionFlag	System/Library/Frameworks/ImageIO.framework/ImageIO.tbd
_kCGImagePropertyDICOMContextGroupIdentificationSequence	System/Library/Frameworks/ImageIO.framework/ImageIO.tbd
_kCGImagePropertyDICOMContextGroupLocalVersion	System/Library/Frameworks/ImageIO.framework/ImageIO.tbd
_kCGImagePropertyDICOMContextGroupVersion	System/Library/Frameworks/ImageIO.framework/ImageIO.tbd
_kCGImagePropertyDICOMContextIdentifier	System/Library/Frameworks/ImageIO.framework/ImageIO.tbd
_kCGImagePropertyDICOMContextUID	System/Library/Frameworks/ImageIO.framework/ImageIO.tbd
_kCGImagePropertyDICOMContinuationEndMeterset	System/Library/Frameworks/ImageIO.framework/ImageIO.tbd
_kCGImagePropertyDICOMContinuationEndTotalReferenceAirKerma	System/Library/Frameworks/ImageIO.framework/ImageIO.tbd
_kCGImagePropertyDICOMContinuationPulseNumber	System/Library/Frameworks/ImageIO.framework/ImageIO.tbd
_kCGImagePropertyDICOMContinuationStartMeterset	System/Library/Frameworks/ImageIO.framework/ImageIO.tbd
_kCGImagePropertyDICOMContinuationStartTotalReferenceAirKerma	System/Library/Frameworks/ImageIO.framework/ImageIO.tbd
_kCGImagePropertyDICOMContinuityOfContent	System/Library/Frameworks/ImageIO.framework/ImageIO.tbd
_kCGImagePropertyDICOMContourData	System/Library/Frameworks/ImageIO.framework/ImageIO.tbd
_kCGImagePropertyDICOMContourGeometricType	System/Library/Frameworks/ImageIO.framework/ImageIO.tbd
_kCGImagePropertyDICOMContourImageSequence	System/Library/Frameworks/ImageIO.framework/ImageIO.tbd
_kCGImagePropertyDICOMContourNumber	System/Library/Frameworks/ImageIO.framework/ImageIO.tbd
_kCGImagePropertyDICOMContourOffsetVector	System/Library/Frameworks/ImageIO.framework/ImageIO.tbd
_kCGImagePropertyDICOMContourSequence	System/Library/Frameworks/ImageIO.framework/ImageIO.tbd
_kCGImagePropertyDICOMContourSlabThickness	System/Library/Frameworks/ImageIO.framework/ImageIO.tbd
_kCGImagePropertyDICOMContourUncertaintyRadius	System/Library/Frameworks/ImageIO.framework/ImageIO.tbd
_kCGImagePropertyDICOMContraindicationsCodeSequence	System/Library/Frameworks/ImageIO.framework/ImageIO.tbd
_kCGImagePropertyDICOMContrast	System/Library/Frameworks/ImageIO.framework/ImageIO.tbd
_kCGImagePropertyDICOMContrastAdministrationProfileSequence	System/Library/Frameworks/ImageIO.framework/ImageIO.tbd
_kCGImagePropertyDICOMContrastBolusAdministrationRouteSequence	System/Library/Frameworks/ImageIO.framework/ImageIO.tbd
_kCGImagePropertyDICOMContrastBolusAgent	System/Library/Frameworks/ImageIO.framework/ImageIO.tbd
_kCGImagePropertyDICOMContrastBolusAgentAdministered	System/Library/Frameworks/ImageIO.framework/ImageIO.tbd
_kCGImagePropertyDICOMContrastBolusAgentDetected	System/Library/Frameworks/ImageIO.framework/ImageIO.tbd
_kCGImagePropertyDICOMContrastBolusAgentNumber	System/Library/Frameworks/ImageIO.framework/ImageIO.tbd
_kCGImagePropertyDICOMContrastBolusAgentPhase	System/Library/Frameworks/ImageIO.framework/ImageIO.tbd
_kCGImagePropertyDICOMContrastBolusAgentSequence	System/Library/Frameworks/ImageIO.framework/ImageIO.tbd
_kCGImagePropertyDICOMContrastBolusAutoInjectionTriggerFlag	System/Library/Frameworks/ImageIO.framework/ImageIO.tbd
_kCGImagePropertyDICOMContrastBolusIngredient	System/Library/Frameworks/ImageIO.framework/ImageIO.tbd
_kCGImagePropertyDICOMContrastBolusIngredientCodeSequence	System/Library/Frameworks/ImageIO.framework/ImageIO.tbd
_kCGImagePropertyDICOMContrastBolusIngredientConcentration	System/Library/Frameworks/ImageIO.framework/ImageIO.tbd
_kCGImagePropertyDICOMContrastBolusIngredientOpaque	System/Library/Frameworks/ImageIO.framework/ImageIO.tbd
_kCGImagePropertyDICOMContrastBolusIngredientPercentByVolume	System/Library/Frameworks/ImageIO.framework/ImageIO.tbd
_kCGImagePropertyDICOMContrastBolusInjectionDelay	System/Library/Frameworks/ImageIO.framework/ImageIO.tbd
_kCGImagePropertyDICOMContrastBolusRoute	System/Library/Frameworks/ImageIO.framework/ImageIO.tbd
_kCGImagePropertyDICOMContrastBolusStartTime	System/Library/Frameworks/ImageIO.framework/ImageIO.tbd
_kCGImagePropertyDICOMContrastBolusStopTime	System/Library/Frameworks/ImageIO.framework/ImageIO.tbd
_kCGImagePropertyDICOMContrastBolusT1Relaxivity	System/Library/Frameworks/ImageIO.framework/ImageIO.tbd
_kCGImagePropertyDICOMContrastBolusTotalDose	System/Library/Frameworks/ImageIO.framework/ImageIO.tbd
_kCGImagePropertyDICOMContrastBolusUsageSequence	System/Library/Frameworks/ImageIO.framework/ImageIO.tbd
_kCGImagePropertyDICOMContrastBolusVolume	System/Library/Frameworks/ImageIO.framework/ImageIO.tbd
_kCGImagePropertyDICOMContrastFlowDuration	System/Library/Frameworks/ImageIO.framework/ImageIO.tbd
_kCGImagePropertyDICOMContrastFlowRate	System/Library/Frameworks/ImageIO.framework/ImageIO.tbd
_kCGImagePropertyDICOMContrastFrameAveraging	System/Library/Frameworks/ImageIO.framework/ImageIO.tbd
_kCGImagePropertyDICOMContributingEquipmentSequence	System/Library/Frameworks/ImageIO.framework/ImageIO.tbd
_kCGImagePropertyDICOMContributingSOPInstancesReferenceSequence	System/Library/Frameworks/ImageIO.framework/ImageIO.tbd
_kCGImagePropertyDICOMContributingSourcesSequence	System/Library/Frameworks/ImageIO.framework/ImageIO.tbd
_kCGImagePropertyDICOMContributionDateTime	System/Library/Frameworks/ImageIO.framework/ImageIO.tbd
_kCGImagePropertyDICOMContributionDescription	System/Library/Frameworks/ImageIO.framework/ImageIO.tbd
_kCGImagePropertyDICOMControlPoint3DPosition	System/Library/Frameworks/ImageIO.framework/ImageIO.tbd
_kCGImagePropertyDICOMControlPointDeliverySequence	System/Library/Frameworks/ImageIO.framework/ImageIO.tbd
_kCGImagePropertyDICOMControlPointIndex	System/Library/Frameworks/ImageIO.framework/ImageIO.tbd
_kCGImagePropertyDICOMControlPointOrientation	System/Library/Frameworks/ImageIO.framework/ImageIO.tbd
_kCGImagePropertyDICOMControlPointRelativePosition	System/Library/Frameworks/ImageIO.framework/ImageIO.tbd
_kCGImagePropertyDICOMControlPointSequence	System/Library/Frameworks/ImageIO.framework/ImageIO.tbd
_kCGImagePropertyDICOMConventionalControlPointVerificationSequence	System/Library/Frameworks/ImageIO.framework/ImageIO.tbd
_kCGImagePropertyDICOMConventionalMachineVerificationSequence	System/Library/Frameworks/ImageIO.framework/ImageIO.tbd
_kCGImagePropertyDICOMConversionSourceAttributesSequence	System/Library/Frameworks/ImageIO.framework/ImageIO.tbd
_kCGImagePropertyDICOMConversionType	System/Library/Frameworks/ImageIO.framework/ImageIO.tbd
_kCGImagePropertyDICOMConvolutionKernel	System/Library/Frameworks/ImageIO.framework/ImageIO.tbd
_kCGImagePropertyDICOMConvolutionKernelGroup	System/Library/Frameworks/ImageIO.framework/ImageIO.tbd
_kCGImagePropertyDICOMCoordinateStartValue	System/Library/Frameworks/ImageIO.framework/ImageIO.tbd
_kCGImagePropertyDICOMCoordinateStepValue	System/Library/Frameworks/ImageIO.framework/ImageIO.tbd
_kCGImagePropertyDICOMCoordinateSystemAxesSequence	System/Library/Frameworks/ImageIO.framework/ImageIO.tbd
_kCGImagePropertyDICOMCoordinateSystemAxisCodeSequence	System/Library/Frameworks/ImageIO.framework/ImageIO.tbd
_kCGImagePropertyDICOMCoordinateSystemAxisDescription	System/Library/Frameworks/ImageIO.framework/ImageIO.tbd
_kCGImagePropertyDICOMCoordinateSystemAxisNumber	System/Library/Frameworks/ImageIO.framework/ImageIO.tbd
_kCGImagePropertyDICOMCoordinateSystemAxisType	System/Library/Frameworks/ImageIO.framework/ImageIO.tbd
_kCGImagePropertyDICOMCoordinateSystemAxisUnits	System/Library/Frameworks/ImageIO.framework/ImageIO.tbd
_kCGImagePropertyDICOMCoordinateSystemAxisValues	System/Library/Frameworks/ImageIO.framework/ImageIO.tbd
_kCGImagePropertyDICOMCoordinateSystemDataSetMapping	System/Library/Frameworks/ImageIO.framework/ImageIO.tbd
_kCGImagePropertyDICOMCoordinateSystemNumberOfAxes	System/Library/Frameworks/ImageIO.framework/ImageIO.tbd
_kCGImagePropertyDICOMCoordinateSystemTransformRotationAndScaleMatrix	System/Library/Frameworks/ImageIO.framework/ImageIO.tbd
_kCGImagePropertyDICOMCoordinateSystemTransformSequence	System/Library/Frameworks/ImageIO.framework/ImageIO.tbd
_kCGImagePropertyDICOMCoordinateSystemTransformTranslationMatrix	System/Library/Frameworks/ImageIO.framework/ImageIO.tbd
_kCGImagePropertyDICOMCoordinatesSetGeometricTypeTrial	System/Library/Frameworks/ImageIO.framework/ImageIO.tbd
_kCGImagePropertyDICOMCorneaMeasurementMethodCodeSequence	System/Library/Frameworks/ImageIO.framework/ImageIO.tbd
_kCGImagePropertyDICOMCorneaMeasurementsSequence	System/Library/Frameworks/ImageIO.framework/ImageIO.tbd
_kCGImagePropertyDICOMCornealAxis	System/Library/Frameworks/ImageIO.framework/ImageIO.tbd
_kCGImagePropertyDICOMCornealEccentricityIndex	System/Library/Frameworks/ImageIO.framework/ImageIO.tbd
_kCGImagePropertyDICOMCornealISValue	System/Library/Frameworks/ImageIO.framework/ImageIO.tbd
_kCGImagePropertyDICOMCornealPointEstimated	System/Library/Frameworks/ImageIO.framework/ImageIO.tbd
_kCGImagePropertyDICOMCornealPointLocation	System/Library/Frameworks/ImageIO.framework/ImageIO.tbd
_kCGImagePropertyDICOMCornealPower	System/Library/Frameworks/ImageIO.framework/ImageIO.tbd
_kCGImagePropertyDICOMCornealSize	System/Library/Frameworks/ImageIO.framework/ImageIO.tbd
_kCGImagePropertyDICOMCornealSizeSequence	System/Library/Frameworks/ImageIO.framework/ImageIO.tbd
_kCGImagePropertyDICOMCornealTopographyMapQualityEvaluation	System/Library/Frameworks/ImageIO.framework/ImageIO.tbd
_kCGImagePropertyDICOMCornealTopographyMapTypeCodeSequence	System/Library/Frameworks/ImageIO.framework/ImageIO.tbd
_kCGImagePropertyDICOMCornealTopographyMappingNormalsSequence	System/Library/Frameworks/ImageIO.framework/ImageIO.tbd
_kCGImagePropertyDICOMCornealTopographySurface	System/Library/Frameworks/ImageIO.framework/ImageIO.tbd
_kCGImagePropertyDICOMCornealVertexLocation	System/Library/Frameworks/ImageIO.framework/ImageIO.tbd
_kCGImagePropertyDICOMCornealWavefront	System/Library/Frameworks/ImageIO.framework/ImageIO.tbd
_kCGImagePropertyDICOMCorrectedImage	System/Library/Frameworks/ImageIO.framework/ImageIO.tbd
_kCGImagePropertyDICOMCorrectedLocalizedDeviationFromNormal	System/Library/Frameworks/ImageIO.framework/ImageIO.tbd
_kCGImagePropertyDICOMCorrectedLocalizedDeviationFromNormalCalculated	System/Library/Frameworks/ImageIO.framework/ImageIO.tbd
_kCGImagePropertyDICOMCorrectedLocalizedDeviationFromNormalProbability	System/Library/Frameworks/ImageIO.framework/ImageIO.tbd
_kCGImagePropertyDICOMCorrectedLocalizedDeviationFromNormalProbabilityCalculated	System/Library/Frameworks/ImageIO.framework/ImageIO.tbd
_kCGImagePropertyDICOMCorrectedParameterSequence	System/Library/Frameworks/ImageIO.framework/ImageIO.tbd
_kCGImagePropertyDICOMCorrectionValue	System/Library/Frameworks/ImageIO.framework/ImageIO.tbd
_kCGImagePropertyDICOMCountLossNormalizationCorrected	System/Library/Frameworks/ImageIO.framework/ImageIO.tbd
_kCGImagePropertyDICOMCountRate	System/Library/Frameworks/ImageIO.framework/ImageIO.tbd
_kCGImagePropertyDICOMCountryOfResidence	System/Library/Frameworks/ImageIO.framework/ImageIO.tbd
_kCGImagePropertyDICOMCountsAccumulated	System/Library/Frameworks/ImageIO.framework/ImageIO.tbd
_kCGImagePropertyDICOMCountsIncluded	System/Library/Frameworks/ImageIO.framework/ImageIO.tbd
_kCGImagePropertyDICOMCountsSource	System/Library/Frameworks/ImageIO.framework/ImageIO.tbd
_kCGImagePropertyDICOMCouplingMedium	System/Library/Frameworks/ImageIO.framework/ImageIO.tbd
_kCGImagePropertyDICOMCouplingTechnique	System/Library/Frameworks/ImageIO.framework/ImageIO.tbd
_kCGImagePropertyDICOMCouplingVelocity	System/Library/Frameworks/ImageIO.framework/ImageIO.tbd
_kCGImagePropertyDICOMCoverageOfKSpace	System/Library/Frameworks/ImageIO.framework/ImageIO.tbd
_kCGImagePropertyDICOMCranialThermalIndex	System/Library/Frameworks/ImageIO.framework/ImageIO.tbd
_kCGImagePropertyDICOMCreationDate	System/Library/Frameworks/ImageIO.framework/ImageIO.tbd
_kCGImagePropertyDICOMCreationTime	System/Library/Frameworks/ImageIO.framework/ImageIO.tbd
_kCGImagePropertyDICOMCreatorVersionUID	System/Library/Frameworks/ImageIO.framework/ImageIO.tbd
_kCGImagePropertyDICOMCrop	System/Library/Frameworks/ImageIO.framework/ImageIO.tbd
_kCGImagePropertyDICOMCroppingSpecificationIndex	System/Library/Frameworks/ImageIO.framework/ImageIO.tbd
_kCGImagePropertyDICOMCroppingSpecificationNumber	System/Library/Frameworks/ImageIO.framework/ImageIO.tbd
_kCGImagePropertyDICOMCumulativeDoseReferenceCoefficient	System/Library/Frameworks/ImageIO.framework/ImageIO.tbd
_kCGImagePropertyDICOMCumulativeDoseToDoseReference	System/Library/Frameworks/ImageIO.framework/ImageIO.tbd
_kCGImagePropertyDICOMCumulativeMeterset	System/Library/Frameworks/ImageIO.framework/ImageIO.tbd
_kCGImagePropertyDICOMCumulativeMetersetWeight	System/Library/Frameworks/ImageIO.framework/ImageIO.tbd
_kCGImagePropertyDICOMCumulativeTimeWeight	System/Library/Frameworks/ImageIO.framework/ImageIO.tbd
_kCGImagePropertyDICOMCurrentConfigurationID	System/Library/Frameworks/ImageIO.framework/ImageIO.tbd
_kCGImagePropertyDICOMCurrentFractionNumber	System/Library/Frameworks/ImageIO.framework/ImageIO.tbd
_kCGImagePropertyDICOMCurrentObserverTrial	System/Library/Frameworks/ImageIO.framework/ImageIO.tbd
_kCGImagePropertyDICOMCurrentPatientLocation	System/Library/Frameworks/ImageIO.framework/ImageIO.tbd
_kCGImagePropertyDICOMCurrentRequestedProcedureEvidenceSequence	System/Library/Frameworks/ImageIO.framework/ImageIO.tbd
_kCGImagePropertyDICOMCurrentTreatmentStatus	System/Library/Frameworks/ImageIO.framework/ImageIO.tbd
_kCGImagePropertyDICOMCurvatureType	System/Library/Frameworks/ImageIO.framework/ImageIO.tbd
_kCGImagePropertyDICOMCurveActivationLayer	System/Library/Frameworks/ImageIO.framework/ImageIO.tbd
_kCGImagePropertyDICOMCurveData	System/Library/Frameworks/ImageIO.framework/ImageIO.tbd
_kCGImagePropertyDICOMCurveDataDescriptor	System/Library/Frameworks/ImageIO.framework/ImageIO.tbd
_kCGImagePropertyDICOMCurveDate	System/Library/Frameworks/ImageIO.framework/ImageIO.tbd
_kCGImagePropertyDICOMCurveDescription	System/Library/Frameworks/ImageIO.framework/ImageIO.tbd
_kCGImagePropertyDICOMCurveDimensions	System/Library/Frameworks/ImageIO.framework/ImageIO.tbd
_kCGImagePropertyDICOMCurveLabel	System/Library/Frameworks/ImageIO.framework/ImageIO.tbd
_kCGImagePropertyDICOMCurveNumber	System/Library/Frameworks/ImageIO.framework/ImageIO.tbd
_kCGImagePropertyDICOMCurveRange	System/Library/Frameworks/ImageIO.framework/ImageIO.tbd
_kCGImagePropertyDICOMCurveReferencedOverlayGroup	System/Library/Frameworks/ImageIO.framework/ImageIO.tbd
_kCGImagePropertyDICOMCurveReferencedOverlaySequence	System/Library/Frameworks/ImageIO.framework/ImageIO.tbd
_kCGImagePropertyDICOMCurveTime	System/Library/Frameworks/ImageIO.framework/ImageIO.tbd
_kCGImagePropertyDICOMCustodialOrganizationSequence	System/Library/Frameworks/ImageIO.framework/ImageIO.tbd
_kCGImagePropertyDICOMCustomRendered	System/Library/Frameworks/ImageIO.framework/ImageIO.tbd
_kCGImagePropertyDICOMCylinderAxis	System/Library/Frameworks/ImageIO.framework/ImageIO.tbd
_kCGImagePropertyDICOMCylinderLensPower	System/Library/Frameworks/ImageIO.framework/ImageIO.tbd
_kCGImagePropertyDICOMCylinderPower	System/Library/Frameworks/ImageIO.framework/ImageIO.tbd
_kCGImagePropertyDICOMCylinderSequence	System/Library/Frameworks/ImageIO.framework/ImageIO.tbd
_kCGImagePropertyDICOMDACAmplitude	System/Library/Frameworks/ImageIO.framework/ImageIO.tbd
_kCGImagePropertyDICOMDACGainPoints	System/Library/Frameworks/ImageIO.framework/ImageIO.tbd
_kCGImagePropertyDICOMDACSequence	System/Library/Frameworks/ImageIO.framework/ImageIO.tbd
_kCGImagePropertyDICOMDACTimePoints	System/Library/Frameworks/ImageIO.framework/ImageIO.tbd
_kCGImagePropertyDICOMDACType	System/Library/Frameworks/ImageIO.framework/ImageIO.tbd
_kCGImagePropertyDICOMDCTLabel	System/Library/Frameworks/ImageIO.framework/ImageIO.tbd
_kCGImagePropertyDICOMDDLValue	System/Library/Frameworks/ImageIO.framework/ImageIO.tbd
_kCGImagePropertyDICOMDICOMMediaRetrievalSequence	System/Library/Frameworks/ImageIO.framework/ImageIO.tbd
_kCGImagePropertyDICOMDICOMRetrievalSequence	System/Library/Frameworks/ImageIO.framework/ImageIO.tbd
_kCGImagePropertyDICOMDICOMStorageSequence	System/Library/Frameworks/ImageIO.framework/ImageIO.tbd
_kCGImagePropertyDICOMDICOSVersion	System/Library/Frameworks/ImageIO.framework/ImageIO.tbd
_kCGImagePropertyDICOMDLPNotificationTrigger	System/Library/Frameworks/ImageIO.framework/ImageIO.tbd
_kCGImagePropertyDICOMDVHData	System/Library/Frameworks/ImageIO.framework/ImageIO.tbd
_kCGImagePropertyDICOMDVHDoseScaling	System/Library/Frameworks/ImageIO.framework/ImageIO.tbd
_kCGImagePropertyDICOMDVHMaximumDose	System/Library/Frameworks/ImageIO.framework/ImageIO.tbd
_kCGImagePropertyDICOMDVHMeanDose	System/Library/Frameworks/ImageIO.framework/ImageIO.tbd
_kCGImagePropertyDICOMDVHMinimumDose	System/Library/Frameworks/ImageIO.framework/ImageIO.tbd
_kCGImagePropertyDICOMDVHNormalizationDoseValue	System/Library/Frameworks/ImageIO.framework/ImageIO.tbd
_kCGImagePropertyDICOMDVHNormalizationPoint	System/Library/Frameworks/ImageIO.framework/ImageIO.tbd
_kCGImagePropertyDICOMDVHNumberOfBins	System/Library/Frameworks/ImageIO.framework/ImageIO.tbd
_kCGImagePropertyDICOMDVHROIContributionType	System/Library/Frameworks/ImageIO.framework/ImageIO.tbd
_kCGImagePropertyDICOMDVHReferencedROISequence	System/Library/Frameworks/ImageIO.framework/ImageIO.tbd
_kCGImagePropertyDICOMDVHSequence	System/Library/Frameworks/ImageIO.framework/ImageIO.tbd
_kCGImagePropertyDICOMDVHType	System/Library/Frameworks/ImageIO.framework/ImageIO.tbd
_kCGImagePropertyDICOMDVHVolumeUnits	System/Library/Frameworks/ImageIO.framework/ImageIO.tbd
_kCGImagePropertyDICOMDamping	System/Library/Frameworks/ImageIO.framework/ImageIO.tbd
_kCGImagePropertyDICOMDarkCurrentCounts	System/Library/Frameworks/ImageIO.framework/ImageIO.tbd
_kCGImagePropertyDICOMDarkCurrentSequence	System/Library/Frameworks/ImageIO.framework/ImageIO.tbd
_kCGImagePropertyDICOMDataBlock	System/Library/Frameworks/ImageIO.framework/ImageIO.tbd
_kCGImagePropertyDICOMDataBlockDescription	System/Library/Frameworks/ImageIO.framework/ImageIO.tbd
_kCGImagePropertyDICOMDataCollectionCenterPatient	System/Library/Frameworks/ImageIO.framework/ImageIO.tbd
_kCGImagePropertyDICOMDataCollectionDiameter	System/Library/Frameworks/ImageIO.framework/ImageIO.tbd
_kCGImagePropertyDICOMDataElement	System/Library/Frameworks/ImageIO.framework/ImageIO.tbd
_kCGImagePropertyDICOMDataElementConditionality	System/Library/Frameworks/ImageIO.framework/ImageIO.tbd
_kCGImagePropertyDICOMDataElementDescription	System/Library/Frameworks/ImageIO.framework/ImageIO.tbd
_kCGImagePropertyDICOMDataElementLabelItemSequence	System/Library/Frameworks/ImageIO.framework/ImageIO.tbd
_kCGImagePropertyDICOMDataElementLabelSequence	System/Library/Frameworks/ImageIO.framework/ImageIO.tbd
_kCGImagePropertyDICOMDataElementMaximumCharacters	System/Library/Frameworks/ImageIO.framework/ImageIO.tbd
_kCGImagePropertyDICOMDataElementMinimumCharacters	System/Library/Frameworks/ImageIO.framework/ImageIO.tbd
_kCGImagePropertyDICOMDataElementName	System/Library/Frameworks/ImageIO.framework/ImageIO.tbd
_kCGImagePropertyDICOMDataElementsSigned	System/Library/Frameworks/ImageIO.framework/ImageIO.tbd
_kCGImagePropertyDICOMDataFrameAssignmentSequence	System/Library/Frameworks/ImageIO.framework/ImageIO.tbd
_kCGImagePropertyDICOMDataInformationSequence	System/Library/Frameworks/ImageIO.framework/ImageIO.tbd
_kCGImagePropertyDICOMDataObservationSequence	System/Library/Frameworks/ImageIO.framework/ImageIO.tbd
_kCGImagePropertyDICOMDataPathAssignment	System/Library/Frameworks/ImageIO.framework/ImageIO.tbd
_kCGImagePropertyDICOMDataPathID	System/Library/Frameworks/ImageIO.framework/ImageIO.tbd
_kCGImagePropertyDICOMDataPointColumns	System/Library/Frameworks/ImageIO.framework/ImageIO.tbd
_kCGImagePropertyDICOMDataPointRows	System/Library/Frameworks/ImageIO.framework/ImageIO.tbd
_kCGImagePropertyDICOMDataRepresentation	System/Library/Frameworks/ImageIO.framework/ImageIO.tbd
_kCGImagePropertyDICOMDataSetDescription	System/Library/Frameworks/ImageIO.framework/ImageIO.tbd
_kCGImagePropertyDICOMDataSetName	System/Library/Frameworks/ImageIO.framework/ImageIO.tbd
_kCGImagePropertyDICOMDataSetSource	System/Library/Frameworks/ImageIO.framework/ImageIO.tbd
_kCGImagePropertyDICOMDataSetSubtype	System/Library/Frameworks/ImageIO.framework/ImageIO.tbd
_kCGImagePropertyDICOMDataSetTrailingPadding	System/Library/Frameworks/ImageIO.framework/ImageIO.tbd
_kCGImagePropertyDICOMDataSetType	System/Library/Frameworks/ImageIO.framework/ImageIO.tbd
_kCGImagePropertyDICOMDataSetVersion	System/Library/Frameworks/ImageIO.framework/ImageIO.tbd
_kCGImagePropertyDICOMDataType	System/Library/Frameworks/ImageIO.framework/ImageIO.tbd
_kCGImagePropertyDICOMDataValueRepresentation	System/Library/Frameworks/ImageIO.framework/ImageIO.tbd
_kCGImagePropertyDICOMDate	System/Library/Frameworks/ImageIO.framework/ImageIO.tbd
_kCGImagePropertyDICOMDateOfDocumentOrVerbalTransactionTrial	System/Library/Frameworks/ImageIO.framework/ImageIO.tbd
_kCGImagePropertyDICOMDateOfGainCalibration	System/Library/Frameworks/ImageIO.framework/ImageIO.tbd
_kCGImagePropertyDICOMDateOfInstallation	System/Library/Frameworks/ImageIO.framework/ImageIO.tbd
_kCGImagePropertyDICOMDateOfLastCalibration	System/Library/Frameworks/ImageIO.framework/ImageIO.tbd
_kCGImagePropertyDICOMDateOfLastDetectorCalibration	System/Library/Frameworks/ImageIO.framework/ImageIO.tbd
_kCGImagePropertyDICOMDateOfManufacture	System/Library/Frameworks/ImageIO.framework/ImageIO.tbd
_kCGImagePropertyDICOMDateOfSecondaryCapture	System/Library/Frameworks/ImageIO.framework/ImageIO.tbd
_kCGImagePropertyDICOMDateTime	System/Library/Frameworks/ImageIO.framework/ImageIO.tbd
_kCGImagePropertyDICOMDateTimeOfLastCalibration	System/Library/Frameworks/ImageIO.framework/ImageIO.tbd
_kCGImagePropertyDICOMDeadTimeCorrected	System/Library/Frameworks/ImageIO.framework/ImageIO.tbd
_kCGImagePropertyDICOMDeadTimeCorrectionFlag	System/Library/Frameworks/ImageIO.framework/ImageIO.tbd
_kCGImagePropertyDICOMDeadTimeFactor	System/Library/Frameworks/ImageIO.framework/ImageIO.tbd
_kCGImagePropertyDICOMDecayCorrected	System/Library/Frameworks/ImageIO.framework/ImageIO.tbd
_kCGImagePropertyDICOMDecayCorrection	System/Library/Frameworks/ImageIO.framework/ImageIO.tbd
_kCGImagePropertyDICOMDecayCorrectionDateTime	System/Library/Frameworks/ImageIO.framework/ImageIO.tbd
_kCGImagePropertyDICOMDecayFactor	System/Library/Frameworks/ImageIO.framework/ImageIO.tbd
_kCGImagePropertyDICOMDecimalPotentialVisualAcuity	System/Library/Frameworks/ImageIO.framework/ImageIO.tbd
_kCGImagePropertyDICOMDecimalVisualAcuity	System/Library/Frameworks/ImageIO.framework/ImageIO.tbd
_kCGImagePropertyDICOMDecimateCropResult	System/Library/Frameworks/ImageIO.framework/ImageIO.tbd
_kCGImagePropertyDICOMDecompositionAlgorithmIdentificationSequence	System/Library/Frameworks/ImageIO.framework/ImageIO.tbd
_kCGImagePropertyDICOMDecompositionDescription	System/Library/Frameworks/ImageIO.framework/ImageIO.tbd
_kCGImagePropertyDICOMDecompositionMaterialSequence	System/Library/Frameworks/ImageIO.framework/ImageIO.tbd
_kCGImagePropertyDICOMDecompositionMethod	System/Library/Frameworks/ImageIO.framework/ImageIO.tbd
_kCGImagePropertyDICOMDecoupledNucleus	System/Library/Frameworks/ImageIO.framework/ImageIO.tbd
_kCGImagePropertyDICOMDecoupling	System/Library/Frameworks/ImageIO.framework/ImageIO.tbd
_kCGImagePropertyDICOMDecouplingChemicalShiftReference	System/Library/Frameworks/ImageIO.framework/ImageIO.tbd
_kCGImagePropertyDICOMDecouplingFrequency	System/Library/Frameworks/ImageIO.framework/ImageIO.tbd
_kCGImagePropertyDICOMDecouplingMethod	System/Library/Frameworks/ImageIO.framework/ImageIO.tbd
_kCGImagePropertyDICOMDefaultMagnificationType	System/Library/Frameworks/ImageIO.framework/ImageIO.tbd
_kCGImagePropertyDICOMDefaultPrinterResolutionID	System/Library/Frameworks/ImageIO.framework/ImageIO.tbd
_kCGImagePropertyDICOMDefaultSmoothingType	System/Library/Frameworks/ImageIO.framework/ImageIO.tbd
_kCGImagePropertyDICOMDefinitionSourceSequence	System/Library/Frameworks/ImageIO.framework/ImageIO.tbd
_kCGImagePropertyDICOMDeformableRegistrationGridSequence	System/Library/Frameworks/ImageIO.framework/ImageIO.tbd
_kCGImagePropertyDICOMDeformableRegistrationSequence	System/Library/Frameworks/ImageIO.framework/ImageIO.tbd
_kCGImagePropertyDICOMDegreeOfDilation	System/Library/Frameworks/ImageIO.framework/ImageIO.tbd
_kCGImagePropertyDICOMDegreeOfFreedomID	System/Library/Frameworks/ImageIO.framework/ImageIO.tbd
_kCGImagePropertyDICOMDegreeOfFreedomType	System/Library/Frameworks/ImageIO.framework/ImageIO.tbd
_kCGImagePropertyDICOMDeidentificationAction	System/Library/Frameworks/ImageIO.framework/ImageIO.tbd
_kCGImagePropertyDICOMDeidentificationActionSequence	System/Library/Frameworks/ImageIO.framework/ImageIO.tbd
_kCGImagePropertyDICOMDeidentificationMethod	System/Library/Frameworks/ImageIO.framework/ImageIO.tbd
_kCGImagePropertyDICOMDeidentificationMethodCodeSequence	System/Library/Frameworks/ImageIO.framework/ImageIO.tbd
_kCGImagePropertyDICOMDelayLawIdentifier	System/Library/Frameworks/ImageIO.framework/ImageIO.tbd
_kCGImagePropertyDICOMDeletionLock	System/Library/Frameworks/ImageIO.framework/ImageIO.tbd
_kCGImagePropertyDICOMDelineatedRadiationFieldSize	System/Library/Frameworks/ImageIO.framework/ImageIO.tbd
_kCGImagePropertyDICOMDeliveredChannelTotalTime	System/Library/Frameworks/ImageIO.framework/ImageIO.tbd
_kCGImagePropertyDICOMDeliveredDepthDoseParametersSequence	System/Library/Frameworks/ImageIO.framework/ImageIO.tbd
_kCGImagePropertyDICOMDeliveredDistalDepth	System/Library/Frameworks/ImageIO.framework/ImageIO.tbd
_kCGImagePropertyDICOMDeliveredDistalDepthFraction	System/Library/Frameworks/ImageIO.framework/ImageIO.tbd
_kCGImagePropertyDICOMDeliveredMeterset	System/Library/Frameworks/ImageIO.framework/ImageIO.tbd
_kCGImagePropertyDICOMDeliveredNominalRangeModulatedRegionDepths	System/Library/Frameworks/ImageIO.framework/ImageIO.tbd
_kCGImagePropertyDICOMDeliveredNominalRangeModulationFractions	System/Library/Frameworks/ImageIO.framework/ImageIO.tbd
_kCGImagePropertyDICOMDeliveredNumberOfPulses	System/Library/Frameworks/ImageIO.framework/ImageIO.tbd
_kCGImagePropertyDICOMDeliveredPrimaryMeterset	System/Library/Frameworks/ImageIO.framework/ImageIO.tbd
_kCGImagePropertyDICOMDeliveredPulseRepetitionInterval	System/Library/Frameworks/ImageIO.framework/ImageIO.tbd
_kCGImagePropertyDICOMDeliveredReferenceDoseDefinition	System/Library/Frameworks/ImageIO.framework/ImageIO.tbd
_kCGImagePropertyDICOMDeliveredSecondaryMeterset	System/Library/Frameworks/ImageIO.framework/ImageIO.tbd
_kCGImagePropertyDICOMDeliveredTreatmentTime	System/Library/Frameworks/ImageIO.framework/ImageIO.tbd
_kCGImagePropertyDICOMDeliveryMaximumDose	System/Library/Frameworks/ImageIO.framework/ImageIO.tbd
_kCGImagePropertyDICOMDeliveryRate	System/Library/Frameworks/ImageIO.framework/ImageIO.tbd
_kCGImagePropertyDICOMDeliveryRateUnitSequence	System/Library/Frameworks/ImageIO.framework/ImageIO.tbd
_kCGImagePropertyDICOMDeliveryTimeStructureCodeSequence	System/Library/Frameworks/ImageIO.framework/ImageIO.tbd
_kCGImagePropertyDICOMDeliveryVerificationImageSequence	System/Library/Frameworks/ImageIO.framework/ImageIO.tbd
_kCGImagePropertyDICOMDeliveryWarningDose	System/Library/Frameworks/ImageIO.framework/ImageIO.tbd
_kCGImagePropertyDICOMDensity	System/Library/Frameworks/ImageIO.framework/ImageIO.tbd
_kCGImagePropertyDICOMDepthDoseParametersSequence	System/Library/Frameworks/ImageIO.framework/ImageIO.tbd
_kCGImagePropertyDICOMDepthOfScanField	System/Library/Frameworks/ImageIO.framework/ImageIO.tbd
_kCGImagePropertyDICOMDepthOfTransverseImage	System/Library/Frameworks/ImageIO.framework/ImageIO.tbd
_kCGImagePropertyDICOMDepthSpatialResolution	System/Library/Frameworks/ImageIO.framework/ImageIO.tbd
_kCGImagePropertyDICOMDepthValueAveragingFlag	System/Library/Frameworks/ImageIO.framework/ImageIO.tbd
_kCGImagePropertyDICOMDepthsOfFocus	System/Library/Frameworks/ImageIO.framework/ImageIO.tbd
_kCGImagePropertyDICOMDerivationAlgorithmSequence	System/Library/Frameworks/ImageIO.framework/ImageIO.tbd
_kCGImagePropertyDICOMDerivationCodeSequence	System/Library/Frameworks/ImageIO.framework/ImageIO.tbd
_kCGImagePropertyDICOMDerivationConceptualVolumeSequence	System/Library/Frameworks/ImageIO.framework/ImageIO.tbd
_kCGImagePropertyDICOMDerivationDescription	System/Library/Frameworks/ImageIO.framework/ImageIO.tbd
_kCGImagePropertyDICOMDerivationImageSequence	System/Library/Frameworks/ImageIO.framework/ImageIO.tbd
_kCGImagePropertyDICOMDerivationImplantAssemblyTemplateSequence	System/Library/Frameworks/ImageIO.framework/ImageIO.tbd
_kCGImagePropertyDICOMDerivationImplantTemplateSequence	System/Library/Frameworks/ImageIO.framework/ImageIO.tbd
_kCGImagePropertyDICOMDestinationAE	System/Library/Frameworks/ImageIO.framework/ImageIO.tbd
_kCGImagePropertyDICOMDetailsOfCoefficients	System/Library/Frameworks/ImageIO.framework/ImageIO.tbd
_kCGImagePropertyDICOMDetectorActivationOffsetFromExposure	System/Library/Frameworks/ImageIO.framework/ImageIO.tbd
_kCGImagePropertyDICOMDetectorActiveAreaOrientation	System/Library/Frameworks/ImageIO.framework/ImageIO.tbd
_kCGImagePropertyDICOMDetectorActiveAreaTLHCPosition	System/Library/Frameworks/ImageIO.framework/ImageIO.tbd
_kCGImagePropertyDICOMDetectorActiveDimensions	System/Library/Frameworks/ImageIO.framework/ImageIO.tbd
_kCGImagePropertyDICOMDetectorActiveOrigin	System/Library/Frameworks/ImageIO.framework/ImageIO.tbd
_kCGImagePropertyDICOMDetectorActiveShape	System/Library/Frameworks/ImageIO.framework/ImageIO.tbd
_kCGImagePropertyDICOMDetectorActiveTime	System/Library/Frameworks/ImageIO.framework/ImageIO.tbd
_kCGImagePropertyDICOMDetectorBinning	System/Library/Frameworks/ImageIO.framework/ImageIO.tbd
_kCGImagePropertyDICOMDetectorCalibrationData	System/Library/Frameworks/ImageIO.framework/ImageIO.tbd
_kCGImagePropertyDICOMDetectorConditionsNominalFlag	System/Library/Frameworks/ImageIO.framework/ImageIO.tbd
_kCGImagePropertyDICOMDetectorConfiguration	System/Library/Frameworks/ImageIO.framework/ImageIO.tbd
_kCGImagePropertyDICOMDetectorDescription	System/Library/Frameworks/ImageIO.framework/ImageIO.tbd
_kCGImagePropertyDICOMDetectorElementPhysicalSize	System/Library/Frameworks/ImageIO.framework/ImageIO.tbd
_kCGImagePropertyDICOMDetectorElementSize	System/Library/Frameworks/ImageIO.framework/ImageIO.tbd
_kCGImagePropertyDICOMDetectorElementSpacing	System/Library/Frameworks/ImageIO.framework/ImageIO.tbd
_kCGImagePropertyDICOMDetectorGeometry	System/Library/Frameworks/ImageIO.framework/ImageIO.tbd
_kCGImagePropertyDICOMDetectorGeometrySequence	System/Library/Frameworks/ImageIO.framework/ImageIO.tbd
_kCGImagePropertyDICOMDetectorID	System/Library/Frameworks/ImageIO.framework/ImageIO.tbd
_kCGImagePropertyDICOMDetectorInformationSequence	System/Library/Frameworks/ImageIO.framework/ImageIO.tbd
_kCGImagePropertyDICOMDetectorIsocenterPrimaryAngle	System/Library/Frameworks/ImageIO.framework/ImageIO.tbd
_kCGImagePropertyDICOMDetectorIsocenterSecondaryAngle	System/Library/Frameworks/ImageIO.framework/ImageIO.tbd
_kCGImagePropertyDICOMDetectorLinesOfResponseUsed	System/Library/Frameworks/ImageIO.framework/ImageIO.tbd
_kCGImagePropertyDICOMDetectorManufacturerModelName	System/Library/Frameworks/ImageIO.framework/ImageIO.tbd
_kCGImagePropertyDICOMDetectorManufacturerName	System/Library/Frameworks/ImageIO.framework/ImageIO.tbd
_kCGImagePropertyDICOMDetectorMode	System/Library/Frameworks/ImageIO.framework/ImageIO.tbd
_kCGImagePropertyDICOMDetectorNormalizationCorrection	System/Library/Frameworks/ImageIO.framework/ImageIO.tbd
_kCGImagePropertyDICOMDetectorPositionSequence	System/Library/Frameworks/ImageIO.framework/ImageIO.tbd
_kCGImagePropertyDICOMDetectorPositioningType	System/Library/Frameworks/ImageIO.framework/ImageIO.tbd
_kCGImagePropertyDICOMDetectorPrimaryAngle	System/Library/Frameworks/ImageIO.framework/ImageIO.tbd
_kCGImagePropertyDICOMDetectorSecondaryAngle	System/Library/Frameworks/ImageIO.framework/ImageIO.tbd
_kCGImagePropertyDICOMDetectorTemperature	System/Library/Frameworks/ImageIO.framework/ImageIO.tbd
_kCGImagePropertyDICOMDetectorTemperatureSequence	System/Library/Frameworks/ImageIO.framework/ImageIO.tbd
_kCGImagePropertyDICOMDetectorTimeSinceLastExposure	System/Library/Frameworks/ImageIO.framework/ImageIO.tbd
_kCGImagePropertyDICOMDetectorType	System/Library/Frameworks/ImageIO.framework/ImageIO.tbd
_kCGImagePropertyDICOMDetectorVector	System/Library/Frameworks/ImageIO.framework/ImageIO.tbd
_kCGImagePropertyDICOMDetectorXPositionToIsocenter	System/Library/Frameworks/ImageIO.framework/ImageIO.tbd
_kCGImagePropertyDICOMDetectorYPositionToIsocenter	System/Library/Frameworks/ImageIO.framework/ImageIO.tbd
_kCGImagePropertyDICOMDetectorZPositionToIsocenter	System/Library/Frameworks/ImageIO.framework/ImageIO.tbd
_kCGImagePropertyDICOMDeviationIndex	System/Library/Frameworks/ImageIO.framework/ImageIO.tbd
_kCGImagePropertyDICOMDeviceAlternateIdentifier	System/Library/Frameworks/ImageIO.framework/ImageIO.tbd
_kCGImagePropertyDICOMDeviceAlternateIdentifierFormat	System/Library/Frameworks/ImageIO.framework/ImageIO.tbd
_kCGImagePropertyDICOMDeviceAlternateIdentifierType	System/Library/Frameworks/ImageIO.framework/ImageIO.tbd
_kCGImagePropertyDICOMDeviceDescription	System/Library/Frameworks/ImageIO.framework/ImageIO.tbd
_kCGImagePropertyDICOMDeviceDiameter	System/Library/Frameworks/ImageIO.framework/ImageIO.tbd
_kCGImagePropertyDICOMDeviceDiameterUnits	System/Library/Frameworks/ImageIO.framework/ImageIO.tbd
_kCGImagePropertyDICOMDeviceID	System/Library/Frameworks/ImageIO.framework/ImageIO.tbd
_kCGImagePropertyDICOMDeviceIndex	System/Library/Frameworks/ImageIO.framework/ImageIO.tbd
_kCGImagePropertyDICOMDeviceLabel	System/Library/Frameworks/ImageIO.framework/ImageIO.tbd
_kCGImagePropertyDICOMDeviceLength	System/Library/Frameworks/ImageIO.framework/ImageIO.tbd
_kCGImagePropertyDICOMDeviceMotionControlSequence	System/Library/Frameworks/ImageIO.framework/ImageIO.tbd
_kCGImagePropertyDICOMDeviceMotionExecutionMode	System/Library/Frameworks/ImageIO.framework/ImageIO.tbd
_kCGImagePropertyDICOMDeviceMotionObservationMode	System/Library/Frameworks/ImageIO.framework/ImageIO.tbd
_kCGImagePropertyDICOMDeviceMotionParameterCodeSequence	System/Library/Frameworks/ImageIO.framework/ImageIO.tbd
_kCGImagePropertyDICOMDeviceOrderIndex	System/Library/Frameworks/ImageIO.framework/ImageIO.tbd
_kCGImagePropertyDICOMDevicePositionParameterSequence	System/Library/Frameworks/ImageIO.framework/ImageIO.tbd
_kCGImagePropertyDICOMDevicePositionToEquipmentMappingMatrix	System/Library/Frameworks/ImageIO.framework/ImageIO.tbd
_kCGImagePropertyDICOMDeviceSequence	System/Library/Frameworks/ImageIO.framework/ImageIO.tbd
_kCGImagePropertyDICOMDeviceSerialNumber	System/Library/Frameworks/ImageIO.framework/ImageIO.tbd
_kCGImagePropertyDICOMDeviceSettingDescription	System/Library/Frameworks/ImageIO.framework/ImageIO.tbd
_kCGImagePropertyDICOMDeviceSpecificAcquisitionParameterSequence	System/Library/Frameworks/ImageIO.framework/ImageIO.tbd
_kCGImagePropertyDICOMDeviceTypeCodeSequence	System/Library/Frameworks/ImageIO.framework/ImageIO.tbd
_kCGImagePropertyDICOMDeviceUID	System/Library/Frameworks/ImageIO.framework/ImageIO.tbd
_kCGImagePropertyDICOMDeviceVolume	System/Library/Frameworks/ImageIO.framework/ImageIO.tbd
_kCGImagePropertyDICOMDiameterOfCircularOutline	System/Library/Frameworks/ImageIO.framework/ImageIO.tbd
_kCGImagePropertyDICOMDiameterOfVisibility	System/Library/Frameworks/ImageIO.framework/ImageIO.tbd
_kCGImagePropertyDICOMDiaphragmPosition	System/Library/Frameworks/ImageIO.framework/ImageIO.tbd
_kCGImagePropertyDICOMDictionary	System/Library/Frameworks/ImageIO.framework/ImageIO.tbd
_kCGImagePropertyDICOMDiffuseReflectionIntensity	System/Library/Frameworks/ImageIO.framework/ImageIO.tbd
_kCGImagePropertyDICOMDiffusionAcquisitionCodeSequence	System/Library/Frameworks/ImageIO.framework/ImageIO.tbd
_kCGImagePropertyDICOMDiffusionAnisotropyType	System/Library/Frameworks/ImageIO.framework/ImageIO.tbd
_kCGImagePropertyDICOMDiffusionBMatrixSequence	System/Library/Frameworks/ImageIO.framework/ImageIO.tbd
_kCGImagePropertyDICOMDiffusionBValue	System/Library/Frameworks/ImageIO.framework/ImageIO.tbd
_kCGImagePropertyDICOMDiffusionBValueXX	System/Library/Frameworks/ImageIO.framework/ImageIO.tbd
_kCGImagePropertyDICOMDiffusionBValueXY	System/Library/Frameworks/ImageIO.framework/ImageIO.tbd
_kCGImagePropertyDICOMDiffusionBValueXZ	System/Library/Frameworks/ImageIO.framework/ImageIO.tbd
_kCGImagePropertyDICOMDiffusionBValueYY	System/Library/Frameworks/ImageIO.framework/ImageIO.tbd
_kCGImagePropertyDICOMDiffusionBValueYZ	System/Library/Frameworks/ImageIO.framework/ImageIO.tbd
_kCGImagePropertyDICOMDiffusionBValueZZ	System/Library/Frameworks/ImageIO.framework/ImageIO.tbd
_kCGImagePropertyDICOMDiffusionDirectionality	System/Library/Frameworks/ImageIO.framework/ImageIO.tbd
_kCGImagePropertyDICOMDiffusionGradientDirectionSequence	System/Library/Frameworks/ImageIO.framework/ImageIO.tbd
_kCGImagePropertyDICOMDiffusionGradientOrientation	System/Library/Frameworks/ImageIO.framework/ImageIO.tbd
_kCGImagePropertyDICOMDiffusionModelCodeSequence	System/Library/Frameworks/ImageIO.framework/ImageIO.tbd
_kCGImagePropertyDICOMDigitalFilterCharacteristicsSequence	System/Library/Frameworks/ImageIO.framework/ImageIO.tbd
_kCGImagePropertyDICOMDigitalFilterOrder	System/Library/Frameworks/ImageIO.framework/ImageIO.tbd
_kCGImagePropertyDICOMDigitalFilterTypeCodeSequence	System/Library/Frameworks/ImageIO.framework/ImageIO.tbd
_kCGImagePropertyDICOMDigitalImageFormatAcquired	System/Library/Frameworks/ImageIO.framework/ImageIO.tbd
_kCGImagePropertyDICOMDigitalSignatureDateTime	System/Library/Frameworks/ImageIO.framework/ImageIO.tbd
_kCGImagePropertyDICOMDigitalSignaturePurposeCodeSequence	System/Library/Frameworks/ImageIO.framework/ImageIO.tbd
_kCGImagePropertyDICOMDigitalSignatureUID	System/Library/Frameworks/ImageIO.framework/ImageIO.tbd
_kCGImagePropertyDICOMDigitalSignaturesSequence	System/Library/Frameworks/ImageIO.framework/ImageIO.tbd
_kCGImagePropertyDICOMDigitalZoomRatio	System/Library/Frameworks/ImageIO.framework/ImageIO.tbd
_kCGImagePropertyDICOMDigitizingDeviceTransportDirection	System/Library/Frameworks/ImageIO.framework/ImageIO.tbd
_kCGImagePropertyDICOMDimensionDescriptionLabel	System/Library/Frameworks/ImageIO.framework/ImageIO.tbd
_kCGImagePropertyDICOMDimensionIndexPointer	System/Library/Frameworks/ImageIO.framework/ImageIO.tbd
_kCGImagePropertyDICOMDimensionIndexPrivateCreator	System/Library/Frameworks/ImageIO.framework/ImageIO.tbd
_kCGImagePropertyDICOMDimensionIndexSequence	System/Library/Frameworks/ImageIO.framework/ImageIO.tbd
_kCGImagePropertyDICOMDimensionIndexValues	System/Library/Frameworks/ImageIO.framework/ImageIO.tbd
_kCGImagePropertyDICOMDimensionOrganizationSequence	System/Library/Frameworks/ImageIO.framework/ImageIO.tbd
_kCGImagePropertyDICOMDimensionOrganizationType	System/Library/Frameworks/ImageIO.framework/ImageIO.tbd
_kCGImagePropertyDICOMDimensionOrganizationUID	System/Library/Frameworks/ImageIO.framework/ImageIO.tbd
_kCGImagePropertyDICOMDirectSegmentReferenceSequence	System/Library/Frameworks/ImageIO.framework/ImageIO.tbd
_kCGImagePropertyDICOMDirectoryRecordSequence	System/Library/Frameworks/ImageIO.framework/ImageIO.tbd
_kCGImagePropertyDICOMDirectoryRecordType	System/Library/Frameworks/ImageIO.framework/ImageIO.tbd
_kCGImagePropertyDICOMDischargeDate	System/Library/Frameworks/ImageIO.framework/ImageIO.tbd
_kCGImagePropertyDICOMDischargeDiagnosisCodeSequence	System/Library/Frameworks/ImageIO.framework/ImageIO.tbd
_kCGImagePropertyDICOMDischargeDiagnosisDescription	System/Library/Frameworks/ImageIO.framework/ImageIO.tbd
_kCGImagePropertyDICOMDischargeTime	System/Library/Frameworks/ImageIO.framework/ImageIO.tbd
_kCGImagePropertyDICOMDisplacementMatrix	System/Library/Frameworks/ImageIO.framework/ImageIO.tbd
_kCGImagePropertyDICOMDisplacementReferenceLabel	System/Library/Frameworks/ImageIO.framework/ImageIO.tbd
_kCGImagePropertyDICOMDisplacementReferenceLocationCodeSequence	System/Library/Frameworks/ImageIO.framework/ImageIO.tbd
_kCGImagePropertyDICOMDisplayCalibrationResultSequence	System/Library/Frameworks/ImageIO.framework/ImageIO.tbd
_kCGImagePropertyDICOMDisplayDeviceTypeCodeSequence	System/Library/Frameworks/ImageIO.framework/ImageIO.tbd
_kCGImagePropertyDICOMDisplayEnvironmentSpatialPosition	System/Library/Frameworks/ImageIO.framework/ImageIO.tbd
_kCGImagePropertyDICOMDisplayFilterPercentage	System/Library/Frameworks/ImageIO.framework/ImageIO.tbd
_kCGImagePropertyDICOMDisplayFunctionType	System/Library/Frameworks/ImageIO.framework/ImageIO.tbd
_kCGImagePropertyDICOMDisplaySetHorizontalJustification	System/Library/Frameworks/ImageIO.framework/ImageIO.tbd
_kCGImagePropertyDICOMDisplaySetLabel	System/Library/Frameworks/ImageIO.framework/ImageIO.tbd
_kCGImagePropertyDICOMDisplaySetNumber	System/Library/Frameworks/ImageIO.framework/ImageIO.tbd
_kCGImagePropertyDICOMDisplaySetPatientOrientation	System/Library/Frameworks/ImageIO.framework/ImageIO.tbd
_kCGImagePropertyDICOMDisplaySetPresentationGroup	System/Library/Frameworks/ImageIO.framework/ImageIO.tbd
_kCGImagePropertyDICOMDisplaySetPresentationGroupDescription	System/Library/Frameworks/ImageIO.framework/ImageIO.tbd
_kCGImagePropertyDICOMDisplaySetScrollingGroup	System/Library/Frameworks/ImageIO.framework/ImageIO.tbd
_kCGImagePropertyDICOMDisplaySetVerticalJustification	System/Library/Frameworks/ImageIO.framework/ImageIO.tbd
_kCGImagePropertyDICOMDisplaySetsSequence	System/Library/Frameworks/ImageIO.framework/ImageIO.tbd
_kCGImagePropertyDICOMDisplayShadingFlag	System/Library/Frameworks/ImageIO.framework/ImageIO.tbd
_kCGImagePropertyDICOMDisplaySubsystemConfigurationSequence	System/Library/Frameworks/ImageIO.framework/ImageIO.tbd
_kCGImagePropertyDICOMDisplaySubsystemDescription	System/Library/Frameworks/ImageIO.framework/ImageIO.tbd
_kCGImagePropertyDICOMDisplaySubsystemID	System/Library/Frameworks/ImageIO.framework/ImageIO.tbd
_kCGImagePropertyDICOMDisplaySubsystemName	System/Library/Frameworks/ImageIO.framework/ImageIO.tbd
_kCGImagePropertyDICOMDisplaySubsystemQAResultsSequence	System/Library/Frameworks/ImageIO.framework/ImageIO.tbd
_kCGImagePropertyDICOMDisplaySubsystemSequence	System/Library/Frameworks/ImageIO.framework/ImageIO.tbd
_kCGImagePropertyDICOMDisplayWindowLabelVector	System/Library/Frameworks/ImageIO.framework/ImageIO.tbd
_kCGImagePropertyDICOMDisplayedAreaBottomRightHandCorner	System/Library/Frameworks/ImageIO.framework/ImageIO.tbd
_kCGImagePropertyDICOMDisplayedAreaBottomRightHandCornerTrial	System/Library/Frameworks/ImageIO.framework/ImageIO.tbd
_kCGImagePropertyDICOMDisplayedAreaSelectionSequence	System/Library/Frameworks/ImageIO.framework/ImageIO.tbd
_kCGImagePropertyDICOMDisplayedAreaTopLeftHandCorner	System/Library/Frameworks/ImageIO.framework/ImageIO.tbd
_kCGImagePropertyDICOMDisplayedAreaTopLeftHandCornerTrial	System/Library/Frameworks/ImageIO.framework/ImageIO.tbd
_kCGImagePropertyDICOMDisplayedZValue	System/Library/Frameworks/ImageIO.framework/ImageIO.tbd
_kCGImagePropertyDICOMDistalDepth	System/Library/Frameworks/ImageIO.framework/ImageIO.tbd
_kCGImagePropertyDICOMDistalDepthFraction	System/Library/Frameworks/ImageIO.framework/ImageIO.tbd
_kCGImagePropertyDICOMDistanceBetweenBscanSlabs	System/Library/Frameworks/ImageIO.framework/ImageIO.tbd
_kCGImagePropertyDICOMDistanceBetweenFocalPlanes	System/Library/Frameworks/ImageIO.framework/ImageIO.tbd
_kCGImagePropertyDICOMDistanceObjectToTableTop	System/Library/Frameworks/ImageIO.framework/ImageIO.tbd
_kCGImagePropertyDICOMDistancePupillaryDistance	System/Library/Frameworks/ImageIO.framework/ImageIO.tbd
_kCGImagePropertyDICOMDistanceReceptorPlaneToDetectorHousing	System/Library/Frameworks/ImageIO.framework/ImageIO.tbd
_kCGImagePropertyDICOMDistanceSourceToDataCollectionCenter	System/Library/Frameworks/ImageIO.framework/ImageIO.tbd
_kCGImagePropertyDICOMDistanceSourceToDetector	System/Library/Frameworks/ImageIO.framework/ImageIO.tbd
_kCGImagePropertyDICOMDistanceSourceToEntrance	System/Library/Frameworks/ImageIO.framework/ImageIO.tbd
_kCGImagePropertyDICOMDistanceSourceToIsocenter	System/Library/Frameworks/ImageIO.framework/ImageIO.tbd
_kCGImagePropertyDICOMDistanceSourceToPatient	System/Library/Frameworks/ImageIO.framework/ImageIO.tbd
_kCGImagePropertyDICOMDistanceSourceToSupport	System/Library/Frameworks/ImageIO.framework/ImageIO.tbd
_kCGImagePropertyDICOMDistributionAddress	System/Library/Frameworks/ImageIO.framework/ImageIO.tbd
_kCGImagePropertyDICOMDistributionName	System/Library/Frameworks/ImageIO.framework/ImageIO.tbd
_kCGImagePropertyDICOMDistributionType	System/Library/Frameworks/ImageIO.framework/ImageIO.tbd
_kCGImagePropertyDICOMDocumentAuthorIdentifierCodeSequenceTrial	System/Library/Frameworks/ImageIO.framework/ImageIO.tbd
_kCGImagePropertyDICOMDocumentAuthorTrial	System/Library/Frameworks/ImageIO.framework/ImageIO.tbd
_kCGImagePropertyDICOMDocumentClassCodeSequence	System/Library/Frameworks/ImageIO.framework/ImageIO.tbd
_kCGImagePropertyDICOMDocumentIdentifierCodeSequenceTrial	System/Library/Frameworks/ImageIO.framework/ImageIO.tbd
_kCGImagePropertyDICOMDocumentTitle	System/Library/Frameworks/ImageIO.framework/ImageIO.tbd
_kCGImagePropertyDICOMDocumentingObserverIdentifierCodeSequenceTrial	System/Library/Frameworks/ImageIO.framework/ImageIO.tbd
_kCGImagePropertyDICOMDocumentingOrganizationIdentifierCodeSequenceTrial	System/Library/Frameworks/ImageIO.framework/ImageIO.tbd
_kCGImagePropertyDICOMDopplerCorrectionAngle	System/Library/Frameworks/ImageIO.framework/ImageIO.tbd
_kCGImagePropertyDICOMDopplerSampleVolumeXPosition	System/Library/Frameworks/ImageIO.framework/ImageIO.tbd
_kCGImagePropertyDICOMDopplerSampleVolumeXPositionRetired	System/Library/Frameworks/ImageIO.framework/ImageIO.tbd
_kCGImagePropertyDICOMDopplerSampleVolumeYPosition	System/Library/Frameworks/ImageIO.framework/ImageIO.tbd
_kCGImagePropertyDICOMDopplerSampleVolumeYPositionRetired	System/Library/Frameworks/ImageIO.framework/ImageIO.tbd
_kCGImagePropertyDICOMDoseCalibrationConditionsSequence	System/Library/Frameworks/ImageIO.framework/ImageIO.tbd
_kCGImagePropertyDICOMDoseCalibrationConditionsVerifiedFlag	System/Library/Frameworks/ImageIO.framework/ImageIO.tbd
_kCGImagePropertyDICOMDoseCalibrationFactor	System/Library/Frameworks/ImageIO.framework/ImageIO.tbd
_kCGImagePropertyDICOMDoseComment	System/Library/Frameworks/ImageIO.framework/ImageIO.tbd
_kCGImagePropertyDICOMDoseGridScaling	System/Library/Frameworks/ImageIO.framework/ImageIO.tbd
_kCGImagePropertyDICOMDoseMeasurementDeviceCodeSequence	System/Library/Frameworks/ImageIO.framework/ImageIO.tbd
_kCGImagePropertyDICOMDoseModeName	System/Library/Frameworks/ImageIO.framework/ImageIO.tbd
_kCGImagePropertyDICOMDoseRateDelivered	System/Library/Frameworks/ImageIO.framework/ImageIO.tbd
_kCGImagePropertyDICOMDoseRateSet	System/Library/Frameworks/ImageIO.framework/ImageIO.tbd
_kCGImagePropertyDICOMDoseReferenceDescription	System/Library/Frameworks/ImageIO.framework/ImageIO.tbd
_kCGImagePropertyDICOMDoseReferenceNumber	System/Library/Frameworks/ImageIO.framework/ImageIO.tbd
_kCGImagePropertyDICOMDoseReferencePointCoordinates	System/Library/Frameworks/ImageIO.framework/ImageIO.tbd
_kCGImagePropertyDICOMDoseReferenceSequence	System/Library/Frameworks/ImageIO.framework/ImageIO.tbd
_kCGImagePropertyDICOMDoseReferenceStructureType	System/Library/Frameworks/ImageIO.framework/ImageIO.tbd
_kCGImagePropertyDICOMDoseReferenceType	System/Library/Frameworks/ImageIO.framework/ImageIO.tbd
_kCGImagePropertyDICOMDoseReferenceUID	System/Library/Frameworks/ImageIO.framework/ImageIO.tbd
_kCGImagePropertyDICOMDoseSummationType	System/Library/Frameworks/ImageIO.framework/ImageIO.tbd
_kCGImagePropertyDICOMDoseType	System/Library/Frameworks/ImageIO.framework/ImageIO.tbd
_kCGImagePropertyDICOMDoseUnits	System/Library/Frameworks/ImageIO.framework/ImageIO.tbd
_kCGImagePropertyDICOMDoseValue	System/Library/Frameworks/ImageIO.framework/ImageIO.tbd
_kCGImagePropertyDICOMDoseValuePurpose	System/Library/Frameworks/ImageIO.framework/ImageIO.tbd
_kCGImagePropertyDICOMDoseValuesSequence	System/Library/Frameworks/ImageIO.framework/ImageIO.tbd
_kCGImagePropertyDICOMDosimetricObjectiveEvaluationScope	System/Library/Frameworks/ImageIO.framework/ImageIO.tbd
_kCGImagePropertyDICOMDosimetricObjectiveParameterSequence	System/Library/Frameworks/ImageIO.framework/ImageIO.tbd
_kCGImagePropertyDICOMDosimetricObjectivePurpose	System/Library/Frameworks/ImageIO.framework/ImageIO.tbd
_kCGImagePropertyDICOMDosimetricObjectiveSequence	System/Library/Frameworks/ImageIO.framework/ImageIO.tbd
_kCGImagePropertyDICOMDosimetricObjectiveTypeCodeSequence	System/Library/Frameworks/ImageIO.framework/ImageIO.tbd
_kCGImagePropertyDICOMDosimetricObjectiveUID	System/Library/Frameworks/ImageIO.framework/ImageIO.tbd
_kCGImagePropertyDICOMDosimetricObjectiveWeight	System/Library/Frameworks/ImageIO.framework/ImageIO.tbd
_kCGImagePropertyDICOMDoubleExposureFieldDelta	System/Library/Frameworks/ImageIO.framework/ImageIO.tbd
_kCGImagePropertyDICOMDoubleExposureFieldDeltaTrial	System/Library/Frameworks/ImageIO.framework/ImageIO.tbd
_kCGImagePropertyDICOMDoubleExposureFlag	System/Library/Frameworks/ImageIO.framework/ImageIO.tbd
_kCGImagePropertyDICOMDoubleExposureMeterset	System/Library/Frameworks/ImageIO.framework/ImageIO.tbd
_kCGImagePropertyDICOMDoubleExposureMetersetTrial	System/Library/Frameworks/ImageIO.framework/ImageIO.tbd
_kCGImagePropertyDICOMDoubleExposureOrdering	System/Library/Frameworks/ImageIO.framework/ImageIO.tbd
_kCGImagePropertyDICOMDoubleFloatPixelData	System/Library/Frameworks/ImageIO.framework/ImageIO.tbd
_kCGImagePropertyDICOMDoubleFloatPixelPaddingRangeLimit	System/Library/Frameworks/ImageIO.framework/ImageIO.tbd
_kCGImagePropertyDICOMDoubleFloatPixelPaddingValue	System/Library/Frameworks/ImageIO.framework/ImageIO.tbd
_kCGImagePropertyDICOMDoubleFloatRealWorldValueFirstValueMapped	System/Library/Frameworks/ImageIO.framework/ImageIO.tbd
_kCGImagePropertyDICOMDoubleFloatRealWorldValueLastValueMapped	System/Library/Frameworks/ImageIO.framework/ImageIO.tbd
_kCGImagePropertyDICOMDoublePointCoordinatesData	System/Library/Frameworks/ImageIO.framework/ImageIO.tbd
_kCGImagePropertyDICOMDriveProbeSequence	System/Library/Frameworks/ImageIO.framework/ImageIO.tbd
_kCGImagePropertyDICOMDriveType	System/Library/Frameworks/ImageIO.framework/ImageIO.tbd
_kCGImagePropertyDICOMDynamicRange	System/Library/Frameworks/ImageIO.framework/ImageIO.tbd
_kCGImagePropertyDICOMEXIFVersion	System/Library/Frameworks/ImageIO.framework/ImageIO.tbd
_kCGImagePropertyDICOMEchoNumbers	System/Library/Frameworks/ImageIO.framework/ImageIO.tbd
_kCGImagePropertyDICOMEchoPeakPosition	System/Library/Frameworks/ImageIO.framework/ImageIO.tbd
_kCGImagePropertyDICOMEchoPlanarPulseSequence	System/Library/Frameworks/ImageIO.framework/ImageIO.tbd
_kCGImagePropertyDICOMEchoPulseSequence	System/Library/Frameworks/ImageIO.framework/ImageIO.tbd
_kCGImagePropertyDICOMEchoTime	System/Library/Frameworks/ImageIO.framework/ImageIO.tbd
_kCGImagePropertyDICOMEchoTrainLength	System/Library/Frameworks/ImageIO.framework/ImageIO.tbd
_kCGImagePropertyDICOMEdgePointIndexList	System/Library/Frameworks/ImageIO.framework/ImageIO.tbd
_kCGImagePropertyDICOMEffectiveBinEnergy	System/Library/Frameworks/ImageIO.framework/ImageIO.tbd
_kCGImagePropertyDICOMEffectiveDateTime	System/Library/Frameworks/ImageIO.framework/ImageIO.tbd
_kCGImagePropertyDICOMEffectiveDoseCalculationMethodCategoryCodeSequence	System/Library/Frameworks/ImageIO.framework/ImageIO.tbd
_kCGImagePropertyDICOMEffectiveDoseCalculationMethodCodeSequence	System/Library/Frameworks/ImageIO.framework/ImageIO.tbd
_kCGImagePropertyDICOMEffectiveDoseCalculationMethodDescription	System/Library/Frameworks/ImageIO.framework/ImageIO.tbd
_kCGImagePropertyDICOMEffectiveDuration	System/Library/Frameworks/ImageIO.framework/ImageIO.tbd
_kCGImagePropertyDICOMEffectiveEchoTime	System/Library/Frameworks/ImageIO.framework/ImageIO.tbd
_kCGImagePropertyDICOMEffectiveRefractiveIndex	System/Library/Frameworks/ImageIO.framework/ImageIO.tbd
_kCGImagePropertyDICOMEffectiveWedgeAngle	System/Library/Frameworks/ImageIO.framework/ImageIO.tbd
_kCGImagePropertyDICOMElementDimensionA	System/Library/Frameworks/ImageIO.framework/ImageIO.tbd
_kCGImagePropertyDICOMElementDimensionB	System/Library/Frameworks/ImageIO.framework/ImageIO.tbd
_kCGImagePropertyDICOMElementPitchA	System/Library/Frameworks/ImageIO.framework/ImageIO.tbd
_kCGImagePropertyDICOMElementPitchB	System/Library/Frameworks/ImageIO.framework/ImageIO.tbd
_kCGImagePropertyDICOMElementShape	System/Library/Frameworks/ImageIO.framework/ImageIO.tbd
_kCGImagePropertyDICOMEmitterColorTemperature	System/Library/Frameworks/ImageIO.framework/ImageIO.tbd
_kCGImagePropertyDICOMEmmetropicMagnification	System/Library/Frameworks/ImageIO.framework/ImageIO.tbd
_kCGImagePropertyDICOMEmptyImageBoxCIELabValue	System/Library/Frameworks/ImageIO.framework/ImageIO.tbd
_kCGImagePropertyDICOMEmptyImageDensity	System/Library/Frameworks/ImageIO.framework/ImageIO.tbd
_kCGImagePropertyDICOMEmptyValueMatchingSequence	System/Library/Frameworks/ImageIO.framework/ImageIO.tbd
_kCGImagePropertyDICOMEncapsulatedDocument	System/Library/Frameworks/ImageIO.framework/ImageIO.tbd
_kCGImagePropertyDICOMEncapsulatedDocumentLength	System/Library/Frameworks/ImageIO.framework/ImageIO.tbd
_kCGImagePropertyDICOMEncapsulatedPixelDataValueTotalLength	System/Library/Frameworks/ImageIO.framework/ImageIO.tbd
_kCGImagePropertyDICOMEncryptedAttributesSequence	System/Library/Frameworks/ImageIO.framework/ImageIO.tbd
_kCGImagePropertyDICOMEncryptedContent	System/Library/Frameworks/ImageIO.framework/ImageIO.tbd
_kCGImagePropertyDICOMEncryptedContentTransferSyntaxUID	System/Library/Frameworks/ImageIO.framework/ImageIO.tbd
_kCGImagePropertyDICOMEndAcquisitionDateTime	System/Library/Frameworks/ImageIO.framework/ImageIO.tbd
_kCGImagePropertyDICOMEndCumulativeMetersetWeight	System/Library/Frameworks/ImageIO.framework/ImageIO.tbd
_kCGImagePropertyDICOMEndCumulativeTimeWeight	System/Library/Frameworks/ImageIO.framework/ImageIO.tbd
_kCGImagePropertyDICOMEndMeterset	System/Library/Frameworks/ImageIO.framework/ImageIO.tbd
_kCGImagePropertyDICOMEndingRespiratoryAmplitude	System/Library/Frameworks/ImageIO.framework/ImageIO.tbd
_kCGImagePropertyDICOMEndingRespiratoryPhase	System/Library/Frameworks/ImageIO.framework/ImageIO.tbd
_kCGImagePropertyDICOMEnergyDerivationCodeSequence	System/Library/Frameworks/ImageIO.framework/ImageIO.tbd
_kCGImagePropertyDICOMEnergyUnitCodeSequence	System/Library/Frameworks/ImageIO.framework/ImageIO.tbd
_kCGImagePropertyDICOMEnergyWeightingFactor	System/Library/Frameworks/ImageIO.framework/ImageIO.tbd
_kCGImagePropertyDICOMEnergyWindowCenterline	System/Library/Frameworks/ImageIO.framework/ImageIO.tbd
_kCGImagePropertyDICOMEnergyWindowInformationSequence	System/Library/Frameworks/ImageIO.framework/ImageIO.tbd
_kCGImagePropertyDICOMEnergyWindowLowerLimit	System/Library/Frameworks/ImageIO.framework/ImageIO.tbd
_kCGImagePropertyDICOMEnergyWindowName	System/Library/Frameworks/ImageIO.framework/ImageIO.tbd
_kCGImagePropertyDICOMEnergyWindowNumber	System/Library/Frameworks/ImageIO.framework/ImageIO.tbd
_kCGImagePropertyDICOMEnergyWindowRangeSequence	System/Library/Frameworks/ImageIO.framework/ImageIO.tbd
_kCGImagePropertyDICOMEnergyWindowTotalWidth	System/Library/Frameworks/ImageIO.framework/ImageIO.tbd
_kCGImagePropertyDICOMEnergyWindowUpperLimit	System/Library/Frameworks/ImageIO.framework/ImageIO.tbd
_kCGImagePropertyDICOMEnergyWindowVector	System/Library/Frameworks/ImageIO.framework/ImageIO.tbd
_kCGImagePropertyDICOMEnhancedPaletteColorLookupTableSequence	System/Library/Frameworks/ImageIO.framework/ImageIO.tbd
_kCGImagePropertyDICOMEnhancedRTBeamLimitingDeviceDefinitionFlag	System/Library/Frameworks/ImageIO.framework/ImageIO.tbd
_kCGImagePropertyDICOMEnhancedRTBeamLimitingDeviceSequence	System/Library/Frameworks/ImageIO.framework/ImageIO.tbd
_kCGImagePropertyDICOMEnhancedRTBeamLimitingOpeningSequence	System/Library/Frameworks/ImageIO.framework/ImageIO.tbd
_kCGImagePropertyDICOMEntityDescription	System/Library/Frameworks/ImageIO.framework/ImageIO.tbd
_kCGImagePropertyDICOMEntityLabel	System/Library/Frameworks/ImageIO.framework/ImageIO.tbd
_kCGImagePropertyDICOMEntityLongLabel	System/Library/Frameworks/ImageIO.framework/ImageIO.tbd
_kCGImagePropertyDICOMEntityName	System/Library/Frameworks/ImageIO.framework/ImageIO.tbd
_kCGImagePropertyDICOMEntranceDose	System/Library/Frameworks/ImageIO.framework/ImageIO.tbd
_kCGImagePropertyDICOMEntranceDoseDerivation	System/Library/Frameworks/ImageIO.framework/ImageIO.tbd
_kCGImagePropertyDICOMEntranceDoseInmGy	System/Library/Frameworks/ImageIO.framework/ImageIO.tbd
_kCGImagePropertyDICOMEnvironmentalConditions	System/Library/Frameworks/ImageIO.framework/ImageIO.tbd
_kCGImagePropertyDICOMEquipmentAdministratorSequence	System/Library/Frameworks/ImageIO.framework/ImageIO.tbd
_kCGImagePropertyDICOMEquipmentCoordinateSystemIdentification	System/Library/Frameworks/ImageIO.framework/ImageIO.tbd
_kCGImagePropertyDICOMEquipmentFrameOfReferenceDescription	System/Library/Frameworks/ImageIO.framework/ImageIO.tbd
_kCGImagePropertyDICOMEquipmentFrameOfReferenceUID	System/Library/Frameworks/ImageIO.framework/ImageIO.tbd
_kCGImagePropertyDICOMEquipmentModality	System/Library/Frameworks/ImageIO.framework/ImageIO.tbd
_kCGImagePropertyDICOMEquipmentReferencePointCodeSequence	System/Library/Frameworks/ImageIO.framework/ImageIO.tbd
_kCGImagePropertyDICOMEquipmentReferencePointCoordinatesSequence	System/Library/Frameworks/ImageIO.framework/ImageIO.tbd
_kCGImagePropertyDICOMEquivalentCDADocumentSequence	System/Library/Frameworks/ImageIO.framework/ImageIO.tbd
_kCGImagePropertyDICOMEquivalentCodeSequence	System/Library/Frameworks/ImageIO.framework/ImageIO.tbd
_kCGImagePropertyDICOMEquivalentConceptualVolumeInstanceReferenceSequence	System/Library/Frameworks/ImageIO.framework/ImageIO.tbd
_kCGImagePropertyDICOMEquivalentConceptualVolumesSequence	System/Library/Frameworks/ImageIO.framework/ImageIO.tbd
_kCGImagePropertyDICOMEquivalentPupilRadius	System/Library/Frameworks/ImageIO.framework/ImageIO.tbd
_kCGImagePropertyDICOMErrorComment	System/Library/Frameworks/ImageIO.framework/ImageIO.tbd
_kCGImagePropertyDICOMErrorID	System/Library/Frameworks/ImageIO.framework/ImageIO.tbd
_kCGImagePropertyDICOMEscapeTriplet	System/Library/Frameworks/ImageIO.framework/ImageIO.tbd
_kCGImagePropertyDICOMEstimatedDoseSaving	System/Library/Frameworks/ImageIO.framework/ImageIO.tbd
_kCGImagePropertyDICOMEstimatedRadiographicMagnificationFactor	System/Library/Frameworks/ImageIO.framework/ImageIO.tbd
_kCGImagePropertyDICOMEthicsCommitteeApprovalEffectivenessEndDate	System/Library/Frameworks/ImageIO.framework/ImageIO.tbd
_kCGImagePropertyDICOMEthicsCommitteeApprovalEffectivenessStartDate	System/Library/Frameworks/ImageIO.framework/ImageIO.tbd
_kCGImagePropertyDICOMEthnicGroup	System/Library/Frameworks/ImageIO.framework/ImageIO.tbd
_kCGImagePropertyDICOMEvaluationAttempt	System/Library/Frameworks/ImageIO.framework/ImageIO.tbd
_kCGImagePropertyDICOMEvaluatorName	System/Library/Frameworks/ImageIO.framework/ImageIO.tbd
_kCGImagePropertyDICOMEvaluatorNumber	System/Library/Frameworks/ImageIO.framework/ImageIO.tbd
_kCGImagePropertyDICOMEvaluatorSequence	System/Library/Frameworks/ImageIO.framework/ImageIO.tbd
_kCGImagePropertyDICOMEventCodeSequence	System/Library/Frameworks/ImageIO.framework/ImageIO.tbd
_kCGImagePropertyDICOMEventElapsedTimes	System/Library/Frameworks/ImageIO.framework/ImageIO.tbd
_kCGImagePropertyDICOMEventTimeOffset	System/Library/Frameworks/ImageIO.framework/ImageIO.tbd
_kCGImagePropertyDICOMEventTimerNames	System/Library/Frameworks/ImageIO.framework/ImageIO.tbd
_kCGImagePropertyDICOMEventTimerSequence	System/Library/Frameworks/ImageIO.framework/ImageIO.tbd
_kCGImagePropertyDICOMEventTypeID	System/Library/Frameworks/ImageIO.framework/ImageIO.tbd
_kCGImagePropertyDICOMExaminedBodyThickness	System/Library/Frameworks/ImageIO.framework/ImageIO.tbd
_kCGImagePropertyDICOMExcessiveFalseNegatives	System/Library/Frameworks/ImageIO.framework/ImageIO.tbd
_kCGImagePropertyDICOMExcessiveFalseNegativesDataFlag	System/Library/Frameworks/ImageIO.framework/ImageIO.tbd
_kCGImagePropertyDICOMExcessiveFalsePositives	System/Library/Frameworks/ImageIO.framework/ImageIO.tbd
_kCGImagePropertyDICOMExcessiveFalsePositivesDataFlag	System/Library/Frameworks/ImageIO.framework/ImageIO.tbd
_kCGImagePropertyDICOMExcessiveFixationLosses	System/Library/Frameworks/ImageIO.framework/ImageIO.tbd
_kCGImagePropertyDICOMExcessiveFixationLossesDataFlag	System/Library/Frameworks/ImageIO.framework/ImageIO.tbd
_kCGImagePropertyDICOMExcitationEnergy	System/Library/Frameworks/ImageIO.framework/ImageIO.tbd
_kCGImagePropertyDICOMExcitationFrequency	System/Library/Frameworks/ImageIO.framework/ImageIO.tbd
_kCGImagePropertyDICOMExcitationPulseDuration	System/Library/Frameworks/ImageIO.framework/ImageIO.tbd
_kCGImagePropertyDICOMExcitationSpectralWidth	System/Library/Frameworks/ImageIO.framework/ImageIO.tbd
_kCGImagePropertyDICOMExcitationWavelength	System/Library/Frameworks/ImageIO.framework/ImageIO.tbd
_kCGImagePropertyDICOMExcitationWavelengthSequence	System/Library/Frameworks/ImageIO.framework/ImageIO.tbd
_kCGImagePropertyDICOMExcludedIntervalsSequence	System/Library/Frameworks/ImageIO.framework/ImageIO.tbd
_kCGImagePropertyDICOMExclusionDuration	System/Library/Frameworks/ImageIO.framework/ImageIO.tbd
_kCGImagePropertyDICOMExclusionStartDateTime	System/Library/Frameworks/ImageIO.framework/ImageIO.tbd
_kCGImagePropertyDICOMExclusiveComponentType	System/Library/Frameworks/ImageIO.framework/ImageIO.tbd
_kCGImagePropertyDICOMExecutionStatus	System/Library/Frameworks/ImageIO.framework/ImageIO.tbd
_kCGImagePropertyDICOMExecutionStatusInfo	System/Library/Frameworks/ImageIO.framework/ImageIO.tbd
_kCGImagePropertyDICOMExpectedCompletionDateTime	System/Library/Frameworks/ImageIO.framework/ImageIO.tbd
_kCGImagePropertyDICOMExpectedInVivoMeasurementValueIndex	System/Library/Frameworks/ImageIO.framework/ImageIO.tbd
_kCGImagePropertyDICOMExpectedInVivoMeasurementValuesSequence	System/Library/Frameworks/ImageIO.framework/ImageIO.tbd
_kCGImagePropertyDICOMExpirationDateTime	System/Library/Frameworks/ImageIO.framework/ImageIO.tbd
_kCGImagePropertyDICOMExpiryDate	System/Library/Frameworks/ImageIO.framework/ImageIO.tbd
_kCGImagePropertyDICOMExposedArea	System/Library/Frameworks/ImageIO.framework/ImageIO.tbd
_kCGImagePropertyDICOMExposure	System/Library/Frameworks/ImageIO.framework/ImageIO.tbd
_kCGImagePropertyDICOMExposureBiasValue	System/Library/Frameworks/ImageIO.framework/ImageIO.tbd
_kCGImagePropertyDICOMExposureControlMode	System/Library/Frameworks/ImageIO.framework/ImageIO.tbd
_kCGImagePropertyDICOMExposureControlModeDescription	System/Library/Frameworks/ImageIO.framework/ImageIO.tbd
_kCGImagePropertyDICOMExposureControlSensingRegionLeftVerticalEdge	System/Library/Frameworks/ImageIO.framework/ImageIO.tbd
_kCGImagePropertyDICOMExposureControlSensingRegionLowerHorizontalEdge	System/Library/Frameworks/ImageIO.framework/ImageIO.tbd
_kCGImagePropertyDICOMExposureControlSensingRegionRightVerticalEdge	System/Library/Frameworks/ImageIO.framework/ImageIO.tbd
_kCGImagePropertyDICOMExposureControlSensingRegionShape	System/Library/Frameworks/ImageIO.framework/ImageIO.tbd
_kCGImagePropertyDICOMExposureControlSensingRegionUpperHorizontalEdge	System/Library/Frameworks/ImageIO.framework/ImageIO.tbd
_kCGImagePropertyDICOMExposureControlSensingRegionsSequence	System/Library/Frameworks/ImageIO.framework/ImageIO.tbd
_kCGImagePropertyDICOMExposureDoseSequence	System/Library/Frameworks/ImageIO.framework/ImageIO.tbd
_kCGImagePropertyDICOMExposureIndex	System/Library/Frameworks/ImageIO.framework/ImageIO.tbd
_kCGImagePropertyDICOMExposureInmAs	System/Library/Frameworks/ImageIO.framework/ImageIO.tbd
_kCGImagePropertyDICOMExposureInuAs	System/Library/Frameworks/ImageIO.framework/ImageIO.tbd
_kCGImagePropertyDICOMExposureMode	System/Library/Frameworks/ImageIO.framework/ImageIO.tbd
_kCGImagePropertyDICOMExposureModulationType	System/Library/Frameworks/ImageIO.framework/ImageIO.tbd
_kCGImagePropertyDICOMExposureProgram	System/Library/Frameworks/ImageIO.framework/ImageIO.tbd
_kCGImagePropertyDICOMExposureSequence	System/Library/Frameworks/ImageIO.framework/ImageIO.tbd
_kCGImagePropertyDICOMExposureStatus	System/Library/Frameworks/ImageIO.framework/ImageIO.tbd
_kCGImagePropertyDICOMExposureTime	System/Library/Frameworks/ImageIO.framework/ImageIO.tbd
_kCGImagePropertyDICOMExposureTimeInSeconds	System/Library/Frameworks/ImageIO.framework/ImageIO.tbd
_kCGImagePropertyDICOMExposureTimeInms	System/Library/Frameworks/ImageIO.framework/ImageIO.tbd
_kCGImagePropertyDICOMExposureTimeInuS	System/Library/Frameworks/ImageIO.framework/ImageIO.tbd
_kCGImagePropertyDICOMExposuresOnDetectorSinceLastCalibration	System/Library/Frameworks/ImageIO.framework/ImageIO.tbd
_kCGImagePropertyDICOMExposuresOnDetectorSinceManufactured	System/Library/Frameworks/ImageIO.framework/ImageIO.tbd
_kCGImagePropertyDICOMExposuresOnPlate	System/Library/Frameworks/ImageIO.framework/ImageIO.tbd
_kCGImagePropertyDICOMExtendedCodeMeaning	System/Library/Frameworks/ImageIO.framework/ImageIO.tbd
_kCGImagePropertyDICOMExtendedCodeValue	System/Library/Frameworks/ImageIO.framework/ImageIO.tbd
_kCGImagePropertyDICOMExtendedDepthOfField	System/Library/Frameworks/ImageIO.framework/ImageIO.tbd
_kCGImagePropertyDICOMExtendedMatchingMechanisms	System/Library/Frameworks/ImageIO.framework/ImageIO.tbd
_kCGImagePropertyDICOMExtendedOffsetTable	System/Library/Frameworks/ImageIO.framework/ImageIO.tbd
_kCGImagePropertyDICOMExtendedOffsetTableLengths	System/Library/Frameworks/ImageIO.framework/ImageIO.tbd
_kCGImagePropertyDICOMExternalContourEntryPoint	System/Library/Frameworks/ImageIO.framework/ImageIO.tbd
_kCGImagePropertyDICOMFNumber	System/Library/Frameworks/ImageIO.framework/ImageIO.tbd
_kCGImagePropertyDICOMFacetSequence	System/Library/Frameworks/ImageIO.framework/ImageIO.tbd
_kCGImagePropertyDICOMFailedAttributesSequence	System/Library/Frameworks/ImageIO.framework/ImageIO.tbd
_kCGImagePropertyDICOMFailedSOPInstanceUIDList	System/Library/Frameworks/ImageIO.framework/ImageIO.tbd
_kCGImagePropertyDICOMFailedSOPSequence	System/Library/Frameworks/ImageIO.framework/ImageIO.tbd
_kCGImagePropertyDICOMFailureAttributes	System/Library/Frameworks/ImageIO.framework/ImageIO.tbd
_kCGImagePropertyDICOMFailureReason	System/Library/Frameworks/ImageIO.framework/ImageIO.tbd
_kCGImagePropertyDICOMFalseNegativesEstimate	System/Library/Frameworks/ImageIO.framework/ImageIO.tbd
_kCGImagePropertyDICOMFalseNegativesEstimateFlag	System/Library/Frameworks/ImageIO.framework/ImageIO.tbd
_kCGImagePropertyDICOMFalseNegativesQuantity	System/Library/Frameworks/ImageIO.framework/ImageIO.tbd
_kCGImagePropertyDICOMFalsePositivesEstimate	System/Library/Frameworks/ImageIO.framework/ImageIO.tbd
_kCGImagePropertyDICOMFalsePositivesEstimateFlag	System/Library/Frameworks/ImageIO.framework/ImageIO.tbd
_kCGImagePropertyDICOMFalsePositivesQuantity	System/Library/Frameworks/ImageIO.framework/ImageIO.tbd
_kCGImagePropertyDICOMFiducialDescription	System/Library/Frameworks/ImageIO.framework/ImageIO.tbd
_kCGImagePropertyDICOMFiducialIdentifier	System/Library/Frameworks/ImageIO.framework/ImageIO.tbd
_kCGImagePropertyDICOMFiducialIdentifierCodeSequence	System/Library/Frameworks/ImageIO.framework/ImageIO.tbd
_kCGImagePropertyDICOMFiducialSequence	System/Library/Frameworks/ImageIO.framework/ImageIO.tbd
_kCGImagePropertyDICOMFiducialSetSequence	System/Library/Frameworks/ImageIO.framework/ImageIO.tbd
_kCGImagePropertyDICOMFiducialUID	System/Library/Frameworks/ImageIO.framework/ImageIO.tbd
_kCGImagePropertyDICOMFiducialsPropertyCategoryCodeSequence	System/Library/Frameworks/ImageIO.framework/ImageIO.tbd
_kCGImagePropertyDICOMFieldOfViewDescription	System/Library/Frameworks/ImageIO.framework/ImageIO.tbd
_kCGImagePropertyDICOMFieldOfViewDimensions	System/Library/Frameworks/ImageIO.framework/ImageIO.tbd
_kCGImagePropertyDICOMFieldOfViewDimensionsInFloat	System/Library/Frameworks/ImageIO.framework/ImageIO.tbd
_kCGImagePropertyDICOMFieldOfViewHorizontalFlip	System/Library/Frameworks/ImageIO.framework/ImageIO.tbd
_kCGImagePropertyDICOMFieldOfViewOrigin	System/Library/Frameworks/ImageIO.framework/ImageIO.tbd
_kCGImagePropertyDICOMFieldOfViewRotation	System/Library/Frameworks/ImageIO.framework/ImageIO.tbd
_kCGImagePropertyDICOMFieldOfViewSequence	System/Library/Frameworks/ImageIO.framework/ImageIO.tbd
_kCGImagePropertyDICOMFieldOfViewShape	System/Library/Frameworks/ImageIO.framework/ImageIO.tbd
_kCGImagePropertyDICOMFileAccessSequence	System/Library/Frameworks/ImageIO.framework/ImageIO.tbd
_kCGImagePropertyDICOMFileAccessURI	System/Library/Frameworks/ImageIO.framework/ImageIO.tbd
_kCGImagePropertyDICOMFileLengthInContainer	System/Library/Frameworks/ImageIO.framework/ImageIO.tbd
_kCGImagePropertyDICOMFileMetaInformationGroupLength	System/Library/Frameworks/ImageIO.framework/ImageIO.tbd
_kCGImagePropertyDICOMFileMetaInformationVersion	System/Library/Frameworks/ImageIO.framework/ImageIO.tbd
_kCGImagePropertyDICOMFileOffsetInContainer	System/Library/Frameworks/ImageIO.framework/ImageIO.tbd
_kCGImagePropertyDICOMFileSetAccessSequence	System/Library/Frameworks/ImageIO.framework/ImageIO.tbd
_kCGImagePropertyDICOMFileSetConsistencyFlag	System/Library/Frameworks/ImageIO.framework/ImageIO.tbd
_kCGImagePropertyDICOMFileSetDescriptorFileID	System/Library/Frameworks/ImageIO.framework/ImageIO.tbd
_kCGImagePropertyDICOMFileSetID	System/Library/Frameworks/ImageIO.framework/ImageIO.tbd
_kCGImagePropertyDICOMFileSource	System/Library/Frameworks/ImageIO.framework/ImageIO.tbd
_kCGImagePropertyDICOMFilenameInContainer	System/Library/Frameworks/ImageIO.framework/ImageIO.tbd
_kCGImagePropertyDICOMFillMode	System/Library/Frameworks/ImageIO.framework/ImageIO.tbd
_kCGImagePropertyDICOMFillPattern	System/Library/Frameworks/ImageIO.framework/ImageIO.tbd
_kCGImagePropertyDICOMFillStyleSequence	System/Library/Frameworks/ImageIO.framework/ImageIO.tbd
_kCGImagePropertyDICOMFillerOrderNumberImagingServiceRequest	System/Library/Frameworks/ImageIO.framework/ImageIO.tbd
_kCGImagePropertyDICOMFillerOrderNumberImagingServiceRequestRetired	System/Library/Frameworks/ImageIO.framework/ImageIO.tbd
_kCGImagePropertyDICOMFillerOrderNumberProcedure	System/Library/Frameworks/ImageIO.framework/ImageIO.tbd
_kCGImagePropertyDICOMFilmBoxContentSequence	System/Library/Frameworks/ImageIO.framework/ImageIO.tbd
_kCGImagePropertyDICOMFilmConsumptionSequence	System/Library/Frameworks/ImageIO.framework/ImageIO.tbd
_kCGImagePropertyDICOMFilmDestination	System/Library/Frameworks/ImageIO.framework/ImageIO.tbd
_kCGImagePropertyDICOMFilmOrientation	System/Library/Frameworks/ImageIO.framework/ImageIO.tbd
_kCGImagePropertyDICOMFilmSessionLabel	System/Library/Frameworks/ImageIO.framework/ImageIO.tbd
_kCGImagePropertyDICOMFilmSizeID	System/Library/Frameworks/ImageIO.framework/ImageIO.tbd
_kCGImagePropertyDICOMFilterBeamPathLengthMaximum	System/Library/Frameworks/ImageIO.framework/ImageIO.tbd
_kCGImagePropertyDICOMFilterBeamPathLengthMinimum	System/Library/Frameworks/ImageIO.framework/ImageIO.tbd
_kCGImagePropertyDICOMFilterByAttributePresence	System/Library/Frameworks/ImageIO.framework/ImageIO.tbd
_kCGImagePropertyDICOMFilterByCategory	System/Library/Frameworks/ImageIO.framework/ImageIO.tbd
_kCGImagePropertyDICOMFilterByOperator	System/Library/Frameworks/ImageIO.framework/ImageIO.tbd
_kCGImagePropertyDICOMFilterHighFrequency	System/Library/Frameworks/ImageIO.framework/ImageIO.tbd
_kCGImagePropertyDICOMFilterHighFrequencyCharacteristicsSequence	System/Library/Frameworks/ImageIO.framework/ImageIO.tbd
_kCGImagePropertyDICOMFilterLookupTableData	System/Library/Frameworks/ImageIO.framework/ImageIO.tbd
_kCGImagePropertyDICOMFilterLookupTableDescription	System/Library/Frameworks/ImageIO.framework/ImageIO.tbd
_kCGImagePropertyDICOMFilterLookupTableSequence	System/Library/Frameworks/ImageIO.framework/ImageIO.tbd
_kCGImagePropertyDICOMFilterLowFrequency	System/Library/Frameworks/ImageIO.framework/ImageIO.tbd
_kCGImagePropertyDICOMFilterLowFrequencyCharacteristicsSequence	System/Library/Frameworks/ImageIO.framework/ImageIO.tbd
_kCGImagePropertyDICOMFilterMaterial	System/Library/Frameworks/ImageIO.framework/ImageIO.tbd
_kCGImagePropertyDICOMFilterMaterialUsedInGainCalibration	System/Library/Frameworks/ImageIO.framework/ImageIO.tbd
_kCGImagePropertyDICOMFilterOperationsSequence	System/Library/Frameworks/ImageIO.framework/ImageIO.tbd
_kCGImagePropertyDICOMFilterThicknessMaximum	System/Library/Frameworks/ImageIO.framework/ImageIO.tbd
_kCGImagePropertyDICOMFilterThicknessMinimum	System/Library/Frameworks/ImageIO.framework/ImageIO.tbd
_kCGImagePropertyDICOMFilterThicknessUsedInGainCalibration	System/Library/Frameworks/ImageIO.framework/ImageIO.tbd
_kCGImagePropertyDICOMFilterType	System/Library/Frameworks/ImageIO.framework/ImageIO.tbd
_kCGImagePropertyDICOMFinalCumulativeMetersetWeight	System/Library/Frameworks/ImageIO.framework/ImageIO.tbd
_kCGImagePropertyDICOMFinalCumulativeTimeWeight	System/Library/Frameworks/ImageIO.framework/ImageIO.tbd
_kCGImagePropertyDICOMFindingsFlagTrial	System/Library/Frameworks/ImageIO.framework/ImageIO.tbd
_kCGImagePropertyDICOMFindingsGroupRecordingDateTrial	System/Library/Frameworks/ImageIO.framework/ImageIO.tbd
_kCGImagePropertyDICOMFindingsGroupRecordingTimeTrial	System/Library/Frameworks/ImageIO.framework/ImageIO.tbd
_kCGImagePropertyDICOMFindingsGroupUIDTrial	System/Library/Frameworks/ImageIO.framework/ImageIO.tbd
_kCGImagePropertyDICOMFindingsSequenceTrial	System/Library/Frameworks/ImageIO.framework/ImageIO.tbd
_kCGImagePropertyDICOMFindingsSourceCategoryCodeSequenceTrial	System/Library/Frameworks/ImageIO.framework/ImageIO.tbd
_kCGImagePropertyDICOMFiniteVolume	System/Library/Frameworks/ImageIO.framework/ImageIO.tbd
_kCGImagePropertyDICOMFirstALineLocation	System/Library/Frameworks/ImageIO.framework/ImageIO.tbd
_kCGImagePropertyDICOMFirstOrderPhaseCorrection	System/Library/Frameworks/ImageIO.framework/ImageIO.tbd
_kCGImagePropertyDICOMFirstOrderPhaseCorrectionAngle	System/Library/Frameworks/ImageIO.framework/ImageIO.tbd
_kCGImagePropertyDICOMFirstTreatmentDate	System/Library/Frameworks/ImageIO.framework/ImageIO.tbd
_kCGImagePropertyDICOMFixationCheckedQuantity	System/Library/Frameworks/ImageIO.framework/ImageIO.tbd
_kCGImagePropertyDICOMFixationDeviceDescription	System/Library/Frameworks/ImageIO.framework/ImageIO.tbd
_kCGImagePropertyDICOMFixationDeviceLabel	System/Library/Frameworks/ImageIO.framework/ImageIO.tbd
_kCGImagePropertyDICOMFixationDevicePitchAngle	System/Library/Frameworks/ImageIO.framework/ImageIO.tbd
_kCGImagePropertyDICOMFixationDevicePosition	System/Library/Frameworks/ImageIO.framework/ImageIO.tbd
_kCGImagePropertyDICOMFixationDeviceRollAngle	System/Library/Frameworks/ImageIO.framework/ImageIO.tbd
_kCGImagePropertyDICOMFixationDeviceSequence	System/Library/Frameworks/ImageIO.framework/ImageIO.tbd
_kCGImagePropertyDICOMFixationDeviceType	System/Library/Frameworks/ImageIO.framework/ImageIO.tbd
_kCGImagePropertyDICOMFixationEye	System/Library/Frameworks/ImageIO.framework/ImageIO.tbd
_kCGImagePropertyDICOMFixationLightAzimuthalAngle	System/Library/Frameworks/ImageIO.framework/ImageIO.tbd
_kCGImagePropertyDICOMFixationLightAzimuthalAngleTolerance	System/Library/Frameworks/ImageIO.framework/ImageIO.tbd
_kCGImagePropertyDICOMFixationLightPolarAngle	System/Library/Frameworks/ImageIO.framework/ImageIO.tbd
_kCGImagePropertyDICOMFixationLightPolarAngleTolerance	System/Library/Frameworks/ImageIO.framework/ImageIO.tbd
_kCGImagePropertyDICOMFixationMethodCodeSequence	System/Library/Frameworks/ImageIO.framework/ImageIO.tbd
_kCGImagePropertyDICOMFixationMonitoringCodeSequence	System/Library/Frameworks/ImageIO.framework/ImageIO.tbd
_kCGImagePropertyDICOMFixationSequence	System/Library/Frameworks/ImageIO.framework/ImageIO.tbd
_kCGImagePropertyDICOMFixedRTBeamDelimiterDeviceSequence	System/Library/Frameworks/ImageIO.framework/ImageIO.tbd
_kCGImagePropertyDICOMFlashEnergy	System/Library/Frameworks/ImageIO.framework/ImageIO.tbd
_kCGImagePropertyDICOMFlashFiringStatus	System/Library/Frameworks/ImageIO.framework/ImageIO.tbd
_kCGImagePropertyDICOMFlashFunctionPresent	System/Library/Frameworks/ImageIO.framework/ImageIO.tbd
_kCGImagePropertyDICOMFlashMode	System/Library/Frameworks/ImageIO.framework/ImageIO.tbd
_kCGImagePropertyDICOMFlashRedEyeMode	System/Library/Frameworks/ImageIO.framework/ImageIO.tbd
_kCGImagePropertyDICOMFlashReturnStatus	System/Library/Frameworks/ImageIO.framework/ImageIO.tbd
_kCGImagePropertyDICOMFlatCornealAxisSequence	System/Library/Frameworks/ImageIO.framework/ImageIO.tbd
_kCGImagePropertyDICOMFlatKeratometricAxisSequence	System/Library/Frameworks/ImageIO.framework/ImageIO.tbd
_kCGImagePropertyDICOMFlipAngle	System/Library/Frameworks/ImageIO.framework/ImageIO.tbd
_kCGImagePropertyDICOMFloatPixelData	System/Library/Frameworks/ImageIO.framework/ImageIO.tbd
_kCGImagePropertyDICOMFloatPixelPaddingRangeLimit	System/Library/Frameworks/ImageIO.framework/ImageIO.tbd
_kCGImagePropertyDICOMFloatPixelPaddingValue	System/Library/Frameworks/ImageIO.framework/ImageIO.tbd
_kCGImagePropertyDICOMFloatingPointValue	System/Library/Frameworks/ImageIO.framework/ImageIO.tbd
_kCGImagePropertyDICOMFloatingPointValues	System/Library/Frameworks/ImageIO.framework/ImageIO.tbd
_kCGImagePropertyDICOMFlowCompensation	System/Library/Frameworks/ImageIO.framework/ImageIO.tbd
_kCGImagePropertyDICOMFlowCompensationDirection	System/Library/Frameworks/ImageIO.framework/ImageIO.tbd
_kCGImagePropertyDICOMFlowIdentifier	System/Library/Frameworks/ImageIO.framework/ImageIO.tbd
_kCGImagePropertyDICOMFlowIdentifierSequence	System/Library/Frameworks/ImageIO.framework/ImageIO.tbd
_kCGImagePropertyDICOMFlowRTPSamplingRate	System/Library/Frameworks/ImageIO.framework/ImageIO.tbd
_kCGImagePropertyDICOMFlowTransferSyntaxUID	System/Library/Frameworks/ImageIO.framework/ImageIO.tbd
_kCGImagePropertyDICOMFluenceDataScale	System/Library/Frameworks/ImageIO.framework/ImageIO.tbd
_kCGImagePropertyDICOMFluenceDataSource	System/Library/Frameworks/ImageIO.framework/ImageIO.tbd
_kCGImagePropertyDICOMFluenceMapSequence	System/Library/Frameworks/ImageIO.framework/ImageIO.tbd
_kCGImagePropertyDICOMFluenceMode	System/Library/Frameworks/ImageIO.framework/ImageIO.tbd
_kCGImagePropertyDICOMFluenceModeID	System/Library/Frameworks/ImageIO.framework/ImageIO.tbd
_kCGImagePropertyDICOMFluoroscopyFlag	System/Library/Frameworks/ImageIO.framework/ImageIO.tbd
_kCGImagePropertyDICOMFluoroscopyLastImageHoldPersistenceFlag	System/Library/Frameworks/ImageIO.framework/ImageIO.tbd
_kCGImagePropertyDICOMFluoroscopyPersistenceFlag	System/Library/Frameworks/ImageIO.framework/ImageIO.tbd
_kCGImagePropertyDICOMFocalDistance	System/Library/Frameworks/ImageIO.framework/ImageIO.tbd
_kCGImagePropertyDICOMFocalLength	System/Library/Frameworks/ImageIO.framework/ImageIO.tbd
_kCGImagePropertyDICOMFocalLengthIn35mmFilm	System/Library/Frameworks/ImageIO.framework/ImageIO.tbd
_kCGImagePropertyDICOMFocalSpots	System/Library/Frameworks/ImageIO.framework/ImageIO.tbd
_kCGImagePropertyDICOMFocusDepth	System/Library/Frameworks/ImageIO.framework/ImageIO.tbd
_kCGImagePropertyDICOMFocusMethod	System/Library/Frameworks/ImageIO.framework/ImageIO.tbd
_kCGImagePropertyDICOMFolderAccessURI	System/Library/Frameworks/ImageIO.framework/ImageIO.tbd
_kCGImagePropertyDICOMFontName	System/Library/Frameworks/ImageIO.framework/ImageIO.tbd
_kCGImagePropertyDICOMFontNameType	System/Library/Frameworks/ImageIO.framework/ImageIO.tbd
_kCGImagePropertyDICOMFovealPointNormativeDataFlag	System/Library/Frameworks/ImageIO.framework/ImageIO.tbd
_kCGImagePropertyDICOMFovealPointProbabilityValue	System/Library/Frameworks/ImageIO.framework/ImageIO.tbd
_kCGImagePropertyDICOMFovealSensitivity	System/Library/Frameworks/ImageIO.framework/ImageIO.tbd
_kCGImagePropertyDICOMFovealSensitivityMeasured	System/Library/Frameworks/ImageIO.framework/ImageIO.tbd
_kCGImagePropertyDICOMFractionBasedRelationshipIntervalAnchor	System/Library/Frameworks/ImageIO.framework/ImageIO.tbd
_kCGImagePropertyDICOMFractionBasedRelationshipSequence	System/Library/Frameworks/ImageIO.framework/ImageIO.tbd
_kCGImagePropertyDICOMFractionGroupDescription	System/Library/Frameworks/ImageIO.framework/ImageIO.tbd
_kCGImagePropertyDICOMFractionGroupNumber	System/Library/Frameworks/ImageIO.framework/ImageIO.tbd
_kCGImagePropertyDICOMFractionGroupSequence	System/Library/Frameworks/ImageIO.framework/ImageIO.tbd
_kCGImagePropertyDICOMFractionGroupSummarySequence	System/Library/Frameworks/ImageIO.framework/ImageIO.tbd
_kCGImagePropertyDICOMFractionGroupType	System/Library/Frameworks/ImageIO.framework/ImageIO.tbd
_kCGImagePropertyDICOMFractionNumber	System/Library/Frameworks/ImageIO.framework/ImageIO.tbd
_kCGImagePropertyDICOMFractionPattern	System/Library/Frameworks/ImageIO.framework/ImageIO.tbd
_kCGImagePropertyDICOMFractionPatternSequence	System/Library/Frameworks/ImageIO.framework/ImageIO.tbd
_kCGImagePropertyDICOMFractionStatusSummarySequence	System/Library/Frameworks/ImageIO.framework/ImageIO.tbd
_kCGImagePropertyDICOMFractionalBandwidth	System/Library/Frameworks/ImageIO.framework/ImageIO.tbd
_kCGImagePropertyDICOMFractionalChannelDisplayScale	System/Library/Frameworks/ImageIO.framework/ImageIO.tbd
_kCGImagePropertyDICOMFractionationNotes	System/Library/Frameworks/ImageIO.framework/ImageIO.tbd
_kCGImagePropertyDICOMFrameAcquisitionDateTime	System/Library/Frameworks/ImageIO.framework/ImageIO.tbd
_kCGImagePropertyDICOMFrameAcquisitionDuration	System/Library/Frameworks/ImageIO.framework/ImageIO.tbd
_kCGImagePropertyDICOMFrameAcquisitionNumber	System/Library/Frameworks/ImageIO.framework/ImageIO.tbd
_kCGImagePropertyDICOMFrameAcquisitionSequence	System/Library/Frameworks/ImageIO.framework/ImageIO.tbd
_kCGImagePropertyDICOMFrameAnatomySequence	System/Library/Frameworks/ImageIO.framework/ImageIO.tbd
_kCGImagePropertyDICOMFrameComments	System/Library/Frameworks/ImageIO.framework/ImageIO.tbd
_kCGImagePropertyDICOMFrameContentSequence	System/Library/Frameworks/ImageIO.framework/ImageIO.tbd
_kCGImagePropertyDICOMFrameDelay	System/Library/Frameworks/ImageIO.framework/ImageIO.tbd
_kCGImagePropertyDICOMFrameDetectorParametersSequence	System/Library/Frameworks/ImageIO.framework/ImageIO.tbd
_kCGImagePropertyDICOMFrameDimensionPointer	System/Library/Frameworks/ImageIO.framework/ImageIO.tbd
_kCGImagePropertyDICOMFrameDisplaySequence	System/Library/Frameworks/ImageIO.framework/ImageIO.tbd
_kCGImagePropertyDICOMFrameDisplayShutterSequence	System/Library/Frameworks/ImageIO.framework/ImageIO.tbd
_kCGImagePropertyDICOMFrameExtractionSequence	System/Library/Frameworks/ImageIO.framework/ImageIO.tbd
_kCGImagePropertyDICOMFrameIncrementPointer	System/Library/Frameworks/ImageIO.framework/ImageIO.tbd
_kCGImagePropertyDICOMFrameLabel	System/Library/Frameworks/ImageIO.framework/ImageIO.tbd
_kCGImagePropertyDICOMFrameLabelVector	System/Library/Frameworks/ImageIO.framework/ImageIO.tbd
_kCGImagePropertyDICOMFrameLaterality	System/Library/Frameworks/ImageIO.framework/ImageIO.tbd
_kCGImagePropertyDICOMFrameNumbersOfInterest	System/Library/Frameworks/ImageIO.framework/ImageIO.tbd
_kCGImagePropertyDICOMFrameOfInterestDescription	System/Library/Frameworks/ImageIO.framework/ImageIO.tbd
_kCGImagePropertyDICOMFrameOfInterestType	System/Library/Frameworks/ImageIO.framework/ImageIO.tbd
_kCGImagePropertyDICOMFrameOfReferenceRelationshipSequence	System/Library/Frameworks/ImageIO.framework/ImageIO.tbd
_kCGImagePropertyDICOMFrameOfReferenceToDisplayedCoordinateSystemTransformationMatrix	System/Library/Frameworks/ImageIO.framework/ImageIO.tbd
_kCGImagePropertyDICOMFrameOfReferenceTransformationComment	System/Library/Frameworks/ImageIO.framework/ImageIO.tbd
_kCGImagePropertyDICOMFrameOfReferenceTransformationMatrix	System/Library/Frameworks/ImageIO.framework/ImageIO.tbd
_kCGImagePropertyDICOMFrameOfReferenceTransformationMatrixType	System/Library/Frameworks/ImageIO.framework/ImageIO.tbd
_kCGImagePropertyDICOMFrameOfReferenceTransformationType	System/Library/Frameworks/ImageIO.framework/ImageIO.tbd
_kCGImagePropertyDICOMFrameOfReferenceUID	System/Library/Frameworks/ImageIO.framework/ImageIO.tbd
_kCGImagePropertyDICOMFrameOriginTimestamp	System/Library/Frameworks/ImageIO.framework/ImageIO.tbd
_kCGImagePropertyDICOMFramePixelDataPropertiesSequence	System/Library/Frameworks/ImageIO.framework/ImageIO.tbd
_kCGImagePropertyDICOMFramePixelShiftSequence	System/Library/Frameworks/ImageIO.framework/ImageIO.tbd
_kCGImagePropertyDICOMFramePrimaryAngleVector	System/Library/Frameworks/ImageIO.framework/ImageIO.tbd
_kCGImagePropertyDICOMFrameReferenceDateTime	System/Library/Frameworks/ImageIO.framework/ImageIO.tbd
_kCGImagePropertyDICOMFrameReferenceTime	System/Library/Frameworks/ImageIO.framework/ImageIO.tbd
_kCGImagePropertyDICOMFrameSecondaryAngleVector	System/Library/Frameworks/ImageIO.framework/ImageIO.tbd
_kCGImagePropertyDICOMFrameTime	System/Library/Frameworks/ImageIO.framework/ImageIO.tbd
_kCGImagePropertyDICOMFrameTimeVector	System/Library/Frameworks/ImageIO.framework/ImageIO.tbd
_kCGImagePropertyDICOMFrameType	System/Library/Frameworks/ImageIO.framework/ImageIO.tbd
_kCGImagePropertyDICOMFrameUsefulnessGroupSequence	System/Library/Frameworks/ImageIO.framework/ImageIO.tbd
_kCGImagePropertyDICOMFrameVOILUTSequence	System/Library/Frameworks/ImageIO.framework/ImageIO.tbd
_kCGImagePropertyDICOMFrequencyCorrection	System/Library/Frameworks/ImageIO.framework/ImageIO.tbd
_kCGImagePropertyDICOMFrequencyEncodingCodeSequence	System/Library/Frameworks/ImageIO.framework/ImageIO.tbd
_kCGImagePropertyDICOMFunctionalGroupPointer	System/Library/Frameworks/ImageIO.framework/ImageIO.tbd
_kCGImagePropertyDICOMFunctionalGroupPrivateCreator	System/Library/Frameworks/ImageIO.framework/ImageIO.tbd
_kCGImagePropertyDICOMFunctionalMRSequence	System/Library/Frameworks/ImageIO.framework/ImageIO.tbd
_kCGImagePropertyDICOMFunctionalSettlingPhaseFramesPresent	System/Library/Frameworks/ImageIO.framework/ImageIO.tbd
_kCGImagePropertyDICOMFunctionalSyncPulse	System/Library/Frameworks/ImageIO.framework/ImageIO.tbd
_kCGImagePropertyDICOMGPSAltitude	System/Library/Frameworks/ImageIO.framework/ImageIO.tbd
_kCGImagePropertyDICOMGPSAltitudeRef	System/Library/Frameworks/ImageIO.framework/ImageIO.tbd
_kCGImagePropertyDICOMGPSAreaInformation	System/Library/Frameworks/ImageIO.framework/ImageIO.tbd
_kCGImagePropertyDICOMGPSDOP	System/Library/Frameworks/ImageIO.framework/ImageIO.tbd
_kCGImagePropertyDICOMGPSDateStamp	System/Library/Frameworks/ImageIO.framework/ImageIO.tbd
_kCGImagePropertyDICOMGPSDestBearing	System/Library/Frameworks/ImageIO.framework/ImageIO.tbd
_kCGImagePropertyDICOMGPSDestBearingRef	System/Library/Frameworks/ImageIO.framework/ImageIO.tbd
_kCGImagePropertyDICOMGPSDestDistance	System/Library/Frameworks/ImageIO.framework/ImageIO.tbd
_kCGImagePropertyDICOMGPSDestDistanceRef	System/Library/Frameworks/ImageIO.framework/ImageIO.tbd
_kCGImagePropertyDICOMGPSDestLatitude	System/Library/Frameworks/ImageIO.framework/ImageIO.tbd
_kCGImagePropertyDICOMGPSDestLatitudeRef	System/Library/Frameworks/ImageIO.framework/ImageIO.tbd
_kCGImagePropertyDICOMGPSDestLongitude	System/Library/Frameworks/ImageIO.framework/ImageIO.tbd
_kCGImagePropertyDICOMGPSDestLongitudeRef	System/Library/Frameworks/ImageIO.framework/ImageIO.tbd
_kCGImagePropertyDICOMGPSDifferential	System/Library/Frameworks/ImageIO.framework/ImageIO.tbd
_kCGImagePropertyDICOMGPSImgDirection	System/Library/Frameworks/ImageIO.framework/ImageIO.tbd
_kCGImagePropertyDICOMGPSImgDirectionRef	System/Library/Frameworks/ImageIO.framework/ImageIO.tbd
_kCGImagePropertyDICOMGPSLatitude	System/Library/Frameworks/ImageIO.framework/ImageIO.tbd
_kCGImagePropertyDICOMGPSLatitudeRef	System/Library/Frameworks/ImageIO.framework/ImageIO.tbd
_kCGImagePropertyDICOMGPSLongitude	System/Library/Frameworks/ImageIO.framework/ImageIO.tbd
_kCGImagePropertyDICOMGPSLongitudeRef	System/Library/Frameworks/ImageIO.framework/ImageIO.tbd
_kCGImagePropertyDICOMGPSMapDatum	System/Library/Frameworks/ImageIO.framework/ImageIO.tbd
_kCGImagePropertyDICOMGPSMeasureMode	System/Library/Frameworks/ImageIO.framework/ImageIO.tbd
_kCGImagePropertyDICOMGPSProcessingMethod	System/Library/Frameworks/ImageIO.framework/ImageIO.tbd
_kCGImagePropertyDICOMGPSSatellites	System/Library/Frameworks/ImageIO.framework/ImageIO.tbd
_kCGImagePropertyDICOMGPSSpeed	System/Library/Frameworks/ImageIO.framework/ImageIO.tbd
_kCGImagePropertyDICOMGPSSpeedRef	System/Library/Frameworks/ImageIO.framework/ImageIO.tbd
_kCGImagePropertyDICOMGPSStatus	System/Library/Frameworks/ImageIO.framework/ImageIO.tbd
_kCGImagePropertyDICOMGPSTimeStamp	System/Library/Frameworks/ImageIO.framework/ImageIO.tbd
_kCGImagePropertyDICOMGPSTrack	System/Library/Frameworks/ImageIO.framework/ImageIO.tbd
_kCGImagePropertyDICOMGPSTrackRef	System/Library/Frameworks/ImageIO.framework/ImageIO.tbd
_kCGImagePropertyDICOMGPSVersionID	System/Library/Frameworks/ImageIO.framework/ImageIO.tbd
_kCGImagePropertyDICOMGainControl	System/Library/Frameworks/ImageIO.framework/ImageIO.tbd
_kCGImagePropertyDICOMGainCorrectionReferenceSequence	System/Library/Frameworks/ImageIO.framework/ImageIO.tbd
_kCGImagePropertyDICOMGammaValue	System/Library/Frameworks/ImageIO.framework/ImageIO.tbd
_kCGImagePropertyDICOMGantryAngle	System/Library/Frameworks/ImageIO.framework/ImageIO.tbd
_kCGImagePropertyDICOMGantryAngleTolerance	System/Library/Frameworks/ImageIO.framework/ImageIO.tbd
_kCGImagePropertyDICOMGantryDetectorSlew	System/Library/Frameworks/ImageIO.framework/ImageIO.tbd
_kCGImagePropertyDICOMGantryDetectorTilt	System/Library/Frameworks/ImageIO.framework/ImageIO.tbd
_kCGImagePropertyDICOMGantryID	System/Library/Frameworks/ImageIO.framework/ImageIO.tbd
_kCGImagePropertyDICOMGantryMotionCorrected	System/Library/Frameworks/ImageIO.framework/ImageIO.tbd
_kCGImagePropertyDICOMGantryPitchAngle	System/Library/Frameworks/ImageIO.framework/ImageIO.tbd
_kCGImagePropertyDICOMGantryPitchAngleTolerance	System/Library/Frameworks/ImageIO.framework/ImageIO.tbd
_kCGImagePropertyDICOMGantryPitchRotationDirection	System/Library/Frameworks/ImageIO.framework/ImageIO.tbd
_kCGImagePropertyDICOMGantryRotationDirection	System/Library/Frameworks/ImageIO.framework/ImageIO.tbd
_kCGImagePropertyDICOMGantryType	System/Library/Frameworks/ImageIO.framework/ImageIO.tbd
_kCGImagePropertyDICOMGapLength	System/Library/Frameworks/ImageIO.framework/ImageIO.tbd
_kCGImagePropertyDICOMGateSettingsSequence	System/Library/Frameworks/ImageIO.framework/ImageIO.tbd
_kCGImagePropertyDICOMGateThreshold	System/Library/Frameworks/ImageIO.framework/ImageIO.tbd
_kCGImagePropertyDICOMGatedInformationSequence	System/Library/Frameworks/ImageIO.framework/ImageIO.tbd
_kCGImagePropertyDICOMGatingBeamHoldTransitionSequence	System/Library/Frameworks/ImageIO.framework/ImageIO.tbd
_kCGImagePropertyDICOMGeneralAccessoryDefinitionSequence	System/Library/Frameworks/ImageIO.framework/ImageIO.tbd
_kCGImagePropertyDICOMGeneralAccessoryDescription	System/Library/Frameworks/ImageIO.framework/ImageIO.tbd
_kCGImagePropertyDICOMGeneralAccessoryID	System/Library/Frameworks/ImageIO.framework/ImageIO.tbd
_kCGImagePropertyDICOMGeneralAccessoryNumber	System/Library/Frameworks/ImageIO.framework/ImageIO.tbd
_kCGImagePropertyDICOMGeneralAccessorySequence	System/Library/Frameworks/ImageIO.framework/ImageIO.tbd
_kCGImagePropertyDICOMGeneralAccessoryType	System/Library/Frameworks/ImageIO.framework/ImageIO.tbd
_kCGImagePropertyDICOMGeneralMachineVerificationSequence	System/Library/Frameworks/ImageIO.framework/ImageIO.tbd
_kCGImagePropertyDICOMGeneralMatchingSequence	System/Library/Frameworks/ImageIO.framework/ImageIO.tbd
_kCGImagePropertyDICOMGeneralPurposePerformedProcedureStepStatus	System/Library/Frameworks/ImageIO.framework/ImageIO.tbd
_kCGImagePropertyDICOMGeneralPurposeScheduledProcedureStepPriority	System/Library/Frameworks/ImageIO.framework/ImageIO.tbd
_kCGImagePropertyDICOMGeneralPurposeScheduledProcedureStepStatus	System/Library/Frameworks/ImageIO.framework/ImageIO.tbd
_kCGImagePropertyDICOMGeneralizedDefectCorrectedSensitivityDeviationFlag	System/Library/Frameworks/ImageIO.framework/ImageIO.tbd
_kCGImagePropertyDICOMGeneralizedDefectCorrectedSensitivityDeviationProbabilityValue	System/Library/Frameworks/ImageIO.framework/ImageIO.tbd
_kCGImagePropertyDICOMGeneralizedDefectCorrectedSensitivityDeviationValue	System/Library/Frameworks/ImageIO.framework/ImageIO.tbd
_kCGImagePropertyDICOMGeneralizedDefectSensitivityDeviationAlgorithmSequence	System/Library/Frameworks/ImageIO.framework/ImageIO.tbd
_kCGImagePropertyDICOMGeneratorID	System/Library/Frameworks/ImageIO.framework/ImageIO.tbd
_kCGImagePropertyDICOMGeneratorPower	System/Library/Frameworks/ImageIO.framework/ImageIO.tbd
_kCGImagePropertyDICOMGeneticModificationsCodeSequence	System/Library/Frameworks/ImageIO.framework/ImageIO.tbd
_kCGImagePropertyDICOMGeneticModificationsDescription	System/Library/Frameworks/ImageIO.framework/ImageIO.tbd
_kCGImagePropertyDICOMGeneticModificationsNomenclature	System/Library/Frameworks/ImageIO.framework/ImageIO.tbd
_kCGImagePropertyDICOMGeneticModificationsSequence	System/Library/Frameworks/ImageIO.framework/ImageIO.tbd
_kCGImagePropertyDICOMGeometricMaximumDistortion	System/Library/Frameworks/ImageIO.framework/ImageIO.tbd
_kCGImagePropertyDICOMGeometricalProperties	System/Library/Frameworks/ImageIO.framework/ImageIO.tbd
_kCGImagePropertyDICOMGeometryForDisplay	System/Library/Frameworks/ImageIO.framework/ImageIO.tbd
_kCGImagePropertyDICOMGeometryOfKSpaceTraversal	System/Library/Frameworks/ImageIO.framework/ImageIO.tbd
_kCGImagePropertyDICOMGlobalCrop	System/Library/Frameworks/ImageIO.framework/ImageIO.tbd
_kCGImagePropertyDICOMGlobalCroppingSpecificationIndex	System/Library/Frameworks/ImageIO.framework/ImageIO.tbd
_kCGImagePropertyDICOMGlobalDeviationFromNormal	System/Library/Frameworks/ImageIO.framework/ImageIO.tbd
_kCGImagePropertyDICOMGlobalDeviationProbability	System/Library/Frameworks/ImageIO.framework/ImageIO.tbd
_kCGImagePropertyDICOMGlobalDeviationProbabilityNormalsFlag	System/Library/Frameworks/ImageIO.framework/ImageIO.tbd
_kCGImagePropertyDICOMGlobalDeviationProbabilitySequence	System/Library/Frameworks/ImageIO.framework/ImageIO.tbd
_kCGImagePropertyDICOMGradientEchoTrainLength	System/Library/Frameworks/ImageIO.framework/ImageIO.tbd
_kCGImagePropertyDICOMGradientOutput	System/Library/Frameworks/ImageIO.framework/ImageIO.tbd
_kCGImagePropertyDICOMGradientOutputType	System/Library/Frameworks/ImageIO.framework/ImageIO.tbd
_kCGImagePropertyDICOMGraphicAnnotationSequence	System/Library/Frameworks/ImageIO.framework/ImageIO.tbd
_kCGImagePropertyDICOMGraphicAnnotationUnits	System/Library/Frameworks/ImageIO.framework/ImageIO.tbd
_kCGImagePropertyDICOMGraphicCoordinatesDataSequence	System/Library/Frameworks/ImageIO.framework/ImageIO.tbd
_kCGImagePropertyDICOMGraphicData	System/Library/Frameworks/ImageIO.framework/ImageIO.tbd
_kCGImagePropertyDICOMGraphicDimensions	System/Library/Frameworks/ImageIO.framework/ImageIO.tbd
_kCGImagePropertyDICOMGraphicFilled	System/Library/Frameworks/ImageIO.framework/ImageIO.tbd
_kCGImagePropertyDICOMGraphicGroupDescription	System/Library/Frameworks/ImageIO.framework/ImageIO.tbd
_kCGImagePropertyDICOMGraphicGroupID	System/Library/Frameworks/ImageIO.framework/ImageIO.tbd
_kCGImagePropertyDICOMGraphicGroupLabel	System/Library/Frameworks/ImageIO.framework/ImageIO.tbd
_kCGImagePropertyDICOMGraphicGroupSequence	System/Library/Frameworks/ImageIO.framework/ImageIO.tbd
_kCGImagePropertyDICOMGraphicLayer	System/Library/Frameworks/ImageIO.framework/ImageIO.tbd
_kCGImagePropertyDICOMGraphicLayerDescription	System/Library/Frameworks/ImageIO.framework/ImageIO.tbd
_kCGImagePropertyDICOMGraphicLayerOrder	System/Library/Frameworks/ImageIO.framework/ImageIO.tbd
_kCGImagePropertyDICOMGraphicLayerRecommendedDisplayCIELabValue	System/Library/Frameworks/ImageIO.framework/ImageIO.tbd
_kCGImagePropertyDICOMGraphicLayerRecommendedDisplayGrayscaleValue	System/Library/Frameworks/ImageIO.framework/ImageIO.tbd
_kCGImagePropertyDICOMGraphicLayerRecommendedDisplayRGBValue	System/Library/Frameworks/ImageIO.framework/ImageIO.tbd
_kCGImagePropertyDICOMGraphicLayerSequence	System/Library/Frameworks/ImageIO.framework/ImageIO.tbd
_kCGImagePropertyDICOMGraphicObjectSequence	System/Library/Frameworks/ImageIO.framework/ImageIO.tbd
_kCGImagePropertyDICOMGraphicType	System/Library/Frameworks/ImageIO.framework/ImageIO.tbd
_kCGImagePropertyDICOMGrayLookupTableData	System/Library/Frameworks/ImageIO.framework/ImageIO.tbd
_kCGImagePropertyDICOMGrayLookupTableDescriptor	System/Library/Frameworks/ImageIO.framework/ImageIO.tbd
_kCGImagePropertyDICOMGrayScale	System/Library/Frameworks/ImageIO.framework/ImageIO.tbd
_kCGImagePropertyDICOMGreenPaletteColorLookupTableData	System/Library/Frameworks/ImageIO.framework/ImageIO.tbd
_kCGImagePropertyDICOMGreenPaletteColorLookupTableDescriptor	System/Library/Frameworks/ImageIO.framework/ImageIO.tbd
_kCGImagePropertyDICOMGrid	System/Library/Frameworks/ImageIO.framework/ImageIO.tbd
_kCGImagePropertyDICOMGridAbsorbingMaterial	System/Library/Frameworks/ImageIO.framework/ImageIO.tbd
_kCGImagePropertyDICOMGridAspectRatio	System/Library/Frameworks/ImageIO.framework/ImageIO.tbd
_kCGImagePropertyDICOMGridDimensions	System/Library/Frameworks/ImageIO.framework/ImageIO.tbd
_kCGImagePropertyDICOMGridFocalDistance	System/Library/Frameworks/ImageIO.framework/ImageIO.tbd
_kCGImagePropertyDICOMGridFrameOffsetVector	System/Library/Frameworks/ImageIO.framework/ImageIO.tbd
_kCGImagePropertyDICOMGridID	System/Library/Frameworks/ImageIO.framework/ImageIO.tbd
_kCGImagePropertyDICOMGridPeriod	System/Library/Frameworks/ImageIO.framework/ImageIO.tbd
_kCGImagePropertyDICOMGridPitch	System/Library/Frameworks/ImageIO.framework/ImageIO.tbd
_kCGImagePropertyDICOMGridResolution	System/Library/Frameworks/ImageIO.framework/ImageIO.tbd
_kCGImagePropertyDICOMGridSpacingMaterial	System/Library/Frameworks/ImageIO.framework/ImageIO.tbd
_kCGImagePropertyDICOMGridThickness	System/Library/Frameworks/ImageIO.framework/ImageIO.tbd
_kCGImagePropertyDICOMGroupLength	System/Library/Frameworks/ImageIO.framework/ImageIO.tbd
_kCGImagePropertyDICOMGroupOfPatientsIdentificationSequence	System/Library/Frameworks/ImageIO.framework/ImageIO.tbd
_kCGImagePropertyDICOMHL7DocumentEffectiveTime	System/Library/Frameworks/ImageIO.framework/ImageIO.tbd
_kCGImagePropertyDICOMHL7DocumentTypeCodeSequence	System/Library/Frameworks/ImageIO.framework/ImageIO.tbd
_kCGImagePropertyDICOMHL7InstanceIdentifier	System/Library/Frameworks/ImageIO.framework/ImageIO.tbd
_kCGImagePropertyDICOMHL7StructuredDocumentReferenceSequence	System/Library/Frameworks/ImageIO.framework/ImageIO.tbd
_kCGImagePropertyDICOMHPGLContourPenNumber	System/Library/Frameworks/ImageIO.framework/ImageIO.tbd
_kCGImagePropertyDICOMHPGLDocument	System/Library/Frameworks/ImageIO.framework/ImageIO.tbd
_kCGImagePropertyDICOMHPGLDocumentID	System/Library/Frameworks/ImageIO.framework/ImageIO.tbd
_kCGImagePropertyDICOMHPGLDocumentLabel	System/Library/Frameworks/ImageIO.framework/ImageIO.tbd
_kCGImagePropertyDICOMHPGLDocumentScaling	System/Library/Frameworks/ImageIO.framework/ImageIO.tbd
_kCGImagePropertyDICOMHPGLDocumentSequence	System/Library/Frameworks/ImageIO.framework/ImageIO.tbd
_kCGImagePropertyDICOMHPGLPenDescription	System/Library/Frameworks/ImageIO.framework/ImageIO.tbd
_kCGImagePropertyDICOMHPGLPenLabel	System/Library/Frameworks/ImageIO.framework/ImageIO.tbd
_kCGImagePropertyDICOMHPGLPenNumber	System/Library/Frameworks/ImageIO.framework/ImageIO.tbd
_kCGImagePropertyDICOMHPGLPenSequence	System/Library/Frameworks/ImageIO.framework/ImageIO.tbd
_kCGImagePropertyDICOMHalfValueLayer	System/Library/Frameworks/ImageIO.framework/ImageIO.tbd
_kCGImagePropertyDICOMHangingProtocolCreationDateTime	System/Library/Frameworks/ImageIO.framework/ImageIO.tbd
_kCGImagePropertyDICOMHangingProtocolCreator	System/Library/Frameworks/ImageIO.framework/ImageIO.tbd
_kCGImagePropertyDICOMHangingProtocolDefinitionSequence	System/Library/Frameworks/ImageIO.framework/ImageIO.tbd
_kCGImagePropertyDICOMHangingProtocolDescription	System/Library/Frameworks/ImageIO.framework/ImageIO.tbd
_kCGImagePropertyDICOMHangingProtocolLevel	System/Library/Frameworks/ImageIO.framework/ImageIO.tbd
_kCGImagePropertyDICOMHangingProtocolName	System/Library/Frameworks/ImageIO.framework/ImageIO.tbd
_kCGImagePropertyDICOMHangingProtocolUserGroupName	System/Library/Frameworks/ImageIO.framework/ImageIO.tbd
_kCGImagePropertyDICOMHangingProtocolUserIdentificationCodeSequence	System/Library/Frameworks/ImageIO.framework/ImageIO.tbd
_kCGImagePropertyDICOMHardcopyCreationDeviceID	System/Library/Frameworks/ImageIO.framework/ImageIO.tbd
_kCGImagePropertyDICOMHardcopyDeviceManufacturer	System/Library/Frameworks/ImageIO.framework/ImageIO.tbd
_kCGImagePropertyDICOMHardcopyDeviceManufacturerModelName	System/Library/Frameworks/ImageIO.framework/ImageIO.tbd
_kCGImagePropertyDICOMHardcopyDeviceSoftwareVersion	System/Library/Frameworks/ImageIO.framework/ImageIO.tbd
_kCGImagePropertyDICOMHeadFixationAngle	System/Library/Frameworks/ImageIO.framework/ImageIO.tbd
_kCGImagePropertyDICOMHeadFixationAngleTolerance	System/Library/Frameworks/ImageIO.framework/ImageIO.tbd
_kCGImagePropertyDICOMHeartRate	System/Library/Frameworks/ImageIO.framework/ImageIO.tbd
_kCGImagePropertyDICOMHighBit	System/Library/Frameworks/ImageIO.framework/ImageIO.tbd
_kCGImagePropertyDICOMHighDoseTechniqueType	System/Library/Frameworks/ImageIO.framework/ImageIO.tbd
_kCGImagePropertyDICOMHighEnergyDetectors	System/Library/Frameworks/ImageIO.framework/ImageIO.tbd
_kCGImagePropertyDICOMHighRRValue	System/Library/Frameworks/ImageIO.framework/ImageIO.tbd
_kCGImagePropertyDICOMHistogramBinWidth	System/Library/Frameworks/ImageIO.framework/ImageIO.tbd
_kCGImagePropertyDICOMHistogramData	System/Library/Frameworks/ImageIO.framework/ImageIO.tbd
_kCGImagePropertyDICOMHistogramExplanation	System/Library/Frameworks/ImageIO.framework/ImageIO.tbd
_kCGImagePropertyDICOMHistogramFirstBinValue	System/Library/Frameworks/ImageIO.framework/ImageIO.tbd
_kCGImagePropertyDICOMHistogramLastBinValue	System/Library/Frameworks/ImageIO.framework/ImageIO.tbd
_kCGImagePropertyDICOMHistogramNumberOfBins	System/Library/Frameworks/ImageIO.framework/ImageIO.tbd
_kCGImagePropertyDICOMHistogramSequence	System/Library/Frameworks/ImageIO.framework/ImageIO.tbd
_kCGImagePropertyDICOMHomeCommunityID	System/Library/Frameworks/ImageIO.framework/ImageIO.tbd
_kCGImagePropertyDICOMHorizontalAlignment	System/Library/Frameworks/ImageIO.framework/ImageIO.tbd
_kCGImagePropertyDICOMHorizontalFieldOfView	System/Library/Frameworks/ImageIO.framework/ImageIO.tbd
_kCGImagePropertyDICOMHorizontalOffsetOfSensor	System/Library/Frameworks/ImageIO.framework/ImageIO.tbd
_kCGImagePropertyDICOMHorizontalPrismBase	System/Library/Frameworks/ImageIO.framework/ImageIO.tbd
_kCGImagePropertyDICOMHorizontalPrismPower	System/Library/Frameworks/ImageIO.framework/ImageIO.tbd
_kCGImagePropertyDICOMHuffmanTableSize	System/Library/Frameworks/ImageIO.framework/ImageIO.tbd
_kCGImagePropertyDICOMHuffmanTableTriplet	System/Library/Frameworks/ImageIO.framework/ImageIO.tbd
_kCGImagePropertyDICOMHumanPerformerCodeSequence	System/Library/Frameworks/ImageIO.framework/ImageIO.tbd
_kCGImagePropertyDICOMHumanPerformerName	System/Library/Frameworks/ImageIO.framework/ImageIO.tbd
_kCGImagePropertyDICOMHumanPerformerOrganization	System/Library/Frameworks/ImageIO.framework/ImageIO.tbd
_kCGImagePropertyDICOMHumidity	System/Library/Frameworks/ImageIO.framework/ImageIO.tbd
_kCGImagePropertyDICOMICCProfile	System/Library/Frameworks/ImageIO.framework/ImageIO.tbd
_kCGImagePropertyDICOMIOLFormulaCodeSequence	System/Library/Frameworks/ImageIO.framework/ImageIO.tbd
_kCGImagePropertyDICOMIOLFormulaDetail	System/Library/Frameworks/ImageIO.framework/ImageIO.tbd
_kCGImagePropertyDICOMIOLManufacturer	System/Library/Frameworks/ImageIO.framework/ImageIO.tbd
_kCGImagePropertyDICOMIOLPower	System/Library/Frameworks/ImageIO.framework/ImageIO.tbd
_kCGImagePropertyDICOMIOLPowerForExactEmmetropia	System/Library/Frameworks/ImageIO.framework/ImageIO.tbd
_kCGImagePropertyDICOMIOLPowerForExactTargetRefraction	System/Library/Frameworks/ImageIO.framework/ImageIO.tbd
_kCGImagePropertyDICOMIOLPowerSequence	System/Library/Frameworks/ImageIO.framework/ImageIO.tbd
_kCGImagePropertyDICOMISOSpeed	System/Library/Frameworks/ImageIO.framework/ImageIO.tbd
_kCGImagePropertyDICOMISOSpeedLatitudeyyy	System/Library/Frameworks/ImageIO.framework/ImageIO.tbd
_kCGImagePropertyDICOMISOSpeedLatitudezzz	System/Library/Frameworks/ImageIO.framework/ImageIO.tbd
_kCGImagePropertyDICOMIVUSAcquisition	System/Library/Frameworks/ImageIO.framework/ImageIO.tbd
_kCGImagePropertyDICOMIVUSGatedRate	System/Library/Frameworks/ImageIO.framework/ImageIO.tbd
_kCGImagePropertyDICOMIVUSPullbackRate	System/Library/Frameworks/ImageIO.framework/ImageIO.tbd
_kCGImagePropertyDICOMIVUSPullbackStartFrameNumber	System/Library/Frameworks/ImageIO.framework/ImageIO.tbd
_kCGImagePropertyDICOMIVUSPullbackStopFrameNumber	System/Library/Frameworks/ImageIO.framework/ImageIO.tbd
_kCGImagePropertyDICOMIconImageSequence	System/Library/Frameworks/ImageIO.framework/ImageIO.tbd
_kCGImagePropertyDICOMIdenticalDocumentsSequence	System/Library/Frameworks/ImageIO.framework/ImageIO.tbd
_kCGImagePropertyDICOMIdentificationDescriptionTrial	System/Library/Frameworks/ImageIO.framework/ImageIO.tbd
_kCGImagePropertyDICOMIdentifierCodeSequenceTrial	System/Library/Frameworks/ImageIO.framework/ImageIO.tbd
_kCGImagePropertyDICOMIdentifierTypeCode	System/Library/Frameworks/ImageIO.framework/ImageIO.tbd
_kCGImagePropertyDICOMIdentifyingComments	System/Library/Frameworks/ImageIO.framework/ImageIO.tbd
_kCGImagePropertyDICOMIdentifyingPrivateElements	System/Library/Frameworks/ImageIO.framework/ImageIO.tbd
_kCGImagePropertyDICOMIllumination	System/Library/Frameworks/ImageIO.framework/ImageIO.tbd
_kCGImagePropertyDICOMIlluminationBandwidth	System/Library/Frameworks/ImageIO.framework/ImageIO.tbd
_kCGImagePropertyDICOMIlluminationColorCodeSequence	System/Library/Frameworks/ImageIO.framework/ImageIO.tbd
_kCGImagePropertyDICOMIlluminationPower	System/Library/Frameworks/ImageIO.framework/ImageIO.tbd
_kCGImagePropertyDICOMIlluminationTranslationFlag	System/Library/Frameworks/ImageIO.framework/ImageIO.tbd
_kCGImagePropertyDICOMIlluminationTypeCodeSequence	System/Library/Frameworks/ImageIO.framework/ImageIO.tbd
_kCGImagePropertyDICOMIlluminationWaveLength	System/Library/Frameworks/ImageIO.framework/ImageIO.tbd
_kCGImagePropertyDICOMIlluminatorTypeCodeSequence	System/Library/Frameworks/ImageIO.framework/ImageIO.tbd
_kCGImagePropertyDICOMImageAndFluoroscopyAreaDoseProduct	System/Library/Frameworks/ImageIO.framework/ImageIO.tbd
_kCGImagePropertyDICOMImageBoxContentSequence	System/Library/Frameworks/ImageIO.framework/ImageIO.tbd
_kCGImagePropertyDICOMImageBoxLargeScrollAmount	System/Library/Frameworks/ImageIO.framework/ImageIO.tbd
_kCGImagePropertyDICOMImageBoxLargeScrollType	System/Library/Frameworks/ImageIO.framework/ImageIO.tbd
_kCGImagePropertyDICOMImageBoxLayoutType	System/Library/Frameworks/ImageIO.framework/ImageIO.tbd
_kCGImagePropertyDICOMImageBoxNumber	System/Library/Frameworks/ImageIO.framework/ImageIO.tbd
_kCGImagePropertyDICOMImageBoxOverlapPriority	System/Library/Frameworks/ImageIO.framework/ImageIO.tbd
_kCGImagePropertyDICOMImageBoxPosition	System/Library/Frameworks/ImageIO.framework/ImageIO.tbd
_kCGImagePropertyDICOMImageBoxPresentationLUTFlag	System/Library/Frameworks/ImageIO.framework/ImageIO.tbd
_kCGImagePropertyDICOMImageBoxScrollDirection	System/Library/Frameworks/ImageIO.framework/ImageIO.tbd
_kCGImagePropertyDICOMImageBoxSmallScrollAmount	System/Library/Frameworks/ImageIO.framework/ImageIO.tbd
_kCGImagePropertyDICOMImageBoxSmallScrollType	System/Library/Frameworks/ImageIO.framework/ImageIO.tbd
_kCGImagePropertyDICOMImageBoxSynchronizationSequence	System/Library/Frameworks/ImageIO.framework/ImageIO.tbd
_kCGImagePropertyDICOMImageBoxTileHorizontalDimension	System/Library/Frameworks/ImageIO.framework/ImageIO.tbd
_kCGImagePropertyDICOMImageBoxTileVerticalDimension	System/Library/Frameworks/ImageIO.framework/ImageIO.tbd
_kCGImagePropertyDICOMImageBoxesSequence	System/Library/Frameworks/ImageIO.framework/ImageIO.tbd
_kCGImagePropertyDICOMImageCenterPointCoordinatesSequence	System/Library/Frameworks/ImageIO.framework/ImageIO.tbd
_kCGImagePropertyDICOMImageComments	System/Library/Frameworks/ImageIO.framework/ImageIO.tbd
_kCGImagePropertyDICOMImageDataLocation	System/Library/Frameworks/ImageIO.framework/ImageIO.tbd
_kCGImagePropertyDICOMImageDataTypeCodeSequence	System/Library/Frameworks/ImageIO.framework/ImageIO.tbd
_kCGImagePropertyDICOMImageDataTypeSequence	System/Library/Frameworks/ImageIO.framework/ImageIO.tbd
_kCGImagePropertyDICOMImageDimensions	System/Library/Frameworks/ImageIO.framework/ImageIO.tbd
_kCGImagePropertyDICOMImageDisplayFormat	System/Library/Frameworks/ImageIO.framework/ImageIO.tbd
_kCGImagePropertyDICOMImageFilter	System/Library/Frameworks/ImageIO.framework/ImageIO.tbd
_kCGImagePropertyDICOMImageFilterDescription	System/Library/Frameworks/ImageIO.framework/ImageIO.tbd
_kCGImagePropertyDICOMImageFilterDetailsSequence	System/Library/Frameworks/ImageIO.framework/ImageIO.tbd
_kCGImagePropertyDICOMImageFormat	System/Library/Frameworks/ImageIO.framework/ImageIO.tbd
_kCGImagePropertyDICOMImageFrameOrigin	System/Library/Frameworks/ImageIO.framework/ImageIO.tbd
_kCGImagePropertyDICOMImageGeometryType	System/Library/Frameworks/ImageIO.framework/ImageIO.tbd
_kCGImagePropertyDICOMImageHorizontalFlip	System/Library/Frameworks/ImageIO.framework/ImageIO.tbd
_kCGImagePropertyDICOMImageID	System/Library/Frameworks/ImageIO.framework/ImageIO.tbd
_kCGImagePropertyDICOMImageIndex	System/Library/Frameworks/ImageIO.framework/ImageIO.tbd
_kCGImagePropertyDICOMImageLaterality	System/Library/Frameworks/ImageIO.framework/ImageIO.tbd
_kCGImagePropertyDICOMImageLocation	System/Library/Frameworks/ImageIO.framework/ImageIO.tbd
_kCGImagePropertyDICOMImageOrientation	System/Library/Frameworks/ImageIO.framework/ImageIO.tbd
_kCGImagePropertyDICOMImageOrientationPatient	System/Library/Frameworks/ImageIO.framework/ImageIO.tbd
_kCGImagePropertyDICOMImageOrientationSlide	System/Library/Frameworks/ImageIO.framework/ImageIO.tbd
_kCGImagePropertyDICOMImageOrientationVolume	System/Library/Frameworks/ImageIO.framework/ImageIO.tbd
_kCGImagePropertyDICOMImageOverlayBoxContentSequence	System/Library/Frameworks/ImageIO.framework/ImageIO.tbd
_kCGImagePropertyDICOMImageOverlayFlag	System/Library/Frameworks/ImageIO.framework/ImageIO.tbd
_kCGImagePropertyDICOMImagePathFilterPassBand	System/Library/Frameworks/ImageIO.framework/ImageIO.tbd
_kCGImagePropertyDICOMImagePathFilterPassThroughWavelength	System/Library/Frameworks/ImageIO.framework/ImageIO.tbd
_kCGImagePropertyDICOMImagePathFilterTypeStackCodeSequence	System/Library/Frameworks/ImageIO.framework/ImageIO.tbd
_kCGImagePropertyDICOMImagePlanePixelSpacing	System/Library/Frameworks/ImageIO.framework/ImageIO.tbd
_kCGImagePropertyDICOMImagePosition	System/Library/Frameworks/ImageIO.framework/ImageIO.tbd
_kCGImagePropertyDICOMImagePositionPatient	System/Library/Frameworks/ImageIO.framework/ImageIO.tbd
_kCGImagePropertyDICOMImagePositionVolume	System/Library/Frameworks/ImageIO.framework/ImageIO.tbd
_kCGImagePropertyDICOMImagePresentationComments	System/Library/Frameworks/ImageIO.framework/ImageIO.tbd
_kCGImagePropertyDICOMImageProcessingApplied	System/Library/Frameworks/ImageIO.framework/ImageIO.tbd
_kCGImagePropertyDICOMImageQualityIndicatorMaterial	System/Library/Frameworks/ImageIO.framework/ImageIO.tbd
_kCGImagePropertyDICOMImageQualityIndicatorSize	System/Library/Frameworks/ImageIO.framework/ImageIO.tbd
_kCGImagePropertyDICOMImageQualityIndicatorType	System/Library/Frameworks/ImageIO.framework/ImageIO.tbd
_kCGImagePropertyDICOMImageReceptorPositionSequence	System/Library/Frameworks/ImageIO.framework/ImageIO.tbd
_kCGImagePropertyDICOMImageRotation	System/Library/Frameworks/ImageIO.framework/ImageIO.tbd
_kCGImagePropertyDICOMImageRotationRetired	System/Library/Frameworks/ImageIO.framework/ImageIO.tbd
_kCGImagePropertyDICOMImageScaleRepresentation	System/Library/Frameworks/ImageIO.framework/ImageIO.tbd
_kCGImagePropertyDICOMImageSetLabel	System/Library/Frameworks/ImageIO.framework/ImageIO.tbd
_kCGImagePropertyDICOMImageSetNumber	System/Library/Frameworks/ImageIO.framework/ImageIO.tbd
_kCGImagePropertyDICOMImageSetSelectorCategory	System/Library/Frameworks/ImageIO.framework/ImageIO.tbd
_kCGImagePropertyDICOMImageSetSelectorSequence	System/Library/Frameworks/ImageIO.framework/ImageIO.tbd
_kCGImagePropertyDICOMImageSetSelectorUsageFlag	System/Library/Frameworks/ImageIO.framework/ImageIO.tbd
_kCGImagePropertyDICOMImageSetsSequence	System/Library/Frameworks/ImageIO.framework/ImageIO.tbd
_kCGImagePropertyDICOMImageToEquipmentMappingMatrix	System/Library/Frameworks/ImageIO.framework/ImageIO.tbd
_kCGImagePropertyDICOMImageTransformationMatrix	System/Library/Frameworks/ImageIO.framework/ImageIO.tbd
_kCGImagePropertyDICOMImageTranslationVector	System/Library/Frameworks/ImageIO.framework/ImageIO.tbd
_kCGImagePropertyDICOMImageTriggerDelay	System/Library/Frameworks/ImageIO.framework/ImageIO.tbd
_kCGImagePropertyDICOMImageType	System/Library/Frameworks/ImageIO.framework/ImageIO.tbd
_kCGImagePropertyDICOMImageVolumeGeometry	System/Library/Frameworks/ImageIO.framework/ImageIO.tbd
_kCGImagePropertyDICOMImagedNucleus	System/Library/Frameworks/ImageIO.framework/ImageIO.tbd
_kCGImagePropertyDICOMImagedVolumeDepth	System/Library/Frameworks/ImageIO.framework/ImageIO.tbd
_kCGImagePropertyDICOMImagedVolumeHeight	System/Library/Frameworks/ImageIO.framework/ImageIO.tbd
_kCGImagePropertyDICOMImagedVolumeWidth	System/Library/Frameworks/ImageIO.framework/ImageIO.tbd
_kCGImagePropertyDICOMImagerPixelSpacing	System/Library/Frameworks/ImageIO.framework/ImageIO.tbd
_kCGImagePropertyDICOMImagesInAcquisition	System/Library/Frameworks/ImageIO.framework/ImageIO.tbd
_kCGImagePropertyDICOMImagesInSeries	System/Library/Frameworks/ImageIO.framework/ImageIO.tbd
_kCGImagePropertyDICOMImagesInStudy	System/Library/Frameworks/ImageIO.framework/ImageIO.tbd
_kCGImagePropertyDICOMImagingApertureSequence	System/Library/Frameworks/ImageIO.framework/ImageIO.tbd
_kCGImagePropertyDICOMImagingApertureSpecificationType	System/Library/Frameworks/ImageIO.framework/ImageIO.tbd
_kCGImagePropertyDICOMImagingDeviceLocationMatrixSequence	System/Library/Frameworks/ImageIO.framework/ImageIO.tbd
_kCGImagePropertyDICOMImagingDeviceLocationParameterSequence	System/Library/Frameworks/ImageIO.framework/ImageIO.tbd
_kCGImagePropertyDICOMImagingDeviceSpecificAcquisitionParameters	System/Library/Frameworks/ImageIO.framework/ImageIO.tbd
_kCGImagePropertyDICOMImagingFrequency	System/Library/Frameworks/ImageIO.framework/ImageIO.tbd
_kCGImagePropertyDICOMImagingServiceRequestComments	System/Library/Frameworks/ImageIO.framework/ImageIO.tbd
_kCGImagePropertyDICOMImagingSourceLocationSpecificationType	System/Library/Frameworks/ImageIO.framework/ImageIO.tbd
_kCGImagePropertyDICOMImagingSourcePositionSequence	System/Library/Frameworks/ImageIO.framework/ImageIO.tbd
_kCGImagePropertyDICOMImagingSourceToBeamModifierDefinitionPlaneDistance	System/Library/Frameworks/ImageIO.framework/ImageIO.tbd
_kCGImagePropertyDICOMImmersionMedia	System/Library/Frameworks/ImageIO.framework/ImageIO.tbd
_kCGImagePropertyDICOMImpedanceMeasurementCurrentType	System/Library/Frameworks/ImageIO.framework/ImageIO.tbd
_kCGImagePropertyDICOMImpedanceMeasurementDateTime	System/Library/Frameworks/ImageIO.framework/ImageIO.tbd
_kCGImagePropertyDICOMImpedanceMeasurementFrequency	System/Library/Frameworks/ImageIO.framework/ImageIO.tbd
_kCGImagePropertyDICOMImpedanceValue	System/Library/Frameworks/ImageIO.framework/ImageIO.tbd
_kCGImagePropertyDICOMImplantAssemblyTemplateIssuer	System/Library/Frameworks/ImageIO.framework/ImageIO.tbd
_kCGImagePropertyDICOMImplantAssemblyTemplateName	System/Library/Frameworks/ImageIO.framework/ImageIO.tbd
_kCGImagePropertyDICOMImplantAssemblyTemplateTargetAnatomySequence	System/Library/Frameworks/ImageIO.framework/ImageIO.tbd
_kCGImagePropertyDICOMImplantAssemblyTemplateType	System/Library/Frameworks/ImageIO.framework/ImageIO.tbd
_kCGImagePropertyDICOMImplantAssemblyTemplateVersion	System/Library/Frameworks/ImageIO.framework/ImageIO.tbd
_kCGImagePropertyDICOMImplantName	System/Library/Frameworks/ImageIO.framework/ImageIO.tbd
_kCGImagePropertyDICOMImplantPartNumber	System/Library/Frameworks/ImageIO.framework/ImageIO.tbd
_kCGImagePropertyDICOMImplantRegulatoryDisapprovalCodeSequence	System/Library/Frameworks/ImageIO.framework/ImageIO.tbd
_kCGImagePropertyDICOMImplantSize	System/Library/Frameworks/ImageIO.framework/ImageIO.tbd
_kCGImagePropertyDICOMImplantTargetAnatomySequence	System/Library/Frameworks/ImageIO.framework/ImageIO.tbd
_kCGImagePropertyDICOMImplantTemplate3DModelSurfaceNumber	System/Library/Frameworks/ImageIO.framework/ImageIO.tbd
_kCGImagePropertyDICOMImplantTemplateGroupDescription	System/Library/Frameworks/ImageIO.framework/ImageIO.tbd
_kCGImagePropertyDICOMImplantTemplateGroupIssuer	System/Library/Frameworks/ImageIO.framework/ImageIO.tbd
_kCGImagePropertyDICOMImplantTemplateGroupMemberID	System/Library/Frameworks/ImageIO.framework/ImageIO.tbd
_kCGImagePropertyDICOMImplantTemplateGroupMemberMatching2DCoordinatesSequence	System/Library/Frameworks/ImageIO.framework/ImageIO.tbd
_kCGImagePropertyDICOMImplantTemplateGroupMembersSequence	System/Library/Frameworks/ImageIO.framework/ImageIO.tbd
_kCGImagePropertyDICOMImplantTemplateGroupName	System/Library/Frameworks/ImageIO.framework/ImageIO.tbd
_kCGImagePropertyDICOMImplantTemplateGroupTargetAnatomySequence	System/Library/Frameworks/ImageIO.framework/ImageIO.tbd
_kCGImagePropertyDICOMImplantTemplateGroupVariationDimensionName	System/Library/Frameworks/ImageIO.framework/ImageIO.tbd
_kCGImagePropertyDICOMImplantTemplateGroupVariationDimensionRank	System/Library/Frameworks/ImageIO.framework/ImageIO.tbd
_kCGImagePropertyDICOMImplantTemplateGroupVariationDimensionRankSequence	System/Library/Frameworks/ImageIO.framework/ImageIO.tbd
_kCGImagePropertyDICOMImplantTemplateGroupVariationDimensionSequence	System/Library/Frameworks/ImageIO.framework/ImageIO.tbd
_kCGImagePropertyDICOMImplantTemplateGroupVersion	System/Library/Frameworks/ImageIO.framework/ImageIO.tbd
_kCGImagePropertyDICOMImplantTemplateVersion	System/Library/Frameworks/ImageIO.framework/ImageIO.tbd
_kCGImagePropertyDICOMImplantType	System/Library/Frameworks/ImageIO.framework/ImageIO.tbd
_kCGImagePropertyDICOMImplantTypeCodeSequence	System/Library/Frameworks/ImageIO.framework/ImageIO.tbd
_kCGImagePropertyDICOMImplementationClassUID	System/Library/Frameworks/ImageIO.framework/ImageIO.tbd
_kCGImagePropertyDICOMImplementationVersionName	System/Library/Frameworks/ImageIO.framework/ImageIO.tbd
_kCGImagePropertyDICOMImpressions	System/Library/Frameworks/ImageIO.framework/ImageIO.tbd
_kCGImagePropertyDICOMInConcatenationNumber	System/Library/Frameworks/ImageIO.framework/ImageIO.tbd
_kCGImagePropertyDICOMInConcatenationTotalNumber	System/Library/Frameworks/ImageIO.framework/ImageIO.tbd
_kCGImagePropertyDICOMInPlanePhaseEncodingDirection	System/Library/Frameworks/ImageIO.framework/ImageIO.tbd
_kCGImagePropertyDICOMInStackPositionNumber	System/Library/Frameworks/ImageIO.framework/ImageIO.tbd
_kCGImagePropertyDICOMInboundArrivalType	System/Library/Frameworks/ImageIO.framework/ImageIO.tbd
_kCGImagePropertyDICOMIncidentAngle	System/Library/Frameworks/ImageIO.framework/ImageIO.tbd
_kCGImagePropertyDICOMIncludeDisplayApplication	System/Library/Frameworks/ImageIO.framework/ImageIO.tbd
_kCGImagePropertyDICOMIncludeNonDICOMObjects	System/Library/Frameworks/ImageIO.framework/ImageIO.tbd
_kCGImagePropertyDICOMIncludesImagingSubject	System/Library/Frameworks/ImageIO.framework/ImageIO.tbd
_kCGImagePropertyDICOMIncludesInformation	System/Library/Frameworks/ImageIO.framework/ImageIO.tbd
_kCGImagePropertyDICOMIncorporatedInventoryInstanceSequence	System/Library/Frameworks/ImageIO.framework/ImageIO.tbd
_kCGImagePropertyDICOMIndexNormalsFlag	System/Library/Frameworks/ImageIO.framework/ImageIO.tbd
_kCGImagePropertyDICOMIndexProbability	System/Library/Frameworks/ImageIO.framework/ImageIO.tbd
_kCGImagePropertyDICOMIndexProbabilitySequence	System/Library/Frameworks/ImageIO.framework/ImageIO.tbd
_kCGImagePropertyDICOMIndicationDescription	System/Library/Frameworks/ImageIO.framework/ImageIO.tbd
_kCGImagePropertyDICOMIndicationDisposition	System/Library/Frameworks/ImageIO.framework/ImageIO.tbd
_kCGImagePropertyDICOMIndicationLabel	System/Library/Frameworks/ImageIO.framework/ImageIO.tbd
_kCGImagePropertyDICOMIndicationNumber	System/Library/Frameworks/ImageIO.framework/ImageIO.tbd
_kCGImagePropertyDICOMIndicationPhysicalPropertySequence	System/Library/Frameworks/ImageIO.framework/ImageIO.tbd
_kCGImagePropertyDICOMIndicationROISequence	System/Library/Frameworks/ImageIO.framework/ImageIO.tbd
_kCGImagePropertyDICOMIndicationSequence	System/Library/Frameworks/ImageIO.framework/ImageIO.tbd
_kCGImagePropertyDICOMIndicationType	System/Library/Frameworks/ImageIO.framework/ImageIO.tbd
_kCGImagePropertyDICOMInformationFromManufacturerSequence	System/Library/Frameworks/ImageIO.framework/ImageIO.tbd
_kCGImagePropertyDICOMInformationIssueDateTime	System/Library/Frameworks/ImageIO.framework/ImageIO.tbd
_kCGImagePropertyDICOMInformationSummary	System/Library/Frameworks/ImageIO.framework/ImageIO.tbd
_kCGImagePropertyDICOMInitialCineRunState	System/Library/Frameworks/ImageIO.framework/ImageIO.tbd
_kCGImagePropertyDICOMInnerDiameter	System/Library/Frameworks/ImageIO.framework/ImageIO.tbd
_kCGImagePropertyDICOMInputAvailabilityFlag	System/Library/Frameworks/ImageIO.framework/ImageIO.tbd
_kCGImagePropertyDICOMInputInformationSequence	System/Library/Frameworks/ImageIO.framework/ImageIO.tbd
_kCGImagePropertyDICOMInputReadinessState	System/Library/Frameworks/ImageIO.framework/ImageIO.tbd
_kCGImagePropertyDICOMInputSequencePositionIndex	System/Library/Frameworks/ImageIO.framework/ImageIO.tbd
_kCGImagePropertyDICOMInspectionSelectionCriteria	System/Library/Frameworks/ImageIO.framework/ImageIO.tbd
_kCGImagePropertyDICOMInstanceAvailability	System/Library/Frameworks/ImageIO.framework/ImageIO.tbd
_kCGImagePropertyDICOMInstanceCoercionDateTime	System/Library/Frameworks/ImageIO.framework/ImageIO.tbd
_kCGImagePropertyDICOMInstanceCreationDate	System/Library/Frameworks/ImageIO.framework/ImageIO.tbd
_kCGImagePropertyDICOMInstanceCreationTime	System/Library/Frameworks/ImageIO.framework/ImageIO.tbd
_kCGImagePropertyDICOMInstanceCreatorUID	System/Library/Frameworks/ImageIO.framework/ImageIO.tbd
_kCGImagePropertyDICOMInstanceLevelReferencedPerformedProcedureStepSequence	System/Library/Frameworks/ImageIO.framework/ImageIO.tbd
_kCGImagePropertyDICOMInstanceNumber	System/Library/Frameworks/ImageIO.framework/ImageIO.tbd
_kCGImagePropertyDICOMInstanceOriginStatus	System/Library/Frameworks/ImageIO.framework/ImageIO.tbd
_kCGImagePropertyDICOMInstitutionAddress	System/Library/Frameworks/ImageIO.framework/ImageIO.tbd
_kCGImagePropertyDICOMInstitutionCodeSequence	System/Library/Frameworks/ImageIO.framework/ImageIO.tbd
_kCGImagePropertyDICOMInstitutionName	System/Library/Frameworks/ImageIO.framework/ImageIO.tbd
_kCGImagePropertyDICOMInstitutionalDepartmentName	System/Library/Frameworks/ImageIO.framework/ImageIO.tbd
_kCGImagePropertyDICOMInstitutionalDepartmentTypeCodeSequence	System/Library/Frameworks/ImageIO.framework/ImageIO.tbd
_kCGImagePropertyDICOMInstructionDescription	System/Library/Frameworks/ImageIO.framework/ImageIO.tbd
_kCGImagePropertyDICOMInstructionIndex	System/Library/Frameworks/ImageIO.framework/ImageIO.tbd
_kCGImagePropertyDICOMInstructionPerformanceComment	System/Library/Frameworks/ImageIO.framework/ImageIO.tbd
_kCGImagePropertyDICOMInstructionPerformedDateTime	System/Library/Frameworks/ImageIO.framework/ImageIO.tbd
_kCGImagePropertyDICOMInstructionPerformedFlag	System/Library/Frameworks/ImageIO.framework/ImageIO.tbd
_kCGImagePropertyDICOMInstructionSequence	System/Library/Frameworks/ImageIO.framework/ImageIO.tbd
_kCGImagePropertyDICOMInstructionText	System/Library/Frameworks/ImageIO.framework/ImageIO.tbd
_kCGImagePropertyDICOMInsurancePlanIdentification	System/Library/Frameworks/ImageIO.framework/ImageIO.tbd
_kCGImagePropertyDICOMIntendedDeliveryDuration	System/Library/Frameworks/ImageIO.framework/ImageIO.tbd
_kCGImagePropertyDICOMIntendedFractionStartTime	System/Library/Frameworks/ImageIO.framework/ImageIO.tbd
_kCGImagePropertyDICOMIntendedNumberOfFractions	System/Library/Frameworks/ImageIO.framework/ImageIO.tbd
_kCGImagePropertyDICOMIntendedPhaseEndDate	System/Library/Frameworks/ImageIO.framework/ImageIO.tbd
_kCGImagePropertyDICOMIntendedPhaseStartDate	System/Library/Frameworks/ImageIO.framework/ImageIO.tbd
_kCGImagePropertyDICOMIntendedRTTreatmentPhaseSequence	System/Library/Frameworks/ImageIO.framework/ImageIO.tbd
_kCGImagePropertyDICOMIntendedRecipientsOfResultsIdentificationSequence	System/Library/Frameworks/ImageIO.framework/ImageIO.tbd
_kCGImagePropertyDICOMIntendedStartDayOfWeek	System/Library/Frameworks/ImageIO.framework/ImageIO.tbd
_kCGImagePropertyDICOMIntensifierActiveDimensions	System/Library/Frameworks/ImageIO.framework/ImageIO.tbd
_kCGImagePropertyDICOMIntensifierActiveShape	System/Library/Frameworks/ImageIO.framework/ImageIO.tbd
_kCGImagePropertyDICOMIntensifierSize	System/Library/Frameworks/ImageIO.framework/ImageIO.tbd
_kCGImagePropertyDICOMInterMarkerDistance	System/Library/Frameworks/ImageIO.framework/ImageIO.tbd
_kCGImagePropertyDICOMInterlockCodeSequence	System/Library/Frameworks/ImageIO.framework/ImageIO.tbd
_kCGImagePropertyDICOMInterlockDateTime	System/Library/Frameworks/ImageIO.framework/ImageIO.tbd
_kCGImagePropertyDICOMInterlockDescription	System/Library/Frameworks/ImageIO.framework/ImageIO.tbd
_kCGImagePropertyDICOMInterlockOriginDescription	System/Library/Frameworks/ImageIO.framework/ImageIO.tbd
_kCGImagePropertyDICOMInterlockOriginatingDeviceSequence	System/Library/Frameworks/ImageIO.framework/ImageIO.tbd
_kCGImagePropertyDICOMInterlockResolutionCodeSequence	System/Library/Frameworks/ImageIO.framework/ImageIO.tbd
_kCGImagePropertyDICOMInterlockResolutionUserSequence	System/Library/Frameworks/ImageIO.framework/ImageIO.tbd
_kCGImagePropertyDICOMInterlockSequence	System/Library/Frameworks/ImageIO.framework/ImageIO.tbd
_kCGImagePropertyDICOMIntermediatePupillaryDistance	System/Library/Frameworks/ImageIO.framework/ImageIO.tbd
_kCGImagePropertyDICOMInternalDetectorFrameTime	System/Library/Frameworks/ImageIO.framework/ImageIO.tbd
_kCGImagePropertyDICOMInternationalRouteSegment	System/Library/Frameworks/ImageIO.framework/ImageIO.tbd
_kCGImagePropertyDICOMInteroperabilityIndex	System/Library/Frameworks/ImageIO.framework/ImageIO.tbd
_kCGImagePropertyDICOMInteroperabilityVersion	System/Library/Frameworks/ImageIO.framework/ImageIO.tbd
_kCGImagePropertyDICOMInterpolationType	System/Library/Frameworks/ImageIO.framework/ImageIO.tbd
_kCGImagePropertyDICOMInterpretationApprovalDate	System/Library/Frameworks/ImageIO.framework/ImageIO.tbd
_kCGImagePropertyDICOMInterpretationApprovalTime	System/Library/Frameworks/ImageIO.framework/ImageIO.tbd
_kCGImagePropertyDICOMInterpretationApproverSequence	System/Library/Frameworks/ImageIO.framework/ImageIO.tbd
_kCGImagePropertyDICOMInterpretationAuthor	System/Library/Frameworks/ImageIO.framework/ImageIO.tbd
_kCGImagePropertyDICOMInterpretationDiagnosisCodeSequence	System/Library/Frameworks/ImageIO.framework/ImageIO.tbd
_kCGImagePropertyDICOMInterpretationDiagnosisDescription	System/Library/Frameworks/ImageIO.framework/ImageIO.tbd
_kCGImagePropertyDICOMInterpretationID	System/Library/Frameworks/ImageIO.framework/ImageIO.tbd
_kCGImagePropertyDICOMInterpretationIDIssuer	System/Library/Frameworks/ImageIO.framework/ImageIO.tbd
_kCGImagePropertyDICOMInterpretationRecordedDate	System/Library/Frameworks/ImageIO.framework/ImageIO.tbd
_kCGImagePropertyDICOMInterpretationRecordedTime	System/Library/Frameworks/ImageIO.framework/ImageIO.tbd
_kCGImagePropertyDICOMInterpretationRecorder	System/Library/Frameworks/ImageIO.framework/ImageIO.tbd
_kCGImagePropertyDICOMInterpretationStatusID	System/Library/Frameworks/ImageIO.framework/ImageIO.tbd
_kCGImagePropertyDICOMInterpretationText	System/Library/Frameworks/ImageIO.framework/ImageIO.tbd
_kCGImagePropertyDICOMInterpretationTranscriber	System/Library/Frameworks/ImageIO.framework/ImageIO.tbd
_kCGImagePropertyDICOMInterpretationTranscriptionDate	System/Library/Frameworks/ImageIO.framework/ImageIO.tbd
_kCGImagePropertyDICOMInterpretationTranscriptionTime	System/Library/Frameworks/ImageIO.framework/ImageIO.tbd
_kCGImagePropertyDICOMInterpretationTypeID	System/Library/Frameworks/ImageIO.framework/ImageIO.tbd
_kCGImagePropertyDICOMIntervalNumber	System/Library/Frameworks/ImageIO.framework/ImageIO.tbd
_kCGImagePropertyDICOMIntervalsAcquired	System/Library/Frameworks/ImageIO.framework/ImageIO.tbd
_kCGImagePropertyDICOMIntervalsRejected	System/Library/Frameworks/ImageIO.framework/ImageIO.tbd
_kCGImagePropertyDICOMInterventionDescription	System/Library/Frameworks/ImageIO.framework/ImageIO.tbd
_kCGImagePropertyDICOMInterventionDrugCodeSequence	System/Library/Frameworks/ImageIO.framework/ImageIO.tbd
_kCGImagePropertyDICOMInterventionDrugDose	System/Library/Frameworks/ImageIO.framework/ImageIO.tbd
_kCGImagePropertyDICOMInterventionDrugInformationSequence	System/Library/Frameworks/ImageIO.framework/ImageIO.tbd
_kCGImagePropertyDICOMInterventionDrugName	System/Library/Frameworks/ImageIO.framework/ImageIO.tbd
_kCGImagePropertyDICOMInterventionDrugStartTime	System/Library/Frameworks/ImageIO.framework/ImageIO.tbd
_kCGImagePropertyDICOMInterventionDrugStopTime	System/Library/Frameworks/ImageIO.framework/ImageIO.tbd
_kCGImagePropertyDICOMInterventionSequence	System/Library/Frameworks/ImageIO.framework/ImageIO.tbd
_kCGImagePropertyDICOMInterventionStatus	System/Library/Frameworks/ImageIO.framework/ImageIO.tbd
_kCGImagePropertyDICOMIntraOcularPressure	System/Library/Frameworks/ImageIO.framework/ImageIO.tbd
_kCGImagePropertyDICOMIntraocularLensCalculationsLeftEyeSequence	System/Library/Frameworks/ImageIO.framework/ImageIO.tbd
_kCGImagePropertyDICOMIntraocularLensCalculationsRightEyeSequence	System/Library/Frameworks/ImageIO.framework/ImageIO.tbd
_kCGImagePropertyDICOMIntravascularFrameContentSequence	System/Library/Frameworks/ImageIO.framework/ImageIO.tbd
_kCGImagePropertyDICOMIntravascularLongitudinalDistance	System/Library/Frameworks/ImageIO.framework/ImageIO.tbd
_kCGImagePropertyDICOMIntravascularOCTFrameContentSequence	System/Library/Frameworks/ImageIO.framework/ImageIO.tbd
_kCGImagePropertyDICOMIntravascularOCTFrameTypeSequence	System/Library/Frameworks/ImageIO.framework/ImageIO.tbd
_kCGImagePropertyDICOMInventoriedInstancesSequence	System/Library/Frameworks/ImageIO.framework/ImageIO.tbd
_kCGImagePropertyDICOMInventoriedSeriesSequence	System/Library/Frameworks/ImageIO.framework/ImageIO.tbd
_kCGImagePropertyDICOMInventoriedStudiesSequence	System/Library/Frameworks/ImageIO.framework/ImageIO.tbd
_kCGImagePropertyDICOMInventoryAccessEndPointsSequence	System/Library/Frameworks/ImageIO.framework/ImageIO.tbd
_kCGImagePropertyDICOMInventoryCompletionStatus	System/Library/Frameworks/ImageIO.framework/ImageIO.tbd
_kCGImagePropertyDICOMInventoryInstanceDescription	System/Library/Frameworks/ImageIO.framework/ImageIO.tbd
_kCGImagePropertyDICOMInventoryLevel	System/Library/Frameworks/ImageIO.framework/ImageIO.tbd
_kCGImagePropertyDICOMInventoryPurpose	System/Library/Frameworks/ImageIO.framework/ImageIO.tbd
_kCGImagePropertyDICOMInversionRecovery	System/Library/Frameworks/ImageIO.framework/ImageIO.tbd
_kCGImagePropertyDICOMInversionTime	System/Library/Frameworks/ImageIO.framework/ImageIO.tbd
_kCGImagePropertyDICOMInversionTimes	System/Library/Frameworks/ImageIO.framework/ImageIO.tbd
_kCGImagePropertyDICOMIonBeamLimitingDeviceSequence	System/Library/Frameworks/ImageIO.framework/ImageIO.tbd
_kCGImagePropertyDICOMIonBeamSequence	System/Library/Frameworks/ImageIO.framework/ImageIO.tbd
_kCGImagePropertyDICOMIonBlockSequence	System/Library/Frameworks/ImageIO.framework/ImageIO.tbd
_kCGImagePropertyDICOMIonControlPointDeliverySequence	System/Library/Frameworks/ImageIO.framework/ImageIO.tbd
_kCGImagePropertyDICOMIonControlPointSequence	System/Library/Frameworks/ImageIO.framework/ImageIO.tbd
_kCGImagePropertyDICOMIonControlPointVerificationSequence	System/Library/Frameworks/ImageIO.framework/ImageIO.tbd
_kCGImagePropertyDICOMIonMachineVerificationSequence	System/Library/Frameworks/ImageIO.framework/ImageIO.tbd
_kCGImagePropertyDICOMIonRangeCompensatorSequence	System/Library/Frameworks/ImageIO.framework/ImageIO.tbd
_kCGImagePropertyDICOMIonToleranceTableSequence	System/Library/Frameworks/ImageIO.framework/ImageIO.tbd
_kCGImagePropertyDICOMIonWedgePositionSequence	System/Library/Frameworks/ImageIO.framework/ImageIO.tbd
_kCGImagePropertyDICOMIonWedgeSequence	System/Library/Frameworks/ImageIO.framework/ImageIO.tbd
_kCGImagePropertyDICOMIrradiationEventIdentificationSequence	System/Library/Frameworks/ImageIO.framework/ImageIO.tbd
_kCGImagePropertyDICOMIrradiationEventUID	System/Library/Frameworks/ImageIO.framework/ImageIO.tbd
_kCGImagePropertyDICOMIsocenterPosition	System/Library/Frameworks/ImageIO.framework/ImageIO.tbd
_kCGImagePropertyDICOMIsocenterReferenceSystemSequence	System/Library/Frameworks/ImageIO.framework/ImageIO.tbd
_kCGImagePropertyDICOMIsocenterToBeamLimitingDeviceDistance	System/Library/Frameworks/ImageIO.framework/ImageIO.tbd
_kCGImagePropertyDICOMIsocenterToBlockTrayDistance	System/Library/Frameworks/ImageIO.framework/ImageIO.tbd
_kCGImagePropertyDICOMIsocenterToCompensatorDistances	System/Library/Frameworks/ImageIO.framework/ImageIO.tbd
_kCGImagePropertyDICOMIsocenterToCompensatorTrayDistance	System/Library/Frameworks/ImageIO.framework/ImageIO.tbd
_kCGImagePropertyDICOMIsocenterToGeneralAccessoryDistance	System/Library/Frameworks/ImageIO.framework/ImageIO.tbd
_kCGImagePropertyDICOMIsocenterToLateralSpreadingDeviceDistance	System/Library/Frameworks/ImageIO.framework/ImageIO.tbd
_kCGImagePropertyDICOMIsocenterToRangeModulatorDistance	System/Library/Frameworks/ImageIO.framework/ImageIO.tbd
_kCGImagePropertyDICOMIsocenterToRangeShifterDistance	System/Library/Frameworks/ImageIO.framework/ImageIO.tbd
_kCGImagePropertyDICOMIsocenterToWedgeTrayDistance	System/Library/Frameworks/ImageIO.framework/ImageIO.tbd
_kCGImagePropertyDICOMIsotopeNumber	System/Library/Frameworks/ImageIO.framework/ImageIO.tbd
_kCGImagePropertyDICOMIssueDateOfImagingServiceRequest	System/Library/Frameworks/ImageIO.framework/ImageIO.tbd
_kCGImagePropertyDICOMIssueTimeOfImagingServiceRequest	System/Library/Frameworks/ImageIO.framework/ImageIO.tbd
_kCGImagePropertyDICOMIssuerOfAccessionNumberSequence	System/Library/Frameworks/ImageIO.framework/ImageIO.tbd
_kCGImagePropertyDICOMIssuerOfAdmissionID	System/Library/Frameworks/ImageIO.framework/ImageIO.tbd
_kCGImagePropertyDICOMIssuerOfAdmissionIDSequence	System/Library/Frameworks/ImageIO.framework/ImageIO.tbd
_kCGImagePropertyDICOMIssuerOfPatientID	System/Library/Frameworks/ImageIO.framework/ImageIO.tbd
_kCGImagePropertyDICOMIssuerOfPatientIDQualifiersSequence	System/Library/Frameworks/ImageIO.framework/ImageIO.tbd
_kCGImagePropertyDICOMIssuerOfServiceEpisodeID	System/Library/Frameworks/ImageIO.framework/ImageIO.tbd
_kCGImagePropertyDICOMIssuerOfServiceEpisodeIDSequence	System/Library/Frameworks/ImageIO.framework/ImageIO.tbd
_kCGImagePropertyDICOMIssuerOfTheContainerIdentifierSequence	System/Library/Frameworks/ImageIO.framework/ImageIO.tbd
_kCGImagePropertyDICOMIssuerOfTheSpecimenIdentifierSequence	System/Library/Frameworks/ImageIO.framework/ImageIO.tbd
_kCGImagePropertyDICOMItalic	System/Library/Frameworks/ImageIO.framework/ImageIO.tbd
_kCGImagePropertyDICOMItem	System/Library/Frameworks/ImageIO.framework/ImageIO.tbd
_kCGImagePropertyDICOMItemDelimitationItem	System/Library/Frameworks/ImageIO.framework/ImageIO.tbd
_kCGImagePropertyDICOMItemInventoryDateTime	System/Library/Frameworks/ImageIO.framework/ImageIO.tbd
_kCGImagePropertyDICOMItemNumber	System/Library/Frameworks/ImageIO.framework/ImageIO.tbd
_kCGImagePropertyDICOMIterativeReconstructionMethod	System/Library/Frameworks/ImageIO.framework/ImageIO.tbd
_kCGImagePropertyDICOMItineraryID	System/Library/Frameworks/ImageIO.framework/ImageIO.tbd
_kCGImagePropertyDICOMItineraryIDAssigningAuthority	System/Library/Frameworks/ImageIO.framework/ImageIO.tbd
_kCGImagePropertyDICOMItineraryIDType	System/Library/Frameworks/ImageIO.framework/ImageIO.tbd
_kCGImagePropertyDICOMKSpaceFiltering	System/Library/Frameworks/ImageIO.framework/ImageIO.tbd
_kCGImagePropertyDICOMKVImagingGenerationParametersSequence	System/Library/Frameworks/ImageIO.framework/ImageIO.tbd
_kCGImagePropertyDICOMKVP	System/Library/Frameworks/ImageIO.framework/ImageIO.tbd
_kCGImagePropertyDICOMKVUsedInGainCalibration	System/Library/Frameworks/ImageIO.framework/ImageIO.tbd
_kCGImagePropertyDICOMKeratoconusPredictionIndex	System/Library/Frameworks/ImageIO.framework/ImageIO.tbd
_kCGImagePropertyDICOMKeratometerIndex	System/Library/Frameworks/ImageIO.framework/ImageIO.tbd
_kCGImagePropertyDICOMKeratometricAxis	System/Library/Frameworks/ImageIO.framework/ImageIO.tbd
_kCGImagePropertyDICOMKeratometricPower	System/Library/Frameworks/ImageIO.framework/ImageIO.tbd
_kCGImagePropertyDICOMKeratometryLeftEyeSequence	System/Library/Frameworks/ImageIO.framework/ImageIO.tbd
_kCGImagePropertyDICOMKeratometryMeasurementTypeCodeSequence	System/Library/Frameworks/ImageIO.framework/ImageIO.tbd
_kCGImagePropertyDICOMKeratometryRightEyeSequence	System/Library/Frameworks/ImageIO.framework/ImageIO.tbd
_kCGImagePropertyDICOMLINACEnergy	System/Library/Frameworks/ImageIO.framework/ImageIO.tbd
_kCGImagePropertyDICOMLINACOutput	System/Library/Frameworks/ImageIO.framework/ImageIO.tbd
_kCGImagePropertyDICOMLUTData	System/Library/Frameworks/ImageIO.framework/ImageIO.tbd
_kCGImagePropertyDICOMLUTDescriptor	System/Library/Frameworks/ImageIO.framework/ImageIO.tbd
_kCGImagePropertyDICOMLUTExplanation	System/Library/Frameworks/ImageIO.framework/ImageIO.tbd
_kCGImagePropertyDICOMLUTFrameRange	System/Library/Frameworks/ImageIO.framework/ImageIO.tbd
_kCGImagePropertyDICOMLUTFunction	System/Library/Frameworks/ImageIO.framework/ImageIO.tbd
_kCGImagePropertyDICOMLUTLabel	System/Library/Frameworks/ImageIO.framework/ImageIO.tbd
_kCGImagePropertyDICOMLUTNumber	System/Library/Frameworks/ImageIO.framework/ImageIO.tbd
_kCGImagePropertyDICOMLabelStyleSelection	System/Library/Frameworks/ImageIO.framework/ImageIO.tbd
_kCGImagePropertyDICOMLabelText	System/Library/Frameworks/ImageIO.framework/ImageIO.tbd
_kCGImagePropertyDICOMLabelUsingInformationExtractedFromInstances	System/Library/Frameworks/ImageIO.framework/ImageIO.tbd
_kCGImagePropertyDICOMLanguageCodeSequence	System/Library/Frameworks/ImageIO.framework/ImageIO.tbd
_kCGImagePropertyDICOMLanguageCodeSequenceTrial	System/Library/Frameworks/ImageIO.framework/ImageIO.tbd
_kCGImagePropertyDICOMLargeBluePaletteColorLookupTableData	System/Library/Frameworks/ImageIO.framework/ImageIO.tbd
_kCGImagePropertyDICOMLargeBluePaletteColorLookupTableDescriptor	System/Library/Frameworks/ImageIO.framework/ImageIO.tbd
_kCGImagePropertyDICOMLargeGreenPaletteColorLookupTableData	System/Library/Frameworks/ImageIO.framework/ImageIO.tbd
_kCGImagePropertyDICOMLargeGreenPaletteColorLookupTableDescriptor	System/Library/Frameworks/ImageIO.framework/ImageIO.tbd
_kCGImagePropertyDICOMLargePaletteColorLookupTableUID	System/Library/Frameworks/ImageIO.framework/ImageIO.tbd
_kCGImagePropertyDICOMLargeRedPaletteColorLookupTableData	System/Library/Frameworks/ImageIO.framework/ImageIO.tbd
_kCGImagePropertyDICOMLargeRedPaletteColorLookupTableDescriptor	System/Library/Frameworks/ImageIO.framework/ImageIO.tbd
_kCGImagePropertyDICOMLargestImagePixelValue	System/Library/Frameworks/ImageIO.framework/ImageIO.tbd
_kCGImagePropertyDICOMLargestImagePixelValueInPlane	System/Library/Frameworks/ImageIO.framework/ImageIO.tbd
_kCGImagePropertyDICOMLargestMonochromePixelValue	System/Library/Frameworks/ImageIO.framework/ImageIO.tbd
_kCGImagePropertyDICOMLargestPixelValueInSeries	System/Library/Frameworks/ImageIO.framework/ImageIO.tbd
_kCGImagePropertyDICOMLargestValidPixelValue	System/Library/Frameworks/ImageIO.framework/ImageIO.tbd
_kCGImagePropertyDICOMLastMenstrualDate	System/Library/Frameworks/ImageIO.framework/ImageIO.tbd
_kCGImagePropertyDICOMLateralSpreadingDeviceDescription	System/Library/Frameworks/ImageIO.framework/ImageIO.tbd
_kCGImagePropertyDICOMLateralSpreadingDeviceID	System/Library/Frameworks/ImageIO.framework/ImageIO.tbd
_kCGImagePropertyDICOMLateralSpreadingDeviceNumber	System/Library/Frameworks/ImageIO.framework/ImageIO.tbd
_kCGImagePropertyDICOMLateralSpreadingDeviceSequence	System/Library/Frameworks/ImageIO.framework/ImageIO.tbd
_kCGImagePropertyDICOMLateralSpreadingDeviceSetting	System/Library/Frameworks/ImageIO.framework/ImageIO.tbd
_kCGImagePropertyDICOMLateralSpreadingDeviceSettingsSequence	System/Library/Frameworks/ImageIO.framework/ImageIO.tbd
_kCGImagePropertyDICOMLateralSpreadingDeviceType	System/Library/Frameworks/ImageIO.framework/ImageIO.tbd
_kCGImagePropertyDICOMLateralSpreadingDeviceWaterEquivalentThickness	System/Library/Frameworks/ImageIO.framework/ImageIO.tbd
_kCGImagePropertyDICOMLaterality	System/Library/Frameworks/ImageIO.framework/ImageIO.tbd
_kCGImagePropertyDICOMLeafJawPositions	System/Library/Frameworks/ImageIO.framework/ImageIO.tbd
_kCGImagePropertyDICOMLeafPositionBoundaries	System/Library/Frameworks/ImageIO.framework/ImageIO.tbd
_kCGImagePropertyDICOMLeftImageSequence	System/Library/Frameworks/ImageIO.framework/ImageIO.tbd
_kCGImagePropertyDICOMLeftLensSequence	System/Library/Frameworks/ImageIO.framework/ImageIO.tbd
_kCGImagePropertyDICOMLengthToEnd	System/Library/Frameworks/ImageIO.framework/ImageIO.tbd
_kCGImagePropertyDICOMLensConstantDescription	System/Library/Frameworks/ImageIO.framework/ImageIO.tbd
_kCGImagePropertyDICOMLensConstantSequence	System/Library/Frameworks/ImageIO.framework/ImageIO.tbd
_kCGImagePropertyDICOMLensDescription	System/Library/Frameworks/ImageIO.framework/ImageIO.tbd
_kCGImagePropertyDICOMLensMake	System/Library/Frameworks/ImageIO.framework/ImageIO.tbd
_kCGImagePropertyDICOMLensModel	System/Library/Frameworks/ImageIO.framework/ImageIO.tbd
_kCGImagePropertyDICOMLensSegmentType	System/Library/Frameworks/ImageIO.framework/ImageIO.tbd
_kCGImagePropertyDICOMLensSerialNumber	System/Library/Frameworks/ImageIO.framework/ImageIO.tbd
_kCGImagePropertyDICOMLensSpecification	System/Library/Frameworks/ImageIO.framework/ImageIO.tbd
_kCGImagePropertyDICOMLensStatusCodeSequence	System/Library/Frameworks/ImageIO.framework/ImageIO.tbd
_kCGImagePropertyDICOMLensStatusDescription	System/Library/Frameworks/ImageIO.framework/ImageIO.tbd
_kCGImagePropertyDICOMLensThickness	System/Library/Frameworks/ImageIO.framework/ImageIO.tbd
_kCGImagePropertyDICOMLensThicknessSequence	System/Library/Frameworks/ImageIO.framework/ImageIO.tbd
_kCGImagePropertyDICOMLensesCodeSequence	System/Library/Frameworks/ImageIO.framework/ImageIO.tbd
_kCGImagePropertyDICOMLesionNumber	System/Library/Frameworks/ImageIO.framework/ImageIO.tbd
_kCGImagePropertyDICOMLightDirection	System/Library/Frameworks/ImageIO.framework/ImageIO.tbd
_kCGImagePropertyDICOMLightPathFilterPassBand	System/Library/Frameworks/ImageIO.framework/ImageIO.tbd
_kCGImagePropertyDICOMLightPathFilterPassThroughWavelength	System/Library/Frameworks/ImageIO.framework/ImageIO.tbd
_kCGImagePropertyDICOMLightPathFilterTypeStackCodeSequence	System/Library/Frameworks/ImageIO.framework/ImageIO.tbd
_kCGImagePropertyDICOMLightSource	System/Library/Frameworks/ImageIO.framework/ImageIO.tbd
_kCGImagePropertyDICOMLightSourcePolarization	System/Library/Frameworks/ImageIO.framework/ImageIO.tbd
_kCGImagePropertyDICOMLineDashingStyle	System/Library/Frameworks/ImageIO.framework/ImageIO.tbd
_kCGImagePropertyDICOMLinePattern	System/Library/Frameworks/ImageIO.framework/ImageIO.tbd
_kCGImagePropertyDICOMLineSequence	System/Library/Frameworks/ImageIO.framework/ImageIO.tbd
_kCGImagePropertyDICOMLineStyleSequence	System/Library/Frameworks/ImageIO.framework/ImageIO.tbd
_kCGImagePropertyDICOMLineThickness	System/Library/Frameworks/ImageIO.framework/ImageIO.tbd
_kCGImagePropertyDICOMLinearityCorrectionTechnique	System/Library/Frameworks/ImageIO.framework/ImageIO.tbd
_kCGImagePropertyDICOMListOfMIMETypes	System/Library/Frameworks/ImageIO.framework/ImageIO.tbd
_kCGImagePropertyDICOMListOfUIDMatchingSequence	System/Library/Frameworks/ImageIO.framework/ImageIO.tbd
_kCGImagePropertyDICOMLocalDeviationProbabilityNormalsFlag	System/Library/Frameworks/ImageIO.framework/ImageIO.tbd
_kCGImagePropertyDICOMLocalNamespaceEntityID	System/Library/Frameworks/ImageIO.framework/ImageIO.tbd
_kCGImagePropertyDICOMLocalizedDeviationFromNormal	System/Library/Frameworks/ImageIO.framework/ImageIO.tbd
_kCGImagePropertyDICOMLocalizedDeviationProbability	System/Library/Frameworks/ImageIO.framework/ImageIO.tbd
_kCGImagePropertyDICOMLocalizedDeviationProbabilitySequence	System/Library/Frameworks/ImageIO.framework/ImageIO.tbd
_kCGImagePropertyDICOMLocalizingCursorPosition	System/Library/Frameworks/ImageIO.framework/ImageIO.tbd
_kCGImagePropertyDICOMLocation	System/Library/Frameworks/ImageIO.framework/ImageIO.tbd
_kCGImagePropertyDICOMLocationOfMeasuredBeamDiameter	System/Library/Frameworks/ImageIO.framework/ImageIO.tbd
_kCGImagePropertyDICOMLongCodeValue	System/Library/Frameworks/ImageIO.framework/ImageIO.tbd
_kCGImagePropertyDICOMLongDeviceDescription	System/Library/Frameworks/ImageIO.framework/ImageIO.tbd
_kCGImagePropertyDICOMLongEdgePointIndexList	System/Library/Frameworks/ImageIO.framework/ImageIO.tbd
_kCGImagePropertyDICOMLongPrimitivePointIndexList	System/Library/Frameworks/ImageIO.framework/ImageIO.tbd
_kCGImagePropertyDICOMLongTrianglePointIndexList	System/Library/Frameworks/ImageIO.framework/ImageIO.tbd
_kCGImagePropertyDICOMLongVertexPointIndexList	System/Library/Frameworks/ImageIO.framework/ImageIO.tbd
_kCGImagePropertyDICOMLongitudinalTemporalEventType	System/Library/Frameworks/ImageIO.framework/ImageIO.tbd
_kCGImagePropertyDICOMLongitudinalTemporalInformationModified	System/Library/Frameworks/ImageIO.framework/ImageIO.tbd
_kCGImagePropertyDICOMLongitudinalTemporalOffsetFromEvent	System/Library/Frameworks/ImageIO.framework/ImageIO.tbd
_kCGImagePropertyDICOMLossyImageCompression	System/Library/Frameworks/ImageIO.framework/ImageIO.tbd
_kCGImagePropertyDICOMLossyImageCompressionMethod	System/Library/Frameworks/ImageIO.framework/ImageIO.tbd
_kCGImagePropertyDICOMLossyImageCompressionRatio	System/Library/Frameworks/ImageIO.framework/ImageIO.tbd
_kCGImagePropertyDICOMLossyImageCompressionRetired	System/Library/Frameworks/ImageIO.framework/ImageIO.tbd
_kCGImagePropertyDICOMLowEnergyDetectors	System/Library/Frameworks/ImageIO.framework/ImageIO.tbd
_kCGImagePropertyDICOMLowRRValue	System/Library/Frameworks/ImageIO.framework/ImageIO.tbd
_kCGImagePropertyDICOMLowerCutoffFrequency	System/Library/Frameworks/ImageIO.framework/ImageIO.tbd
_kCGImagePropertyDICOMLuminanceCharacteristicsID	System/Library/Frameworks/ImageIO.framework/ImageIO.tbd
_kCGImagePropertyDICOMLuminanceResponseDescription	System/Library/Frameworks/ImageIO.framework/ImageIO.tbd
_kCGImagePropertyDICOMLuminanceResponseSequence	System/Library/Frameworks/ImageIO.framework/ImageIO.tbd
_kCGImagePropertyDICOMLuminanceResultSequence	System/Library/Frameworks/ImageIO.framework/ImageIO.tbd
_kCGImagePropertyDICOMLuminanceUniformityResultSequence	System/Library/Frameworks/ImageIO.framework/ImageIO.tbd
_kCGImagePropertyDICOMLuminanceValue	System/Library/Frameworks/ImageIO.framework/ImageIO.tbd
_kCGImagePropertyDICOMMAC	System/Library/Frameworks/ImageIO.framework/ImageIO.tbd
_kCGImagePropertyDICOMMACAlgorithm	System/Library/Frameworks/ImageIO.framework/ImageIO.tbd
_kCGImagePropertyDICOMMACCalculationTransferSyntaxUID	System/Library/Frameworks/ImageIO.framework/ImageIO.tbd
_kCGImagePropertyDICOMMACIDNumber	System/Library/Frameworks/ImageIO.framework/ImageIO.tbd
_kCGImagePropertyDICOMMACParametersSequence	System/Library/Frameworks/ImageIO.framework/ImageIO.tbd
_kCGImagePropertyDICOMMAUsedInGainCalibration	System/Library/Frameworks/ImageIO.framework/ImageIO.tbd
_kCGImagePropertyDICOMMIMETypeOfEncapsulatedDocument	System/Library/Frameworks/ImageIO.framework/ImageIO.tbd
_kCGImagePropertyDICOMMPRSlabThickness	System/Library/Frameworks/ImageIO.framework/ImageIO.tbd
_kCGImagePropertyDICOMMPRThicknessType	System/Library/Frameworks/ImageIO.framework/ImageIO.tbd
_kCGImagePropertyDICOMMPRTopLeftHandCorner	System/Library/Frameworks/ImageIO.framework/ImageIO.tbd
_kCGImagePropertyDICOMMPRViewHeight	System/Library/Frameworks/ImageIO.framework/ImageIO.tbd
_kCGImagePropertyDICOMMPRViewHeightDirection	System/Library/Frameworks/ImageIO.framework/ImageIO.tbd
_kCGImagePropertyDICOMMPRViewWidth	System/Library/Frameworks/ImageIO.framework/ImageIO.tbd
_kCGImagePropertyDICOMMPRViewWidthDirection	System/Library/Frameworks/ImageIO.framework/ImageIO.tbd
_kCGImagePropertyDICOMMRAcquisitionFrequencyEncodingSteps	System/Library/Frameworks/ImageIO.framework/ImageIO.tbd
_kCGImagePropertyDICOMMRAcquisitionPhaseEncodingStepsInPlane	System/Library/Frameworks/ImageIO.framework/ImageIO.tbd
_kCGImagePropertyDICOMMRAcquisitionPhaseEncodingStepsOutOfPlane	System/Library/Frameworks/ImageIO.framework/ImageIO.tbd
_kCGImagePropertyDICOMMRAcquisitionType	System/Library/Frameworks/ImageIO.framework/ImageIO.tbd
_kCGImagePropertyDICOMMRArterialSpinLabelingSequence	System/Library/Frameworks/ImageIO.framework/ImageIO.tbd
_kCGImagePropertyDICOMMRAveragesSequence	System/Library/Frameworks/ImageIO.framework/ImageIO.tbd
_kCGImagePropertyDICOMMRDRDirectoryRecordOffset	System/Library/Frameworks/ImageIO.framework/ImageIO.tbd
_kCGImagePropertyDICOMMRDiffusionSequence	System/Library/Frameworks/ImageIO.framework/ImageIO.tbd
_kCGImagePropertyDICOMMREchoSequence	System/Library/Frameworks/ImageIO.framework/ImageIO.tbd
_kCGImagePropertyDICOMMRFOVGeometrySequence	System/Library/Frameworks/ImageIO.framework/ImageIO.tbd
_kCGImagePropertyDICOMMRImageFrameTypeSequence	System/Library/Frameworks/ImageIO.framework/ImageIO.tbd
_kCGImagePropertyDICOMMRImagingModifierSequence	System/Library/Frameworks/ImageIO.framework/ImageIO.tbd
_kCGImagePropertyDICOMMRMetaboliteMapSequence	System/Library/Frameworks/ImageIO.framework/ImageIO.tbd
_kCGImagePropertyDICOMMRModifierSequence	System/Library/Frameworks/ImageIO.framework/ImageIO.tbd
_kCGImagePropertyDICOMMRReceiveCoilSequence	System/Library/Frameworks/ImageIO.framework/ImageIO.tbd
_kCGImagePropertyDICOMMRSpatialSaturationSequence	System/Library/Frameworks/ImageIO.framework/ImageIO.tbd
_kCGImagePropertyDICOMMRSpectroscopyAcquisitionType	System/Library/Frameworks/ImageIO.framework/ImageIO.tbd
_kCGImagePropertyDICOMMRSpectroscopyFOVGeometrySequence	System/Library/Frameworks/ImageIO.framework/ImageIO.tbd
_kCGImagePropertyDICOMMRSpectroscopyFrameTypeSequence	System/Library/Frameworks/ImageIO.framework/ImageIO.tbd
_kCGImagePropertyDICOMMRTimingAndRelatedParametersSequence	System/Library/Frameworks/ImageIO.framework/ImageIO.tbd
_kCGImagePropertyDICOMMRTransmitCoilSequence	System/Library/Frameworks/ImageIO.framework/ImageIO.tbd
_kCGImagePropertyDICOMMRVelocityEncodingSequence	System/Library/Frameworks/ImageIO.framework/ImageIO.tbd
_kCGImagePropertyDICOMMVImagingGenerationParametersSequence	System/Library/Frameworks/ImageIO.framework/ImageIO.tbd
_kCGImagePropertyDICOMMachineSpecificTreatmentTerminationCodeSequence	System/Library/Frameworks/ImageIO.framework/ImageIO.tbd
_kCGImagePropertyDICOMMagneticFieldStrength	System/Library/Frameworks/ImageIO.framework/ImageIO.tbd
_kCGImagePropertyDICOMMagnetizationTransfer	System/Library/Frameworks/ImageIO.framework/ImageIO.tbd
_kCGImagePropertyDICOMMagnificationType	System/Library/Frameworks/ImageIO.framework/ImageIO.tbd
_kCGImagePropertyDICOMMagnifyToNumberOfColumns	System/Library/Frameworks/ImageIO.framework/ImageIO.tbd
_kCGImagePropertyDICOMMagnitudeEncodingCodeSequence	System/Library/Frameworks/ImageIO.framework/ImageIO.tbd
_kCGImagePropertyDICOMMainLobeAngle	System/Library/Frameworks/ImageIO.framework/ImageIO.tbd
_kCGImagePropertyDICOMMainRoofAngle	System/Library/Frameworks/ImageIO.framework/ImageIO.tbd
_kCGImagePropertyDICOMMajorTicksSequence	System/Library/Frameworks/ImageIO.framework/ImageIO.tbd
_kCGImagePropertyDICOMMakerNote	System/Library/Frameworks/ImageIO.framework/ImageIO.tbd
_kCGImagePropertyDICOMMandatoryComponentType	System/Library/Frameworks/ImageIO.framework/ImageIO.tbd
_kCGImagePropertyDICOMManifold	System/Library/Frameworks/ImageIO.framework/ImageIO.tbd
_kCGImagePropertyDICOMManipulatedImage	System/Library/Frameworks/ImageIO.framework/ImageIO.tbd
_kCGImagePropertyDICOMManufacturer	System/Library/Frameworks/ImageIO.framework/ImageIO.tbd
_kCGImagePropertyDICOMManufacturerDeviceClassUID	System/Library/Frameworks/ImageIO.framework/ImageIO.tbd
_kCGImagePropertyDICOMManufacturerDeviceIdentifier	System/Library/Frameworks/ImageIO.framework/ImageIO.tbd
_kCGImagePropertyDICOMManufacturerModelName	System/Library/Frameworks/ImageIO.framework/ImageIO.tbd
_kCGImagePropertyDICOMManufacturerModelVersion	System/Library/Frameworks/ImageIO.framework/ImageIO.tbd
_kCGImagePropertyDICOMManufacturerRelatedModelGroup	System/Library/Frameworks/ImageIO.framework/ImageIO.tbd
_kCGImagePropertyDICOMMappedPixelValue	System/Library/Frameworks/ImageIO.framework/ImageIO.tbd
_kCGImagePropertyDICOMMappingResource	System/Library/Frameworks/ImageIO.framework/ImageIO.tbd
_kCGImagePropertyDICOMMappingResourceIdentificationSequence	System/Library/Frameworks/ImageIO.framework/ImageIO.tbd
_kCGImagePropertyDICOMMappingResourceName	System/Library/Frameworks/ImageIO.framework/ImageIO.tbd
_kCGImagePropertyDICOMMappingResourceUID	System/Library/Frameworks/ImageIO.framework/ImageIO.tbd
_kCGImagePropertyDICOMMaskFrameNumbers	System/Library/Frameworks/ImageIO.framework/ImageIO.tbd
_kCGImagePropertyDICOMMaskOperation	System/Library/Frameworks/ImageIO.framework/ImageIO.tbd
_kCGImagePropertyDICOMMaskOperationExplanation	System/Library/Frameworks/ImageIO.framework/ImageIO.tbd
_kCGImagePropertyDICOMMaskPointers	System/Library/Frameworks/ImageIO.framework/ImageIO.tbd
_kCGImagePropertyDICOMMaskSelectionMode	System/Library/Frameworks/ImageIO.framework/ImageIO.tbd
_kCGImagePropertyDICOMMaskSubPixelShift	System/Library/Frameworks/ImageIO.framework/ImageIO.tbd
_kCGImagePropertyDICOMMaskSubtractionSequence	System/Library/Frameworks/ImageIO.framework/ImageIO.tbd
_kCGImagePropertyDICOMMaskVisibilityPercentage	System/Library/Frameworks/ImageIO.framework/ImageIO.tbd
_kCGImagePropertyDICOMMaskingImage	System/Library/Frameworks/ImageIO.framework/ImageIO.tbd
_kCGImagePropertyDICOMMass	System/Library/Frameworks/ImageIO.framework/ImageIO.tbd
_kCGImagePropertyDICOMMaterialAttenuationSequence	System/Library/Frameworks/ImageIO.framework/ImageIO.tbd
_kCGImagePropertyDICOMMaterialCodeSequence	System/Library/Frameworks/ImageIO.framework/ImageIO.tbd
_kCGImagePropertyDICOMMaterialGrade	System/Library/Frameworks/ImageIO.framework/ImageIO.tbd
_kCGImagePropertyDICOMMaterialID	System/Library/Frameworks/ImageIO.framework/ImageIO.tbd
_kCGImagePropertyDICOMMaterialIsolationDiameter	System/Library/Frameworks/ImageIO.framework/ImageIO.tbd
_kCGImagePropertyDICOMMaterialNotes	System/Library/Frameworks/ImageIO.framework/ImageIO.tbd
_kCGImagePropertyDICOMMaterialPipeDiameter	System/Library/Frameworks/ImageIO.framework/ImageIO.tbd
_kCGImagePropertyDICOMMaterialPropertiesDescription	System/Library/Frameworks/ImageIO.framework/ImageIO.tbd
_kCGImagePropertyDICOMMaterialPropertiesFileFormatRetired	System/Library/Frameworks/ImageIO.framework/ImageIO.tbd
_kCGImagePropertyDICOMMaterialThickness	System/Library/Frameworks/ImageIO.framework/ImageIO.tbd
_kCGImagePropertyDICOMMaterialsCodeSequence	System/Library/Frameworks/ImageIO.framework/ImageIO.tbd
_kCGImagePropertyDICOMMatingFeatureDegreeOfFreedomSequence	System/Library/Frameworks/ImageIO.framework/ImageIO.tbd
_kCGImagePropertyDICOMMatingFeatureID	System/Library/Frameworks/ImageIO.framework/ImageIO.tbd
_kCGImagePropertyDICOMMatingFeatureSequence	System/Library/Frameworks/ImageIO.framework/ImageIO.tbd
_kCGImagePropertyDICOMMatingFeatureSetID	System/Library/Frameworks/ImageIO.framework/ImageIO.tbd
_kCGImagePropertyDICOMMatingFeatureSetLabel	System/Library/Frameworks/ImageIO.framework/ImageIO.tbd
_kCGImagePropertyDICOMMatingFeatureSetsSequence	System/Library/Frameworks/ImageIO.framework/ImageIO.tbd
_kCGImagePropertyDICOMMatrixRegistrationSequence	System/Library/Frameworks/ImageIO.framework/ImageIO.tbd
_kCGImagePropertyDICOMMatrixSequence	System/Library/Frameworks/ImageIO.framework/ImageIO.tbd
_kCGImagePropertyDICOMMaxApertureValue	System/Library/Frameworks/ImageIO.framework/ImageIO.tbd
_kCGImagePropertyDICOMMaxDensity	System/Library/Frameworks/ImageIO.framework/ImageIO.tbd
_kCGImagePropertyDICOMMaximumAcrossScanDistortion	System/Library/Frameworks/ImageIO.framework/ImageIO.tbd
_kCGImagePropertyDICOMMaximumAlongScanDistortion	System/Library/Frameworks/ImageIO.framework/ImageIO.tbd
_kCGImagePropertyDICOMMaximumCollatedFilms	System/Library/Frameworks/ImageIO.framework/ImageIO.tbd
_kCGImagePropertyDICOMMaximumCoordinateValue	System/Library/Frameworks/ImageIO.framework/ImageIO.tbd
_kCGImagePropertyDICOMMaximumCornealCurvature	System/Library/Frameworks/ImageIO.framework/ImageIO.tbd
_kCGImagePropertyDICOMMaximumCornealCurvatureLocation	System/Library/Frameworks/ImageIO.framework/ImageIO.tbd
_kCGImagePropertyDICOMMaximumCornealCurvatureSequence	System/Library/Frameworks/ImageIO.framework/ImageIO.tbd
_kCGImagePropertyDICOMMaximumCumulativeMetersetExposure	System/Library/Frameworks/ImageIO.framework/ImageIO.tbd
_kCGImagePropertyDICOMMaximumDepthDistortion	System/Library/Frameworks/ImageIO.framework/ImageIO.tbd
_kCGImagePropertyDICOMMaximumFractionalValue	System/Library/Frameworks/ImageIO.framework/ImageIO.tbd
_kCGImagePropertyDICOMMaximumMemoryAllocation	System/Library/Frameworks/ImageIO.framework/ImageIO.tbd
_kCGImagePropertyDICOMMaximumNominalEnergy	System/Library/Frameworks/ImageIO.framework/ImageIO.tbd
_kCGImagePropertyDICOMMaximumNumberOfIntervalDays	System/Library/Frameworks/ImageIO.framework/ImageIO.tbd
_kCGImagePropertyDICOMMaximumNumberOfRecords	System/Library/Frameworks/ImageIO.framework/ImageIO.tbd
_kCGImagePropertyDICOMMaximumPointDistance	System/Library/Frameworks/ImageIO.framework/ImageIO.tbd
_kCGImagePropertyDICOMMaximumStimulusLuminance	System/Library/Frameworks/ImageIO.framework/ImageIO.tbd
_kCGImagePropertyDICOMMaximumStoredValueMapped	System/Library/Frameworks/ImageIO.framework/ImageIO.tbd
_kCGImagePropertyDICOMMeanPointDistance	System/Library/Frameworks/ImageIO.framework/ImageIO.tbd
_kCGImagePropertyDICOMMeasuredAPDimension	System/Library/Frameworks/ImageIO.framework/ImageIO.tbd
_kCGImagePropertyDICOMMeasuredBandwidth	System/Library/Frameworks/ImageIO.framework/ImageIO.tbd
_kCGImagePropertyDICOMMeasuredBeamDimensionA	System/Library/Frameworks/ImageIO.framework/ImageIO.tbd
_kCGImagePropertyDICOMMeasuredBeamDimensionB	System/Library/Frameworks/ImageIO.framework/ImageIO.tbd
_kCGImagePropertyDICOMMeasuredCenterFrequency	System/Library/Frameworks/ImageIO.framework/ImageIO.tbd
_kCGImagePropertyDICOMMeasuredCharacteristics	System/Library/Frameworks/ImageIO.framework/ImageIO.tbd
_kCGImagePropertyDICOMMeasuredDoseDescription	System/Library/Frameworks/ImageIO.framework/ImageIO.tbd
_kCGImagePropertyDICOMMeasuredDoseReferenceNumber	System/Library/Frameworks/ImageIO.framework/ImageIO.tbd
_kCGImagePropertyDICOMMeasuredDoseReferenceSequence	System/Library/Frameworks/ImageIO.framework/ImageIO.tbd
_kCGImagePropertyDICOMMeasuredDoseType	System/Library/Frameworks/ImageIO.framework/ImageIO.tbd
_kCGImagePropertyDICOMMeasuredDoseValue	System/Library/Frameworks/ImageIO.framework/ImageIO.tbd
_kCGImagePropertyDICOMMeasuredLateralDimension	System/Library/Frameworks/ImageIO.framework/ImageIO.tbd
_kCGImagePropertyDICOMMeasuredMetersetToDoseMappingSequence	System/Library/Frameworks/ImageIO.framework/ImageIO.tbd
_kCGImagePropertyDICOMMeasuredValueSequence	System/Library/Frameworks/ImageIO.framework/ImageIO.tbd
_kCGImagePropertyDICOMMeasurementAutomationTrial	System/Library/Frameworks/ImageIO.framework/ImageIO.tbd
_kCGImagePropertyDICOMMeasurementEquipmentSequence	System/Library/Frameworks/ImageIO.framework/ImageIO.tbd
_kCGImagePropertyDICOMMeasurementEquipmentType	System/Library/Frameworks/ImageIO.framework/ImageIO.tbd
_kCGImagePropertyDICOMMeasurementFunctions	System/Library/Frameworks/ImageIO.framework/ImageIO.tbd
_kCGImagePropertyDICOMMeasurementLaterality	System/Library/Frameworks/ImageIO.framework/ImageIO.tbd
_kCGImagePropertyDICOMMeasurementPatternCodeSequence	System/Library/Frameworks/ImageIO.framework/ImageIO.tbd
_kCGImagePropertyDICOMMeasurementPrecisionDescriptionTrial	System/Library/Frameworks/ImageIO.framework/ImageIO.tbd
_kCGImagePropertyDICOMMeasurementUnitsCodeSequence	System/Library/Frameworks/ImageIO.framework/ImageIO.tbd
_kCGImagePropertyDICOMMeasurementValuesSequence	System/Library/Frameworks/ImageIO.framework/ImageIO.tbd
_kCGImagePropertyDICOMMeasurementsSequence	System/Library/Frameworks/ImageIO.framework/ImageIO.tbd
_kCGImagePropertyDICOMMeasuringUnitsSequence	System/Library/Frameworks/ImageIO.framework/ImageIO.tbd
_kCGImagePropertyDICOMMechanicalIndex	System/Library/Frameworks/ImageIO.framework/ImageIO.tbd
_kCGImagePropertyDICOMMediaDisposition	System/Library/Frameworks/ImageIO.framework/ImageIO.tbd
_kCGImagePropertyDICOMMediaInstalledSequence	System/Library/Frameworks/ImageIO.framework/ImageIO.tbd
_kCGImagePropertyDICOMMediaStorageSOPClassUID	System/Library/Frameworks/ImageIO.framework/ImageIO.tbd
_kCGImagePropertyDICOMMediaStorageSOPInstanceUID	System/Library/Frameworks/ImageIO.framework/ImageIO.tbd
_kCGImagePropertyDICOMMedicalAlerts	System/Library/Frameworks/ImageIO.framework/ImageIO.tbd
_kCGImagePropertyDICOMMedicalRecordLocator	System/Library/Frameworks/ImageIO.framework/ImageIO.tbd
_kCGImagePropertyDICOMMediumType	System/Library/Frameworks/ImageIO.framework/ImageIO.tbd
_kCGImagePropertyDICOMMemoryAllocation	System/Library/Frameworks/ImageIO.framework/ImageIO.tbd
_kCGImagePropertyDICOMMemoryBitDepth	System/Library/Frameworks/ImageIO.framework/ImageIO.tbd
_kCGImagePropertyDICOMMessageID	System/Library/Frameworks/ImageIO.framework/ImageIO.tbd
_kCGImagePropertyDICOMMessageIDBeingRespondedTo	System/Library/Frameworks/ImageIO.framework/ImageIO.tbd
_kCGImagePropertyDICOMMetaboliteMapCodeSequence	System/Library/Frameworks/ImageIO.framework/ImageIO.tbd
_kCGImagePropertyDICOMMetaboliteMapDescription	System/Library/Frameworks/ImageIO.framework/ImageIO.tbd
_kCGImagePropertyDICOMMetadataSequence	System/Library/Frameworks/ImageIO.framework/ImageIO.tbd
_kCGImagePropertyDICOMMeteringMode	System/Library/Frameworks/ImageIO.framework/ImageIO.tbd
_kCGImagePropertyDICOMMetersetExposure	System/Library/Frameworks/ImageIO.framework/ImageIO.tbd
_kCGImagePropertyDICOMMetersetRate	System/Library/Frameworks/ImageIO.framework/ImageIO.tbd
_kCGImagePropertyDICOMMetersetRateDelivered	System/Library/Frameworks/ImageIO.framework/ImageIO.tbd
_kCGImagePropertyDICOMMetersetRateSet	System/Library/Frameworks/ImageIO.framework/ImageIO.tbd
_kCGImagePropertyDICOMMetersetToDoseMappingSequence	System/Library/Frameworks/ImageIO.framework/ImageIO.tbd
_kCGImagePropertyDICOMMidSlabPosition	System/Library/Frameworks/ImageIO.framework/ImageIO.tbd
_kCGImagePropertyDICOMMilitaryRank	System/Library/Frameworks/ImageIO.framework/ImageIO.tbd
_kCGImagePropertyDICOMMinDensity	System/Library/Frameworks/ImageIO.framework/ImageIO.tbd
_kCGImagePropertyDICOMMinimumCoordinateValue	System/Library/Frameworks/ImageIO.framework/ImageIO.tbd
_kCGImagePropertyDICOMMinimumHoursBetweenFractions	System/Library/Frameworks/ImageIO.framework/ImageIO.tbd
_kCGImagePropertyDICOMMinimumKeratometricSequence	System/Library/Frameworks/ImageIO.framework/ImageIO.tbd
_kCGImagePropertyDICOMMinimumNominalEnergy	System/Library/Frameworks/ImageIO.framework/ImageIO.tbd
_kCGImagePropertyDICOMMinimumNumberOfIntervalDays	System/Library/Frameworks/ImageIO.framework/ImageIO.tbd
_kCGImagePropertyDICOMMinimumSensitivityValue	System/Library/Frameworks/ImageIO.framework/ImageIO.tbd
_kCGImagePropertyDICOMMinimumStoredValueMapped	System/Library/Frameworks/ImageIO.framework/ImageIO.tbd
_kCGImagePropertyDICOMModalitiesInStudy	System/Library/Frameworks/ImageIO.framework/ImageIO.tbd
_kCGImagePropertyDICOMModality	System/Library/Frameworks/ImageIO.framework/ImageIO.tbd
_kCGImagePropertyDICOMModalityLUTSequence	System/Library/Frameworks/ImageIO.framework/ImageIO.tbd
_kCGImagePropertyDICOMModalityLUTType	System/Library/Frameworks/ImageIO.framework/ImageIO.tbd
_kCGImagePropertyDICOMModeOfPercutaneousAccessSequence	System/Library/Frameworks/ImageIO.framework/ImageIO.tbd
_kCGImagePropertyDICOMModelGroupUID	System/Library/Frameworks/ImageIO.framework/ImageIO.tbd
_kCGImagePropertyDICOMModelMirroring	System/Library/Frameworks/ImageIO.framework/ImageIO.tbd
_kCGImagePropertyDICOMModelModification	System/Library/Frameworks/ImageIO.framework/ImageIO.tbd
_kCGImagePropertyDICOMModelSpecificationSequence	System/Library/Frameworks/ImageIO.framework/ImageIO.tbd
_kCGImagePropertyDICOMModelUsageCodeSequence	System/Library/Frameworks/ImageIO.framework/ImageIO.tbd
_kCGImagePropertyDICOMModifiableConstraintFlag	System/Library/Frameworks/ImageIO.framework/ImageIO.tbd
_kCGImagePropertyDICOMModifiedAttributesSequence	System/Library/Frameworks/ImageIO.framework/ImageIO.tbd
_kCGImagePropertyDICOMModifiedImageDate	System/Library/Frameworks/ImageIO.framework/ImageIO.tbd
_kCGImagePropertyDICOMModifiedImageDescription	System/Library/Frameworks/ImageIO.framework/ImageIO.tbd
_kCGImagePropertyDICOMModifiedImageID	System/Library/Frameworks/ImageIO.framework/ImageIO.tbd
_kCGImagePropertyDICOMModifiedImageTime	System/Library/Frameworks/ImageIO.framework/ImageIO.tbd
_kCGImagePropertyDICOMModifierCodeSequence	System/Library/Frameworks/ImageIO.framework/ImageIO.tbd
_kCGImagePropertyDICOMModifyingDeviceID	System/Library/Frameworks/ImageIO.framework/ImageIO.tbd
_kCGImagePropertyDICOMModifyingDeviceManufacturer	System/Library/Frameworks/ImageIO.framework/ImageIO.tbd
_kCGImagePropertyDICOMModifyingSystem	System/Library/Frameworks/ImageIO.framework/ImageIO.tbd
_kCGImagePropertyDICOMModulatedScanModeType	System/Library/Frameworks/ImageIO.framework/ImageIO.tbd
_kCGImagePropertyDICOMModulationType	System/Library/Frameworks/ImageIO.framework/ImageIO.tbd
_kCGImagePropertyDICOMMonoenergeticEnergyEquivalent	System/Library/Frameworks/ImageIO.framework/ImageIO.tbd
_kCGImagePropertyDICOMMostRecentTreatmentDate	System/Library/Frameworks/ImageIO.framework/ImageIO.tbd
_kCGImagePropertyDICOMMotionSynchronizationSequence	System/Library/Frameworks/ImageIO.framework/ImageIO.tbd
_kCGImagePropertyDICOMMoveDestination	System/Library/Frameworks/ImageIO.framework/ImageIO.tbd
_kCGImagePropertyDICOMMoveOriginatorApplicationEntityTitle	System/Library/Frameworks/ImageIO.framework/ImageIO.tbd
_kCGImagePropertyDICOMMoveOriginatorMessageID	System/Library/Frameworks/ImageIO.framework/ImageIO.tbd
_kCGImagePropertyDICOMMultiCoilConfiguration	System/Library/Frameworks/ImageIO.framework/ImageIO.tbd
_kCGImagePropertyDICOMMultiCoilDefinitionSequence	System/Library/Frameworks/ImageIO.framework/ImageIO.tbd
_kCGImagePropertyDICOMMultiCoilElementName	System/Library/Frameworks/ImageIO.framework/ImageIO.tbd
_kCGImagePropertyDICOMMultiCoilElementUsed	System/Library/Frameworks/ImageIO.framework/ImageIO.tbd
_kCGImagePropertyDICOMMultiFramePresentationSequence	System/Library/Frameworks/ImageIO.framework/ImageIO.tbd
_kCGImagePropertyDICOMMultiFrameSourceSOPInstanceUID	System/Library/Frameworks/ImageIO.framework/ImageIO.tbd
_kCGImagePropertyDICOMMultiPlanarExcitation	System/Library/Frameworks/ImageIO.framework/ImageIO.tbd
_kCGImagePropertyDICOMMultiPlanarReconstructionStyle	System/Library/Frameworks/ImageIO.framework/ImageIO.tbd
_kCGImagePropertyDICOMMultienergyAcquisitionDescription	System/Library/Frameworks/ImageIO.framework/ImageIO.tbd
_kCGImagePropertyDICOMMultienergyCTAcquisition	System/Library/Frameworks/ImageIO.framework/ImageIO.tbd
_kCGImagePropertyDICOMMultienergyCTAcquisitionSequence	System/Library/Frameworks/ImageIO.framework/ImageIO.tbd
_kCGImagePropertyDICOMMultienergyCTCharacteristicsSequence	System/Library/Frameworks/ImageIO.framework/ImageIO.tbd
_kCGImagePropertyDICOMMultienergyCTPathIndex	System/Library/Frameworks/ImageIO.framework/ImageIO.tbd
_kCGImagePropertyDICOMMultienergyCTPathSequence	System/Library/Frameworks/ImageIO.framework/ImageIO.tbd
_kCGImagePropertyDICOMMultienergyCTProcessingSequence	System/Library/Frameworks/ImageIO.framework/ImageIO.tbd
_kCGImagePropertyDICOMMultienergyCTXRayDetectorSequence	System/Library/Frameworks/ImageIO.framework/ImageIO.tbd
_kCGImagePropertyDICOMMultienergyCTXRaySourceSequence	System/Library/Frameworks/ImageIO.framework/ImageIO.tbd
_kCGImagePropertyDICOMMultienergyDetectorType	System/Library/Frameworks/ImageIO.framework/ImageIO.tbd
_kCGImagePropertyDICOMMultienergySourceTechnique	System/Library/Frameworks/ImageIO.framework/ImageIO.tbd
_kCGImagePropertyDICOMMultipleComponentApprovalSequence	System/Library/Frameworks/ImageIO.framework/ImageIO.tbd
_kCGImagePropertyDICOMMultipleCopiesFlag	System/Library/Frameworks/ImageIO.framework/ImageIO.tbd
_kCGImagePropertyDICOMMultipleSpinEcho	System/Library/Frameworks/ImageIO.framework/ImageIO.tbd
_kCGImagePropertyDICOMMultiplexGroupLabel	System/Library/Frameworks/ImageIO.framework/ImageIO.tbd
_kCGImagePropertyDICOMMultiplexGroupTimeOffset	System/Library/Frameworks/ImageIO.framework/ImageIO.tbd
_kCGImagePropertyDICOMMultiplexGroupUID	System/Library/Frameworks/ImageIO.framework/ImageIO.tbd
_kCGImagePropertyDICOMMultiplexedAudioChannelsDescriptionCodeSequence	System/Library/Frameworks/ImageIO.framework/ImageIO.tbd
_kCGImagePropertyDICOMMydriaticAgentCodeSequence	System/Library/Frameworks/ImageIO.framework/ImageIO.tbd
_kCGImagePropertyDICOMMydriaticAgentConcentration	System/Library/Frameworks/ImageIO.framework/ImageIO.tbd
_kCGImagePropertyDICOMMydriaticAgentConcentrationUnitsSequence	System/Library/Frameworks/ImageIO.framework/ImageIO.tbd
_kCGImagePropertyDICOMMydriaticAgentSequence	System/Library/Frameworks/ImageIO.framework/ImageIO.tbd
_kCGImagePropertyDICOMNTPSourceAddress	System/Library/Frameworks/ImageIO.framework/ImageIO.tbd
_kCGImagePropertyDICOMNameOfPhysiciansReadingStudy	System/Library/Frameworks/ImageIO.framework/ImageIO.tbd
_kCGImagePropertyDICOMNamesOfIntendedRecipientsOfResults	System/Library/Frameworks/ImageIO.framework/ImageIO.tbd
_kCGImagePropertyDICOMNavigationDisplaySet	System/Library/Frameworks/ImageIO.framework/ImageIO.tbd
_kCGImagePropertyDICOMNavigationIndicatorSequence	System/Library/Frameworks/ImageIO.framework/ImageIO.tbd
_kCGImagePropertyDICOMNearPupillaryDistance	System/Library/Frameworks/ImageIO.framework/ImageIO.tbd
_kCGImagePropertyDICOMNegativeCatchTrialsQuantity	System/Library/Frameworks/ImageIO.framework/ImageIO.tbd
_kCGImagePropertyDICOMNetworkID	System/Library/Frameworks/ImageIO.framework/ImageIO.tbd
_kCGImagePropertyDICOMNominalBeamAngle	System/Library/Frameworks/ImageIO.framework/ImageIO.tbd
_kCGImagePropertyDICOMNominalBeamEnergy	System/Library/Frameworks/ImageIO.framework/ImageIO.tbd
_kCGImagePropertyDICOMNominalBeamEnergyUnit	System/Library/Frameworks/ImageIO.framework/ImageIO.tbd
_kCGImagePropertyDICOMNominalCardiacTriggerDelayTime	System/Library/Frameworks/ImageIO.framework/ImageIO.tbd
_kCGImagePropertyDICOMNominalCardiacTriggerTimePriorToRPeak	System/Library/Frameworks/ImageIO.framework/ImageIO.tbd
_kCGImagePropertyDICOMNominalEnergy	System/Library/Frameworks/ImageIO.framework/ImageIO.tbd
_kCGImagePropertyDICOMNominalFrequency	System/Library/Frameworks/ImageIO.framework/ImageIO.tbd
_kCGImagePropertyDICOMNominalInterval	System/Library/Frameworks/ImageIO.framework/ImageIO.tbd
_kCGImagePropertyDICOMNominalMaxEnergy	System/Library/Frameworks/ImageIO.framework/ImageIO.tbd
_kCGImagePropertyDICOMNominalMinEnergy	System/Library/Frameworks/ImageIO.framework/ImageIO.tbd
_kCGImagePropertyDICOMNominalPercentageOfCardiacPhase	System/Library/Frameworks/ImageIO.framework/ImageIO.tbd
_kCGImagePropertyDICOMNominalPercentageOfRespiratoryPhase	System/Library/Frameworks/ImageIO.framework/ImageIO.tbd
_kCGImagePropertyDICOMNominalPriorDose	System/Library/Frameworks/ImageIO.framework/ImageIO.tbd
_kCGImagePropertyDICOMNominalRangeModulatedRegionDepths	System/Library/Frameworks/ImageIO.framework/ImageIO.tbd
_kCGImagePropertyDICOMNominalRangeModulationFractions	System/Library/Frameworks/ImageIO.framework/ImageIO.tbd
_kCGImagePropertyDICOMNominalRespiratoryTriggerDelayTime	System/Library/Frameworks/ImageIO.framework/ImageIO.tbd
_kCGImagePropertyDICOMNominalScannedPixelSpacing	System/Library/Frameworks/ImageIO.framework/ImageIO.tbd
_kCGImagePropertyDICOMNominalScreenDefinitionSequence	System/Library/Frameworks/ImageIO.framework/ImageIO.tbd
_kCGImagePropertyDICOMNonDICOMOutputCodeSequence	System/Library/Frameworks/ImageIO.framework/ImageIO.tbd
_kCGImagePropertyDICOMNonUniformRadialSamplingCorrected	System/Library/Frameworks/ImageIO.framework/ImageIO.tbd
_kCGImagePropertyDICOMNonconformingDataElementValue	System/Library/Frameworks/ImageIO.framework/ImageIO.tbd
_kCGImagePropertyDICOMNonconformingModifiedAttributesSequence	System/Library/Frameworks/ImageIO.framework/ImageIO.tbd
_kCGImagePropertyDICOMNonidentifyingPrivateElements	System/Library/Frameworks/ImageIO.framework/ImageIO.tbd
_kCGImagePropertyDICOMNormalizationFactorFormat	System/Library/Frameworks/ImageIO.framework/ImageIO.tbd
_kCGImagePropertyDICOMNormalizationPoint	System/Library/Frameworks/ImageIO.framework/ImageIO.tbd
_kCGImagePropertyDICOMNotchFilterBandwidth	System/Library/Frameworks/ImageIO.framework/ImageIO.tbd
_kCGImagePropertyDICOMNotchFilterCharacteristicsSequence	System/Library/Frameworks/ImageIO.framework/ImageIO.tbd
_kCGImagePropertyDICOMNotchFilterFrequency	System/Library/Frameworks/ImageIO.framework/ImageIO.tbd
_kCGImagePropertyDICOMNotificationFromManufacturerSequence	System/Library/Frameworks/ImageIO.framework/ImageIO.tbd
_kCGImagePropertyDICOMNuclearMedicineSeriesType	System/Library/Frameworks/ImageIO.framework/ImageIO.tbd
_kCGImagePropertyDICOMNumberOfAcquisitionDevices	System/Library/Frameworks/ImageIO.framework/ImageIO.tbd
_kCGImagePropertyDICOMNumberOfAlarmObjects	System/Library/Frameworks/ImageIO.framework/ImageIO.tbd
_kCGImagePropertyDICOMNumberOfAnnotations	System/Library/Frameworks/ImageIO.framework/ImageIO.tbd
_kCGImagePropertyDICOMNumberOfAssessmentObservations	System/Library/Frameworks/ImageIO.framework/ImageIO.tbd
_kCGImagePropertyDICOMNumberOfAverages	System/Library/Frameworks/ImageIO.framework/ImageIO.tbd
_kCGImagePropertyDICOMNumberOfBeams	System/Library/Frameworks/ImageIO.framework/ImageIO.tbd
_kCGImagePropertyDICOMNumberOfBlockSlabItems	System/Library/Frameworks/ImageIO.framework/ImageIO.tbd
_kCGImagePropertyDICOMNumberOfBlocks	System/Library/Frameworks/ImageIO.framework/ImageIO.tbd
_kCGImagePropertyDICOMNumberOfBoli	System/Library/Frameworks/ImageIO.framework/ImageIO.tbd
_kCGImagePropertyDICOMNumberOfBoluses	System/Library/Frameworks/ImageIO.framework/ImageIO.tbd
_kCGImagePropertyDICOMNumberOfBrachyApplicationSetups	System/Library/Frameworks/ImageIO.framework/ImageIO.tbd
_kCGImagePropertyDICOMNumberOfBscansPerFrame	System/Library/Frameworks/ImageIO.framework/ImageIO.tbd
_kCGImagePropertyDICOMNumberOfChannels	System/Library/Frameworks/ImageIO.framework/ImageIO.tbd
_kCGImagePropertyDICOMNumberOfCompensators	System/Library/Frameworks/ImageIO.framework/ImageIO.tbd
_kCGImagePropertyDICOMNumberOfCompletedSuboperations	System/Library/Frameworks/ImageIO.framework/ImageIO.tbd
_kCGImagePropertyDICOMNumberOfContourPoints	System/Library/Frameworks/ImageIO.framework/ImageIO.tbd
_kCGImagePropertyDICOMNumberOfControlPoints	System/Library/Frameworks/ImageIO.framework/ImageIO.tbd
_kCGImagePropertyDICOMNumberOfCopies	System/Library/Frameworks/ImageIO.framework/ImageIO.tbd
_kCGImagePropertyDICOMNumberOfDetectors	System/Library/Frameworks/ImageIO.framework/ImageIO.tbd
_kCGImagePropertyDICOMNumberOfDisplaySubsystems	System/Library/Frameworks/ImageIO.framework/ImageIO.tbd
_kCGImagePropertyDICOMNumberOfElements	System/Library/Frameworks/ImageIO.framework/ImageIO.tbd
_kCGImagePropertyDICOMNumberOfEnergyWindows	System/Library/Frameworks/ImageIO.framework/ImageIO.tbd
_kCGImagePropertyDICOMNumberOfEventTimers	System/Library/Frameworks/ImageIO.framework/ImageIO.tbd
_kCGImagePropertyDICOMNumberOfFailedSuboperations	System/Library/Frameworks/ImageIO.framework/ImageIO.tbd
_kCGImagePropertyDICOMNumberOfFilms	System/Library/Frameworks/ImageIO.framework/ImageIO.tbd
_kCGImagePropertyDICOMNumberOfFocalPlanes	System/Library/Frameworks/ImageIO.framework/ImageIO.tbd
_kCGImagePropertyDICOMNumberOfFractionPatternDigitsPerDay	System/Library/Frameworks/ImageIO.framework/ImageIO.tbd
_kCGImagePropertyDICOMNumberOfFractions	System/Library/Frameworks/ImageIO.framework/ImageIO.tbd
_kCGImagePropertyDICOMNumberOfFractionsDelivered	System/Library/Frameworks/ImageIO.framework/ImageIO.tbd
_kCGImagePropertyDICOMNumberOfFractionsIncluded	System/Library/Frameworks/ImageIO.framework/ImageIO.tbd
_kCGImagePropertyDICOMNumberOfFractionsPlanned	System/Library/Frameworks/ImageIO.framework/ImageIO.tbd
_kCGImagePropertyDICOMNumberOfFrames	System/Library/Frameworks/ImageIO.framework/ImageIO.tbd
_kCGImagePropertyDICOMNumberOfFramesInOverlay	System/Library/Frameworks/ImageIO.framework/ImageIO.tbd
_kCGImagePropertyDICOMNumberOfFramesInPhase	System/Library/Frameworks/ImageIO.framework/ImageIO.tbd
_kCGImagePropertyDICOMNumberOfFramesInRotation	System/Library/Frameworks/ImageIO.framework/ImageIO.tbd
_kCGImagePropertyDICOMNumberOfFramesIntegrated	System/Library/Frameworks/ImageIO.framework/ImageIO.tbd
_kCGImagePropertyDICOMNumberOfFramesUsedForIntegration	System/Library/Frameworks/ImageIO.framework/ImageIO.tbd
_kCGImagePropertyDICOMNumberOfGeneralAccessories	System/Library/Frameworks/ImageIO.framework/ImageIO.tbd
_kCGImagePropertyDICOMNumberOfGraphicPoints	System/Library/Frameworks/ImageIO.framework/ImageIO.tbd
_kCGImagePropertyDICOMNumberOfHorizontalPixels	System/Library/Frameworks/ImageIO.framework/ImageIO.tbd
_kCGImagePropertyDICOMNumberOfIntervalFractions	System/Library/Frameworks/ImageIO.framework/ImageIO.tbd
_kCGImagePropertyDICOMNumberOfIterations	System/Library/Frameworks/ImageIO.framework/ImageIO.tbd
_kCGImagePropertyDICOMNumberOfKSpaceTrajectories	System/Library/Frameworks/ImageIO.framework/ImageIO.tbd
_kCGImagePropertyDICOMNumberOfLateralSpreadingDevices	System/Library/Frameworks/ImageIO.framework/ImageIO.tbd
_kCGImagePropertyDICOMNumberOfLeafJawPairs	System/Library/Frameworks/ImageIO.framework/ImageIO.tbd
_kCGImagePropertyDICOMNumberOfLuminancePoints	System/Library/Frameworks/ImageIO.framework/ImageIO.tbd
_kCGImagePropertyDICOMNumberOfMapPoints	System/Library/Frameworks/ImageIO.framework/ImageIO.tbd
_kCGImagePropertyDICOMNumberOfOpticalPaths	System/Library/Frameworks/ImageIO.framework/ImageIO.tbd
_kCGImagePropertyDICOMNumberOfPaddedALines	System/Library/Frameworks/ImageIO.framework/ImageIO.tbd
_kCGImagePropertyDICOMNumberOfPaintings	System/Library/Frameworks/ImageIO.framework/ImageIO.tbd
_kCGImagePropertyDICOMNumberOfParallelRTBeamDelimiters	System/Library/Frameworks/ImageIO.framework/ImageIO.tbd
_kCGImagePropertyDICOMNumberOfPatientRelatedInstances	System/Library/Frameworks/ImageIO.framework/ImageIO.tbd
_kCGImagePropertyDICOMNumberOfPatientRelatedSeries	System/Library/Frameworks/ImageIO.framework/ImageIO.tbd
_kCGImagePropertyDICOMNumberOfPatientRelatedStudies	System/Library/Frameworks/ImageIO.framework/ImageIO.tbd
_kCGImagePropertyDICOMNumberOfPatientSupportDevices	System/Library/Frameworks/ImageIO.framework/ImageIO.tbd
_kCGImagePropertyDICOMNumberOfPhaseEncodingSteps	System/Library/Frameworks/ImageIO.framework/ImageIO.tbd
_kCGImagePropertyDICOMNumberOfPhases	System/Library/Frameworks/ImageIO.framework/ImageIO.tbd
_kCGImagePropertyDICOMNumberOfPoints	System/Library/Frameworks/ImageIO.framework/ImageIO.tbd
_kCGImagePropertyDICOMNumberOfPolygonalVertices	System/Library/Frameworks/ImageIO.framework/ImageIO.tbd
_kCGImagePropertyDICOMNumberOfPriorsReferenced	System/Library/Frameworks/ImageIO.framework/ImageIO.tbd
_kCGImagePropertyDICOMNumberOfPulses	System/Library/Frameworks/ImageIO.framework/ImageIO.tbd
_kCGImagePropertyDICOMNumberOfRRIntervals	System/Library/Frameworks/ImageIO.framework/ImageIO.tbd
_kCGImagePropertyDICOMNumberOfRTAccessoryHolders	System/Library/Frameworks/ImageIO.framework/ImageIO.tbd
_kCGImagePropertyDICOMNumberOfRTBeamLimitingDeviceOpenings	System/Library/Frameworks/ImageIO.framework/ImageIO.tbd
_kCGImagePropertyDICOMNumberOfRTBeamLimitingDevices	System/Library/Frameworks/ImageIO.framework/ImageIO.tbd
_kCGImagePropertyDICOMNumberOfRTControlPoints	System/Library/Frameworks/ImageIO.framework/ImageIO.tbd
_kCGImagePropertyDICOMNumberOfRadiationGenerationModes	System/Library/Frameworks/ImageIO.framework/ImageIO.tbd
_kCGImagePropertyDICOMNumberOfRangeModulators	System/Library/Frameworks/ImageIO.framework/ImageIO.tbd
_kCGImagePropertyDICOMNumberOfRangeShifters	System/Library/Frameworks/ImageIO.framework/ImageIO.tbd
_kCGImagePropertyDICOMNumberOfReferences	System/Library/Frameworks/ImageIO.framework/ImageIO.tbd
_kCGImagePropertyDICOMNumberOfRemainingSuboperations	System/Library/Frameworks/ImageIO.framework/ImageIO.tbd
_kCGImagePropertyDICOMNumberOfRotations	System/Library/Frameworks/ImageIO.framework/ImageIO.tbd
_kCGImagePropertyDICOMNumberOfSamples	System/Library/Frameworks/ImageIO.framework/ImageIO.tbd
_kCGImagePropertyDICOMNumberOfScanSpotPositions	System/Library/Frameworks/ImageIO.framework/ImageIO.tbd
_kCGImagePropertyDICOMNumberOfScreens	System/Library/Frameworks/ImageIO.framework/ImageIO.tbd
_kCGImagePropertyDICOMNumberOfSeriesRelatedInstances	System/Library/Frameworks/ImageIO.framework/ImageIO.tbd
_kCGImagePropertyDICOMNumberOfSlices	System/Library/Frameworks/ImageIO.framework/ImageIO.tbd
_kCGImagePropertyDICOMNumberOfStages	System/Library/Frameworks/ImageIO.framework/ImageIO.tbd
_kCGImagePropertyDICOMNumberOfStudyRecordsInInstance	System/Library/Frameworks/ImageIO.framework/ImageIO.tbd
_kCGImagePropertyDICOMNumberOfStudyRelatedInstances	System/Library/Frameworks/ImageIO.framework/ImageIO.tbd
_kCGImagePropertyDICOMNumberOfStudyRelatedSeries	System/Library/Frameworks/ImageIO.framework/ImageIO.tbd
_kCGImagePropertyDICOMNumberOfSubsets	System/Library/Frameworks/ImageIO.framework/ImageIO.tbd
_kCGImagePropertyDICOMNumberOfSurfacePoints	System/Library/Frameworks/ImageIO.framework/ImageIO.tbd
_kCGImagePropertyDICOMNumberOfSurfaces	System/Library/Frameworks/ImageIO.framework/ImageIO.tbd
_kCGImagePropertyDICOMNumberOfTableBreakPoints	System/Library/Frameworks/ImageIO.framework/ImageIO.tbd
_kCGImagePropertyDICOMNumberOfTableColumns	System/Library/Frameworks/ImageIO.framework/ImageIO.tbd
_kCGImagePropertyDICOMNumberOfTableEntries	System/Library/Frameworks/ImageIO.framework/ImageIO.tbd
_kCGImagePropertyDICOMNumberOfTableRows	System/Library/Frameworks/ImageIO.framework/ImageIO.tbd
_kCGImagePropertyDICOMNumberOfTables	System/Library/Frameworks/ImageIO.framework/ImageIO.tbd
_kCGImagePropertyDICOMNumberOfTemporalPositions	System/Library/Frameworks/ImageIO.framework/ImageIO.tbd
_kCGImagePropertyDICOMNumberOfTimeSlices	System/Library/Frameworks/ImageIO.framework/ImageIO.tbd
_kCGImagePropertyDICOMNumberOfTimeSlots	System/Library/Frameworks/ImageIO.framework/ImageIO.tbd
_kCGImagePropertyDICOMNumberOfTomosynthesisSourceImages	System/Library/Frameworks/ImageIO.framework/ImageIO.tbd
_kCGImagePropertyDICOMNumberOfTotalObjects	System/Library/Frameworks/ImageIO.framework/ImageIO.tbd
_kCGImagePropertyDICOMNumberOfTransformSteps	System/Library/Frameworks/ImageIO.framework/ImageIO.tbd
_kCGImagePropertyDICOMNumberOfTriggersInPhase	System/Library/Frameworks/ImageIO.framework/ImageIO.tbd
_kCGImagePropertyDICOMNumberOfVectors	System/Library/Frameworks/ImageIO.framework/ImageIO.tbd
_kCGImagePropertyDICOMNumberOfVerticalPixels	System/Library/Frameworks/ImageIO.framework/ImageIO.tbd
_kCGImagePropertyDICOMNumberOfViewsInStage	System/Library/Frameworks/ImageIO.framework/ImageIO.tbd
_kCGImagePropertyDICOMNumberOfVisualStimuli	System/Library/Frameworks/ImageIO.framework/ImageIO.tbd
_kCGImagePropertyDICOMNumberOfVolumetricCurvePoints	System/Library/Frameworks/ImageIO.framework/ImageIO.tbd
_kCGImagePropertyDICOMNumberOfWarningSuboperations	System/Library/Frameworks/ImageIO.framework/ImageIO.tbd
_kCGImagePropertyDICOMNumberOfWaveformChannels	System/Library/Frameworks/ImageIO.framework/ImageIO.tbd
_kCGImagePropertyDICOMNumberOfWaveformSamples	System/Library/Frameworks/ImageIO.framework/ImageIO.tbd
_kCGImagePropertyDICOMNumberOfWedgePositions	System/Library/Frameworks/ImageIO.framework/ImageIO.tbd
_kCGImagePropertyDICOMNumberOfWedges	System/Library/Frameworks/ImageIO.framework/ImageIO.tbd
_kCGImagePropertyDICOMNumberOfZeroFills	System/Library/Frameworks/ImageIO.framework/ImageIO.tbd
_kCGImagePropertyDICOMNumericValue	System/Library/Frameworks/ImageIO.framework/ImageIO.tbd
_kCGImagePropertyDICOMNumericValueQualifierCodeSequence	System/Library/Frameworks/ImageIO.framework/ImageIO.tbd
_kCGImagePropertyDICOMOCTAcquisitionDomain	System/Library/Frameworks/ImageIO.framework/ImageIO.tbd
_kCGImagePropertyDICOMOCTBscanAnalysisAcquisitionParametersSequence	System/Library/Frameworks/ImageIO.framework/ImageIO.tbd
_kCGImagePropertyDICOMOCTFocalDistance	System/Library/Frameworks/ImageIO.framework/ImageIO.tbd
_kCGImagePropertyDICOMOCTOpticalCenterWavelength	System/Library/Frameworks/ImageIO.framework/ImageIO.tbd
_kCGImagePropertyDICOMOCTZOffsetApplied	System/Library/Frameworks/ImageIO.framework/ImageIO.tbd
_kCGImagePropertyDICOMOCTZOffsetCorrection	System/Library/Frameworks/ImageIO.framework/ImageIO.tbd
_kCGImagePropertyDICOMOECFColumnNames	System/Library/Frameworks/ImageIO.framework/ImageIO.tbd
_kCGImagePropertyDICOMOECFColumns	System/Library/Frameworks/ImageIO.framework/ImageIO.tbd
_kCGImagePropertyDICOMOECFRows	System/Library/Frameworks/ImageIO.framework/ImageIO.tbd
_kCGImagePropertyDICOMOECFValues	System/Library/Frameworks/ImageIO.framework/ImageIO.tbd
_kCGImagePropertyDICOMOOIOwnerCreationTime	System/Library/Frameworks/ImageIO.framework/ImageIO.tbd
_kCGImagePropertyDICOMOOIOwnerSequence	System/Library/Frameworks/ImageIO.framework/ImageIO.tbd
_kCGImagePropertyDICOMOOIOwnerType	System/Library/Frameworks/ImageIO.framework/ImageIO.tbd
_kCGImagePropertyDICOMOOISize	System/Library/Frameworks/ImageIO.framework/ImageIO.tbd
_kCGImagePropertyDICOMOOIType	System/Library/Frameworks/ImageIO.framework/ImageIO.tbd
_kCGImagePropertyDICOMOOITypeDescriptor	System/Library/Frameworks/ImageIO.framework/ImageIO.tbd
_kCGImagePropertyDICOMObjectBinaryIdentifierTrial	System/Library/Frameworks/ImageIO.framework/ImageIO.tbd
_kCGImagePropertyDICOMObjectDirectoryBinaryIdentifierTrial	System/Library/Frameworks/ImageIO.framework/ImageIO.tbd
_kCGImagePropertyDICOMObjectPixelSpacingInCenterOfBeam	System/Library/Frameworks/ImageIO.framework/ImageIO.tbd
_kCGImagePropertyDICOMObjectSoundSpeed	System/Library/Frameworks/ImageIO.framework/ImageIO.tbd
_kCGImagePropertyDICOMObjectThicknessSequence	System/Library/Frameworks/ImageIO.framework/ImageIO.tbd
_kCGImagePropertyDICOMObjectiveLensNumericalAperture	System/Library/Frameworks/ImageIO.framework/ImageIO.tbd
_kCGImagePropertyDICOMObjectiveLensPower	System/Library/Frameworks/ImageIO.framework/ImageIO.tbd
_kCGImagePropertyDICOMObliqueCroppingPlaneSequence	System/Library/Frameworks/ImageIO.framework/ImageIO.tbd
_kCGImagePropertyDICOMObservationBasisCodeSequence	System/Library/Frameworks/ImageIO.framework/ImageIO.tbd
_kCGImagePropertyDICOMObservationCategoryCodeSequenceTrial	System/Library/Frameworks/ImageIO.framework/ImageIO.tbd
_kCGImagePropertyDICOMObservationDateTime	System/Library/Frameworks/ImageIO.framework/ImageIO.tbd
_kCGImagePropertyDICOMObservationDateTrial	System/Library/Frameworks/ImageIO.framework/ImageIO.tbd
_kCGImagePropertyDICOMObservationDescription	System/Library/Frameworks/ImageIO.framework/ImageIO.tbd
_kCGImagePropertyDICOMObservationNumber	System/Library/Frameworks/ImageIO.framework/ImageIO.tbd
_kCGImagePropertyDICOMObservationSignificance	System/Library/Frameworks/ImageIO.framework/ImageIO.tbd
_kCGImagePropertyDICOMObservationStartDateTime	System/Library/Frameworks/ImageIO.framework/ImageIO.tbd
_kCGImagePropertyDICOMObservationSubjectClassTrial	System/Library/Frameworks/ImageIO.framework/ImageIO.tbd
_kCGImagePropertyDICOMObservationSubjectContextFlagTrial	System/Library/Frameworks/ImageIO.framework/ImageIO.tbd
_kCGImagePropertyDICOMObservationSubjectTypeCodeSequenceTrial	System/Library/Frameworks/ImageIO.framework/ImageIO.tbd
_kCGImagePropertyDICOMObservationSubjectUIDTrial	System/Library/Frameworks/ImageIO.framework/ImageIO.tbd
_kCGImagePropertyDICOMObservationTimeTrial	System/Library/Frameworks/ImageIO.framework/ImageIO.tbd
_kCGImagePropertyDICOMObservationUID	System/Library/Frameworks/ImageIO.framework/ImageIO.tbd
_kCGImagePropertyDICOMObserverContextFlagTrial	System/Library/Frameworks/ImageIO.framework/ImageIO.tbd
_kCGImagePropertyDICOMObserverType	System/Library/Frameworks/ImageIO.framework/ImageIO.tbd
_kCGImagePropertyDICOMOccupation	System/Library/Frameworks/ImageIO.framework/ImageIO.tbd
_kCGImagePropertyDICOMOffendingElement	System/Library/Frameworks/ImageIO.framework/ImageIO.tbd
_kCGImagePropertyDICOMOffsetDirection	System/Library/Frameworks/ImageIO.framework/ImageIO.tbd
_kCGImagePropertyDICOMOffsetDistance	System/Library/Frameworks/ImageIO.framework/ImageIO.tbd
_kCGImagePropertyDICOMOffsetOfReferencedLowerLevelDirectoryEntity	System/Library/Frameworks/ImageIO.framework/ImageIO.tbd
_kCGImagePropertyDICOMOffsetOfTheFirstDirectoryRecordOfTheRootDirectoryEntity	System/Library/Frameworks/ImageIO.framework/ImageIO.tbd
_kCGImagePropertyDICOMOffsetOfTheLastDirectoryRecordOfTheRootDirectoryEntity	System/Library/Frameworks/ImageIO.framework/ImageIO.tbd
_kCGImagePropertyDICOMOffsetOfTheNextDirectoryRecord	System/Library/Frameworks/ImageIO.framework/ImageIO.tbd
_kCGImagePropertyDICOMOmittedApplicationSetupSequence	System/Library/Frameworks/ImageIO.framework/ImageIO.tbd
_kCGImagePropertyDICOMOmittedBeamTaskSequence	System/Library/Frameworks/ImageIO.framework/ImageIO.tbd
_kCGImagePropertyDICOMOmittedChannelSequence	System/Library/Frameworks/ImageIO.framework/ImageIO.tbd
_kCGImagePropertyDICOMOmittedRadiationSequence	System/Library/Frameworks/ImageIO.framework/ImageIO.tbd
_kCGImagePropertyDICOMOnAxisBackgroundAnatomicStructureCodeSequenceTrial	System/Library/Frameworks/ImageIO.framework/ImageIO.tbd
_kCGImagePropertyDICOMOperatingMode	System/Library/Frameworks/ImageIO.framework/ImageIO.tbd
_kCGImagePropertyDICOMOperatingModeSequence	System/Library/Frameworks/ImageIO.framework/ImageIO.tbd
_kCGImagePropertyDICOMOperatingModeType	System/Library/Frameworks/ImageIO.framework/ImageIO.tbd
_kCGImagePropertyDICOMOperatorIdentificationSequence	System/Library/Frameworks/ImageIO.framework/ImageIO.tbd
_kCGImagePropertyDICOMOperatorsName	System/Library/Frameworks/ImageIO.framework/ImageIO.tbd
_kCGImagePropertyDICOMOphthalmicAnatomicReferencePointXCoordinate	System/Library/Frameworks/ImageIO.framework/ImageIO.tbd
_kCGImagePropertyDICOMOphthalmicAnatomicReferencePointYCoordinate	System/Library/Frameworks/ImageIO.framework/ImageIO.tbd
_kCGImagePropertyDICOMOphthalmicAxialLength	System/Library/Frameworks/ImageIO.framework/ImageIO.tbd
_kCGImagePropertyDICOMOphthalmicAxialLengthAcquisitionMethodCodeSequence	System/Library/Frameworks/ImageIO.framework/ImageIO.tbd
_kCGImagePropertyDICOMOphthalmicAxialLengthDataSourceCodeSequence	System/Library/Frameworks/ImageIO.framework/ImageIO.tbd
_kCGImagePropertyDICOMOphthalmicAxialLengthDataSourceDescription	System/Library/Frameworks/ImageIO.framework/ImageIO.tbd
_kCGImagePropertyDICOMOphthalmicAxialLengthMeasurementModified	System/Library/Frameworks/ImageIO.framework/ImageIO.tbd
_kCGImagePropertyDICOMOphthalmicAxialLengthMeasurementsLengthSummationSequence	System/Library/Frameworks/ImageIO.framework/ImageIO.tbd
_kCGImagePropertyDICOMOphthalmicAxialLengthMeasurementsSegmentNameCodeSequence	System/Library/Frameworks/ImageIO.framework/ImageIO.tbd
_kCGImagePropertyDICOMOphthalmicAxialLengthMeasurementsSegmentalLengthSequence	System/Library/Frameworks/ImageIO.framework/ImageIO.tbd
_kCGImagePropertyDICOMOphthalmicAxialLengthMeasurementsSequence	System/Library/Frameworks/ImageIO.framework/ImageIO.tbd
_kCGImagePropertyDICOMOphthalmicAxialLengthMeasurementsTotalLengthSequence	System/Library/Frameworks/ImageIO.framework/ImageIO.tbd
_kCGImagePropertyDICOMOphthalmicAxialLengthMeasurementsType	System/Library/Frameworks/ImageIO.framework/ImageIO.tbd
_kCGImagePropertyDICOMOphthalmicAxialLengthMethod	System/Library/Frameworks/ImageIO.framework/ImageIO.tbd
_kCGImagePropertyDICOMOphthalmicAxialLengthQualityMetricSequence	System/Library/Frameworks/ImageIO.framework/ImageIO.tbd
_kCGImagePropertyDICOMOphthalmicAxialLengthQualityMetricTypeCodeSequence	System/Library/Frameworks/ImageIO.framework/ImageIO.tbd
_kCGImagePropertyDICOMOphthalmicAxialLengthQualityMetricTypeDescription	System/Library/Frameworks/ImageIO.framework/ImageIO.tbd
_kCGImagePropertyDICOMOphthalmicAxialLengthSelectionMethodCodeSequence	System/Library/Frameworks/ImageIO.framework/ImageIO.tbd
_kCGImagePropertyDICOMOphthalmicAxialLengthSequence	System/Library/Frameworks/ImageIO.framework/ImageIO.tbd
_kCGImagePropertyDICOMOphthalmicAxialLengthVelocity	System/Library/Frameworks/ImageIO.framework/ImageIO.tbd
_kCGImagePropertyDICOMOphthalmicAxialMeasurementsDeviceType	System/Library/Frameworks/ImageIO.framework/ImageIO.tbd
_kCGImagePropertyDICOMOphthalmicAxialMeasurementsLeftEyeSequence	System/Library/Frameworks/ImageIO.framework/ImageIO.tbd
_kCGImagePropertyDICOMOphthalmicAxialMeasurementsRightEyeSequence	System/Library/Frameworks/ImageIO.framework/ImageIO.tbd
_kCGImagePropertyDICOMOphthalmicEnFaceImageQualityRatingSequence	System/Library/Frameworks/ImageIO.framework/ImageIO.tbd
_kCGImagePropertyDICOMOphthalmicFOV	System/Library/Frameworks/ImageIO.framework/ImageIO.tbd
_kCGImagePropertyDICOMOphthalmicFrameLocationSequence	System/Library/Frameworks/ImageIO.framework/ImageIO.tbd
_kCGImagePropertyDICOMOphthalmicImageOrientation	System/Library/Frameworks/ImageIO.framework/ImageIO.tbd
_kCGImagePropertyDICOMOphthalmicImageTypeCodeSequence	System/Library/Frameworks/ImageIO.framework/ImageIO.tbd
_kCGImagePropertyDICOMOphthalmicImageTypeDescription	System/Library/Frameworks/ImageIO.framework/ImageIO.tbd
_kCGImagePropertyDICOMOphthalmicMappingDeviceType	System/Library/Frameworks/ImageIO.framework/ImageIO.tbd
_kCGImagePropertyDICOMOphthalmicPatientClinicalInformationLeftEyeSequence	System/Library/Frameworks/ImageIO.framework/ImageIO.tbd
_kCGImagePropertyDICOMOphthalmicPatientClinicalInformationRightEyeSequence	System/Library/Frameworks/ImageIO.framework/ImageIO.tbd
_kCGImagePropertyDICOMOphthalmicThicknessMapQualityRatingSequence	System/Library/Frameworks/ImageIO.framework/ImageIO.tbd
_kCGImagePropertyDICOMOphthalmicThicknessMapQualityThresholdSequence	System/Library/Frameworks/ImageIO.framework/ImageIO.tbd
_kCGImagePropertyDICOMOphthalmicThicknessMapThresholdQualityRating	System/Library/Frameworks/ImageIO.framework/ImageIO.tbd
_kCGImagePropertyDICOMOphthalmicThicknessMapTypeCodeSequence	System/Library/Frameworks/ImageIO.framework/ImageIO.tbd
_kCGImagePropertyDICOMOphthalmicThicknessMappingNormalsSequence	System/Library/Frameworks/ImageIO.framework/ImageIO.tbd
_kCGImagePropertyDICOMOphthalmicUltrasoundMethodCodeSequence	System/Library/Frameworks/ImageIO.framework/ImageIO.tbd
_kCGImagePropertyDICOMOphthalmicVolumetricPropertiesFlag	System/Library/Frameworks/ImageIO.framework/ImageIO.tbd
_kCGImagePropertyDICOMOpticalMagnificationFactor	System/Library/Frameworks/ImageIO.framework/ImageIO.tbd
_kCGImagePropertyDICOMOpticalOphthalmicAxialLengthMeasurementsSequence	System/Library/Frameworks/ImageIO.framework/ImageIO.tbd
_kCGImagePropertyDICOMOpticalPathDescription	System/Library/Frameworks/ImageIO.framework/ImageIO.tbd
_kCGImagePropertyDICOMOpticalPathIdentificationSequence	System/Library/Frameworks/ImageIO.framework/ImageIO.tbd
_kCGImagePropertyDICOMOpticalPathIdentifier	System/Library/Frameworks/ImageIO.framework/ImageIO.tbd
_kCGImagePropertyDICOMOpticalPathSequence	System/Library/Frameworks/ImageIO.framework/ImageIO.tbd
_kCGImagePropertyDICOMOpticalSelectedOphthalmicAxialLengthSequence	System/Library/Frameworks/ImageIO.framework/ImageIO.tbd
_kCGImagePropertyDICOMOpticalTransmittance	System/Library/Frameworks/ImageIO.framework/ImageIO.tbd
_kCGImagePropertyDICOMOptotype	System/Library/Frameworks/ImageIO.framework/ImageIO.tbd
_kCGImagePropertyDICOMOptotypeDetailedDefinition	System/Library/Frameworks/ImageIO.framework/ImageIO.tbd
_kCGImagePropertyDICOMOptotypePresentation	System/Library/Frameworks/ImageIO.framework/ImageIO.tbd
_kCGImagePropertyDICOMOrderCallbackPhoneNumber	System/Library/Frameworks/ImageIO.framework/ImageIO.tbd
_kCGImagePropertyDICOMOrderCallbackTelecomInformation	System/Library/Frameworks/ImageIO.framework/ImageIO.tbd
_kCGImagePropertyDICOMOrderEnteredBy	System/Library/Frameworks/ImageIO.framework/ImageIO.tbd
_kCGImagePropertyDICOMOrderEntererLocation	System/Library/Frameworks/ImageIO.framework/ImageIO.tbd
_kCGImagePropertyDICOMOrderFillerIdentifierSequence	System/Library/Frameworks/ImageIO.framework/ImageIO.tbd
_kCGImagePropertyDICOMOrderPlacerIdentifierSequence	System/Library/Frameworks/ImageIO.framework/ImageIO.tbd
_kCGImagePropertyDICOMOrganAtRiskFullVolumeDose	System/Library/Frameworks/ImageIO.framework/ImageIO.tbd
_kCGImagePropertyDICOMOrganAtRiskLimitDose	System/Library/Frameworks/ImageIO.framework/ImageIO.tbd
_kCGImagePropertyDICOMOrganAtRiskMaximumDose	System/Library/Frameworks/ImageIO.framework/ImageIO.tbd
_kCGImagePropertyDICOMOrganAtRiskOverdoseVolumeFraction	System/Library/Frameworks/ImageIO.framework/ImageIO.tbd
_kCGImagePropertyDICOMOrganDose	System/Library/Frameworks/ImageIO.framework/ImageIO.tbd
_kCGImagePropertyDICOMOrganExposed	System/Library/Frameworks/ImageIO.framework/ImageIO.tbd
_kCGImagePropertyDICOMOrganizationalRoleCodeSequence	System/Library/Frameworks/ImageIO.framework/ImageIO.tbd
_kCGImagePropertyDICOMOriginalAttributesSequence	System/Library/Frameworks/ImageIO.framework/ImageIO.tbd
_kCGImagePropertyDICOMOriginalImageIdentification	System/Library/Frameworks/ImageIO.framework/ImageIO.tbd
_kCGImagePropertyDICOMOriginalImageIdentificationNomenclature	System/Library/Frameworks/ImageIO.framework/ImageIO.tbd
_kCGImagePropertyDICOMOriginalImageSequence	System/Library/Frameworks/ImageIO.framework/ImageIO.tbd
_kCGImagePropertyDICOMOriginalImplantAssemblyTemplateSequence	System/Library/Frameworks/ImageIO.framework/ImageIO.tbd
_kCGImagePropertyDICOMOriginalImplantTemplateSequence	System/Library/Frameworks/ImageIO.framework/ImageIO.tbd
_kCGImagePropertyDICOMOriginalSpecializedSOPClassUID	System/Library/Frameworks/ImageIO.framework/ImageIO.tbd
_kCGImagePropertyDICOMOriginatingSOPInstanceReferenceSequence	System/Library/Frameworks/ImageIO.framework/ImageIO.tbd
_kCGImagePropertyDICOMOriginator	System/Library/Frameworks/ImageIO.framework/ImageIO.tbd
_kCGImagePropertyDICOMOtherApprovalStatus	System/Library/Frameworks/ImageIO.framework/ImageIO.tbd
_kCGImagePropertyDICOMOtherFailuresSequence	System/Library/Frameworks/ImageIO.framework/ImageIO.tbd
_kCGImagePropertyDICOMOtherMagnificationTypesAvailable	System/Library/Frameworks/ImageIO.framework/ImageIO.tbd
_kCGImagePropertyDICOMOtherMediaAvailableSequence	System/Library/Frameworks/ImageIO.framework/ImageIO.tbd
_kCGImagePropertyDICOMOtherPatientIDs	System/Library/Frameworks/ImageIO.framework/ImageIO.tbd
_kCGImagePropertyDICOMOtherPatientIDsSequence	System/Library/Frameworks/ImageIO.framework/ImageIO.tbd
_kCGImagePropertyDICOMOtherPatientNames	System/Library/Frameworks/ImageIO.framework/ImageIO.tbd
_kCGImagePropertyDICOMOtherPupillaryDistance	System/Library/Frameworks/ImageIO.framework/ImageIO.tbd
_kCGImagePropertyDICOMOtherSecondaryApprovalStatus	System/Library/Frameworks/ImageIO.framework/ImageIO.tbd
_kCGImagePropertyDICOMOtherSmoothingTypesAvailable	System/Library/Frameworks/ImageIO.framework/ImageIO.tbd
_kCGImagePropertyDICOMOtherStudyNumbers	System/Library/Frameworks/ImageIO.framework/ImageIO.tbd
_kCGImagePropertyDICOMOuterDiameter	System/Library/Frameworks/ImageIO.framework/ImageIO.tbd
_kCGImagePropertyDICOMOutlineLeftVerticalEdge	System/Library/Frameworks/ImageIO.framework/ImageIO.tbd
_kCGImagePropertyDICOMOutlineLowerHorizontalEdge	System/Library/Frameworks/ImageIO.framework/ImageIO.tbd
_kCGImagePropertyDICOMOutlineRightVerticalEdge	System/Library/Frameworks/ImageIO.framework/ImageIO.tbd
_kCGImagePropertyDICOMOutlineShapeType	System/Library/Frameworks/ImageIO.framework/ImageIO.tbd
_kCGImagePropertyDICOMOutlineUpperHorizontalEdge	System/Library/Frameworks/ImageIO.framework/ImageIO.tbd
_kCGImagePropertyDICOMOutputDestinationSequence	System/Library/Frameworks/ImageIO.framework/ImageIO.tbd
_kCGImagePropertyDICOMOutputInformationSequence	System/Library/Frameworks/ImageIO.framework/ImageIO.tbd
_kCGImagePropertyDICOMOutputPower	System/Library/Frameworks/ImageIO.framework/ImageIO.tbd
_kCGImagePropertyDICOMOverallTemplateSpatialTolerance	System/Library/Frameworks/ImageIO.framework/ImageIO.tbd
_kCGImagePropertyDICOMOverlayActivationLayer	System/Library/Frameworks/ImageIO.framework/ImageIO.tbd
_kCGImagePropertyDICOMOverlayBackgroundDensity	System/Library/Frameworks/ImageIO.framework/ImageIO.tbd
_kCGImagePropertyDICOMOverlayBitPosition	System/Library/Frameworks/ImageIO.framework/ImageIO.tbd
_kCGImagePropertyDICOMOverlayBitsAllocated	System/Library/Frameworks/ImageIO.framework/ImageIO.tbd
_kCGImagePropertyDICOMOverlayBitsForCodeWord	System/Library/Frameworks/ImageIO.framework/ImageIO.tbd
_kCGImagePropertyDICOMOverlayBitsGrouped	System/Library/Frameworks/ImageIO.framework/ImageIO.tbd
_kCGImagePropertyDICOMOverlayCodeLabel	System/Library/Frameworks/ImageIO.framework/ImageIO.tbd
_kCGImagePropertyDICOMOverlayCodeTableLocation	System/Library/Frameworks/ImageIO.framework/ImageIO.tbd
_kCGImagePropertyDICOMOverlayColumns	System/Library/Frameworks/ImageIO.framework/ImageIO.tbd
_kCGImagePropertyDICOMOverlayComments	System/Library/Frameworks/ImageIO.framework/ImageIO.tbd
_kCGImagePropertyDICOMOverlayCompressionCode	System/Library/Frameworks/ImageIO.framework/ImageIO.tbd
_kCGImagePropertyDICOMOverlayCompressionDescription	System/Library/Frameworks/ImageIO.framework/ImageIO.tbd
_kCGImagePropertyDICOMOverlayCompressionLabel	System/Library/Frameworks/ImageIO.framework/ImageIO.tbd
_kCGImagePropertyDICOMOverlayCompressionOriginator	System/Library/Frameworks/ImageIO.framework/ImageIO.tbd
_kCGImagePropertyDICOMOverlayCompressionStepPointers	System/Library/Frameworks/ImageIO.framework/ImageIO.tbd
_kCGImagePropertyDICOMOverlayData	System/Library/Frameworks/ImageIO.framework/ImageIO.tbd
_kCGImagePropertyDICOMOverlayDate	System/Library/Frameworks/ImageIO.framework/ImageIO.tbd
_kCGImagePropertyDICOMOverlayDescription	System/Library/Frameworks/ImageIO.framework/ImageIO.tbd
_kCGImagePropertyDICOMOverlayDescriptorBlue	System/Library/Frameworks/ImageIO.framework/ImageIO.tbd
_kCGImagePropertyDICOMOverlayDescriptorGray	System/Library/Frameworks/ImageIO.framework/ImageIO.tbd
_kCGImagePropertyDICOMOverlayDescriptorGreen	System/Library/Frameworks/ImageIO.framework/ImageIO.tbd
_kCGImagePropertyDICOMOverlayDescriptorRed	System/Library/Frameworks/ImageIO.framework/ImageIO.tbd
_kCGImagePropertyDICOMOverlayForegroundDensity	System/Library/Frameworks/ImageIO.framework/ImageIO.tbd
_kCGImagePropertyDICOMOverlayFormat	System/Library/Frameworks/ImageIO.framework/ImageIO.tbd
_kCGImagePropertyDICOMOverlayLabel	System/Library/Frameworks/ImageIO.framework/ImageIO.tbd
_kCGImagePropertyDICOMOverlayLocation	System/Library/Frameworks/ImageIO.framework/ImageIO.tbd
_kCGImagePropertyDICOMOverlayMagnificationType	System/Library/Frameworks/ImageIO.framework/ImageIO.tbd
_kCGImagePropertyDICOMOverlayMode	System/Library/Frameworks/ImageIO.framework/ImageIO.tbd
_kCGImagePropertyDICOMOverlayNumber	System/Library/Frameworks/ImageIO.framework/ImageIO.tbd
_kCGImagePropertyDICOMOverlayNumberOfTables	System/Library/Frameworks/ImageIO.framework/ImageIO.tbd
_kCGImagePropertyDICOMOverlayOrImageMagnification	System/Library/Frameworks/ImageIO.framework/ImageIO.tbd
_kCGImagePropertyDICOMOverlayOrigin	System/Library/Frameworks/ImageIO.framework/ImageIO.tbd
_kCGImagePropertyDICOMOverlayPixelDataSequence	System/Library/Frameworks/ImageIO.framework/ImageIO.tbd
_kCGImagePropertyDICOMOverlayPlaneOrigin	System/Library/Frameworks/ImageIO.framework/ImageIO.tbd
_kCGImagePropertyDICOMOverlayPlanes	System/Library/Frameworks/ImageIO.framework/ImageIO.tbd
_kCGImagePropertyDICOMOverlayRepeatInterval	System/Library/Frameworks/ImageIO.framework/ImageIO.tbd
_kCGImagePropertyDICOMOverlayRows	System/Library/Frameworks/ImageIO.framework/ImageIO.tbd
_kCGImagePropertyDICOMOverlaySmoothingType	System/Library/Frameworks/ImageIO.framework/ImageIO.tbd
_kCGImagePropertyDICOMOverlaySubtype	System/Library/Frameworks/ImageIO.framework/ImageIO.tbd
_kCGImagePropertyDICOMOverlayTime	System/Library/Frameworks/ImageIO.framework/ImageIO.tbd
_kCGImagePropertyDICOMOverlayType	System/Library/Frameworks/ImageIO.framework/ImageIO.tbd
_kCGImagePropertyDICOMOverlaysBlue	System/Library/Frameworks/ImageIO.framework/ImageIO.tbd
_kCGImagePropertyDICOMOverlaysGray	System/Library/Frameworks/ImageIO.framework/ImageIO.tbd
_kCGImagePropertyDICOMOverlaysGreen	System/Library/Frameworks/ImageIO.framework/ImageIO.tbd
_kCGImagePropertyDICOMOverlaysRed	System/Library/Frameworks/ImageIO.framework/ImageIO.tbd
_kCGImagePropertyDICOMOverriddenAttributesSequence	System/Library/Frameworks/ImageIO.framework/ImageIO.tbd
_kCGImagePropertyDICOMOverrideDateTime	System/Library/Frameworks/ImageIO.framework/ImageIO.tbd
_kCGImagePropertyDICOMOverrideParameterPointer	System/Library/Frameworks/ImageIO.framework/ImageIO.tbd
_kCGImagePropertyDICOMOverrideReason	System/Library/Frameworks/ImageIO.framework/ImageIO.tbd
_kCGImagePropertyDICOMOverrideSequence	System/Library/Frameworks/ImageIO.framework/ImageIO.tbd
_kCGImagePropertyDICOMOversamplingPhase	System/Library/Frameworks/ImageIO.framework/ImageIO.tbd
_kCGImagePropertyDICOMOwnerID	System/Library/Frameworks/ImageIO.framework/ImageIO.tbd
_kCGImagePropertyDICOMPETDetectorMotionDetailsSequence	System/Library/Frameworks/ImageIO.framework/ImageIO.tbd
_kCGImagePropertyDICOMPETFrameAcquisitionSequence	System/Library/Frameworks/ImageIO.framework/ImageIO.tbd
_kCGImagePropertyDICOMPETFrameCorrectionFactorsSequence	System/Library/Frameworks/ImageIO.framework/ImageIO.tbd
_kCGImagePropertyDICOMPETFrameTypeSequence	System/Library/Frameworks/ImageIO.framework/ImageIO.tbd
_kCGImagePropertyDICOMPETPositionSequence	System/Library/Frameworks/ImageIO.framework/ImageIO.tbd
_kCGImagePropertyDICOMPETReconstructionSequence	System/Library/Frameworks/ImageIO.framework/ImageIO.tbd
_kCGImagePropertyDICOMPETTableDynamicsSequence	System/Library/Frameworks/ImageIO.framework/ImageIO.tbd
_kCGImagePropertyDICOMPRCSToRCSOrientation	System/Library/Frameworks/ImageIO.framework/ImageIO.tbd
_kCGImagePropertyDICOMPTOLocationDescription	System/Library/Frameworks/ImageIO.framework/ImageIO.tbd
_kCGImagePropertyDICOMPTORegionSequence	System/Library/Frameworks/ImageIO.framework/ImageIO.tbd
_kCGImagePropertyDICOMPTORepresentationSequence	System/Library/Frameworks/ImageIO.framework/ImageIO.tbd
_kCGImagePropertyDICOMPVCRejection	System/Library/Frameworks/ImageIO.framework/ImageIO.tbd
_kCGImagePropertyDICOMPaddleDescription	System/Library/Frameworks/ImageIO.framework/ImageIO.tbd
_kCGImagePropertyDICOMPageNumberVector	System/Library/Frameworks/ImageIO.framework/ImageIO.tbd
_kCGImagePropertyDICOMPaletteColorLookupTableSequence	System/Library/Frameworks/ImageIO.framework/ImageIO.tbd
_kCGImagePropertyDICOMPaletteColorLookupTableUID	System/Library/Frameworks/ImageIO.framework/ImageIO.tbd
_kCGImagePropertyDICOMParallelAcquisition	System/Library/Frameworks/ImageIO.framework/ImageIO.tbd
_kCGImagePropertyDICOMParallelAcquisitionTechnique	System/Library/Frameworks/ImageIO.framework/ImageIO.tbd
_kCGImagePropertyDICOMParallelRTBeamDelimiterBoundaries	System/Library/Frameworks/ImageIO.framework/ImageIO.tbd
_kCGImagePropertyDICOMParallelRTBeamDelimiterDeviceOrientationLabelCodeSequence	System/Library/Frameworks/ImageIO.framework/ImageIO.tbd
_kCGImagePropertyDICOMParallelRTBeamDelimiterDeviceSequence	System/Library/Frameworks/ImageIO.framework/ImageIO.tbd
_kCGImagePropertyDICOMParallelRTBeamDelimiterLeafMountingSide	System/Library/Frameworks/ImageIO.framework/ImageIO.tbd
_kCGImagePropertyDICOMParallelRTBeamDelimiterOpeningExtents	System/Library/Frameworks/ImageIO.framework/ImageIO.tbd
_kCGImagePropertyDICOMParallelRTBeamDelimiterOpeningMode	System/Library/Frameworks/ImageIO.framework/ImageIO.tbd
_kCGImagePropertyDICOMParallelRTBeamDelimiterPositions	System/Library/Frameworks/ImageIO.framework/ImageIO.tbd
_kCGImagePropertyDICOMParallelReductionFactorInPlane	System/Library/Frameworks/ImageIO.framework/ImageIO.tbd
_kCGImagePropertyDICOMParallelReductionFactorInPlaneRetired	System/Library/Frameworks/ImageIO.framework/ImageIO.tbd
_kCGImagePropertyDICOMParallelReductionFactorOutOfPlane	System/Library/Frameworks/ImageIO.framework/ImageIO.tbd
_kCGImagePropertyDICOMParallelReductionFactorSecondInPlane	System/Library/Frameworks/ImageIO.framework/ImageIO.tbd
_kCGImagePropertyDICOMParameterItemIndex	System/Library/Frameworks/ImageIO.framework/ImageIO.tbd
_kCGImagePropertyDICOMParameterPointer	System/Library/Frameworks/ImageIO.framework/ImageIO.tbd
_kCGImagePropertyDICOMParameterSequencePointer	System/Library/Frameworks/ImageIO.framework/ImageIO.tbd
_kCGImagePropertyDICOMParameterValueNumber	System/Library/Frameworks/ImageIO.framework/ImageIO.tbd
_kCGImagePropertyDICOMParametersSpecificationSequence	System/Library/Frameworks/ImageIO.framework/ImageIO.tbd
_kCGImagePropertyDICOMParametricMapFrameTypeSequence	System/Library/Frameworks/ImageIO.framework/ImageIO.tbd
_kCGImagePropertyDICOMPartialDataDisplayHandling	System/Library/Frameworks/ImageIO.framework/ImageIO.tbd
_kCGImagePropertyDICOMPartialFourier	System/Library/Frameworks/ImageIO.framework/ImageIO.tbd
_kCGImagePropertyDICOMPartialFourierDirection	System/Library/Frameworks/ImageIO.framework/ImageIO.tbd
_kCGImagePropertyDICOMPartialView	System/Library/Frameworks/ImageIO.framework/ImageIO.tbd
_kCGImagePropertyDICOMPartialViewCodeSequence	System/Library/Frameworks/ImageIO.framework/ImageIO.tbd
_kCGImagePropertyDICOMPartialViewDescription	System/Library/Frameworks/ImageIO.framework/ImageIO.tbd
_kCGImagePropertyDICOMParticipantSequence	System/Library/Frameworks/ImageIO.framework/ImageIO.tbd
_kCGImagePropertyDICOMParticipationDateTime	System/Library/Frameworks/ImageIO.framework/ImageIO.tbd
_kCGImagePropertyDICOMParticipationType	System/Library/Frameworks/ImageIO.framework/ImageIO.tbd
_kCGImagePropertyDICOMPatientAdditionalPosition	System/Library/Frameworks/ImageIO.framework/ImageIO.tbd
_kCGImagePropertyDICOMPatientAddress	System/Library/Frameworks/ImageIO.framework/ImageIO.tbd
_kCGImagePropertyDICOMPatientAge	System/Library/Frameworks/ImageIO.framework/ImageIO.tbd
_kCGImagePropertyDICOMPatientAlternativeCalendar	System/Library/Frameworks/ImageIO.framework/ImageIO.tbd
_kCGImagePropertyDICOMPatientBirthDate	System/Library/Frameworks/ImageIO.framework/ImageIO.tbd
_kCGImagePropertyDICOMPatientBirthDateInAlternativeCalendar	System/Library/Frameworks/ImageIO.framework/ImageIO.tbd
_kCGImagePropertyDICOMPatientBirthName	System/Library/Frameworks/ImageIO.framework/ImageIO.tbd
_kCGImagePropertyDICOMPatientBirthTime	System/Library/Frameworks/ImageIO.framework/ImageIO.tbd
_kCGImagePropertyDICOMPatientBodyMassIndex	System/Library/Frameworks/ImageIO.framework/ImageIO.tbd
_kCGImagePropertyDICOMPatientBreedCodeSequence	System/Library/Frameworks/ImageIO.framework/ImageIO.tbd
_kCGImagePropertyDICOMPatientBreedDescription	System/Library/Frameworks/ImageIO.framework/ImageIO.tbd
_kCGImagePropertyDICOMPatientClinicalTrialParticipationSequence	System/Library/Frameworks/ImageIO.framework/ImageIO.tbd
_kCGImagePropertyDICOMPatientComments	System/Library/Frameworks/ImageIO.framework/ImageIO.tbd
_kCGImagePropertyDICOMPatientDeathDateInAlternativeCalendar	System/Library/Frameworks/ImageIO.framework/ImageIO.tbd
_kCGImagePropertyDICOMPatientEquipmentRelationshipCodeSequence	System/Library/Frameworks/ImageIO.framework/ImageIO.tbd
_kCGImagePropertyDICOMPatientEyeMovementCommandCodeSequence	System/Library/Frameworks/ImageIO.framework/ImageIO.tbd
_kCGImagePropertyDICOMPatientEyeMovementCommanded	System/Library/Frameworks/ImageIO.framework/ImageIO.tbd
_kCGImagePropertyDICOMPatientFrameOfReferenceSource	System/Library/Frameworks/ImageIO.framework/ImageIO.tbd
_kCGImagePropertyDICOMPatientGantryRelationshipCodeSequence	System/Library/Frameworks/ImageIO.framework/ImageIO.tbd
_kCGImagePropertyDICOMPatientID	System/Library/Frameworks/ImageIO.framework/ImageIO.tbd
_kCGImagePropertyDICOMPatientIdentityRemoved	System/Library/Frameworks/ImageIO.framework/ImageIO.tbd
_kCGImagePropertyDICOMPatientInstitutionResidence	System/Library/Frameworks/ImageIO.framework/ImageIO.tbd
_kCGImagePropertyDICOMPatientInsurancePlanCodeSequence	System/Library/Frameworks/ImageIO.framework/ImageIO.tbd
_kCGImagePropertyDICOMPatientLocationCoordinatesCodeSequence	System/Library/Frameworks/ImageIO.framework/ImageIO.tbd
_kCGImagePropertyDICOMPatientLocationCoordinatesSequence	System/Library/Frameworks/ImageIO.framework/ImageIO.tbd
_kCGImagePropertyDICOMPatientMotherBirthName	System/Library/Frameworks/ImageIO.framework/ImageIO.tbd
_kCGImagePropertyDICOMPatientMotionCorrected	System/Library/Frameworks/ImageIO.framework/ImageIO.tbd
_kCGImagePropertyDICOMPatientName	System/Library/Frameworks/ImageIO.framework/ImageIO.tbd
_kCGImagePropertyDICOMPatientNotProperlyFixatedQuantity	System/Library/Frameworks/ImageIO.framework/ImageIO.tbd
_kCGImagePropertyDICOMPatientOrientation	System/Library/Frameworks/ImageIO.framework/ImageIO.tbd
_kCGImagePropertyDICOMPatientOrientationCodeSequence	System/Library/Frameworks/ImageIO.framework/ImageIO.tbd
_kCGImagePropertyDICOMPatientOrientationInFrameSequence	System/Library/Frameworks/ImageIO.framework/ImageIO.tbd
_kCGImagePropertyDICOMPatientOrientationModifierCodeSequence	System/Library/Frameworks/ImageIO.framework/ImageIO.tbd
_kCGImagePropertyDICOMPatientPhysiologicalStateCodeSequence	System/Library/Frameworks/ImageIO.framework/ImageIO.tbd
_kCGImagePropertyDICOMPatientPhysiologicalStateSequence	System/Library/Frameworks/ImageIO.framework/ImageIO.tbd
_kCGImagePropertyDICOMPatientPosition	System/Library/Frameworks/ImageIO.framework/ImageIO.tbd
_kCGImagePropertyDICOMPatientPositioningInstructionSequence	System/Library/Frameworks/ImageIO.framework/ImageIO.tbd
_kCGImagePropertyDICOMPatientPrimaryLanguageCodeSequence	System/Library/Frameworks/ImageIO.framework/ImageIO.tbd
_kCGImagePropertyDICOMPatientPrimaryLanguageModifierCodeSequence	System/Library/Frameworks/ImageIO.framework/ImageIO.tbd
_kCGImagePropertyDICOMPatientReliabilityIndicator	System/Library/Frameworks/ImageIO.framework/ImageIO.tbd
_kCGImagePropertyDICOMPatientReligiousPreference	System/Library/Frameworks/ImageIO.framework/ImageIO.tbd
_kCGImagePropertyDICOMPatientSetupLabel	System/Library/Frameworks/ImageIO.framework/ImageIO.tbd
_kCGImagePropertyDICOMPatientSetupNumber	System/Library/Frameworks/ImageIO.framework/ImageIO.tbd
_kCGImagePropertyDICOMPatientSetupPhotoDescription	System/Library/Frameworks/ImageIO.framework/ImageIO.tbd
_kCGImagePropertyDICOMPatientSetupSequence	System/Library/Frameworks/ImageIO.framework/ImageIO.tbd
_kCGImagePropertyDICOMPatientSetupUID	System/Library/Frameworks/ImageIO.framework/ImageIO.tbd
_kCGImagePropertyDICOMPatientSex	System/Library/Frameworks/ImageIO.framework/ImageIO.tbd
_kCGImagePropertyDICOMPatientSexNeutered	System/Library/Frameworks/ImageIO.framework/ImageIO.tbd
_kCGImagePropertyDICOMPatientSize	System/Library/Frameworks/ImageIO.framework/ImageIO.tbd
_kCGImagePropertyDICOMPatientSizeCodeSequence	System/Library/Frameworks/ImageIO.framework/ImageIO.tbd
_kCGImagePropertyDICOMPatientSpeciesCodeSequence	System/Library/Frameworks/ImageIO.framework/ImageIO.tbd
_kCGImagePropertyDICOMPatientSpeciesDescription	System/Library/Frameworks/ImageIO.framework/ImageIO.tbd
_kCGImagePropertyDICOMPatientSpecificationSequence	System/Library/Frameworks/ImageIO.framework/ImageIO.tbd
_kCGImagePropertyDICOMPatientState	System/Library/Frameworks/ImageIO.framework/ImageIO.tbd
_kCGImagePropertyDICOMPatientSupportAccessoryCode	System/Library/Frameworks/ImageIO.framework/ImageIO.tbd
_kCGImagePropertyDICOMPatientSupportAdjustedAngle	System/Library/Frameworks/ImageIO.framework/ImageIO.tbd
_kCGImagePropertyDICOMPatientSupportAngle	System/Library/Frameworks/ImageIO.framework/ImageIO.tbd
_kCGImagePropertyDICOMPatientSupportAngleTolerance	System/Library/Frameworks/ImageIO.framework/ImageIO.tbd
_kCGImagePropertyDICOMPatientSupportDevicesSequence	System/Library/Frameworks/ImageIO.framework/ImageIO.tbd
_kCGImagePropertyDICOMPatientSupportDisplacementSequence	System/Library/Frameworks/ImageIO.framework/ImageIO.tbd
_kCGImagePropertyDICOMPatientSupportID	System/Library/Frameworks/ImageIO.framework/ImageIO.tbd
_kCGImagePropertyDICOMPatientSupportPositionDeviceParameterSequence	System/Library/Frameworks/ImageIO.framework/ImageIO.tbd
_kCGImagePropertyDICOMPatientSupportPositionDeviceToleranceSequence	System/Library/Frameworks/ImageIO.framework/ImageIO.tbd
_kCGImagePropertyDICOMPatientSupportPositionParameterOrderIndex	System/Library/Frameworks/ImageIO.framework/ImageIO.tbd
_kCGImagePropertyDICOMPatientSupportPositionParameterSequence	System/Library/Frameworks/ImageIO.framework/ImageIO.tbd
_kCGImagePropertyDICOMPatientSupportPositionSequence	System/Library/Frameworks/ImageIO.framework/ImageIO.tbd
_kCGImagePropertyDICOMPatientSupportPositionSpecificationMethod	System/Library/Frameworks/ImageIO.framework/ImageIO.tbd
_kCGImagePropertyDICOMPatientSupportPositionToleranceOrderIndex	System/Library/Frameworks/ImageIO.framework/ImageIO.tbd
_kCGImagePropertyDICOMPatientSupportPositionToleranceSequence	System/Library/Frameworks/ImageIO.framework/ImageIO.tbd
_kCGImagePropertyDICOMPatientSupportRotationDirection	System/Library/Frameworks/ImageIO.framework/ImageIO.tbd
_kCGImagePropertyDICOMPatientSupportType	System/Library/Frameworks/ImageIO.framework/ImageIO.tbd
_kCGImagePropertyDICOMPatientTelecomInformation	System/Library/Frameworks/ImageIO.framework/ImageIO.tbd
_kCGImagePropertyDICOMPatientTelephoneNumbers	System/Library/Frameworks/ImageIO.framework/ImageIO.tbd
_kCGImagePropertyDICOMPatientTransportArrangements	System/Library/Frameworks/ImageIO.framework/ImageIO.tbd
_kCGImagePropertyDICOMPatientTreatmentOrientationSequence	System/Library/Frameworks/ImageIO.framework/ImageIO.tbd
_kCGImagePropertyDICOMPatientTreatmentPreparationDeviceSequence	System/Library/Frameworks/ImageIO.framework/ImageIO.tbd
_kCGImagePropertyDICOMPatientTreatmentPreparationMethodCodeSequence	System/Library/Frameworks/ImageIO.framework/ImageIO.tbd
_kCGImagePropertyDICOMPatientTreatmentPreparationMethodDescription	System/Library/Frameworks/ImageIO.framework/ImageIO.tbd
_kCGImagePropertyDICOMPatientTreatmentPreparationProcedureCodeSequence	System/Library/Frameworks/ImageIO.framework/ImageIO.tbd
_kCGImagePropertyDICOMPatientTreatmentPreparationProcedureIndex	System/Library/Frameworks/ImageIO.framework/ImageIO.tbd
_kCGImagePropertyDICOMPatientTreatmentPreparationProcedureParameterDescription	System/Library/Frameworks/ImageIO.framework/ImageIO.tbd
_kCGImagePropertyDICOMPatientTreatmentPreparationProcedureParameterSequence	System/Library/Frameworks/ImageIO.framework/ImageIO.tbd
_kCGImagePropertyDICOMPatientTreatmentPreparationProcedureSequence	System/Library/Frameworks/ImageIO.framework/ImageIO.tbd
_kCGImagePropertyDICOMPatientWeight	System/Library/Frameworks/ImageIO.framework/ImageIO.tbd
_kCGImagePropertyDICOMPatternOffColorCIELabValue	System/Library/Frameworks/ImageIO.framework/ImageIO.tbd
_kCGImagePropertyDICOMPatternOffOpacity	System/Library/Frameworks/ImageIO.framework/ImageIO.tbd
_kCGImagePropertyDICOMPatternOnColorCIELabValue	System/Library/Frameworks/ImageIO.framework/ImageIO.tbd
_kCGImagePropertyDICOMPatternOnOpacity	System/Library/Frameworks/ImageIO.framework/ImageIO.tbd
_kCGImagePropertyDICOMPauseBetweenFrames	System/Library/Frameworks/ImageIO.framework/ImageIO.tbd
_kCGImagePropertyDICOMPerFrameFunctionalGroupsSequence	System/Library/Frameworks/ImageIO.framework/ImageIO.tbd
_kCGImagePropertyDICOMPerProjectionAcquisitionSequence	System/Library/Frameworks/ImageIO.framework/ImageIO.tbd
_kCGImagePropertyDICOMPercentPhaseFieldOfView	System/Library/Frameworks/ImageIO.framework/ImageIO.tbd
_kCGImagePropertyDICOMPercentSampling	System/Library/Frameworks/ImageIO.framework/ImageIO.tbd
_kCGImagePropertyDICOMPerformedLocation	System/Library/Frameworks/ImageIO.framework/ImageIO.tbd
_kCGImagePropertyDICOMPerformedProcedureCodeSequence	System/Library/Frameworks/ImageIO.framework/ImageIO.tbd
_kCGImagePropertyDICOMPerformedProcedureStepDescription	System/Library/Frameworks/ImageIO.framework/ImageIO.tbd
_kCGImagePropertyDICOMPerformedProcedureStepDiscontinuationReasonCodeSequence	System/Library/Frameworks/ImageIO.framework/ImageIO.tbd
_kCGImagePropertyDICOMPerformedProcedureStepEndDate	System/Library/Frameworks/ImageIO.framework/ImageIO.tbd
_kCGImagePropertyDICOMPerformedProcedureStepEndDateTime	System/Library/Frameworks/ImageIO.framework/ImageIO.tbd
_kCGImagePropertyDICOMPerformedProcedureStepEndTime	System/Library/Frameworks/ImageIO.framework/ImageIO.tbd
_kCGImagePropertyDICOMPerformedProcedureStepID	System/Library/Frameworks/ImageIO.framework/ImageIO.tbd
_kCGImagePropertyDICOMPerformedProcedureStepStartDate	System/Library/Frameworks/ImageIO.framework/ImageIO.tbd
_kCGImagePropertyDICOMPerformedProcedureStepStartDateTime	System/Library/Frameworks/ImageIO.framework/ImageIO.tbd
_kCGImagePropertyDICOMPerformedProcedureStepStartTime	System/Library/Frameworks/ImageIO.framework/ImageIO.tbd
_kCGImagePropertyDICOMPerformedProcedureStepStatus	System/Library/Frameworks/ImageIO.framework/ImageIO.tbd
_kCGImagePropertyDICOMPerformedProcedureTypeDescription	System/Library/Frameworks/ImageIO.framework/ImageIO.tbd
_kCGImagePropertyDICOMPerformedProcessingApplicationsCodeSequence	System/Library/Frameworks/ImageIO.framework/ImageIO.tbd
_kCGImagePropertyDICOMPerformedProcessingParametersSequence	System/Library/Frameworks/ImageIO.framework/ImageIO.tbd
_kCGImagePropertyDICOMPerformedProtocolCodeSequence	System/Library/Frameworks/ImageIO.framework/ImageIO.tbd
_kCGImagePropertyDICOMPerformedProtocolType	System/Library/Frameworks/ImageIO.framework/ImageIO.tbd
_kCGImagePropertyDICOMPerformedSeriesSequence	System/Library/Frameworks/ImageIO.framework/ImageIO.tbd
_kCGImagePropertyDICOMPerformedStationAETitle	System/Library/Frameworks/ImageIO.framework/ImageIO.tbd
_kCGImagePropertyDICOMPerformedStationClassCodeSequence	System/Library/Frameworks/ImageIO.framework/ImageIO.tbd
_kCGImagePropertyDICOMPerformedStationGeographicLocationCodeSequence	System/Library/Frameworks/ImageIO.framework/ImageIO.tbd
_kCGImagePropertyDICOMPerformedStationName	System/Library/Frameworks/ImageIO.framework/ImageIO.tbd
_kCGImagePropertyDICOMPerformedStationNameCodeSequence	System/Library/Frameworks/ImageIO.framework/ImageIO.tbd
_kCGImagePropertyDICOMPerformedWorkitemCodeSequence	System/Library/Frameworks/ImageIO.framework/ImageIO.tbd
_kCGImagePropertyDICOMPerformingPhysicianIdentificationSequence	System/Library/Frameworks/ImageIO.framework/ImageIO.tbd
_kCGImagePropertyDICOMPerformingPhysicianName	System/Library/Frameworks/ImageIO.framework/ImageIO.tbd
_kCGImagePropertyDICOMPerimeterTable	System/Library/Frameworks/ImageIO.framework/ImageIO.tbd
_kCGImagePropertyDICOMPerimeterValue	System/Library/Frameworks/ImageIO.framework/ImageIO.tbd
_kCGImagePropertyDICOMPersonAddress	System/Library/Frameworks/ImageIO.framework/ImageIO.tbd
_kCGImagePropertyDICOMPersonIdentificationCodeSequence	System/Library/Frameworks/ImageIO.framework/ImageIO.tbd
_kCGImagePropertyDICOMPersonName	System/Library/Frameworks/ImageIO.framework/ImageIO.tbd
_kCGImagePropertyDICOMPersonTelecomInformation	System/Library/Frameworks/ImageIO.framework/ImageIO.tbd
_kCGImagePropertyDICOMPersonTelephoneNumbers	System/Library/Frameworks/ImageIO.framework/ImageIO.tbd
_kCGImagePropertyDICOMPertinentDocumentsSequence	System/Library/Frameworks/ImageIO.framework/ImageIO.tbd
_kCGImagePropertyDICOMPertinentOtherEvidenceSequence	System/Library/Frameworks/ImageIO.framework/ImageIO.tbd
_kCGImagePropertyDICOMPertinentResourcesSequence	System/Library/Frameworks/ImageIO.framework/ImageIO.tbd
_kCGImagePropertyDICOMPertinentSOPClassesInSeries	System/Library/Frameworks/ImageIO.framework/ImageIO.tbd
_kCGImagePropertyDICOMPertinentSOPClassesInStudy	System/Library/Frameworks/ImageIO.framework/ImageIO.tbd
_kCGImagePropertyDICOMPhantomType	System/Library/Frameworks/ImageIO.framework/ImageIO.tbd
_kCGImagePropertyDICOMPhaseContrast	System/Library/Frameworks/ImageIO.framework/ImageIO.tbd
_kCGImagePropertyDICOMPhaseDelay	System/Library/Frameworks/ImageIO.framework/ImageIO.tbd
_kCGImagePropertyDICOMPhaseDescription	System/Library/Frameworks/ImageIO.framework/ImageIO.tbd
_kCGImagePropertyDICOMPhaseInformationSequence	System/Library/Frameworks/ImageIO.framework/ImageIO.tbd
_kCGImagePropertyDICOMPhaseNumber	System/Library/Frameworks/ImageIO.framework/ImageIO.tbd
_kCGImagePropertyDICOMPhaseVector	System/Library/Frameworks/ImageIO.framework/ImageIO.tbd
_kCGImagePropertyDICOMPhosphorType	System/Library/Frameworks/ImageIO.framework/ImageIO.tbd
_kCGImagePropertyDICOMPhotoacousticExcitationCharacteristicsSequence	System/Library/Frameworks/ImageIO.framework/ImageIO.tbd
_kCGImagePropertyDICOMPhotoacousticImageFrameTypeSequence	System/Library/Frameworks/ImageIO.framework/ImageIO.tbd
_kCGImagePropertyDICOMPhotographicExposureIndex	System/Library/Frameworks/ImageIO.framework/ImageIO.tbd
_kCGImagePropertyDICOMPhotographicSensitivity	System/Library/Frameworks/ImageIO.framework/ImageIO.tbd
_kCGImagePropertyDICOMPhotometricInterpretation	System/Library/Frameworks/ImageIO.framework/ImageIO.tbd
_kCGImagePropertyDICOMPhotonEnergy	System/Library/Frameworks/ImageIO.framework/ImageIO.tbd
_kCGImagePropertyDICOMPhototimerSetting	System/Library/Frameworks/ImageIO.framework/ImageIO.tbd
_kCGImagePropertyDICOMPhysicalDeltaX	System/Library/Frameworks/ImageIO.framework/ImageIO.tbd
_kCGImagePropertyDICOMPhysicalDeltaY	System/Library/Frameworks/ImageIO.framework/ImageIO.tbd
_kCGImagePropertyDICOMPhysicalDetectorSize	System/Library/Frameworks/ImageIO.framework/ImageIO.tbd
_kCGImagePropertyDICOMPhysicalUnitsXDirection	System/Library/Frameworks/ImageIO.framework/ImageIO.tbd
_kCGImagePropertyDICOMPhysicalUnitsYDirection	System/Library/Frameworks/ImageIO.framework/ImageIO.tbd
_kCGImagePropertyDICOMPhysicianApprovingInterpretation	System/Library/Frameworks/ImageIO.framework/ImageIO.tbd
_kCGImagePropertyDICOMPhysiciansOfRecord	System/Library/Frameworks/ImageIO.framework/ImageIO.tbd
_kCGImagePropertyDICOMPhysiciansOfRecordIdentificationSequence	System/Library/Frameworks/ImageIO.framework/ImageIO.tbd
_kCGImagePropertyDICOMPhysiciansReadingStudyIdentificationSequence	System/Library/Frameworks/ImageIO.framework/ImageIO.tbd
_kCGImagePropertyDICOMPixelAspectRatio	System/Library/Frameworks/ImageIO.framework/ImageIO.tbd
_kCGImagePropertyDICOMPixelBandwidth	System/Library/Frameworks/ImageIO.framework/ImageIO.tbd
_kCGImagePropertyDICOMPixelComponentDataType	System/Library/Frameworks/ImageIO.framework/ImageIO.tbd
_kCGImagePropertyDICOMPixelComponentMask	System/Library/Frameworks/ImageIO.framework/ImageIO.tbd
_kCGImagePropertyDICOMPixelComponentOrganization	System/Library/Frameworks/ImageIO.framework/ImageIO.tbd
_kCGImagePropertyDICOMPixelComponentPhysicalUnits	System/Library/Frameworks/ImageIO.framework/ImageIO.tbd
_kCGImagePropertyDICOMPixelComponentRangeStart	System/Library/Frameworks/ImageIO.framework/ImageIO.tbd
_kCGImagePropertyDICOMPixelComponentRangeStop	System/Library/Frameworks/ImageIO.framework/ImageIO.tbd
_kCGImagePropertyDICOMPixelCoordinatesSetTrial	System/Library/Frameworks/ImageIO.framework/ImageIO.tbd
_kCGImagePropertyDICOMPixelData	System/Library/Frameworks/ImageIO.framework/ImageIO.tbd
_kCGImagePropertyDICOMPixelDataAreaOriginRelativeToFOV	System/Library/Frameworks/ImageIO.framework/ImageIO.tbd
_kCGImagePropertyDICOMPixelDataAreaRotationAngleRelativeToFOV	System/Library/Frameworks/ImageIO.framework/ImageIO.tbd
_kCGImagePropertyDICOMPixelDataProviderURL	System/Library/Frameworks/ImageIO.framework/ImageIO.tbd
_kCGImagePropertyDICOMPixelIntensityRelationship	System/Library/Frameworks/ImageIO.framework/ImageIO.tbd
_kCGImagePropertyDICOMPixelIntensityRelationshipLUTSequence	System/Library/Frameworks/ImageIO.framework/ImageIO.tbd
_kCGImagePropertyDICOMPixelIntensityRelationshipSign	System/Library/Frameworks/ImageIO.framework/ImageIO.tbd
_kCGImagePropertyDICOMPixelMeasuresSequence	System/Library/Frameworks/ImageIO.framework/ImageIO.tbd
_kCGImagePropertyDICOMPixelOriginInterpretation	System/Library/Frameworks/ImageIO.framework/ImageIO.tbd
_kCGImagePropertyDICOMPixelPaddingRangeLimit	System/Library/Frameworks/ImageIO.framework/ImageIO.tbd
_kCGImagePropertyDICOMPixelPaddingValue	System/Library/Frameworks/ImageIO.framework/ImageIO.tbd
_kCGImagePropertyDICOMPixelPresentation	System/Library/Frameworks/ImageIO.framework/ImageIO.tbd
_kCGImagePropertyDICOMPixelRepresentation	System/Library/Frameworks/ImageIO.framework/ImageIO.tbd
_kCGImagePropertyDICOMPixelShiftFrameRange	System/Library/Frameworks/ImageIO.framework/ImageIO.tbd
_kCGImagePropertyDICOMPixelShiftSequence	System/Library/Frameworks/ImageIO.framework/ImageIO.tbd
_kCGImagePropertyDICOMPixelSpacing	System/Library/Frameworks/ImageIO.framework/ImageIO.tbd
_kCGImagePropertyDICOMPixelSpacingCalibrationDescription	System/Library/Frameworks/ImageIO.framework/ImageIO.tbd
_kCGImagePropertyDICOMPixelSpacingCalibrationType	System/Library/Frameworks/ImageIO.framework/ImageIO.tbd
_kCGImagePropertyDICOMPixelSpacingSequence	System/Library/Frameworks/ImageIO.framework/ImageIO.tbd
_kCGImagePropertyDICOMPixelValueMappingCodeSequence	System/Library/Frameworks/ImageIO.framework/ImageIO.tbd
_kCGImagePropertyDICOMPixelValueMappingExplanation	System/Library/Frameworks/ImageIO.framework/ImageIO.tbd
_kCGImagePropertyDICOMPixelValueMappingToCodedConceptSequence	System/Library/Frameworks/ImageIO.framework/ImageIO.tbd
_kCGImagePropertyDICOMPixelValueTransformationSequence	System/Library/Frameworks/ImageIO.framework/ImageIO.tbd
_kCGImagePropertyDICOMPlacerOrderNumberImagingServiceRequest	System/Library/Frameworks/ImageIO.framework/ImageIO.tbd
_kCGImagePropertyDICOMPlacerOrderNumberImagingServiceRequestRetired	System/Library/Frameworks/ImageIO.framework/ImageIO.tbd
_kCGImagePropertyDICOMPlacerOrderNumberProcedure	System/Library/Frameworks/ImageIO.framework/ImageIO.tbd
_kCGImagePropertyDICOMPlanIntent	System/Library/Frameworks/ImageIO.framework/ImageIO.tbd
_kCGImagePropertyDICOMPlanOverviewIndex	System/Library/Frameworks/ImageIO.framework/ImageIO.tbd
_kCGImagePropertyDICOMPlanOverviewSequence	System/Library/Frameworks/ImageIO.framework/ImageIO.tbd
_kCGImagePropertyDICOMPlanarConfiguration	System/Library/Frameworks/ImageIO.framework/ImageIO.tbd
_kCGImagePropertyDICOMPlane	System/Library/Frameworks/ImageIO.framework/ImageIO.tbd
_kCGImagePropertyDICOMPlaneIdentification	System/Library/Frameworks/ImageIO.framework/ImageIO.tbd
_kCGImagePropertyDICOMPlaneNormal	System/Library/Frameworks/ImageIO.framework/ImageIO.tbd
_kCGImagePropertyDICOMPlaneOrientationSequence	System/Library/Frameworks/ImageIO.framework/ImageIO.tbd
_kCGImagePropertyDICOMPlaneOrientationVolumeSequence	System/Library/Frameworks/ImageIO.framework/ImageIO.tbd
_kCGImagePropertyDICOMPlanePositionSequence	System/Library/Frameworks/ImageIO.framework/ImageIO.tbd
_kCGImagePropertyDICOMPlanePositionSlideSequence	System/Library/Frameworks/ImageIO.framework/ImageIO.tbd
_kCGImagePropertyDICOMPlanePositionVolumeSequence	System/Library/Frameworks/ImageIO.framework/ImageIO.tbd
_kCGImagePropertyDICOMPlanes	System/Library/Frameworks/ImageIO.framework/ImageIO.tbd
_kCGImagePropertyDICOMPlanesInAcquisition	System/Library/Frameworks/ImageIO.framework/ImageIO.tbd
_kCGImagePropertyDICOMPlannedVerificationImageSequence	System/Library/Frameworks/ImageIO.framework/ImageIO.tbd
_kCGImagePropertyDICOMPlanningInputInformationSequence	System/Library/Frameworks/ImageIO.framework/ImageIO.tbd
_kCGImagePropertyDICOMPlanningLandmarkDescription	System/Library/Frameworks/ImageIO.framework/ImageIO.tbd
_kCGImagePropertyDICOMPlanningLandmarkID	System/Library/Frameworks/ImageIO.framework/ImageIO.tbd
_kCGImagePropertyDICOMPlanningLandmarkIdentificationCodeSequence	System/Library/Frameworks/ImageIO.framework/ImageIO.tbd
_kCGImagePropertyDICOMPlanningLandmarkLineSequence	System/Library/Frameworks/ImageIO.framework/ImageIO.tbd
_kCGImagePropertyDICOMPlanningLandmarkPlaneSequence	System/Library/Frameworks/ImageIO.framework/ImageIO.tbd
_kCGImagePropertyDICOMPlanningLandmarkPointSequence	System/Library/Frameworks/ImageIO.framework/ImageIO.tbd
_kCGImagePropertyDICOMPlateID	System/Library/Frameworks/ImageIO.framework/ImageIO.tbd
_kCGImagePropertyDICOMPlateType	System/Library/Frameworks/ImageIO.framework/ImageIO.tbd
_kCGImagePropertyDICOMPointCoordinatesData	System/Library/Frameworks/ImageIO.framework/ImageIO.tbd
_kCGImagePropertyDICOMPointPositionAccuracy	System/Library/Frameworks/ImageIO.framework/ImageIO.tbd
_kCGImagePropertyDICOMPointsBoundingBoxCoordinates	System/Library/Frameworks/ImageIO.framework/ImageIO.tbd
_kCGImagePropertyDICOMPolarity	System/Library/Frameworks/ImageIO.framework/ImageIO.tbd
_kCGImagePropertyDICOMPositionAcquisitionTemplateCodeSequence	System/Library/Frameworks/ImageIO.framework/ImageIO.tbd
_kCGImagePropertyDICOMPositionAcquisitionTemplateDescription	System/Library/Frameworks/ImageIO.framework/ImageIO.tbd
_kCGImagePropertyDICOMPositionAcquisitionTemplateID	System/Library/Frameworks/ImageIO.framework/ImageIO.tbd
_kCGImagePropertyDICOMPositionAcquisitionTemplateIdentificationSequence	System/Library/Frameworks/ImageIO.framework/ImageIO.tbd
_kCGImagePropertyDICOMPositionAcquisitionTemplateName	System/Library/Frameworks/ImageIO.framework/ImageIO.tbd
_kCGImagePropertyDICOMPositionMeasuringDeviceUsed	System/Library/Frameworks/ImageIO.framework/ImageIO.tbd
_kCGImagePropertyDICOMPositionOfIsocenterProjection	System/Library/Frameworks/ImageIO.framework/ImageIO.tbd
_kCGImagePropertyDICOMPositionReferenceIndicator	System/Library/Frameworks/ImageIO.framework/ImageIO.tbd
_kCGImagePropertyDICOMPositionerIsocenterDetectorRotationAngle	System/Library/Frameworks/ImageIO.framework/ImageIO.tbd
_kCGImagePropertyDICOMPositionerIsocenterPrimaryAngle	System/Library/Frameworks/ImageIO.framework/ImageIO.tbd
_kCGImagePropertyDICOMPositionerIsocenterSecondaryAngle	System/Library/Frameworks/ImageIO.framework/ImageIO.tbd
_kCGImagePropertyDICOMPositionerMotion	System/Library/Frameworks/ImageIO.framework/ImageIO.tbd
_kCGImagePropertyDICOMPositionerPositionSequence	System/Library/Frameworks/ImageIO.framework/ImageIO.tbd
_kCGImagePropertyDICOMPositionerPrimaryAngle	System/Library/Frameworks/ImageIO.framework/ImageIO.tbd
_kCGImagePropertyDICOMPositionerPrimaryAngleDirection	System/Library/Frameworks/ImageIO.framework/ImageIO.tbd
_kCGImagePropertyDICOMPositionerPrimaryAngleIncrement	System/Library/Frameworks/ImageIO.framework/ImageIO.tbd
_kCGImagePropertyDICOMPositionerSecondaryAngle	System/Library/Frameworks/ImageIO.framework/ImageIO.tbd
_kCGImagePropertyDICOMPositionerSecondaryAngleIncrement	System/Library/Frameworks/ImageIO.framework/ImageIO.tbd
_kCGImagePropertyDICOMPositionerType	System/Library/Frameworks/ImageIO.framework/ImageIO.tbd
_kCGImagePropertyDICOMPositioningLandmarkSequence	System/Library/Frameworks/ImageIO.framework/ImageIO.tbd
_kCGImagePropertyDICOMPositioningMethodCodeSequence	System/Library/Frameworks/ImageIO.framework/ImageIO.tbd
_kCGImagePropertyDICOMPositiveCatchTrialsQuantity	System/Library/Frameworks/ImageIO.framework/ImageIO.tbd
_kCGImagePropertyDICOMPostDeformationMatrixRegistrationSequence	System/Library/Frameworks/ImageIO.framework/ImageIO.tbd
_kCGImagePropertyDICOMPostprocessingFunction	System/Library/Frameworks/ImageIO.framework/ImageIO.tbd
_kCGImagePropertyDICOMPotentialDiagnosticTasks	System/Library/Frameworks/ImageIO.framework/ImageIO.tbd
_kCGImagePropertyDICOMPotentialReasonsForProcedure	System/Library/Frameworks/ImageIO.framework/ImageIO.tbd
_kCGImagePropertyDICOMPotentialReasonsForProcedureCodeSequence	System/Library/Frameworks/ImageIO.framework/ImageIO.tbd
_kCGImagePropertyDICOMPotentialRequestedProcedureCodeSequence	System/Library/Frameworks/ImageIO.framework/ImageIO.tbd
_kCGImagePropertyDICOMPotentialScheduledProtocolCodeSequence	System/Library/Frameworks/ImageIO.framework/ImageIO.tbd
_kCGImagePropertyDICOMPotentialThreatObjectID	System/Library/Frameworks/ImageIO.framework/ImageIO.tbd
_kCGImagePropertyDICOMPowerlineFrequency	System/Library/Frameworks/ImageIO.framework/ImageIO.tbd
_kCGImagePropertyDICOMPreAmplifierEquipmentSequence	System/Library/Frameworks/ImageIO.framework/ImageIO.tbd
_kCGImagePropertyDICOMPreAmplifierNotes	System/Library/Frameworks/ImageIO.framework/ImageIO.tbd
_kCGImagePropertyDICOMPreAmplifierSettingsSequence	System/Library/Frameworks/ImageIO.framework/ImageIO.tbd
_kCGImagePropertyDICOMPreDeformationMatrixRegistrationSequence	System/Library/Frameworks/ImageIO.framework/ImageIO.tbd
_kCGImagePropertyDICOMPreMedication	System/Library/Frameworks/ImageIO.framework/ImageIO.tbd
_kCGImagePropertyDICOMPreSelectedForImplantation	System/Library/Frameworks/ImageIO.framework/ImageIO.tbd
_kCGImagePropertyDICOMPredecessorDocumentsSequence	System/Library/Frameworks/ImageIO.framework/ImageIO.tbd
_kCGImagePropertyDICOMPredecessorProtocolSequence	System/Library/Frameworks/ImageIO.framework/ImageIO.tbd
_kCGImagePropertyDICOMPredecessorStructureSetSequence	System/Library/Frameworks/ImageIO.framework/ImageIO.tbd
_kCGImagePropertyDICOMPredictedRefractiveError	System/Library/Frameworks/ImageIO.framework/ImageIO.tbd
_kCGImagePropertyDICOMPredictedToricErrorSequence	System/Library/Frameworks/ImageIO.framework/ImageIO.tbd
_kCGImagePropertyDICOMPredictorColumns	System/Library/Frameworks/ImageIO.framework/ImageIO.tbd
_kCGImagePropertyDICOMPredictorConstants	System/Library/Frameworks/ImageIO.framework/ImageIO.tbd
_kCGImagePropertyDICOMPredictorRows	System/Library/Frameworks/ImageIO.framework/ImageIO.tbd
_kCGImagePropertyDICOMPreferredPlaybackSequencing	System/Library/Frameworks/ImageIO.framework/ImageIO.tbd
_kCGImagePropertyDICOMPregnancyStatus	System/Library/Frameworks/ImageIO.framework/ImageIO.tbd
_kCGImagePropertyDICOMPreliminaryFlag	System/Library/Frameworks/ImageIO.framework/ImageIO.tbd
_kCGImagePropertyDICOMPrescriptionDescription	System/Library/Frameworks/ImageIO.framework/ImageIO.tbd
_kCGImagePropertyDICOMPrescriptionNotes	System/Library/Frameworks/ImageIO.framework/ImageIO.tbd
_kCGImagePropertyDICOMPrescriptionNotesSequence	System/Library/Frameworks/ImageIO.framework/ImageIO.tbd
_kCGImagePropertyDICOMPrescriptionOverviewSequence	System/Library/Frameworks/ImageIO.framework/ImageIO.tbd
_kCGImagePropertyDICOMPresentationAnimationStyle	System/Library/Frameworks/ImageIO.framework/ImageIO.tbd
_kCGImagePropertyDICOMPresentationCreationDate	System/Library/Frameworks/ImageIO.framework/ImageIO.tbd
_kCGImagePropertyDICOMPresentationCreationTime	System/Library/Frameworks/ImageIO.framework/ImageIO.tbd
_kCGImagePropertyDICOMPresentationDisplayCollectionUID	System/Library/Frameworks/ImageIO.framework/ImageIO.tbd
_kCGImagePropertyDICOMPresentationGroupNumber	System/Library/Frameworks/ImageIO.framework/ImageIO.tbd
_kCGImagePropertyDICOMPresentationInputType	System/Library/Frameworks/ImageIO.framework/ImageIO.tbd
_kCGImagePropertyDICOMPresentationIntentType	System/Library/Frameworks/ImageIO.framework/ImageIO.tbd
_kCGImagePropertyDICOMPresentationLUTContentSequence	System/Library/Frameworks/ImageIO.framework/ImageIO.tbd
_kCGImagePropertyDICOMPresentationLUTFlag	System/Library/Frameworks/ImageIO.framework/ImageIO.tbd
_kCGImagePropertyDICOMPresentationLUTSequence	System/Library/Frameworks/ImageIO.framework/ImageIO.tbd
_kCGImagePropertyDICOMPresentationLUTShape	System/Library/Frameworks/ImageIO.framework/ImageIO.tbd
_kCGImagePropertyDICOMPresentationPixelAspectRatio	System/Library/Frameworks/ImageIO.framework/ImageIO.tbd
_kCGImagePropertyDICOMPresentationPixelMagnificationRatio	System/Library/Frameworks/ImageIO.framework/ImageIO.tbd
_kCGImagePropertyDICOMPresentationPixelSpacing	System/Library/Frameworks/ImageIO.framework/ImageIO.tbd
_kCGImagePropertyDICOMPresentationSequenceCollectionUID	System/Library/Frameworks/ImageIO.framework/ImageIO.tbd
_kCGImagePropertyDICOMPresentationSequencePositionIndex	System/Library/Frameworks/ImageIO.framework/ImageIO.tbd
_kCGImagePropertyDICOMPresentationSizeMode	System/Library/Frameworks/ImageIO.framework/ImageIO.tbd
_kCGImagePropertyDICOMPresentationStateClassificationComponentSequence	System/Library/Frameworks/ImageIO.framework/ImageIO.tbd
_kCGImagePropertyDICOMPresentationStateCompositorComponentSequence	System/Library/Frameworks/ImageIO.framework/ImageIO.tbd
_kCGImagePropertyDICOMPresentedVisualStimuliDataFlag	System/Library/Frameworks/ImageIO.framework/ImageIO.tbd
_kCGImagePropertyDICOMPreserveCompositeInstancesAfterMediaCreation	System/Library/Frameworks/ImageIO.framework/ImageIO.tbd
_kCGImagePropertyDICOMPressure	System/Library/Frameworks/ImageIO.framework/ImageIO.tbd
_kCGImagePropertyDICOMPrimaryAnatomicStructureModifierSequence	System/Library/Frameworks/ImageIO.framework/ImageIO.tbd
_kCGImagePropertyDICOMPrimaryAnatomicStructureSequence	System/Library/Frameworks/ImageIO.framework/ImageIO.tbd
_kCGImagePropertyDICOMPrimaryChromaticities	System/Library/Frameworks/ImageIO.framework/ImageIO.tbd
_kCGImagePropertyDICOMPrimaryDoseValueIndicator	System/Library/Frameworks/ImageIO.framework/ImageIO.tbd
_kCGImagePropertyDICOMPrimaryDosimeterUnit	System/Library/Frameworks/ImageIO.framework/ImageIO.tbd
_kCGImagePropertyDICOMPrimaryFluenceModeSequence	System/Library/Frameworks/ImageIO.framework/ImageIO.tbd
_kCGImagePropertyDICOMPrimaryPositionerIncrement	System/Library/Frameworks/ImageIO.framework/ImageIO.tbd
_kCGImagePropertyDICOMPrimaryPositionerIncrementSign	System/Library/Frameworks/ImageIO.framework/ImageIO.tbd
_kCGImagePropertyDICOMPrimaryPositionerScanArc	System/Library/Frameworks/ImageIO.framework/ImageIO.tbd
_kCGImagePropertyDICOMPrimaryPositionerScanStartAngle	System/Library/Frameworks/ImageIO.framework/ImageIO.tbd
_kCGImagePropertyDICOMPrimaryPromptsCountsAccumulated	System/Library/Frameworks/ImageIO.framework/ImageIO.tbd
_kCGImagePropertyDICOMPrimitivePointIndexList	System/Library/Frameworks/ImageIO.framework/ImageIO.tbd
_kCGImagePropertyDICOMPrintJobDescriptionSequence	System/Library/Frameworks/ImageIO.framework/ImageIO.tbd
_kCGImagePropertyDICOMPrintJobID	System/Library/Frameworks/ImageIO.framework/ImageIO.tbd
_kCGImagePropertyDICOMPrintManagementCapabilitiesSequence	System/Library/Frameworks/ImageIO.framework/ImageIO.tbd
_kCGImagePropertyDICOMPrintPriority	System/Library/Frameworks/ImageIO.framework/ImageIO.tbd
_kCGImagePropertyDICOMPrintQueueID	System/Library/Frameworks/ImageIO.framework/ImageIO.tbd
_kCGImagePropertyDICOMPrinterCharacteristicsSequence	System/Library/Frameworks/ImageIO.framework/ImageIO.tbd
_kCGImagePropertyDICOMPrinterConfigurationSequence	System/Library/Frameworks/ImageIO.framework/ImageIO.tbd
_kCGImagePropertyDICOMPrinterName	System/Library/Frameworks/ImageIO.framework/ImageIO.tbd
_kCGImagePropertyDICOMPrinterPixelSpacing	System/Library/Frameworks/ImageIO.framework/ImageIO.tbd
_kCGImagePropertyDICOMPrinterResolutionID	System/Library/Frameworks/ImageIO.framework/ImageIO.tbd
_kCGImagePropertyDICOMPrinterStatus	System/Library/Frameworks/ImageIO.framework/ImageIO.tbd
_kCGImagePropertyDICOMPrinterStatusInfo	System/Library/Frameworks/ImageIO.framework/ImageIO.tbd
_kCGImagePropertyDICOMPrintingBitDepth	System/Library/Frameworks/ImageIO.framework/ImageIO.tbd
_kCGImagePropertyDICOMPriorRecordKey	System/Library/Frameworks/ImageIO.framework/ImageIO.tbd
_kCGImagePropertyDICOMPriorTreatmentDoseDescription	System/Library/Frameworks/ImageIO.framework/ImageIO.tbd
_kCGImagePropertyDICOMPriorTreatmentReferenceSequence	System/Library/Frameworks/ImageIO.framework/ImageIO.tbd
_kCGImagePropertyDICOMPriority	System/Library/Frameworks/ImageIO.framework/ImageIO.tbd
_kCGImagePropertyDICOMPrismSequence	System/Library/Frameworks/ImageIO.framework/ImageIO.tbd
_kCGImagePropertyDICOMPrivateCreatorReference	System/Library/Frameworks/ImageIO.framework/ImageIO.tbd
_kCGImagePropertyDICOMPrivateDataElement	System/Library/Frameworks/ImageIO.framework/ImageIO.tbd
_kCGImagePropertyDICOMPrivateDataElementCharacteristicsSequence	System/Library/Frameworks/ImageIO.framework/ImageIO.tbd
_kCGImagePropertyDICOMPrivateDataElementDefinitionSequence	System/Library/Frameworks/ImageIO.framework/ImageIO.tbd
_kCGImagePropertyDICOMPrivateDataElementDescription	System/Library/Frameworks/ImageIO.framework/ImageIO.tbd
_kCGImagePropertyDICOMPrivateDataElementEncoding	System/Library/Frameworks/ImageIO.framework/ImageIO.tbd
_kCGImagePropertyDICOMPrivateDataElementKeyword	System/Library/Frameworks/ImageIO.framework/ImageIO.tbd
_kCGImagePropertyDICOMPrivateDataElementName	System/Library/Frameworks/ImageIO.framework/ImageIO.tbd
_kCGImagePropertyDICOMPrivateDataElementNumberOfItems	System/Library/Frameworks/ImageIO.framework/ImageIO.tbd
_kCGImagePropertyDICOMPrivateDataElementValueMultiplicity	System/Library/Frameworks/ImageIO.framework/ImageIO.tbd
_kCGImagePropertyDICOMPrivateDataElementValueRepresentation	System/Library/Frameworks/ImageIO.framework/ImageIO.tbd
_kCGImagePropertyDICOMPrivateElement	System/Library/Frameworks/ImageIO.framework/ImageIO.tbd
_kCGImagePropertyDICOMPrivateGroupReference	System/Library/Frameworks/ImageIO.framework/ImageIO.tbd
_kCGImagePropertyDICOMPrivateInformation	System/Library/Frameworks/ImageIO.framework/ImageIO.tbd
_kCGImagePropertyDICOMPrivateInformationCreatorUID	System/Library/Frameworks/ImageIO.framework/ImageIO.tbd
_kCGImagePropertyDICOMPrivateRecordUID	System/Library/Frameworks/ImageIO.framework/ImageIO.tbd
_kCGImagePropertyDICOMProbeCenterLocationX	System/Library/Frameworks/ImageIO.framework/ImageIO.tbd
_kCGImagePropertyDICOMProbeCenterLocationZ	System/Library/Frameworks/ImageIO.framework/ImageIO.tbd
_kCGImagePropertyDICOMProbeDriveEquipmentSequence	System/Library/Frameworks/ImageIO.framework/ImageIO.tbd
_kCGImagePropertyDICOMProbeDriveNotes	System/Library/Frameworks/ImageIO.framework/ImageIO.tbd
_kCGImagePropertyDICOMProbeDriveSettingsSequence	System/Library/Frameworks/ImageIO.framework/ImageIO.tbd
_kCGImagePropertyDICOMProbeInductance	System/Library/Frameworks/ImageIO.framework/ImageIO.tbd
_kCGImagePropertyDICOMProbeOrientationAngle	System/Library/Frameworks/ImageIO.framework/ImageIO.tbd
_kCGImagePropertyDICOMProbeResistance	System/Library/Frameworks/ImageIO.framework/ImageIO.tbd
_kCGImagePropertyDICOMProcedureCodeSequence	System/Library/Frameworks/ImageIO.framework/ImageIO.tbd
_kCGImagePropertyDICOMProcedureContextFlagTrial	System/Library/Frameworks/ImageIO.framework/ImageIO.tbd
_kCGImagePropertyDICOMProcedureContextSequenceTrial	System/Library/Frameworks/ImageIO.framework/ImageIO.tbd
_kCGImagePropertyDICOMProcedureCreationDate	System/Library/Frameworks/ImageIO.framework/ImageIO.tbd
_kCGImagePropertyDICOMProcedureExpirationDate	System/Library/Frameworks/ImageIO.framework/ImageIO.tbd
_kCGImagePropertyDICOMProcedureIdentifierCodeSequenceTrial	System/Library/Frameworks/ImageIO.framework/ImageIO.tbd
_kCGImagePropertyDICOMProcedureLastModifiedDate	System/Library/Frameworks/ImageIO.framework/ImageIO.tbd
_kCGImagePropertyDICOMProcedureStepCancellationDateTime	System/Library/Frameworks/ImageIO.framework/ImageIO.tbd
_kCGImagePropertyDICOMProcedureStepCommunicationsURISequence	System/Library/Frameworks/ImageIO.framework/ImageIO.tbd
_kCGImagePropertyDICOMProcedureStepDiscontinuationReasonCodeSequence	System/Library/Frameworks/ImageIO.framework/ImageIO.tbd
_kCGImagePropertyDICOMProcedureStepLabel	System/Library/Frameworks/ImageIO.framework/ImageIO.tbd
_kCGImagePropertyDICOMProcedureStepProgress	System/Library/Frameworks/ImageIO.framework/ImageIO.tbd
_kCGImagePropertyDICOMProcedureStepProgressDescription	System/Library/Frameworks/ImageIO.framework/ImageIO.tbd
_kCGImagePropertyDICOMProcedureStepProgressInformationSequence	System/Library/Frameworks/ImageIO.framework/ImageIO.tbd
_kCGImagePropertyDICOMProcedureStepProgressParametersSequence	System/Library/Frameworks/ImageIO.framework/ImageIO.tbd
_kCGImagePropertyDICOMProcedureStepRelationshipType	System/Library/Frameworks/ImageIO.framework/ImageIO.tbd
_kCGImagePropertyDICOMProcedureStepState	System/Library/Frameworks/ImageIO.framework/ImageIO.tbd
_kCGImagePropertyDICOMProcedureTypeCodeSequence	System/Library/Frameworks/ImageIO.framework/ImageIO.tbd
_kCGImagePropertyDICOMProcedureVersion	System/Library/Frameworks/ImageIO.framework/ImageIO.tbd
_kCGImagePropertyDICOMProcessingFunction	System/Library/Frameworks/ImageIO.framework/ImageIO.tbd
_kCGImagePropertyDICOMProductDescription	System/Library/Frameworks/ImageIO.framework/ImageIO.tbd
_kCGImagePropertyDICOMProductExpirationDateTime	System/Library/Frameworks/ImageIO.framework/ImageIO.tbd
_kCGImagePropertyDICOMProductLotIdentifier	System/Library/Frameworks/ImageIO.framework/ImageIO.tbd
_kCGImagePropertyDICOMProductName	System/Library/Frameworks/ImageIO.framework/ImageIO.tbd
_kCGImagePropertyDICOMProductPackageIdentifier	System/Library/Frameworks/ImageIO.framework/ImageIO.tbd
_kCGImagePropertyDICOMProductParameterSequence	System/Library/Frameworks/ImageIO.framework/ImageIO.tbd
_kCGImagePropertyDICOMProductTypeCodeSequence	System/Library/Frameworks/ImageIO.framework/ImageIO.tbd
_kCGImagePropertyDICOMProjectionEponymousNameCodeSequence	System/Library/Frameworks/ImageIO.framework/ImageIO.tbd
_kCGImagePropertyDICOMProjectionImagingAcquisitionParameterSequence	System/Library/Frameworks/ImageIO.framework/ImageIO.tbd
_kCGImagePropertyDICOMProjectionPixelCalibrationSequence	System/Library/Frameworks/ImageIO.framework/ImageIO.tbd
_kCGImagePropertyDICOMPropertyLabel	System/Library/Frameworks/ImageIO.framework/ImageIO.tbd
_kCGImagePropertyDICOMProposedStudySequence	System/Library/Frameworks/ImageIO.framework/ImageIO.tbd
_kCGImagePropertyDICOMProtocolContextSequence	System/Library/Frameworks/ImageIO.framework/ImageIO.tbd
_kCGImagePropertyDICOMProtocolDefinedPatientPosition	System/Library/Frameworks/ImageIO.framework/ImageIO.tbd
_kCGImagePropertyDICOMProtocolDesignRationale	System/Library/Frameworks/ImageIO.framework/ImageIO.tbd
_kCGImagePropertyDICOMProtocolElementCharacteristicsSummary	System/Library/Frameworks/ImageIO.framework/ImageIO.tbd
_kCGImagePropertyDICOMProtocolElementName	System/Library/Frameworks/ImageIO.framework/ImageIO.tbd
_kCGImagePropertyDICOMProtocolElementNumber	System/Library/Frameworks/ImageIO.framework/ImageIO.tbd
_kCGImagePropertyDICOMProtocolElementPurpose	System/Library/Frameworks/ImageIO.framework/ImageIO.tbd
_kCGImagePropertyDICOMProtocolName	System/Library/Frameworks/ImageIO.framework/ImageIO.tbd
_kCGImagePropertyDICOMProtocolPlanningInformation	System/Library/Frameworks/ImageIO.framework/ImageIO.tbd
_kCGImagePropertyDICOMPseudoColorPaletteInstanceReferenceSequence	System/Library/Frameworks/ImageIO.framework/ImageIO.tbd
_kCGImagePropertyDICOMPseudoColorType	System/Library/Frameworks/ImageIO.framework/ImageIO.tbd
_kCGImagePropertyDICOMPulseNumber	System/Library/Frameworks/ImageIO.framework/ImageIO.tbd
_kCGImagePropertyDICOMPulseRepetitionFrequency	System/Library/Frameworks/ImageIO.framework/ImageIO.tbd
_kCGImagePropertyDICOMPulseRepetitionInterval	System/Library/Frameworks/ImageIO.framework/ImageIO.tbd
_kCGImagePropertyDICOMPulseSequenceName	System/Library/Frameworks/ImageIO.framework/ImageIO.tbd
_kCGImagePropertyDICOMPulseSpecificBrachyControlPointDeliveredSequence	System/Library/Frameworks/ImageIO.framework/ImageIO.tbd
_kCGImagePropertyDICOMPulseWidth	System/Library/Frameworks/ImageIO.framework/ImageIO.tbd
_kCGImagePropertyDICOMPulserEquipmentSequence	System/Library/Frameworks/ImageIO.framework/ImageIO.tbd
_kCGImagePropertyDICOMPulserNotes	System/Library/Frameworks/ImageIO.framework/ImageIO.tbd
_kCGImagePropertyDICOMPulserSettingsSequence	System/Library/Frameworks/ImageIO.framework/ImageIO.tbd
_kCGImagePropertyDICOMPulserType	System/Library/Frameworks/ImageIO.framework/ImageIO.tbd
_kCGImagePropertyDICOMPupilCentroidXCoordinate	System/Library/Frameworks/ImageIO.framework/ImageIO.tbd
_kCGImagePropertyDICOMPupilCentroidYCoordinate	System/Library/Frameworks/ImageIO.framework/ImageIO.tbd
_kCGImagePropertyDICOMPupilDilated	System/Library/Frameworks/ImageIO.framework/ImageIO.tbd
_kCGImagePropertyDICOMPupilSize	System/Library/Frameworks/ImageIO.framework/ImageIO.tbd
_kCGImagePropertyDICOMPurposeOfReferenceCodeSequence	System/Library/Frameworks/ImageIO.framework/ImageIO.tbd
_kCGImagePropertyDICOMPyramidDescription	System/Library/Frameworks/ImageIO.framework/ImageIO.tbd
_kCGImagePropertyDICOMPyramidLabel	System/Library/Frameworks/ImageIO.framework/ImageIO.tbd
_kCGImagePropertyDICOMPyramidUID	System/Library/Frameworks/ImageIO.framework/ImageIO.tbd
_kCGImagePropertyDICOMQAResultsSequence	System/Library/Frameworks/ImageIO.framework/ImageIO.tbd
_kCGImagePropertyDICOMQRMeasurementsSequence	System/Library/Frameworks/ImageIO.framework/ImageIO.tbd
_kCGImagePropertyDICOMQuadratureReceiveCoil	System/Library/Frameworks/ImageIO.framework/ImageIO.tbd
_kCGImagePropertyDICOMQualityControlImage	System/Library/Frameworks/ImageIO.framework/ImageIO.tbd
_kCGImagePropertyDICOMQualityControlSubject	System/Library/Frameworks/ImageIO.framework/ImageIO.tbd
_kCGImagePropertyDICOMQualityControlSubjectTypeCodeSequence	System/Library/Frameworks/ImageIO.framework/ImageIO.tbd
_kCGImagePropertyDICOMQualityThreshold	System/Library/Frameworks/ImageIO.framework/ImageIO.tbd
_kCGImagePropertyDICOMQuantifiedDefect	System/Library/Frameworks/ImageIO.framework/ImageIO.tbd
_kCGImagePropertyDICOMQuantity	System/Library/Frameworks/ImageIO.framework/ImageIO.tbd
_kCGImagePropertyDICOMQuantityDefinitionSequence	System/Library/Frameworks/ImageIO.framework/ImageIO.tbd
_kCGImagePropertyDICOMQuantitySequence	System/Library/Frameworks/ImageIO.framework/ImageIO.tbd
_kCGImagePropertyDICOMQueryRetrieveLevel	System/Library/Frameworks/ImageIO.framework/ImageIO.tbd
_kCGImagePropertyDICOMQueryRetrieveView	System/Library/Frameworks/ImageIO.framework/ImageIO.tbd
_kCGImagePropertyDICOMQueueStatus	System/Library/Frameworks/ImageIO.framework/ImageIO.tbd
_kCGImagePropertyDICOMRFEchoTrainLength	System/Library/Frameworks/ImageIO.framework/ImageIO.tbd
_kCGImagePropertyDICOMRGBATransferFunctionDescription	System/Library/Frameworks/ImageIO.framework/ImageIO.tbd
_kCGImagePropertyDICOMRGBLUTTransferFunction	System/Library/Frameworks/ImageIO.framework/ImageIO.tbd
_kCGImagePropertyDICOMROIArea	System/Library/Frameworks/ImageIO.framework/ImageIO.tbd
_kCGImagePropertyDICOMROIContourSequence	System/Library/Frameworks/ImageIO.framework/ImageIO.tbd
_kCGImagePropertyDICOMROIDerivationAlgorithmIdentificationSequence	System/Library/Frameworks/ImageIO.framework/ImageIO.tbd
_kCGImagePropertyDICOMROIDescription	System/Library/Frameworks/ImageIO.framework/ImageIO.tbd
_kCGImagePropertyDICOMROIDisplayColor	System/Library/Frameworks/ImageIO.framework/ImageIO.tbd
_kCGImagePropertyDICOMROIElementalCompositionAtomicMassFraction	System/Library/Frameworks/ImageIO.framework/ImageIO.tbd
_kCGImagePropertyDICOMROIElementalCompositionAtomicNumber	System/Library/Frameworks/ImageIO.framework/ImageIO.tbd
_kCGImagePropertyDICOMROIElementalCompositionSequence	System/Library/Frameworks/ImageIO.framework/ImageIO.tbd
_kCGImagePropertyDICOMROIGenerationAlgorithm	System/Library/Frameworks/ImageIO.framework/ImageIO.tbd
_kCGImagePropertyDICOMROIGenerationDescription	System/Library/Frameworks/ImageIO.framework/ImageIO.tbd
_kCGImagePropertyDICOMROIInterpreter	System/Library/Frameworks/ImageIO.framework/ImageIO.tbd
_kCGImagePropertyDICOMROIMean	System/Library/Frameworks/ImageIO.framework/ImageIO.tbd
_kCGImagePropertyDICOMROIName	System/Library/Frameworks/ImageIO.framework/ImageIO.tbd
_kCGImagePropertyDICOMROINumber	System/Library/Frameworks/ImageIO.framework/ImageIO.tbd
_kCGImagePropertyDICOMROIObservationDescription	System/Library/Frameworks/ImageIO.framework/ImageIO.tbd
_kCGImagePropertyDICOMROIObservationLabel	System/Library/Frameworks/ImageIO.framework/ImageIO.tbd
_kCGImagePropertyDICOMROIPhysicalPropertiesSequence	System/Library/Frameworks/ImageIO.framework/ImageIO.tbd
_kCGImagePropertyDICOMROIPhysicalProperty	System/Library/Frameworks/ImageIO.framework/ImageIO.tbd
_kCGImagePropertyDICOMROIPhysicalPropertyValue	System/Library/Frameworks/ImageIO.framework/ImageIO.tbd
_kCGImagePropertyDICOMROIStandardDeviation	System/Library/Frameworks/ImageIO.framework/ImageIO.tbd
_kCGImagePropertyDICOMROIVolume	System/Library/Frameworks/ImageIO.framework/ImageIO.tbd
_kCGImagePropertyDICOMRRIntervalTimeNominal	System/Library/Frameworks/ImageIO.framework/ImageIO.tbd
_kCGImagePropertyDICOMRRIntervalVector	System/Library/Frameworks/ImageIO.framework/ImageIO.tbd
_kCGImagePropertyDICOMRTAccessoryDeviceSlotID	System/Library/Frameworks/ImageIO.framework/ImageIO.tbd
_kCGImagePropertyDICOMRTAccessoryHolderDefinitionSequence	System/Library/Frameworks/ImageIO.framework/ImageIO.tbd
_kCGImagePropertyDICOMRTAccessoryHolderSlotDistance	System/Library/Frameworks/ImageIO.framework/ImageIO.tbd
_kCGImagePropertyDICOMRTAccessoryHolderSlotExistenceFlag	System/Library/Frameworks/ImageIO.framework/ImageIO.tbd
_kCGImagePropertyDICOMRTAccessoryHolderSlotID	System/Library/Frameworks/ImageIO.framework/ImageIO.tbd
_kCGImagePropertyDICOMRTAccessoryHolderSlotSequence	System/Library/Frameworks/ImageIO.framework/ImageIO.tbd
_kCGImagePropertyDICOMRTAccessoryHolderWaterEquivalentThickness	System/Library/Frameworks/ImageIO.framework/ImageIO.tbd
_kCGImagePropertyDICOMRTAccessorySlotDistance	System/Library/Frameworks/ImageIO.framework/ImageIO.tbd
_kCGImagePropertyDICOMRTAcquisitionPatientPositionSequence	System/Library/Frameworks/ImageIO.framework/ImageIO.tbd
_kCGImagePropertyDICOMRTAnatomicPrescriptionSequence	System/Library/Frameworks/ImageIO.framework/ImageIO.tbd
_kCGImagePropertyDICOMRTBeamDelimiterGeometrySequence	System/Library/Frameworks/ImageIO.framework/ImageIO.tbd
_kCGImagePropertyDICOMRTBeamLimitingDeviceAngle	System/Library/Frameworks/ImageIO.framework/ImageIO.tbd
_kCGImagePropertyDICOMRTBeamLimitingDeviceDefinitionSequence	System/Library/Frameworks/ImageIO.framework/ImageIO.tbd
_kCGImagePropertyDICOMRTBeamLimitingDeviceDistalDistance	System/Library/Frameworks/ImageIO.framework/ImageIO.tbd
_kCGImagePropertyDICOMRTBeamLimitingDeviceOffset	System/Library/Frameworks/ImageIO.framework/ImageIO.tbd
_kCGImagePropertyDICOMRTBeamLimitingDeviceOpeningSequence	System/Library/Frameworks/ImageIO.framework/ImageIO.tbd
_kCGImagePropertyDICOMRTBeamLimitingDeviceProximalDistance	System/Library/Frameworks/ImageIO.framework/ImageIO.tbd
_kCGImagePropertyDICOMRTBeamLimitingDeviceType	System/Library/Frameworks/ImageIO.framework/ImageIO.tbd
_kCGImagePropertyDICOMRTBeamModifierDefinitionDistance	System/Library/Frameworks/ImageIO.framework/ImageIO.tbd
_kCGImagePropertyDICOMRTControlPointIndex	System/Library/Frameworks/ImageIO.framework/ImageIO.tbd
_kCGImagePropertyDICOMRTDeliveryStartPatientPositionSequence	System/Library/Frameworks/ImageIO.framework/ImageIO.tbd
_kCGImagePropertyDICOMRTDeviceDistanceReferenceLocationCodeSequence	System/Library/Frameworks/ImageIO.framework/ImageIO.tbd
_kCGImagePropertyDICOMRTDiagnosisCodeSequence	System/Library/Frameworks/ImageIO.framework/ImageIO.tbd
_kCGImagePropertyDICOMRTDoseROISequence	System/Library/Frameworks/ImageIO.framework/ImageIO.tbd
_kCGImagePropertyDICOMRTImageDescription	System/Library/Frameworks/ImageIO.framework/ImageIO.tbd
_kCGImagePropertyDICOMRTImageFrameContextSequence	System/Library/Frameworks/ImageIO.framework/ImageIO.tbd
_kCGImagePropertyDICOMRTImageFrameGeneralContentSequence	System/Library/Frameworks/ImageIO.framework/ImageIO.tbd
_kCGImagePropertyDICOMRTImageFrameImagingDevicePositionSequence	System/Library/Frameworks/ImageIO.framework/ImageIO.tbd
_kCGImagePropertyDICOMRTImageFrameMVRadiationAcquisitionSequence	System/Library/Frameworks/ImageIO.framework/ImageIO.tbd
_kCGImagePropertyDICOMRTImageFrameRadiationAcquisitionSequence	System/Library/Frameworks/ImageIO.framework/ImageIO.tbd
_kCGImagePropertyDICOMRTImageFramekVRadiationAcquisitionSequence	System/Library/Frameworks/ImageIO.framework/ImageIO.tbd
_kCGImagePropertyDICOMRTImageLabel	System/Library/Frameworks/ImageIO.framework/ImageIO.tbd
_kCGImagePropertyDICOMRTImageName	System/Library/Frameworks/ImageIO.framework/ImageIO.tbd
_kCGImagePropertyDICOMRTImageOrientation	System/Library/Frameworks/ImageIO.framework/ImageIO.tbd
_kCGImagePropertyDICOMRTImagePlane	System/Library/Frameworks/ImageIO.framework/ImageIO.tbd
_kCGImagePropertyDICOMRTImagePosition	System/Library/Frameworks/ImageIO.framework/ImageIO.tbd
_kCGImagePropertyDICOMRTImageSID	System/Library/Frameworks/ImageIO.framework/ImageIO.tbd
_kCGImagePropertyDICOMRTImageScopeSequence	System/Library/Frameworks/ImageIO.framework/ImageIO.tbd
_kCGImagePropertyDICOMRTPatientPositionDisplacementSequence	System/Library/Frameworks/ImageIO.framework/ImageIO.tbd
_kCGImagePropertyDICOMRTPatientPositionScopeSequence	System/Library/Frameworks/ImageIO.framework/ImageIO.tbd
_kCGImagePropertyDICOMRTPatientPositionSequence	System/Library/Frameworks/ImageIO.framework/ImageIO.tbd
_kCGImagePropertyDICOMRTPhysicianIntentIndex	System/Library/Frameworks/ImageIO.framework/ImageIO.tbd
_kCGImagePropertyDICOMRTPhysicianIntentInputInstanceSequence	System/Library/Frameworks/ImageIO.framework/ImageIO.tbd
_kCGImagePropertyDICOMRTPhysicianIntentNarrative	System/Library/Frameworks/ImageIO.framework/ImageIO.tbd
_kCGImagePropertyDICOMRTPhysicianIntentPredecessorSequence	System/Library/Frameworks/ImageIO.framework/ImageIO.tbd
_kCGImagePropertyDICOMRTPhysicianIntentSequence	System/Library/Frameworks/ImageIO.framework/ImageIO.tbd
_kCGImagePropertyDICOMRTPlanDate	System/Library/Frameworks/ImageIO.framework/ImageIO.tbd
_kCGImagePropertyDICOMRTPlanDescription	System/Library/Frameworks/ImageIO.framework/ImageIO.tbd
_kCGImagePropertyDICOMRTPlanGeometry	System/Library/Frameworks/ImageIO.framework/ImageIO.tbd
_kCGImagePropertyDICOMRTPlanLabel	System/Library/Frameworks/ImageIO.framework/ImageIO.tbd
_kCGImagePropertyDICOMRTPlanName	System/Library/Frameworks/ImageIO.framework/ImageIO.tbd
_kCGImagePropertyDICOMRTPlanRelationship	System/Library/Frameworks/ImageIO.framework/ImageIO.tbd
_kCGImagePropertyDICOMRTPlanTime	System/Library/Frameworks/ImageIO.framework/ImageIO.tbd
_kCGImagePropertyDICOMRTPrescriptionIndex	System/Library/Frameworks/ImageIO.framework/ImageIO.tbd
_kCGImagePropertyDICOMRTPrescriptionLabel	System/Library/Frameworks/ImageIO.framework/ImageIO.tbd
_kCGImagePropertyDICOMRTPrescriptionSequence	System/Library/Frameworks/ImageIO.framework/ImageIO.tbd
_kCGImagePropertyDICOMRTProtocolCodeSequence	System/Library/Frameworks/ImageIO.framework/ImageIO.tbd
_kCGImagePropertyDICOMRTROIIdentificationCodeSequence	System/Library/Frameworks/ImageIO.framework/ImageIO.tbd
_kCGImagePropertyDICOMRTROIInterpretedType	System/Library/Frameworks/ImageIO.framework/ImageIO.tbd
_kCGImagePropertyDICOMRTROIObservationsSequence	System/Library/Frameworks/ImageIO.framework/ImageIO.tbd
_kCGImagePropertyDICOMRTROIRelationship	System/Library/Frameworks/ImageIO.framework/ImageIO.tbd
_kCGImagePropertyDICOMRTRadiationPhysicalAndGeometricContentDetailFlag	System/Library/Frameworks/ImageIO.framework/ImageIO.tbd
_kCGImagePropertyDICOMRTRadiationSalvageRecordControlPointSequence	System/Library/Frameworks/ImageIO.framework/ImageIO.tbd
_kCGImagePropertyDICOMRTRadiationSequence	System/Library/Frameworks/ImageIO.framework/ImageIO.tbd
_kCGImagePropertyDICOMRTRadiationSetDeliveryNumber	System/Library/Frameworks/ImageIO.framework/ImageIO.tbd
_kCGImagePropertyDICOMRTRadiationSetDeliveryUsage	System/Library/Frameworks/ImageIO.framework/ImageIO.tbd
_kCGImagePropertyDICOMRTRadiationSetIntent	System/Library/Frameworks/ImageIO.framework/ImageIO.tbd
_kCGImagePropertyDICOMRTRadiationSetUsage	System/Library/Frameworks/ImageIO.framework/ImageIO.tbd
_kCGImagePropertyDICOMRTRadiationTaskSequence	System/Library/Frameworks/ImageIO.framework/ImageIO.tbd
_kCGImagePropertyDICOMRTRadiationUsage	System/Library/Frameworks/ImageIO.framework/ImageIO.tbd
_kCGImagePropertyDICOMRTRecordFlag	System/Library/Frameworks/ImageIO.framework/ImageIO.tbd
_kCGImagePropertyDICOMRTReferencedSeriesSequence	System/Library/Frameworks/ImageIO.framework/ImageIO.tbd
_kCGImagePropertyDICOMRTReferencedStudySequence	System/Library/Frameworks/ImageIO.framework/ImageIO.tbd
_kCGImagePropertyDICOMRTRelatedROISequence	System/Library/Frameworks/ImageIO.framework/ImageIO.tbd
_kCGImagePropertyDICOMRTSegmentAnnotationIndex	System/Library/Frameworks/ImageIO.framework/ImageIO.tbd
_kCGImagePropertyDICOMRTSegmentAnnotationSequence	System/Library/Frameworks/ImageIO.framework/ImageIO.tbd
_kCGImagePropertyDICOMRTToleranceSetLabel	System/Library/Frameworks/ImageIO.framework/ImageIO.tbd
_kCGImagePropertyDICOMRTToleranceSetSequence	System/Library/Frameworks/ImageIO.framework/ImageIO.tbd
_kCGImagePropertyDICOMRTTreatmentApproachLabel	System/Library/Frameworks/ImageIO.framework/ImageIO.tbd
_kCGImagePropertyDICOMRTTreatmentFractionCompletionStatus	System/Library/Frameworks/ImageIO.framework/ImageIO.tbd
_kCGImagePropertyDICOMRTTreatmentIntentType	System/Library/Frameworks/ImageIO.framework/ImageIO.tbd
_kCGImagePropertyDICOMRTTreatmentPhaseIndex	System/Library/Frameworks/ImageIO.framework/ImageIO.tbd
_kCGImagePropertyDICOMRTTreatmentPhaseIntentPresenceFlag	System/Library/Frameworks/ImageIO.framework/ImageIO.tbd
_kCGImagePropertyDICOMRTTreatmentPhaseIntervalSequence	System/Library/Frameworks/ImageIO.framework/ImageIO.tbd
_kCGImagePropertyDICOMRTTreatmentPhaseUID	System/Library/Frameworks/ImageIO.framework/ImageIO.tbd
_kCGImagePropertyDICOMRTTreatmentPreparationPatientPositionSequence	System/Library/Frameworks/ImageIO.framework/ImageIO.tbd
_kCGImagePropertyDICOMRTTreatmentSourceCoordinates	System/Library/Frameworks/ImageIO.framework/ImageIO.tbd
_kCGImagePropertyDICOMRTTreatmentTechniqueCodeSequence	System/Library/Frameworks/ImageIO.framework/ImageIO.tbd
_kCGImagePropertyDICOMRTTreatmentTerminationReasonCodeSequence	System/Library/Frameworks/ImageIO.framework/ImageIO.tbd
_kCGImagePropertyDICOMRTTreatmentTerminationStatus	System/Library/Frameworks/ImageIO.framework/ImageIO.tbd
_kCGImagePropertyDICOMRTVCommunicationSOPClassUID	System/Library/Frameworks/ImageIO.framework/ImageIO.tbd
_kCGImagePropertyDICOMRTVCommunicationSOPInstanceUID	System/Library/Frameworks/ImageIO.framework/ImageIO.tbd
_kCGImagePropertyDICOMRTVFlowActualFrameDuration	System/Library/Frameworks/ImageIO.framework/ImageIO.tbd
_kCGImagePropertyDICOMRTVFlowIdentifier	System/Library/Frameworks/ImageIO.framework/ImageIO.tbd
_kCGImagePropertyDICOMRTVFlowRTPSamplingRate	System/Library/Frameworks/ImageIO.framework/ImageIO.tbd
_kCGImagePropertyDICOMRTVMetaInformationVersion	System/Library/Frameworks/ImageIO.framework/ImageIO.tbd
_kCGImagePropertyDICOMRTVSourceIdentifier	System/Library/Frameworks/ImageIO.framework/ImageIO.tbd
_kCGImagePropertyDICOMRWavePointer	System/Library/Frameworks/ImageIO.framework/ImageIO.tbd
_kCGImagePropertyDICOMRWaveTimeVector	System/Library/Frameworks/ImageIO.framework/ImageIO.tbd
_kCGImagePropertyDICOMRadialPosition	System/Library/Frameworks/ImageIO.framework/ImageIO.tbd
_kCGImagePropertyDICOMRadiationAtomicNumber	System/Library/Frameworks/ImageIO.framework/ImageIO.tbd
_kCGImagePropertyDICOMRadiationBeamBlockSlabThickness	System/Library/Frameworks/ImageIO.framework/ImageIO.tbd
_kCGImagePropertyDICOMRadiationBeamBlockThickness	System/Library/Frameworks/ImageIO.framework/ImageIO.tbd
_kCGImagePropertyDICOMRadiationBeamCompensatorMillingToolDiameter	System/Library/Frameworks/ImageIO.framework/ImageIO.tbd
_kCGImagePropertyDICOMRadiationBeamEffectiveWedgeAngle	System/Library/Frameworks/ImageIO.framework/ImageIO.tbd
_kCGImagePropertyDICOMRadiationBeamWedgeAngle	System/Library/Frameworks/ImageIO.framework/ImageIO.tbd
_kCGImagePropertyDICOMRadiationBeamWedgeThinEdgeDistance	System/Library/Frameworks/ImageIO.framework/ImageIO.tbd
_kCGImagePropertyDICOMRadiationChargeState	System/Library/Frameworks/ImageIO.framework/ImageIO.tbd
_kCGImagePropertyDICOMRadiationDeviceConfigurationAndCommissioningKeySequence	System/Library/Frameworks/ImageIO.framework/ImageIO.tbd
_kCGImagePropertyDICOMRadiationDoseCentralAxisDisplacement	System/Library/Frameworks/ImageIO.framework/ImageIO.tbd
_kCGImagePropertyDICOMRadiationDoseIdentificationIndex	System/Library/Frameworks/ImageIO.framework/ImageIO.tbd
_kCGImagePropertyDICOMRadiationDoseIdentificationLabel	System/Library/Frameworks/ImageIO.framework/ImageIO.tbd
_kCGImagePropertyDICOMRadiationDoseIdentificationSequence	System/Library/Frameworks/ImageIO.framework/ImageIO.tbd
_kCGImagePropertyDICOMRadiationDoseInVivoMeasurementLabel	System/Library/Frameworks/ImageIO.framework/ImageIO.tbd
_kCGImagePropertyDICOMRadiationDoseMeasurementPointCoordinates	System/Library/Frameworks/ImageIO.framework/ImageIO.tbd
_kCGImagePropertyDICOMRadiationDoseSequence	System/Library/Frameworks/ImageIO.framework/ImageIO.tbd
_kCGImagePropertyDICOMRadiationDoseSourceToExternalContourDistance	System/Library/Frameworks/ImageIO.framework/ImageIO.tbd
_kCGImagePropertyDICOMRadiationDoseSourceToSkinDistance	System/Library/Frameworks/ImageIO.framework/ImageIO.tbd
_kCGImagePropertyDICOMRadiationDoseValue	System/Library/Frameworks/ImageIO.framework/ImageIO.tbd
_kCGImagePropertyDICOMRadiationDoseValuesParametersSequence	System/Library/Frameworks/ImageIO.framework/ImageIO.tbd
_kCGImagePropertyDICOMRadiationDosimeterUnitSequence	System/Library/Frameworks/ImageIO.framework/ImageIO.tbd
_kCGImagePropertyDICOMRadiationFluenceModifierCodeSequence	System/Library/Frameworks/ImageIO.framework/ImageIO.tbd
_kCGImagePropertyDICOMRadiationGenerationModeDescription	System/Library/Frameworks/ImageIO.framework/ImageIO.tbd
_kCGImagePropertyDICOMRadiationGenerationModeIndex	System/Library/Frameworks/ImageIO.framework/ImageIO.tbd
_kCGImagePropertyDICOMRadiationGenerationModeLabel	System/Library/Frameworks/ImageIO.framework/ImageIO.tbd
_kCGImagePropertyDICOMRadiationGenerationModeMachineCodeSequence	System/Library/Frameworks/ImageIO.framework/ImageIO.tbd
_kCGImagePropertyDICOMRadiationGenerationModeSequence	System/Library/Frameworks/ImageIO.framework/ImageIO.tbd
_kCGImagePropertyDICOMRadiationMachineName	System/Library/Frameworks/ImageIO.framework/ImageIO.tbd
_kCGImagePropertyDICOMRadiationMachineSAD	System/Library/Frameworks/ImageIO.framework/ImageIO.tbd
_kCGImagePropertyDICOMRadiationMachineSSD	System/Library/Frameworks/ImageIO.framework/ImageIO.tbd
_kCGImagePropertyDICOMRadiationMassNumber	System/Library/Frameworks/ImageIO.framework/ImageIO.tbd
_kCGImagePropertyDICOMRadiationMode	System/Library/Frameworks/ImageIO.framework/ImageIO.tbd
_kCGImagePropertyDICOMRadiationOrderIndex	System/Library/Frameworks/ImageIO.framework/ImageIO.tbd
_kCGImagePropertyDICOMRadiationSetting	System/Library/Frameworks/ImageIO.framework/ImageIO.tbd
_kCGImagePropertyDICOMRadiationSourceAxisDistance	System/Library/Frameworks/ImageIO.framework/ImageIO.tbd
_kCGImagePropertyDICOMRadiationSourceCoordinateSystemPitchAngle	System/Library/Frameworks/ImageIO.framework/ImageIO.tbd
_kCGImagePropertyDICOMRadiationSourceCoordinateSystemRollAngle	System/Library/Frameworks/ImageIO.framework/ImageIO.tbd
_kCGImagePropertyDICOMRadiationSourceCoordinateSystemYawAngle	System/Library/Frameworks/ImageIO.framework/ImageIO.tbd
_kCGImagePropertyDICOMRadiationType	System/Library/Frameworks/ImageIO.framework/ImageIO.tbd
_kCGImagePropertyDICOMRadiationTypeCodeSequence	System/Library/Frameworks/ImageIO.framework/ImageIO.tbd
_kCGImagePropertyDICOMRadiobiologicalDoseEffectFlag	System/Library/Frameworks/ImageIO.framework/ImageIO.tbd
_kCGImagePropertyDICOMRadiobiologicalDoseEffectSequence	System/Library/Frameworks/ImageIO.framework/ImageIO.tbd
_kCGImagePropertyDICOMRadionuclide	System/Library/Frameworks/ImageIO.framework/ImageIO.tbd
_kCGImagePropertyDICOMRadionuclideCodeSequence	System/Library/Frameworks/ImageIO.framework/ImageIO.tbd
_kCGImagePropertyDICOMRadionuclideHalfLife	System/Library/Frameworks/ImageIO.framework/ImageIO.tbd
_kCGImagePropertyDICOMRadionuclidePositronFraction	System/Library/Frameworks/ImageIO.framework/ImageIO.tbd
_kCGImagePropertyDICOMRadionuclideTotalDose	System/Library/Frameworks/ImageIO.framework/ImageIO.tbd
_kCGImagePropertyDICOMRadiopharmaceutical	System/Library/Frameworks/ImageIO.framework/ImageIO.tbd
_kCGImagePropertyDICOMRadiopharmaceuticalAdministrationEventUID	System/Library/Frameworks/ImageIO.framework/ImageIO.tbd
_kCGImagePropertyDICOMRadiopharmaceuticalAgentNumber	System/Library/Frameworks/ImageIO.framework/ImageIO.tbd
_kCGImagePropertyDICOMRadiopharmaceuticalCodeSequence	System/Library/Frameworks/ImageIO.framework/ImageIO.tbd
_kCGImagePropertyDICOMRadiopharmaceuticalInformationSequence	System/Library/Frameworks/ImageIO.framework/ImageIO.tbd
_kCGImagePropertyDICOMRadiopharmaceuticalRoute	System/Library/Frameworks/ImageIO.framework/ImageIO.tbd
_kCGImagePropertyDICOMRadiopharmaceuticalSpecificActivity	System/Library/Frameworks/ImageIO.framework/ImageIO.tbd
_kCGImagePropertyDICOMRadiopharmaceuticalStartDateTime	System/Library/Frameworks/ImageIO.framework/ImageIO.tbd
_kCGImagePropertyDICOMRadiopharmaceuticalStartTime	System/Library/Frameworks/ImageIO.framework/ImageIO.tbd
_kCGImagePropertyDICOMRadiopharmaceuticalStopDateTime	System/Library/Frameworks/ImageIO.framework/ImageIO.tbd
_kCGImagePropertyDICOMRadiopharmaceuticalStopTime	System/Library/Frameworks/ImageIO.framework/ImageIO.tbd
_kCGImagePropertyDICOMRadiopharmaceuticalUsageSequence	System/Library/Frameworks/ImageIO.framework/ImageIO.tbd
_kCGImagePropertyDICOMRadiopharmaceuticalVolume	System/Library/Frameworks/ImageIO.framework/ImageIO.tbd
_kCGImagePropertyDICOMRadiotherapyTreatmentType	System/Library/Frameworks/ImageIO.framework/ImageIO.tbd
_kCGImagePropertyDICOMRadiusAlongWedge	System/Library/Frameworks/ImageIO.framework/ImageIO.tbd
_kCGImagePropertyDICOMRadiusOfCircularCollimator	System/Library/Frameworks/ImageIO.framework/ImageIO.tbd
_kCGImagePropertyDICOMRadiusOfCircularExposureControlSensingRegion	System/Library/Frameworks/ImageIO.framework/ImageIO.tbd
_kCGImagePropertyDICOMRadiusOfCircularShutter	System/Library/Frameworks/ImageIO.framework/ImageIO.tbd
_kCGImagePropertyDICOMRadiusOfCurvature	System/Library/Frameworks/ImageIO.framework/ImageIO.tbd
_kCGImagePropertyDICOMRandomsCorrected	System/Library/Frameworks/ImageIO.framework/ImageIO.tbd
_kCGImagePropertyDICOMRandomsCorrectionMethod	System/Library/Frameworks/ImageIO.framework/ImageIO.tbd
_kCGImagePropertyDICOMRangeMatchingSequence	System/Library/Frameworks/ImageIO.framework/ImageIO.tbd
_kCGImagePropertyDICOMRangeModulatorDescription	System/Library/Frameworks/ImageIO.framework/ImageIO.tbd
_kCGImagePropertyDICOMRangeModulatorGatingStartValue	System/Library/Frameworks/ImageIO.framework/ImageIO.tbd
_kCGImagePropertyDICOMRangeModulatorGatingStartWaterEquivalentThickness	System/Library/Frameworks/ImageIO.framework/ImageIO.tbd
_kCGImagePropertyDICOMRangeModulatorGatingStopValue	System/Library/Frameworks/ImageIO.framework/ImageIO.tbd
_kCGImagePropertyDICOMRangeModulatorGatingStopWaterEquivalentThickness	System/Library/Frameworks/ImageIO.framework/ImageIO.tbd
_kCGImagePropertyDICOMRangeModulatorID	System/Library/Frameworks/ImageIO.framework/ImageIO.tbd
_kCGImagePropertyDICOMRangeModulatorNumber	System/Library/Frameworks/ImageIO.framework/ImageIO.tbd
_kCGImagePropertyDICOMRangeModulatorSequence	System/Library/Frameworks/ImageIO.framework/ImageIO.tbd
_kCGImagePropertyDICOMRangeModulatorSettingsSequence	System/Library/Frameworks/ImageIO.framework/ImageIO.tbd
_kCGImagePropertyDICOMRangeModulatorType	System/Library/Frameworks/ImageIO.framework/ImageIO.tbd
_kCGImagePropertyDICOMRangeOfFreedom	System/Library/Frameworks/ImageIO.framework/ImageIO.tbd
_kCGImagePropertyDICOMRangeShifterDescription	System/Library/Frameworks/ImageIO.framework/ImageIO.tbd
_kCGImagePropertyDICOMRangeShifterID	System/Library/Frameworks/ImageIO.framework/ImageIO.tbd
_kCGImagePropertyDICOMRangeShifterNumber	System/Library/Frameworks/ImageIO.framework/ImageIO.tbd
_kCGImagePropertyDICOMRangeShifterSequence	System/Library/Frameworks/ImageIO.framework/ImageIO.tbd
_kCGImagePropertyDICOMRangeShifterSetting	System/Library/Frameworks/ImageIO.framework/ImageIO.tbd
_kCGImagePropertyDICOMRangeShifterSettingsSequence	System/Library/Frameworks/ImageIO.framework/ImageIO.tbd
_kCGImagePropertyDICOMRangeShifterType	System/Library/Frameworks/ImageIO.framework/ImageIO.tbd
_kCGImagePropertyDICOMRangeShifterWaterEquivalentThickness	System/Library/Frameworks/ImageIO.framework/ImageIO.tbd
_kCGImagePropertyDICOMRangingDepth	System/Library/Frameworks/ImageIO.framework/ImageIO.tbd
_kCGImagePropertyDICOMRationalDenominatorValue	System/Library/Frameworks/ImageIO.framework/ImageIO.tbd
_kCGImagePropertyDICOMRationalNumeratorValue	System/Library/Frameworks/ImageIO.framework/ImageIO.tbd
_kCGImagePropertyDICOMRawDataHandling	System/Library/Frameworks/ImageIO.framework/ImageIO.tbd
_kCGImagePropertyDICOMRealTimeBulkDataFlowSequence	System/Library/Frameworks/ImageIO.framework/ImageIO.tbd
_kCGImagePropertyDICOMRealWorldValueFirstValueMapped	System/Library/Frameworks/ImageIO.framework/ImageIO.tbd
_kCGImagePropertyDICOMRealWorldValueIntercept	System/Library/Frameworks/ImageIO.framework/ImageIO.tbd
_kCGImagePropertyDICOMRealWorldValueLUTData	System/Library/Frameworks/ImageIO.framework/ImageIO.tbd
_kCGImagePropertyDICOMRealWorldValueLastValueMapped	System/Library/Frameworks/ImageIO.framework/ImageIO.tbd
_kCGImagePropertyDICOMRealWorldValueMappingSequence	System/Library/Frameworks/ImageIO.framework/ImageIO.tbd
_kCGImagePropertyDICOMRealWorldValueSlope	System/Library/Frameworks/ImageIO.framework/ImageIO.tbd
_kCGImagePropertyDICOMReasonForCancellation	System/Library/Frameworks/ImageIO.framework/ImageIO.tbd
_kCGImagePropertyDICOMReasonForChannelOmission	System/Library/Frameworks/ImageIO.framework/ImageIO.tbd
_kCGImagePropertyDICOMReasonForChannelOmissionDescription	System/Library/Frameworks/ImageIO.framework/ImageIO.tbd
_kCGImagePropertyDICOMReasonForOmission	System/Library/Frameworks/ImageIO.framework/ImageIO.tbd
_kCGImagePropertyDICOMReasonForOmissionCodeSequence	System/Library/Frameworks/ImageIO.framework/ImageIO.tbd
_kCGImagePropertyDICOMReasonForOmissionDescription	System/Library/Frameworks/ImageIO.framework/ImageIO.tbd
_kCGImagePropertyDICOMReasonForPerformedProcedureCodeSequence	System/Library/Frameworks/ImageIO.framework/ImageIO.tbd
_kCGImagePropertyDICOMReasonForRemovalCodeSequence	System/Library/Frameworks/ImageIO.framework/ImageIO.tbd
_kCGImagePropertyDICOMReasonForRequestedProcedureCodeSequence	System/Library/Frameworks/ImageIO.framework/ImageIO.tbd
_kCGImagePropertyDICOMReasonForStudy	System/Library/Frameworks/ImageIO.framework/ImageIO.tbd
_kCGImagePropertyDICOMReasonForSuperseding	System/Library/Frameworks/ImageIO.framework/ImageIO.tbd
_kCGImagePropertyDICOMReasonForTheAttributeModification	System/Library/Frameworks/ImageIO.framework/ImageIO.tbd
_kCGImagePropertyDICOMReasonForTheImagingServiceRequest	System/Library/Frameworks/ImageIO.framework/ImageIO.tbd
_kCGImagePropertyDICOMReasonForTheRequestedProcedure	System/Library/Frameworks/ImageIO.framework/ImageIO.tbd
_kCGImagePropertyDICOMReasonForVisit	System/Library/Frameworks/ImageIO.framework/ImageIO.tbd
_kCGImagePropertyDICOMReasonForVisitCodeSequence	System/Library/Frameworks/ImageIO.framework/ImageIO.tbd
_kCGImagePropertyDICOMReceiveCoilManufacturerName	System/Library/Frameworks/ImageIO.framework/ImageIO.tbd
_kCGImagePropertyDICOMReceiveCoilName	System/Library/Frameworks/ImageIO.framework/ImageIO.tbd
_kCGImagePropertyDICOMReceiveCoilType	System/Library/Frameworks/ImageIO.framework/ImageIO.tbd
_kCGImagePropertyDICOMReceiveProbeSequence	System/Library/Frameworks/ImageIO.framework/ImageIO.tbd
_kCGImagePropertyDICOMReceiveTransducerSequence	System/Library/Frameworks/ImageIO.framework/ImageIO.tbd
_kCGImagePropertyDICOMReceiveTransducerSettingsSequence	System/Library/Frameworks/ImageIO.framework/ImageIO.tbd
_kCGImagePropertyDICOMReceiverEquipmentSequence	System/Library/Frameworks/ImageIO.framework/ImageIO.tbd
_kCGImagePropertyDICOMReceiverNotes	System/Library/Frameworks/ImageIO.framework/ImageIO.tbd
_kCGImagePropertyDICOMReceiverSettingsSequence	System/Library/Frameworks/ImageIO.framework/ImageIO.tbd
_kCGImagePropertyDICOMReceivingAE	System/Library/Frameworks/ImageIO.framework/ImageIO.tbd
_kCGImagePropertyDICOMReceivingApplicationEntityTitle	System/Library/Frameworks/ImageIO.framework/ImageIO.tbd
_kCGImagePropertyDICOMReceivingPresentationAddress	System/Library/Frameworks/ImageIO.framework/ImageIO.tbd
_kCGImagePropertyDICOMRecognitionCode	System/Library/Frameworks/ImageIO.framework/ImageIO.tbd
_kCGImagePropertyDICOMRecognizableVisualFeatures	System/Library/Frameworks/ImageIO.framework/ImageIO.tbd
_kCGImagePropertyDICOMRecommendedAbsentPixelCIELabValue	System/Library/Frameworks/ImageIO.framework/ImageIO.tbd
_kCGImagePropertyDICOMRecommendedAnimationRate	System/Library/Frameworks/ImageIO.framework/ImageIO.tbd
_kCGImagePropertyDICOMRecommendedDefaultValueSequence	System/Library/Frameworks/ImageIO.framework/ImageIO.tbd
_kCGImagePropertyDICOMRecommendedDisplayCIELabValue	System/Library/Frameworks/ImageIO.framework/ImageIO.tbd
_kCGImagePropertyDICOMRecommendedDisplayCIELabValueList	System/Library/Frameworks/ImageIO.framework/ImageIO.tbd
_kCGImagePropertyDICOMRecommendedDisplayFrameRate	System/Library/Frameworks/ImageIO.framework/ImageIO.tbd
_kCGImagePropertyDICOMRecommendedDisplayFrameRateInFloat	System/Library/Frameworks/ImageIO.framework/ImageIO.tbd
_kCGImagePropertyDICOMRecommendedDisplayGrayscaleValue	System/Library/Frameworks/ImageIO.framework/ImageIO.tbd
_kCGImagePropertyDICOMRecommendedExposureIndex	System/Library/Frameworks/ImageIO.framework/ImageIO.tbd
_kCGImagePropertyDICOMRecommendedLineThickness	System/Library/Frameworks/ImageIO.framework/ImageIO.tbd
_kCGImagePropertyDICOMRecommendedPointRadius	System/Library/Frameworks/ImageIO.framework/ImageIO.tbd
_kCGImagePropertyDICOMRecommendedPresentationOpacity	System/Library/Frameworks/ImageIO.framework/ImageIO.tbd
_kCGImagePropertyDICOMRecommendedPresentationType	System/Library/Frameworks/ImageIO.framework/ImageIO.tbd
_kCGImagePropertyDICOMRecommendedRotationPoint	System/Library/Frameworks/ImageIO.framework/ImageIO.tbd
_kCGImagePropertyDICOMRecommendedViewingMode	System/Library/Frameworks/ImageIO.framework/ImageIO.tbd
_kCGImagePropertyDICOMReconstructionAlgorithm	System/Library/Frameworks/ImageIO.framework/ImageIO.tbd
_kCGImagePropertyDICOMReconstructionAlgorithmSequence	System/Library/Frameworks/ImageIO.framework/ImageIO.tbd
_kCGImagePropertyDICOMReconstructionAngle	System/Library/Frameworks/ImageIO.framework/ImageIO.tbd
_kCGImagePropertyDICOMReconstructionDescription	System/Library/Frameworks/ImageIO.framework/ImageIO.tbd
_kCGImagePropertyDICOMReconstructionDiameter	System/Library/Frameworks/ImageIO.framework/ImageIO.tbd
_kCGImagePropertyDICOMReconstructionEndLocationSequence	System/Library/Frameworks/ImageIO.framework/ImageIO.tbd
_kCGImagePropertyDICOMReconstructionFieldOfView	System/Library/Frameworks/ImageIO.framework/ImageIO.tbd
_kCGImagePropertyDICOMReconstructionIndex	System/Library/Frameworks/ImageIO.framework/ImageIO.tbd
_kCGImagePropertyDICOMReconstructionMethod	System/Library/Frameworks/ImageIO.framework/ImageIO.tbd
_kCGImagePropertyDICOMReconstructionPipelineType	System/Library/Frameworks/ImageIO.framework/ImageIO.tbd
_kCGImagePropertyDICOMReconstructionPixelSpacing	System/Library/Frameworks/ImageIO.framework/ImageIO.tbd
_kCGImagePropertyDICOMReconstructionProtocolElementSequence	System/Library/Frameworks/ImageIO.framework/ImageIO.tbd
_kCGImagePropertyDICOMReconstructionProtocolElementSpecificationSequence	System/Library/Frameworks/ImageIO.framework/ImageIO.tbd
_kCGImagePropertyDICOMReconstructionStartLocationSequence	System/Library/Frameworks/ImageIO.framework/ImageIO.tbd
_kCGImagePropertyDICOMReconstructionTargetCenterLocationSequence	System/Library/Frameworks/ImageIO.framework/ImageIO.tbd
_kCGImagePropertyDICOMReconstructionTargetCenterPatient	System/Library/Frameworks/ImageIO.framework/ImageIO.tbd
_kCGImagePropertyDICOMReconstructionType	System/Library/Frameworks/ImageIO.framework/ImageIO.tbd
_kCGImagePropertyDICOMRecordInUseFlag	System/Library/Frameworks/ImageIO.framework/ImageIO.tbd
_kCGImagePropertyDICOMRecordKey	System/Library/Frameworks/ImageIO.framework/ImageIO.tbd
_kCGImagePropertyDICOMRecordedBlockSequence	System/Library/Frameworks/ImageIO.framework/ImageIO.tbd
_kCGImagePropertyDICOMRecordedBlockSlabSequence	System/Library/Frameworks/ImageIO.framework/ImageIO.tbd
_kCGImagePropertyDICOMRecordedBrachyAccessoryDeviceSequence	System/Library/Frameworks/ImageIO.framework/ImageIO.tbd
_kCGImagePropertyDICOMRecordedChannelSequence	System/Library/Frameworks/ImageIO.framework/ImageIO.tbd
_kCGImagePropertyDICOMRecordedChannelShieldSequence	System/Library/Frameworks/ImageIO.framework/ImageIO.tbd
_kCGImagePropertyDICOMRecordedCompensatorSequence	System/Library/Frameworks/ImageIO.framework/ImageIO.tbd
_kCGImagePropertyDICOMRecordedLateralSpreadingDeviceSequence	System/Library/Frameworks/ImageIO.framework/ImageIO.tbd
_kCGImagePropertyDICOMRecordedRTControlPointDateTime	System/Library/Frameworks/ImageIO.framework/ImageIO.tbd
_kCGImagePropertyDICOMRecordedRangeModulatorSequence	System/Library/Frameworks/ImageIO.framework/ImageIO.tbd
_kCGImagePropertyDICOMRecordedRangeShifterSequence	System/Library/Frameworks/ImageIO.framework/ImageIO.tbd
_kCGImagePropertyDICOMRecordedSnoutSequence	System/Library/Frameworks/ImageIO.framework/ImageIO.tbd
_kCGImagePropertyDICOMRecordedSourceApplicatorSequence	System/Library/Frameworks/ImageIO.framework/ImageIO.tbd
_kCGImagePropertyDICOMRecordedSourceSequence	System/Library/Frameworks/ImageIO.framework/ImageIO.tbd
_kCGImagePropertyDICOMRecordedWedgeSequence	System/Library/Frameworks/ImageIO.framework/ImageIO.tbd
_kCGImagePropertyDICOMRectificationType	System/Library/Frameworks/ImageIO.framework/ImageIO.tbd
_kCGImagePropertyDICOMRectifierSmoothing	System/Library/Frameworks/ImageIO.framework/ImageIO.tbd
_kCGImagePropertyDICOMRectilinearPhaseEncodeReordering	System/Library/Frameworks/ImageIO.framework/ImageIO.tbd
_kCGImagePropertyDICOMRedPaletteColorLookupTableData	System/Library/Frameworks/ImageIO.framework/ImageIO.tbd
_kCGImagePropertyDICOMRedPaletteColorLookupTableDescriptor	System/Library/Frameworks/ImageIO.framework/ImageIO.tbd
_kCGImagePropertyDICOMReference	System/Library/Frameworks/ImageIO.framework/ImageIO.tbd
_kCGImagePropertyDICOMReferenceAirKermaRate	System/Library/Frameworks/ImageIO.framework/ImageIO.tbd
_kCGImagePropertyDICOMReferenceBasisCodeSequence	System/Library/Frameworks/ImageIO.framework/ImageIO.tbd
_kCGImagePropertyDICOMReferenceCoordinates	System/Library/Frameworks/ImageIO.framework/ImageIO.tbd
_kCGImagePropertyDICOMReferenceDisplaySets	System/Library/Frameworks/ImageIO.framework/ImageIO.tbd
_kCGImagePropertyDICOMReferenceDoseDefinition	System/Library/Frameworks/ImageIO.framework/ImageIO.tbd
_kCGImagePropertyDICOMReferenceDosePointCoordinates	System/Library/Frameworks/ImageIO.framework/ImageIO.tbd
_kCGImagePropertyDICOMReferenceDoseType	System/Library/Frameworks/ImageIO.framework/ImageIO.tbd
_kCGImagePropertyDICOMReferenceGeometryCodeSequence	System/Library/Frameworks/ImageIO.framework/ImageIO.tbd
_kCGImagePropertyDICOMReferenceImageNumber	System/Library/Frameworks/ImageIO.framework/ImageIO.tbd
_kCGImagePropertyDICOMReferenceLocationDescription	System/Library/Frameworks/ImageIO.framework/ImageIO.tbd
_kCGImagePropertyDICOMReferenceLocationLabel	System/Library/Frameworks/ImageIO.framework/ImageIO.tbd
_kCGImagePropertyDICOMReferencePixelPhysicalValueX	System/Library/Frameworks/ImageIO.framework/ImageIO.tbd
_kCGImagePropertyDICOMReferencePixelPhysicalValueY	System/Library/Frameworks/ImageIO.framework/ImageIO.tbd
_kCGImagePropertyDICOMReferencePixelX0	System/Library/Frameworks/ImageIO.framework/ImageIO.tbd
_kCGImagePropertyDICOMReferencePixelY0	System/Library/Frameworks/ImageIO.framework/ImageIO.tbd
_kCGImagePropertyDICOMReferenceToRecordedSound	System/Library/Frameworks/ImageIO.framework/ImageIO.tbd
_kCGImagePropertyDICOMReferencedAccessionSequenceTrial	System/Library/Frameworks/ImageIO.framework/ImageIO.tbd
_kCGImagePropertyDICOMReferencedAssertionUID	System/Library/Frameworks/ImageIO.framework/ImageIO.tbd
_kCGImagePropertyDICOMReferencedBaselineParametersRTRadiationInstanceSequence	System/Library/Frameworks/ImageIO.framework/ImageIO.tbd
_kCGImagePropertyDICOMReferencedBasicAnnotationBoxSequence	System/Library/Frameworks/ImageIO.framework/ImageIO.tbd
_kCGImagePropertyDICOMReferencedBeamNumber	System/Library/Frameworks/ImageIO.framework/ImageIO.tbd
_kCGImagePropertyDICOMReferencedBeamSequence	System/Library/Frameworks/ImageIO.framework/ImageIO.tbd
_kCGImagePropertyDICOMReferencedBlockNumber	System/Library/Frameworks/ImageIO.framework/ImageIO.tbd
_kCGImagePropertyDICOMReferencedBolusSequence	System/Library/Frameworks/ImageIO.framework/ImageIO.tbd
_kCGImagePropertyDICOMReferencedBrachyAccessoryDeviceNumber	System/Library/Frameworks/ImageIO.framework/ImageIO.tbd
_kCGImagePropertyDICOMReferencedBrachyApplicationSetupNumber	System/Library/Frameworks/ImageIO.framework/ImageIO.tbd
_kCGImagePropertyDICOMReferencedBrachyApplicationSetupSequence	System/Library/Frameworks/ImageIO.framework/ImageIO.tbd
_kCGImagePropertyDICOMReferencedCalculatedDoseReferenceNumber	System/Library/Frameworks/ImageIO.framework/ImageIO.tbd
_kCGImagePropertyDICOMReferencedCalculatedDoseReferenceSequence	System/Library/Frameworks/ImageIO.framework/ImageIO.tbd
_kCGImagePropertyDICOMReferencedChannelNumber	System/Library/Frameworks/ImageIO.framework/ImageIO.tbd
_kCGImagePropertyDICOMReferencedChannelShieldNumber	System/Library/Frameworks/ImageIO.framework/ImageIO.tbd
_kCGImagePropertyDICOMReferencedColorPaletteInstanceUID	System/Library/Frameworks/ImageIO.framework/ImageIO.tbd
_kCGImagePropertyDICOMReferencedComparisonSOPInstanceSequence	System/Library/Frameworks/ImageIO.framework/ImageIO.tbd
_kCGImagePropertyDICOMReferencedCompensatorNumber	System/Library/Frameworks/ImageIO.framework/ImageIO.tbd
_kCGImagePropertyDICOMReferencedConceptualVolumeUID	System/Library/Frameworks/ImageIO.framework/ImageIO.tbd
_kCGImagePropertyDICOMReferencedContentItem	System/Library/Frameworks/ImageIO.framework/ImageIO.tbd
_kCGImagePropertyDICOMReferencedContentItemIdentifier	System/Library/Frameworks/ImageIO.framework/ImageIO.tbd
_kCGImagePropertyDICOMReferencedControlPointIndex	System/Library/Frameworks/ImageIO.framework/ImageIO.tbd
_kCGImagePropertyDICOMReferencedControlPointSequence	System/Library/Frameworks/ImageIO.framework/ImageIO.tbd
_kCGImagePropertyDICOMReferencedCurveSequence	System/Library/Frameworks/ImageIO.framework/ImageIO.tbd
_kCGImagePropertyDICOMReferencedDateTime	System/Library/Frameworks/ImageIO.framework/ImageIO.tbd
_kCGImagePropertyDICOMReferencedDefinedDeviceIndex	System/Library/Frameworks/ImageIO.framework/ImageIO.tbd
_kCGImagePropertyDICOMReferencedDefinedProtocolSequence	System/Library/Frameworks/ImageIO.framework/ImageIO.tbd
_kCGImagePropertyDICOMReferencedDeviceIndex	System/Library/Frameworks/ImageIO.framework/ImageIO.tbd
_kCGImagePropertyDICOMReferencedDigitalSignatureSequence	System/Library/Frameworks/ImageIO.framework/ImageIO.tbd
_kCGImagePropertyDICOMReferencedDirectSegmentInstanceSequence	System/Library/Frameworks/ImageIO.framework/ImageIO.tbd
_kCGImagePropertyDICOMReferencedDoseReferenceNumber	System/Library/Frameworks/ImageIO.framework/ImageIO.tbd
_kCGImagePropertyDICOMReferencedDoseReferenceSequence	System/Library/Frameworks/ImageIO.framework/ImageIO.tbd
_kCGImagePropertyDICOMReferencedDoseReferenceUID	System/Library/Frameworks/ImageIO.framework/ImageIO.tbd
_kCGImagePropertyDICOMReferencedDoseSequence	System/Library/Frameworks/ImageIO.framework/ImageIO.tbd
_kCGImagePropertyDICOMReferencedDosimetricObjectiveUID	System/Library/Frameworks/ImageIO.framework/ImageIO.tbd
_kCGImagePropertyDICOMReferencedDosimetricObjectivesSequence	System/Library/Frameworks/ImageIO.framework/ImageIO.tbd
_kCGImagePropertyDICOMReferencedExpectedInVivoMeasurementValueIndex	System/Library/Frameworks/ImageIO.framework/ImageIO.tbd
_kCGImagePropertyDICOMReferencedFiducialUID	System/Library/Frameworks/ImageIO.framework/ImageIO.tbd
_kCGImagePropertyDICOMReferencedFiducialsUID	System/Library/Frameworks/ImageIO.framework/ImageIO.tbd
_kCGImagePropertyDICOMReferencedFileID	System/Library/Frameworks/ImageIO.framework/ImageIO.tbd
_kCGImagePropertyDICOMReferencedFilmBoxSequence	System/Library/Frameworks/ImageIO.framework/ImageIO.tbd
_kCGImagePropertyDICOMReferencedFilmSessionSequence	System/Library/Frameworks/ImageIO.framework/ImageIO.tbd
_kCGImagePropertyDICOMReferencedFindingsGroupUIDTrial	System/Library/Frameworks/ImageIO.framework/ImageIO.tbd
_kCGImagePropertyDICOMReferencedFirstFrameSequence	System/Library/Frameworks/ImageIO.framework/ImageIO.tbd
_kCGImagePropertyDICOMReferencedFractionGroupNumber	System/Library/Frameworks/ImageIO.framework/ImageIO.tbd
_kCGImagePropertyDICOMReferencedFractionGroupSequence	System/Library/Frameworks/ImageIO.framework/ImageIO.tbd
_kCGImagePropertyDICOMReferencedFractionNumber	System/Library/Frameworks/ImageIO.framework/ImageIO.tbd
_kCGImagePropertyDICOMReferencedFrameNumber	System/Library/Frameworks/ImageIO.framework/ImageIO.tbd
_kCGImagePropertyDICOMReferencedFrameNumbers	System/Library/Frameworks/ImageIO.framework/ImageIO.tbd
_kCGImagePropertyDICOMReferencedFrameOfReferenceSequence	System/Library/Frameworks/ImageIO.framework/ImageIO.tbd
_kCGImagePropertyDICOMReferencedFrameOfReferenceUID	System/Library/Frameworks/ImageIO.framework/ImageIO.tbd
_kCGImagePropertyDICOMReferencedGeneralPurposeScheduledProcedureStepSequence	System/Library/Frameworks/ImageIO.framework/ImageIO.tbd
_kCGImagePropertyDICOMReferencedGeneralPurposeScheduledProcedureStepTransactionUID	System/Library/Frameworks/ImageIO.framework/ImageIO.tbd
_kCGImagePropertyDICOMReferencedHPGLDocumentID	System/Library/Frameworks/ImageIO.framework/ImageIO.tbd
_kCGImagePropertyDICOMReferencedImageBoxSequence	System/Library/Frameworks/ImageIO.framework/ImageIO.tbd
_kCGImagePropertyDICOMReferencedImageBoxSequenceRetired	System/Library/Frameworks/ImageIO.framework/ImageIO.tbd
_kCGImagePropertyDICOMReferencedImageEvidenceSequence	System/Library/Frameworks/ImageIO.framework/ImageIO.tbd
_kCGImagePropertyDICOMReferencedImageNavigationSequence	System/Library/Frameworks/ImageIO.framework/ImageIO.tbd
_kCGImagePropertyDICOMReferencedImageOverlayBoxSequence	System/Library/Frameworks/ImageIO.framework/ImageIO.tbd
_kCGImagePropertyDICOMReferencedImageRealWorldValueMappingSequence	System/Library/Frameworks/ImageIO.framework/ImageIO.tbd
_kCGImagePropertyDICOMReferencedImageSequence	System/Library/Frameworks/ImageIO.framework/ImageIO.tbd
_kCGImagePropertyDICOMReferencedImplantTemplateGroupMemberID	System/Library/Frameworks/ImageIO.framework/ImageIO.tbd
_kCGImagePropertyDICOMReferencedInstanceSequence	System/Library/Frameworks/ImageIO.framework/ImageIO.tbd
_kCGImagePropertyDICOMReferencedInterpretationSequence	System/Library/Frameworks/ImageIO.framework/ImageIO.tbd
_kCGImagePropertyDICOMReferencedLateralSpreadingDeviceNumber	System/Library/Frameworks/ImageIO.framework/ImageIO.tbd
_kCGImagePropertyDICOMReferencedMeasuredDoseReferenceNumber	System/Library/Frameworks/ImageIO.framework/ImageIO.tbd
_kCGImagePropertyDICOMReferencedMeasuredDoseReferenceSequence	System/Library/Frameworks/ImageIO.framework/ImageIO.tbd
_kCGImagePropertyDICOMReferencedNonImageCompositeSOPInstanceSequence	System/Library/Frameworks/ImageIO.framework/ImageIO.tbd
_kCGImagePropertyDICOMReferencedObjectObservationClassTrial	System/Library/Frameworks/ImageIO.framework/ImageIO.tbd
_kCGImagePropertyDICOMReferencedObservationClassTrial	System/Library/Frameworks/ImageIO.framework/ImageIO.tbd
_kCGImagePropertyDICOMReferencedObservationUIDTrial	System/Library/Frameworks/ImageIO.framework/ImageIO.tbd
_kCGImagePropertyDICOMReferencedOphthalmicAxialLengthMeasurementQCImageSequence	System/Library/Frameworks/ImageIO.framework/ImageIO.tbd
_kCGImagePropertyDICOMReferencedOphthalmicAxialMeasurementsSequence	System/Library/Frameworks/ImageIO.framework/ImageIO.tbd
_kCGImagePropertyDICOMReferencedOpticalPathIdentifier	System/Library/Frameworks/ImageIO.framework/ImageIO.tbd
_kCGImagePropertyDICOMReferencedOtherPlaneSequence	System/Library/Frameworks/ImageIO.framework/ImageIO.tbd
_kCGImagePropertyDICOMReferencedOverlayPlaneGroups	System/Library/Frameworks/ImageIO.framework/ImageIO.tbd
_kCGImagePropertyDICOMReferencedOverlayPlaneSequence	System/Library/Frameworks/ImageIO.framework/ImageIO.tbd
_kCGImagePropertyDICOMReferencedOverlaySequence	System/Library/Frameworks/ImageIO.framework/ImageIO.tbd
_kCGImagePropertyDICOMReferencedPTOSequence	System/Library/Frameworks/ImageIO.framework/ImageIO.tbd
_kCGImagePropertyDICOMReferencedParentRTPrescriptionIndex	System/Library/Frameworks/ImageIO.framework/ImageIO.tbd
_kCGImagePropertyDICOMReferencedPathIndex	System/Library/Frameworks/ImageIO.framework/ImageIO.tbd
_kCGImagePropertyDICOMReferencedPatientAliasSequence	System/Library/Frameworks/ImageIO.framework/ImageIO.tbd
_kCGImagePropertyDICOMReferencedPatientPhotoSequence	System/Library/Frameworks/ImageIO.framework/ImageIO.tbd
_kCGImagePropertyDICOMReferencedPatientSequence	System/Library/Frameworks/ImageIO.framework/ImageIO.tbd
_kCGImagePropertyDICOMReferencedPatientSetupNumber	System/Library/Frameworks/ImageIO.framework/ImageIO.tbd
_kCGImagePropertyDICOMReferencedPatientSetupPhotoSequence	System/Library/Frameworks/ImageIO.framework/ImageIO.tbd
_kCGImagePropertyDICOMReferencedPatientSetupProcedureIndex	System/Library/Frameworks/ImageIO.framework/ImageIO.tbd
_kCGImagePropertyDICOMReferencedPerformedProcedureStepSequence	System/Library/Frameworks/ImageIO.framework/ImageIO.tbd
_kCGImagePropertyDICOMReferencedPerformedProtocolSequence	System/Library/Frameworks/ImageIO.framework/ImageIO.tbd
_kCGImagePropertyDICOMReferencedPlanOverviewIndex	System/Library/Frameworks/ImageIO.framework/ImageIO.tbd
_kCGImagePropertyDICOMReferencedPositionReferenceInstanceSequence	System/Library/Frameworks/ImageIO.framework/ImageIO.tbd
_kCGImagePropertyDICOMReferencedPresentationLUTSequence	System/Library/Frameworks/ImageIO.framework/ImageIO.tbd
_kCGImagePropertyDICOMReferencedPresentationStateSequence	System/Library/Frameworks/ImageIO.framework/ImageIO.tbd
_kCGImagePropertyDICOMReferencedPrintJobSequence	System/Library/Frameworks/ImageIO.framework/ImageIO.tbd
_kCGImagePropertyDICOMReferencedPrintJobSequencePullStoredPrint	System/Library/Frameworks/ImageIO.framework/ImageIO.tbd
_kCGImagePropertyDICOMReferencedProcedureStepSequence	System/Library/Frameworks/ImageIO.framework/ImageIO.tbd
_kCGImagePropertyDICOMReferencedROINumber	System/Library/Frameworks/ImageIO.framework/ImageIO.tbd
_kCGImagePropertyDICOMReferencedRTAccessoryHolderDeviceIndex	System/Library/Frameworks/ImageIO.framework/ImageIO.tbd
_kCGImagePropertyDICOMReferencedRTInstanceSequence	System/Library/Frameworks/ImageIO.framework/ImageIO.tbd
_kCGImagePropertyDICOMReferencedRTPatientSetupSequence	System/Library/Frameworks/ImageIO.framework/ImageIO.tbd
_kCGImagePropertyDICOMReferencedRTPhysicianIntentIndex	System/Library/Frameworks/ImageIO.framework/ImageIO.tbd
_kCGImagePropertyDICOMReferencedRTPhysicianIntentSequence	System/Library/Frameworks/ImageIO.framework/ImageIO.tbd
_kCGImagePropertyDICOMReferencedRTPlanSequence	System/Library/Frameworks/ImageIO.framework/ImageIO.tbd
_kCGImagePropertyDICOMReferencedRTPrescriptionIndex	System/Library/Frameworks/ImageIO.framework/ImageIO.tbd
_kCGImagePropertyDICOMReferencedRTPrescriptionSequence	System/Library/Frameworks/ImageIO.framework/ImageIO.tbd
_kCGImagePropertyDICOMReferencedRTRadiationRecordSequence	System/Library/Frameworks/ImageIO.framework/ImageIO.tbd
_kCGImagePropertyDICOMReferencedRTRadiationSequence	System/Library/Frameworks/ImageIO.framework/ImageIO.tbd
_kCGImagePropertyDICOMReferencedRTRadiationSetSequence	System/Library/Frameworks/ImageIO.framework/ImageIO.tbd
_kCGImagePropertyDICOMReferencedRTTreatmentPhaseIndex	System/Library/Frameworks/ImageIO.framework/ImageIO.tbd
_kCGImagePropertyDICOMReferencedRTTreatmentPhaseSequence	System/Library/Frameworks/ImageIO.framework/ImageIO.tbd
_kCGImagePropertyDICOMReferencedRTTreatmentPreparationSequence	System/Library/Frameworks/ImageIO.framework/ImageIO.tbd
_kCGImagePropertyDICOMReferencedRadiationDoseIdentificationIndex	System/Library/Frameworks/ImageIO.framework/ImageIO.tbd
_kCGImagePropertyDICOMReferencedRadiationGenerationModeIndex	System/Library/Frameworks/ImageIO.framework/ImageIO.tbd
_kCGImagePropertyDICOMReferencedRadiationRTControlPointIndex	System/Library/Frameworks/ImageIO.framework/ImageIO.tbd
_kCGImagePropertyDICOMReferencedRangeModulatorNumber	System/Library/Frameworks/ImageIO.framework/ImageIO.tbd
_kCGImagePropertyDICOMReferencedRangeShifterNumber	System/Library/Frameworks/ImageIO.framework/ImageIO.tbd
_kCGImagePropertyDICOMReferencedRawDataSequence	System/Library/Frameworks/ImageIO.framework/ImageIO.tbd
_kCGImagePropertyDICOMReferencedRealWorldValueMappingInstanceSequence	System/Library/Frameworks/ImageIO.framework/ImageIO.tbd
_kCGImagePropertyDICOMReferencedReferenceImageNumber	System/Library/Frameworks/ImageIO.framework/ImageIO.tbd
_kCGImagePropertyDICOMReferencedReferenceImageSequence	System/Library/Frameworks/ImageIO.framework/ImageIO.tbd
_kCGImagePropertyDICOMReferencedRefractiveMeasurementsSequence	System/Library/Frameworks/ImageIO.framework/ImageIO.tbd
_kCGImagePropertyDICOMReferencedRelatedGeneralSOPClassUIDInFile	System/Library/Frameworks/ImageIO.framework/ImageIO.tbd
_kCGImagePropertyDICOMReferencedRequestSequence	System/Library/Frameworks/ImageIO.framework/ImageIO.tbd
_kCGImagePropertyDICOMReferencedResultsSequence	System/Library/Frameworks/ImageIO.framework/ImageIO.tbd
_kCGImagePropertyDICOMReferencedSOPClassUID	System/Library/Frameworks/ImageIO.framework/ImageIO.tbd
_kCGImagePropertyDICOMReferencedSOPClassUIDInFile	System/Library/Frameworks/ImageIO.framework/ImageIO.tbd
_kCGImagePropertyDICOMReferencedSOPInstanceMACSequence	System/Library/Frameworks/ImageIO.framework/ImageIO.tbd
_kCGImagePropertyDICOMReferencedSOPInstanceUID	System/Library/Frameworks/ImageIO.framework/ImageIO.tbd
_kCGImagePropertyDICOMReferencedSOPInstanceUIDInFile	System/Library/Frameworks/ImageIO.framework/ImageIO.tbd
_kCGImagePropertyDICOMReferencedSOPSequence	System/Library/Frameworks/ImageIO.framework/ImageIO.tbd
_kCGImagePropertyDICOMReferencedSamplePositions	System/Library/Frameworks/ImageIO.framework/ImageIO.tbd
_kCGImagePropertyDICOMReferencedSegmentNumber	System/Library/Frameworks/ImageIO.framework/ImageIO.tbd
_kCGImagePropertyDICOMReferencedSegmentReferenceIndex	System/Library/Frameworks/ImageIO.framework/ImageIO.tbd
_kCGImagePropertyDICOMReferencedSeriesSequence	System/Library/Frameworks/ImageIO.framework/ImageIO.tbd
_kCGImagePropertyDICOMReferencedSetupImageSequence	System/Library/Frameworks/ImageIO.framework/ImageIO.tbd
_kCGImagePropertyDICOMReferencedSourceApplicatorNumber	System/Library/Frameworks/ImageIO.framework/ImageIO.tbd
_kCGImagePropertyDICOMReferencedSourceNumber	System/Library/Frameworks/ImageIO.framework/ImageIO.tbd
_kCGImagePropertyDICOMReferencedSpatialRegistrationSequence	System/Library/Frameworks/ImageIO.framework/ImageIO.tbd
_kCGImagePropertyDICOMReferencedStartControlPointIndex	System/Library/Frameworks/ImageIO.framework/ImageIO.tbd
_kCGImagePropertyDICOMReferencedStereometricInstanceSequence	System/Library/Frameworks/ImageIO.framework/ImageIO.tbd
_kCGImagePropertyDICOMReferencedStopControlPointIndex	System/Library/Frameworks/ImageIO.framework/ImageIO.tbd
_kCGImagePropertyDICOMReferencedStorageMediaSequence	System/Library/Frameworks/ImageIO.framework/ImageIO.tbd
_kCGImagePropertyDICOMReferencedStoredPrintSequence	System/Library/Frameworks/ImageIO.framework/ImageIO.tbd
_kCGImagePropertyDICOMReferencedStructureSetSequence	System/Library/Frameworks/ImageIO.framework/ImageIO.tbd
_kCGImagePropertyDICOMReferencedStructuredContextSequence	System/Library/Frameworks/ImageIO.framework/ImageIO.tbd
_kCGImagePropertyDICOMReferencedStudySequence	System/Library/Frameworks/ImageIO.framework/ImageIO.tbd
_kCGImagePropertyDICOMReferencedSurfaceDataSequence	System/Library/Frameworks/ImageIO.framework/ImageIO.tbd
_kCGImagePropertyDICOMReferencedSurfaceMeshIdentificationSequence	System/Library/Frameworks/ImageIO.framework/ImageIO.tbd
_kCGImagePropertyDICOMReferencedSurfaceNumber	System/Library/Frameworks/ImageIO.framework/ImageIO.tbd
_kCGImagePropertyDICOMReferencedSurfaceSequence	System/Library/Frameworks/ImageIO.framework/ImageIO.tbd
_kCGImagePropertyDICOMReferencedTDRInstanceSequence	System/Library/Frameworks/ImageIO.framework/ImageIO.tbd
_kCGImagePropertyDICOMReferencedTargetLuminanceCharacteristicsID	System/Library/Frameworks/ImageIO.framework/ImageIO.tbd
_kCGImagePropertyDICOMReferencedTextureSequence	System/Library/Frameworks/ImageIO.framework/ImageIO.tbd
_kCGImagePropertyDICOMReferencedTimeOffsets	System/Library/Frameworks/ImageIO.framework/ImageIO.tbd
_kCGImagePropertyDICOMReferencedToleranceTableNumber	System/Library/Frameworks/ImageIO.framework/ImageIO.tbd
_kCGImagePropertyDICOMReferencedTransferSyntaxUIDInFile	System/Library/Frameworks/ImageIO.framework/ImageIO.tbd
_kCGImagePropertyDICOMReferencedTreatmentPositionGroupUID	System/Library/Frameworks/ImageIO.framework/ImageIO.tbd
_kCGImagePropertyDICOMReferencedTreatmentPositionIndex	System/Library/Frameworks/ImageIO.framework/ImageIO.tbd
_kCGImagePropertyDICOMReferencedTreatmentRecordSequence	System/Library/Frameworks/ImageIO.framework/ImageIO.tbd
_kCGImagePropertyDICOMReferencedVOILUTBoxSequence	System/Library/Frameworks/ImageIO.framework/ImageIO.tbd
_kCGImagePropertyDICOMReferencedVerificationImageSequence	System/Library/Frameworks/ImageIO.framework/ImageIO.tbd
_kCGImagePropertyDICOMReferencedVisitSequence	System/Library/Frameworks/ImageIO.framework/ImageIO.tbd
_kCGImagePropertyDICOMReferencedWaveformChannels	System/Library/Frameworks/ImageIO.framework/ImageIO.tbd
_kCGImagePropertyDICOMReferencedWaveformSequence	System/Library/Frameworks/ImageIO.framework/ImageIO.tbd
_kCGImagePropertyDICOMReferencedWedgeNumber	System/Library/Frameworks/ImageIO.framework/ImageIO.tbd
_kCGImagePropertyDICOMReferencedXRayDetectorIndex	System/Library/Frameworks/ImageIO.framework/ImageIO.tbd
_kCGImagePropertyDICOMReferencedXRaySourceIndex	System/Library/Frameworks/ImageIO.framework/ImageIO.tbd
_kCGImagePropertyDICOMReferringPhysicianAddress	System/Library/Frameworks/ImageIO.framework/ImageIO.tbd
_kCGImagePropertyDICOMReferringPhysicianIdentificationSequence	System/Library/Frameworks/ImageIO.framework/ImageIO.tbd
_kCGImagePropertyDICOMReferringPhysicianName	System/Library/Frameworks/ImageIO.framework/ImageIO.tbd
_kCGImagePropertyDICOMReferringPhysicianTelephoneNumbers	System/Library/Frameworks/ImageIO.framework/ImageIO.tbd
_kCGImagePropertyDICOMReflectedAmbientLight	System/Library/Frameworks/ImageIO.framework/ImageIO.tbd
_kCGImagePropertyDICOMReformattingInterval	System/Library/Frameworks/ImageIO.framework/ImageIO.tbd
_kCGImagePropertyDICOMReformattingOperationInitialViewDirection	System/Library/Frameworks/ImageIO.framework/ImageIO.tbd
_kCGImagePropertyDICOMReformattingOperationType	System/Library/Frameworks/ImageIO.framework/ImageIO.tbd
_kCGImagePropertyDICOMReformattingThickness	System/Library/Frameworks/ImageIO.framework/ImageIO.tbd
_kCGImagePropertyDICOMRefractiveErrorBeforeRefractiveSurgeryCodeSequence	System/Library/Frameworks/ImageIO.framework/ImageIO.tbd
_kCGImagePropertyDICOMRefractiveIndexApplied	System/Library/Frameworks/ImageIO.framework/ImageIO.tbd
_kCGImagePropertyDICOMRefractiveIndexOfAqueousHumor	System/Library/Frameworks/ImageIO.framework/ImageIO.tbd
_kCGImagePropertyDICOMRefractiveIndexOfCornea	System/Library/Frameworks/ImageIO.framework/ImageIO.tbd
_kCGImagePropertyDICOMRefractiveParametersUsedOnPatientSequence	System/Library/Frameworks/ImageIO.framework/ImageIO.tbd
_kCGImagePropertyDICOMRefractivePower	System/Library/Frameworks/ImageIO.framework/ImageIO.tbd
_kCGImagePropertyDICOMRefractiveProcedureOccurred	System/Library/Frameworks/ImageIO.framework/ImageIO.tbd
_kCGImagePropertyDICOMRefractiveStateSequence	System/Library/Frameworks/ImageIO.framework/ImageIO.tbd
_kCGImagePropertyDICOMRefractiveSurgeryTypeCodeSequence	System/Library/Frameworks/ImageIO.framework/ImageIO.tbd
_kCGImagePropertyDICOMRegionDataType	System/Library/Frameworks/ImageIO.framework/ImageIO.tbd
_kCGImagePropertyDICOMRegionFlags	System/Library/Frameworks/ImageIO.framework/ImageIO.tbd
_kCGImagePropertyDICOMRegionLocationMaxX1	System/Library/Frameworks/ImageIO.framework/ImageIO.tbd
_kCGImagePropertyDICOMRegionLocationMaxY1	System/Library/Frameworks/ImageIO.framework/ImageIO.tbd
_kCGImagePropertyDICOMRegionLocationMinX0	System/Library/Frameworks/ImageIO.framework/ImageIO.tbd
_kCGImagePropertyDICOMRegionLocationMinY0	System/Library/Frameworks/ImageIO.framework/ImageIO.tbd
_kCGImagePropertyDICOMRegionOfResidence	System/Library/Frameworks/ImageIO.framework/ImageIO.tbd
_kCGImagePropertyDICOMRegionPixelShiftSequence	System/Library/Frameworks/ImageIO.framework/ImageIO.tbd
_kCGImagePropertyDICOMRegionSpatialFormat	System/Library/Frameworks/ImageIO.framework/ImageIO.tbd
_kCGImagePropertyDICOMRegisteredLocalizerBottomRightHandCorner	System/Library/Frameworks/ImageIO.framework/ImageIO.tbd
_kCGImagePropertyDICOMRegisteredLocalizerTopLeftHandCorner	System/Library/Frameworks/ImageIO.framework/ImageIO.tbd
_kCGImagePropertyDICOMRegisteredLocalizerUnits	System/Library/Frameworks/ImageIO.framework/ImageIO.tbd
_kCGImagePropertyDICOMRegistrationMethodCodeSequence	System/Library/Frameworks/ImageIO.framework/ImageIO.tbd
_kCGImagePropertyDICOMRegistrationSequence	System/Library/Frameworks/ImageIO.framework/ImageIO.tbd
_kCGImagePropertyDICOMRegistrationToLocalizerSequence	System/Library/Frameworks/ImageIO.framework/ImageIO.tbd
_kCGImagePropertyDICOMRegistrationTypeCodeSequence	System/Library/Frameworks/ImageIO.framework/ImageIO.tbd
_kCGImagePropertyDICOMRelatedAssertionSequence	System/Library/Frameworks/ImageIO.framework/ImageIO.tbd
_kCGImagePropertyDICOMRelatedFrameOfReferenceUID	System/Library/Frameworks/ImageIO.framework/ImageIO.tbd
_kCGImagePropertyDICOMRelatedGeneralSOPClassUID	System/Library/Frameworks/ImageIO.framework/ImageIO.tbd
_kCGImagePropertyDICOMRelatedProcedureStepSequence	System/Library/Frameworks/ImageIO.framework/ImageIO.tbd
_kCGImagePropertyDICOMRelatedRTROIObservationsSequence	System/Library/Frameworks/ImageIO.framework/ImageIO.tbd
_kCGImagePropertyDICOMRelatedRTTreatmentPhaseIndex	System/Library/Frameworks/ImageIO.framework/ImageIO.tbd
_kCGImagePropertyDICOMRelatedReferenceRTImageSequence	System/Library/Frameworks/ImageIO.framework/ImageIO.tbd
_kCGImagePropertyDICOMRelatedSegmentCharacteristicsSequence	System/Library/Frameworks/ImageIO.framework/ImageIO.tbd
_kCGImagePropertyDICOMRelatedSeriesSequence	System/Library/Frameworks/ImageIO.framework/ImageIO.tbd
_kCGImagePropertyDICOMRelationshipSequenceTrial	System/Library/Frameworks/ImageIO.framework/ImageIO.tbd
_kCGImagePropertyDICOMRelationshipType	System/Library/Frameworks/ImageIO.framework/ImageIO.tbd
_kCGImagePropertyDICOMRelationshipTypeCodeSequenceTrial	System/Library/Frameworks/ImageIO.framework/ImageIO.tbd
_kCGImagePropertyDICOMRelativeElevation	System/Library/Frameworks/ImageIO.framework/ImageIO.tbd
_kCGImagePropertyDICOMRelativeImagePositionCodeSequence	System/Library/Frameworks/ImageIO.framework/ImageIO.tbd
_kCGImagePropertyDICOMRelativeOpacity	System/Library/Frameworks/ImageIO.framework/ImageIO.tbd
_kCGImagePropertyDICOMRelativeTime	System/Library/Frameworks/ImageIO.framework/ImageIO.tbd
_kCGImagePropertyDICOMRelativeTimeUnits	System/Library/Frameworks/ImageIO.framework/ImageIO.tbd
_kCGImagePropertyDICOMRelativeURIReferenceWithinEncapsulatedDocument	System/Library/Frameworks/ImageIO.framework/ImageIO.tbd
_kCGImagePropertyDICOMRelativeXRayExposure	System/Library/Frameworks/ImageIO.framework/ImageIO.tbd
_kCGImagePropertyDICOMRelevantInformationSequence	System/Library/Frameworks/ImageIO.framework/ImageIO.tbd
_kCGImagePropertyDICOMRelevantOPTAttributesSequence	System/Library/Frameworks/ImageIO.framework/ImageIO.tbd
_kCGImagePropertyDICOMRemovedFromOperationalUse	System/Library/Frameworks/ImageIO.framework/ImageIO.tbd
_kCGImagePropertyDICOMRenderFieldOfView	System/Library/Frameworks/ImageIO.framework/ImageIO.tbd
_kCGImagePropertyDICOMRenderProjection	System/Library/Frameworks/ImageIO.framework/ImageIO.tbd
_kCGImagePropertyDICOMRenderedImageReferenceSequence	System/Library/Frameworks/ImageIO.framework/ImageIO.tbd
_kCGImagePropertyDICOMRenderingMethod	System/Library/Frameworks/ImageIO.framework/ImageIO.tbd
_kCGImagePropertyDICOMRepairID	System/Library/Frameworks/ImageIO.framework/ImageIO.tbd
_kCGImagePropertyDICOMRepeatFractionCycleLength	System/Library/Frameworks/ImageIO.framework/ImageIO.tbd
_kCGImagePropertyDICOMRepeatInterval	System/Library/Frameworks/ImageIO.framework/ImageIO.tbd
_kCGImagePropertyDICOMRepetitionTime	System/Library/Frameworks/ImageIO.framework/ImageIO.tbd
_kCGImagePropertyDICOMReplacedImplantAssemblyTemplateSequence	System/Library/Frameworks/ImageIO.framework/ImageIO.tbd
_kCGImagePropertyDICOMReplacedImplantTemplateGroupSequence	System/Library/Frameworks/ImageIO.framework/ImageIO.tbd
_kCGImagePropertyDICOMReplacedImplantTemplateSequence	System/Library/Frameworks/ImageIO.framework/ImageIO.tbd
_kCGImagePropertyDICOMReplacedProcedureStepSequence	System/Library/Frameworks/ImageIO.framework/ImageIO.tbd
_kCGImagePropertyDICOMReportDetailSequenceTrial	System/Library/Frameworks/ImageIO.framework/ImageIO.tbd
_kCGImagePropertyDICOMReportNumber	System/Library/Frameworks/ImageIO.framework/ImageIO.tbd
_kCGImagePropertyDICOMReportProductionStatusTrial	System/Library/Frameworks/ImageIO.framework/ImageIO.tbd
_kCGImagePropertyDICOMReportStatusCommentTrial	System/Library/Frameworks/ImageIO.framework/ImageIO.tbd
_kCGImagePropertyDICOMReportStatusIDTrial	System/Library/Frameworks/ImageIO.framework/ImageIO.tbd
_kCGImagePropertyDICOMReportedValuesOrigin	System/Library/Frameworks/ImageIO.framework/ImageIO.tbd
_kCGImagePropertyDICOMReportingPriority	System/Library/Frameworks/ImageIO.framework/ImageIO.tbd
_kCGImagePropertyDICOMRepositoryUniqueID	System/Library/Frameworks/ImageIO.framework/ImageIO.tbd
_kCGImagePropertyDICOMRepresentativeFrameNumber	System/Library/Frameworks/ImageIO.framework/ImageIO.tbd
_kCGImagePropertyDICOMReprojectionMethod	System/Library/Frameworks/ImageIO.framework/ImageIO.tbd
_kCGImagePropertyDICOMRequestAttributesSequence	System/Library/Frameworks/ImageIO.framework/ImageIO.tbd
_kCGImagePropertyDICOMRequestPriority	System/Library/Frameworks/ImageIO.framework/ImageIO.tbd
_kCGImagePropertyDICOMRequestedContrastAgent	System/Library/Frameworks/ImageIO.framework/ImageIO.tbd
_kCGImagePropertyDICOMRequestedDecimateCropBehavior	System/Library/Frameworks/ImageIO.framework/ImageIO.tbd
_kCGImagePropertyDICOMRequestedImageSize	System/Library/Frameworks/ImageIO.framework/ImageIO.tbd
_kCGImagePropertyDICOMRequestedImageSizeFlag	System/Library/Frameworks/ImageIO.framework/ImageIO.tbd
_kCGImagePropertyDICOMRequestedLateralityCodeSequence	System/Library/Frameworks/ImageIO.framework/ImageIO.tbd
_kCGImagePropertyDICOMRequestedMediaApplicationProfile	System/Library/Frameworks/ImageIO.framework/ImageIO.tbd
_kCGImagePropertyDICOMRequestedProcedureCodeSequence	System/Library/Frameworks/ImageIO.framework/ImageIO.tbd
_kCGImagePropertyDICOMRequestedProcedureComments	System/Library/Frameworks/ImageIO.framework/ImageIO.tbd
_kCGImagePropertyDICOMRequestedProcedureDescription	System/Library/Frameworks/ImageIO.framework/ImageIO.tbd
_kCGImagePropertyDICOMRequestedProcedureDescriptionTrial	System/Library/Frameworks/ImageIO.framework/ImageIO.tbd
_kCGImagePropertyDICOMRequestedProcedureID	System/Library/Frameworks/ImageIO.framework/ImageIO.tbd
_kCGImagePropertyDICOMRequestedProcedureLocation	System/Library/Frameworks/ImageIO.framework/ImageIO.tbd
_kCGImagePropertyDICOMRequestedProcedurePriority	System/Library/Frameworks/ImageIO.framework/ImageIO.tbd
_kCGImagePropertyDICOMRequestedResolutionID	System/Library/Frameworks/ImageIO.framework/ImageIO.tbd
_kCGImagePropertyDICOMRequestedSOPClassUID	System/Library/Frameworks/ImageIO.framework/ImageIO.tbd
_kCGImagePropertyDICOMRequestedSOPInstanceUID	System/Library/Frameworks/ImageIO.framework/ImageIO.tbd
_kCGImagePropertyDICOMRequestedSeriesDescription	System/Library/Frameworks/ImageIO.framework/ImageIO.tbd
_kCGImagePropertyDICOMRequestedSeriesDescriptionCodeSequence	System/Library/Frameworks/ImageIO.framework/ImageIO.tbd
_kCGImagePropertyDICOMRequestedStatusInterval	System/Library/Frameworks/ImageIO.framework/ImageIO.tbd
_kCGImagePropertyDICOMRequestedSubsequentWorkitemCodeSequence	System/Library/Frameworks/ImageIO.framework/ImageIO.tbd
_kCGImagePropertyDICOMRequestingAE	System/Library/Frameworks/ImageIO.framework/ImageIO.tbd
_kCGImagePropertyDICOMRequestingPhysician	System/Library/Frameworks/ImageIO.framework/ImageIO.tbd
_kCGImagePropertyDICOMRequestingPhysicianIdentificationSequence	System/Library/Frameworks/ImageIO.framework/ImageIO.tbd
_kCGImagePropertyDICOMRequestingService	System/Library/Frameworks/ImageIO.framework/ImageIO.tbd
_kCGImagePropertyDICOMRequestingServiceCodeSequence	System/Library/Frameworks/ImageIO.framework/ImageIO.tbd
_kCGImagePropertyDICOMRescaleIntercept	System/Library/Frameworks/ImageIO.framework/ImageIO.tbd
_kCGImagePropertyDICOMRescaleSlope	System/Library/Frameworks/ImageIO.framework/ImageIO.tbd
_kCGImagePropertyDICOMRescaleType	System/Library/Frameworks/ImageIO.framework/ImageIO.tbd
_kCGImagePropertyDICOMResidualSyringeCounts	System/Library/Frameworks/ImageIO.framework/ImageIO.tbd
_kCGImagePropertyDICOMResonantNucleus	System/Library/Frameworks/ImageIO.framework/ImageIO.tbd
_kCGImagePropertyDICOMResourceDescription	System/Library/Frameworks/ImageIO.framework/ImageIO.tbd
_kCGImagePropertyDICOMRespiratoryCyclePosition	System/Library/Frameworks/ImageIO.framework/ImageIO.tbd
_kCGImagePropertyDICOMRespiratoryIntervalTime	System/Library/Frameworks/ImageIO.framework/ImageIO.tbd
_kCGImagePropertyDICOMRespiratoryMotionCompensationTechnique	System/Library/Frameworks/ImageIO.framework/ImageIO.tbd
_kCGImagePropertyDICOMRespiratoryMotionCompensationTechniqueDescription	System/Library/Frameworks/ImageIO.framework/ImageIO.tbd
_kCGImagePropertyDICOMRespiratorySignalSource	System/Library/Frameworks/ImageIO.framework/ImageIO.tbd
_kCGImagePropertyDICOMRespiratorySignalSourceID	System/Library/Frameworks/ImageIO.framework/ImageIO.tbd
_kCGImagePropertyDICOMRespiratorySynchronizationSequence	System/Library/Frameworks/ImageIO.framework/ImageIO.tbd
_kCGImagePropertyDICOMRespiratoryTriggerDelayThreshold	System/Library/Frameworks/ImageIO.framework/ImageIO.tbd
_kCGImagePropertyDICOMRespiratoryTriggerType	System/Library/Frameworks/ImageIO.framework/ImageIO.tbd
_kCGImagePropertyDICOMResponsibleGroupCodeSequence	System/Library/Frameworks/ImageIO.framework/ImageIO.tbd
_kCGImagePropertyDICOMResponsibleOrganization	System/Library/Frameworks/ImageIO.framework/ImageIO.tbd
_kCGImagePropertyDICOMResponsiblePerson	System/Library/Frameworks/ImageIO.framework/ImageIO.tbd
_kCGImagePropertyDICOMResponsiblePersonRole	System/Library/Frameworks/ImageIO.framework/ImageIO.tbd
_kCGImagePropertyDICOMResultingGeneralPurposePerformedProcedureStepsSequence	System/Library/Frameworks/ImageIO.framework/ImageIO.tbd
_kCGImagePropertyDICOMResultsComments	System/Library/Frameworks/ImageIO.framework/ImageIO.tbd
_kCGImagePropertyDICOMResultsDistributionListSequence	System/Library/Frameworks/ImageIO.framework/ImageIO.tbd
_kCGImagePropertyDICOMResultsID	System/Library/Frameworks/ImageIO.framework/ImageIO.tbd
_kCGImagePropertyDICOMResultsIDIssuer	System/Library/Frameworks/ImageIO.framework/ImageIO.tbd
_kCGImagePropertyDICOMResultsNormalsSequence	System/Library/Frameworks/ImageIO.framework/ImageIO.tbd
_kCGImagePropertyDICOMRetainInstances	System/Library/Frameworks/ImageIO.framework/ImageIO.tbd
_kCGImagePropertyDICOMRetestSensitivityValue	System/Library/Frameworks/ImageIO.framework/ImageIO.tbd
_kCGImagePropertyDICOMRetestStimulusSeen	System/Library/Frameworks/ImageIO.framework/ImageIO.tbd
_kCGImagePropertyDICOMRetinalThicknessDefinitionCodeSequence	System/Library/Frameworks/ImageIO.framework/ImageIO.tbd
_kCGImagePropertyDICOMRetrieveAETitle	System/Library/Frameworks/ImageIO.framework/ImageIO.tbd
_kCGImagePropertyDICOMRetrieveLocationUID	System/Library/Frameworks/ImageIO.framework/ImageIO.tbd
_kCGImagePropertyDICOMRetrieveURI	System/Library/Frameworks/ImageIO.framework/ImageIO.tbd
_kCGImagePropertyDICOMRetrieveURL	System/Library/Frameworks/ImageIO.framework/ImageIO.tbd
_kCGImagePropertyDICOMReviewDate	System/Library/Frameworks/ImageIO.framework/ImageIO.tbd
_kCGImagePropertyDICOMReviewTime	System/Library/Frameworks/ImageIO.framework/ImageIO.tbd
_kCGImagePropertyDICOMReviewerName	System/Library/Frameworks/ImageIO.framework/ImageIO.tbd
_kCGImagePropertyDICOMRevolutionTime	System/Library/Frameworks/ImageIO.framework/ImageIO.tbd
_kCGImagePropertyDICOMRightImageSequence	System/Library/Frameworks/ImageIO.framework/ImageIO.tbd
_kCGImagePropertyDICOMRightLensSequence	System/Library/Frameworks/ImageIO.framework/ImageIO.tbd
_kCGImagePropertyDICOMRoboticBaseLocationIndicator	System/Library/Frameworks/ImageIO.framework/ImageIO.tbd
_kCGImagePropertyDICOMRoboticNodeIdentifier	System/Library/Frameworks/ImageIO.framework/ImageIO.tbd
_kCGImagePropertyDICOMRoboticPathControlPointSequence	System/Library/Frameworks/ImageIO.framework/ImageIO.tbd
_kCGImagePropertyDICOMRoboticPathNodeSetCodeSequence	System/Library/Frameworks/ImageIO.framework/ImageIO.tbd
_kCGImagePropertyDICOMRotationAngle	System/Library/Frameworks/ImageIO.framework/ImageIO.tbd
_kCGImagePropertyDICOMRotationDirection	System/Library/Frameworks/ImageIO.framework/ImageIO.tbd
_kCGImagePropertyDICOMRotationInformationSequence	System/Library/Frameworks/ImageIO.framework/ImageIO.tbd
_kCGImagePropertyDICOMRotationOfScannedFilm	System/Library/Frameworks/ImageIO.framework/ImageIO.tbd
_kCGImagePropertyDICOMRotationOffset	System/Library/Frameworks/ImageIO.framework/ImageIO.tbd
_kCGImagePropertyDICOMRotationPoint	System/Library/Frameworks/ImageIO.framework/ImageIO.tbd
_kCGImagePropertyDICOMRotationVector	System/Library/Frameworks/ImageIO.framework/ImageIO.tbd
_kCGImagePropertyDICOMRouteID	System/Library/Frameworks/ImageIO.framework/ImageIO.tbd
_kCGImagePropertyDICOMRouteIDAssigningAuthority	System/Library/Frameworks/ImageIO.framework/ImageIO.tbd
_kCGImagePropertyDICOMRouteOfAdmissions	System/Library/Frameworks/ImageIO.framework/ImageIO.tbd
_kCGImagePropertyDICOMRouteSegmentEndLocationID	System/Library/Frameworks/ImageIO.framework/ImageIO.tbd
_kCGImagePropertyDICOMRouteSegmentEndTime	System/Library/Frameworks/ImageIO.framework/ImageIO.tbd
_kCGImagePropertyDICOMRouteSegmentID	System/Library/Frameworks/ImageIO.framework/ImageIO.tbd
_kCGImagePropertyDICOMRouteSegmentLocationIDType	System/Library/Frameworks/ImageIO.framework/ImageIO.tbd
_kCGImagePropertyDICOMRouteSegmentSequence	System/Library/Frameworks/ImageIO.framework/ImageIO.tbd
_kCGImagePropertyDICOMRouteSegmentStartLocationID	System/Library/Frameworks/ImageIO.framework/ImageIO.tbd
_kCGImagePropertyDICOMRouteSegmentStartTime	System/Library/Frameworks/ImageIO.framework/ImageIO.tbd
_kCGImagePropertyDICOMRowOverlap	System/Library/Frameworks/ImageIO.framework/ImageIO.tbd
_kCGImagePropertyDICOMRowPositionInTotalImagePixelMatrix	System/Library/Frameworks/ImageIO.framework/ImageIO.tbd
_kCGImagePropertyDICOMRows	System/Library/Frameworks/ImageIO.framework/ImageIO.tbd
_kCGImagePropertyDICOMRowsForNthOrderCoefficients	System/Library/Frameworks/ImageIO.framework/ImageIO.tbd
_kCGImagePropertyDICOMRunLengthTriplet	System/Library/Frameworks/ImageIO.framework/ImageIO.tbd
_kCGImagePropertyDICOMSAR	System/Library/Frameworks/ImageIO.framework/ImageIO.tbd
_kCGImagePropertyDICOMSCPStatus	System/Library/Frameworks/ImageIO.framework/ImageIO.tbd
_kCGImagePropertyDICOMSNRThreshold	System/Library/Frameworks/ImageIO.framework/ImageIO.tbd
_kCGImagePropertyDICOMSOPAuthorizationComment	System/Library/Frameworks/ImageIO.framework/ImageIO.tbd
_kCGImagePropertyDICOMSOPAuthorizationDateTime	System/Library/Frameworks/ImageIO.framework/ImageIO.tbd
_kCGImagePropertyDICOMSOPClassUID	System/Library/Frameworks/ImageIO.framework/ImageIO.tbd
_kCGImagePropertyDICOMSOPClassesInStudy	System/Library/Frameworks/ImageIO.framework/ImageIO.tbd
_kCGImagePropertyDICOMSOPClassesSupported	System/Library/Frameworks/ImageIO.framework/ImageIO.tbd
_kCGImagePropertyDICOMSOPInstanceStatus	System/Library/Frameworks/ImageIO.framework/ImageIO.tbd
_kCGImagePropertyDICOMSOPInstanceUID	System/Library/Frameworks/ImageIO.framework/ImageIO.tbd
_kCGImagePropertyDICOMSOPInstanceUIDOfConcatenationSource	System/Library/Frameworks/ImageIO.framework/ImageIO.tbd
_kCGImagePropertyDICOMSTOWRSStorageSequence	System/Library/Frameworks/ImageIO.framework/ImageIO.tbd
_kCGImagePropertyDICOMSUVType	System/Library/Frameworks/ImageIO.framework/ImageIO.tbd
_kCGImagePropertyDICOMSafePositionExitDate	System/Library/Frameworks/ImageIO.framework/ImageIO.tbd
_kCGImagePropertyDICOMSafePositionExitTime	System/Library/Frameworks/ImageIO.framework/ImageIO.tbd
_kCGImagePropertyDICOMSafePositionReturnDate	System/Library/Frameworks/ImageIO.framework/ImageIO.tbd
_kCGImagePropertyDICOMSafePositionReturnTime	System/Library/Frameworks/ImageIO.framework/ImageIO.tbd
_kCGImagePropertyDICOMSampleRate	System/Library/Frameworks/ImageIO.framework/ImageIO.tbd
_kCGImagePropertyDICOMSamplesPerPixel	System/Library/Frameworks/ImageIO.framework/ImageIO.tbd
_kCGImagePropertyDICOMSamplesPerPixelUsed	System/Library/Frameworks/ImageIO.framework/ImageIO.tbd
_kCGImagePropertyDICOMSamplingFrequency	System/Library/Frameworks/ImageIO.framework/ImageIO.tbd
_kCGImagePropertyDICOMSamplingStepSize	System/Library/Frameworks/ImageIO.framework/ImageIO.tbd
_kCGImagePropertyDICOMSaturation	System/Library/Frameworks/ImageIO.framework/ImageIO.tbd
_kCGImagePropertyDICOMSaturationRecovery	System/Library/Frameworks/ImageIO.framework/ImageIO.tbd
_kCGImagePropertyDICOMScanArc	System/Library/Frameworks/ImageIO.framework/ImageIO.tbd
_kCGImagePropertyDICOMScanArcType	System/Library/Frameworks/ImageIO.framework/ImageIO.tbd
_kCGImagePropertyDICOMScanLength	System/Library/Frameworks/ImageIO.framework/ImageIO.tbd
_kCGImagePropertyDICOMScanMode	System/Library/Frameworks/ImageIO.framework/ImageIO.tbd
_kCGImagePropertyDICOMScanOptions	System/Library/Frameworks/ImageIO.framework/ImageIO.tbd
_kCGImagePropertyDICOMScanPatternTypeCodeSequence	System/Library/Frameworks/ImageIO.framework/ImageIO.tbd
_kCGImagePropertyDICOMScanProcedure	System/Library/Frameworks/ImageIO.framework/ImageIO.tbd
_kCGImagePropertyDICOMScanProgressionDirection	System/Library/Frameworks/ImageIO.framework/ImageIO.tbd
_kCGImagePropertyDICOMScanSpotMetersetWeights	System/Library/Frameworks/ImageIO.framework/ImageIO.tbd
_kCGImagePropertyDICOMScanSpotMetersetsDelivered	System/Library/Frameworks/ImageIO.framework/ImageIO.tbd
_kCGImagePropertyDICOMScanSpotPositionMap	System/Library/Frameworks/ImageIO.framework/ImageIO.tbd
_kCGImagePropertyDICOMScanSpotPrescribedIndices	System/Library/Frameworks/ImageIO.framework/ImageIO.tbd
_kCGImagePropertyDICOMScanSpotReordered	System/Library/Frameworks/ImageIO.framework/ImageIO.tbd
_kCGImagePropertyDICOMScanSpotReorderingAllowed	System/Library/Frameworks/ImageIO.framework/ImageIO.tbd
_kCGImagePropertyDICOMScanSpotSizesDelivered	System/Library/Frameworks/ImageIO.framework/ImageIO.tbd
_kCGImagePropertyDICOMScanSpotTimeOffset	System/Library/Frameworks/ImageIO.framework/ImageIO.tbd
_kCGImagePropertyDICOMScanSpotTuneID	System/Library/Frameworks/ImageIO.framework/ImageIO.tbd
_kCGImagePropertyDICOMScanStartPositionSequence	System/Library/Frameworks/ImageIO.framework/ImageIO.tbd
_kCGImagePropertyDICOMScanStopPositionSequence	System/Library/Frameworks/ImageIO.framework/ImageIO.tbd
_kCGImagePropertyDICOMScanType	System/Library/Frameworks/ImageIO.framework/ImageIO.tbd
_kCGImagePropertyDICOMScanVelocity	System/Library/Frameworks/ImageIO.framework/ImageIO.tbd
_kCGImagePropertyDICOMScannerSettingsSequence	System/Library/Frameworks/ImageIO.framework/ImageIO.tbd
_kCGImagePropertyDICOMScanningSequence	System/Library/Frameworks/ImageIO.framework/ImageIO.tbd
_kCGImagePropertyDICOMScanningSpotSize	System/Library/Frameworks/ImageIO.framework/ImageIO.tbd
_kCGImagePropertyDICOMScatterCorrected	System/Library/Frameworks/ImageIO.framework/ImageIO.tbd
_kCGImagePropertyDICOMScatterCorrectionMethod	System/Library/Frameworks/ImageIO.framework/ImageIO.tbd
_kCGImagePropertyDICOMScatterFractionFactor	System/Library/Frameworks/ImageIO.framework/ImageIO.tbd
_kCGImagePropertyDICOMSceneCaptureType	System/Library/Frameworks/ImageIO.framework/ImageIO.tbd
_kCGImagePropertyDICOMSceneType	System/Library/Frameworks/ImageIO.framework/ImageIO.tbd
_kCGImagePropertyDICOMScheduledAdmissionDate	System/Library/Frameworks/ImageIO.framework/ImageIO.tbd
_kCGImagePropertyDICOMScheduledAdmissionTime	System/Library/Frameworks/ImageIO.framework/ImageIO.tbd
_kCGImagePropertyDICOMScheduledDischargeDate	System/Library/Frameworks/ImageIO.framework/ImageIO.tbd
_kCGImagePropertyDICOMScheduledDischargeTime	System/Library/Frameworks/ImageIO.framework/ImageIO.tbd
_kCGImagePropertyDICOMScheduledHumanPerformersSequence	System/Library/Frameworks/ImageIO.framework/ImageIO.tbd
_kCGImagePropertyDICOMScheduledPatientInstitutionResidence	System/Library/Frameworks/ImageIO.framework/ImageIO.tbd
_kCGImagePropertyDICOMScheduledPerformingPhysicianIdentificationSequence	System/Library/Frameworks/ImageIO.framework/ImageIO.tbd
_kCGImagePropertyDICOMScheduledPerformingPhysicianName	System/Library/Frameworks/ImageIO.framework/ImageIO.tbd
_kCGImagePropertyDICOMScheduledProcedureStepDescription	System/Library/Frameworks/ImageIO.framework/ImageIO.tbd
_kCGImagePropertyDICOMScheduledProcedureStepEndDate	System/Library/Frameworks/ImageIO.framework/ImageIO.tbd
_kCGImagePropertyDICOMScheduledProcedureStepEndTime	System/Library/Frameworks/ImageIO.framework/ImageIO.tbd
_kCGImagePropertyDICOMScheduledProcedureStepExpirationDateTime	System/Library/Frameworks/ImageIO.framework/ImageIO.tbd
_kCGImagePropertyDICOMScheduledProcedureStepID	System/Library/Frameworks/ImageIO.framework/ImageIO.tbd
_kCGImagePropertyDICOMScheduledProcedureStepLocation	System/Library/Frameworks/ImageIO.framework/ImageIO.tbd
_kCGImagePropertyDICOMScheduledProcedureStepModificationDateTime	System/Library/Frameworks/ImageIO.framework/ImageIO.tbd
_kCGImagePropertyDICOMScheduledProcedureStepPriority	System/Library/Frameworks/ImageIO.framework/ImageIO.tbd
_kCGImagePropertyDICOMScheduledProcedureStepSequence	System/Library/Frameworks/ImageIO.framework/ImageIO.tbd
_kCGImagePropertyDICOMScheduledProcedureStepStartDate	System/Library/Frameworks/ImageIO.framework/ImageIO.tbd
_kCGImagePropertyDICOMScheduledProcedureStepStartDateTime	System/Library/Frameworks/ImageIO.framework/ImageIO.tbd
_kCGImagePropertyDICOMScheduledProcedureStepStartTime	System/Library/Frameworks/ImageIO.framework/ImageIO.tbd
_kCGImagePropertyDICOMScheduledProcedureStepStatus	System/Library/Frameworks/ImageIO.framework/ImageIO.tbd
_kCGImagePropertyDICOMScheduledProcessingApplicationsCodeSequence	System/Library/Frameworks/ImageIO.framework/ImageIO.tbd
_kCGImagePropertyDICOMScheduledProcessingParametersSequence	System/Library/Frameworks/ImageIO.framework/ImageIO.tbd
_kCGImagePropertyDICOMScheduledProtocolCodeSequence	System/Library/Frameworks/ImageIO.framework/ImageIO.tbd
_kCGImagePropertyDICOMScheduledSpecimenSequence	System/Library/Frameworks/ImageIO.framework/ImageIO.tbd
_kCGImagePropertyDICOMScheduledStationAETitle	System/Library/Frameworks/ImageIO.framework/ImageIO.tbd
_kCGImagePropertyDICOMScheduledStationClassCodeSequence	System/Library/Frameworks/ImageIO.framework/ImageIO.tbd
_kCGImagePropertyDICOMScheduledStationGeographicLocationCodeSequence	System/Library/Frameworks/ImageIO.framework/ImageIO.tbd
_kCGImagePropertyDICOMScheduledStationName	System/Library/Frameworks/ImageIO.framework/ImageIO.tbd
_kCGImagePropertyDICOMScheduledStationNameCodeSequence	System/Library/Frameworks/ImageIO.framework/ImageIO.tbd
_kCGImagePropertyDICOMScheduledStepAttributesSequence	System/Library/Frameworks/ImageIO.framework/ImageIO.tbd
_kCGImagePropertyDICOMScheduledStudyLocation	System/Library/Frameworks/ImageIO.framework/ImageIO.tbd
_kCGImagePropertyDICOMScheduledStudyLocationAETitle	System/Library/Frameworks/ImageIO.framework/ImageIO.tbd
_kCGImagePropertyDICOMScheduledStudyStartDate	System/Library/Frameworks/ImageIO.framework/ImageIO.tbd
_kCGImagePropertyDICOMScheduledStudyStartTime	System/Library/Frameworks/ImageIO.framework/ImageIO.tbd
_kCGImagePropertyDICOMScheduledStudyStopDate	System/Library/Frameworks/ImageIO.framework/ImageIO.tbd
_kCGImagePropertyDICOMScheduledStudyStopTime	System/Library/Frameworks/ImageIO.framework/ImageIO.tbd
_kCGImagePropertyDICOMScheduledWorkitemCodeSequence	System/Library/Frameworks/ImageIO.framework/ImageIO.tbd
_kCGImagePropertyDICOMScopeOfInventorySequence	System/Library/Frameworks/ImageIO.framework/ImageIO.tbd
_kCGImagePropertyDICOMScreenMinimumColorBitDepth	System/Library/Frameworks/ImageIO.framework/ImageIO.tbd
_kCGImagePropertyDICOMScreenMinimumGrayscaleBitDepth	System/Library/Frameworks/ImageIO.framework/ImageIO.tbd
_kCGImagePropertyDICOMScreeningBaselineMeasured	System/Library/Frameworks/ImageIO.framework/ImageIO.tbd
_kCGImagePropertyDICOMScreeningBaselineMeasuredSequence	System/Library/Frameworks/ImageIO.framework/ImageIO.tbd
_kCGImagePropertyDICOMScreeningBaselineType	System/Library/Frameworks/ImageIO.framework/ImageIO.tbd
_kCGImagePropertyDICOMScreeningBaselineValue	System/Library/Frameworks/ImageIO.framework/ImageIO.tbd
_kCGImagePropertyDICOMScreeningTestModeCodeSequence	System/Library/Frameworks/ImageIO.framework/ImageIO.tbd
_kCGImagePropertyDICOMSeamLineIndex	System/Library/Frameworks/ImageIO.framework/ImageIO.tbd
_kCGImagePropertyDICOMSeamLineLocation	System/Library/Frameworks/ImageIO.framework/ImageIO.tbd
_kCGImagePropertyDICOMSecondaryApprovalStatus	System/Library/Frameworks/ImageIO.framework/ImageIO.tbd
_kCGImagePropertyDICOMSecondaryCaptureDeviceID	System/Library/Frameworks/ImageIO.framework/ImageIO.tbd
_kCGImagePropertyDICOMSecondaryCaptureDeviceManufacturer	System/Library/Frameworks/ImageIO.framework/ImageIO.tbd
_kCGImagePropertyDICOMSecondaryCaptureDeviceManufacturerModelName	System/Library/Frameworks/ImageIO.framework/ImageIO.tbd
_kCGImagePropertyDICOMSecondaryCaptureDeviceSoftwareVersions	System/Library/Frameworks/ImageIO.framework/ImageIO.tbd
_kCGImagePropertyDICOMSecondaryCountsAccumulated	System/Library/Frameworks/ImageIO.framework/ImageIO.tbd
_kCGImagePropertyDICOMSecondaryCountsType	System/Library/Frameworks/ImageIO.framework/ImageIO.tbd
_kCGImagePropertyDICOMSecondaryInspectionMethodSequence	System/Library/Frameworks/ImageIO.framework/ImageIO.tbd
_kCGImagePropertyDICOMSecondaryPositionerIncrement	System/Library/Frameworks/ImageIO.framework/ImageIO.tbd
_kCGImagePropertyDICOMSecondaryPositionerIncrementSign	System/Library/Frameworks/ImageIO.framework/ImageIO.tbd
_kCGImagePropertyDICOMSecondaryPositionerScanArc	System/Library/Frameworks/ImageIO.framework/ImageIO.tbd
_kCGImagePropertyDICOMSecondaryPositionerScanStartAngle	System/Library/Frameworks/ImageIO.framework/ImageIO.tbd
_kCGImagePropertyDICOMSecondaryReviewDate	System/Library/Frameworks/ImageIO.framework/ImageIO.tbd
_kCGImagePropertyDICOMSecondaryReviewTime	System/Library/Frameworks/ImageIO.framework/ImageIO.tbd
_kCGImagePropertyDICOMSecondaryReviewerName	System/Library/Frameworks/ImageIO.framework/ImageIO.tbd
_kCGImagePropertyDICOMSegmentAlgorithmName	System/Library/Frameworks/ImageIO.framework/ImageIO.tbd
_kCGImagePropertyDICOMSegmentAlgorithmType	System/Library/Frameworks/ImageIO.framework/ImageIO.tbd
_kCGImagePropertyDICOMSegmentAnnotationCategoryCodeSequence	System/Library/Frameworks/ImageIO.framework/ImageIO.tbd
_kCGImagePropertyDICOMSegmentAnnotationTypeCodeSequence	System/Library/Frameworks/ImageIO.framework/ImageIO.tbd
_kCGImagePropertyDICOMSegmentAnnotationTypeModifierCodeSequence	System/Library/Frameworks/ImageIO.framework/ImageIO.tbd
_kCGImagePropertyDICOMSegmentCharacteristicsPrecedence	System/Library/Frameworks/ImageIO.framework/ImageIO.tbd
_kCGImagePropertyDICOMSegmentCharacteristicsSequence	System/Library/Frameworks/ImageIO.framework/ImageIO.tbd
_kCGImagePropertyDICOMSegmentDescription	System/Library/Frameworks/ImageIO.framework/ImageIO.tbd
_kCGImagePropertyDICOMSegmentIdentificationSequence	System/Library/Frameworks/ImageIO.framework/ImageIO.tbd
_kCGImagePropertyDICOMSegmentLabel	System/Library/Frameworks/ImageIO.framework/ImageIO.tbd
_kCGImagePropertyDICOMSegmentNumber	System/Library/Frameworks/ImageIO.framework/ImageIO.tbd
_kCGImagePropertyDICOMSegmentReferenceIndex	System/Library/Frameworks/ImageIO.framework/ImageIO.tbd
_kCGImagePropertyDICOMSegmentReferenceSequence	System/Library/Frameworks/ImageIO.framework/ImageIO.tbd
_kCGImagePropertyDICOMSegmentSequence	System/Library/Frameworks/ImageIO.framework/ImageIO.tbd
_kCGImagePropertyDICOMSegmentSurfaceGenerationAlgorithmIdentificationSequence	System/Library/Frameworks/ImageIO.framework/ImageIO.tbd
_kCGImagePropertyDICOMSegmentSurfaceSourceInstanceSequence	System/Library/Frameworks/ImageIO.framework/ImageIO.tbd
_kCGImagePropertyDICOMSegmentationAlgorithmIdentificationSequence	System/Library/Frameworks/ImageIO.framework/ImageIO.tbd
_kCGImagePropertyDICOMSegmentationCreationTemplateLabel	System/Library/Frameworks/ImageIO.framework/ImageIO.tbd
_kCGImagePropertyDICOMSegmentationFractionalType	System/Library/Frameworks/ImageIO.framework/ImageIO.tbd
_kCGImagePropertyDICOMSegmentationTemplateUID	System/Library/Frameworks/ImageIO.framework/ImageIO.tbd
_kCGImagePropertyDICOMSegmentationType	System/Library/Frameworks/ImageIO.framework/ImageIO.tbd
_kCGImagePropertyDICOMSegmentedAlphaPaletteColorLookupTableData	System/Library/Frameworks/ImageIO.framework/ImageIO.tbd
_kCGImagePropertyDICOMSegmentedBluePaletteColorLookupTableData	System/Library/Frameworks/ImageIO.framework/ImageIO.tbd
_kCGImagePropertyDICOMSegmentedGreenPaletteColorLookupTableData	System/Library/Frameworks/ImageIO.framework/ImageIO.tbd
_kCGImagePropertyDICOMSegmentedKSpaceTraversal	System/Library/Frameworks/ImageIO.framework/ImageIO.tbd
_kCGImagePropertyDICOMSegmentedPropertyCategoryCodeSequence	System/Library/Frameworks/ImageIO.framework/ImageIO.tbd
_kCGImagePropertyDICOMSegmentedPropertyTypeCodeSequence	System/Library/Frameworks/ImageIO.framework/ImageIO.tbd
_kCGImagePropertyDICOMSegmentedPropertyTypeModifierCodeSequence	System/Library/Frameworks/ImageIO.framework/ImageIO.tbd
_kCGImagePropertyDICOMSegmentedRTAccessoryDeviceSequence	System/Library/Frameworks/ImageIO.framework/ImageIO.tbd
_kCGImagePropertyDICOMSegmentedRedPaletteColorLookupTableData	System/Library/Frameworks/ImageIO.framework/ImageIO.tbd
_kCGImagePropertyDICOMSegmentsOverlap	System/Library/Frameworks/ImageIO.framework/ImageIO.tbd
_kCGImagePropertyDICOMSelectedFrameFunctionalGroupsSequence	System/Library/Frameworks/ImageIO.framework/ImageIO.tbd
_kCGImagePropertyDICOMSelectedFrameNumber	System/Library/Frameworks/ImageIO.framework/ImageIO.tbd
_kCGImagePropertyDICOMSelectedSegmentalOphthalmicAxialLengthSequence	System/Library/Frameworks/ImageIO.framework/ImageIO.tbd
_kCGImagePropertyDICOMSelectedTotalOphthalmicAxialLengthSequence	System/Library/Frameworks/ImageIO.framework/ImageIO.tbd
_kCGImagePropertyDICOMSelectorAEValue	System/Library/Frameworks/ImageIO.framework/ImageIO.tbd
_kCGImagePropertyDICOMSelectorASValue	System/Library/Frameworks/ImageIO.framework/ImageIO.tbd
_kCGImagePropertyDICOMSelectorATValue	System/Library/Frameworks/ImageIO.framework/ImageIO.tbd
_kCGImagePropertyDICOMSelectorAttribute	System/Library/Frameworks/ImageIO.framework/ImageIO.tbd
_kCGImagePropertyDICOMSelectorAttributeKeyword	System/Library/Frameworks/ImageIO.framework/ImageIO.tbd
_kCGImagePropertyDICOMSelectorAttributeName	System/Library/Frameworks/ImageIO.framework/ImageIO.tbd
_kCGImagePropertyDICOMSelectorAttributePrivateCreator	System/Library/Frameworks/ImageIO.framework/ImageIO.tbd
_kCGImagePropertyDICOMSelectorAttributeVR	System/Library/Frameworks/ImageIO.framework/ImageIO.tbd
_kCGImagePropertyDICOMSelectorCSValue	System/Library/Frameworks/ImageIO.framework/ImageIO.tbd
_kCGImagePropertyDICOMSelectorCodeSequenceValue	System/Library/Frameworks/ImageIO.framework/ImageIO.tbd
_kCGImagePropertyDICOMSelectorDAValue	System/Library/Frameworks/ImageIO.framework/ImageIO.tbd
_kCGImagePropertyDICOMSelectorDSValue	System/Library/Frameworks/ImageIO.framework/ImageIO.tbd
_kCGImagePropertyDICOMSelectorDTValue	System/Library/Frameworks/ImageIO.framework/ImageIO.tbd
_kCGImagePropertyDICOMSelectorFDValue	System/Library/Frameworks/ImageIO.framework/ImageIO.tbd
_kCGImagePropertyDICOMSelectorFLValue	System/Library/Frameworks/ImageIO.framework/ImageIO.tbd
_kCGImagePropertyDICOMSelectorISValue	System/Library/Frameworks/ImageIO.framework/ImageIO.tbd
_kCGImagePropertyDICOMSelectorLOValue	System/Library/Frameworks/ImageIO.framework/ImageIO.tbd
_kCGImagePropertyDICOMSelectorLTValue	System/Library/Frameworks/ImageIO.framework/ImageIO.tbd
_kCGImagePropertyDICOMSelectorOBValue	System/Library/Frameworks/ImageIO.framework/ImageIO.tbd
_kCGImagePropertyDICOMSelectorODValue	System/Library/Frameworks/ImageIO.framework/ImageIO.tbd
_kCGImagePropertyDICOMSelectorOFValue	System/Library/Frameworks/ImageIO.framework/ImageIO.tbd
_kCGImagePropertyDICOMSelectorOLValue	System/Library/Frameworks/ImageIO.framework/ImageIO.tbd
_kCGImagePropertyDICOMSelectorOVValue	System/Library/Frameworks/ImageIO.framework/ImageIO.tbd
_kCGImagePropertyDICOMSelectorOWValue	System/Library/Frameworks/ImageIO.framework/ImageIO.tbd
_kCGImagePropertyDICOMSelectorPNValue	System/Library/Frameworks/ImageIO.framework/ImageIO.tbd
_kCGImagePropertyDICOMSelectorSHValue	System/Library/Frameworks/ImageIO.framework/ImageIO.tbd
_kCGImagePropertyDICOMSelectorSLValue	System/Library/Frameworks/ImageIO.framework/ImageIO.tbd
_kCGImagePropertyDICOMSelectorSSValue	System/Library/Frameworks/ImageIO.framework/ImageIO.tbd
_kCGImagePropertyDICOMSelectorSTValue	System/Library/Frameworks/ImageIO.framework/ImageIO.tbd
_kCGImagePropertyDICOMSelectorSVValue	System/Library/Frameworks/ImageIO.framework/ImageIO.tbd
_kCGImagePropertyDICOMSelectorSequencePointer	System/Library/Frameworks/ImageIO.framework/ImageIO.tbd
_kCGImagePropertyDICOMSelectorSequencePointerItems	System/Library/Frameworks/ImageIO.framework/ImageIO.tbd
_kCGImagePropertyDICOMSelectorSequencePointerPrivateCreator	System/Library/Frameworks/ImageIO.framework/ImageIO.tbd
_kCGImagePropertyDICOMSelectorTMValue	System/Library/Frameworks/ImageIO.framework/ImageIO.tbd
_kCGImagePropertyDICOMSelectorUCValue	System/Library/Frameworks/ImageIO.framework/ImageIO.tbd
_kCGImagePropertyDICOMSelectorUIValue	System/Library/Frameworks/ImageIO.framework/ImageIO.tbd
_kCGImagePropertyDICOMSelectorULValue	System/Library/Frameworks/ImageIO.framework/ImageIO.tbd
_kCGImagePropertyDICOMSelectorUNValue	System/Library/Frameworks/ImageIO.framework/ImageIO.tbd
_kCGImagePropertyDICOMSelectorURValue	System/Library/Frameworks/ImageIO.framework/ImageIO.tbd
_kCGImagePropertyDICOMSelectorUSValue	System/Library/Frameworks/ImageIO.framework/ImageIO.tbd
_kCGImagePropertyDICOMSelectorUTValue	System/Library/Frameworks/ImageIO.framework/ImageIO.tbd
_kCGImagePropertyDICOMSelectorUVValue	System/Library/Frameworks/ImageIO.framework/ImageIO.tbd
_kCGImagePropertyDICOMSelectorValueNumber	System/Library/Frameworks/ImageIO.framework/ImageIO.tbd
_kCGImagePropertyDICOMSelfTimerMode	System/Library/Frameworks/ImageIO.framework/ImageIO.tbd
_kCGImagePropertyDICOMSendingApplicationEntityTitle	System/Library/Frameworks/ImageIO.framework/ImageIO.tbd
_kCGImagePropertyDICOMSendingPresentationAddress	System/Library/Frameworks/ImageIO.framework/ImageIO.tbd
_kCGImagePropertyDICOMSensingMethod	System/Library/Frameworks/ImageIO.framework/ImageIO.tbd
_kCGImagePropertyDICOMSensitivity	System/Library/Frameworks/ImageIO.framework/ImageIO.tbd
_kCGImagePropertyDICOMSensitivityCalibrated	System/Library/Frameworks/ImageIO.framework/ImageIO.tbd
_kCGImagePropertyDICOMSensitivityType	System/Library/Frameworks/ImageIO.framework/ImageIO.tbd
_kCGImagePropertyDICOMSensitivityValue	System/Library/Frameworks/ImageIO.framework/ImageIO.tbd
_kCGImagePropertyDICOMSensorName	System/Library/Frameworks/ImageIO.framework/ImageIO.tbd
_kCGImagePropertyDICOMSensorTemperature	System/Library/Frameworks/ImageIO.framework/ImageIO.tbd
_kCGImagePropertyDICOMSequenceDelimitationItem	System/Library/Frameworks/ImageIO.framework/ImageIO.tbd
_kCGImagePropertyDICOMSequenceName	System/Library/Frameworks/ImageIO.framework/ImageIO.tbd
_kCGImagePropertyDICOMSequenceOfCompressedData	System/Library/Frameworks/ImageIO.framework/ImageIO.tbd
_kCGImagePropertyDICOMSequenceOfUltrasoundRegions	System/Library/Frameworks/ImageIO.framework/ImageIO.tbd
_kCGImagePropertyDICOMSequenceVariant	System/Library/Frameworks/ImageIO.framework/ImageIO.tbd
_kCGImagePropertyDICOMSequencingIndicatorTrial	System/Library/Frameworks/ImageIO.framework/ImageIO.tbd
_kCGImagePropertyDICOMSeriesDate	System/Library/Frameworks/ImageIO.framework/ImageIO.tbd
_kCGImagePropertyDICOMSeriesDescription	System/Library/Frameworks/ImageIO.framework/ImageIO.tbd
_kCGImagePropertyDICOMSeriesDescriptionCodeSequence	System/Library/Frameworks/ImageIO.framework/ImageIO.tbd
_kCGImagePropertyDICOMSeriesInStudy	System/Library/Frameworks/ImageIO.framework/ImageIO.tbd
_kCGImagePropertyDICOMSeriesInstanceUID	System/Library/Frameworks/ImageIO.framework/ImageIO.tbd
_kCGImagePropertyDICOMSeriesNumber	System/Library/Frameworks/ImageIO.framework/ImageIO.tbd
_kCGImagePropertyDICOMSeriesTime	System/Library/Frameworks/ImageIO.framework/ImageIO.tbd
_kCGImagePropertyDICOMSeriesType	System/Library/Frameworks/ImageIO.framework/ImageIO.tbd
_kCGImagePropertyDICOMServiceEpisodeDescription	System/Library/Frameworks/ImageIO.framework/ImageIO.tbd
_kCGImagePropertyDICOMServiceEpisodeID	System/Library/Frameworks/ImageIO.framework/ImageIO.tbd
_kCGImagePropertyDICOMSettlingPhaseFrame	System/Library/Frameworks/ImageIO.framework/ImageIO.tbd
_kCGImagePropertyDICOMSetupDeviceDescription	System/Library/Frameworks/ImageIO.framework/ImageIO.tbd
_kCGImagePropertyDICOMSetupDeviceLabel	System/Library/Frameworks/ImageIO.framework/ImageIO.tbd
_kCGImagePropertyDICOMSetupDeviceParameter	System/Library/Frameworks/ImageIO.framework/ImageIO.tbd
_kCGImagePropertyDICOMSetupDeviceSequence	System/Library/Frameworks/ImageIO.framework/ImageIO.tbd
_kCGImagePropertyDICOMSetupDeviceType	System/Library/Frameworks/ImageIO.framework/ImageIO.tbd
_kCGImagePropertyDICOMSetupImageComment	System/Library/Frameworks/ImageIO.framework/ImageIO.tbd
_kCGImagePropertyDICOMSetupReferenceDescription	System/Library/Frameworks/ImageIO.framework/ImageIO.tbd
_kCGImagePropertyDICOMSetupTechnique	System/Library/Frameworks/ImageIO.framework/ImageIO.tbd
_kCGImagePropertyDICOMSetupTechniqueDescription	System/Library/Frameworks/ImageIO.framework/ImageIO.tbd
_kCGImagePropertyDICOMShadingStyle	System/Library/Frameworks/ImageIO.framework/ImageIO.tbd
_kCGImagePropertyDICOMShadowColorCIELabValue	System/Library/Frameworks/ImageIO.framework/ImageIO.tbd
_kCGImagePropertyDICOMShadowOffsetX	System/Library/Frameworks/ImageIO.framework/ImageIO.tbd
_kCGImagePropertyDICOMShadowOffsetY	System/Library/Frameworks/ImageIO.framework/ImageIO.tbd
_kCGImagePropertyDICOMShadowOpacity	System/Library/Frameworks/ImageIO.framework/ImageIO.tbd
_kCGImagePropertyDICOMShadowStyle	System/Library/Frameworks/ImageIO.framework/ImageIO.tbd
_kCGImagePropertyDICOMShapeType	System/Library/Frameworks/ImageIO.framework/ImageIO.tbd
_kCGImagePropertyDICOMSharedFunctionalGroupsSequence	System/Library/Frameworks/ImageIO.framework/ImageIO.tbd
_kCGImagePropertyDICOMSharpness	System/Library/Frameworks/ImageIO.framework/ImageIO.tbd
_kCGImagePropertyDICOMShieldingDeviceDescription	System/Library/Frameworks/ImageIO.framework/ImageIO.tbd
_kCGImagePropertyDICOMShieldingDeviceLabel	System/Library/Frameworks/ImageIO.framework/ImageIO.tbd
_kCGImagePropertyDICOMShieldingDevicePosition	System/Library/Frameworks/ImageIO.framework/ImageIO.tbd
_kCGImagePropertyDICOMShieldingDeviceSequence	System/Library/Frameworks/ImageIO.framework/ImageIO.tbd
_kCGImagePropertyDICOMShieldingDeviceType	System/Library/Frameworks/ImageIO.framework/ImageIO.tbd
_kCGImagePropertyDICOMShiftTableSize	System/Library/Frameworks/ImageIO.framework/ImageIO.tbd
_kCGImagePropertyDICOMShiftTableTriplet	System/Library/Frameworks/ImageIO.framework/ImageIO.tbd
_kCGImagePropertyDICOMShininess	System/Library/Frameworks/ImageIO.framework/ImageIO.tbd
_kCGImagePropertyDICOMShortTermFluctuation	System/Library/Frameworks/ImageIO.framework/ImageIO.tbd
_kCGImagePropertyDICOMShortTermFluctuationCalculated	System/Library/Frameworks/ImageIO.framework/ImageIO.tbd
_kCGImagePropertyDICOMShortTermFluctuationProbability	System/Library/Frameworks/ImageIO.framework/ImageIO.tbd
_kCGImagePropertyDICOMShortTermFluctuationProbabilityCalculated	System/Library/Frameworks/ImageIO.framework/ImageIO.tbd
_kCGImagePropertyDICOMShotDurationTime	System/Library/Frameworks/ImageIO.framework/ImageIO.tbd
_kCGImagePropertyDICOMShotOffsetTime	System/Library/Frameworks/ImageIO.framework/ImageIO.tbd
_kCGImagePropertyDICOMShowAcquisitionTechniquesFlag	System/Library/Frameworks/ImageIO.framework/ImageIO.tbd
_kCGImagePropertyDICOMShowGraphicAnnotationFlag	System/Library/Frameworks/ImageIO.framework/ImageIO.tbd
_kCGImagePropertyDICOMShowGrayscaleInverted	System/Library/Frameworks/ImageIO.framework/ImageIO.tbd
_kCGImagePropertyDICOMShowImageTrueSizeFlag	System/Library/Frameworks/ImageIO.framework/ImageIO.tbd
_kCGImagePropertyDICOMShowPatientDemographicsFlag	System/Library/Frameworks/ImageIO.framework/ImageIO.tbd
_kCGImagePropertyDICOMShowTickLabel	System/Library/Frameworks/ImageIO.framework/ImageIO.tbd
_kCGImagePropertyDICOMShutterLeftVerticalEdge	System/Library/Frameworks/ImageIO.framework/ImageIO.tbd
_kCGImagePropertyDICOMShutterLowerHorizontalEdge	System/Library/Frameworks/ImageIO.framework/ImageIO.tbd
_kCGImagePropertyDICOMShutterOverlayGroup	System/Library/Frameworks/ImageIO.framework/ImageIO.tbd
_kCGImagePropertyDICOMShutterPresentationColorCIELabValue	System/Library/Frameworks/ImageIO.framework/ImageIO.tbd
_kCGImagePropertyDICOMShutterPresentationValue	System/Library/Frameworks/ImageIO.framework/ImageIO.tbd
_kCGImagePropertyDICOMShutterRightVerticalEdge	System/Library/Frameworks/ImageIO.framework/ImageIO.tbd
_kCGImagePropertyDICOMShutterShape	System/Library/Frameworks/ImageIO.framework/ImageIO.tbd
_kCGImagePropertyDICOMShutterSpeedValue	System/Library/Frameworks/ImageIO.framework/ImageIO.tbd
_kCGImagePropertyDICOMShutterUpperHorizontalEdge	System/Library/Frameworks/ImageIO.framework/ImageIO.tbd
_kCGImagePropertyDICOMSignalDomainColumns	System/Library/Frameworks/ImageIO.framework/ImageIO.tbd
_kCGImagePropertyDICOMSignalDomainRows	System/Library/Frameworks/ImageIO.framework/ImageIO.tbd
_kCGImagePropertyDICOMSignalToNoiseRatio	System/Library/Frameworks/ImageIO.framework/ImageIO.tbd
_kCGImagePropertyDICOMSignature	System/Library/Frameworks/ImageIO.framework/ImageIO.tbd
_kCGImagePropertyDICOMSimpleFrameList	System/Library/Frameworks/ImageIO.framework/ImageIO.tbd
_kCGImagePropertyDICOMSimulatedKeratometricCylinderSequence	System/Library/Frameworks/ImageIO.framework/ImageIO.tbd
_kCGImagePropertyDICOMSingleCollimationWidth	System/Library/Frameworks/ImageIO.framework/ImageIO.tbd
_kCGImagePropertyDICOMSkipBeats	System/Library/Frameworks/ImageIO.framework/ImageIO.tbd
_kCGImagePropertyDICOMSkipFrameRangeFlag	System/Library/Frameworks/ImageIO.framework/ImageIO.tbd
_kCGImagePropertyDICOMSlabOrientation	System/Library/Frameworks/ImageIO.framework/ImageIO.tbd
_kCGImagePropertyDICOMSlabThickness	System/Library/Frameworks/ImageIO.framework/ImageIO.tbd
_kCGImagePropertyDICOMSliceLocation	System/Library/Frameworks/ImageIO.framework/ImageIO.tbd
_kCGImagePropertyDICOMSliceLocationVector	System/Library/Frameworks/ImageIO.framework/ImageIO.tbd
_kCGImagePropertyDICOMSliceProgressionDirection	System/Library/Frameworks/ImageIO.framework/ImageIO.tbd
_kCGImagePropertyDICOMSliceSensitivityFactor	System/Library/Frameworks/ImageIO.framework/ImageIO.tbd
_kCGImagePropertyDICOMSliceThickness	System/Library/Frameworks/ImageIO.framework/ImageIO.tbd
_kCGImagePropertyDICOMSliceVector	System/Library/Frameworks/ImageIO.framework/ImageIO.tbd
_kCGImagePropertyDICOMSlideIdentifier	System/Library/Frameworks/ImageIO.framework/ImageIO.tbd
_kCGImagePropertyDICOMSmallestImagePixelValue	System/Library/Frameworks/ImageIO.framework/ImageIO.tbd
_kCGImagePropertyDICOMSmallestImagePixelValueInPlane	System/Library/Frameworks/ImageIO.framework/ImageIO.tbd
_kCGImagePropertyDICOMSmallestPixelValueInSeries	System/Library/Frameworks/ImageIO.framework/ImageIO.tbd
_kCGImagePropertyDICOMSmallestValidPixelValue	System/Library/Frameworks/ImageIO.framework/ImageIO.tbd
_kCGImagePropertyDICOMSmokingStatus	System/Library/Frameworks/ImageIO.framework/ImageIO.tbd
_kCGImagePropertyDICOMSmoothingType	System/Library/Frameworks/ImageIO.framework/ImageIO.tbd
_kCGImagePropertyDICOMSnoutID	System/Library/Frameworks/ImageIO.framework/ImageIO.tbd
_kCGImagePropertyDICOMSnoutPosition	System/Library/Frameworks/ImageIO.framework/ImageIO.tbd
_kCGImagePropertyDICOMSnoutPositionTolerance	System/Library/Frameworks/ImageIO.framework/ImageIO.tbd
_kCGImagePropertyDICOMSnoutSequence	System/Library/Frameworks/ImageIO.framework/ImageIO.tbd
_kCGImagePropertyDICOMSoftTissueFocusThermalIndex	System/Library/Frameworks/ImageIO.framework/ImageIO.tbd
_kCGImagePropertyDICOMSoftTissueSurfaceThermalIndex	System/Library/Frameworks/ImageIO.framework/ImageIO.tbd
_kCGImagePropertyDICOMSoftTissueThermalIndex	System/Library/Frameworks/ImageIO.framework/ImageIO.tbd
_kCGImagePropertyDICOMSoftcopyVOILUTSequence	System/Library/Frameworks/ImageIO.framework/ImageIO.tbd
_kCGImagePropertyDICOMSoftwareVersions	System/Library/Frameworks/ImageIO.framework/ImageIO.tbd
_kCGImagePropertyDICOMSortByCategory	System/Library/Frameworks/ImageIO.framework/ImageIO.tbd
_kCGImagePropertyDICOMSortingDirection	System/Library/Frameworks/ImageIO.framework/ImageIO.tbd
_kCGImagePropertyDICOMSortingOperationsSequence	System/Library/Frameworks/ImageIO.framework/ImageIO.tbd
_kCGImagePropertyDICOMSoundPathLength	System/Library/Frameworks/ImageIO.framework/ImageIO.tbd
_kCGImagePropertyDICOMSoundSpeedCorrectionMechanismCodeSequence	System/Library/Frameworks/ImageIO.framework/ImageIO.tbd
_kCGImagePropertyDICOMSourceAcquisitionBeamNumber	System/Library/Frameworks/ImageIO.framework/ImageIO.tbd
_kCGImagePropertyDICOMSourceAcquisitionProtocolElementNumber	System/Library/Frameworks/ImageIO.framework/ImageIO.tbd
_kCGImagePropertyDICOMSourceApplicationEntityTitle	System/Library/Frameworks/ImageIO.framework/ImageIO.tbd
_kCGImagePropertyDICOMSourceApplicatorID	System/Library/Frameworks/ImageIO.framework/ImageIO.tbd
_kCGImagePropertyDICOMSourceApplicatorLength	System/Library/Frameworks/ImageIO.framework/ImageIO.tbd
_kCGImagePropertyDICOMSourceApplicatorManufacturer	System/Library/Frameworks/ImageIO.framework/ImageIO.tbd
_kCGImagePropertyDICOMSourceApplicatorName	System/Library/Frameworks/ImageIO.framework/ImageIO.tbd
_kCGImagePropertyDICOMSourceApplicatorNumber	System/Library/Frameworks/ImageIO.framework/ImageIO.tbd
_kCGImagePropertyDICOMSourceApplicatorStepSize	System/Library/Frameworks/ImageIO.framework/ImageIO.tbd
_kCGImagePropertyDICOMSourceApplicatorTipLength	System/Library/Frameworks/ImageIO.framework/ImageIO.tbd
_kCGImagePropertyDICOMSourceApplicatorType	System/Library/Frameworks/ImageIO.framework/ImageIO.tbd
_kCGImagePropertyDICOMSourceApplicatorWallNominalThickness	System/Library/Frameworks/ImageIO.framework/ImageIO.tbd
_kCGImagePropertyDICOMSourceApplicatorWallNominalTransmission	System/Library/Frameworks/ImageIO.framework/ImageIO.tbd
_kCGImagePropertyDICOMSourceAxisDistance	System/Library/Frameworks/ImageIO.framework/ImageIO.tbd
_kCGImagePropertyDICOMSourceConceptualVolumeSequence	System/Library/Frameworks/ImageIO.framework/ImageIO.tbd
_kCGImagePropertyDICOMSourceConceptualVolumeUID	System/Library/Frameworks/ImageIO.framework/ImageIO.tbd
_kCGImagePropertyDICOMSourceDescription	System/Library/Frameworks/ImageIO.framework/ImageIO.tbd
_kCGImagePropertyDICOMSourceEncapsulationNominalThickness	System/Library/Frameworks/ImageIO.framework/ImageIO.tbd
_kCGImagePropertyDICOMSourceEncapsulationNominalTransmission	System/Library/Frameworks/ImageIO.framework/ImageIO.tbd
_kCGImagePropertyDICOMSourceEndDateTime	System/Library/Frameworks/ImageIO.framework/ImageIO.tbd
_kCGImagePropertyDICOMSourceFrameOfReferenceUID	System/Library/Frameworks/ImageIO.framework/ImageIO.tbd
_kCGImagePropertyDICOMSourceHangingProtocolSequence	System/Library/Frameworks/ImageIO.framework/ImageIO.tbd
_kCGImagePropertyDICOMSourceIdentifier	System/Library/Frameworks/ImageIO.framework/ImageIO.tbd
_kCGImagePropertyDICOMSourceImageCornealProcessedDataSequence	System/Library/Frameworks/ImageIO.framework/ImageIO.tbd
_kCGImagePropertyDICOMSourceImageEvidenceSequence	System/Library/Frameworks/ImageIO.framework/ImageIO.tbd
_kCGImagePropertyDICOMSourceImageIDs	System/Library/Frameworks/ImageIO.framework/ImageIO.tbd
_kCGImagePropertyDICOMSourceImageSequence	System/Library/Frameworks/ImageIO.framework/ImageIO.tbd
_kCGImagePropertyDICOMSourceInstanceSequence	System/Library/Frameworks/ImageIO.framework/ImageIO.tbd
_kCGImagePropertyDICOMSourceIrradiationEventSequence	System/Library/Frameworks/ImageIO.framework/ImageIO.tbd
_kCGImagePropertyDICOMSourceIsotopeHalfLife	System/Library/Frameworks/ImageIO.framework/ImageIO.tbd
_kCGImagePropertyDICOMSourceIsotopeName	System/Library/Frameworks/ImageIO.framework/ImageIO.tbd
_kCGImagePropertyDICOMSourceManufacturer	System/Library/Frameworks/ImageIO.framework/ImageIO.tbd
_kCGImagePropertyDICOMSourceModelID	System/Library/Frameworks/ImageIO.framework/ImageIO.tbd
_kCGImagePropertyDICOMSourceMovementType	System/Library/Frameworks/ImageIO.framework/ImageIO.tbd
_kCGImagePropertyDICOMSourceNumber	System/Library/Frameworks/ImageIO.framework/ImageIO.tbd
_kCGImagePropertyDICOMSourceOfAnteriorChamberDepthDataCodeSequence	System/Library/Frameworks/ImageIO.framework/ImageIO.tbd
_kCGImagePropertyDICOMSourceOfCorneaMeasurementDataCodeSequence	System/Library/Frameworks/ImageIO.framework/ImageIO.tbd
_kCGImagePropertyDICOMSourceOfCornealSizeDataCodeSequence	System/Library/Frameworks/ImageIO.framework/ImageIO.tbd
_kCGImagePropertyDICOMSourceOfLensThicknessDataCodeSequence	System/Library/Frameworks/ImageIO.framework/ImageIO.tbd
_kCGImagePropertyDICOMSourceOfOphthalmicAxialLengthCodeSequence	System/Library/Frameworks/ImageIO.framework/ImageIO.tbd
_kCGImagePropertyDICOMSourceOfPreviousValues	System/Library/Frameworks/ImageIO.framework/ImageIO.tbd
_kCGImagePropertyDICOMSourceOfRefractiveMeasurementsCodeSequence	System/Library/Frameworks/ImageIO.framework/ImageIO.tbd
_kCGImagePropertyDICOMSourceOfRefractiveMeasurementsSequence	System/Library/Frameworks/ImageIO.framework/ImageIO.tbd
_kCGImagePropertyDICOMSourceOrientation	System/Library/Frameworks/ImageIO.framework/ImageIO.tbd
_kCGImagePropertyDICOMSourcePatientGroupIdentificationSequence	System/Library/Frameworks/ImageIO.framework/ImageIO.tbd
_kCGImagePropertyDICOMSourcePixelPlanesCharacteristicsSequence	System/Library/Frameworks/ImageIO.framework/ImageIO.tbd
_kCGImagePropertyDICOMSourcePosition	System/Library/Frameworks/ImageIO.framework/ImageIO.tbd
_kCGImagePropertyDICOMSourcePresentationAddress	System/Library/Frameworks/ImageIO.framework/ImageIO.tbd
_kCGImagePropertyDICOMSourceReconstructionProtocolElementNumber	System/Library/Frameworks/ImageIO.framework/ImageIO.tbd
_kCGImagePropertyDICOMSourceRollAngle	System/Library/Frameworks/ImageIO.framework/ImageIO.tbd
_kCGImagePropertyDICOMSourceSequence	System/Library/Frameworks/ImageIO.framework/ImageIO.tbd
_kCGImagePropertyDICOMSourceSerialNumber	System/Library/Frameworks/ImageIO.framework/ImageIO.tbd
_kCGImagePropertyDICOMSourceStartDateTime	System/Library/Frameworks/ImageIO.framework/ImageIO.tbd
_kCGImagePropertyDICOMSourceStrength	System/Library/Frameworks/ImageIO.framework/ImageIO.tbd
_kCGImagePropertyDICOMSourceStrengthReferenceDate	System/Library/Frameworks/ImageIO.framework/ImageIO.tbd
_kCGImagePropertyDICOMSourceStrengthReferenceTime	System/Library/Frameworks/ImageIO.framework/ImageIO.tbd
_kCGImagePropertyDICOMSourceStrengthUnits	System/Library/Frameworks/ImageIO.framework/ImageIO.tbd
_kCGImagePropertyDICOMSourceToApplicatorMountingPositionDistance	System/Library/Frameworks/ImageIO.framework/ImageIO.tbd
_kCGImagePropertyDICOMSourceToBeamLimitingDeviceDistance	System/Library/Frameworks/ImageIO.framework/ImageIO.tbd
_kCGImagePropertyDICOMSourceToBlockTrayDistance	System/Library/Frameworks/ImageIO.framework/ImageIO.tbd
_kCGImagePropertyDICOMSourceToCompensatorDistance	System/Library/Frameworks/ImageIO.framework/ImageIO.tbd
_kCGImagePropertyDICOMSourceToCompensatorTrayDistance	System/Library/Frameworks/ImageIO.framework/ImageIO.tbd
_kCGImagePropertyDICOMSourceToExternalContourDistance	System/Library/Frameworks/ImageIO.framework/ImageIO.tbd
_kCGImagePropertyDICOMSourceToGeneralAccessoryDistance	System/Library/Frameworks/ImageIO.framework/ImageIO.tbd
_kCGImagePropertyDICOMSourceToPatientSurfaceDistance	System/Library/Frameworks/ImageIO.framework/ImageIO.tbd
_kCGImagePropertyDICOMSourceToReferenceObjectDistance	System/Library/Frameworks/ImageIO.framework/ImageIO.tbd
_kCGImagePropertyDICOMSourceToSurfaceDistance	System/Library/Frameworks/ImageIO.framework/ImageIO.tbd
_kCGImagePropertyDICOMSourceToWedgeTrayDistance	System/Library/Frameworks/ImageIO.framework/ImageIO.tbd
_kCGImagePropertyDICOMSourceType	System/Library/Frameworks/ImageIO.framework/ImageIO.tbd
_kCGImagePropertyDICOMSourceWaveformSequence	System/Library/Frameworks/ImageIO.framework/ImageIO.tbd
_kCGImagePropertyDICOMSpacingBetweenSlices	System/Library/Frameworks/ImageIO.framework/ImageIO.tbd
_kCGImagePropertyDICOMSpatialFrequencyResponseColumnNames	System/Library/Frameworks/ImageIO.framework/ImageIO.tbd
_kCGImagePropertyDICOMSpatialFrequencyResponseColumns	System/Library/Frameworks/ImageIO.framework/ImageIO.tbd
_kCGImagePropertyDICOMSpatialFrequencyResponseRows	System/Library/Frameworks/ImageIO.framework/ImageIO.tbd
_kCGImagePropertyDICOMSpatialFrequencyResponseValues	System/Library/Frameworks/ImageIO.framework/ImageIO.tbd
_kCGImagePropertyDICOMSpatialLocationsPreserved	System/Library/Frameworks/ImageIO.framework/ImageIO.tbd
_kCGImagePropertyDICOMSpatialPresaturation	System/Library/Frameworks/ImageIO.framework/ImageIO.tbd
_kCGImagePropertyDICOMSpatialResolution	System/Library/Frameworks/ImageIO.framework/ImageIO.tbd
_kCGImagePropertyDICOMSpatialTransformOfDose	System/Library/Frameworks/ImageIO.framework/ImageIO.tbd
_kCGImagePropertyDICOMSpecialNeeds	System/Library/Frameworks/ImageIO.framework/ImageIO.tbd
_kCGImagePropertyDICOMSpecificAbsorptionRateDefinition	System/Library/Frameworks/ImageIO.framework/ImageIO.tbd
_kCGImagePropertyDICOMSpecificAbsorptionRateSequence	System/Library/Frameworks/ImageIO.framework/ImageIO.tbd
_kCGImagePropertyDICOMSpecificAbsorptionRateValue	System/Library/Frameworks/ImageIO.framework/ImageIO.tbd
_kCGImagePropertyDICOMSpecificCharacterSet	System/Library/Frameworks/ImageIO.framework/ImageIO.tbd
_kCGImagePropertyDICOMSpecificCharacterSetOfFileSetDescriptorFile	System/Library/Frameworks/ImageIO.framework/ImageIO.tbd
_kCGImagePropertyDICOMSpecificationSelectionGuidance	System/Library/Frameworks/ImageIO.framework/ImageIO.tbd
_kCGImagePropertyDICOMSpecifiedChannelTotalTime	System/Library/Frameworks/ImageIO.framework/ImageIO.tbd
_kCGImagePropertyDICOMSpecifiedMeterset	System/Library/Frameworks/ImageIO.framework/ImageIO.tbd
_kCGImagePropertyDICOMSpecifiedNumberOfPulses	System/Library/Frameworks/ImageIO.framework/ImageIO.tbd
_kCGImagePropertyDICOMSpecifiedPrimaryMeterset	System/Library/Frameworks/ImageIO.framework/ImageIO.tbd
_kCGImagePropertyDICOMSpecifiedPulseRepetitionInterval	System/Library/Frameworks/ImageIO.framework/ImageIO.tbd
_kCGImagePropertyDICOMSpecifiedSecondaryMeterset	System/Library/Frameworks/ImageIO.framework/ImageIO.tbd
_kCGImagePropertyDICOMSpecifiedTreatmentTime	System/Library/Frameworks/ImageIO.framework/ImageIO.tbd
_kCGImagePropertyDICOMSpecimenAccessionNumber	System/Library/Frameworks/ImageIO.framework/ImageIO.tbd
_kCGImagePropertyDICOMSpecimenDescriptionSequence	System/Library/Frameworks/ImageIO.framework/ImageIO.tbd
_kCGImagePropertyDICOMSpecimenDescriptionSequenceTrial	System/Library/Frameworks/ImageIO.framework/ImageIO.tbd
_kCGImagePropertyDICOMSpecimenDescriptionTrial	System/Library/Frameworks/ImageIO.framework/ImageIO.tbd
_kCGImagePropertyDICOMSpecimenDetailedDescription	System/Library/Frameworks/ImageIO.framework/ImageIO.tbd
_kCGImagePropertyDICOMSpecimenIdentifier	System/Library/Frameworks/ImageIO.framework/ImageIO.tbd
_kCGImagePropertyDICOMSpecimenLabelInImage	System/Library/Frameworks/ImageIO.framework/ImageIO.tbd
_kCGImagePropertyDICOMSpecimenLocalizationContentItemSequence	System/Library/Frameworks/ImageIO.framework/ImageIO.tbd
_kCGImagePropertyDICOMSpecimenPreparationSequence	System/Library/Frameworks/ImageIO.framework/ImageIO.tbd
_kCGImagePropertyDICOMSpecimenPreparationStepContentItemSequence	System/Library/Frameworks/ImageIO.framework/ImageIO.tbd
_kCGImagePropertyDICOMSpecimenReferenceSequence	System/Library/Frameworks/ImageIO.framework/ImageIO.tbd
_kCGImagePropertyDICOMSpecimenSequence	System/Library/Frameworks/ImageIO.framework/ImageIO.tbd
_kCGImagePropertyDICOMSpecimenShortDescription	System/Library/Frameworks/ImageIO.framework/ImageIO.tbd
_kCGImagePropertyDICOMSpecimenTypeCodeSequence	System/Library/Frameworks/ImageIO.framework/ImageIO.tbd
_kCGImagePropertyDICOMSpecimenUID	System/Library/Frameworks/ImageIO.framework/ImageIO.tbd
_kCGImagePropertyDICOMSpectralSensitivity	System/Library/Frameworks/ImageIO.framework/ImageIO.tbd
_kCGImagePropertyDICOMSpectralWidth	System/Library/Frameworks/ImageIO.framework/ImageIO.tbd
_kCGImagePropertyDICOMSpectrallySelectedExcitation	System/Library/Frameworks/ImageIO.framework/ImageIO.tbd
_kCGImagePropertyDICOMSpectrallySelectedSuppression	System/Library/Frameworks/ImageIO.framework/ImageIO.tbd
_kCGImagePropertyDICOMSpectroscopyAcquisitionDataColumns	System/Library/Frameworks/ImageIO.framework/ImageIO.tbd
_kCGImagePropertyDICOMSpectroscopyAcquisitionOutOfPlanePhaseSteps	System/Library/Frameworks/ImageIO.framework/ImageIO.tbd
_kCGImagePropertyDICOMSpectroscopyAcquisitionPhaseColumns	System/Library/Frameworks/ImageIO.framework/ImageIO.tbd
_kCGImagePropertyDICOMSpectroscopyAcquisitionPhaseRows	System/Library/Frameworks/ImageIO.framework/ImageIO.tbd
_kCGImagePropertyDICOMSpectroscopyData	System/Library/Frameworks/ImageIO.framework/ImageIO.tbd
_kCGImagePropertyDICOMSpecularReflectionIntensity	System/Library/Frameworks/ImageIO.framework/ImageIO.tbd
_kCGImagePropertyDICOMSpherePower	System/Library/Frameworks/ImageIO.framework/ImageIO.tbd
_kCGImagePropertyDICOMSphericalLensPower	System/Library/Frameworks/ImageIO.framework/ImageIO.tbd
_kCGImagePropertyDICOMSpiralPitchFactor	System/Library/Frameworks/ImageIO.framework/ImageIO.tbd
_kCGImagePropertyDICOMSpoiling	System/Library/Frameworks/ImageIO.framework/ImageIO.tbd
_kCGImagePropertyDICOMStackID	System/Library/Frameworks/ImageIO.framework/ImageIO.tbd
_kCGImagePropertyDICOMStageCodeSequence	System/Library/Frameworks/ImageIO.framework/ImageIO.tbd
_kCGImagePropertyDICOMStageName	System/Library/Frameworks/ImageIO.framework/ImageIO.tbd
_kCGImagePropertyDICOMStageNumber	System/Library/Frameworks/ImageIO.framework/ImageIO.tbd
_kCGImagePropertyDICOMStandardOutputSensitivity	System/Library/Frameworks/ImageIO.framework/ImageIO.tbd
_kCGImagePropertyDICOMStartAcquisitionDateTime	System/Library/Frameworks/ImageIO.framework/ImageIO.tbd
_kCGImagePropertyDICOMStartAngle	System/Library/Frameworks/ImageIO.framework/ImageIO.tbd
_kCGImagePropertyDICOMStartCardiacTriggerCountThreshold	System/Library/Frameworks/ImageIO.framework/ImageIO.tbd
_kCGImagePropertyDICOMStartCumulativeMeterset	System/Library/Frameworks/ImageIO.framework/ImageIO.tbd
_kCGImagePropertyDICOMStartCumulativeMetersetWeight	System/Library/Frameworks/ImageIO.framework/ImageIO.tbd
_kCGImagePropertyDICOMStartCumulativeTimeWeight	System/Library/Frameworks/ImageIO.framework/ImageIO.tbd
_kCGImagePropertyDICOMStartDensityThreshold	System/Library/Frameworks/ImageIO.framework/ImageIO.tbd
_kCGImagePropertyDICOMStartMeterset	System/Library/Frameworks/ImageIO.framework/ImageIO.tbd
_kCGImagePropertyDICOMStartRelativeDensityDifferenceThreshold	System/Library/Frameworks/ImageIO.framework/ImageIO.tbd
_kCGImagePropertyDICOMStartRespiratoryTriggerCountThreshold	System/Library/Frameworks/ImageIO.framework/ImageIO.tbd
_kCGImagePropertyDICOMStartTrim	System/Library/Frameworks/ImageIO.framework/ImageIO.tbd
_kCGImagePropertyDICOMStartingMetersetValueKnownFlag	System/Library/Frameworks/ImageIO.framework/ImageIO.tbd
_kCGImagePropertyDICOMStartingRespiratoryAmplitude	System/Library/Frameworks/ImageIO.framework/ImageIO.tbd
_kCGImagePropertyDICOMStartingRespiratoryPhase	System/Library/Frameworks/ImageIO.framework/ImageIO.tbd
_kCGImagePropertyDICOMStationAETitle	System/Library/Frameworks/ImageIO.framework/ImageIO.tbd
_kCGImagePropertyDICOMStationName	System/Library/Frameworks/ImageIO.framework/ImageIO.tbd
_kCGImagePropertyDICOMStatus	System/Library/Frameworks/ImageIO.framework/ImageIO.tbd
_kCGImagePropertyDICOMSteadyStatePulseSequence	System/Library/Frameworks/ImageIO.framework/ImageIO.tbd
_kCGImagePropertyDICOMSteepCornealAxisSequence	System/Library/Frameworks/ImageIO.framework/ImageIO.tbd
_kCGImagePropertyDICOMSteepKeratometricAxisSequence	System/Library/Frameworks/ImageIO.framework/ImageIO.tbd
_kCGImagePropertyDICOMSteeringAngle	System/Library/Frameworks/ImageIO.framework/ImageIO.tbd
_kCGImagePropertyDICOMStereoBaselineAngle	System/Library/Frameworks/ImageIO.framework/ImageIO.tbd
_kCGImagePropertyDICOMStereoBaselineDisplacement	System/Library/Frameworks/ImageIO.framework/ImageIO.tbd
_kCGImagePropertyDICOMStereoHorizontalPixelOffset	System/Library/Frameworks/ImageIO.framework/ImageIO.tbd
_kCGImagePropertyDICOMStereoPairsPresent	System/Library/Frameworks/ImageIO.framework/ImageIO.tbd
_kCGImagePropertyDICOMStereoPairsSequence	System/Library/Frameworks/ImageIO.framework/ImageIO.tbd
_kCGImagePropertyDICOMStereoRotation	System/Library/Frameworks/ImageIO.framework/ImageIO.tbd
_kCGImagePropertyDICOMStereoVerticalPixelOffset	System/Library/Frameworks/ImageIO.framework/ImageIO.tbd
_kCGImagePropertyDICOMStimuliRetestingQuantity	System/Library/Frameworks/ImageIO.framework/ImageIO.tbd
_kCGImagePropertyDICOMStimulusArea	System/Library/Frameworks/ImageIO.framework/ImageIO.tbd
_kCGImagePropertyDICOMStimulusColorCodeSequence	System/Library/Frameworks/ImageIO.framework/ImageIO.tbd
_kCGImagePropertyDICOMStimulusPresentationTime	System/Library/Frameworks/ImageIO.framework/ImageIO.tbd
_kCGImagePropertyDICOMStimulusResults	System/Library/Frameworks/ImageIO.framework/ImageIO.tbd
_kCGImagePropertyDICOMStopCumulativeMeterset	System/Library/Frameworks/ImageIO.framework/ImageIO.tbd
_kCGImagePropertyDICOMStopTrim	System/Library/Frameworks/ImageIO.framework/ImageIO.tbd
_kCGImagePropertyDICOMStorageMediaFileSetID	System/Library/Frameworks/ImageIO.framework/ImageIO.tbd
_kCGImagePropertyDICOMStorageMediaFileSetUID	System/Library/Frameworks/ImageIO.framework/ImageIO.tbd
_kCGImagePropertyDICOMStorageProtocolElementSequence	System/Library/Frameworks/ImageIO.framework/ImageIO.tbd
_kCGImagePropertyDICOMStorageProtocolElementSpecificationSequence	System/Library/Frameworks/ImageIO.framework/ImageIO.tbd
_kCGImagePropertyDICOMStorageURL	System/Library/Frameworks/ImageIO.framework/ImageIO.tbd
_kCGImagePropertyDICOMStoredInstanceBaseURI	System/Library/Frameworks/ImageIO.framework/ImageIO.tbd
_kCGImagePropertyDICOMStoredInstanceTransferSyntaxUID	System/Library/Frameworks/ImageIO.framework/ImageIO.tbd
_kCGImagePropertyDICOMStoredValueColorRangeSequence	System/Library/Frameworks/ImageIO.framework/ImageIO.tbd
_kCGImagePropertyDICOMStrainAdditionalInformation	System/Library/Frameworks/ImageIO.framework/ImageIO.tbd
_kCGImagePropertyDICOMStrainCodeSequence	System/Library/Frameworks/ImageIO.framework/ImageIO.tbd
_kCGImagePropertyDICOMStrainDescription	System/Library/Frameworks/ImageIO.framework/ImageIO.tbd
_kCGImagePropertyDICOMStrainNomenclature	System/Library/Frameworks/ImageIO.framework/ImageIO.tbd
_kCGImagePropertyDICOMStrainSource	System/Library/Frameworks/ImageIO.framework/ImageIO.tbd
_kCGImagePropertyDICOMStrainSourceRegistryCodeSequence	System/Library/Frameworks/ImageIO.framework/ImageIO.tbd
_kCGImagePropertyDICOMStrainStockNumber	System/Library/Frameworks/ImageIO.framework/ImageIO.tbd
_kCGImagePropertyDICOMStrainStockSequence	System/Library/Frameworks/ImageIO.framework/ImageIO.tbd
_kCGImagePropertyDICOMStructureSetDate	System/Library/Frameworks/ImageIO.framework/ImageIO.tbd
_kCGImagePropertyDICOMStructureSetDescription	System/Library/Frameworks/ImageIO.framework/ImageIO.tbd
_kCGImagePropertyDICOMStructureSetLabel	System/Library/Frameworks/ImageIO.framework/ImageIO.tbd
_kCGImagePropertyDICOMStructureSetName	System/Library/Frameworks/ImageIO.framework/ImageIO.tbd
_kCGImagePropertyDICOMStructureSetROISequence	System/Library/Frameworks/ImageIO.framework/ImageIO.tbd
_kCGImagePropertyDICOMStructureSetTime	System/Library/Frameworks/ImageIO.framework/ImageIO.tbd
_kCGImagePropertyDICOMStructuredConstraintObservationSequence	System/Library/Frameworks/ImageIO.framework/ImageIO.tbd
_kCGImagePropertyDICOMStructuredDisplayBackgroundCIELabValue	System/Library/Frameworks/ImageIO.framework/ImageIO.tbd
_kCGImagePropertyDICOMStructuredDisplayImageBoxSequence	System/Library/Frameworks/ImageIO.framework/ImageIO.tbd
_kCGImagePropertyDICOMStructuredDisplayTextBoxSequence	System/Library/Frameworks/ImageIO.framework/ImageIO.tbd
_kCGImagePropertyDICOMStudiesContainingOtherReferencedInstancesSequence	System/Library/Frameworks/ImageIO.framework/ImageIO.tbd
_kCGImagePropertyDICOMStudyAccessEndPointsSequence	System/Library/Frameworks/ImageIO.framework/ImageIO.tbd
_kCGImagePropertyDICOMStudyArrivalDate	System/Library/Frameworks/ImageIO.framework/ImageIO.tbd
_kCGImagePropertyDICOMStudyArrivalTime	System/Library/Frameworks/ImageIO.framework/ImageIO.tbd
_kCGImagePropertyDICOMStudyComments	System/Library/Frameworks/ImageIO.framework/ImageIO.tbd
_kCGImagePropertyDICOMStudyCompletionDate	System/Library/Frameworks/ImageIO.framework/ImageIO.tbd
_kCGImagePropertyDICOMStudyCompletionTime	System/Library/Frameworks/ImageIO.framework/ImageIO.tbd
_kCGImagePropertyDICOMStudyComponentStatusID	System/Library/Frameworks/ImageIO.framework/ImageIO.tbd
_kCGImagePropertyDICOMStudyDate	System/Library/Frameworks/ImageIO.framework/ImageIO.tbd
_kCGImagePropertyDICOMStudyDescription	System/Library/Frameworks/ImageIO.framework/ImageIO.tbd
_kCGImagePropertyDICOMStudyID	System/Library/Frameworks/ImageIO.framework/ImageIO.tbd
_kCGImagePropertyDICOMStudyIDIssuer	System/Library/Frameworks/ImageIO.framework/ImageIO.tbd
_kCGImagePropertyDICOMStudyInstanceUID	System/Library/Frameworks/ImageIO.framework/ImageIO.tbd
_kCGImagePropertyDICOMStudyPriorityID	System/Library/Frameworks/ImageIO.framework/ImageIO.tbd
_kCGImagePropertyDICOMStudyReadDate	System/Library/Frameworks/ImageIO.framework/ImageIO.tbd
_kCGImagePropertyDICOMStudyReadTime	System/Library/Frameworks/ImageIO.framework/ImageIO.tbd
_kCGImagePropertyDICOMStudyStatusID	System/Library/Frameworks/ImageIO.framework/ImageIO.tbd
_kCGImagePropertyDICOMStudyTime	System/Library/Frameworks/ImageIO.framework/ImageIO.tbd
_kCGImagePropertyDICOMStudyUpdateDateTime	System/Library/Frameworks/ImageIO.framework/ImageIO.tbd
_kCGImagePropertyDICOMStudyVerifiedDate	System/Library/Frameworks/ImageIO.framework/ImageIO.tbd
_kCGImagePropertyDICOMStudyVerifiedTime	System/Library/Frameworks/ImageIO.framework/ImageIO.tbd
_kCGImagePropertyDICOMSubjectArea	System/Library/Frameworks/ImageIO.framework/ImageIO.tbd
_kCGImagePropertyDICOMSubjectDistance	System/Library/Frameworks/ImageIO.framework/ImageIO.tbd
_kCGImagePropertyDICOMSubjectDistanceRange	System/Library/Frameworks/ImageIO.framework/ImageIO.tbd
_kCGImagePropertyDICOMSubjectLocation	System/Library/Frameworks/ImageIO.framework/ImageIO.tbd
_kCGImagePropertyDICOMSubjectRelativePositionInImage	System/Library/Frameworks/ImageIO.framework/ImageIO.tbd
_kCGImagePropertyDICOMSubjectiveRefractionLeftEyeSequence	System/Library/Frameworks/ImageIO.framework/ImageIO.tbd
_kCGImagePropertyDICOMSubjectiveRefractionRightEyeSequence	System/Library/Frameworks/ImageIO.framework/ImageIO.tbd
_kCGImagePropertyDICOMSubscriptionListStatus	System/Library/Frameworks/ImageIO.framework/ImageIO.tbd
_kCGImagePropertyDICOMSubstanceAdministrationApproval	System/Library/Frameworks/ImageIO.framework/ImageIO.tbd
_kCGImagePropertyDICOMSubstanceAdministrationDateTime	System/Library/Frameworks/ImageIO.framework/ImageIO.tbd
_kCGImagePropertyDICOMSubstanceAdministrationDeviceID	System/Library/Frameworks/ImageIO.framework/ImageIO.tbd
_kCGImagePropertyDICOMSubstanceAdministrationNotes	System/Library/Frameworks/ImageIO.framework/ImageIO.tbd
_kCGImagePropertyDICOMSubstanceAdministrationParameterSequence	System/Library/Frameworks/ImageIO.framework/ImageIO.tbd
_kCGImagePropertyDICOMSubtaskWorkitemCodeSequence	System/Library/Frameworks/ImageIO.framework/ImageIO.tbd
_kCGImagePropertyDICOMSubtractionItemID	System/Library/Frameworks/ImageIO.framework/ImageIO.tbd
_kCGImagePropertyDICOMSummarizedFilterLookupTable	System/Library/Frameworks/ImageIO.framework/ImageIO.tbd
_kCGImagePropertyDICOMSupportedImageDisplayFormatsSequence	System/Library/Frameworks/ImageIO.framework/ImageIO.tbd
_kCGImagePropertyDICOMSurfaceAsymmetryIndex	System/Library/Frameworks/ImageIO.framework/ImageIO.tbd
_kCGImagePropertyDICOMSurfaceComments	System/Library/Frameworks/ImageIO.framework/ImageIO.tbd
_kCGImagePropertyDICOMSurfaceCount	System/Library/Frameworks/ImageIO.framework/ImageIO.tbd
_kCGImagePropertyDICOMSurfaceEntryPoint	System/Library/Frameworks/ImageIO.framework/ImageIO.tbd
_kCGImagePropertyDICOMSurfaceMeshPrimitivesSequence	System/Library/Frameworks/ImageIO.framework/ImageIO.tbd
_kCGImagePropertyDICOMSurfaceMeshZPixelOffset	System/Library/Frameworks/ImageIO.framework/ImageIO.tbd
_kCGImagePropertyDICOMSurfaceModelDescriptionSequence	System/Library/Frameworks/ImageIO.framework/ImageIO.tbd
_kCGImagePropertyDICOMSurfaceModelLabel	System/Library/Frameworks/ImageIO.framework/ImageIO.tbd
_kCGImagePropertyDICOMSurfaceModelScalingFactor	System/Library/Frameworks/ImageIO.framework/ImageIO.tbd
_kCGImagePropertyDICOMSurfaceNumber	System/Library/Frameworks/ImageIO.framework/ImageIO.tbd
_kCGImagePropertyDICOMSurfacePointColorCIELabValueData	System/Library/Frameworks/ImageIO.framework/ImageIO.tbd
_kCGImagePropertyDICOMSurfacePointPresentationValueData	System/Library/Frameworks/ImageIO.framework/ImageIO.tbd
_kCGImagePropertyDICOMSurfacePointsNormalsSequence	System/Library/Frameworks/ImageIO.framework/ImageIO.tbd
_kCGImagePropertyDICOMSurfacePointsSequence	System/Library/Frameworks/ImageIO.framework/ImageIO.tbd
_kCGImagePropertyDICOMSurfaceProcessing	System/Library/Frameworks/ImageIO.framework/ImageIO.tbd
_kCGImagePropertyDICOMSurfaceProcessingAlgorithmIdentificationSequence	System/Library/Frameworks/ImageIO.framework/ImageIO.tbd
_kCGImagePropertyDICOMSurfaceProcessingDescription	System/Library/Frameworks/ImageIO.framework/ImageIO.tbd
_kCGImagePropertyDICOMSurfaceProcessingRatio	System/Library/Frameworks/ImageIO.framework/ImageIO.tbd
_kCGImagePropertyDICOMSurfaceRegularityIndex	System/Library/Frameworks/ImageIO.framework/ImageIO.tbd
_kCGImagePropertyDICOMSurfaceScanAcquisitionTypeCodeSequence	System/Library/Frameworks/ImageIO.framework/ImageIO.tbd
_kCGImagePropertyDICOMSurfaceScanModeCodeSequence	System/Library/Frameworks/ImageIO.framework/ImageIO.tbd
_kCGImagePropertyDICOMSurfaceSequence	System/Library/Frameworks/ImageIO.framework/ImageIO.tbd
_kCGImagePropertyDICOMSurgicalTechnique	System/Library/Frameworks/ImageIO.framework/ImageIO.tbd
_kCGImagePropertyDICOMSurgicallyInducedAstigmatismSequence	System/Library/Frameworks/ImageIO.framework/ImageIO.tbd
_kCGImagePropertyDICOMSwitchingPhaseNominalDuration	System/Library/Frameworks/ImageIO.framework/ImageIO.tbd
_kCGImagePropertyDICOMSwitchingPhaseNumber	System/Library/Frameworks/ImageIO.framework/ImageIO.tbd
_kCGImagePropertyDICOMSwitchingPhaseTransitionDuration	System/Library/Frameworks/ImageIO.framework/ImageIO.tbd
_kCGImagePropertyDICOMSwivelRange	System/Library/Frameworks/ImageIO.framework/ImageIO.tbd
_kCGImagePropertyDICOMSynchronizationChannel	System/Library/Frameworks/ImageIO.framework/ImageIO.tbd
_kCGImagePropertyDICOMSynchronizationFrameOfReferenceUID	System/Library/Frameworks/ImageIO.framework/ImageIO.tbd
_kCGImagePropertyDICOMSynchronizationTrigger	System/Library/Frameworks/ImageIO.framework/ImageIO.tbd
_kCGImagePropertyDICOMSynchronizedImageBoxList	System/Library/Frameworks/ImageIO.framework/ImageIO.tbd
_kCGImagePropertyDICOMSynchronizedScrollingSequence	System/Library/Frameworks/ImageIO.framework/ImageIO.tbd
_kCGImagePropertyDICOMSyringeCounts	System/Library/Frameworks/ImageIO.framework/ImageIO.tbd
_kCGImagePropertyDICOMSystemStatus	System/Library/Frameworks/ImageIO.framework/ImageIO.tbd
_kCGImagePropertyDICOMSystemStatusComment	System/Library/Frameworks/ImageIO.framework/ImageIO.tbd
_kCGImagePropertyDICOMT2Preparation	System/Library/Frameworks/ImageIO.framework/ImageIO.tbd
_kCGImagePropertyDICOMTDRType	System/Library/Frameworks/ImageIO.framework/ImageIO.tbd
_kCGImagePropertyDICOMTIDOffset	System/Library/Frameworks/ImageIO.framework/ImageIO.tbd
_kCGImagePropertyDICOMTIPType	System/Library/Frameworks/ImageIO.framework/ImageIO.tbd
_kCGImagePropertyDICOMTMLinePositionX0	System/Library/Frameworks/ImageIO.framework/ImageIO.tbd
_kCGImagePropertyDICOMTMLinePositionX0Retired	System/Library/Frameworks/ImageIO.framework/ImageIO.tbd
_kCGImagePropertyDICOMTMLinePositionX1	System/Library/Frameworks/ImageIO.framework/ImageIO.tbd
_kCGImagePropertyDICOMTMLinePositionX1Retired	System/Library/Frameworks/ImageIO.framework/ImageIO.tbd
_kCGImagePropertyDICOMTMLinePositionY0	System/Library/Frameworks/ImageIO.framework/ImageIO.tbd
_kCGImagePropertyDICOMTMLinePositionY0Retired	System/Library/Frameworks/ImageIO.framework/ImageIO.tbd
_kCGImagePropertyDICOMTMLinePositionY1	System/Library/Frameworks/ImageIO.framework/ImageIO.tbd
_kCGImagePropertyDICOMTMLinePositionY1Retired	System/Library/Frameworks/ImageIO.framework/ImageIO.tbd
_kCGImagePropertyDICOMTableAngle	System/Library/Frameworks/ImageIO.framework/ImageIO.tbd
_kCGImagePropertyDICOMTableColumnDefinitionSequence	System/Library/Frameworks/ImageIO.framework/ImageIO.tbd
_kCGImagePropertyDICOMTableColumnNumber	System/Library/Frameworks/ImageIO.framework/ImageIO.tbd
_kCGImagePropertyDICOMTableCradleTiltAngle	System/Library/Frameworks/ImageIO.framework/ImageIO.tbd
_kCGImagePropertyDICOMTableFeedPerRotation	System/Library/Frameworks/ImageIO.framework/ImageIO.tbd
_kCGImagePropertyDICOMTableFrameOfReferenceUID	System/Library/Frameworks/ImageIO.framework/ImageIO.tbd
_kCGImagePropertyDICOMTableHeadTiltAngle	System/Library/Frameworks/ImageIO.framework/ImageIO.tbd
_kCGImagePropertyDICOMTableHeight	System/Library/Frameworks/ImageIO.framework/ImageIO.tbd
_kCGImagePropertyDICOMTableHorizontalRotationAngle	System/Library/Frameworks/ImageIO.framework/ImageIO.tbd
_kCGImagePropertyDICOMTableLateralIncrement	System/Library/Frameworks/ImageIO.framework/ImageIO.tbd
_kCGImagePropertyDICOMTableLongitudinalIncrement	System/Library/Frameworks/ImageIO.framework/ImageIO.tbd
_kCGImagePropertyDICOMTableMotion	System/Library/Frameworks/ImageIO.framework/ImageIO.tbd
_kCGImagePropertyDICOMTableOfParameterValues	System/Library/Frameworks/ImageIO.framework/ImageIO.tbd
_kCGImagePropertyDICOMTableOfPixelValues	System/Library/Frameworks/ImageIO.framework/ImageIO.tbd
_kCGImagePropertyDICOMTableOfXBreakPoints	System/Library/Frameworks/ImageIO.framework/ImageIO.tbd
_kCGImagePropertyDICOMTableOfYBreakPoints	System/Library/Frameworks/ImageIO.framework/ImageIO.tbd
_kCGImagePropertyDICOMTablePosition	System/Library/Frameworks/ImageIO.framework/ImageIO.tbd
_kCGImagePropertyDICOMTablePositionSequence	System/Library/Frameworks/ImageIO.framework/ImageIO.tbd
_kCGImagePropertyDICOMTableRowDefinitionSequence	System/Library/Frameworks/ImageIO.framework/ImageIO.tbd
_kCGImagePropertyDICOMTableRowNumber	System/Library/Frameworks/ImageIO.framework/ImageIO.tbd
_kCGImagePropertyDICOMTableSpeed	System/Library/Frameworks/ImageIO.framework/ImageIO.tbd
_kCGImagePropertyDICOMTableTopEccentricAdjustedAngle	System/Library/Frameworks/ImageIO.framework/ImageIO.tbd
_kCGImagePropertyDICOMTableTopEccentricAngle	System/Library/Frameworks/ImageIO.framework/ImageIO.tbd
_kCGImagePropertyDICOMTableTopEccentricAngleTolerance	System/Library/Frameworks/ImageIO.framework/ImageIO.tbd
_kCGImagePropertyDICOMTableTopEccentricAxisDistance	System/Library/Frameworks/ImageIO.framework/ImageIO.tbd
_kCGImagePropertyDICOMTableTopEccentricRotationDirection	System/Library/Frameworks/ImageIO.framework/ImageIO.tbd
_kCGImagePropertyDICOMTableTopLateralAdjustedPosition	System/Library/Frameworks/ImageIO.framework/ImageIO.tbd
_kCGImagePropertyDICOMTableTopLateralPosition	System/Library/Frameworks/ImageIO.framework/ImageIO.tbd
_kCGImagePropertyDICOMTableTopLateralPositionTolerance	System/Library/Frameworks/ImageIO.framework/ImageIO.tbd
_kCGImagePropertyDICOMTableTopLateralSetupDisplacement	System/Library/Frameworks/ImageIO.framework/ImageIO.tbd
_kCGImagePropertyDICOMTableTopLongitudinalAdjustedPosition	System/Library/Frameworks/ImageIO.framework/ImageIO.tbd
_kCGImagePropertyDICOMTableTopLongitudinalPosition	System/Library/Frameworks/ImageIO.framework/ImageIO.tbd
_kCGImagePropertyDICOMTableTopLongitudinalPositionTolerance	System/Library/Frameworks/ImageIO.framework/ImageIO.tbd
_kCGImagePropertyDICOMTableTopLongitudinalSetupDisplacement	System/Library/Frameworks/ImageIO.framework/ImageIO.tbd
_kCGImagePropertyDICOMTableTopPitchAdjustedAngle	System/Library/Frameworks/ImageIO.framework/ImageIO.tbd
_kCGImagePropertyDICOMTableTopPitchAngle	System/Library/Frameworks/ImageIO.framework/ImageIO.tbd
_kCGImagePropertyDICOMTableTopPitchAngleTolerance	System/Library/Frameworks/ImageIO.framework/ImageIO.tbd
_kCGImagePropertyDICOMTableTopPitchRotationDirection	System/Library/Frameworks/ImageIO.framework/ImageIO.tbd
_kCGImagePropertyDICOMTableTopRollAdjustedAngle	System/Library/Frameworks/ImageIO.framework/ImageIO.tbd
_kCGImagePropertyDICOMTableTopRollAngle	System/Library/Frameworks/ImageIO.framework/ImageIO.tbd
_kCGImagePropertyDICOMTableTopRollAngleTolerance	System/Library/Frameworks/ImageIO.framework/ImageIO.tbd
_kCGImagePropertyDICOMTableTopRollRotationDirection	System/Library/Frameworks/ImageIO.framework/ImageIO.tbd
_kCGImagePropertyDICOMTableTopVerticalAdjustedPosition	System/Library/Frameworks/ImageIO.framework/ImageIO.tbd
_kCGImagePropertyDICOMTableTopVerticalPosition	System/Library/Frameworks/ImageIO.framework/ImageIO.tbd
_kCGImagePropertyDICOMTableTopVerticalPositionTolerance	System/Library/Frameworks/ImageIO.framework/ImageIO.tbd
_kCGImagePropertyDICOMTableTopVerticalSetupDisplacement	System/Library/Frameworks/ImageIO.framework/ImageIO.tbd
_kCGImagePropertyDICOMTableTraverse	System/Library/Frameworks/ImageIO.framework/ImageIO.tbd
_kCGImagePropertyDICOMTableType	System/Library/Frameworks/ImageIO.framework/ImageIO.tbd
_kCGImagePropertyDICOMTableVerticalIncrement	System/Library/Frameworks/ImageIO.framework/ImageIO.tbd
_kCGImagePropertyDICOMTableXPositionToIsocenter	System/Library/Frameworks/ImageIO.framework/ImageIO.tbd
_kCGImagePropertyDICOMTableYPositionToIsocenter	System/Library/Frameworks/ImageIO.framework/ImageIO.tbd
_kCGImagePropertyDICOMTableZPositionToIsocenter	System/Library/Frameworks/ImageIO.framework/ImageIO.tbd
_kCGImagePropertyDICOMTabulatedValuesSequence	System/Library/Frameworks/ImageIO.framework/ImageIO.tbd
_kCGImagePropertyDICOMTagAngleFirstAxis	System/Library/Frameworks/ImageIO.framework/ImageIO.tbd
_kCGImagePropertyDICOMTagAngleSecondAxis	System/Library/Frameworks/ImageIO.framework/ImageIO.tbd
_kCGImagePropertyDICOMTagSpacingFirstDimension	System/Library/Frameworks/ImageIO.framework/ImageIO.tbd
_kCGImagePropertyDICOMTagSpacingSecondDimension	System/Library/Frameworks/ImageIO.framework/ImageIO.tbd
_kCGImagePropertyDICOMTagThickness	System/Library/Frameworks/ImageIO.framework/ImageIO.tbd
_kCGImagePropertyDICOMTagging	System/Library/Frameworks/ImageIO.framework/ImageIO.tbd
_kCGImagePropertyDICOMTaggingDelay	System/Library/Frameworks/ImageIO.framework/ImageIO.tbd
_kCGImagePropertyDICOMTangentialPower	System/Library/Frameworks/ImageIO.framework/ImageIO.tbd
_kCGImagePropertyDICOMTargetExposureIndex	System/Library/Frameworks/ImageIO.framework/ImageIO.tbd
_kCGImagePropertyDICOMTargetFrameOfReferenceUID	System/Library/Frameworks/ImageIO.framework/ImageIO.tbd
_kCGImagePropertyDICOMTargetLabel	System/Library/Frameworks/ImageIO.framework/ImageIO.tbd
_kCGImagePropertyDICOMTargetLuminanceCharacteristicsSequence	System/Library/Frameworks/ImageIO.framework/ImageIO.tbd
_kCGImagePropertyDICOMTargetMaterialSequence	System/Library/Frameworks/ImageIO.framework/ImageIO.tbd
_kCGImagePropertyDICOMTargetMaximumDose	System/Library/Frameworks/ImageIO.framework/ImageIO.tbd
_kCGImagePropertyDICOMTargetMaximumLuminance	System/Library/Frameworks/ImageIO.framework/ImageIO.tbd
_kCGImagePropertyDICOMTargetMinimumDose	System/Library/Frameworks/ImageIO.framework/ImageIO.tbd
_kCGImagePropertyDICOMTargetMinimumLuminance	System/Library/Frameworks/ImageIO.framework/ImageIO.tbd
_kCGImagePropertyDICOMTargetPositionReferenceIndicator	System/Library/Frameworks/ImageIO.framework/ImageIO.tbd
_kCGImagePropertyDICOMTargetPrescriptionDose	System/Library/Frameworks/ImageIO.framework/ImageIO.tbd
_kCGImagePropertyDICOMTargetRefraction	System/Library/Frameworks/ImageIO.framework/ImageIO.tbd
_kCGImagePropertyDICOMTargetUID	System/Library/Frameworks/ImageIO.framework/ImageIO.tbd
_kCGImagePropertyDICOMTargetUnderdoseVolumeFraction	System/Library/Frameworks/ImageIO.framework/ImageIO.tbd
_kCGImagePropertyDICOMTelephoneNumberTrial	System/Library/Frameworks/ImageIO.framework/ImageIO.tbd
_kCGImagePropertyDICOMTeletherapyRadiationType	System/Library/Frameworks/ImageIO.framework/ImageIO.tbd
_kCGImagePropertyDICOMTemperature	System/Library/Frameworks/ImageIO.framework/ImageIO.tbd
_kCGImagePropertyDICOMTemplateExtensionCreatorUID	System/Library/Frameworks/ImageIO.framework/ImageIO.tbd
_kCGImagePropertyDICOMTemplateExtensionFlag	System/Library/Frameworks/ImageIO.framework/ImageIO.tbd
_kCGImagePropertyDICOMTemplateExtensionOrganizationUID	System/Library/Frameworks/ImageIO.framework/ImageIO.tbd
_kCGImagePropertyDICOMTemplateIdentifier	System/Library/Frameworks/ImageIO.framework/ImageIO.tbd
_kCGImagePropertyDICOMTemplateLocalVersion	System/Library/Frameworks/ImageIO.framework/ImageIO.tbd
_kCGImagePropertyDICOMTemplateName	System/Library/Frameworks/ImageIO.framework/ImageIO.tbd
_kCGImagePropertyDICOMTemplateNumber	System/Library/Frameworks/ImageIO.framework/ImageIO.tbd
_kCGImagePropertyDICOMTemplateType	System/Library/Frameworks/ImageIO.framework/ImageIO.tbd
_kCGImagePropertyDICOMTemplateVersion	System/Library/Frameworks/ImageIO.framework/ImageIO.tbd
_kCGImagePropertyDICOMTemporalPositionIdentifier	System/Library/Frameworks/ImageIO.framework/ImageIO.tbd
_kCGImagePropertyDICOMTemporalPositionIndex	System/Library/Frameworks/ImageIO.framework/ImageIO.tbd
_kCGImagePropertyDICOMTemporalPositionSequence	System/Library/Frameworks/ImageIO.framework/ImageIO.tbd
_kCGImagePropertyDICOMTemporalPositionTimeOffset	System/Library/Frameworks/ImageIO.framework/ImageIO.tbd
_kCGImagePropertyDICOMTemporalRangeType	System/Library/Frameworks/ImageIO.framework/ImageIO.tbd
_kCGImagePropertyDICOMTemporalRelationshipIntervalAnchor	System/Library/Frameworks/ImageIO.framework/ImageIO.tbd
_kCGImagePropertyDICOMTemporalResolution	System/Library/Frameworks/ImageIO.framework/ImageIO.tbd
_kCGImagePropertyDICOMTerminationCardiacTriggerCountThreshold	System/Library/Frameworks/ImageIO.framework/ImageIO.tbd
_kCGImagePropertyDICOMTerminationCountsThreshold	System/Library/Frameworks/ImageIO.framework/ImageIO.tbd
_kCGImagePropertyDICOMTerminationDensityThreshold	System/Library/Frameworks/ImageIO.framework/ImageIO.tbd
_kCGImagePropertyDICOMTerminationRelativeDensityThreshold	System/Library/Frameworks/ImageIO.framework/ImageIO.tbd
_kCGImagePropertyDICOMTerminationRespiratoryTriggerCountThreshold	System/Library/Frameworks/ImageIO.framework/ImageIO.tbd
_kCGImagePropertyDICOMTerminationTimeThreshold	System/Library/Frameworks/ImageIO.framework/ImageIO.tbd
_kCGImagePropertyDICOMTestImageValidation	System/Library/Frameworks/ImageIO.framework/ImageIO.tbd
_kCGImagePropertyDICOMTestPatternCodeSequence	System/Library/Frameworks/ImageIO.framework/ImageIO.tbd
_kCGImagePropertyDICOMTestPointNormalsDataFlag	System/Library/Frameworks/ImageIO.framework/ImageIO.tbd
_kCGImagePropertyDICOMTestPointNormalsSequence	System/Library/Frameworks/ImageIO.framework/ImageIO.tbd
_kCGImagePropertyDICOMTestResult	System/Library/Frameworks/ImageIO.framework/ImageIO.tbd
_kCGImagePropertyDICOMTestResultComment	System/Library/Frameworks/ImageIO.framework/ImageIO.tbd
_kCGImagePropertyDICOMTextColorCIELabValue	System/Library/Frameworks/ImageIO.framework/ImageIO.tbd
_kCGImagePropertyDICOMTextComments	System/Library/Frameworks/ImageIO.framework/ImageIO.tbd
_kCGImagePropertyDICOMTextObjectSequence	System/Library/Frameworks/ImageIO.framework/ImageIO.tbd
_kCGImagePropertyDICOMTextString	System/Library/Frameworks/ImageIO.framework/ImageIO.tbd
_kCGImagePropertyDICOMTextStyleSequence	System/Library/Frameworks/ImageIO.framework/ImageIO.tbd
_kCGImagePropertyDICOMTextValue	System/Library/Frameworks/ImageIO.framework/ImageIO.tbd
_kCGImagePropertyDICOMTextureLabel	System/Library/Frameworks/ImageIO.framework/ImageIO.tbd
_kCGImagePropertyDICOMTherapeuticRoleCategoryCodeSequence	System/Library/Frameworks/ImageIO.framework/ImageIO.tbd
_kCGImagePropertyDICOMTherapeuticRoleTypeCodeSequence	System/Library/Frameworks/ImageIO.framework/ImageIO.tbd
_kCGImagePropertyDICOMTherapyDescription	System/Library/Frameworks/ImageIO.framework/ImageIO.tbd
_kCGImagePropertyDICOMTherapyType	System/Library/Frameworks/ImageIO.framework/ImageIO.tbd
_kCGImagePropertyDICOMThreatCategory	System/Library/Frameworks/ImageIO.framework/ImageIO.tbd
_kCGImagePropertyDICOMThreatCategoryDescription	System/Library/Frameworks/ImageIO.framework/ImageIO.tbd
_kCGImagePropertyDICOMThreatDetectionAlgorithmAndVersion	System/Library/Frameworks/ImageIO.framework/ImageIO.tbd
_kCGImagePropertyDICOMThreatROIBase	System/Library/Frameworks/ImageIO.framework/ImageIO.tbd
_kCGImagePropertyDICOMThreatROIBitmap	System/Library/Frameworks/ImageIO.framework/ImageIO.tbd
_kCGImagePropertyDICOMThreatROIExtents	System/Library/Frameworks/ImageIO.framework/ImageIO.tbd
_kCGImagePropertyDICOMThreatROIVoxelSequence	System/Library/Frameworks/ImageIO.framework/ImageIO.tbd
_kCGImagePropertyDICOMThreatSequence	System/Library/Frameworks/ImageIO.framework/ImageIO.tbd
_kCGImagePropertyDICOMThreeDDegreeOfFreedomAxis	System/Library/Frameworks/ImageIO.framework/ImageIO.tbd
_kCGImagePropertyDICOMThreeDImplantTemplateGroupMemberMatchingAxes	System/Library/Frameworks/ImageIO.framework/ImageIO.tbd
_kCGImagePropertyDICOMThreeDImplantTemplateGroupMemberMatchingPoint	System/Library/Frameworks/ImageIO.framework/ImageIO.tbd
_kCGImagePropertyDICOMThreeDLineCoordinates	System/Library/Frameworks/ImageIO.framework/ImageIO.tbd
_kCGImagePropertyDICOMThreeDMatingAxes	System/Library/Frameworks/ImageIO.framework/ImageIO.tbd
_kCGImagePropertyDICOMThreeDMatingPoint	System/Library/Frameworks/ImageIO.framework/ImageIO.tbd
_kCGImagePropertyDICOMThreeDPlaneNormal	System/Library/Frameworks/ImageIO.framework/ImageIO.tbd
_kCGImagePropertyDICOMThreeDPlaneOrigin	System/Library/Frameworks/ImageIO.framework/ImageIO.tbd
_kCGImagePropertyDICOMThreeDPointCoordinates	System/Library/Frameworks/ImageIO.framework/ImageIO.tbd
_kCGImagePropertyDICOMThreeDRenderingType	System/Library/Frameworks/ImageIO.framework/ImageIO.tbd
_kCGImagePropertyDICOMThresholdDensity	System/Library/Frameworks/ImageIO.framework/ImageIO.tbd
_kCGImagePropertyDICOMThresholdSequence	System/Library/Frameworks/ImageIO.framework/ImageIO.tbd
_kCGImagePropertyDICOMThresholdType	System/Library/Frameworks/ImageIO.framework/ImageIO.tbd
_kCGImagePropertyDICOMThresholdValue	System/Library/Frameworks/ImageIO.framework/ImageIO.tbd
_kCGImagePropertyDICOMThresholdValueSequence	System/Library/Frameworks/ImageIO.framework/ImageIO.tbd
_kCGImagePropertyDICOMTickAlignment	System/Library/Frameworks/ImageIO.framework/ImageIO.tbd
_kCGImagePropertyDICOMTickLabel	System/Library/Frameworks/ImageIO.framework/ImageIO.tbd
_kCGImagePropertyDICOMTickLabelAlignment	System/Library/Frameworks/ImageIO.framework/ImageIO.tbd
_kCGImagePropertyDICOMTickPosition	System/Library/Frameworks/ImageIO.framework/ImageIO.tbd
_kCGImagePropertyDICOMTime	System/Library/Frameworks/ImageIO.framework/ImageIO.tbd
_kCGImagePropertyDICOMTimeBasedImageSetsSequence	System/Library/Frameworks/ImageIO.framework/ImageIO.tbd
_kCGImagePropertyDICOMTimeDistributionProtocol	System/Library/Frameworks/ImageIO.framework/ImageIO.tbd
_kCGImagePropertyDICOMTimeDomainFiltering	System/Library/Frameworks/ImageIO.framework/ImageIO.tbd
_kCGImagePropertyDICOMTimeOfDocumentCreationOrVerbalTransactionTrial	System/Library/Frameworks/ImageIO.framework/ImageIO.tbd
_kCGImagePropertyDICOMTimeOfFlightContrast	System/Library/Frameworks/ImageIO.framework/ImageIO.tbd
_kCGImagePropertyDICOMTimeOfFlightInformationUsed	System/Library/Frameworks/ImageIO.framework/ImageIO.tbd
_kCGImagePropertyDICOMTimeOfFrameGroupSequence	System/Library/Frameworks/ImageIO.framework/ImageIO.tbd
_kCGImagePropertyDICOMTimeOfGainCalibration	System/Library/Frameworks/ImageIO.framework/ImageIO.tbd
_kCGImagePropertyDICOMTimeOfLastCalibration	System/Library/Frameworks/ImageIO.framework/ImageIO.tbd
_kCGImagePropertyDICOMTimeOfLastDetectorCalibration	System/Library/Frameworks/ImageIO.framework/ImageIO.tbd
_kCGImagePropertyDICOMTimeOfSecondaryCapture	System/Library/Frameworks/ImageIO.framework/ImageIO.tbd
_kCGImagePropertyDICOMTimeRange	System/Library/Frameworks/ImageIO.framework/ImageIO.tbd
_kCGImagePropertyDICOMTimeSeriesBlending	System/Library/Frameworks/ImageIO.framework/ImageIO.tbd
_kCGImagePropertyDICOMTimeSliceVector	System/Library/Frameworks/ImageIO.framework/ImageIO.tbd
_kCGImagePropertyDICOMTimeSlotInformationSequence	System/Library/Frameworks/ImageIO.framework/ImageIO.tbd
_kCGImagePropertyDICOMTimeSlotNumber	System/Library/Frameworks/ImageIO.framework/ImageIO.tbd
_kCGImagePropertyDICOMTimeSlotTime	System/Library/Frameworks/ImageIO.framework/ImageIO.tbd
_kCGImagePropertyDICOMTimeSlotVector	System/Library/Frameworks/ImageIO.framework/ImageIO.tbd
_kCGImagePropertyDICOMTimeSource	System/Library/Frameworks/ImageIO.framework/ImageIO.tbd
_kCGImagePropertyDICOMTimezoneOffsetFromUTC	System/Library/Frameworks/ImageIO.framework/ImageIO.tbd
_kCGImagePropertyDICOMTissueHeterogeneityCorrection	System/Library/Frameworks/ImageIO.framework/ImageIO.tbd
_kCGImagePropertyDICOMToleranceTableLabel	System/Library/Frameworks/ImageIO.framework/ImageIO.tbd
_kCGImagePropertyDICOMToleranceTableNumber	System/Library/Frameworks/ImageIO.framework/ImageIO.tbd
_kCGImagePropertyDICOMToleranceTableSequence	System/Library/Frameworks/ImageIO.framework/ImageIO.tbd
_kCGImagePropertyDICOMToleranceValue	System/Library/Frameworks/ImageIO.framework/ImageIO.tbd
_kCGImagePropertyDICOMTomoAngle	System/Library/Frameworks/ImageIO.framework/ImageIO.tbd
_kCGImagePropertyDICOMTomoClass	System/Library/Frameworks/ImageIO.framework/ImageIO.tbd
_kCGImagePropertyDICOMTomoLayerHeight	System/Library/Frameworks/ImageIO.framework/ImageIO.tbd
_kCGImagePropertyDICOMTomoTime	System/Library/Frameworks/ImageIO.framework/ImageIO.tbd
_kCGImagePropertyDICOMTomoType	System/Library/Frameworks/ImageIO.framework/ImageIO.tbd
_kCGImagePropertyDICOMTomotherapeuticControlPointSequence	System/Library/Frameworks/ImageIO.framework/ImageIO.tbd
_kCGImagePropertyDICOMTomotherapeuticLeafInitialClosedDurations	System/Library/Frameworks/ImageIO.framework/ImageIO.tbd
_kCGImagePropertyDICOMTomotherapeuticLeafOpenDurations	System/Library/Frameworks/ImageIO.framework/ImageIO.tbd
_kCGImagePropertyDICOMTopLeftHandCornerOfLocalizerArea	System/Library/Frameworks/ImageIO.framework/ImageIO.tbd
_kCGImagePropertyDICOMTopicAuthor	System/Library/Frameworks/ImageIO.framework/ImageIO.tbd
_kCGImagePropertyDICOMTopicKeywords	System/Library/Frameworks/ImageIO.framework/ImageIO.tbd
_kCGImagePropertyDICOMTopicSubject	System/Library/Frameworks/ImageIO.framework/ImageIO.tbd
_kCGImagePropertyDICOMTopicTitle	System/Library/Frameworks/ImageIO.framework/ImageIO.tbd
_kCGImagePropertyDICOMToricIOLPowerForExactEmmetropiaSequence	System/Library/Frameworks/ImageIO.framework/ImageIO.tbd
_kCGImagePropertyDICOMToricIOLPowerForExactTargetRefractionSequence	System/Library/Frameworks/ImageIO.framework/ImageIO.tbd
_kCGImagePropertyDICOMToricIOLPowerSequence	System/Library/Frameworks/ImageIO.framework/ImageIO.tbd
_kCGImagePropertyDICOMTotalAperture	System/Library/Frameworks/ImageIO.framework/ImageIO.tbd
_kCGImagePropertyDICOMTotalBlockTrayFactor	System/Library/Frameworks/ImageIO.framework/ImageIO.tbd
_kCGImagePropertyDICOMTotalBlockTrayWaterEquivalentThickness	System/Library/Frameworks/ImageIO.framework/ImageIO.tbd
_kCGImagePropertyDICOMTotalCollimationWidth	System/Library/Frameworks/ImageIO.framework/ImageIO.tbd
_kCGImagePropertyDICOMTotalCompensatorTrayFactor	System/Library/Frameworks/ImageIO.framework/ImageIO.tbd
_kCGImagePropertyDICOMTotalCompensatorTrayWaterEquivalentThickness	System/Library/Frameworks/ImageIO.framework/ImageIO.tbd
_kCGImagePropertyDICOMTotalGain	System/Library/Frameworks/ImageIO.framework/ImageIO.tbd
_kCGImagePropertyDICOMTotalNumberOfExposures	System/Library/Frameworks/ImageIO.framework/ImageIO.tbd
_kCGImagePropertyDICOMTotalNumberOfPiecesOfMediaCreated	System/Library/Frameworks/ImageIO.framework/ImageIO.tbd
_kCGImagePropertyDICOMTotalNumberOfStudyRecords	System/Library/Frameworks/ImageIO.framework/ImageIO.tbd
_kCGImagePropertyDICOMTotalPixelMatrixColumns	System/Library/Frameworks/ImageIO.framework/ImageIO.tbd
_kCGImagePropertyDICOMTotalPixelMatrixFocalPlanes	System/Library/Frameworks/ImageIO.framework/ImageIO.tbd
_kCGImagePropertyDICOMTotalPixelMatrixOriginSequence	System/Library/Frameworks/ImageIO.framework/ImageIO.tbd
_kCGImagePropertyDICOMTotalPixelMatrixRows	System/Library/Frameworks/ImageIO.framework/ImageIO.tbd
_kCGImagePropertyDICOMTotalPrescriptionDose	System/Library/Frameworks/ImageIO.framework/ImageIO.tbd
_kCGImagePropertyDICOMTotalProcessingTime	System/Library/Frameworks/ImageIO.framework/ImageIO.tbd
_kCGImagePropertyDICOMTotalReferenceAirKerma	System/Library/Frameworks/ImageIO.framework/ImageIO.tbd
_kCGImagePropertyDICOMTotalTime	System/Library/Frameworks/ImageIO.framework/ImageIO.tbd
_kCGImagePropertyDICOMTotalTimeOfFluoroscopy	System/Library/Frameworks/ImageIO.framework/ImageIO.tbd
_kCGImagePropertyDICOMTotalWedgeTrayWaterEquivalentThickness	System/Library/Frameworks/ImageIO.framework/ImageIO.tbd
_kCGImagePropertyDICOMTrackPointIndexList	System/Library/Frameworks/ImageIO.framework/ImageIO.tbd
_kCGImagePropertyDICOMTrackSequence	System/Library/Frameworks/ImageIO.framework/ImageIO.tbd
_kCGImagePropertyDICOMTrackSetAnatomicalTypeCodeSequence	System/Library/Frameworks/ImageIO.framework/ImageIO.tbd
_kCGImagePropertyDICOMTrackSetDescription	System/Library/Frameworks/ImageIO.framework/ImageIO.tbd
_kCGImagePropertyDICOMTrackSetLabel	System/Library/Frameworks/ImageIO.framework/ImageIO.tbd
_kCGImagePropertyDICOMTrackSetNumber	System/Library/Frameworks/ImageIO.framework/ImageIO.tbd
_kCGImagePropertyDICOMTrackSetSequence	System/Library/Frameworks/ImageIO.framework/ImageIO.tbd
_kCGImagePropertyDICOMTrackSetStatisticsSequence	System/Library/Frameworks/ImageIO.framework/ImageIO.tbd
_kCGImagePropertyDICOMTrackStatisticsSequence	System/Library/Frameworks/ImageIO.framework/ImageIO.tbd
_kCGImagePropertyDICOMTrackingAlgorithmIdentificationSequence	System/Library/Frameworks/ImageIO.framework/ImageIO.tbd
_kCGImagePropertyDICOMTrackingID	System/Library/Frameworks/ImageIO.framework/ImageIO.tbd
_kCGImagePropertyDICOMTrackingUID	System/Library/Frameworks/ImageIO.framework/ImageIO.tbd
_kCGImagePropertyDICOMTransactionStatus	System/Library/Frameworks/ImageIO.framework/ImageIO.tbd
_kCGImagePropertyDICOMTransactionStatusComment	System/Library/Frameworks/ImageIO.framework/ImageIO.tbd
_kCGImagePropertyDICOMTransactionUID	System/Library/Frameworks/ImageIO.framework/ImageIO.tbd
_kCGImagePropertyDICOMTransducerApplicationCodeSequence	System/Library/Frameworks/ImageIO.framework/ImageIO.tbd
_kCGImagePropertyDICOMTransducerBeamSteeringCodeSequence	System/Library/Frameworks/ImageIO.framework/ImageIO.tbd
_kCGImagePropertyDICOMTransducerData	System/Library/Frameworks/ImageIO.framework/ImageIO.tbd
_kCGImagePropertyDICOMTransducerFrequency	System/Library/Frameworks/ImageIO.framework/ImageIO.tbd
_kCGImagePropertyDICOMTransducerGeometryCodeSequence	System/Library/Frameworks/ImageIO.framework/ImageIO.tbd
_kCGImagePropertyDICOMTransducerIdentificationSequence	System/Library/Frameworks/ImageIO.framework/ImageIO.tbd
_kCGImagePropertyDICOMTransducerOrientation	System/Library/Frameworks/ImageIO.framework/ImageIO.tbd
_kCGImagePropertyDICOMTransducerOrientationModifierSequence	System/Library/Frameworks/ImageIO.framework/ImageIO.tbd
_kCGImagePropertyDICOMTransducerOrientationSequence	System/Library/Frameworks/ImageIO.framework/ImageIO.tbd
_kCGImagePropertyDICOMTransducerPosition	System/Library/Frameworks/ImageIO.framework/ImageIO.tbd
_kCGImagePropertyDICOMTransducerPositionModifierSequence	System/Library/Frameworks/ImageIO.framework/ImageIO.tbd
_kCGImagePropertyDICOMTransducerPositionSequence	System/Library/Frameworks/ImageIO.framework/ImageIO.tbd
_kCGImagePropertyDICOMTransducerResponseSequence	System/Library/Frameworks/ImageIO.framework/ImageIO.tbd
_kCGImagePropertyDICOMTransducerScanPatternCodeSequence	System/Library/Frameworks/ImageIO.framework/ImageIO.tbd
_kCGImagePropertyDICOMTransducerTechnologySequence	System/Library/Frameworks/ImageIO.framework/ImageIO.tbd
_kCGImagePropertyDICOMTransducerType	System/Library/Frameworks/ImageIO.framework/ImageIO.tbd
_kCGImagePropertyDICOMTransferSyntaxUID	System/Library/Frameworks/ImageIO.framework/ImageIO.tbd
_kCGImagePropertyDICOMTransferTubeLength	System/Library/Frameworks/ImageIO.framework/ImageIO.tbd
_kCGImagePropertyDICOMTransferTubeNumber	System/Library/Frameworks/ImageIO.framework/ImageIO.tbd
_kCGImagePropertyDICOMTransformDescription	System/Library/Frameworks/ImageIO.framework/ImageIO.tbd
_kCGImagePropertyDICOMTransformLabel	System/Library/Frameworks/ImageIO.framework/ImageIO.tbd
_kCGImagePropertyDICOMTransformNumberOfAxes	System/Library/Frameworks/ImageIO.framework/ImageIO.tbd
_kCGImagePropertyDICOMTransformOrderOfAxes	System/Library/Frameworks/ImageIO.framework/ImageIO.tbd
_kCGImagePropertyDICOMTransformVersionNumber	System/Library/Frameworks/ImageIO.framework/ImageIO.tbd
_kCGImagePropertyDICOMTransformationAlgorithmSequence	System/Library/Frameworks/ImageIO.framework/ImageIO.tbd
_kCGImagePropertyDICOMTransformationMethodCodeSequence	System/Library/Frameworks/ImageIO.framework/ImageIO.tbd
_kCGImagePropertyDICOMTransformedAxisUnits	System/Library/Frameworks/ImageIO.framework/ImageIO.tbd
_kCGImagePropertyDICOMTranslationRateX	System/Library/Frameworks/ImageIO.framework/ImageIO.tbd
_kCGImagePropertyDICOMTranslationRateY	System/Library/Frameworks/ImageIO.framework/ImageIO.tbd
_kCGImagePropertyDICOMTransmitCoilManufacturerName	System/Library/Frameworks/ImageIO.framework/ImageIO.tbd
_kCGImagePropertyDICOMTransmitCoilName	System/Library/Frameworks/ImageIO.framework/ImageIO.tbd
_kCGImagePropertyDICOMTransmitCoilType	System/Library/Frameworks/ImageIO.framework/ImageIO.tbd
_kCGImagePropertyDICOMTransmitTransducerSequence	System/Library/Frameworks/ImageIO.framework/ImageIO.tbd
_kCGImagePropertyDICOMTransmitTransducerSettingsSequence	System/Library/Frameworks/ImageIO.framework/ImageIO.tbd
_kCGImagePropertyDICOMTransmitterFrequency	System/Library/Frameworks/ImageIO.framework/ImageIO.tbd
_kCGImagePropertyDICOMTransportClassification	System/Library/Frameworks/ImageIO.framework/ImageIO.tbd
_kCGImagePropertyDICOMTransverseDetectorSeparation	System/Library/Frameworks/ImageIO.framework/ImageIO.tbd
_kCGImagePropertyDICOMTransverseMash	System/Library/Frameworks/ImageIO.framework/ImageIO.tbd
_kCGImagePropertyDICOMTrayAccessoryCode	System/Library/Frameworks/ImageIO.framework/ImageIO.tbd
_kCGImagePropertyDICOMTreatmentControlPointDate	System/Library/Frameworks/ImageIO.framework/ImageIO.tbd
_kCGImagePropertyDICOMTreatmentControlPointTime	System/Library/Frameworks/ImageIO.framework/ImageIO.tbd
_kCGImagePropertyDICOMTreatmentDate	System/Library/Frameworks/ImageIO.framework/ImageIO.tbd
_kCGImagePropertyDICOMTreatmentDeliveryContinuationFlag	System/Library/Frameworks/ImageIO.framework/ImageIO.tbd
_kCGImagePropertyDICOMTreatmentDeliveryType	System/Library/Frameworks/ImageIO.framework/ImageIO.tbd
_kCGImagePropertyDICOMTreatmentDeviceIdentificationSequence	System/Library/Frameworks/ImageIO.framework/ImageIO.tbd
_kCGImagePropertyDICOMTreatmentMachineName	System/Library/Frameworks/ImageIO.framework/ImageIO.tbd
_kCGImagePropertyDICOMTreatmentMachineSequence	System/Library/Frameworks/ImageIO.framework/ImageIO.tbd
_kCGImagePropertyDICOMTreatmentMachineSpecialModeCodeSequence	System/Library/Frameworks/ImageIO.framework/ImageIO.tbd
_kCGImagePropertyDICOMTreatmentPositionGroupLabel	System/Library/Frameworks/ImageIO.framework/ImageIO.tbd
_kCGImagePropertyDICOMTreatmentPositionGroupSequence	System/Library/Frameworks/ImageIO.framework/ImageIO.tbd
_kCGImagePropertyDICOMTreatmentPositionGroupUID	System/Library/Frameworks/ImageIO.framework/ImageIO.tbd
_kCGImagePropertyDICOMTreatmentPositionIndex	System/Library/Frameworks/ImageIO.framework/ImageIO.tbd
_kCGImagePropertyDICOMTreatmentPositionSequence	System/Library/Frameworks/ImageIO.framework/ImageIO.tbd
_kCGImagePropertyDICOMTreatmentProtocols	System/Library/Frameworks/ImageIO.framework/ImageIO.tbd
_kCGImagePropertyDICOMTreatmentRecordContentOrigin	System/Library/Frameworks/ImageIO.framework/ImageIO.tbd
_kCGImagePropertyDICOMTreatmentSessionApplicationSetupSequence	System/Library/Frameworks/ImageIO.framework/ImageIO.tbd
_kCGImagePropertyDICOMTreatmentSessionBeamSequence	System/Library/Frameworks/ImageIO.framework/ImageIO.tbd
_kCGImagePropertyDICOMTreatmentSessionIonBeamSequence	System/Library/Frameworks/ImageIO.framework/ImageIO.tbd
_kCGImagePropertyDICOMTreatmentSessionUID	System/Library/Frameworks/ImageIO.framework/ImageIO.tbd
_kCGImagePropertyDICOMTreatmentSite	System/Library/Frameworks/ImageIO.framework/ImageIO.tbd
_kCGImagePropertyDICOMTreatmentSiteCodeSequence	System/Library/Frameworks/ImageIO.framework/ImageIO.tbd
_kCGImagePropertyDICOMTreatmentSiteModifierCodeSequence	System/Library/Frameworks/ImageIO.framework/ImageIO.tbd
_kCGImagePropertyDICOMTreatmentSites	System/Library/Frameworks/ImageIO.framework/ImageIO.tbd
_kCGImagePropertyDICOMTreatmentStatusComment	System/Library/Frameworks/ImageIO.framework/ImageIO.tbd
_kCGImagePropertyDICOMTreatmentSummaryCalculatedDoseReferenceSequence	System/Library/Frameworks/ImageIO.framework/ImageIO.tbd
_kCGImagePropertyDICOMTreatmentSummaryMeasuredDoseReferenceSequence	System/Library/Frameworks/ImageIO.framework/ImageIO.tbd
_kCGImagePropertyDICOMTreatmentTechniqueNotes	System/Library/Frameworks/ImageIO.framework/ImageIO.tbd
_kCGImagePropertyDICOMTreatmentTerminationCode	System/Library/Frameworks/ImageIO.framework/ImageIO.tbd
_kCGImagePropertyDICOMTreatmentTerminationDescription	System/Library/Frameworks/ImageIO.framework/ImageIO.tbd
_kCGImagePropertyDICOMTreatmentTerminationStatus	System/Library/Frameworks/ImageIO.framework/ImageIO.tbd
_kCGImagePropertyDICOMTreatmentTime	System/Library/Frameworks/ImageIO.framework/ImageIO.tbd
_kCGImagePropertyDICOMTreatmentTimeLimit	System/Library/Frameworks/ImageIO.framework/ImageIO.tbd
_kCGImagePropertyDICOMTreatmentToleranceViolationAttributeSequence	System/Library/Frameworks/ImageIO.framework/ImageIO.tbd
_kCGImagePropertyDICOMTreatmentToleranceViolationCategory	System/Library/Frameworks/ImageIO.framework/ImageIO.tbd
_kCGImagePropertyDICOMTreatmentToleranceViolationCauseCodeSequence	System/Library/Frameworks/ImageIO.framework/ImageIO.tbd
_kCGImagePropertyDICOMTreatmentToleranceViolationDateTime	System/Library/Frameworks/ImageIO.framework/ImageIO.tbd
_kCGImagePropertyDICOMTreatmentToleranceViolationDescription	System/Library/Frameworks/ImageIO.framework/ImageIO.tbd
_kCGImagePropertyDICOMTreatmentToleranceViolationIdentification	System/Library/Frameworks/ImageIO.framework/ImageIO.tbd
_kCGImagePropertyDICOMTreatmentToleranceViolationSequence	System/Library/Frameworks/ImageIO.framework/ImageIO.tbd
_kCGImagePropertyDICOMTreatmentToleranceViolationTypeCodeSequence	System/Library/Frameworks/ImageIO.framework/ImageIO.tbd
_kCGImagePropertyDICOMTreatmentVerificationStatus	System/Library/Frameworks/ImageIO.framework/ImageIO.tbd
_kCGImagePropertyDICOMTriangleFanSequence	System/Library/Frameworks/ImageIO.framework/ImageIO.tbd
_kCGImagePropertyDICOMTrianglePointIndexList	System/Library/Frameworks/ImageIO.framework/ImageIO.tbd
_kCGImagePropertyDICOMTriangleStripSequence	System/Library/Frameworks/ImageIO.framework/ImageIO.tbd
_kCGImagePropertyDICOMTriggerSamplePosition	System/Library/Frameworks/ImageIO.framework/ImageIO.tbd
_kCGImagePropertyDICOMTriggerSourceOrType	System/Library/Frameworks/ImageIO.framework/ImageIO.tbd
_kCGImagePropertyDICOMTriggerTime	System/Library/Frameworks/ImageIO.framework/ImageIO.tbd
_kCGImagePropertyDICOMTriggerTimeOffset	System/Library/Frameworks/ImageIO.framework/ImageIO.tbd
_kCGImagePropertyDICOMTriggerVector	System/Library/Frameworks/ImageIO.framework/ImageIO.tbd
_kCGImagePropertyDICOMTriggerWindow	System/Library/Frameworks/ImageIO.framework/ImageIO.tbd
_kCGImagePropertyDICOMTrim	System/Library/Frameworks/ImageIO.framework/ImageIO.tbd
_kCGImagePropertyDICOMTubeAngle	System/Library/Frameworks/ImageIO.framework/ImageIO.tbd
_kCGImagePropertyDICOMTwoDDegreeOfFreedomAxis	System/Library/Frameworks/ImageIO.framework/ImageIO.tbd
_kCGImagePropertyDICOMTwoDDegreeOfFreedomSequence	System/Library/Frameworks/ImageIO.framework/ImageIO.tbd
_kCGImagePropertyDICOMTwoDImplantTemplateGroupMemberMatchingAxes	System/Library/Frameworks/ImageIO.framework/ImageIO.tbd
_kCGImagePropertyDICOMTwoDImplantTemplateGroupMemberMatchingPoint	System/Library/Frameworks/ImageIO.framework/ImageIO.tbd
_kCGImagePropertyDICOMTwoDLineCoordinates	System/Library/Frameworks/ImageIO.framework/ImageIO.tbd
_kCGImagePropertyDICOMTwoDLineCoordinatesSequence	System/Library/Frameworks/ImageIO.framework/ImageIO.tbd
_kCGImagePropertyDICOMTwoDMatingAxes	System/Library/Frameworks/ImageIO.framework/ImageIO.tbd
_kCGImagePropertyDICOMTwoDMatingFeatureCoordinatesSequence	System/Library/Frameworks/ImageIO.framework/ImageIO.tbd
_kCGImagePropertyDICOMTwoDMatingPoint	System/Library/Frameworks/ImageIO.framework/ImageIO.tbd
_kCGImagePropertyDICOMTwoDPlaneCoordinatesSequence	System/Library/Frameworks/ImageIO.framework/ImageIO.tbd
_kCGImagePropertyDICOMTwoDPlaneIntersection	System/Library/Frameworks/ImageIO.framework/ImageIO.tbd
_kCGImagePropertyDICOMTwoDPointCoordinates	System/Library/Frameworks/ImageIO.framework/ImageIO.tbd
_kCGImagePropertyDICOMTwoDPointCoordinatesSequence	System/Library/Frameworks/ImageIO.framework/ImageIO.tbd
_kCGImagePropertyDICOMTwoDimensionalToThreeDimensionalMapData	System/Library/Frameworks/ImageIO.framework/ImageIO.tbd
_kCGImagePropertyDICOMTwoDimensionalToThreeDimensionalMapSequence	System/Library/Frameworks/ImageIO.framework/ImageIO.tbd
_kCGImagePropertyDICOMTypeOfData	System/Library/Frameworks/ImageIO.framework/ImageIO.tbd
_kCGImagePropertyDICOMTypeOfDetectorMotion	System/Library/Frameworks/ImageIO.framework/ImageIO.tbd
_kCGImagePropertyDICOMTypeOfFilters	System/Library/Frameworks/ImageIO.framework/ImageIO.tbd
_kCGImagePropertyDICOMTypeOfInstances	System/Library/Frameworks/ImageIO.framework/ImageIO.tbd
_kCGImagePropertyDICOMTypeOfOpticalCorrection	System/Library/Frameworks/ImageIO.framework/ImageIO.tbd
_kCGImagePropertyDICOMTypeOfPatientID	System/Library/Frameworks/ImageIO.framework/ImageIO.tbd
_kCGImagePropertyDICOMTypeOfSynchronization	System/Library/Frameworks/ImageIO.framework/ImageIO.tbd
_kCGImagePropertyDICOMUDISequence	System/Library/Frameworks/ImageIO.framework/ImageIO.tbd
_kCGImagePropertyDICOMUID	System/Library/Frameworks/ImageIO.framework/ImageIO.tbd
_kCGImagePropertyDICOMURNCodeValue	System/Library/Frameworks/ImageIO.framework/ImageIO.tbd
_kCGImagePropertyDICOMUSImageDescriptionSequence	System/Library/Frameworks/ImageIO.framework/ImageIO.tbd
_kCGImagePropertyDICOMUVMappingSequence	System/Library/Frameworks/ImageIO.framework/ImageIO.tbd
_kCGImagePropertyDICOMUValueData	System/Library/Frameworks/ImageIO.framework/ImageIO.tbd
_kCGImagePropertyDICOMUltrasoundAcquisitionGeometry	System/Library/Frameworks/ImageIO.framework/ImageIO.tbd
_kCGImagePropertyDICOMUltrasoundColorDataPresent	System/Library/Frameworks/ImageIO.framework/ImageIO.tbd
_kCGImagePropertyDICOMUltrasoundOphthalmicAxialLengthMeasurementsSequence	System/Library/Frameworks/ImageIO.framework/ImageIO.tbd
_kCGImagePropertyDICOMUltrasoundSelectedOphthalmicAxialLengthSequence	System/Library/Frameworks/ImageIO.framework/ImageIO.tbd
_kCGImagePropertyDICOMUnassignedPerFrameConvertedAttributesSequence	System/Library/Frameworks/ImageIO.framework/ImageIO.tbd
_kCGImagePropertyDICOMUnassignedSharedConvertedAttributesSequence	System/Library/Frameworks/ImageIO.framework/ImageIO.tbd
_kCGImagePropertyDICOMUnderlined	System/Library/Frameworks/ImageIO.framework/ImageIO.tbd
_kCGImagePropertyDICOMUnformattedTextValue	System/Library/Frameworks/ImageIO.framework/ImageIO.tbd
_kCGImagePropertyDICOMUnifiedProcedureStepListStatus	System/Library/Frameworks/ImageIO.framework/ImageIO.tbd
_kCGImagePropertyDICOMUnifiedProcedureStepPerformedProcedureSequence	System/Library/Frameworks/ImageIO.framework/ImageIO.tbd
_kCGImagePropertyDICOMUniformResourceLocatorTrial	System/Library/Frameworks/ImageIO.framework/ImageIO.tbd
_kCGImagePropertyDICOMUniqueDeviceIdentifier	System/Library/Frameworks/ImageIO.framework/ImageIO.tbd
_kCGImagePropertyDICOMUnits	System/Library/Frameworks/ImageIO.framework/ImageIO.tbd
_kCGImagePropertyDICOMUniversalEntityID	System/Library/Frameworks/ImageIO.framework/ImageIO.tbd
_kCGImagePropertyDICOMUniversalEntityIDType	System/Library/Frameworks/ImageIO.framework/ImageIO.tbd
_kCGImagePropertyDICOMUnspecifiedLateralityLensSequence	System/Library/Frameworks/ImageIO.framework/ImageIO.tbd
_kCGImagePropertyDICOMUpdatedMetadataSequence	System/Library/Frameworks/ImageIO.framework/ImageIO.tbd
_kCGImagePropertyDICOMUpperCutoffFrequency	System/Library/Frameworks/ImageIO.framework/ImageIO.tbd
_kCGImagePropertyDICOMUpperLimitNumberOfPersistentFluoroscopyFrames	System/Library/Frameworks/ImageIO.framework/ImageIO.tbd
_kCGImagePropertyDICOMUpperLowerPixelValues	System/Library/Frameworks/ImageIO.framework/ImageIO.tbd
_kCGImagePropertyDICOMUrgencyOrPriorityAlertsTrial	System/Library/Frameworks/ImageIO.framework/ImageIO.tbd
_kCGImagePropertyDICOMUsedFiducialsSequence	System/Library/Frameworks/ImageIO.framework/ImageIO.tbd
_kCGImagePropertyDICOMUsedRTStructureSetROISequence	System/Library/Frameworks/ImageIO.framework/ImageIO.tbd
_kCGImagePropertyDICOMUsedSegmentsSequence	System/Library/Frameworks/ImageIO.framework/ImageIO.tbd
_kCGImagePropertyDICOMUserContentLabel	System/Library/Frameworks/ImageIO.framework/ImageIO.tbd
_kCGImagePropertyDICOMUserContentLongLabel	System/Library/Frameworks/ImageIO.framework/ImageIO.tbd
_kCGImagePropertyDICOMUserSelectedGainY	System/Library/Frameworks/ImageIO.framework/ImageIO.tbd
_kCGImagePropertyDICOMUserSelectedOffsetX	System/Library/Frameworks/ImageIO.framework/ImageIO.tbd
_kCGImagePropertyDICOMUserSelectedOffsetY	System/Library/Frameworks/ImageIO.framework/ImageIO.tbd
_kCGImagePropertyDICOMUserSelectedPhase	System/Library/Frameworks/ImageIO.framework/ImageIO.tbd
_kCGImagePropertyDICOMVOILUTFunction	System/Library/Frameworks/ImageIO.framework/ImageIO.tbd
_kCGImagePropertyDICOMVOILUTSequence	System/Library/Frameworks/ImageIO.framework/ImageIO.tbd
_kCGImagePropertyDICOMVOIType	System/Library/Frameworks/ImageIO.framework/ImageIO.tbd
_kCGImagePropertyDICOMVValueData	System/Library/Frameworks/ImageIO.framework/ImageIO.tbd
_kCGImagePropertyDICOMValueType	System/Library/Frameworks/ImageIO.framework/ImageIO.tbd
_kCGImagePropertyDICOMVariableCoefficientsSDDN	System/Library/Frameworks/ImageIO.framework/ImageIO.tbd
_kCGImagePropertyDICOMVariableCoefficientsSDHN	System/Library/Frameworks/ImageIO.framework/ImageIO.tbd
_kCGImagePropertyDICOMVariableCoefficientsSDVN	System/Library/Frameworks/ImageIO.framework/ImageIO.tbd
_kCGImagePropertyDICOMVariableFlipAngleFlag	System/Library/Frameworks/ImageIO.framework/ImageIO.tbd
_kCGImagePropertyDICOMVariableModalityLUTSequence	System/Library/Frameworks/ImageIO.framework/ImageIO.tbd
_kCGImagePropertyDICOMVariableNextDataGroup	System/Library/Frameworks/ImageIO.framework/ImageIO.tbd
_kCGImagePropertyDICOMVariablePixelData	System/Library/Frameworks/ImageIO.framework/ImageIO.tbd
_kCGImagePropertyDICOMVectorAccuracy	System/Library/Frameworks/ImageIO.framework/ImageIO.tbd
_kCGImagePropertyDICOMVectorCoordinateData	System/Library/Frameworks/ImageIO.framework/ImageIO.tbd
_kCGImagePropertyDICOMVectorDimensionality	System/Library/Frameworks/ImageIO.framework/ImageIO.tbd
_kCGImagePropertyDICOMVectorGridData	System/Library/Frameworks/ImageIO.framework/ImageIO.tbd
_kCGImagePropertyDICOMVelocityEncodingAcquisitionSequence	System/Library/Frameworks/ImageIO.framework/ImageIO.tbd
_kCGImagePropertyDICOMVelocityEncodingDirection	System/Library/Frameworks/ImageIO.framework/ImageIO.tbd
_kCGImagePropertyDICOMVelocityEncodingMaximumValue	System/Library/Frameworks/ImageIO.framework/ImageIO.tbd
_kCGImagePropertyDICOMVelocityEncodingMinimumValue	System/Library/Frameworks/ImageIO.framework/ImageIO.tbd
_kCGImagePropertyDICOMVelocityOfSound	System/Library/Frameworks/ImageIO.framework/ImageIO.tbd
_kCGImagePropertyDICOMVerbalSourceIdentifierCodeSequenceTrial	System/Library/Frameworks/ImageIO.framework/ImageIO.tbd
_kCGImagePropertyDICOMVerbalSourceTrial	System/Library/Frameworks/ImageIO.framework/ImageIO.tbd
_kCGImagePropertyDICOMVerificationDateTime	System/Library/Frameworks/ImageIO.framework/ImageIO.tbd
_kCGImagePropertyDICOMVerificationFlag	System/Library/Frameworks/ImageIO.framework/ImageIO.tbd
_kCGImagePropertyDICOMVerificationImageTiming	System/Library/Frameworks/ImageIO.framework/ImageIO.tbd
_kCGImagePropertyDICOMVerifyingObserverIdentificationCodeSequence	System/Library/Frameworks/ImageIO.framework/ImageIO.tbd
_kCGImagePropertyDICOMVerifyingObserverName	System/Library/Frameworks/ImageIO.framework/ImageIO.tbd
_kCGImagePropertyDICOMVerifyingObserverSequence	System/Library/Frameworks/ImageIO.framework/ImageIO.tbd
_kCGImagePropertyDICOMVerifyingOrganization	System/Library/Frameworks/ImageIO.framework/ImageIO.tbd
_kCGImagePropertyDICOMVertexPointIndexList	System/Library/Frameworks/ImageIO.framework/ImageIO.tbd
_kCGImagePropertyDICOMVerticalAlignment	System/Library/Frameworks/ImageIO.framework/ImageIO.tbd
_kCGImagePropertyDICOMVerticalOffsetOfSensor	System/Library/Frameworks/ImageIO.framework/ImageIO.tbd
_kCGImagePropertyDICOMVerticalPrismBase	System/Library/Frameworks/ImageIO.framework/ImageIO.tbd
_kCGImagePropertyDICOMVerticalPrismPower	System/Library/Frameworks/ImageIO.framework/ImageIO.tbd
_kCGImagePropertyDICOMVerticesOfTheOutlineOfPupil	System/Library/Frameworks/ImageIO.framework/ImageIO.tbd
_kCGImagePropertyDICOMVerticesOfThePolygonalCollimator	System/Library/Frameworks/ImageIO.framework/ImageIO.tbd
_kCGImagePropertyDICOMVerticesOfThePolygonalExposureControlSensingRegion	System/Library/Frameworks/ImageIO.framework/ImageIO.tbd
_kCGImagePropertyDICOMVerticesOfThePolygonalOutline	System/Library/Frameworks/ImageIO.framework/ImageIO.tbd
_kCGImagePropertyDICOMVerticesOfThePolygonalShutter	System/Library/Frameworks/ImageIO.framework/ImageIO.tbd
_kCGImagePropertyDICOMVerticesOfTheRegion	System/Library/Frameworks/ImageIO.framework/ImageIO.tbd
_kCGImagePropertyDICOMVideoImageFormatAcquired	System/Library/Frameworks/ImageIO.framework/ImageIO.tbd
_kCGImagePropertyDICOMViewCodeSequence	System/Library/Frameworks/ImageIO.framework/ImageIO.tbd
_kCGImagePropertyDICOMViewModifierCodeSequence	System/Library/Frameworks/ImageIO.framework/ImageIO.tbd
_kCGImagePropertyDICOMViewName	System/Library/Frameworks/ImageIO.framework/ImageIO.tbd
_kCGImagePropertyDICOMViewNumber	System/Library/Frameworks/ImageIO.framework/ImageIO.tbd
_kCGImagePropertyDICOMViewOrientationCodeSequence	System/Library/Frameworks/ImageIO.framework/ImageIO.tbd
_kCGImagePropertyDICOMViewOrientationModifierCodeSequence	System/Library/Frameworks/ImageIO.framework/ImageIO.tbd
_kCGImagePropertyDICOMViewPosition	System/Library/Frameworks/ImageIO.framework/ImageIO.tbd
_kCGImagePropertyDICOMViewingDistance	System/Library/Frameworks/ImageIO.framework/ImageIO.tbd
_kCGImagePropertyDICOMViewingDistanceType	System/Library/Frameworks/ImageIO.framework/ImageIO.tbd
_kCGImagePropertyDICOMViewpointLookAtPoint	System/Library/Frameworks/ImageIO.framework/ImageIO.tbd
_kCGImagePropertyDICOMViewpointPosition	System/Library/Frameworks/ImageIO.framework/ImageIO.tbd
_kCGImagePropertyDICOMViewpointUpDirection	System/Library/Frameworks/ImageIO.framework/ImageIO.tbd
_kCGImagePropertyDICOMVirtualSourceAxisDistances	System/Library/Frameworks/ImageIO.framework/ImageIO.tbd
_kCGImagePropertyDICOMVisitComments	System/Library/Frameworks/ImageIO.framework/ImageIO.tbd
_kCGImagePropertyDICOMVisitStatusID	System/Library/Frameworks/ImageIO.framework/ImageIO.tbd
_kCGImagePropertyDICOMVisualAcuityBothEyesOpenSequence	System/Library/Frameworks/ImageIO.framework/ImageIO.tbd
_kCGImagePropertyDICOMVisualAcuityLeftEyeSequence	System/Library/Frameworks/ImageIO.framework/ImageIO.tbd
_kCGImagePropertyDICOMVisualAcuityMeasurementSequence	System/Library/Frameworks/ImageIO.framework/ImageIO.tbd
_kCGImagePropertyDICOMVisualAcuityModifiers	System/Library/Frameworks/ImageIO.framework/ImageIO.tbd
_kCGImagePropertyDICOMVisualAcuityRightEyeSequence	System/Library/Frameworks/ImageIO.framework/ImageIO.tbd
_kCGImagePropertyDICOMVisualAcuityTypeCodeSequence	System/Library/Frameworks/ImageIO.framework/ImageIO.tbd
_kCGImagePropertyDICOMVisualEvaluationMethodCodeSequence	System/Library/Frameworks/ImageIO.framework/ImageIO.tbd
_kCGImagePropertyDICOMVisualEvaluationResultSequence	System/Library/Frameworks/ImageIO.framework/ImageIO.tbd
_kCGImagePropertyDICOMVisualEvaluationTestSequence	System/Library/Frameworks/ImageIO.framework/ImageIO.tbd
_kCGImagePropertyDICOMVisualFieldCatchTrialSequence	System/Library/Frameworks/ImageIO.framework/ImageIO.tbd
_kCGImagePropertyDICOMVisualFieldGlobalResultsIndexSequence	System/Library/Frameworks/ImageIO.framework/ImageIO.tbd
_kCGImagePropertyDICOMVisualFieldHorizontalExtent	System/Library/Frameworks/ImageIO.framework/ImageIO.tbd
_kCGImagePropertyDICOMVisualFieldMeanSensitivity	System/Library/Frameworks/ImageIO.framework/ImageIO.tbd
_kCGImagePropertyDICOMVisualFieldShape	System/Library/Frameworks/ImageIO.framework/ImageIO.tbd
_kCGImagePropertyDICOMVisualFieldTestDuration	System/Library/Frameworks/ImageIO.framework/ImageIO.tbd
_kCGImagePropertyDICOMVisualFieldTestNormalsFlag	System/Library/Frameworks/ImageIO.framework/ImageIO.tbd
_kCGImagePropertyDICOMVisualFieldTestPointNormalsSequence	System/Library/Frameworks/ImageIO.framework/ImageIO.tbd
_kCGImagePropertyDICOMVisualFieldTestPointSequence	System/Library/Frameworks/ImageIO.framework/ImageIO.tbd
_kCGImagePropertyDICOMVisualFieldTestPointXCoordinate	System/Library/Frameworks/ImageIO.framework/ImageIO.tbd
_kCGImagePropertyDICOMVisualFieldTestPointYCoordinate	System/Library/Frameworks/ImageIO.framework/ImageIO.tbd
_kCGImagePropertyDICOMVisualFieldTestReliabilityGlobalIndexSequence	System/Library/Frameworks/ImageIO.framework/ImageIO.tbd
_kCGImagePropertyDICOMVisualFieldVerticalExtent	System/Library/Frameworks/ImageIO.framework/ImageIO.tbd
_kCGImagePropertyDICOMVitalStainCodeSequenceTrial	System/Library/Frameworks/ImageIO.framework/ImageIO.tbd
_kCGImagePropertyDICOMVitreousStatusCodeSequence	System/Library/Frameworks/ImageIO.framework/ImageIO.tbd
_kCGImagePropertyDICOMVitreousStatusDescription	System/Library/Frameworks/ImageIO.framework/ImageIO.tbd
_kCGImagePropertyDICOMVolumeBasedCalculationTechnique	System/Library/Frameworks/ImageIO.framework/ImageIO.tbd
_kCGImagePropertyDICOMVolumeCroppingMethod	System/Library/Frameworks/ImageIO.framework/ImageIO.tbd
_kCGImagePropertyDICOMVolumeCroppingSequence	System/Library/Frameworks/ImageIO.framework/ImageIO.tbd
_kCGImagePropertyDICOMVolumeFrameOfReferenceUID	System/Library/Frameworks/ImageIO.framework/ImageIO.tbd
_kCGImagePropertyDICOMVolumeLocalizationSequence	System/Library/Frameworks/ImageIO.framework/ImageIO.tbd
_kCGImagePropertyDICOMVolumeLocalizationTechnique	System/Library/Frameworks/ImageIO.framework/ImageIO.tbd
_kCGImagePropertyDICOMVolumeOfPTO	System/Library/Frameworks/ImageIO.framework/ImageIO.tbd
_kCGImagePropertyDICOMVolumeStreamSequence	System/Library/Frameworks/ImageIO.framework/ImageIO.tbd
_kCGImagePropertyDICOMVolumeToTableMappingMatrix	System/Library/Frameworks/ImageIO.framework/ImageIO.tbd
_kCGImagePropertyDICOMVolumeToTransducerMappingMatrix	System/Library/Frameworks/ImageIO.framework/ImageIO.tbd
_kCGImagePropertyDICOMVolumeToTransducerRelationship	System/Library/Frameworks/ImageIO.framework/ImageIO.tbd
_kCGImagePropertyDICOMVolumetricAnnotationSequence	System/Library/Frameworks/ImageIO.framework/ImageIO.tbd
_kCGImagePropertyDICOMVolumetricCurvePoints	System/Library/Frameworks/ImageIO.framework/ImageIO.tbd
_kCGImagePropertyDICOMVolumetricCurveUpDirections	System/Library/Frameworks/ImageIO.framework/ImageIO.tbd
_kCGImagePropertyDICOMVolumetricPresentationInputAnnotationSequence	System/Library/Frameworks/ImageIO.framework/ImageIO.tbd
_kCGImagePropertyDICOMVolumetricPresentationInputIndex	System/Library/Frameworks/ImageIO.framework/ImageIO.tbd
_kCGImagePropertyDICOMVolumetricPresentationInputNumber	System/Library/Frameworks/ImageIO.framework/ImageIO.tbd
_kCGImagePropertyDICOMVolumetricPresentationInputSetSequence	System/Library/Frameworks/ImageIO.framework/ImageIO.tbd
_kCGImagePropertyDICOMVolumetricPresentationInputSetUID	System/Library/Frameworks/ImageIO.framework/ImageIO.tbd
_kCGImagePropertyDICOMVolumetricPresentationStateInputSequence	System/Library/Frameworks/ImageIO.framework/ImageIO.tbd
_kCGImagePropertyDICOMVolumetricProperties	System/Library/Frameworks/ImageIO.framework/ImageIO.tbd
_kCGImagePropertyDICOMWADORSRetrievalSequence	System/Library/Frameworks/ImageIO.framework/ImageIO.tbd
_kCGImagePropertyDICOMWADORetrievalSequence	System/Library/Frameworks/ImageIO.framework/ImageIO.tbd
_kCGImagePropertyDICOMWarningReason	System/Library/Frameworks/ImageIO.framework/ImageIO.tbd
_kCGImagePropertyDICOMWaterDepth	System/Library/Frameworks/ImageIO.framework/ImageIO.tbd
_kCGImagePropertyDICOMWaterEquivalentDiameter	System/Library/Frameworks/ImageIO.framework/ImageIO.tbd
_kCGImagePropertyDICOMWaterEquivalentDiameterCalculationMethodCodeSequence	System/Library/Frameworks/ImageIO.framework/ImageIO.tbd
_kCGImagePropertyDICOMWaterReferenceAcquisition	System/Library/Frameworks/ImageIO.framework/ImageIO.tbd
_kCGImagePropertyDICOMWaterReferencedPhaseCorrection	System/Library/Frameworks/ImageIO.framework/ImageIO.tbd
_kCGImagePropertyDICOMWaveformAmplifierType	System/Library/Frameworks/ImageIO.framework/ImageIO.tbd
_kCGImagePropertyDICOMWaveformAnnotationSequence	System/Library/Frameworks/ImageIO.framework/ImageIO.tbd
_kCGImagePropertyDICOMWaveformBitsAllocated	System/Library/Frameworks/ImageIO.framework/ImageIO.tbd
_kCGImagePropertyDICOMWaveformBitsStored	System/Library/Frameworks/ImageIO.framework/ImageIO.tbd
_kCGImagePropertyDICOMWaveformChannelNumber	System/Library/Frameworks/ImageIO.framework/ImageIO.tbd
_kCGImagePropertyDICOMWaveformData	System/Library/Frameworks/ImageIO.framework/ImageIO.tbd
_kCGImagePropertyDICOMWaveformDataDisplayScale	System/Library/Frameworks/ImageIO.framework/ImageIO.tbd
_kCGImagePropertyDICOMWaveformDisplayBackgroundCIELabValue	System/Library/Frameworks/ImageIO.framework/ImageIO.tbd
_kCGImagePropertyDICOMWaveformFilterDescription	System/Library/Frameworks/ImageIO.framework/ImageIO.tbd
_kCGImagePropertyDICOMWaveformFilterType	System/Library/Frameworks/ImageIO.framework/ImageIO.tbd
_kCGImagePropertyDICOMWaveformOriginality	System/Library/Frameworks/ImageIO.framework/ImageIO.tbd
_kCGImagePropertyDICOMWaveformPaddingValue	System/Library/Frameworks/ImageIO.framework/ImageIO.tbd
_kCGImagePropertyDICOMWaveformPresentationGroupSequence	System/Library/Frameworks/ImageIO.framework/ImageIO.tbd
_kCGImagePropertyDICOMWaveformSampleInterpretation	System/Library/Frameworks/ImageIO.framework/ImageIO.tbd
_kCGImagePropertyDICOMWaveformSequence	System/Library/Frameworks/ImageIO.framework/ImageIO.tbd
_kCGImagePropertyDICOMWedgeAngle	System/Library/Frameworks/ImageIO.framework/ImageIO.tbd
_kCGImagePropertyDICOMWedgeAngleFloat	System/Library/Frameworks/ImageIO.framework/ImageIO.tbd
_kCGImagePropertyDICOMWedgeChamferHeight	System/Library/Frameworks/ImageIO.framework/ImageIO.tbd
_kCGImagePropertyDICOMWedgeCurve	System/Library/Frameworks/ImageIO.framework/ImageIO.tbd
_kCGImagePropertyDICOMWedgeDefinitionSequence	System/Library/Frameworks/ImageIO.framework/ImageIO.tbd
_kCGImagePropertyDICOMWedgeDescription	System/Library/Frameworks/ImageIO.framework/ImageIO.tbd
_kCGImagePropertyDICOMWedgeElement1Position	System/Library/Frameworks/ImageIO.framework/ImageIO.tbd
_kCGImagePropertyDICOMWedgeFactor	System/Library/Frameworks/ImageIO.framework/ImageIO.tbd
_kCGImagePropertyDICOMWedgeFrontGap	System/Library/Frameworks/ImageIO.framework/ImageIO.tbd
_kCGImagePropertyDICOMWedgeFrontHeight	System/Library/Frameworks/ImageIO.framework/ImageIO.tbd
_kCGImagePropertyDICOMWedgeID	System/Library/Frameworks/ImageIO.framework/ImageIO.tbd
_kCGImagePropertyDICOMWedgeInContactLength	System/Library/Frameworks/ImageIO.framework/ImageIO.tbd
_kCGImagePropertyDICOMWedgeInContactWidth	System/Library/Frameworks/ImageIO.framework/ImageIO.tbd
_kCGImagePropertyDICOMWedgeManufacturerName	System/Library/Frameworks/ImageIO.framework/ImageIO.tbd
_kCGImagePropertyDICOMWedgeMaterial	System/Library/Frameworks/ImageIO.framework/ImageIO.tbd
_kCGImagePropertyDICOMWedgeMaterialVelocity	System/Library/Frameworks/ImageIO.framework/ImageIO.tbd
_kCGImagePropertyDICOMWedgeModelNumber	System/Library/Frameworks/ImageIO.framework/ImageIO.tbd
_kCGImagePropertyDICOMWedgeName	System/Library/Frameworks/ImageIO.framework/ImageIO.tbd
_kCGImagePropertyDICOMWedgeNumber	System/Library/Frameworks/ImageIO.framework/ImageIO.tbd
_kCGImagePropertyDICOMWedgeOffsetX	System/Library/Frameworks/ImageIO.framework/ImageIO.tbd
_kCGImagePropertyDICOMWedgeOffsetY	System/Library/Frameworks/ImageIO.framework/ImageIO.tbd
_kCGImagePropertyDICOMWedgeOffsetZ	System/Library/Frameworks/ImageIO.framework/ImageIO.tbd
_kCGImagePropertyDICOMWedgeOrientation	System/Library/Frameworks/ImageIO.framework/ImageIO.tbd
_kCGImagePropertyDICOMWedgeOriginOffsetX	System/Library/Frameworks/ImageIO.framework/ImageIO.tbd
_kCGImagePropertyDICOMWedgePosition	System/Library/Frameworks/ImageIO.framework/ImageIO.tbd
_kCGImagePropertyDICOMWedgePositionSequence	System/Library/Frameworks/ImageIO.framework/ImageIO.tbd
_kCGImagePropertyDICOMWedgeRearHeight	System/Library/Frameworks/ImageIO.framework/ImageIO.tbd
_kCGImagePropertyDICOMWedgeRoofAngle	System/Library/Frameworks/ImageIO.framework/ImageIO.tbd
_kCGImagePropertyDICOMWedgeSequence	System/Library/Frameworks/ImageIO.framework/ImageIO.tbd
_kCGImagePropertyDICOMWedgeThinEdgePosition	System/Library/Frameworks/ImageIO.framework/ImageIO.tbd
_kCGImagePropertyDICOMWedgeTimeDelay	System/Library/Frameworks/ImageIO.framework/ImageIO.tbd
_kCGImagePropertyDICOMWedgeTotalHeight	System/Library/Frameworks/ImageIO.framework/ImageIO.tbd
_kCGImagePropertyDICOMWedgeTotalLength	System/Library/Frameworks/ImageIO.framework/ImageIO.tbd
_kCGImagePropertyDICOMWedgeTotalWidth	System/Library/Frameworks/ImageIO.framework/ImageIO.tbd
_kCGImagePropertyDICOMWedgeType	System/Library/Frameworks/ImageIO.framework/ImageIO.tbd
_kCGImagePropertyDICOMWeekdayFractionPatternSequence	System/Library/Frameworks/ImageIO.framework/ImageIO.tbd
_kCGImagePropertyDICOMWeightingLookupTableData	System/Library/Frameworks/ImageIO.framework/ImageIO.tbd
_kCGImagePropertyDICOMWeightingLookupTableDescriptor	System/Library/Frameworks/ImageIO.framework/ImageIO.tbd
_kCGImagePropertyDICOMWeightingTransferFunctionSequence	System/Library/Frameworks/ImageIO.framework/ImageIO.tbd
_kCGImagePropertyDICOMWhiteBalance	System/Library/Frameworks/ImageIO.framework/ImageIO.tbd
_kCGImagePropertyDICOMWhitePoint	System/Library/Frameworks/ImageIO.framework/ImageIO.tbd
_kCGImagePropertyDICOMWhitePointFlag	System/Library/Frameworks/ImageIO.framework/ImageIO.tbd
_kCGImagePropertyDICOMWholeBodyTechnique	System/Library/Frameworks/ImageIO.framework/ImageIO.tbd
_kCGImagePropertyDICOMWholeSlideMicroscopyImageFrameTypeSequence	System/Library/Frameworks/ImageIO.framework/ImageIO.tbd
_kCGImagePropertyDICOMWideFieldOphthalmicPhotographyQualityRatingSequence	System/Library/Frameworks/ImageIO.framework/ImageIO.tbd
_kCGImagePropertyDICOMWideFieldOphthalmicPhotographyQualityThresholdSequence	System/Library/Frameworks/ImageIO.framework/ImageIO.tbd
_kCGImagePropertyDICOMWideFieldOphthalmicPhotographyThresholdQualityRating	System/Library/Frameworks/ImageIO.framework/ImageIO.tbd
_kCGImagePropertyDICOMWindowCenter	System/Library/Frameworks/ImageIO.framework/ImageIO.tbd
_kCGImagePropertyDICOMWindowCenterWidthExplanation	System/Library/Frameworks/ImageIO.framework/ImageIO.tbd
_kCGImagePropertyDICOMWindowWidth	System/Library/Frameworks/ImageIO.framework/ImageIO.tbd
_kCGImagePropertyDICOMWorklistLabel	System/Library/Frameworks/ImageIO.framework/ImageIO.tbd
_kCGImagePropertyDICOMXAAcquisitionDuration	System/Library/Frameworks/ImageIO.framework/ImageIO.tbd
_kCGImagePropertyDICOMXAAcquisitionFrameRate	System/Library/Frameworks/ImageIO.framework/ImageIO.tbd
_kCGImagePropertyDICOMXAAcquisitionPhaseDetailsSequence	System/Library/Frameworks/ImageIO.framework/ImageIO.tbd
_kCGImagePropertyDICOMXAPlaneDetailsSequence	System/Library/Frameworks/ImageIO.framework/ImageIO.tbd
_kCGImagePropertyDICOMXAXRFFrameCharacteristicsSequence	System/Library/Frameworks/ImageIO.framework/ImageIO.tbd
_kCGImagePropertyDICOMXCoordinatesCenterPixelViewAngle	System/Library/Frameworks/ImageIO.framework/ImageIO.tbd
_kCGImagePropertyDICOMXDSRetrievalSequence	System/Library/Frameworks/ImageIO.framework/ImageIO.tbd
_kCGImagePropertyDICOMXDSStorageSequence	System/Library/Frameworks/ImageIO.framework/ImageIO.tbd
_kCGImagePropertyDICOMXFocusCenter	System/Library/Frameworks/ImageIO.framework/ImageIO.tbd
_kCGImagePropertyDICOMXOffsetInSlideCoordinateSystem	System/Library/Frameworks/ImageIO.framework/ImageIO.tbd
_kCGImagePropertyDICOMXRay3DAcquisitionSequence	System/Library/Frameworks/ImageIO.framework/ImageIO.tbd
_kCGImagePropertyDICOMXRay3DFrameTypeSequence	System/Library/Frameworks/ImageIO.framework/ImageIO.tbd
_kCGImagePropertyDICOMXRay3DReconstructionSequence	System/Library/Frameworks/ImageIO.framework/ImageIO.tbd
_kCGImagePropertyDICOMXRayAcquisitionDoseSequence	System/Library/Frameworks/ImageIO.framework/ImageIO.tbd
_kCGImagePropertyDICOMXRayDetectorID	System/Library/Frameworks/ImageIO.framework/ImageIO.tbd
_kCGImagePropertyDICOMXRayDetectorIndex	System/Library/Frameworks/ImageIO.framework/ImageIO.tbd
_kCGImagePropertyDICOMXRayDetectorLabel	System/Library/Frameworks/ImageIO.framework/ImageIO.tbd
_kCGImagePropertyDICOMXRayFilterDetailsSequence	System/Library/Frameworks/ImageIO.framework/ImageIO.tbd
_kCGImagePropertyDICOMXRayFilterSequence	System/Library/Frameworks/ImageIO.framework/ImageIO.tbd
_kCGImagePropertyDICOMXRayGeometrySequence	System/Library/Frameworks/ImageIO.framework/ImageIO.tbd
_kCGImagePropertyDICOMXRayGridSequence	System/Library/Frameworks/ImageIO.framework/ImageIO.tbd
_kCGImagePropertyDICOMXRayImageReceptorAngle	System/Library/Frameworks/ImageIO.framework/ImageIO.tbd
_kCGImagePropertyDICOMXRayImageReceptorTranslation	System/Library/Frameworks/ImageIO.framework/ImageIO.tbd
_kCGImagePropertyDICOMXRayMassAttenuationCoefficient	System/Library/Frameworks/ImageIO.framework/ImageIO.tbd
_kCGImagePropertyDICOMXRayOutput	System/Library/Frameworks/ImageIO.framework/ImageIO.tbd
_kCGImagePropertyDICOMXRayReceptorType	System/Library/Frameworks/ImageIO.framework/ImageIO.tbd
_kCGImagePropertyDICOMXRaySourceID	System/Library/Frameworks/ImageIO.framework/ImageIO.tbd
_kCGImagePropertyDICOMXRaySourceIndex	System/Library/Frameworks/ImageIO.framework/ImageIO.tbd
_kCGImagePropertyDICOMXRaySourceIsocenterPrimaryAngle	System/Library/Frameworks/ImageIO.framework/ImageIO.tbd
_kCGImagePropertyDICOMXRaySourceIsocenterSecondaryAngle	System/Library/Frameworks/ImageIO.framework/ImageIO.tbd
_kCGImagePropertyDICOMXRayTubeCurrent	System/Library/Frameworks/ImageIO.framework/ImageIO.tbd
_kCGImagePropertyDICOMXRayTubeCurrentInmA	System/Library/Frameworks/ImageIO.framework/ImageIO.tbd
_kCGImagePropertyDICOMXRayTubeCurrentInuA	System/Library/Frameworks/ImageIO.framework/ImageIO.tbd
_kCGImagePropertyDICOMYCoordinatesCenterPixelViewAngle	System/Library/Frameworks/ImageIO.framework/ImageIO.tbd
_kCGImagePropertyDICOMYFocusCenter	System/Library/Frameworks/ImageIO.framework/ImageIO.tbd
_kCGImagePropertyDICOMYOffsetInSlideCoordinateSystem	System/Library/Frameworks/ImageIO.framework/ImageIO.tbd
_kCGImagePropertyDICOMZEffective	System/Library/Frameworks/ImageIO.framework/ImageIO.tbd
_kCGImagePropertyDICOMZOffsetInSlideCoordinateSystem	System/Library/Frameworks/ImageIO.framework/ImageIO.tbd
_kCGImagePropertyDICOMZeroVelocityPixelValue	System/Library/Frameworks/ImageIO.framework/ImageIO.tbd
_kCGImagePropertyDICOMZonalMap	System/Library/Frameworks/ImageIO.framework/ImageIO.tbd
_kCGImagePropertyDICOMZonalMapFormat	System/Library/Frameworks/ImageIO.framework/ImageIO.tbd
_kCGImagePropertyDICOMZonalMapLocation	System/Library/Frameworks/ImageIO.framework/ImageIO.tbd
_kCGImagePropertyDICOMZonalMapNumberFormat	System/Library/Frameworks/ImageIO.framework/ImageIO.tbd
_kCGImagePropertyDICOMZoomCenter	System/Library/Frameworks/ImageIO.framework/ImageIO.tbd
_kCGImagePropertyDICOMZoomFactor	System/Library/Frameworks/ImageIO.framework/ImageIO.tbd
_kCGImagePropertyDICOMdBdt	System/Library/Frameworks/ImageIO.framework/ImageIO.tbd
_kCGImagePropertyDNGActiveArea	System/Library/Frameworks/ImageIO.framework/ImageIO.tbd
_kCGImagePropertyDNGAnalogBalance	System/Library/Frameworks/ImageIO.framework/ImageIO.tbd
_kCGImagePropertyDNGAntiAliasStrength	System/Library/Frameworks/ImageIO.framework/ImageIO.tbd
_kCGImagePropertyDNGAsShotICCProfile	System/Library/Frameworks/ImageIO.framework/ImageIO.tbd
_kCGImagePropertyDNGAsShotNeutral	System/Library/Frameworks/ImageIO.framework/ImageIO.tbd
_kCGImagePropertyDNGAsShotPreProfileMatrix	System/Library/Frameworks/ImageIO.framework/ImageIO.tbd
_kCGImagePropertyDNGAsShotProfileName	System/Library/Frameworks/ImageIO.framework/ImageIO.tbd
_kCGImagePropertyDNGAsShotWhiteXY	System/Library/Frameworks/ImageIO.framework/ImageIO.tbd
_kCGImagePropertyDNGBackwardVersion	System/Library/Frameworks/ImageIO.framework/ImageIO.tbd
_kCGImagePropertyDNGBaselineExposure	System/Library/Frameworks/ImageIO.framework/ImageIO.tbd
_kCGImagePropertyDNGBaselineExposureOffset	System/Library/Frameworks/ImageIO.framework/ImageIO.tbd
_kCGImagePropertyDNGBaselineNoise	System/Library/Frameworks/ImageIO.framework/ImageIO.tbd
_kCGImagePropertyDNGBaselineSharpness	System/Library/Frameworks/ImageIO.framework/ImageIO.tbd
_kCGImagePropertyDNGBayerGreenSplit	System/Library/Frameworks/ImageIO.framework/ImageIO.tbd
_kCGImagePropertyDNGBestQualityScale	System/Library/Frameworks/ImageIO.framework/ImageIO.tbd
_kCGImagePropertyDNGBlackLevel	System/Library/Frameworks/ImageIO.framework/ImageIO.tbd
_kCGImagePropertyDNGBlackLevelDeltaH	System/Library/Frameworks/ImageIO.framework/ImageIO.tbd
_kCGImagePropertyDNGBlackLevelDeltaV	System/Library/Frameworks/ImageIO.framework/ImageIO.tbd
_kCGImagePropertyDNGBlackLevelRepeatDim	System/Library/Frameworks/ImageIO.framework/ImageIO.tbd
_kCGImagePropertyDNGCFALayout	System/Library/Frameworks/ImageIO.framework/ImageIO.tbd
_kCGImagePropertyDNGCFAPlaneColor	System/Library/Frameworks/ImageIO.framework/ImageIO.tbd
_kCGImagePropertyDNGCalibrationIlluminant1	System/Library/Frameworks/ImageIO.framework/ImageIO.tbd
_kCGImagePropertyDNGCalibrationIlluminant2	System/Library/Frameworks/ImageIO.framework/ImageIO.tbd
_kCGImagePropertyDNGCameraCalibration1	System/Library/Frameworks/ImageIO.framework/ImageIO.tbd
_kCGImagePropertyDNGCameraCalibration2	System/Library/Frameworks/ImageIO.framework/ImageIO.tbd
_kCGImagePropertyDNGCameraCalibrationSignature	System/Library/Frameworks/ImageIO.framework/ImageIO.tbd
_kCGImagePropertyDNGCameraSerialNumber	System/Library/Frameworks/ImageIO.framework/ImageIO.tbd
_kCGImagePropertyDNGChromaBlurRadius	System/Library/Frameworks/ImageIO.framework/ImageIO.tbd
_kCGImagePropertyDNGColorMatrix1	System/Library/Frameworks/ImageIO.framework/ImageIO.tbd
_kCGImagePropertyDNGColorMatrix2	System/Library/Frameworks/ImageIO.framework/ImageIO.tbd
_kCGImagePropertyDNGColorimetricReference	System/Library/Frameworks/ImageIO.framework/ImageIO.tbd
_kCGImagePropertyDNGCurrentICCProfile	System/Library/Frameworks/ImageIO.framework/ImageIO.tbd
_kCGImagePropertyDNGCurrentPreProfileMatrix	System/Library/Frameworks/ImageIO.framework/ImageIO.tbd
_kCGImagePropertyDNGDefaultBlackRender	System/Library/Frameworks/ImageIO.framework/ImageIO.tbd
_kCGImagePropertyDNGDefaultCropOrigin	System/Library/Frameworks/ImageIO.framework/ImageIO.tbd
_kCGImagePropertyDNGDefaultCropSize	System/Library/Frameworks/ImageIO.framework/ImageIO.tbd
_kCGImagePropertyDNGDefaultScale	System/Library/Frameworks/ImageIO.framework/ImageIO.tbd
_kCGImagePropertyDNGDefaultUserCrop	System/Library/Frameworks/ImageIO.framework/ImageIO.tbd
_kCGImagePropertyDNGDictionary	System/Library/Frameworks/ImageIO.framework/ImageIO.tbd
_kCGImagePropertyDNGExtraCameraProfiles	System/Library/Frameworks/ImageIO.framework/ImageIO.tbd
_kCGImagePropertyDNGFixVignetteRadial	System/Library/Frameworks/ImageIO.framework/ImageIO.tbd
_kCGImagePropertyDNGForwardMatrix1	System/Library/Frameworks/ImageIO.framework/ImageIO.tbd
_kCGImagePropertyDNGForwardMatrix2	System/Library/Frameworks/ImageIO.framework/ImageIO.tbd
_kCGImagePropertyDNGLensInfo	System/Library/Frameworks/ImageIO.framework/ImageIO.tbd
_kCGImagePropertyDNGLinearResponseLimit	System/Library/Frameworks/ImageIO.framework/ImageIO.tbd
_kCGImagePropertyDNGLinearizationTable	System/Library/Frameworks/ImageIO.framework/ImageIO.tbd
_kCGImagePropertyDNGLocalizedCameraModel	System/Library/Frameworks/ImageIO.framework/ImageIO.tbd
_kCGImagePropertyDNGMakerNoteSafety	System/Library/Frameworks/ImageIO.framework/ImageIO.tbd
_kCGImagePropertyDNGMaskedAreas	System/Library/Frameworks/ImageIO.framework/ImageIO.tbd
_kCGImagePropertyDNGNewRawImageDigest	System/Library/Frameworks/ImageIO.framework/ImageIO.tbd
_kCGImagePropertyDNGNoiseProfile	System/Library/Frameworks/ImageIO.framework/ImageIO.tbd
_kCGImagePropertyDNGNoiseReductionApplied	System/Library/Frameworks/ImageIO.framework/ImageIO.tbd
_kCGImagePropertyDNGOpcodeList1	System/Library/Frameworks/ImageIO.framework/ImageIO.tbd
_kCGImagePropertyDNGOpcodeList2	System/Library/Frameworks/ImageIO.framework/ImageIO.tbd
_kCGImagePropertyDNGOpcodeList3	System/Library/Frameworks/ImageIO.framework/ImageIO.tbd
_kCGImagePropertyDNGOriginalBestQualityFinalSize	System/Library/Frameworks/ImageIO.framework/ImageIO.tbd
_kCGImagePropertyDNGOriginalDefaultCropSize	System/Library/Frameworks/ImageIO.framework/ImageIO.tbd
_kCGImagePropertyDNGOriginalDefaultFinalSize	System/Library/Frameworks/ImageIO.framework/ImageIO.tbd
_kCGImagePropertyDNGOriginalRawFileData	System/Library/Frameworks/ImageIO.framework/ImageIO.tbd
_kCGImagePropertyDNGOriginalRawFileDigest	System/Library/Frameworks/ImageIO.framework/ImageIO.tbd
_kCGImagePropertyDNGOriginalRawFileName	System/Library/Frameworks/ImageIO.framework/ImageIO.tbd
_kCGImagePropertyDNGPreviewApplicationName	System/Library/Frameworks/ImageIO.framework/ImageIO.tbd
_kCGImagePropertyDNGPreviewApplicationVersion	System/Library/Frameworks/ImageIO.framework/ImageIO.tbd
_kCGImagePropertyDNGPreviewColorSpace	System/Library/Frameworks/ImageIO.framework/ImageIO.tbd
_kCGImagePropertyDNGPreviewDateTime	System/Library/Frameworks/ImageIO.framework/ImageIO.tbd
_kCGImagePropertyDNGPreviewSettingsDigest	System/Library/Frameworks/ImageIO.framework/ImageIO.tbd
_kCGImagePropertyDNGPreviewSettingsName	System/Library/Frameworks/ImageIO.framework/ImageIO.tbd
_kCGImagePropertyDNGPrivateData	System/Library/Frameworks/ImageIO.framework/ImageIO.tbd
_kCGImagePropertyDNGProfileCalibrationSignature	System/Library/Frameworks/ImageIO.framework/ImageIO.tbd
_kCGImagePropertyDNGProfileCopyright	System/Library/Frameworks/ImageIO.framework/ImageIO.tbd
_kCGImagePropertyDNGProfileEmbedPolicy	System/Library/Frameworks/ImageIO.framework/ImageIO.tbd
_kCGImagePropertyDNGProfileHueSatMapData1	System/Library/Frameworks/ImageIO.framework/ImageIO.tbd
_kCGImagePropertyDNGProfileHueSatMapData2	System/Library/Frameworks/ImageIO.framework/ImageIO.tbd
_kCGImagePropertyDNGProfileHueSatMapDims	System/Library/Frameworks/ImageIO.framework/ImageIO.tbd
_kCGImagePropertyDNGProfileHueSatMapEncoding	System/Library/Frameworks/ImageIO.framework/ImageIO.tbd
_kCGImagePropertyDNGProfileLookTableData	System/Library/Frameworks/ImageIO.framework/ImageIO.tbd
_kCGImagePropertyDNGProfileLookTableDims	System/Library/Frameworks/ImageIO.framework/ImageIO.tbd
_kCGImagePropertyDNGProfileLookTableEncoding	System/Library/Frameworks/ImageIO.framework/ImageIO.tbd
_kCGImagePropertyDNGProfileName	System/Library/Frameworks/ImageIO.framework/ImageIO.tbd
_kCGImagePropertyDNGProfileToneCurve	System/Library/Frameworks/ImageIO.framework/ImageIO.tbd
_kCGImagePropertyDNGRawDataUniqueID	System/Library/Frameworks/ImageIO.framework/ImageIO.tbd
_kCGImagePropertyDNGRawImageDigest	System/Library/Frameworks/ImageIO.framework/ImageIO.tbd
_kCGImagePropertyDNGRawToPreviewGain	System/Library/Frameworks/ImageIO.framework/ImageIO.tbd
_kCGImagePropertyDNGReductionMatrix1	System/Library/Frameworks/ImageIO.framework/ImageIO.tbd
_kCGImagePropertyDNGReductionMatrix2	System/Library/Frameworks/ImageIO.framework/ImageIO.tbd
_kCGImagePropertyDNGRowInterleaveFactor	System/Library/Frameworks/ImageIO.framework/ImageIO.tbd
_kCGImagePropertyDNGShadowScale	System/Library/Frameworks/ImageIO.framework/ImageIO.tbd
_kCGImagePropertyDNGSubTileBlockSize	System/Library/Frameworks/ImageIO.framework/ImageIO.tbd
_kCGImagePropertyDNGUniqueCameraModel	System/Library/Frameworks/ImageIO.framework/ImageIO.tbd
_kCGImagePropertyDNGVersion	System/Library/Frameworks/ImageIO.framework/ImageIO.tbd
_kCGImagePropertyDNGWarpFisheye	System/Library/Frameworks/ImageIO.framework/ImageIO.tbd
_kCGImagePropertyDNGWarpRectilinear	System/Library/Frameworks/ImageIO.framework/ImageIO.tbd
_kCGImagePropertyDNGWhiteLevel	System/Library/Frameworks/ImageIO.framework/ImageIO.tbd
_kCGImagePropertyDPIHeight	System/Library/Frameworks/ImageIO.framework/ImageIO.tbd
_kCGImagePropertyDPIWidth	System/Library/Frameworks/ImageIO.framework/ImageIO.tbd
_kCGImagePropertyDepth	System/Library/Frameworks/ImageIO.framework/ImageIO.tbd
_kCGImagePropertyEncoder	System/Library/Frameworks/ImageIO.framework/ImageIO.tbd
_kCGImagePropertyExifApertureValue	System/Library/Frameworks/ImageIO.framework/ImageIO.tbd
_kCGImagePropertyExifAuxDictionary	System/Library/Frameworks/ImageIO.framework/ImageIO.tbd
_kCGImagePropertyExifAuxFirmware	System/Library/Frameworks/ImageIO.framework/ImageIO.tbd
_kCGImagePropertyExifAuxFlashCompensation	System/Library/Frameworks/ImageIO.framework/ImageIO.tbd
_kCGImagePropertyExifAuxImageNumber	System/Library/Frameworks/ImageIO.framework/ImageIO.tbd
_kCGImagePropertyExifAuxLensID	System/Library/Frameworks/ImageIO.framework/ImageIO.tbd
_kCGImagePropertyExifAuxLensInfo	System/Library/Frameworks/ImageIO.framework/ImageIO.tbd
_kCGImagePropertyExifAuxLensModel	System/Library/Frameworks/ImageIO.framework/ImageIO.tbd
_kCGImagePropertyExifAuxLensSerialNumber	System/Library/Frameworks/ImageIO.framework/ImageIO.tbd
_kCGImagePropertyExifAuxOwnerName	System/Library/Frameworks/ImageIO.framework/ImageIO.tbd
_kCGImagePropertyExifAuxROIAppliedToHeight	System/Library/Frameworks/ImageIO.framework/ImageIO.tbd
_kCGImagePropertyExifAuxROIAppliedToWidth	System/Library/Frameworks/ImageIO.framework/ImageIO.tbd
_kCGImagePropertyExifAuxROIFaceAngleInfoRoll	System/Library/Frameworks/ImageIO.framework/ImageIO.tbd
_kCGImagePropertyExifAuxROIFaceAngleInfoYaw	System/Library/Frameworks/ImageIO.framework/ImageIO.tbd
_kCGImagePropertyExifAuxROIFaceConfidenceLevel	System/Library/Frameworks/ImageIO.framework/ImageIO.tbd
_kCGImagePropertyExifAuxROIFaceID	System/Library/Frameworks/ImageIO.framework/ImageIO.tbd
_kCGImagePropertyExifAuxROIFaceTimestamp	System/Library/Frameworks/ImageIO.framework/ImageIO.tbd
_kCGImagePropertyExifAuxROIRegionBarcodeType	System/Library/Frameworks/ImageIO.framework/ImageIO.tbd
_kCGImagePropertyExifAuxROIRegionBodyType	System/Library/Frameworks/ImageIO.framework/ImageIO.tbd
_kCGImagePropertyExifAuxROIRegionCatType	System/Library/Frameworks/ImageIO.framework/ImageIO.tbd
_kCGImagePropertyExifAuxROIRegionCleanApertureType	System/Library/Frameworks/ImageIO.framework/ImageIO.tbd
_kCGImagePropertyExifAuxROIRegionDescription	System/Library/Frameworks/ImageIO.framework/ImageIO.tbd
_kCGImagePropertyExifAuxROIRegionDogType	System/Library/Frameworks/ImageIO.framework/ImageIO.tbd
_kCGImagePropertyExifAuxROIRegionFaceType	System/Library/Frameworks/ImageIO.framework/ImageIO.tbd
_kCGImagePropertyExifAuxROIRegionFocusType	System/Library/Frameworks/ImageIO.framework/ImageIO.tbd
_kCGImagePropertyExifAuxROIRegionHeight	System/Library/Frameworks/ImageIO.framework/ImageIO.tbd
_kCGImagePropertyExifAuxROIRegionList	System/Library/Frameworks/ImageIO.framework/ImageIO.tbd
_kCGImagePropertyExifAuxROIRegionName	System/Library/Frameworks/ImageIO.framework/ImageIO.tbd
_kCGImagePropertyExifAuxROIRegionPetType	System/Library/Frameworks/ImageIO.framework/ImageIO.tbd
_kCGImagePropertyExifAuxROIRegionSalientObjectType	System/Library/Frameworks/ImageIO.framework/ImageIO.tbd
_kCGImagePropertyExifAuxROIRegionType	System/Library/Frameworks/ImageIO.framework/ImageIO.tbd
_kCGImagePropertyExifAuxROIRegionWidth	System/Library/Frameworks/ImageIO.framework/ImageIO.tbd
_kCGImagePropertyExifAuxROIRegionX	System/Library/Frameworks/ImageIO.framework/ImageIO.tbd
_kCGImagePropertyExifAuxROIRegionY	System/Library/Frameworks/ImageIO.framework/ImageIO.tbd
_kCGImagePropertyExifAuxSerialNumber	System/Library/Frameworks/ImageIO.framework/ImageIO.tbd
_kCGImagePropertyExifBodySerialNumber	System/Library/Frameworks/ImageIO.framework/ImageIO.tbd
_kCGImagePropertyExifBrightnessValue	System/Library/Frameworks/ImageIO.framework/ImageIO.tbd
_kCGImagePropertyExifCFAPattern	System/Library/Frameworks/ImageIO.framework/ImageIO.tbd
_kCGImagePropertyExifCameraOwnerName	System/Library/Frameworks/ImageIO.framework/ImageIO.tbd
_kCGImagePropertyExifColorSpace	System/Library/Frameworks/ImageIO.framework/ImageIO.tbd
_kCGImagePropertyExifComponentsConfiguration	System/Library/Frameworks/ImageIO.framework/ImageIO.tbd
_kCGImagePropertyExifCompositeImage	System/Library/Frameworks/ImageIO.framework/ImageIO.tbd
_kCGImagePropertyExifCompressedBitsPerPixel	System/Library/Frameworks/ImageIO.framework/ImageIO.tbd
_kCGImagePropertyExifContrast	System/Library/Frameworks/ImageIO.framework/ImageIO.tbd
_kCGImagePropertyExifCustomRendered	System/Library/Frameworks/ImageIO.framework/ImageIO.tbd
_kCGImagePropertyExifDateTimeDigitized	System/Library/Frameworks/ImageIO.framework/ImageIO.tbd
_kCGImagePropertyExifDateTimeOriginal	System/Library/Frameworks/ImageIO.framework/ImageIO.tbd
_kCGImagePropertyExifDeviceSettingDescription	System/Library/Frameworks/ImageIO.framework/ImageIO.tbd
_kCGImagePropertyExifDictionary	System/Library/Frameworks/ImageIO.framework/ImageIO.tbd
_kCGImagePropertyExifDigitalZoomRatio	System/Library/Frameworks/ImageIO.framework/ImageIO.tbd
_kCGImagePropertyExifExposureBiasValue	System/Library/Frameworks/ImageIO.framework/ImageIO.tbd
_kCGImagePropertyExifExposureIndex	System/Library/Frameworks/ImageIO.framework/ImageIO.tbd
_kCGImagePropertyExifExposureMode	System/Library/Frameworks/ImageIO.framework/ImageIO.tbd
_kCGImagePropertyExifExposureProgram	System/Library/Frameworks/ImageIO.framework/ImageIO.tbd
_kCGImagePropertyExifExposureTime	System/Library/Frameworks/ImageIO.framework/ImageIO.tbd
_kCGImagePropertyExifFNumber	System/Library/Frameworks/ImageIO.framework/ImageIO.tbd
_kCGImagePropertyExifFileSource	System/Library/Frameworks/ImageIO.framework/ImageIO.tbd
_kCGImagePropertyExifFlash	System/Library/Frameworks/ImageIO.framework/ImageIO.tbd
_kCGImagePropertyExifFlashEnergy	System/Library/Frameworks/ImageIO.framework/ImageIO.tbd
_kCGImagePropertyExifFlashPixVersion	System/Library/Frameworks/ImageIO.framework/ImageIO.tbd
_kCGImagePropertyExifFocalLenIn35mmFilm	System/Library/Frameworks/ImageIO.framework/ImageIO.tbd
_kCGImagePropertyExifFocalLength	System/Library/Frameworks/ImageIO.framework/ImageIO.tbd
_kCGImagePropertyExifFocalPlaneResolutionUnit	System/Library/Frameworks/ImageIO.framework/ImageIO.tbd
_kCGImagePropertyExifFocalPlaneXResolution	System/Library/Frameworks/ImageIO.framework/ImageIO.tbd
_kCGImagePropertyExifFocalPlaneYResolution	System/Library/Frameworks/ImageIO.framework/ImageIO.tbd
_kCGImagePropertyExifGainControl	System/Library/Frameworks/ImageIO.framework/ImageIO.tbd
_kCGImagePropertyExifGamma	System/Library/Frameworks/ImageIO.framework/ImageIO.tbd
_kCGImagePropertyExifISOSpeed	System/Library/Frameworks/ImageIO.framework/ImageIO.tbd
_kCGImagePropertyExifISOSpeedLatitudeyyy	System/Library/Frameworks/ImageIO.framework/ImageIO.tbd
_kCGImagePropertyExifISOSpeedLatitudezzz	System/Library/Frameworks/ImageIO.framework/ImageIO.tbd
_kCGImagePropertyExifISOSpeedRatings	System/Library/Frameworks/ImageIO.framework/ImageIO.tbd
_kCGImagePropertyExifImageUniqueID	System/Library/Frameworks/ImageIO.framework/ImageIO.tbd
_kCGImagePropertyExifLensMake	System/Library/Frameworks/ImageIO.framework/ImageIO.tbd
_kCGImagePropertyExifLensModel	System/Library/Frameworks/ImageIO.framework/ImageIO.tbd
_kCGImagePropertyExifLensSerialNumber	System/Library/Frameworks/ImageIO.framework/ImageIO.tbd
_kCGImagePropertyExifLensSpecification	System/Library/Frameworks/ImageIO.framework/ImageIO.tbd
_kCGImagePropertyExifLightSource	System/Library/Frameworks/ImageIO.framework/ImageIO.tbd
_kCGImagePropertyExifMakerNote	System/Library/Frameworks/ImageIO.framework/ImageIO.tbd
_kCGImagePropertyExifMaxApertureValue	System/Library/Frameworks/ImageIO.framework/ImageIO.tbd
_kCGImagePropertyExifMeteringMode	System/Library/Frameworks/ImageIO.framework/ImageIO.tbd
_kCGImagePropertyExifOECF	System/Library/Frameworks/ImageIO.framework/ImageIO.tbd
_kCGImagePropertyExifOffsetTime	System/Library/Frameworks/ImageIO.framework/ImageIO.tbd
_kCGImagePropertyExifOffsetTimeDigitized	System/Library/Frameworks/ImageIO.framework/ImageIO.tbd
_kCGImagePropertyExifOffsetTimeOriginal	System/Library/Frameworks/ImageIO.framework/ImageIO.tbd
_kCGImagePropertyExifPixelXDimension	System/Library/Frameworks/ImageIO.framework/ImageIO.tbd
_kCGImagePropertyExifPixelYDimension	System/Library/Frameworks/ImageIO.framework/ImageIO.tbd
_kCGImagePropertyExifRecommendedExposureIndex	System/Library/Frameworks/ImageIO.framework/ImageIO.tbd
_kCGImagePropertyExifRelatedSoundFile	System/Library/Frameworks/ImageIO.framework/ImageIO.tbd
_kCGImagePropertyExifSaturation	System/Library/Frameworks/ImageIO.framework/ImageIO.tbd
_kCGImagePropertyExifSceneCaptureType	System/Library/Frameworks/ImageIO.framework/ImageIO.tbd
_kCGImagePropertyExifSceneType	System/Library/Frameworks/ImageIO.framework/ImageIO.tbd
_kCGImagePropertyExifSensingMethod	System/Library/Frameworks/ImageIO.framework/ImageIO.tbd
_kCGImagePropertyExifSensitivityType	System/Library/Frameworks/ImageIO.framework/ImageIO.tbd
_kCGImagePropertyExifSharpness	System/Library/Frameworks/ImageIO.framework/ImageIO.tbd
_kCGImagePropertyExifShutterSpeedValue	System/Library/Frameworks/ImageIO.framework/ImageIO.tbd
_kCGImagePropertyExifSourceExposureTimesOfCompositeImage	System/Library/Frameworks/ImageIO.framework/ImageIO.tbd
_kCGImagePropertyExifSourceImageNumberOfCompositeImage	System/Library/Frameworks/ImageIO.framework/ImageIO.tbd
_kCGImagePropertyExifSpatialFrequencyResponse	System/Library/Frameworks/ImageIO.framework/ImageIO.tbd
_kCGImagePropertyExifSpectralSensitivity	System/Library/Frameworks/ImageIO.framework/ImageIO.tbd
_kCGImagePropertyExifStandardOutputSensitivity	System/Library/Frameworks/ImageIO.framework/ImageIO.tbd
_kCGImagePropertyExifSubjectArea	System/Library/Frameworks/ImageIO.framework/ImageIO.tbd
_kCGImagePropertyExifSubjectDistRange	System/Library/Frameworks/ImageIO.framework/ImageIO.tbd
_kCGImagePropertyExifSubjectDistance	System/Library/Frameworks/ImageIO.framework/ImageIO.tbd
_kCGImagePropertyExifSubjectLocation	System/Library/Frameworks/ImageIO.framework/ImageIO.tbd
_kCGImagePropertyExifSubsecTime	System/Library/Frameworks/ImageIO.framework/ImageIO.tbd
_kCGImagePropertyExifSubsecTimeDigitized	System/Library/Frameworks/ImageIO.framework/ImageIO.tbd
_kCGImagePropertyExifSubsecTimeOrginal	System/Library/Frameworks/ImageIO.framework/ImageIO.tbd
_kCGImagePropertyExifSubsecTimeOriginal	System/Library/Frameworks/ImageIO.framework/ImageIO.tbd
_kCGImagePropertyExifThumbnailDictionary	System/Library/Frameworks/ImageIO.framework/ImageIO.tbd
_kCGImagePropertyExifThumbnailHeight	System/Library/Frameworks/ImageIO.framework/ImageIO.tbd
_kCGImagePropertyExifThumbnailOffset	System/Library/Frameworks/ImageIO.framework/ImageIO.tbd
_kCGImagePropertyExifThumbnailSize	System/Library/Frameworks/ImageIO.framework/ImageIO.tbd
_kCGImagePropertyExifThumbnailWidth	System/Library/Frameworks/ImageIO.framework/ImageIO.tbd
_kCGImagePropertyExifUserComment	System/Library/Frameworks/ImageIO.framework/ImageIO.tbd
_kCGImagePropertyExifVersion	System/Library/Frameworks/ImageIO.framework/ImageIO.tbd
_kCGImagePropertyExifWhiteBalance	System/Library/Frameworks/ImageIO.framework/ImageIO.tbd
_kCGImagePropertyFileContentsDictionary	System/Library/Frameworks/ImageIO.framework/ImageIO.tbd
_kCGImagePropertyFileSize	System/Library/Frameworks/ImageIO.framework/ImageIO.tbd
_kCGImagePropertyGIFCanvasPixelHeight	System/Library/Frameworks/ImageIO.framework/ImageIO.tbd
_kCGImagePropertyGIFCanvasPixelWidth	System/Library/Frameworks/ImageIO.framework/ImageIO.tbd
_kCGImagePropertyGIFDelayTime	System/Library/Frameworks/ImageIO.framework/ImageIO.tbd
_kCGImagePropertyGIFDictionary	System/Library/Frameworks/ImageIO.framework/ImageIO.tbd
_kCGImagePropertyGIFFrameInfoArray	System/Library/Frameworks/ImageIO.framework/ImageIO.tbd
_kCGImagePropertyGIFHasGlobalColorMap	System/Library/Frameworks/ImageIO.framework/ImageIO.tbd
_kCGImagePropertyGIFImageColorMap	System/Library/Frameworks/ImageIO.framework/ImageIO.tbd
_kCGImagePropertyGIFLoopCount	System/Library/Frameworks/ImageIO.framework/ImageIO.tbd
_kCGImagePropertyGIFUnclampedDelayTime	System/Library/Frameworks/ImageIO.framework/ImageIO.tbd
_kCGImagePropertyGPSAltitude	System/Library/Frameworks/ImageIO.framework/ImageIO.tbd
_kCGImagePropertyGPSAltitudeRef	System/Library/Frameworks/ImageIO.framework/ImageIO.tbd
_kCGImagePropertyGPSAreaInformation	System/Library/Frameworks/ImageIO.framework/ImageIO.tbd
_kCGImagePropertyGPSDOP	System/Library/Frameworks/ImageIO.framework/ImageIO.tbd
_kCGImagePropertyGPSDateStamp	System/Library/Frameworks/ImageIO.framework/ImageIO.tbd
_kCGImagePropertyGPSDestBearing	System/Library/Frameworks/ImageIO.framework/ImageIO.tbd
_kCGImagePropertyGPSDestBearingRef	System/Library/Frameworks/ImageIO.framework/ImageIO.tbd
_kCGImagePropertyGPSDestDistance	System/Library/Frameworks/ImageIO.framework/ImageIO.tbd
_kCGImagePropertyGPSDestDistanceRef	System/Library/Frameworks/ImageIO.framework/ImageIO.tbd
_kCGImagePropertyGPSDestLatitude	System/Library/Frameworks/ImageIO.framework/ImageIO.tbd
_kCGImagePropertyGPSDestLatitudeRef	System/Library/Frameworks/ImageIO.framework/ImageIO.tbd
_kCGImagePropertyGPSDestLongitude	System/Library/Frameworks/ImageIO.framework/ImageIO.tbd
_kCGImagePropertyGPSDestLongitudeRef	System/Library/Frameworks/ImageIO.framework/ImageIO.tbd
_kCGImagePropertyGPSDictionary	System/Library/Frameworks/ImageIO.framework/ImageIO.tbd
_kCGImagePropertyGPSDifferental	System/Library/Frameworks/ImageIO.framework/ImageIO.tbd
_kCGImagePropertyGPSHPositioningError	System/Library/Frameworks/ImageIO.framework/ImageIO.tbd
_kCGImagePropertyGPSImgDirection	System/Library/Frameworks/ImageIO.framework/ImageIO.tbd
_kCGImagePropertyGPSImgDirectionRef	System/Library/Frameworks/ImageIO.framework/ImageIO.tbd
_kCGImagePropertyGPSLatitude	System/Library/Frameworks/ImageIO.framework/ImageIO.tbd
_kCGImagePropertyGPSLatitudeRef	System/Library/Frameworks/ImageIO.framework/ImageIO.tbd
_kCGImagePropertyGPSLongitude	System/Library/Frameworks/ImageIO.framework/ImageIO.tbd
_kCGImagePropertyGPSLongitudeRef	System/Library/Frameworks/ImageIO.framework/ImageIO.tbd
_kCGImagePropertyGPSMapDatum	System/Library/Frameworks/ImageIO.framework/ImageIO.tbd
_kCGImagePropertyGPSMeasureMode	System/Library/Frameworks/ImageIO.framework/ImageIO.tbd
_kCGImagePropertyGPSProcessingMethod	System/Library/Frameworks/ImageIO.framework/ImageIO.tbd
_kCGImagePropertyGPSSatellites	System/Library/Frameworks/ImageIO.framework/ImageIO.tbd
_kCGImagePropertyGPSSpeed	System/Library/Frameworks/ImageIO.framework/ImageIO.tbd
_kCGImagePropertyGPSSpeedRef	System/Library/Frameworks/ImageIO.framework/ImageIO.tbd
_kCGImagePropertyGPSStatus	System/Library/Frameworks/ImageIO.framework/ImageIO.tbd
_kCGImagePropertyGPSTimeStamp	System/Library/Frameworks/ImageIO.framework/ImageIO.tbd
_kCGImagePropertyGPSTrack	System/Library/Frameworks/ImageIO.framework/ImageIO.tbd
_kCGImagePropertyGPSTrackRef	System/Library/Frameworks/ImageIO.framework/ImageIO.tbd
_kCGImagePropertyGPSVersion	System/Library/Frameworks/ImageIO.framework/ImageIO.tbd
_kCGImagePropertyGroupImageBaseline	System/Library/Frameworks/ImageIO.framework/ImageIO.tbd
_kCGImagePropertyGroupImageDisparityAdjustment	System/Library/Frameworks/ImageIO.framework/ImageIO.tbd
_kCGImagePropertyGroupImageIndexLeft	System/Library/Frameworks/ImageIO.framework/ImageIO.tbd
_kCGImagePropertyGroupImageIndexMonoscopic	System/Library/Frameworks/ImageIO.framework/ImageIO.tbd
_kCGImagePropertyGroupImageIndexRight	System/Library/Frameworks/ImageIO.framework/ImageIO.tbd
_kCGImagePropertyGroupImageIsAlternateImage	System/Library/Frameworks/ImageIO.framework/ImageIO.tbd
_kCGImagePropertyGroupImageIsLeftImage	System/Library/Frameworks/ImageIO.framework/ImageIO.tbd
_kCGImagePropertyGroupImageIsMonoscopicImage	System/Library/Frameworks/ImageIO.framework/ImageIO.tbd
_kCGImagePropertyGroupImageIsRightImage	System/Library/Frameworks/ImageIO.framework/ImageIO.tbd
_kCGImagePropertyGroupImageStereoAggressors	System/Library/Frameworks/ImageIO.framework/ImageIO.tbd
_kCGImagePropertyGroupImagesAlternate	System/Library/Frameworks/ImageIO.framework/ImageIO.tbd
_kCGImagePropertyGroupIndex	System/Library/Frameworks/ImageIO.framework/ImageIO.tbd
_kCGImagePropertyGroupMonoscopicImageLocation	System/Library/Frameworks/ImageIO.framework/ImageIO.tbd
_kCGImagePropertyGroupType	System/Library/Frameworks/ImageIO.framework/ImageIO.tbd
_kCGImagePropertyGroupTypeAlternate	System/Library/Frameworks/ImageIO.framework/ImageIO.tbd
_kCGImagePropertyGroupTypeStereoPair	System/Library/Frameworks/ImageIO.framework/ImageIO.tbd
_kCGImagePropertyGroups	System/Library/Frameworks/ImageIO.framework/ImageIO.tbd
_kCGImagePropertyHEICSCanvasPixelHeight	System/Library/Frameworks/ImageIO.framework/ImageIO.tbd
_kCGImagePropertyHEICSCanvasPixelWidth	System/Library/Frameworks/ImageIO.framework/ImageIO.tbd
_kCGImagePropertyHEICSDelayTime	System/Library/Frameworks/ImageIO.framework/ImageIO.tbd
_kCGImagePropertyHEICSDictionary	System/Library/Frameworks/ImageIO.framework/ImageIO.tbd
_kCGImagePropertyHEICSFrameInfoArray	System/Library/Frameworks/ImageIO.framework/ImageIO.tbd
_kCGImagePropertyHEICSLoopCount	System/Library/Frameworks/ImageIO.framework/ImageIO.tbd
_kCGImagePropertyHEICSUnclampedDelayTime	System/Library/Frameworks/ImageIO.framework/ImageIO.tbd
_kCGImagePropertyHEIFCanAnimate	System/Library/Frameworks/ImageIO.framework/ImageIO.tbd
_kCGImagePropertyHEIFContainerChromaSubsampling	System/Library/Frameworks/ImageIO.framework/ImageIO.tbd
_kCGImagePropertyHEIFContainerItemID	System/Library/Frameworks/ImageIO.framework/ImageIO.tbd
_kCGImagePropertyHEIFDictionary	System/Library/Frameworks/ImageIO.framework/ImageIO.tbd
_kCGImagePropertyHasAlpha	System/Library/Frameworks/ImageIO.framework/ImageIO.tbd
_kCGImagePropertyHeight	System/Library/Frameworks/ImageIO.framework/ImageIO.tbd
_kCGImagePropertyIOSCustom	System/Library/Frameworks/ImageIO.framework/ImageIO.tbd
_kCGImagePropertyIOSDebug	System/Library/Frameworks/ImageIO.framework/ImageIO.tbd
_kCGImagePropertyIPTCActionAdvised	System/Library/Frameworks/ImageIO.framework/ImageIO.tbd
_kCGImagePropertyIPTCByline	System/Library/Frameworks/ImageIO.framework/ImageIO.tbd
_kCGImagePropertyIPTCBylineTitle	System/Library/Frameworks/ImageIO.framework/ImageIO.tbd
_kCGImagePropertyIPTCCaptionAbstract	System/Library/Frameworks/ImageIO.framework/ImageIO.tbd
_kCGImagePropertyIPTCCategory	System/Library/Frameworks/ImageIO.framework/ImageIO.tbd
_kCGImagePropertyIPTCCity	System/Library/Frameworks/ImageIO.framework/ImageIO.tbd
_kCGImagePropertyIPTCContact	System/Library/Frameworks/ImageIO.framework/ImageIO.tbd
_kCGImagePropertyIPTCContactInfoAddress	System/Library/Frameworks/ImageIO.framework/ImageIO.tbd
_kCGImagePropertyIPTCContactInfoCity	System/Library/Frameworks/ImageIO.framework/ImageIO.tbd
_kCGImagePropertyIPTCContactInfoCountry	System/Library/Frameworks/ImageIO.framework/ImageIO.tbd
_kCGImagePropertyIPTCContactInfoEmails	System/Library/Frameworks/ImageIO.framework/ImageIO.tbd
_kCGImagePropertyIPTCContactInfoPhones	System/Library/Frameworks/ImageIO.framework/ImageIO.tbd
_kCGImagePropertyIPTCContactInfoPostalCode	System/Library/Frameworks/ImageIO.framework/ImageIO.tbd
_kCGImagePropertyIPTCContactInfoStateProvince	System/Library/Frameworks/ImageIO.framework/ImageIO.tbd
_kCGImagePropertyIPTCContactInfoWebURLs	System/Library/Frameworks/ImageIO.framework/ImageIO.tbd
_kCGImagePropertyIPTCContentLocationCode	System/Library/Frameworks/ImageIO.framework/ImageIO.tbd
_kCGImagePropertyIPTCContentLocationName	System/Library/Frameworks/ImageIO.framework/ImageIO.tbd
_kCGImagePropertyIPTCCopyrightNotice	System/Library/Frameworks/ImageIO.framework/ImageIO.tbd
_kCGImagePropertyIPTCCountryPrimaryLocationCode	System/Library/Frameworks/ImageIO.framework/ImageIO.tbd
_kCGImagePropertyIPTCCountryPrimaryLocationName	System/Library/Frameworks/ImageIO.framework/ImageIO.tbd
_kCGImagePropertyIPTCCreatorContactInfo	System/Library/Frameworks/ImageIO.framework/ImageIO.tbd
_kCGImagePropertyIPTCCredit	System/Library/Frameworks/ImageIO.framework/ImageIO.tbd
_kCGImagePropertyIPTCDateCreated	System/Library/Frameworks/ImageIO.framework/ImageIO.tbd
_kCGImagePropertyIPTCDictionary	System/Library/Frameworks/ImageIO.framework/ImageIO.tbd
_kCGImagePropertyIPTCDigitalCreationDate	System/Library/Frameworks/ImageIO.framework/ImageIO.tbd
_kCGImagePropertyIPTCDigitalCreationTime	System/Library/Frameworks/ImageIO.framework/ImageIO.tbd
_kCGImagePropertyIPTCEditStatus	System/Library/Frameworks/ImageIO.framework/ImageIO.tbd
_kCGImagePropertyIPTCEditorialUpdate	System/Library/Frameworks/ImageIO.framework/ImageIO.tbd
_kCGImagePropertyIPTCExpirationDate	System/Library/Frameworks/ImageIO.framework/ImageIO.tbd
_kCGImagePropertyIPTCExpirationTime	System/Library/Frameworks/ImageIO.framework/ImageIO.tbd
_kCGImagePropertyIPTCExtAboutCvTerm	System/Library/Frameworks/ImageIO.framework/ImageIO.tbd
_kCGImagePropertyIPTCExtAboutCvTermCvId	System/Library/Frameworks/ImageIO.framework/ImageIO.tbd
_kCGImagePropertyIPTCExtAboutCvTermId	System/Library/Frameworks/ImageIO.framework/ImageIO.tbd
_kCGImagePropertyIPTCExtAboutCvTermName	System/Library/Frameworks/ImageIO.framework/ImageIO.tbd
_kCGImagePropertyIPTCExtAboutCvTermRefinedAbout	System/Library/Frameworks/ImageIO.framework/ImageIO.tbd
_kCGImagePropertyIPTCExtAddlModelInfo	System/Library/Frameworks/ImageIO.framework/ImageIO.tbd
_kCGImagePropertyIPTCExtArtworkCircaDateCreated	System/Library/Frameworks/ImageIO.framework/ImageIO.tbd
_kCGImagePropertyIPTCExtArtworkContentDescription	System/Library/Frameworks/ImageIO.framework/ImageIO.tbd
_kCGImagePropertyIPTCExtArtworkContributionDescription	System/Library/Frameworks/ImageIO.framework/ImageIO.tbd
_kCGImagePropertyIPTCExtArtworkCopyrightNotice	System/Library/Frameworks/ImageIO.framework/ImageIO.tbd
_kCGImagePropertyIPTCExtArtworkCopyrightOwnerID	System/Library/Frameworks/ImageIO.framework/ImageIO.tbd
_kCGImagePropertyIPTCExtArtworkCopyrightOwnerName	System/Library/Frameworks/ImageIO.framework/ImageIO.tbd
_kCGImagePropertyIPTCExtArtworkCreator	System/Library/Frameworks/ImageIO.framework/ImageIO.tbd
_kCGImagePropertyIPTCExtArtworkCreatorID	System/Library/Frameworks/ImageIO.framework/ImageIO.tbd
_kCGImagePropertyIPTCExtArtworkDateCreated	System/Library/Frameworks/ImageIO.framework/ImageIO.tbd
_kCGImagePropertyIPTCExtArtworkLicensorID	System/Library/Frameworks/ImageIO.framework/ImageIO.tbd
_kCGImagePropertyIPTCExtArtworkLicensorName	System/Library/Frameworks/ImageIO.framework/ImageIO.tbd
_kCGImagePropertyIPTCExtArtworkOrObject	System/Library/Frameworks/ImageIO.framework/ImageIO.tbd
_kCGImagePropertyIPTCExtArtworkPhysicalDescription	System/Library/Frameworks/ImageIO.framework/ImageIO.tbd
_kCGImagePropertyIPTCExtArtworkSource	System/Library/Frameworks/ImageIO.framework/ImageIO.tbd
_kCGImagePropertyIPTCExtArtworkSourceInvURL	System/Library/Frameworks/ImageIO.framework/ImageIO.tbd
_kCGImagePropertyIPTCExtArtworkSourceInventoryNo	System/Library/Frameworks/ImageIO.framework/ImageIO.tbd
_kCGImagePropertyIPTCExtArtworkStylePeriod	System/Library/Frameworks/ImageIO.framework/ImageIO.tbd
_kCGImagePropertyIPTCExtArtworkTitle	System/Library/Frameworks/ImageIO.framework/ImageIO.tbd
_kCGImagePropertyIPTCExtAudioBitrate	System/Library/Frameworks/ImageIO.framework/ImageIO.tbd
_kCGImagePropertyIPTCExtAudioBitrateMode	System/Library/Frameworks/ImageIO.framework/ImageIO.tbd
_kCGImagePropertyIPTCExtAudioChannelCount	System/Library/Frameworks/ImageIO.framework/ImageIO.tbd
_kCGImagePropertyIPTCExtCircaDateCreated	System/Library/Frameworks/ImageIO.framework/ImageIO.tbd
_kCGImagePropertyIPTCExtContainerFormat	System/Library/Frameworks/ImageIO.framework/ImageIO.tbd
_kCGImagePropertyIPTCExtContainerFormatIdentifier	System/Library/Frameworks/ImageIO.framework/ImageIO.tbd
_kCGImagePropertyIPTCExtContainerFormatName	System/Library/Frameworks/ImageIO.framework/ImageIO.tbd
_kCGImagePropertyIPTCExtContributor	System/Library/Frameworks/ImageIO.framework/ImageIO.tbd
_kCGImagePropertyIPTCExtContributorIdentifier	System/Library/Frameworks/ImageIO.framework/ImageIO.tbd
_kCGImagePropertyIPTCExtContributorName	System/Library/Frameworks/ImageIO.framework/ImageIO.tbd
_kCGImagePropertyIPTCExtContributorRole	System/Library/Frameworks/ImageIO.framework/ImageIO.tbd
_kCGImagePropertyIPTCExtControlledVocabularyTerm	System/Library/Frameworks/ImageIO.framework/ImageIO.tbd
_kCGImagePropertyIPTCExtCopyrightYear	System/Library/Frameworks/ImageIO.framework/ImageIO.tbd
_kCGImagePropertyIPTCExtCreator	System/Library/Frameworks/ImageIO.framework/ImageIO.tbd
_kCGImagePropertyIPTCExtCreatorIdentifier	System/Library/Frameworks/ImageIO.framework/ImageIO.tbd
_kCGImagePropertyIPTCExtCreatorName	System/Library/Frameworks/ImageIO.framework/ImageIO.tbd
_kCGImagePropertyIPTCExtCreatorRole	System/Library/Frameworks/ImageIO.framework/ImageIO.tbd
_kCGImagePropertyIPTCExtDataOnScreen	System/Library/Frameworks/ImageIO.framework/ImageIO.tbd
_kCGImagePropertyIPTCExtDataOnScreenRegion	System/Library/Frameworks/ImageIO.framework/ImageIO.tbd
_kCGImagePropertyIPTCExtDataOnScreenRegionD	System/Library/Frameworks/ImageIO.framework/ImageIO.tbd
_kCGImagePropertyIPTCExtDataOnScreenRegionH	System/Library/Frameworks/ImageIO.framework/ImageIO.tbd
_kCGImagePropertyIPTCExtDataOnScreenRegionText	System/Library/Frameworks/ImageIO.framework/ImageIO.tbd
_kCGImagePropertyIPTCExtDataOnScreenRegionUnit	System/Library/Frameworks/ImageIO.framework/ImageIO.tbd
_kCGImagePropertyIPTCExtDataOnScreenRegionW	System/Library/Frameworks/ImageIO.framework/ImageIO.tbd
_kCGImagePropertyIPTCExtDataOnScreenRegionX	System/Library/Frameworks/ImageIO.framework/ImageIO.tbd
_kCGImagePropertyIPTCExtDataOnScreenRegionY	System/Library/Frameworks/ImageIO.framework/ImageIO.tbd
_kCGImagePropertyIPTCExtDigitalImageGUID	System/Library/Frameworks/ImageIO.framework/ImageIO.tbd
_kCGImagePropertyIPTCExtDigitalSourceFileType	System/Library/Frameworks/ImageIO.framework/ImageIO.tbd
_kCGImagePropertyIPTCExtDigitalSourceType	System/Library/Frameworks/ImageIO.framework/ImageIO.tbd
_kCGImagePropertyIPTCExtDopesheet	System/Library/Frameworks/ImageIO.framework/ImageIO.tbd
_kCGImagePropertyIPTCExtDopesheetLink	System/Library/Frameworks/ImageIO.framework/ImageIO.tbd
_kCGImagePropertyIPTCExtDopesheetLinkLink	System/Library/Frameworks/ImageIO.framework/ImageIO.tbd
_kCGImagePropertyIPTCExtDopesheetLinkLinkQualifier	System/Library/Frameworks/ImageIO.framework/ImageIO.tbd
_kCGImagePropertyIPTCExtEmbdEncRightsExpr	System/Library/Frameworks/ImageIO.framework/ImageIO.tbd
_kCGImagePropertyIPTCExtEmbeddedEncodedRightsExpr	System/Library/Frameworks/ImageIO.framework/ImageIO.tbd
_kCGImagePropertyIPTCExtEmbeddedEncodedRightsExprLangID	System/Library/Frameworks/ImageIO.framework/ImageIO.tbd
_kCGImagePropertyIPTCExtEmbeddedEncodedRightsExprType	System/Library/Frameworks/ImageIO.framework/ImageIO.tbd
_kCGImagePropertyIPTCExtEpisode	System/Library/Frameworks/ImageIO.framework/ImageIO.tbd
_kCGImagePropertyIPTCExtEpisodeIdentifier	System/Library/Frameworks/ImageIO.framework/ImageIO.tbd
_kCGImagePropertyIPTCExtEpisodeName	System/Library/Frameworks/ImageIO.framework/ImageIO.tbd
_kCGImagePropertyIPTCExtEpisodeNumber	System/Library/Frameworks/ImageIO.framework/ImageIO.tbd
_kCGImagePropertyIPTCExtEvent	System/Library/Frameworks/ImageIO.framework/ImageIO.tbd
_kCGImagePropertyIPTCExtExternalMetadataLink	System/Library/Frameworks/ImageIO.framework/ImageIO.tbd
_kCGImagePropertyIPTCExtFeedIdentifier	System/Library/Frameworks/ImageIO.framework/ImageIO.tbd
_kCGImagePropertyIPTCExtGenre	System/Library/Frameworks/ImageIO.framework/ImageIO.tbd
_kCGImagePropertyIPTCExtGenreCvId	System/Library/Frameworks/ImageIO.framework/ImageIO.tbd
_kCGImagePropertyIPTCExtGenreCvTermId	System/Library/Frameworks/ImageIO.framework/ImageIO.tbd
_kCGImagePropertyIPTCExtGenreCvTermName	System/Library/Frameworks/ImageIO.framework/ImageIO.tbd
_kCGImagePropertyIPTCExtGenreCvTermRefinedAbout	System/Library/Frameworks/ImageIO.framework/ImageIO.tbd
_kCGImagePropertyIPTCExtHeadline	System/Library/Frameworks/ImageIO.framework/ImageIO.tbd
_kCGImagePropertyIPTCExtIPTCLastEdited	System/Library/Frameworks/ImageIO.framework/ImageIO.tbd
_kCGImagePropertyIPTCExtLinkedEncRightsExpr	System/Library/Frameworks/ImageIO.framework/ImageIO.tbd
_kCGImagePropertyIPTCExtLinkedEncodedRightsExpr	System/Library/Frameworks/ImageIO.framework/ImageIO.tbd
_kCGImagePropertyIPTCExtLinkedEncodedRightsExprLangID	System/Library/Frameworks/ImageIO.framework/ImageIO.tbd
_kCGImagePropertyIPTCExtLinkedEncodedRightsExprType	System/Library/Frameworks/ImageIO.framework/ImageIO.tbd
_kCGImagePropertyIPTCExtLocationCity	System/Library/Frameworks/ImageIO.framework/ImageIO.tbd
_kCGImagePropertyIPTCExtLocationCountryCode	System/Library/Frameworks/ImageIO.framework/ImageIO.tbd
_kCGImagePropertyIPTCExtLocationCountryName	System/Library/Frameworks/ImageIO.framework/ImageIO.tbd
_kCGImagePropertyIPTCExtLocationCreated	System/Library/Frameworks/ImageIO.framework/ImageIO.tbd
_kCGImagePropertyIPTCExtLocationGPSAltitude	System/Library/Frameworks/ImageIO.framework/ImageIO.tbd
_kCGImagePropertyIPTCExtLocationGPSLatitude	System/Library/Frameworks/ImageIO.framework/ImageIO.tbd
_kCGImagePropertyIPTCExtLocationGPSLongitude	System/Library/Frameworks/ImageIO.framework/ImageIO.tbd
_kCGImagePropertyIPTCExtLocationIdentifier	System/Library/Frameworks/ImageIO.framework/ImageIO.tbd
_kCGImagePropertyIPTCExtLocationLocationId	System/Library/Frameworks/ImageIO.framework/ImageIO.tbd
_kCGImagePropertyIPTCExtLocationLocationName	System/Library/Frameworks/ImageIO.framework/ImageIO.tbd
_kCGImagePropertyIPTCExtLocationProvinceState	System/Library/Frameworks/ImageIO.framework/ImageIO.tbd
_kCGImagePropertyIPTCExtLocationShown	System/Library/Frameworks/ImageIO.framework/ImageIO.tbd
_kCGImagePropertyIPTCExtLocationSublocation	System/Library/Frameworks/ImageIO.framework/ImageIO.tbd
_kCGImagePropertyIPTCExtLocationWorldRegion	System/Library/Frameworks/ImageIO.framework/ImageIO.tbd
_kCGImagePropertyIPTCExtMaxAvailHeight	System/Library/Frameworks/ImageIO.framework/ImageIO.tbd
_kCGImagePropertyIPTCExtMaxAvailWidth	System/Library/Frameworks/ImageIO.framework/ImageIO.tbd
_kCGImagePropertyIPTCExtModelAge	System/Library/Frameworks/ImageIO.framework/ImageIO.tbd
_kCGImagePropertyIPTCExtOrganisationInImageCode	System/Library/Frameworks/ImageIO.framework/ImageIO.tbd
_kCGImagePropertyIPTCExtOrganisationInImageName	System/Library/Frameworks/ImageIO.framework/ImageIO.tbd
_kCGImagePropertyIPTCExtPersonHeard	System/Library/Frameworks/ImageIO.framework/ImageIO.tbd
_kCGImagePropertyIPTCExtPersonHeardIdentifier	System/Library/Frameworks/ImageIO.framework/ImageIO.tbd
_kCGImagePropertyIPTCExtPersonHeardName	System/Library/Frameworks/ImageIO.framework/ImageIO.tbd
_kCGImagePropertyIPTCExtPersonInImage	System/Library/Frameworks/ImageIO.framework/ImageIO.tbd
_kCGImagePropertyIPTCExtPersonInImageCharacteristic	System/Library/Frameworks/ImageIO.framework/ImageIO.tbd
_kCGImagePropertyIPTCExtPersonInImageCvTermCvId	System/Library/Frameworks/ImageIO.framework/ImageIO.tbd
_kCGImagePropertyIPTCExtPersonInImageCvTermId	System/Library/Frameworks/ImageIO.framework/ImageIO.tbd
_kCGImagePropertyIPTCExtPersonInImageCvTermName	System/Library/Frameworks/ImageIO.framework/ImageIO.tbd
_kCGImagePropertyIPTCExtPersonInImageCvTermRefinedAbout	System/Library/Frameworks/ImageIO.framework/ImageIO.tbd
_kCGImagePropertyIPTCExtPersonInImageDescription	System/Library/Frameworks/ImageIO.framework/ImageIO.tbd
_kCGImagePropertyIPTCExtPersonInImageId	System/Library/Frameworks/ImageIO.framework/ImageIO.tbd
_kCGImagePropertyIPTCExtPersonInImageName	System/Library/Frameworks/ImageIO.framework/ImageIO.tbd
_kCGImagePropertyIPTCExtPersonInImageWDetails	System/Library/Frameworks/ImageIO.framework/ImageIO.tbd
_kCGImagePropertyIPTCExtProductInImage	System/Library/Frameworks/ImageIO.framework/ImageIO.tbd
_kCGImagePropertyIPTCExtProductInImageDescription	System/Library/Frameworks/ImageIO.framework/ImageIO.tbd
_kCGImagePropertyIPTCExtProductInImageGTIN	System/Library/Frameworks/ImageIO.framework/ImageIO.tbd
_kCGImagePropertyIPTCExtProductInImageName	System/Library/Frameworks/ImageIO.framework/ImageIO.tbd
_kCGImagePropertyIPTCExtPublicationEvent	System/Library/Frameworks/ImageIO.framework/ImageIO.tbd
_kCGImagePropertyIPTCExtPublicationEventDate	System/Library/Frameworks/ImageIO.framework/ImageIO.tbd
_kCGImagePropertyIPTCExtPublicationEventIdentifier	System/Library/Frameworks/ImageIO.framework/ImageIO.tbd
_kCGImagePropertyIPTCExtPublicationEventName	System/Library/Frameworks/ImageIO.framework/ImageIO.tbd
_kCGImagePropertyIPTCExtRating	System/Library/Frameworks/ImageIO.framework/ImageIO.tbd
_kCGImagePropertyIPTCExtRatingRatingRegion	System/Library/Frameworks/ImageIO.framework/ImageIO.tbd
_kCGImagePropertyIPTCExtRatingRegionCity	System/Library/Frameworks/ImageIO.framework/ImageIO.tbd
_kCGImagePropertyIPTCExtRatingRegionCountryCode	System/Library/Frameworks/ImageIO.framework/ImageIO.tbd
_kCGImagePropertyIPTCExtRatingRegionCountryName	System/Library/Frameworks/ImageIO.framework/ImageIO.tbd
_kCGImagePropertyIPTCExtRatingRegionGPSAltitude	System/Library/Frameworks/ImageIO.framework/ImageIO.tbd
_kCGImagePropertyIPTCExtRatingRegionGPSLatitude	System/Library/Frameworks/ImageIO.framework/ImageIO.tbd
_kCGImagePropertyIPTCExtRatingRegionGPSLongitude	System/Library/Frameworks/ImageIO.framework/ImageIO.tbd
_kCGImagePropertyIPTCExtRatingRegionIdentifier	System/Library/Frameworks/ImageIO.framework/ImageIO.tbd
_kCGImagePropertyIPTCExtRatingRegionLocationId	System/Library/Frameworks/ImageIO.framework/ImageIO.tbd
_kCGImagePropertyIPTCExtRatingRegionLocationName	System/Library/Frameworks/ImageIO.framework/ImageIO.tbd
_kCGImagePropertyIPTCExtRatingRegionProvinceState	System/Library/Frameworks/ImageIO.framework/ImageIO.tbd
_kCGImagePropertyIPTCExtRatingRegionSublocation	System/Library/Frameworks/ImageIO.framework/ImageIO.tbd
_kCGImagePropertyIPTCExtRatingRegionWorldRegion	System/Library/Frameworks/ImageIO.framework/ImageIO.tbd
_kCGImagePropertyIPTCExtRatingScaleMaxValue	System/Library/Frameworks/ImageIO.framework/ImageIO.tbd
_kCGImagePropertyIPTCExtRatingScaleMinValue	System/Library/Frameworks/ImageIO.framework/ImageIO.tbd
_kCGImagePropertyIPTCExtRatingSourceLink	System/Library/Frameworks/ImageIO.framework/ImageIO.tbd
_kCGImagePropertyIPTCExtRatingValue	System/Library/Frameworks/ImageIO.framework/ImageIO.tbd
_kCGImagePropertyIPTCExtRatingValueLogoLink	System/Library/Frameworks/ImageIO.framework/ImageIO.tbd
_kCGImagePropertyIPTCExtRegistryEntryRole	System/Library/Frameworks/ImageIO.framework/ImageIO.tbd
_kCGImagePropertyIPTCExtRegistryID	System/Library/Frameworks/ImageIO.framework/ImageIO.tbd
_kCGImagePropertyIPTCExtRegistryItemID	System/Library/Frameworks/ImageIO.framework/ImageIO.tbd
_kCGImagePropertyIPTCExtRegistryOrganisationID	System/Library/Frameworks/ImageIO.framework/ImageIO.tbd
_kCGImagePropertyIPTCExtReleaseReady	System/Library/Frameworks/ImageIO.framework/ImageIO.tbd
_kCGImagePropertyIPTCExtSeason	System/Library/Frameworks/ImageIO.framework/ImageIO.tbd
_kCGImagePropertyIPTCExtSeasonIdentifier	System/Library/Frameworks/ImageIO.framework/ImageIO.tbd
_kCGImagePropertyIPTCExtSeasonName	System/Library/Frameworks/ImageIO.framework/ImageIO.tbd
_kCGImagePropertyIPTCExtSeasonNumber	System/Library/Frameworks/ImageIO.framework/ImageIO.tbd
_kCGImagePropertyIPTCExtSeries	System/Library/Frameworks/ImageIO.framework/ImageIO.tbd
_kCGImagePropertyIPTCExtSeriesIdentifier	System/Library/Frameworks/ImageIO.framework/ImageIO.tbd
_kCGImagePropertyIPTCExtSeriesName	System/Library/Frameworks/ImageIO.framework/ImageIO.tbd
_kCGImagePropertyIPTCExtShownEvent	System/Library/Frameworks/ImageIO.framework/ImageIO.tbd
_kCGImagePropertyIPTCExtShownEventIdentifier	System/Library/Frameworks/ImageIO.framework/ImageIO.tbd
_kCGImagePropertyIPTCExtShownEventName	System/Library/Frameworks/ImageIO.framework/ImageIO.tbd
_kCGImagePropertyIPTCExtStorylineIdentifier	System/Library/Frameworks/ImageIO.framework/ImageIO.tbd
_kCGImagePropertyIPTCExtStreamReady	System/Library/Frameworks/ImageIO.framework/ImageIO.tbd
_kCGImagePropertyIPTCExtStylePeriod	System/Library/Frameworks/ImageIO.framework/ImageIO.tbd
_kCGImagePropertyIPTCExtSupplyChainSource	System/Library/Frameworks/ImageIO.framework/ImageIO.tbd
_kCGImagePropertyIPTCExtSupplyChainSourceIdentifier	System/Library/Frameworks/ImageIO.framework/ImageIO.tbd
_kCGImagePropertyIPTCExtSupplyChainSourceName	System/Library/Frameworks/ImageIO.framework/ImageIO.tbd
_kCGImagePropertyIPTCExtTemporalCoverage	System/Library/Frameworks/ImageIO.framework/ImageIO.tbd
_kCGImagePropertyIPTCExtTemporalCoverageFrom	System/Library/Frameworks/ImageIO.framework/ImageIO.tbd
_kCGImagePropertyIPTCExtTemporalCoverageTo	System/Library/Frameworks/ImageIO.framework/ImageIO.tbd
_kCGImagePropertyIPTCExtTranscript	System/Library/Frameworks/ImageIO.framework/ImageIO.tbd
_kCGImagePropertyIPTCExtTranscriptLink	System/Library/Frameworks/ImageIO.framework/ImageIO.tbd
_kCGImagePropertyIPTCExtTranscriptLinkLink	System/Library/Frameworks/ImageIO.framework/ImageIO.tbd
_kCGImagePropertyIPTCExtTranscriptLinkLinkQualifier	System/Library/Frameworks/ImageIO.framework/ImageIO.tbd
_kCGImagePropertyIPTCExtVideoBitrate	System/Library/Frameworks/ImageIO.framework/ImageIO.tbd
_kCGImagePropertyIPTCExtVideoBitrateMode	System/Library/Frameworks/ImageIO.framework/ImageIO.tbd
_kCGImagePropertyIPTCExtVideoDisplayAspectRatio	System/Library/Frameworks/ImageIO.framework/ImageIO.tbd
_kCGImagePropertyIPTCExtVideoEncodingProfile	System/Library/Frameworks/ImageIO.framework/ImageIO.tbd
_kCGImagePropertyIPTCExtVideoShotType	System/Library/Frameworks/ImageIO.framework/ImageIO.tbd
_kCGImagePropertyIPTCExtVideoShotTypeIdentifier	System/Library/Frameworks/ImageIO.framework/ImageIO.tbd
_kCGImagePropertyIPTCExtVideoShotTypeName	System/Library/Frameworks/ImageIO.framework/ImageIO.tbd
_kCGImagePropertyIPTCExtVideoStreamsCount	System/Library/Frameworks/ImageIO.framework/ImageIO.tbd
_kCGImagePropertyIPTCExtVisualColor	System/Library/Frameworks/ImageIO.framework/ImageIO.tbd
_kCGImagePropertyIPTCExtWorkflowTag	System/Library/Frameworks/ImageIO.framework/ImageIO.tbd
_kCGImagePropertyIPTCExtWorkflowTagCvId	System/Library/Frameworks/ImageIO.framework/ImageIO.tbd
_kCGImagePropertyIPTCExtWorkflowTagCvTermId	System/Library/Frameworks/ImageIO.framework/ImageIO.tbd
_kCGImagePropertyIPTCExtWorkflowTagCvTermName	System/Library/Frameworks/ImageIO.framework/ImageIO.tbd
_kCGImagePropertyIPTCExtWorkflowTagCvTermRefinedAbout	System/Library/Frameworks/ImageIO.framework/ImageIO.tbd
_kCGImagePropertyIPTCFixtureIdentifier	System/Library/Frameworks/ImageIO.framework/ImageIO.tbd
_kCGImagePropertyIPTCHeadline	System/Library/Frameworks/ImageIO.framework/ImageIO.tbd
_kCGImagePropertyIPTCImageOrientation	System/Library/Frameworks/ImageIO.framework/ImageIO.tbd
_kCGImagePropertyIPTCImageType	System/Library/Frameworks/ImageIO.framework/ImageIO.tbd
_kCGImagePropertyIPTCKeywords	System/Library/Frameworks/ImageIO.framework/ImageIO.tbd
_kCGImagePropertyIPTCLanguageIdentifier	System/Library/Frameworks/ImageIO.framework/ImageIO.tbd
_kCGImagePropertyIPTCObjectAttributeReference	System/Library/Frameworks/ImageIO.framework/ImageIO.tbd
_kCGImagePropertyIPTCObjectCycle	System/Library/Frameworks/ImageIO.framework/ImageIO.tbd
_kCGImagePropertyIPTCObjectName	System/Library/Frameworks/ImageIO.framework/ImageIO.tbd
_kCGImagePropertyIPTCObjectTypeReference	System/Library/Frameworks/ImageIO.framework/ImageIO.tbd
_kCGImagePropertyIPTCOriginalTransmissionReference	System/Library/Frameworks/ImageIO.framework/ImageIO.tbd
_kCGImagePropertyIPTCOriginatingProgram	System/Library/Frameworks/ImageIO.framework/ImageIO.tbd
_kCGImagePropertyIPTCProgramVersion	System/Library/Frameworks/ImageIO.framework/ImageIO.tbd
_kCGImagePropertyIPTCProvinceState	System/Library/Frameworks/ImageIO.framework/ImageIO.tbd
_kCGImagePropertyIPTCReferenceDate	System/Library/Frameworks/ImageIO.framework/ImageIO.tbd
_kCGImagePropertyIPTCReferenceNumber	System/Library/Frameworks/ImageIO.framework/ImageIO.tbd
_kCGImagePropertyIPTCReferenceService	System/Library/Frameworks/ImageIO.framework/ImageIO.tbd
_kCGImagePropertyIPTCReleaseDate	System/Library/Frameworks/ImageIO.framework/ImageIO.tbd
_kCGImagePropertyIPTCReleaseTime	System/Library/Frameworks/ImageIO.framework/ImageIO.tbd
_kCGImagePropertyIPTCRightsUsageTerms	System/Library/Frameworks/ImageIO.framework/ImageIO.tbd
_kCGImagePropertyIPTCScene	System/Library/Frameworks/ImageIO.framework/ImageIO.tbd
_kCGImagePropertyIPTCSource	System/Library/Frameworks/ImageIO.framework/ImageIO.tbd
_kCGImagePropertyIPTCSpecialInstructions	System/Library/Frameworks/ImageIO.framework/ImageIO.tbd
_kCGImagePropertyIPTCStarRating	System/Library/Frameworks/ImageIO.framework/ImageIO.tbd
_kCGImagePropertyIPTCSubLocation	System/Library/Frameworks/ImageIO.framework/ImageIO.tbd
_kCGImagePropertyIPTCSubjectReference	System/Library/Frameworks/ImageIO.framework/ImageIO.tbd
_kCGImagePropertyIPTCSupplementalCategory	System/Library/Frameworks/ImageIO.framework/ImageIO.tbd
_kCGImagePropertyIPTCTimeCreated	System/Library/Frameworks/ImageIO.framework/ImageIO.tbd
_kCGImagePropertyIPTCUrgency	System/Library/Frameworks/ImageIO.framework/ImageIO.tbd
_kCGImagePropertyIPTCWriterEditor	System/Library/Frameworks/ImageIO.framework/ImageIO.tbd
_kCGImagePropertyImageCount	System/Library/Frameworks/ImageIO.framework/ImageIO.tbd
_kCGImagePropertyImageIndex	System/Library/Frameworks/ImageIO.framework/ImageIO.tbd
_kCGImagePropertyImages	System/Library/Frameworks/ImageIO.framework/ImageIO.tbd
_kCGImagePropertyIsFloat	System/Library/Frameworks/ImageIO.framework/ImageIO.tbd
_kCGImagePropertyIsIndexed	System/Library/Frameworks/ImageIO.framework/ImageIO.tbd
_kCGImagePropertyJFIFDensityUnit	System/Library/Frameworks/ImageIO.framework/ImageIO.tbd
_kCGImagePropertyJFIFDictionary	System/Library/Frameworks/ImageIO.framework/ImageIO.tbd
_kCGImagePropertyJFIFIsProgressive	System/Library/Frameworks/ImageIO.framework/ImageIO.tbd
_kCGImagePropertyJFIFVersion	System/Library/Frameworks/ImageIO.framework/ImageIO.tbd
_kCGImagePropertyJFIFXDensity	System/Library/Frameworks/ImageIO.framework/ImageIO.tbd
_kCGImagePropertyJFIFYDensity	System/Library/Frameworks/ImageIO.framework/ImageIO.tbd
_kCGImagePropertyJPEGChromaSubsamplingX	System/Library/Frameworks/ImageIO.framework/ImageIO.tbd
_kCGImagePropertyJPEGChromaSubsamplingY	System/Library/Frameworks/ImageIO.framework/ImageIO.tbd
_kCGImagePropertyJPEGDictionary	System/Library/Frameworks/ImageIO.framework/ImageIO.tbd
_kCGImagePropertyJPEGQuantization	System/Library/Frameworks/ImageIO.framework/ImageIO.tbd
_kCGImagePropertyMakerAppleDictionary	System/Library/Frameworks/ImageIO.framework/ImageIO.tbd
_kCGImagePropertyMakerCanonAspectRatioInfo	System/Library/Frameworks/ImageIO.framework/ImageIO.tbd
_kCGImagePropertyMakerCanonCameraSerialNumber	System/Library/Frameworks/ImageIO.framework/ImageIO.tbd
_kCGImagePropertyMakerCanonContinuousDrive	System/Library/Frameworks/ImageIO.framework/ImageIO.tbd
_kCGImagePropertyMakerCanonDictionary	System/Library/Frameworks/ImageIO.framework/ImageIO.tbd
_kCGImagePropertyMakerCanonFirmware	System/Library/Frameworks/ImageIO.framework/ImageIO.tbd
_kCGImagePropertyMakerCanonFlashExposureComp	System/Library/Frameworks/ImageIO.framework/ImageIO.tbd
_kCGImagePropertyMakerCanonImageSerialNumber	System/Library/Frameworks/ImageIO.framework/ImageIO.tbd
_kCGImagePropertyMakerCanonLensModel	System/Library/Frameworks/ImageIO.framework/ImageIO.tbd
_kCGImagePropertyMakerCanonOwnerName	System/Library/Frameworks/ImageIO.framework/ImageIO.tbd
_kCGImagePropertyMakerFujiDictionary	System/Library/Frameworks/ImageIO.framework/ImageIO.tbd
_kCGImagePropertyMakerMinoltaDictionary	System/Library/Frameworks/ImageIO.framework/ImageIO.tbd
_kCGImagePropertyMakerNikonCameraSerialNumber	System/Library/Frameworks/ImageIO.framework/ImageIO.tbd
_kCGImagePropertyMakerNikonColorMode	System/Library/Frameworks/ImageIO.framework/ImageIO.tbd
_kCGImagePropertyMakerNikonDictionary	System/Library/Frameworks/ImageIO.framework/ImageIO.tbd
_kCGImagePropertyMakerNikonDigitalZoom	System/Library/Frameworks/ImageIO.framework/ImageIO.tbd
_kCGImagePropertyMakerNikonFlashExposureComp	System/Library/Frameworks/ImageIO.framework/ImageIO.tbd
_kCGImagePropertyMakerNikonFlashSetting	System/Library/Frameworks/ImageIO.framework/ImageIO.tbd
_kCGImagePropertyMakerNikonFocusDistance	System/Library/Frameworks/ImageIO.framework/ImageIO.tbd
_kCGImagePropertyMakerNikonFocusMode	System/Library/Frameworks/ImageIO.framework/ImageIO.tbd
_kCGImagePropertyMakerNikonISOSelection	System/Library/Frameworks/ImageIO.framework/ImageIO.tbd
_kCGImagePropertyMakerNikonISOSetting	System/Library/Frameworks/ImageIO.framework/ImageIO.tbd
_kCGImagePropertyMakerNikonImageAdjustment	System/Library/Frameworks/ImageIO.framework/ImageIO.tbd
_kCGImagePropertyMakerNikonLensAdapter	System/Library/Frameworks/ImageIO.framework/ImageIO.tbd
_kCGImagePropertyMakerNikonLensInfo	System/Library/Frameworks/ImageIO.framework/ImageIO.tbd
_kCGImagePropertyMakerNikonLensType	System/Library/Frameworks/ImageIO.framework/ImageIO.tbd
_kCGImagePropertyMakerNikonQuality	System/Library/Frameworks/ImageIO.framework/ImageIO.tbd
_kCGImagePropertyMakerNikonSharpenMode	System/Library/Frameworks/ImageIO.framework/ImageIO.tbd
_kCGImagePropertyMakerNikonShootingMode	System/Library/Frameworks/ImageIO.framework/ImageIO.tbd
_kCGImagePropertyMakerNikonShutterCount	System/Library/Frameworks/ImageIO.framework/ImageIO.tbd
_kCGImagePropertyMakerNikonWhiteBalanceMode	System/Library/Frameworks/ImageIO.framework/ImageIO.tbd
_kCGImagePropertyMakerOlympusDictionary	System/Library/Frameworks/ImageIO.framework/ImageIO.tbd
_kCGImagePropertyMakerPentaxDictionary	System/Library/Frameworks/ImageIO.framework/ImageIO.tbd
_kCGImagePropertyNamedColorSpace	System/Library/Frameworks/ImageIO.framework/ImageIO.tbd
_kCGImagePropertyOpenEXRAspectRatio	System/Library/Frameworks/ImageIO.framework/ImageIO.tbd
_kCGImagePropertyOpenEXRCompression	System/Library/Frameworks/ImageIO.framework/ImageIO.tbd
_kCGImagePropertyOpenEXRDictionary	System/Library/Frameworks/ImageIO.framework/ImageIO.tbd
_kCGImagePropertyOrientation	System/Library/Frameworks/ImageIO.framework/ImageIO.tbd
_kCGImagePropertyPNGAuthor	System/Library/Frameworks/ImageIO.framework/ImageIO.tbd
_kCGImagePropertyPNGBandCount	System/Library/Frameworks/ImageIO.framework/ImageIO.tbd
_kCGImagePropertyPNGChromaticities	System/Library/Frameworks/ImageIO.framework/ImageIO.tbd
_kCGImagePropertyPNGComment	System/Library/Frameworks/ImageIO.framework/ImageIO.tbd
_kCGImagePropertyPNGCompressionFilter	System/Library/Frameworks/ImageIO.framework/ImageIO.tbd
_kCGImagePropertyPNGCopyright	System/Library/Frameworks/ImageIO.framework/ImageIO.tbd
_kCGImagePropertyPNGCreationTime	System/Library/Frameworks/ImageIO.framework/ImageIO.tbd
_kCGImagePropertyPNGDescription	System/Library/Frameworks/ImageIO.framework/ImageIO.tbd
_kCGImagePropertyPNGDictionary	System/Library/Frameworks/ImageIO.framework/ImageIO.tbd
_kCGImagePropertyPNGDisclaimer	System/Library/Frameworks/ImageIO.framework/ImageIO.tbd
_kCGImagePropertyPNGGamma	System/Library/Frameworks/ImageIO.framework/ImageIO.tbd
_kCGImagePropertyPNGInterlaceType	System/Library/Frameworks/ImageIO.framework/ImageIO.tbd
_kCGImagePropertyPNGModificationTime	System/Library/Frameworks/ImageIO.framework/ImageIO.tbd
_kCGImagePropertyPNGPixelsAspectRatio	System/Library/Frameworks/ImageIO.framework/ImageIO.tbd
_kCGImagePropertyPNGSoftware	System/Library/Frameworks/ImageIO.framework/ImageIO.tbd
_kCGImagePropertyPNGSource	System/Library/Frameworks/ImageIO.framework/ImageIO.tbd
_kCGImagePropertyPNGTitle	System/Library/Frameworks/ImageIO.framework/ImageIO.tbd
_kCGImagePropertyPNGTransparency	System/Library/Frameworks/ImageIO.framework/ImageIO.tbd
_kCGImagePropertyPNGWarning	System/Library/Frameworks/ImageIO.framework/ImageIO.tbd
_kCGImagePropertyPNGXPixelsPerMeter	System/Library/Frameworks/ImageIO.framework/ImageIO.tbd
_kCGImagePropertyPNGYPixelsPerMeter	System/Library/Frameworks/ImageIO.framework/ImageIO.tbd
_kCGImagePropertyPNGsRGBIntent	System/Library/Frameworks/ImageIO.framework/ImageIO.tbd
_kCGImagePropertyPVRBitsPerPixel	System/Library/Frameworks/ImageIO.framework/ImageIO.tbd
_kCGImagePropertyPVRChannelWeighting	System/Library/Frameworks/ImageIO.framework/ImageIO.tbd
_kCGImagePropertyPVREncoder	System/Library/Frameworks/ImageIO.framework/ImageIO.tbd
_kCGImagePropertyPVRPunchThrough	System/Library/Frameworks/ImageIO.framework/ImageIO.tbd
_kCGImagePropertyPencilKitPrivateData	System/Library/Frameworks/ImageIO.framework/ImageIO.tbd
_kCGImagePropertyPixelFormat	System/Library/Frameworks/ImageIO.framework/ImageIO.tbd
_kCGImagePropertyPixelHeight	System/Library/Frameworks/ImageIO.framework/ImageIO.tbd
_kCGImagePropertyPixelWidth	System/Library/Frameworks/ImageIO.framework/ImageIO.tbd
_kCGImagePropertyPrimaryImage	System/Library/Frameworks/ImageIO.framework/ImageIO.tbd
_kCGImagePropertyProfileName	System/Library/Frameworks/ImageIO.framework/ImageIO.tbd
_kCGImagePropertyRawDictionary	System/Library/Frameworks/ImageIO.framework/ImageIO.tbd
_kCGImagePropertyRenderingDepth	System/Library/Frameworks/ImageIO.framework/ImageIO.tbd
_kCGImagePropertySamplesPerPixel	System/Library/Frameworks/ImageIO.framework/ImageIO.tbd
_kCGImagePropertyTGACompression	System/Library/Frameworks/ImageIO.framework/ImageIO.tbd
_kCGImagePropertyTGADictionary	System/Library/Frameworks/ImageIO.framework/ImageIO.tbd
_kCGImagePropertyTIFFArtist	System/Library/Frameworks/ImageIO.framework/ImageIO.tbd
_kCGImagePropertyTIFFCompression	System/Library/Frameworks/ImageIO.framework/ImageIO.tbd
_kCGImagePropertyTIFFCopyright	System/Library/Frameworks/ImageIO.framework/ImageIO.tbd
_kCGImagePropertyTIFFDateTime	System/Library/Frameworks/ImageIO.framework/ImageIO.tbd
_kCGImagePropertyTIFFDictionary	System/Library/Frameworks/ImageIO.framework/ImageIO.tbd
_kCGImagePropertyTIFFDocumentName	System/Library/Frameworks/ImageIO.framework/ImageIO.tbd
_kCGImagePropertyTIFFHostComputer	System/Library/Frameworks/ImageIO.framework/ImageIO.tbd
_kCGImagePropertyTIFFImageDescription	System/Library/Frameworks/ImageIO.framework/ImageIO.tbd
_kCGImagePropertyTIFFMake	System/Library/Frameworks/ImageIO.framework/ImageIO.tbd
_kCGImagePropertyTIFFModel	System/Library/Frameworks/ImageIO.framework/ImageIO.tbd
_kCGImagePropertyTIFFOrientation	System/Library/Frameworks/ImageIO.framework/ImageIO.tbd
_kCGImagePropertyTIFFPhotometricInterpretation	System/Library/Frameworks/ImageIO.framework/ImageIO.tbd
_kCGImagePropertyTIFFPrimaryChromaticities	System/Library/Frameworks/ImageIO.framework/ImageIO.tbd
_kCGImagePropertyTIFFResolutionUnit	System/Library/Frameworks/ImageIO.framework/ImageIO.tbd
_kCGImagePropertyTIFFSoftware	System/Library/Frameworks/ImageIO.framework/ImageIO.tbd
_kCGImagePropertyTIFFTileLength	System/Library/Frameworks/ImageIO.framework/ImageIO.tbd
_kCGImagePropertyTIFFTileWidth	System/Library/Frameworks/ImageIO.framework/ImageIO.tbd
_kCGImagePropertyTIFFTransferFunction	System/Library/Frameworks/ImageIO.framework/ImageIO.tbd
_kCGImagePropertyTIFFWhitePoint	System/Library/Frameworks/ImageIO.framework/ImageIO.tbd
_kCGImagePropertyTIFFXPosition	System/Library/Frameworks/ImageIO.framework/ImageIO.tbd
_kCGImagePropertyTIFFXResolution	System/Library/Frameworks/ImageIO.framework/ImageIO.tbd
_kCGImagePropertyTIFFYPosition	System/Library/Frameworks/ImageIO.framework/ImageIO.tbd
_kCGImagePropertyTIFFYResolution	System/Library/Frameworks/ImageIO.framework/ImageIO.tbd
_kCGImagePropertyThreshold	System/Library/Frameworks/ImageIO.framework/ImageIO.tbd
_kCGImagePropertyThumbnailImages	System/Library/Frameworks/ImageIO.framework/ImageIO.tbd
_kCGImagePropertyWebPCanvasPixelHeight	System/Library/Frameworks/ImageIO.framework/ImageIO.tbd
_kCGImagePropertyWebPCanvasPixelWidth	System/Library/Frameworks/ImageIO.framework/ImageIO.tbd
_kCGImagePropertyWebPDelayTime	System/Library/Frameworks/ImageIO.framework/ImageIO.tbd
_kCGImagePropertyWebPDictionary	System/Library/Frameworks/ImageIO.framework/ImageIO.tbd
_kCGImagePropertyWebPFrameInfoArray	System/Library/Frameworks/ImageIO.framework/ImageIO.tbd
_kCGImagePropertyWebPLoopCount	System/Library/Frameworks/ImageIO.framework/ImageIO.tbd
_kCGImagePropertyWebPUnclampedDelayTime	System/Library/Frameworks/ImageIO.framework/ImageIO.tbd
_kCGImagePropertyWidth	System/Library/Frameworks/ImageIO.framework/ImageIO.tbd
_kCGImageProviderPreferredTileHeight	System/Library/Frameworks/ImageIO.framework/ImageIO.tbd
_kCGImageProviderPreferredTileWidth	System/Library/Frameworks/ImageIO.framework/ImageIO.tbd
_kCGImageSkipCIF10SRGBCheck	System/Library/Frameworks/ImageIO.framework/ImageIO.tbd
_kCGImageSourceAddHEIFContainerItemID	System/Library/Frameworks/ImageIO.framework/ImageIO.tbd
_kCGImageSourceAddJPEGQualityInformation	System/Library/Frameworks/ImageIO.framework/ImageIO.tbd
_kCGImageSourceAddPencilKitPrivateData	System/Library/Frameworks/ImageIO.framework/ImageIO.tbd
_kCGImageSourceAddRenderingInformation	System/Library/Frameworks/ImageIO.framework/ImageIO.tbd
_kCGImageSourceAddThumbnailInformation	System/Library/Frameworks/ImageIO.framework/ImageIO.tbd
_kCGImageSourceApplyHDRGainMap	System/Library/Frameworks/ImageIO.framework/ImageIO.tbd
_kCGImageSourceBlackDespeckleEnabled	System/Library/Frameworks/ImageIO.framework/ImageIO.tbd
_kCGImageSourceBoostAmount	System/Library/Frameworks/ImageIO.framework/ImageIO.tbd
_kCGImageSourceCACorrectionBlueScale	System/Library/Frameworks/ImageIO.framework/ImageIO.tbd
_kCGImageSourceCACorrectionEnabled	System/Library/Frameworks/ImageIO.framework/ImageIO.tbd
_kCGImageSourceCACorrectionPower	System/Library/Frameworks/ImageIO.framework/ImageIO.tbd
_kCGImageSourceCACorrectionRedScale	System/Library/Frameworks/ImageIO.framework/ImageIO.tbd
_kCGImageSourceChromaBlurEnabled	System/Library/Frameworks/ImageIO.framework/ImageIO.tbd
_kCGImageSourceChromaBlurMoireAmount	System/Library/Frameworks/ImageIO.framework/ImageIO.tbd
_kCGImageSourceChromaBlurMoireSize	System/Library/Frameworks/ImageIO.framework/ImageIO.tbd
_kCGImageSourceChromaBlurRadius	System/Library/Frameworks/ImageIO.framework/ImageIO.tbd
_kCGImageSourceColorTransform	System/Library/Frameworks/ImageIO.framework/ImageIO.tbd
_kCGImageSourceColorTransformAdobeRGBTosRGB	System/Library/Frameworks/ImageIO.framework/ImageIO.tbd
_kCGImageSourceColorTransformOption	System/Library/Frameworks/ImageIO.framework/ImageIO.tbd
_kCGImageSourceColorTransformSpace	System/Library/Frameworks/ImageIO.framework/ImageIO.tbd
_kCGImageSourceCreateThumbnailFromImageAlways	System/Library/Frameworks/ImageIO.framework/ImageIO.tbd
_kCGImageSourceCreateThumbnailFromImageIfAbsent	System/Library/Frameworks/ImageIO.framework/ImageIO.tbd
_kCGImageSourceCreateThumbnailFromImageProxy	System/Library/Frameworks/ImageIO.framework/ImageIO.tbd
_kCGImageSourceCreateThumbnailWithTransform	System/Library/Frameworks/ImageIO.framework/ImageIO.tbd
_kCGImageSourceCreateUnpremultipliedPNG	System/Library/Frameworks/ImageIO.framework/ImageIO.tbd
_kCGImageSourceDecodeFormatAllowlist	System/Library/Frameworks/ImageIO.framework/ImageIO.tbd
_kCGImageSourceDecodeRequest	System/Library/Frameworks/ImageIO.framework/ImageIO.tbd
_kCGImageSourceDecodeRequestOptions	System/Library/Frameworks/ImageIO.framework/ImageIO.tbd
_kCGImageSourceDecodeToHDR	System/Library/Frameworks/ImageIO.framework/ImageIO.tbd
_kCGImageSourceDecodeToSDR	System/Library/Frameworks/ImageIO.framework/ImageIO.tbd
_kCGImageSourceDisableParallelDecode	System/Library/Frameworks/ImageIO.framework/ImageIO.tbd
_kCGImageSourceDrawAnnotations	System/Library/Frameworks/ImageIO.framework/ImageIO.tbd
_kCGImageSourceEnableMosquitoNoiseFiltering	System/Library/Frameworks/ImageIO.framework/ImageIO.tbd
_kCGImageSourceEnableRestrictedDecoding	System/Library/Frameworks/ImageIO.framework/ImageIO.tbd
_kCGImageSourceFailForDataNotMatchingHint	System/Library/Frameworks/ImageIO.framework/ImageIO.tbd
_kCGImageSourceForCoreImage	System/Library/Frameworks/ImageIO.framework/ImageIO.tbd
_kCGImageSourceGenerateImageSpecificLumaScaling	System/Library/Frameworks/ImageIO.framework/ImageIO.tbd
_kCGImageSourceIgnoreJPEGAuxImages	System/Library/Frameworks/ImageIO.framework/ImageIO.tbd
_kCGImageSourceJPEGInterchangeFormat	System/Library/Frameworks/ImageIO.framework/ImageIO.tbd
_kCGImageSourceJPEGInterchangeFormatLength	System/Library/Frameworks/ImageIO.framework/ImageIO.tbd
_kCGImageSourceMemoryMapAsShared	System/Library/Frameworks/ImageIO.framework/ImageIO.tbd
_kCGImageSourceMethodCurrentVersion	System/Library/Frameworks/ImageIO.framework/ImageIO.tbd
_kCGImageSourceMipmapLevel	System/Library/Frameworks/ImageIO.framework/ImageIO.tbd
_kCGImageSourceNeutralX	System/Library/Frameworks/ImageIO.framework/ImageIO.tbd
_kCGImageSourceNeutralY	System/Library/Frameworks/ImageIO.framework/ImageIO.tbd
_kCGImageSourceNoiseTransitionEnabled	System/Library/Frameworks/ImageIO.framework/ImageIO.tbd
_kCGImageSourcePreferHEIFCollection	System/Library/Frameworks/ImageIO.framework/ImageIO.tbd
_kCGImageSourcePreferredThreadCount	System/Library/Frameworks/ImageIO.framework/ImageIO.tbd
_kCGImageSourceRasterizationDPI	System/Library/Frameworks/ImageIO.framework/ImageIO.tbd
_kCGImageSourceRawReconstructionDefaults	System/Library/Frameworks/ImageIO.framework/ImageIO.tbd
_kCGImageSourceRawReconstructionMethodVersions	System/Library/Frameworks/ImageIO.framework/ImageIO.tbd
_kCGImageSourceRawReconstructionOptions	System/Library/Frameworks/ImageIO.framework/ImageIO.tbd
_kCGImageSourceRespectHEIFFileOrder	System/Library/Frameworks/ImageIO.framework/ImageIO.tbd
_kCGImageSourceSharpenAbsoluteLimit	System/Library/Frameworks/ImageIO.framework/ImageIO.tbd
_kCGImageSourceSharpenEdgeIntensity	System/Library/Frameworks/ImageIO.framework/ImageIO.tbd
_kCGImageSourceSharpenEnabled	System/Library/Frameworks/ImageIO.framework/ImageIO.tbd
_kCGImageSourceSharpenIntensity	System/Library/Frameworks/ImageIO.framework/ImageIO.tbd
_kCGImageSourceShouldAllowFloat	System/Library/Frameworks/ImageIO.framework/ImageIO.tbd
_kCGImageSourceShouldCache	System/Library/Frameworks/ImageIO.framework/ImageIO.tbd
_kCGImageSourceShouldCacheImmediately	System/Library/Frameworks/ImageIO.framework/ImageIO.tbd
_kCGImageSourceShouldExtendRaw	System/Library/Frameworks/ImageIO.framework/ImageIO.tbd
_kCGImageSourceShouldMemoryMap	System/Library/Frameworks/ImageIO.framework/ImageIO.tbd
_kCGImageSourceShouldPreferIPTCToEXIF	System/Library/Frameworks/ImageIO.framework/ImageIO.tbd
_kCGImageSourceShouldPreferRGB32	System/Library/Frameworks/ImageIO.framework/ImageIO.tbd
_kCGImageSourceShouldUseMethodVersion	System/Library/Frameworks/ImageIO.framework/ImageIO.tbd
_kCGImageSourceShouldUseRawDataForFullSize	System/Library/Frameworks/ImageIO.framework/ImageIO.tbd
_kCGImageSourceSkipAlpha	System/Library/Frameworks/ImageIO.framework/ImageIO.tbd
_kCGImageSourceSkipMetaData	System/Library/Frameworks/ImageIO.framework/ImageIO.tbd
_kCGImageSourceSkipMetadata	System/Library/Frameworks/ImageIO.framework/ImageIO.tbd
_kCGImageSourceSkipXMPMetadata	System/Library/Frameworks/ImageIO.framework/ImageIO.tbd
_kCGImageSourceSubsampleFactor	System/Library/Frameworks/ImageIO.framework/ImageIO.tbd
_kCGImageSourceThumbnailInterpolationQuality	System/Library/Frameworks/ImageIO.framework/ImageIO.tbd
_kCGImageSourceThumbnailMaxPixelSize	System/Library/Frameworks/ImageIO.framework/ImageIO.tbd
_kCGImageSourceTiledDownsamplingMode	System/Library/Frameworks/ImageIO.framework/ImageIO.tbd
_kCGImageSourceTypeIdentifierHint	System/Library/Frameworks/ImageIO.framework/ImageIO.tbd
_kCGImageSourceUseCoreImage	System/Library/Frameworks/ImageIO.framework/ImageIO.tbd
_kCGImageSourceUseHardwareAcceleration	System/Library/Frameworks/ImageIO.framework/ImageIO.tbd
_kCGImageSourceUsePDFBackgroundBlack	System/Library/Frameworks/ImageIO.framework/ImageIO.tbd
_kCGImageSourceUsePDFBackgroundWhite	System/Library/Frameworks/ImageIO.framework/ImageIO.tbd
_kCGImageSourceXMPSidecar	System/Library/Frameworks/ImageIO.framework/ImageIO.tbd
_kCGImageSurfaceBytesPerRowAlignmentRequest	System/Library/Frameworks/ImageIO.framework/ImageIO.tbd
_kCGImageSurfaceFormatRequest	System/Library/Frameworks/ImageIO.framework/ImageIO.tbd
_kCGImageWriteExtendedAPP0	System/Library/Frameworks/ImageIO.framework/ImageIO.tbd
_kCGTargetColorSpace	System/Library/Frameworks/ImageIO.framework/ImageIO.tbd
_kCGTargetGainMapSubsampleFactor	System/Library/Frameworks/ImageIO.framework/ImageIO.tbd
_kCGTargetHeadroom	System/Library/Frameworks/ImageIO.framework/ImageIO.tbd
_kCGTargetPixelFormat	System/Library/Frameworks/ImageIO.framework/ImageIO.tbd
_kCGTargetYCCMatrix	System/Library/Frameworks/ImageIO.framework/ImageIO.tbd
_kCGToneMappingMode	System/Library/Frameworks/ImageIO.framework/ImageIO.tbd
_kIIOCameraExtrinsics_CoordinateSystemID	System/Library/Frameworks/ImageIO.framework/ImageIO.tbd
_kIIOCameraExtrinsics_Position	System/Library/Frameworks/ImageIO.framework/ImageIO.tbd
_kIIOCameraExtrinsics_Rotation	System/Library/Frameworks/ImageIO.framework/ImageIO.tbd
_kIIOCameraModelType_GenericPinhole	System/Library/Frameworks/ImageIO.framework/ImageIO.tbd
_kIIOCameraModelType_SimplifiedPinhole	System/Library/Frameworks/ImageIO.framework/ImageIO.tbd
_kIIOCameraModel_Intrinsics	System/Library/Frameworks/ImageIO.framework/ImageIO.tbd
_kIIOCameraModel_ModelType	System/Library/Frameworks/ImageIO.framework/ImageIO.tbd
_kIIOMetadata_CameraExtrinsicsKey	System/Library/Frameworks/ImageIO.framework/ImageIO.tbd
_kIIOMetadata_CameraModelKey	System/Library/Frameworks/ImageIO.framework/ImageIO.tbd
_kIIOMonoscopicImageLocation_Center	System/Library/Frameworks/ImageIO.framework/ImageIO.tbd
_kIIOMonoscopicImageLocation_Left	System/Library/Frameworks/ImageIO.framework/ImageIO.tbd
_kIIOMonoscopicImageLocation_Right	System/Library/Frameworks/ImageIO.framework/ImageIO.tbd
_kIIOMonoscopicImageLocation_Unspecified	System/Library/Frameworks/ImageIO.framework/ImageIO.tbd
_kIIOPluginAddSourcePropsProc	System/Library/Frameworks/ImageIO.framework/ImageIO.tbd
_kIIOPluginCompareOptsProc	System/Library/Frameworks/ImageIO.framework/ImageIO.tbd
_kIIOPluginCopyAuxiliaryDataProc	System/Library/Frameworks/ImageIO.framework/ImageIO.tbd
_kIIOPluginExtensions	System/Library/Frameworks/ImageIO.framework/ImageIO.tbd
_kIIOPluginImageCountProc	System/Library/Frameworks/ImageIO.framework/ImageIO.tbd
_kIIOPluginInitImageProc	System/Library/Frameworks/ImageIO.framework/ImageIO.tbd
_kIIOPluginInitThumbnailProc	System/Library/Frameworks/ImageIO.framework/ImageIO.tbd
_kIIOPluginIsPreTiff	System/Library/Frameworks/ImageIO.framework/ImageIO.tbd
_kIIOPluginMinimumFileSize	System/Library/Frameworks/ImageIO.framework/ImageIO.tbd
_kIIOPluginOSType	System/Library/Frameworks/ImageIO.framework/ImageIO.tbd
_kIIOPluginTestHeaderProc	System/Library/Frameworks/ImageIO.framework/ImageIO.tbd
_kIIOPluginTestHeaderSize	System/Library/Frameworks/ImageIO.framework/ImageIO.tbd
_kIIOPluginUTType	System/Library/Frameworks/ImageIO.framework/ImageIO.tbd
_kIIOStereoAggressors_Severity	System/Library/Frameworks/ImageIO.framework/ImageIO.tbd
_kIIOStereoAggressors_SubTypeURI	System/Library/Frameworks/ImageIO.framework/ImageIO.tbd
_kIIOStereoAggressors_Type	System/Library/Frameworks/ImageIO.framework/ImageIO.tbd
_kImageIOInfoHeader_alphaInfo	System/Library/Frameworks/ImageIO.framework/ImageIO.tbd
_kImageIOInfoHeader_bitsPerComponent	System/Library/Frameworks/ImageIO.framework/ImageIO.tbd
_kImageIOInfoHeader_bitsPerPixel	System/Library/Frameworks/ImageIO.framework/ImageIO.tbd
_kImageIOInfoHeader_cacheImageBlocks	System/Library/Frameworks/ImageIO.framework/ImageIO.tbd
_kImageIOInfoHeader_colorTransformInfo	System/Library/Frameworks/ImageIO.framework/ImageIO.tbd
_kImageIOInfoHeader_colorspaceModel	System/Library/Frameworks/ImageIO.framework/ImageIO.tbd
_kImageIOInfoHeader_createImage	System/Library/Frameworks/ImageIO.framework/ImageIO.tbd
_kImageIOInfoHeader_createImageProviderWithBitmapInfo	System/Library/Frameworks/ImageIO.framework/ImageIO.tbd
_kImageIOInfoHeader_createMask	System/Library/Frameworks/ImageIO.framework/ImageIO.tbd
_kImageIOInfoHeader_imageHeight	System/Library/Frameworks/ImageIO.framework/ImageIO.tbd
_kImageIOInfoHeader_imageIndex	System/Library/Frameworks/ImageIO.framework/ImageIO.tbd
_kImageIOInfoHeader_imageWidth	System/Library/Frameworks/ImageIO.framework/ImageIO.tbd
_kImageIOInfoHeader_isFloat	System/Library/Frameworks/ImageIO.framework/ImageIO.tbd
_kImageIOInfoHeader_isLittleEndian	System/Library/Frameworks/ImageIO.framework/ImageIO.tbd
_kImageIOInfoHeader_originalIndexedColorMap	System/Library/Frameworks/ImageIO.framework/ImageIO.tbd
_kImageIOInfoHeader_originalIsIndexed	System/Library/Frameworks/ImageIO.framework/ImageIO.tbd
_kImageIOInfoHeader_pixelFormat	System/Library/Frameworks/ImageIO.framework/ImageIO.tbd
_kImageIOInfoHeader_plugin	System/Library/Frameworks/ImageIO.framework/ImageIO.tbd
_kImageIOInfoHeader_pluginHandlesReMapping	System/Library/Frameworks/ImageIO.framework/ImageIO.tbd
_kImageIOInfoHeader_rowBytes	System/Library/Frameworks/ImageIO.framework/ImageIO.tbd
_kImageIOInfoHeader_session	System/Library/Frameworks/ImageIO.framework/ImageIO.tbd
_kImageIOInfoHeader_skipLabFixup	System/Library/Frameworks/ImageIO.framework/ImageIO.tbd
_kImageIOInfoHeader_supportsMultipleResolutions	System/Library/Frameworks/ImageIO.framework/ImageIO.tbd
_kImageIOInfoHeader_usesImageAndMask	System/Library/Frameworks/ImageIO.framework/ImageIO.tbd
_kIsAdobeRGB	System/Library/Frameworks/ImageIO.framework/ImageIO.tbd
_kIsNotICC	System/Library/Frameworks/ImageIO.framework/ImageIO.tbd
_kIsSRGB	System/Library/Frameworks/ImageIO.framework/ImageIO.tbd
_kIsUnknownICC	System/Library/Frameworks/ImageIO.framework/ImageIO.tbd
_logEventType	System/Library/Frameworks/ImageIO.framework/ImageIO.tbd
