precise	status	evidence	notes
c:@E@NSFileProviderContentPolicy	implemented	test:full/fileprovider/tests/agent/FileProviderValueTests.swift#testEnumAndOptionSetValues	Focused Linux host assertion; not Apple File Provider daemon behavior.
c:@E@NSFileProviderContentPolicy@NSFileProviderContentPolicyDownloadLazilyAndEvictOnRemoteUpdate	implemented	test:full/fileprovider/tests/agent/FileProviderValueTests.swift#testEnumAndOptionSetValues	Focused Linux host assertion; not Apple File Provider daemon behavior.
c:@E@NSFileProviderContentPolicy@NSFileProviderContentPolicyInherited	implemented	test:full/fileprovider/tests/agent/FileProviderValueTests.swift#testEnumAndOptionSetValues	Focused Linux host assertion; not Apple File Provider daemon behavior.
c:@E@NSFileProviderCreateItemOptions	implemented	test:full/fileprovider/tests/agent/FileProviderValueTests.swift#testEnumAndOptionSetValues	Focused Linux host assertion; not Apple File Provider daemon behavior.
c:@E@NSFileProviderCreateItemOptions@NSFileProviderCreateItemDeletionConflicted	implemented	test:full/fileprovider/tests/agent/FileProviderValueTests.swift#testEnumAndOptionSetValues	Focused Linux host assertion; not Apple File Provider daemon behavior.
c:@E@NSFileProviderCreateItemOptions@NSFileProviderCreateItemMayAlreadyExist	implemented	test:full/fileprovider/tests/agent/FileProviderValueTests.swift#testEnumAndOptionSetValues	Focused Linux host assertion; not Apple File Provider daemon behavior.
c:@E@NSFileProviderDeleteItemOptions	implemented	test:full/fileprovider/tests/agent/FileProviderValueTests.swift#testEnumAndOptionSetValues	Focused Linux host assertion; not Apple File Provider daemon behavior.
c:@E@NSFileProviderDeleteItemOptions@NSFileProviderDeleteItemRecursive	implemented	test:full/fileprovider/tests/agent/FileProviderValueTests.swift#testEnumAndOptionSetValues	Focused Linux host assertion; not Apple File Provider daemon behavior.
c:@E@NSFileProviderDomainRemovalMode	implemented	test:full/fileprovider/tests/agent/FileProviderValueTests.swift#testEnumAndOptionSetValues	Focused Linux host assertion; not Apple File Provider daemon behavior.
c:@E@NSFileProviderDomainRemovalMode@NSFileProviderDomainRemovalModeRemoveAll	implemented	test:full/fileprovider/tests/agent/FileProviderValueTests.swift#testEnumAndOptionSetValues	Focused Linux host assertion; not Apple File Provider daemon behavior.
c:@E@NSFileProviderDomainTestingModes	implemented	test:full/fileprovider/tests/agent/FileProviderValueTests.swift#testEnumAndOptionSetValues	Focused Linux host assertion; not Apple File Provider daemon behavior.
c:@E@NSFileProviderDomainTestingModes@NSFileProviderDomainTestingModeAlwaysEnabled	implemented	test:full/fileprovider/tests/agent/FileProviderValueTests.swift#testEnumAndOptionSetValues	Focused Linux host assertion; not Apple File Provider daemon behavior.
c:@E@NSFileProviderDomainTestingModes@NSFileProviderDomainTestingModeInteractive	implemented	test:full/fileprovider/tests/agent/FileProviderValueTests.swift#testEnumAndOptionSetValues	Focused Linux host assertion; not Apple File Provider daemon behavior.
c:@E@NSFileProviderErrorCode	implemented	test:full/fileprovider/tests/agent/FileProviderValueTests.swift#testEnumAndOptionSetValues	Focused Linux host assertion; not Apple File Provider daemon behavior.
c:@E@NSFileProviderErrorCode@NSFileProviderErrorApplicationExtensionNotFound	implemented	test:full/fileprovider/tests/agent/FileProviderValueTests.swift#testEnumAndOptionSetValues	Focused Linux host assertion; not Apple File Provider daemon behavior.
c:@E@NSFileProviderErrorCode@NSFileProviderErrorCannotSynchronize	implemented	test:full/fileprovider/tests/agent/FileProviderValueTests.swift#testEnumAndOptionSetValues	Focused Linux host assertion; not Apple File Provider daemon behavior.
c:@E@NSFileProviderErrorCode@NSFileProviderErrorDeletionRejected	implemented	test:full/fileprovider/tests/agent/FileProviderValueTests.swift#testEnumAndOptionSetValues	Focused Linux host assertion; not Apple File Provider daemon behavior.
c:@E@NSFileProviderErrorCode@NSFileProviderErrorDirectoryNotEmpty	implemented	test:full/fileprovider/tests/agent/FileProviderValueTests.swift#testEnumAndOptionSetValues	Focused Linux host assertion; not Apple File Provider daemon behavior.
c:@E@NSFileProviderErrorCode@NSFileProviderErrorDomainDisabled	implemented	test:full/fileprovider/tests/agent/FileProviderValueTests.swift#testEnumAndOptionSetValues	Focused Linux host assertion; not Apple File Provider daemon behavior.
c:@E@NSFileProviderErrorCode@NSFileProviderErrorExcludedFromSync	implemented	test:full/fileprovider/tests/agent/FileProviderValueTests.swift#testEnumAndOptionSetValues	Focused Linux host assertion; not Apple File Provider daemon behavior.
c:@E@NSFileProviderErrorCode@NSFileProviderErrorFilenameCollision	implemented	test:full/fileprovider/tests/agent/FileProviderValueTests.swift#testEnumAndOptionSetValues	Focused Linux host assertion; not Apple File Provider daemon behavior.
c:@E@NSFileProviderErrorCode@NSFileProviderErrorInsufficientQuota	implemented	test:full/fileprovider/tests/agent/FileProviderValueTests.swift#testEnumAndOptionSetValues	Focused Linux host assertion; not Apple File Provider daemon behavior.
c:@E@NSFileProviderErrorCode@NSFileProviderErrorLocalVersionConflictingWithServer	implemented	test:full/fileprovider/tests/agent/FileProviderValueTests.swift#testEnumAndOptionSetValues	Focused Linux host assertion; not Apple File Provider daemon behavior.
c:@E@NSFileProviderErrorCode@NSFileProviderErrorNoSuchItem	implemented	test:full/fileprovider/tests/agent/FileProviderValueTests.swift#testEnumAndOptionSetValues	Focused Linux host assertion; not Apple File Provider daemon behavior.
c:@E@NSFileProviderErrorCode@NSFileProviderErrorNonEvictable	implemented	test:full/fileprovider/tests/agent/FileProviderValueTests.swift#testEnumAndOptionSetValues	Focused Linux host assertion; not Apple File Provider daemon behavior.
c:@E@NSFileProviderErrorCode@NSFileProviderErrorNonEvictableChildren	implemented	test:full/fileprovider/tests/agent/FileProviderValueTests.swift#testEnumAndOptionSetValues	Focused Linux host assertion; not Apple File Provider daemon behavior.
c:@E@NSFileProviderErrorCode@NSFileProviderErrorNotAuthenticated	implemented	test:full/fileprovider/tests/agent/FileProviderValueTests.swift#testEnumAndOptionSetValues	Focused Linux host assertion; not Apple File Provider daemon behavior.
c:@E@NSFileProviderErrorCode@NSFileProviderErrorProviderDomainNotFound	implemented	test:full/fileprovider/tests/agent/FileProviderValueTests.swift#testEnumAndOptionSetValues	Focused Linux host assertion; not Apple File Provider daemon behavior.
c:@E@NSFileProviderErrorCode@NSFileProviderErrorProviderDomainTemporarilyUnavailable	implemented	test:full/fileprovider/tests/agent/FileProviderValueTests.swift#testEnumAndOptionSetValues	Focused Linux host assertion; not Apple File Provider daemon behavior.
c:@E@NSFileProviderErrorCode@NSFileProviderErrorProviderNotFound	implemented	test:full/fileprovider/tests/agent/FileProviderValueTests.swift#testEnumAndOptionSetValues	Focused Linux host assertion; not Apple File Provider daemon behavior.
c:@E@NSFileProviderErrorCode@NSFileProviderErrorServerUnreachable	implemented	test:full/fileprovider/tests/agent/FileProviderValueTests.swift#testEnumAndOptionSetValues	Focused Linux host assertion; not Apple File Provider daemon behavior.
c:@E@NSFileProviderErrorCode@NSFileProviderErrorSyncAnchorExpired	implemented	test:full/fileprovider/tests/agent/FileProviderValueTests.swift#testEnumAndOptionSetValues	Focused Linux host assertion; not Apple File Provider daemon behavior.
c:@E@NSFileProviderErrorCode@NSFileProviderErrorUnsyncedEdits	implemented	test:full/fileprovider/tests/agent/FileProviderValueTests.swift#testEnumAndOptionSetValues	Focused Linux host assertion; not Apple File Provider daemon behavior.
c:@E@NSFileProviderFileSystemFlags	implemented	test:full/fileprovider/tests/agent/FileProviderValueTests.swift#testEnumAndOptionSetValues	Focused Linux host assertion; not Apple File Provider daemon behavior.
c:@E@NSFileProviderFileSystemFlags@NSFileProviderFileSystemHidden	implemented	test:full/fileprovider/tests/agent/FileProviderValueTests.swift#testEnumAndOptionSetValues	Focused Linux host assertion; not Apple File Provider daemon behavior.
c:@E@NSFileProviderFileSystemFlags@NSFileProviderFileSystemPathExtensionHidden	implemented	test:full/fileprovider/tests/agent/FileProviderValueTests.swift#testEnumAndOptionSetValues	Focused Linux host assertion; not Apple File Provider daemon behavior.
c:@E@NSFileProviderFileSystemFlags@NSFileProviderFileSystemUserExecutable	implemented	test:full/fileprovider/tests/agent/FileProviderValueTests.swift#testEnumAndOptionSetValues	Focused Linux host assertion; not Apple File Provider daemon behavior.
c:@E@NSFileProviderFileSystemFlags@NSFileProviderFileSystemUserReadable	implemented	test:full/fileprovider/tests/agent/FileProviderValueTests.swift#testEnumAndOptionSetValues	Focused Linux host assertion; not Apple File Provider daemon behavior.
c:@E@NSFileProviderFileSystemFlags@NSFileProviderFileSystemUserWritable	implemented	test:full/fileprovider/tests/agent/FileProviderValueTests.swift#testEnumAndOptionSetValues	Focused Linux host assertion; not Apple File Provider daemon behavior.
c:@E@NSFileProviderItemCapabilities	implemented	test:full/fileprovider/tests/agent/FileProviderValueTests.swift#testEnumAndOptionSetValues	Focused Linux host assertion; not Apple File Provider daemon behavior.
c:@E@NSFileProviderItemCapabilities@NSFileProviderItemCapabilitiesAllowsAddingSubItems	implemented	test:full/fileprovider/tests/agent/FileProviderValueTests.swift#testEnumAndOptionSetValues	Focused Linux host assertion; not Apple File Provider daemon behavior.
c:@E@NSFileProviderItemCapabilities@NSFileProviderItemCapabilitiesAllowsAll	implemented	test:full/fileprovider/tests/agent/FileProviderValueTests.swift#testEnumAndOptionSetValues	Focused Linux host assertion; not Apple File Provider daemon behavior.
c:@E@NSFileProviderItemCapabilities@NSFileProviderItemCapabilitiesAllowsContentEnumerating	implemented	test:full/fileprovider/tests/agent/FileProviderValueTests.swift#testEnumAndOptionSetValues	Focused Linux host assertion; not Apple File Provider daemon behavior.
c:@E@NSFileProviderItemCapabilities@NSFileProviderItemCapabilitiesAllowsDeleting	implemented	test:full/fileprovider/tests/agent/FileProviderValueTests.swift#testEnumAndOptionSetValues	Focused Linux host assertion; not Apple File Provider daemon behavior.
c:@E@NSFileProviderItemCapabilities@NSFileProviderItemCapabilitiesAllowsEvicting	implemented	test:full/fileprovider/tests/agent/FileProviderValueTests.swift#testEnumAndOptionSetValues	Focused Linux host assertion; not Apple File Provider daemon behavior.
c:@E@NSFileProviderItemCapabilities@NSFileProviderItemCapabilitiesAllowsReading	implemented	test:full/fileprovider/tests/agent/FileProviderValueTests.swift#testEnumAndOptionSetValues	Focused Linux host assertion; not Apple File Provider daemon behavior.
c:@E@NSFileProviderItemCapabilities@NSFileProviderItemCapabilitiesAllowsRenaming	implemented	test:full/fileprovider/tests/agent/FileProviderValueTests.swift#testEnumAndOptionSetValues	Focused Linux host assertion; not Apple File Provider daemon behavior.
c:@E@NSFileProviderItemCapabilities@NSFileProviderItemCapabilitiesAllowsReparenting	implemented	test:full/fileprovider/tests/agent/FileProviderValueTests.swift#testEnumAndOptionSetValues	Focused Linux host assertion; not Apple File Provider daemon behavior.
c:@E@NSFileProviderItemCapabilities@NSFileProviderItemCapabilitiesAllowsTrashing	implemented	test:full/fileprovider/tests/agent/FileProviderValueTests.swift#testEnumAndOptionSetValues	Focused Linux host assertion; not Apple File Provider daemon behavior.
c:@E@NSFileProviderItemCapabilities@NSFileProviderItemCapabilitiesAllowsWriting	implemented	test:full/fileprovider/tests/agent/FileProviderValueTests.swift#testEnumAndOptionSetValues	Focused Linux host assertion; not Apple File Provider daemon behavior.
c:@E@NSFileProviderItemFields	implemented	test:full/fileprovider/tests/agent/FileProviderValueTests.swift#testEnumAndOptionSetValues	Focused Linux host assertion; not Apple File Provider daemon behavior.
c:@E@NSFileProviderItemFields@NSFileProviderItemContentModificationDate	implemented	test:full/fileprovider/tests/agent/FileProviderValueTests.swift#testEnumAndOptionSetValues	Focused Linux host assertion; not Apple File Provider daemon behavior.
c:@E@NSFileProviderItemFields@NSFileProviderItemContents	implemented	test:full/fileprovider/tests/agent/FileProviderValueTests.swift#testEnumAndOptionSetValues	Focused Linux host assertion; not Apple File Provider daemon behavior.
c:@E@NSFileProviderItemFields@NSFileProviderItemCreationDate	implemented	test:full/fileprovider/tests/agent/FileProviderValueTests.swift#testEnumAndOptionSetValues	Focused Linux host assertion; not Apple File Provider daemon behavior.
c:@E@NSFileProviderItemFields@NSFileProviderItemExtendedAttributes	implemented	test:full/fileprovider/tests/agent/FileProviderValueTests.swift#testEnumAndOptionSetValues	Focused Linux host assertion; not Apple File Provider daemon behavior.
c:@E@NSFileProviderItemFields@NSFileProviderItemFavoriteRank	implemented	test:full/fileprovider/tests/agent/FileProviderValueTests.swift#testEnumAndOptionSetValues	Focused Linux host assertion; not Apple File Provider daemon behavior.
c:@E@NSFileProviderItemFields@NSFileProviderItemFileSystemFlags	implemented	test:full/fileprovider/tests/agent/FileProviderValueTests.swift#testEnumAndOptionSetValues	Focused Linux host assertion; not Apple File Provider daemon behavior.
c:@E@NSFileProviderItemFields@NSFileProviderItemFilename	implemented	test:full/fileprovider/tests/agent/FileProviderValueTests.swift#testEnumAndOptionSetValues	Focused Linux host assertion; not Apple File Provider daemon behavior.
c:@E@NSFileProviderItemFields@NSFileProviderItemLastUsedDate	implemented	test:full/fileprovider/tests/agent/FileProviderValueTests.swift#testEnumAndOptionSetValues	Focused Linux host assertion; not Apple File Provider daemon behavior.
c:@E@NSFileProviderItemFields@NSFileProviderItemParentItemIdentifier	implemented	test:full/fileprovider/tests/agent/FileProviderValueTests.swift#testEnumAndOptionSetValues	Focused Linux host assertion; not Apple File Provider daemon behavior.
c:@E@NSFileProviderItemFields@NSFileProviderItemTagData	implemented	test:full/fileprovider/tests/agent/FileProviderValueTests.swift#testEnumAndOptionSetValues	Focused Linux host assertion; not Apple File Provider daemon behavior.
c:@E@NSFileProviderItemFields@NSFileProviderItemTypeAndCreator	implemented	test:full/fileprovider/tests/agent/FileProviderValueTests.swift#testEnumAndOptionSetValues	Focused Linux host assertion; not Apple File Provider daemon behavior.
c:@E@NSFileProviderModifyItemOptions	implemented	test:full/fileprovider/tests/agent/FileProviderValueTests.swift#testEnumAndOptionSetValues	Focused Linux host assertion; not Apple File Provider daemon behavior.
c:@E@NSFileProviderModifyItemOptions@NSFileProviderModifyItemFailOnConflict	implemented	test:full/fileprovider/tests/agent/FileProviderValueTests.swift#testEnumAndOptionSetValues	Focused Linux host assertion; not Apple File Provider daemon behavior.
c:@E@NSFileProviderModifyItemOptions@NSFileProviderModifyItemIsImmediateUploadRequestByPresentingApplication	implemented	test:full/fileprovider/tests/agent/FileProviderValueTests.swift#testEnumAndOptionSetValues	Focused Linux host assertion; not Apple File Provider daemon behavior.
c:@E@NSFileProviderModifyItemOptions@NSFileProviderModifyItemMayAlreadyExist	implemented	test:full/fileprovider/tests/agent/FileProviderValueTests.swift#testEnumAndOptionSetValues	Focused Linux host assertion; not Apple File Provider daemon behavior.
c:@E@NSFileProviderTestingOperationSide	implemented	test:full/fileprovider/tests/agent/FileProviderValueTests.swift#testEnumAndOptionSetValues	Focused Linux host assertion; not Apple File Provider daemon behavior.
c:@E@NSFileProviderTestingOperationSide@NSFileProviderTestingOperationSideDisk	implemented	test:full/fileprovider/tests/agent/FileProviderValueTests.swift#testEnumAndOptionSetValues	Focused Linux host assertion; not Apple File Provider daemon behavior.
c:@E@NSFileProviderTestingOperationSide@NSFileProviderTestingOperationSideFileProvider	implemented	test:full/fileprovider/tests/agent/FileProviderValueTests.swift#testEnumAndOptionSetValues	Focused Linux host assertion; not Apple File Provider daemon behavior.
c:@E@NSFileProviderTestingOperationType	implemented	test:full/fileprovider/tests/agent/FileProviderValueTests.swift#testEnumAndOptionSetValues	Focused Linux host assertion; not Apple File Provider daemon behavior.
c:@E@NSFileProviderTestingOperationType@NSFileProviderTestingOperationTypeChildrenEnumeration	implemented	test:full/fileprovider/tests/agent/FileProviderValueTests.swift#testEnumAndOptionSetValues	Focused Linux host assertion; not Apple File Provider daemon behavior.
c:@E@NSFileProviderTestingOperationType@NSFileProviderTestingOperationTypeCollisionResolution	implemented	test:full/fileprovider/tests/agent/FileProviderValueTests.swift#testEnumAndOptionSetValues	Focused Linux host assertion; not Apple File Provider daemon behavior.
c:@E@NSFileProviderTestingOperationType@NSFileProviderTestingOperationTypeContentFetch	implemented	test:full/fileprovider/tests/agent/FileProviderValueTests.swift#testEnumAndOptionSetValues	Focused Linux host assertion; not Apple File Provider daemon behavior.
c:@E@NSFileProviderTestingOperationType@NSFileProviderTestingOperationTypeCreation	implemented	test:full/fileprovider/tests/agent/FileProviderValueTests.swift#testEnumAndOptionSetValues	Focused Linux host assertion; not Apple File Provider daemon behavior.
c:@E@NSFileProviderTestingOperationType@NSFileProviderTestingOperationTypeDeletion	implemented	test:full/fileprovider/tests/agent/FileProviderValueTests.swift#testEnumAndOptionSetValues	Focused Linux host assertion; not Apple File Provider daemon behavior.
c:@E@NSFileProviderTestingOperationType@NSFileProviderTestingOperationTypeIngestion	implemented	test:full/fileprovider/tests/agent/FileProviderValueTests.swift#testEnumAndOptionSetValues	Focused Linux host assertion; not Apple File Provider daemon behavior.
c:@E@NSFileProviderTestingOperationType@NSFileProviderTestingOperationTypeLookup	implemented	test:full/fileprovider/tests/agent/FileProviderValueTests.swift#testEnumAndOptionSetValues	Focused Linux host assertion; not Apple File Provider daemon behavior.
c:@E@NSFileProviderTestingOperationType@NSFileProviderTestingOperationTypeModification	implemented	test:full/fileprovider/tests/agent/FileProviderValueTests.swift#testEnumAndOptionSetValues	Focused Linux host assertion; not Apple File Provider daemon behavior.
c:@NSFileProviderDomainDidChange	implemented	test:full/fileprovider/tests/agent/FileProviderValueTests.swift#testEnumAndOptionSetValues	Focused Linux host assertion; not Apple File Provider daemon behavior.
c:@NSFileProviderErrorCollidingItemKey	implemented	test:full/fileprovider/tests/agent/FileProviderValueTests.swift#testEnumAndOptionSetValues	Focused Linux host assertion; not Apple File Provider daemon behavior.
c:@NSFileProviderErrorDomain	implemented	test:full/fileprovider/tests/agent/FileProviderValueTests.swift#testEnumAndOptionSetValues	Focused Linux host assertion; not Apple File Provider daemon behavior.
c:@NSFileProviderErrorItemKey	implemented	test:full/fileprovider/tests/agent/FileProviderValueTests.swift#testEnumAndOptionSetValues	Focused Linux host assertion; not Apple File Provider daemon behavior.
c:@NSFileProviderErrorNonExistentItemIdentifierKey	implemented	test:full/fileprovider/tests/agent/FileProviderValueTests.swift#testEnumAndOptionSetValues	Focused Linux host assertion; not Apple File Provider daemon behavior.
c:@NSFileProviderFavoriteRankUnranked	implemented	test:full/fileprovider/tests/agent/FileProviderValueTests.swift#testEnumAndOptionSetValues	Focused Linux host assertion; not Apple File Provider daemon behavior.
c:@NSFileProviderInitialPageSortedByDate	implemented	test:full/fileprovider/tests/agent/FileProviderValueTests.swift#testIdentifierAndPageValues	Focused Linux host assertion; not Apple File Provider daemon behavior.
c:@NSFileProviderInitialPageSortedByName	implemented	test:full/fileprovider/tests/agent/FileProviderValueTests.swift#testIdentifierAndPageValues	Focused Linux host assertion; not Apple File Provider daemon behavior.
c:@NSFileProviderMaterializedSetDidChange	implemented	test:full/fileprovider/tests/agent/FileProviderValueTests.swift#testEnumAndOptionSetValues	Focused Linux host assertion; not Apple File Provider daemon behavior.
c:@NSFileProviderPendingSetDidChange	implemented	test:full/fileprovider/tests/agent/FileProviderValueTests.swift#testEnumAndOptionSetValues	Focused Linux host assertion; not Apple File Provider daemon behavior.
c:@NSFileProviderRootContainerItemIdentifier	implemented	test:full/fileprovider/tests/agent/FileProviderValueTests.swift#testIdentifierAndPageValues	Focused Linux host assertion; not Apple File Provider daemon behavior.
c:@NSFileProviderTrashContainerItemIdentifier	implemented	test:full/fileprovider/tests/agent/FileProviderValueTests.swift#testIdentifierAndPageValues	Focused Linux host assertion; not Apple File Provider daemon behavior.
c:@NSFileProviderUserInfoExperimentIDKey	implemented	test:full/fileprovider/tests/agent/FileProviderValueTests.swift#testIdentifierAndPageValues	Focused Linux host assertion; not Apple File Provider daemon behavior.
c:@NSFileProviderWorkingSetContainerItemIdentifier	implemented	test:full/fileprovider/tests/agent/FileProviderValueTests.swift#testIdentifierAndPageValues	Focused Linux host assertion; not Apple File Provider daemon behavior.
c:@S@NSFileProviderTypeAndCreator	implemented	test:full/fileprovider/tests/agent/FileProviderValueTests.swift#testIdentifierAndPageValues	Focused Linux host assertion; not Apple File Provider daemon behavior.
c:@S@NSFileProviderTypeAndCreator@FI@creator	implemented	test:full/fileprovider/tests/agent/FileProviderValueTests.swift#testIdentifierAndPageValues	Focused Linux host assertion; not Apple File Provider daemon behavior.
c:@S@NSFileProviderTypeAndCreator@FI@type	implemented	test:full/fileprovider/tests/agent/FileProviderValueTests.swift#testIdentifierAndPageValues	Focused Linux host assertion; not Apple File Provider daemon behavior.
c:@T@NSFileProviderDomainIdentifier	implemented	test:full/fileprovider/tests/agent/FileProviderValueTests.swift#testIdentifierAndPageValues	Focused Linux host assertion; not Apple File Provider daemon behavior.
c:@T@NSFileProviderExtensionActionIdentifier	implemented	test:full/fileprovider/tests/agent/FileProviderValueTests.swift#testIdentifierAndPageValues	Focused Linux host assertion; not Apple File Provider daemon behavior.
c:@T@NSFileProviderItem	implemented	test:full/fileprovider/tests/agent/FileProviderItemTests.swift#testItemProtocolProperties	Focused Linux host assertion; not Apple File Provider daemon behavior.
c:@T@NSFileProviderItemDecorationIdentifier	implemented	test:full/fileprovider/tests/agent/FileProviderValueTests.swift#testIdentifierAndPageValues	Focused Linux host assertion; not Apple File Provider daemon behavior.
c:@T@NSFileProviderItemIdentifier	implemented	test:full/fileprovider/tests/agent/FileProviderValueTests.swift#testIdentifierAndPageValues	Focused Linux host assertion; not Apple File Provider daemon behavior.
c:@T@NSFileProviderPage	implemented	test:full/fileprovider/tests/agent/FileProviderValueTests.swift#testIdentifierAndPageValues	Focused Linux host assertion; not Apple File Provider daemon behavior.
c:@T@NSFileProviderSyncAnchor	implemented	test:full/fileprovider/tests/agent/FileProviderValueTests.swift#testIdentifierAndPageValues	Focused Linux host assertion; not Apple File Provider daemon behavior.
c:@T@NSFileProviderUserInfoKey	implemented	test:full/fileprovider/tests/agent/FileProviderValueTests.swift#testIdentifierAndPageValues	Focused Linux host assertion; not Apple File Provider daemon behavior.
c:objc(cs)NSError(cm)fileProviderErrorForCollisionWithItem:	implemented	test:full/fileprovider/tests/agent/FileProviderErrorTests.swift#testErrorBridgingAndFactories	Focused Linux host assertion; not Apple File Provider daemon behavior.
c:objc(cs)NSError(cm)fileProviderErrorForNonExistentItemWithIdentifier:	implemented	test:full/fileprovider/tests/agent/FileProviderErrorTests.swift#testErrorBridgingAndFactories	Focused Linux host assertion; not Apple File Provider daemon behavior.
c:objc(cs)NSError(cm)fileProviderErrorForRejectedDeletionOfItem:	implemented	test:full/fileprovider/tests/agent/FileProviderErrorTests.swift#testErrorBridgingAndFactories	Focused Linux host assertion; not Apple File Provider daemon behavior.
c:objc(cs)NSFileProviderDomain	implemented	test:full/fileprovider/tests/agent/FileProviderDomainTests.swift#testDomainValueSemantics	Focused Linux host assertion; not Apple File Provider daemon behavior.
c:objc(cs)NSFileProviderDomain(im)initWithIdentifier:displayName:	implemented	test:full/fileprovider/tests/agent/FileProviderDomainTests.swift#testDomainValueSemantics	Focused Linux host assertion; not Apple File Provider daemon behavior.
c:objc(cs)NSFileProviderDomain(im)initWithIdentifier:displayName:pathRelativeToDocumentStorage:	implemented	test:full/fileprovider/tests/agent/FileProviderDomainTests.swift#testDomainValueSemantics	Focused Linux host assertion; not Apple File Provider daemon behavior.
c:objc(cs)NSFileProviderDomain(py)backingStoreIdentity	implemented	test:full/fileprovider/tests/agent/FileProviderDomainTests.swift#testDomainValueSemantics	Focused Linux host assertion; not Apple File Provider daemon behavior.
c:objc(cs)NSFileProviderDomain(py)displayName	implemented	test:full/fileprovider/tests/agent/FileProviderDomainTests.swift#testDomainValueSemantics	Focused Linux host assertion; not Apple File Provider daemon behavior.
c:objc(cs)NSFileProviderDomain(py)identifier	implemented	test:full/fileprovider/tests/agent/FileProviderDomainTests.swift#testDomainValueSemantics	Focused Linux host assertion; not Apple File Provider daemon behavior.
c:objc(cs)NSFileProviderDomain(py)pathRelativeToDocumentStorage	implemented	test:full/fileprovider/tests/agent/FileProviderDomainTests.swift#testDomainValueSemantics	Focused Linux host assertion; not Apple File Provider daemon behavior.
c:objc(cs)NSFileProviderDomain(py)replicated	implemented	test:full/fileprovider/tests/agent/FileProviderDomainTests.swift#testDomainValueSemantics	Focused Linux host assertion; not Apple File Provider daemon behavior.
c:objc(cs)NSFileProviderDomain(py)supportsSyncingTrash	implemented	test:full/fileprovider/tests/agent/FileProviderDomainTests.swift#testDomainValueSemantics	Focused Linux host assertion; not Apple File Provider daemon behavior.
c:objc(cs)NSFileProviderDomain(py)testingModes	implemented	test:full/fileprovider/tests/agent/FileProviderDomainTests.swift#testDomainValueSemantics	Focused Linux host assertion; not Apple File Provider daemon behavior.
c:objc(cs)NSFileProviderDomain(py)userEnabled	implemented	test:full/fileprovider/tests/agent/FileProviderDomainTests.swift#testDomainValueSemantics	Focused Linux host assertion; not Apple File Provider daemon behavior.
c:objc(cs)NSFileProviderDomainVersion	implemented	test:full/fileprovider/tests/agent/FileProviderDomainTests.swift#testDomainVersionComparable	Focused Linux host assertion; not Apple File Provider daemon behavior.
c:objc(cs)NSFileProviderDomainVersion(im)next	implemented	test:full/fileprovider/tests/agent/FileProviderDomainTests.swift#testDomainVersionComparable	Focused Linux host assertion; not Apple File Provider daemon behavior.
c:objc(cs)NSFileProviderExtension	implemented	test:full/fileprovider/tests/agent/FileProviderExtensionTests.swift#testExtensionFailClosedActions	Focused Linux host assertion; not Apple File Provider daemon behavior.
c:objc(cs)NSFileProviderExtension(cm)placeholderURLForURL:	implemented	test:full/fileprovider/tests/agent/FileProviderExtensionTests.swift#testExtensionFailClosedActions	Focused Linux host assertion; not Apple File Provider daemon behavior.
c:objc(cs)NSFileProviderExtension(cm)writePlaceholderAtURL:withMetadata:error:	implemented	test:full/fileprovider/tests/agent/FileProviderExtensionTests.swift#testExtensionFailClosedActions	Focused Linux host assertion; not Apple File Provider daemon behavior.
c:objc(cs)NSFileProviderExtension(im)URLForItemWithPersistentIdentifier:	implemented	test:full/fileprovider/tests/agent/FileProviderExtensionTests.swift#testExtensionFailClosedActions	Focused Linux host assertion; not Apple File Provider daemon behavior.
c:objc(cs)NSFileProviderExtension(im)createDirectoryWithName:inParentItemIdentifier:completionHandler:	implemented	test:full/fileprovider/tests/agent/FileProviderExtensionTests.swift#testExtensionFailClosedActions	Focused Linux host assertion; not Apple File Provider daemon behavior.
c:objc(cs)NSFileProviderExtension(im)deleteItemWithIdentifier:completionHandler:	implemented	test:full/fileprovider/tests/agent/FileProviderExtensionTests.swift#testExtensionFailClosedActions	Focused Linux host assertion; not Apple File Provider daemon behavior.
c:objc(cs)NSFileProviderExtension(im)enumeratorForContainerItemIdentifier:error:	implemented	test:full/fileprovider/tests/agent/FileProviderExtensionTests.swift#testExtensionFailClosedActions	Focused Linux host assertion; not Apple File Provider daemon behavior.
c:objc(cs)NSFileProviderExtension(im)fetchThumbnailsForItemIdentifiers:requestedSize:perThumbnailCompletionHandler:completionHandler:	implemented	test:full/fileprovider/tests/agent/FileProviderExtensionTests.swift#testThumbnailAndCustomActionFailClosed	Focused Linux host assertion; not Apple File Provider daemon behavior.
c:objc(cs)NSFileProviderExtension(im)importDocumentAtURL:toParentItemIdentifier:completionHandler:	implemented	test:full/fileprovider/tests/agent/FileProviderExtensionTests.swift#testExtensionFailClosedActions	Focused Linux host assertion; not Apple File Provider daemon behavior.
c:objc(cs)NSFileProviderExtension(im)itemChangedAtURL:	implemented	test:full/fileprovider/tests/agent/FileProviderExtensionTests.swift#testExtensionFailClosedActions	Focused Linux host assertion; not Apple File Provider daemon behavior.
c:objc(cs)NSFileProviderExtension(im)itemForIdentifier:error:	implemented	test:full/fileprovider/tests/agent/FileProviderExtensionTests.swift#testExtensionFailClosedActions	Focused Linux host assertion; not Apple File Provider daemon behavior.
c:objc(cs)NSFileProviderExtension(im)persistentIdentifierForItemAtURL:	implemented	test:full/fileprovider/tests/agent/FileProviderExtensionTests.swift#testExtensionFailClosedActions	Focused Linux host assertion; not Apple File Provider daemon behavior.
c:objc(cs)NSFileProviderExtension(im)providePlaceholderAtURL:completionHandler:	implemented	test:full/fileprovider/tests/agent/FileProviderExtensionTests.swift#testExtensionFailClosedActions	Focused Linux host assertion; not Apple File Provider daemon behavior.
c:objc(cs)NSFileProviderExtension(im)renameItemWithIdentifier:toName:completionHandler:	implemented	test:full/fileprovider/tests/agent/FileProviderExtensionTests.swift#testExtensionFailClosedActions	Focused Linux host assertion; not Apple File Provider daemon behavior.
c:objc(cs)NSFileProviderExtension(im)reparentItemWithIdentifier:toParentItemWithIdentifier:newName:completionHandler:	implemented	test:full/fileprovider/tests/agent/FileProviderExtensionTests.swift#testExtensionFailClosedActions	Focused Linux host assertion; not Apple File Provider daemon behavior.
c:objc(cs)NSFileProviderExtension(im)setFavoriteRank:forItemIdentifier:completionHandler:	implemented	test:full/fileprovider/tests/agent/FileProviderExtensionTests.swift#testExtensionFailClosedActions	Focused Linux host assertion; not Apple File Provider daemon behavior.
c:objc(cs)NSFileProviderExtension(im)setLastUsedDate:forItemIdentifier:completionHandler:	implemented	test:full/fileprovider/tests/agent/FileProviderExtensionTests.swift#testExtensionFailClosedActions	Focused Linux host assertion; not Apple File Provider daemon behavior.
c:objc(cs)NSFileProviderExtension(im)setTagData:forItemIdentifier:completionHandler:	implemented	test:full/fileprovider/tests/agent/FileProviderExtensionTests.swift#testExtensionFailClosedActions	Focused Linux host assertion; not Apple File Provider daemon behavior.
c:objc(cs)NSFileProviderExtension(im)startProvidingItemAtURL:completionHandler:	implemented	test:full/fileprovider/tests/agent/FileProviderExtensionTests.swift#testExtensionFailClosedActions	Focused Linux host assertion; not Apple File Provider daemon behavior.
c:objc(cs)NSFileProviderExtension(im)stopProvidingItemAtURL:	implemented	test:full/fileprovider/tests/agent/FileProviderExtensionTests.swift#testExtensionFailClosedActions	Focused Linux host assertion; not Apple File Provider daemon behavior.
c:objc(cs)NSFileProviderExtension(im)supportedServiceSourcesForItemIdentifier:error:	implemented	test:full/fileprovider/tests/agent/FileProviderExtensionTests.swift#testExtensionFailClosedActions	Focused Linux host assertion; not Apple File Provider daemon behavior.
c:objc(cs)NSFileProviderExtension(im)trashItemWithIdentifier:completionHandler:	implemented	test:full/fileprovider/tests/agent/FileProviderExtensionTests.swift#testExtensionFailClosedActions	Focused Linux host assertion; not Apple File Provider daemon behavior.
c:objc(cs)NSFileProviderExtension(im)untrashItemWithIdentifier:toParentItemIdentifier:completionHandler:	implemented	test:full/fileprovider/tests/agent/FileProviderExtensionTests.swift#testExtensionFailClosedActions	Focused Linux host assertion; not Apple File Provider daemon behavior.
c:objc(cs)NSFileProviderExtension(py)documentStorageURL	implemented	test:full/fileprovider/tests/agent/FileProviderExtensionTests.swift#testExtensionFailClosedActions	Focused Linux host assertion; not Apple File Provider daemon behavior.
c:objc(cs)NSFileProviderExtension(py)domain	implemented	test:full/fileprovider/tests/agent/FileProviderExtensionTests.swift#testExtensionFailClosedActions	Focused Linux host assertion; not Apple File Provider daemon behavior.
c:objc(cs)NSFileProviderExtension(py)providerIdentifier	implemented	test:full/fileprovider/tests/agent/FileProviderExtensionTests.swift#testExtensionFailClosedActions	Focused Linux host assertion; not Apple File Provider daemon behavior.
c:objc(cs)NSFileProviderItemVersion	implemented	test:full/fileprovider/tests/agent/FileProviderValueTests.swift#testIdentifierAndPageValues	Focused Linux host assertion; not Apple File Provider daemon behavior.
c:objc(cs)NSFileProviderItemVersion(cpy)beforeFirstSyncComponent	implemented	test:full/fileprovider/tests/agent/FileProviderValueTests.swift#testIdentifierAndPageValues	Focused Linux host assertion; not Apple File Provider daemon behavior.
c:objc(cs)NSFileProviderItemVersion(im)initWithContentVersion:metadataVersion:	implemented	test:full/fileprovider/tests/agent/FileProviderValueTests.swift#testIdentifierAndPageValues	Focused Linux host assertion; not Apple File Provider daemon behavior.
c:objc(cs)NSFileProviderItemVersion(py)contentVersion	implemented	test:full/fileprovider/tests/agent/FileProviderValueTests.swift#testIdentifierAndPageValues	Focused Linux host assertion; not Apple File Provider daemon behavior.
c:objc(cs)NSFileProviderItemVersion(py)metadataVersion	implemented	test:full/fileprovider/tests/agent/FileProviderValueTests.swift#testIdentifierAndPageValues	Focused Linux host assertion; not Apple File Provider daemon behavior.
c:objc(cs)NSFileProviderManager	implemented	test:full/fileprovider/tests/agent/FileProviderManagerTests.swift#testManagerDomainRegistry	Focused Linux host assertion; not Apple File Provider daemon behavior.
c:objc(cs)NSFileProviderManager(cm)addDomain:completionHandler:	implemented	test:full/fileprovider/tests/agent/FileProviderManagerTests.swift#testManagerDomainRegistry	Focused Linux host assertion; not Apple File Provider daemon behavior.
c:objc(cs)NSFileProviderManager(cm)getDomainsWithCompletionHandler:	implemented	test:full/fileprovider/tests/agent/FileProviderManagerTests.swift#testManagerDomainRegistry	Focused Linux host assertion; not Apple File Provider daemon behavior.
c:objc(cs)NSFileProviderManager(cm)getIdentifierForUserVisibleFileAtURL:completionHandler:	implemented	test:full/fileprovider/tests/agent/FileProviderManagerTests.swift#testManagerUserVisibleAndSignals	Focused Linux host assertion; not Apple File Provider daemon behavior.
c:objc(cs)NSFileProviderManager(cm)importDomain:fromDirectoryAtURL:completionHandler:	implemented	test:full/fileprovider/tests/agent/FileProviderManagerTests.swift#testManagerPlaceholdersDownloadsAndImport	Focused Linux host assertion; not Apple File Provider daemon behavior.
c:objc(cs)NSFileProviderManager(cm)managerForDomain:	implemented	test:full/fileprovider/tests/agent/FileProviderManagerTests.swift#testManagerDomainRegistry	Focused Linux host assertion; not Apple File Provider daemon behavior.
c:objc(cs)NSFileProviderManager(cm)managerForDomain:::SYNTHESIZED::c:objc(cs)NSFileProviderManager	implemented	test:full/fileprovider/tests/agent/FileProviderManagerTests.swift#testManagerDomainRegistry	Focused Linux host assertion; not Apple File Provider daemon behavior.
c:objc(cs)NSFileProviderManager(cm)placeholderURLForURL:	implemented	test:full/fileprovider/tests/agent/FileProviderManagerTests.swift#testManagerPlaceholdersDownloadsAndImport	Focused Linux host assertion; not Apple File Provider daemon behavior.
c:objc(cs)NSFileProviderManager(cm)removeAllDomainsWithCompletionHandler:	implemented	test:full/fileprovider/tests/agent/FileProviderManagerTests.swift#testManagerDomainRegistry	Focused Linux host assertion; not Apple File Provider daemon behavior.
c:objc(cs)NSFileProviderManager(cm)removeDomain:completionHandler:	implemented	test:full/fileprovider/tests/agent/FileProviderManagerTests.swift#testManagerDomainRegistry	Focused Linux host assertion; not Apple File Provider daemon behavior.
c:objc(cs)NSFileProviderManager(cm)removeDomain:mode:completionHandler:	implemented	test:full/fileprovider/tests/agent/FileProviderManagerTests.swift#testManagerDomainRegistry	Focused Linux host assertion; not Apple File Provider daemon behavior.
c:objc(cs)NSFileProviderManager(cm)writePlaceholderAtURL:withMetadata:error:	implemented	test:full/fileprovider/tests/agent/FileProviderManagerTests.swift#testManagerPlaceholdersDownloadsAndImport	Focused Linux host assertion; not Apple File Provider daemon behavior.
c:objc(cs)NSFileProviderManager(cpy)defaultManager	implemented	test:full/fileprovider/tests/agent/FileProviderManagerTests.swift#testManagerDomainRegistry	Focused Linux host assertion; not Apple File Provider daemon behavior.
c:objc(cs)NSFileProviderManager(im)enumeratorForMaterializedItems	implemented	test:full/fileprovider/tests/agent/FileProviderManagerTests.swift#testManagerPlaceholdersDownloadsAndImport	Focused Linux host assertion; not Apple File Provider daemon behavior.
c:objc(cs)NSFileProviderManager(im)enumeratorForPendingItems	implemented	test:full/fileprovider/tests/agent/FileProviderManagerTests.swift#testManagerPlaceholdersDownloadsAndImport	Focused Linux host assertion; not Apple File Provider daemon behavior.
c:objc(cs)NSFileProviderManager(im)evictItemWithIdentifier:completionHandler:	implemented	test:full/fileprovider/tests/agent/FileProviderManagerTests.swift#testManagerPlaceholdersDownloadsAndImport	Focused Linux host assertion; not Apple File Provider daemon behavior.
c:objc(cs)NSFileProviderManager(im)getServiceWithName:itemIdentifier:completionHandler:	implemented	test:full/fileprovider/tests/agent/FileProviderManagerTests.swift#testManagerPlaceholdersDownloadsAndImport	Focused Linux host assertion; not Apple File Provider daemon behavior.
c:objc(cs)NSFileProviderManager(im)getUserVisibleURLForItemIdentifier:completionHandler:	implemented	test:full/fileprovider/tests/agent/FileProviderManagerTests.swift#testManagerUserVisibleAndSignals	Focused Linux host assertion; not Apple File Provider daemon behavior.
c:objc(cs)NSFileProviderManager(im)globalProgressForKind:	implemented	test:full/fileprovider/tests/agent/FileProviderManagerTests.swift#testManagerPlaceholdersDownloadsAndImport	Focused Linux host assertion; not Apple File Provider daemon behavior.
c:objc(cs)NSFileProviderManager(im)listAvailableTestingOperationsWithError:	implemented	test:full/fileprovider/tests/agent/FileProviderManagerTests.swift#testManagerPlaceholdersDownloadsAndImport	Focused Linux host assertion; not Apple File Provider daemon behavior.
c:objc(cs)NSFileProviderManager(im)registerURLSessionTask:forItemWithIdentifier:completionHandler:	implemented	test:full/fileprovider/tests/agent/FileProviderManagerTests.swift#testManagerPlaceholdersDownloadsAndImport	Focused Linux host assertion; not Apple File Provider daemon behavior.
c:objc(cs)NSFileProviderManager(im)reimportItemsBelowItemWithIdentifier:completionHandler:	implemented	test:full/fileprovider/tests/agent/FileProviderManagerTests.swift#testManagerPlaceholdersDownloadsAndImport	Focused Linux host assertion; not Apple File Provider daemon behavior.
c:objc(cs)NSFileProviderManager(im)requestModificationOfFields:forItemWithIdentifier:options:completionHandler:	implemented	test:full/fileprovider/tests/agent/FileProviderManagerTests.swift#testManagerPlaceholdersDownloadsAndImport	Focused Linux host assertion; not Apple File Provider daemon behavior.
c:objc(cs)NSFileProviderManager(im)runTestingOperations:error:	implemented	test:full/fileprovider/tests/agent/FileProviderManagerTests.swift#testManagerPlaceholdersDownloadsAndImport	Focused Linux host assertion; not Apple File Provider daemon behavior.
c:objc(cs)NSFileProviderManager(im)signalEnumeratorForContainerItemIdentifier:completionHandler:	implemented	test:full/fileprovider/tests/agent/FileProviderManagerTests.swift#testManagerUserVisibleAndSignals	Focused Linux host assertion; not Apple File Provider daemon behavior.
c:objc(cs)NSFileProviderManager(im)signalErrorResolved:completionHandler:	implemented	test:full/fileprovider/tests/agent/FileProviderManagerTests.swift#testManagerPlaceholdersDownloadsAndImport	Focused Linux host assertion; not Apple File Provider daemon behavior.
c:objc(cs)NSFileProviderManager(im)temporaryDirectoryURLWithError:	implemented	test:full/fileprovider/tests/agent/FileProviderManagerTests.swift#testManagerDomainRegistry	Focused Linux host assertion; not Apple File Provider daemon behavior.
c:objc(cs)NSFileProviderManager(im)waitForChangesOnItemsBelowItemWithIdentifier:completionHandler:	implemented	test:full/fileprovider/tests/agent/FileProviderManagerTests.swift#testManagerUserVisibleAndSignals	Focused Linux host assertion; not Apple File Provider daemon behavior.
c:objc(cs)NSFileProviderManager(im)waitForStabilizationWithCompletionHandler:	implemented	test:full/fileprovider/tests/agent/FileProviderManagerTests.swift#testManagerUserVisibleAndSignals	Focused Linux host assertion; not Apple File Provider daemon behavior.
c:objc(cs)NSFileProviderManager(py)documentStorageURL	implemented	test:full/fileprovider/tests/agent/FileProviderManagerTests.swift#testManagerDomainRegistry	Focused Linux host assertion; not Apple File Provider daemon behavior.
c:objc(cs)NSFileProviderManager(py)providerIdentifier	implemented	test:full/fileprovider/tests/agent/FileProviderManagerTests.swift#testManagerDomainRegistry	Focused Linux host assertion; not Apple File Provider daemon behavior.
c:objc(cs)NSFileProviderRequest	implemented	test:full/fileprovider/tests/agent/FileProviderDomainTests.swift#testDomainVersionComparable	Focused Linux host assertion; not Apple File Provider daemon behavior.
c:objc(cs)NSFileProviderRequest(py)domainVersion	implemented	test:full/fileprovider/tests/agent/FileProviderDomainTests.swift#testDomainVersionComparable	Focused Linux host assertion; not Apple File Provider daemon behavior.
c:objc(cs)NSFileProviderRequest(py)isFileViewerRequest	implemented	test:full/fileprovider/tests/agent/FileProviderDomainTests.swift#testDomainVersionComparable	Focused Linux host assertion; not Apple File Provider daemon behavior.
c:objc(cs)NSFileProviderRequest(py)isSystemRequest	implemented	test:full/fileprovider/tests/agent/FileProviderDomainTests.swift#testDomainVersionComparable	Focused Linux host assertion; not Apple File Provider daemon behavior.
c:objc(pl)NSCoding(im)initWithCoder:::SYNTHESIZED::c:objc(cs)NSFileProviderDomainVersion	implemented	test:full/fileprovider/tests/agent/FileProviderDomainTests.swift#testDomainVersionComparable	Focused Linux host assertion; not Apple File Provider daemon behavior.
c:objc(pl)NSFileProviderChangeObserver	implemented	test:full/fileprovider/tests/agent/FileProviderEnumeratorTests.swift#testEnumeratorProtocolWitnesses	Focused Linux host assertion; not Apple File Provider daemon behavior.
c:objc(pl)NSFileProviderChangeObserver(im)didDeleteItemsWithIdentifiers:	implemented	test:full/fileprovider/tests/agent/FileProviderEnumeratorTests.swift#testEnumeratorProtocolWitnesses	Focused Linux host assertion; not Apple File Provider daemon behavior.
c:objc(pl)NSFileProviderChangeObserver(im)didUpdateItems:	implemented	test:full/fileprovider/tests/agent/FileProviderEnumeratorTests.swift#testEnumeratorProtocolWitnesses	Focused Linux host assertion; not Apple File Provider daemon behavior.
c:objc(pl)NSFileProviderChangeObserver(im)finishEnumeratingChangesUpToSyncAnchor:moreComing:	implemented	test:full/fileprovider/tests/agent/FileProviderEnumeratorTests.swift#testEnumeratorProtocolWitnesses	Focused Linux host assertion; not Apple File Provider daemon behavior.
c:objc(pl)NSFileProviderChangeObserver(im)finishEnumeratingWithError:	implemented	test:full/fileprovider/tests/agent/FileProviderEnumeratorTests.swift#testEnumeratorProtocolWitnesses	Focused Linux host assertion; not Apple File Provider daemon behavior.
c:objc(pl)NSFileProviderChangeObserver(py)suggestedBatchSize	implemented	test:full/fileprovider/tests/agent/FileProviderEnumeratorTests.swift#testEnumeratorProtocolWitnesses	Focused Linux host assertion; not Apple File Provider daemon behavior.
c:objc(pl)NSFileProviderCustomAction	implemented	test:full/fileprovider/tests/agent/FileProviderExtensionTests.swift#testThumbnailAndCustomActionFailClosed	Focused Linux host assertion; not Apple File Provider daemon behavior.
c:objc(pl)NSFileProviderCustomAction(im)performActionWithIdentifier:onItemsWithIdentifiers:completionHandler:	implemented	test:full/fileprovider/tests/agent/FileProviderExtensionTests.swift#testThumbnailAndCustomActionFailClosed	Focused Linux host assertion; not Apple File Provider daemon behavior.
c:objc(pl)NSFileProviderDomainState	implemented	test:full/fileprovider/tests/agent/FileProviderReplicatedTests.swift#testReplicatedFetchAndLifecycle	Focused Linux host assertion; not Apple File Provider daemon behavior.
c:objc(pl)NSFileProviderDomainState(py)domainVersion	implemented	test:full/fileprovider/tests/agent/FileProviderReplicatedTests.swift#testReplicatedFetchAndLifecycle	Focused Linux host assertion; not Apple File Provider daemon behavior.
c:objc(pl)NSFileProviderDomainState(py)userInfo	implemented	test:full/fileprovider/tests/agent/FileProviderReplicatedTests.swift#testReplicatedFetchAndLifecycle	Focused Linux host assertion; not Apple File Provider daemon behavior.
c:objc(pl)NSFileProviderEnumerating	implemented	test:full/fileprovider/tests/agent/FileProviderEnumeratorTests.swift#testEnumeratorProtocolWitnesses	Focused Linux host assertion; not Apple File Provider daemon behavior.
c:objc(pl)NSFileProviderEnumerating(im)enumeratorForContainerItemIdentifier:request:error:	implemented	test:full/fileprovider/tests/agent/FileProviderReplicatedTests.swift#testReplicatedFetchAndLifecycle	Focused Linux host assertion; not Apple File Provider daemon behavior.
c:objc(pl)NSFileProviderEnumerationObserver	implemented	test:full/fileprovider/tests/agent/FileProviderEnumeratorTests.swift#testEnumeratorProtocolWitnesses	Focused Linux host assertion; not Apple File Provider daemon behavior.
c:objc(pl)NSFileProviderEnumerationObserver(im)didEnumerateItems:	implemented	test:full/fileprovider/tests/agent/FileProviderEnumeratorTests.swift#testEnumeratorProtocolWitnesses	Focused Linux host assertion; not Apple File Provider daemon behavior.
c:objc(pl)NSFileProviderEnumerationObserver(im)finishEnumeratingUpToPage:	implemented	test:full/fileprovider/tests/agent/FileProviderEnumeratorTests.swift#testEnumeratorProtocolWitnesses	Focused Linux host assertion; not Apple File Provider daemon behavior.
c:objc(pl)NSFileProviderEnumerationObserver(im)finishEnumeratingWithError:	implemented	test:full/fileprovider/tests/agent/FileProviderEnumeratorTests.swift#testEnumeratorProtocolWitnesses	Focused Linux host assertion; not Apple File Provider daemon behavior.
c:objc(pl)NSFileProviderEnumerationObserver(py)suggestedPageSize	implemented	test:full/fileprovider/tests/agent/FileProviderEnumeratorTests.swift#testEnumeratorProtocolWitnesses	Focused Linux host assertion; not Apple File Provider daemon behavior.
c:objc(pl)NSFileProviderEnumerator	implemented	test:full/fileprovider/tests/agent/FileProviderEnumeratorTests.swift#testEnumeratorProtocolWitnesses	Focused Linux host assertion; not Apple File Provider daemon behavior.
c:objc(pl)NSFileProviderEnumerator(im)currentSyncAnchorWithCompletionHandler:	implemented	test:full/fileprovider/tests/agent/FileProviderEnumeratorTests.swift#testEnumeratorProtocolWitnesses	Focused Linux host assertion; not Apple File Provider daemon behavior.
c:objc(pl)NSFileProviderEnumerator(im)enumerateChangesForObserver:fromSyncAnchor:	implemented	test:full/fileprovider/tests/agent/FileProviderEnumeratorTests.swift#testEnumeratorProtocolWitnesses	Focused Linux host assertion; not Apple File Provider daemon behavior.
c:objc(pl)NSFileProviderEnumerator(im)enumerateItemsForObserver:startingAtPage:	implemented	test:full/fileprovider/tests/agent/FileProviderEnumeratorTests.swift#testEnumeratorProtocolWitnesses	Focused Linux host assertion; not Apple File Provider daemon behavior.
c:objc(pl)NSFileProviderEnumerator(im)invalidate	implemented	test:full/fileprovider/tests/agent/FileProviderEnumeratorTests.swift#testEnumeratorProtocolWitnesses	Focused Linux host assertion; not Apple File Provider daemon behavior.
c:objc(pl)NSFileProviderIncrementalContentFetching	implemented	test:full/fileprovider/tests/agent/FileProviderReplicatedTests.swift#testReplicatedFetchAndLifecycle	Focused Linux host assertion; not Apple File Provider daemon behavior.
c:objc(pl)NSFileProviderIncrementalContentFetching(im)fetchContentsForItemWithIdentifier:version:usingExistingContentsAtURL:existingVersion:request:completionHandler:	implemented	test:full/fileprovider/tests/agent/FileProviderReplicatedTests.swift#testReplicatedFetchAndLifecycle	Focused Linux host assertion; not Apple File Provider daemon behavior.
c:objc(pl)NSFileProviderItem	implemented	test:full/fileprovider/tests/agent/FileProviderItemTests.swift#testItemProtocolProperties	Focused Linux host assertion; not Apple File Provider daemon behavior.
c:objc(pl)NSFileProviderItem(py)capabilities	implemented	test:full/fileprovider/tests/agent/FileProviderItemTests.swift#testItemProtocolProperties	Focused Linux host assertion; not Apple File Provider daemon behavior.
c:objc(pl)NSFileProviderItem(py)childItemCount	implemented	test:full/fileprovider/tests/agent/FileProviderItemTests.swift#testItemProtocolProperties	Focused Linux host assertion; not Apple File Provider daemon behavior.
c:objc(pl)NSFileProviderItem(py)contentModificationDate	implemented	test:full/fileprovider/tests/agent/FileProviderItemTests.swift#testItemProtocolProperties	Focused Linux host assertion; not Apple File Provider daemon behavior.
c:objc(pl)NSFileProviderItem(py)contentPolicy	implemented	test:full/fileprovider/tests/agent/FileProviderItemTests.swift#testItemProtocolProperties	Focused Linux host assertion; not Apple File Provider daemon behavior.
c:objc(pl)NSFileProviderItem(py)contentType	deferred	full/fileprovider/README.md	Does not compile in the isolated host-gate dependency configuration
c:objc(pl)NSFileProviderItem(py)creationDate	implemented	test:full/fileprovider/tests/agent/FileProviderItemTests.swift#testItemProtocolProperties	Focused Linux host assertion; not Apple File Provider daemon behavior.
c:objc(pl)NSFileProviderItem(py)documentSize	implemented	test:full/fileprovider/tests/agent/FileProviderItemTests.swift#testItemProtocolProperties	Focused Linux host assertion; not Apple File Provider daemon behavior.
c:objc(pl)NSFileProviderItem(py)downloaded	implemented	test:full/fileprovider/tests/agent/FileProviderItemTests.swift#testItemProtocolProperties	Focused Linux host assertion; not Apple File Provider daemon behavior.
c:objc(pl)NSFileProviderItem(py)downloading	implemented	test:full/fileprovider/tests/agent/FileProviderItemTests.swift#testItemProtocolProperties	Focused Linux host assertion; not Apple File Provider daemon behavior.
c:objc(pl)NSFileProviderItem(py)downloadingError	implemented	test:full/fileprovider/tests/agent/FileProviderItemTests.swift#testItemProtocolProperties	Focused Linux host assertion; not Apple File Provider daemon behavior.
c:objc(pl)NSFileProviderItem(py)extendedAttributes	implemented	test:full/fileprovider/tests/agent/FileProviderItemTests.swift#testItemProtocolProperties	Focused Linux host assertion; not Apple File Provider daemon behavior.
c:objc(pl)NSFileProviderItem(py)favoriteRank	implemented	test:full/fileprovider/tests/agent/FileProviderItemTests.swift#testItemProtocolProperties	Focused Linux host assertion; not Apple File Provider daemon behavior.
c:objc(pl)NSFileProviderItem(py)fileSystemFlags	implemented	test:full/fileprovider/tests/agent/FileProviderItemTests.swift#testItemProtocolProperties	Focused Linux host assertion; not Apple File Provider daemon behavior.
c:objc(pl)NSFileProviderItem(py)filename	implemented	test:full/fileprovider/tests/agent/FileProviderItemTests.swift#testItemProtocolProperties	Focused Linux host assertion; not Apple File Provider daemon behavior.
c:objc(pl)NSFileProviderItem(py)itemIdentifier	implemented	test:full/fileprovider/tests/agent/FileProviderItemTests.swift#testItemProtocolProperties	Focused Linux host assertion; not Apple File Provider daemon behavior.
c:objc(pl)NSFileProviderItem(py)itemVersion	implemented	test:full/fileprovider/tests/agent/FileProviderItemTests.swift#testItemProtocolProperties	Focused Linux host assertion; not Apple File Provider daemon behavior.
c:objc(pl)NSFileProviderItem(py)lastUsedDate	implemented	test:full/fileprovider/tests/agent/FileProviderItemTests.swift#testItemProtocolProperties	Focused Linux host assertion; not Apple File Provider daemon behavior.
c:objc(pl)NSFileProviderItem(py)mostRecentEditorNameComponents	implemented	test:full/fileprovider/tests/agent/FileProviderItemTests.swift#testItemProtocolProperties	Focused Linux host assertion; not Apple File Provider daemon behavior.
c:objc(pl)NSFileProviderItem(py)mostRecentVersionDownloaded	implemented	test:full/fileprovider/tests/agent/FileProviderItemTests.swift#testItemProtocolProperties	Focused Linux host assertion; not Apple File Provider daemon behavior.
c:objc(pl)NSFileProviderItem(py)ownerNameComponents	implemented	test:full/fileprovider/tests/agent/FileProviderItemTests.swift#testItemProtocolProperties	Focused Linux host assertion; not Apple File Provider daemon behavior.
c:objc(pl)NSFileProviderItem(py)parentItemIdentifier	implemented	test:full/fileprovider/tests/agent/FileProviderItemTests.swift#testItemProtocolProperties	Focused Linux host assertion; not Apple File Provider daemon behavior.
c:objc(pl)NSFileProviderItem(py)shared	implemented	test:full/fileprovider/tests/agent/FileProviderItemTests.swift#testItemProtocolProperties	Focused Linux host assertion; not Apple File Provider daemon behavior.
c:objc(pl)NSFileProviderItem(py)sharedByCurrentUser	implemented	test:full/fileprovider/tests/agent/FileProviderItemTests.swift#testItemProtocolProperties	Focused Linux host assertion; not Apple File Provider daemon behavior.
c:objc(pl)NSFileProviderItem(py)symlinkTargetPath	implemented	test:full/fileprovider/tests/agent/FileProviderItemTests.swift#testItemProtocolProperties	Focused Linux host assertion; not Apple File Provider daemon behavior.
c:objc(pl)NSFileProviderItem(py)tagData	implemented	test:full/fileprovider/tests/agent/FileProviderItemTests.swift#testItemProtocolProperties	Focused Linux host assertion; not Apple File Provider daemon behavior.
c:objc(pl)NSFileProviderItem(py)trashed	implemented	test:full/fileprovider/tests/agent/FileProviderItemTests.swift#testItemProtocolProperties	Focused Linux host assertion; not Apple File Provider daemon behavior.
c:objc(pl)NSFileProviderItem(py)typeAndCreator	implemented	test:full/fileprovider/tests/agent/FileProviderItemTests.swift#testItemProtocolProperties	Focused Linux host assertion; not Apple File Provider daemon behavior.
c:objc(pl)NSFileProviderItem(py)typeIdentifier	implemented	test:full/fileprovider/tests/agent/FileProviderItemTests.swift#testItemProtocolProperties	Focused Linux host assertion; not Apple File Provider daemon behavior.
c:objc(pl)NSFileProviderItem(py)uploaded	implemented	test:full/fileprovider/tests/agent/FileProviderItemTests.swift#testItemProtocolProperties	Focused Linux host assertion; not Apple File Provider daemon behavior.
c:objc(pl)NSFileProviderItem(py)uploading	implemented	test:full/fileprovider/tests/agent/FileProviderItemTests.swift#testItemProtocolProperties	Focused Linux host assertion; not Apple File Provider daemon behavior.
c:objc(pl)NSFileProviderItem(py)uploadingError	implemented	test:full/fileprovider/tests/agent/FileProviderItemTests.swift#testItemProtocolProperties	Focused Linux host assertion; not Apple File Provider daemon behavior.
c:objc(pl)NSFileProviderItem(py)userInfo	implemented	test:full/fileprovider/tests/agent/FileProviderItemTests.swift#testItemProtocolProperties	Focused Linux host assertion; not Apple File Provider daemon behavior.
c:objc(pl)NSFileProviderItem(py)versionIdentifier	implemented	test:full/fileprovider/tests/agent/FileProviderItemTests.swift#testItemProtocolProperties	Focused Linux host assertion; not Apple File Provider daemon behavior.
c:objc(pl)NSFileProviderItemDecorating	implemented	test:full/fileprovider/tests/agent/FileProviderItemTests.swift#testItemProtocolProperties	Focused Linux host assertion; not Apple File Provider daemon behavior.
c:objc(pl)NSFileProviderItemDecorating(py)decorations	implemented	test:full/fileprovider/tests/agent/FileProviderItemTests.swift#testItemProtocolProperties	Focused Linux host assertion; not Apple File Provider daemon behavior.
c:objc(pl)NSFileProviderPendingSetEnumerator	implemented	test:full/fileprovider/tests/agent/FileProviderEnumeratorTests.swift#testLocalEnumeratorPaging	Focused Linux host assertion; not Apple File Provider daemon behavior.
c:objc(pl)NSFileProviderPendingSetEnumerator(py)domainVersion	implemented	test:full/fileprovider/tests/agent/FileProviderEnumeratorTests.swift#testLocalEnumeratorPaging	Focused Linux host assertion; not Apple File Provider daemon behavior.
c:objc(pl)NSFileProviderPendingSetEnumerator(py)maximumSizeReached	implemented	test:full/fileprovider/tests/agent/FileProviderEnumeratorTests.swift#testLocalEnumeratorPaging	Focused Linux host assertion; not Apple File Provider daemon behavior.
c:objc(pl)NSFileProviderPendingSetEnumerator(py)refreshInterval	implemented	test:full/fileprovider/tests/agent/FileProviderEnumeratorTests.swift#testLocalEnumeratorPaging	Focused Linux host assertion; not Apple File Provider daemon behavior.
c:objc(pl)NSFileProviderReplicatedExtension	implemented	test:full/fileprovider/tests/agent/FileProviderReplicatedTests.swift#testReplicatedFetchAndLifecycle	Focused Linux host assertion; not Apple File Provider daemon behavior.
c:objc(pl)NSFileProviderReplicatedExtension(im)createItemBasedOnTemplate:fields:contents:options:request:completionHandler:	implemented	test:full/fileprovider/tests/agent/FileProviderReplicatedTests.swift#testReplicatedCreateModifyDelete	Focused Linux host assertion; not Apple File Provider daemon behavior.
c:objc(pl)NSFileProviderReplicatedExtension(im)deleteItemWithIdentifier:baseVersion:options:request:completionHandler:	implemented	test:full/fileprovider/tests/agent/FileProviderReplicatedTests.swift#testReplicatedCreateModifyDelete	Focused Linux host assertion; not Apple File Provider daemon behavior.
c:objc(pl)NSFileProviderReplicatedExtension(im)fetchContentsForItemWithIdentifier:version:request:completionHandler:	implemented	test:full/fileprovider/tests/agent/FileProviderReplicatedTests.swift#testReplicatedFetchAndLifecycle	Focused Linux host assertion; not Apple File Provider daemon behavior.
c:objc(pl)NSFileProviderReplicatedExtension(im)importDidFinishWithCompletionHandler:	implemented	test:full/fileprovider/tests/agent/FileProviderReplicatedTests.swift#testReplicatedFetchAndLifecycle	Focused Linux host assertion; not Apple File Provider daemon behavior.
c:objc(pl)NSFileProviderReplicatedExtension(im)initWithDomain:	implemented	test:full/fileprovider/tests/agent/FileProviderReplicatedTests.swift#testReplicatedFetchAndLifecycle	Focused Linux host assertion; not Apple File Provider daemon behavior.
c:objc(pl)NSFileProviderReplicatedExtension(im)invalidate	implemented	test:full/fileprovider/tests/agent/FileProviderReplicatedTests.swift#testReplicatedFetchAndLifecycle	Focused Linux host assertion; not Apple File Provider daemon behavior.
c:objc(pl)NSFileProviderReplicatedExtension(im)itemForIdentifier:request:completionHandler:	implemented	test:full/fileprovider/tests/agent/FileProviderReplicatedTests.swift#testReplicatedFetchAndLifecycle	Focused Linux host assertion; not Apple File Provider daemon behavior.
c:objc(pl)NSFileProviderReplicatedExtension(im)materializedItemsDidChangeWithCompletionHandler:	implemented	test:full/fileprovider/tests/agent/FileProviderReplicatedTests.swift#testReplicatedFetchAndLifecycle	Focused Linux host assertion; not Apple File Provider daemon behavior.
c:objc(pl)NSFileProviderReplicatedExtension(im)modifyItem:baseVersion:changedFields:contents:options:request:completionHandler:	implemented	test:full/fileprovider/tests/agent/FileProviderReplicatedTests.swift#testReplicatedCreateModifyDelete	Focused Linux host assertion; not Apple File Provider daemon behavior.
c:objc(pl)NSFileProviderReplicatedExtension(im)pendingItemsDidChangeWithCompletionHandler:	implemented	test:full/fileprovider/tests/agent/FileProviderReplicatedTests.swift#testReplicatedFetchAndLifecycle	Focused Linux host assertion; not Apple File Provider daemon behavior.
c:objc(pl)NSFileProviderServiceSource	implemented	test:full/fileprovider/tests/agent/FileProviderServiceTests.swift#testServiceFailClosed	Focused Linux host assertion; not Apple File Provider daemon behavior.
c:objc(pl)NSFileProviderServiceSource(im)makeListenerEndpointAndReturnError:	deferred	full/fileprovider/README.md	Does not compile in the isolated host-gate dependency configuration
c:objc(pl)NSFileProviderServiceSource(py)restricted	implemented	test:full/fileprovider/tests/agent/FileProviderServiceTests.swift#testServiceFailClosed	Focused Linux host assertion; not Apple File Provider daemon behavior.
c:objc(pl)NSFileProviderServiceSource(py)serviceName	implemented	test:full/fileprovider/tests/agent/FileProviderServiceTests.swift#testServiceFailClosed	Focused Linux host assertion; not Apple File Provider daemon behavior.
c:objc(pl)NSFileProviderServicing	implemented	test:full/fileprovider/tests/agent/FileProviderServiceTests.swift#testServiceFailClosed	Focused Linux host assertion; not Apple File Provider daemon behavior.
c:objc(pl)NSFileProviderServicing(im)supportedServiceSourcesForItemIdentifier:completionHandler:	implemented	test:full/fileprovider/tests/agent/FileProviderServiceTests.swift#testServiceFailClosed	Focused Linux host assertion; not Apple File Provider daemon behavior.
c:objc(pl)NSFileProviderTestingChildrenEnumeration	implemented	test:full/fileprovider/tests/agent/FileProviderTestingTests.swift#testTestingOperations	Focused Linux host assertion; not Apple File Provider daemon behavior.
c:objc(pl)NSFileProviderTestingChildrenEnumeration(py)itemIdentifier	implemented	test:full/fileprovider/tests/agent/FileProviderTestingTests.swift#testTestingOperations	Focused Linux host assertion; not Apple File Provider daemon behavior.
c:objc(pl)NSFileProviderTestingChildrenEnumeration(py)side	implemented	test:full/fileprovider/tests/agent/FileProviderTestingTests.swift#testTestingOperations	Focused Linux host assertion; not Apple File Provider daemon behavior.
c:objc(pl)NSFileProviderTestingCollisionResolution	implemented	test:full/fileprovider/tests/agent/FileProviderTestingTests.swift#testTestingOperations	Focused Linux host assertion; not Apple File Provider daemon behavior.
c:objc(pl)NSFileProviderTestingCollisionResolution(py)renamedItem	implemented	test:full/fileprovider/tests/agent/FileProviderTestingTests.swift#testTestingOperations	Focused Linux host assertion; not Apple File Provider daemon behavior.
c:objc(pl)NSFileProviderTestingCollisionResolution(py)side	implemented	test:full/fileprovider/tests/agent/FileProviderTestingTests.swift#testTestingOperations	Focused Linux host assertion; not Apple File Provider daemon behavior.
c:objc(pl)NSFileProviderTestingContentFetch	implemented	test:full/fileprovider/tests/agent/FileProviderTestingTests.swift#testTestingOperations	Focused Linux host assertion; not Apple File Provider daemon behavior.
c:objc(pl)NSFileProviderTestingContentFetch(py)itemIdentifier	implemented	test:full/fileprovider/tests/agent/FileProviderTestingTests.swift#testTestingOperations	Focused Linux host assertion; not Apple File Provider daemon behavior.
c:objc(pl)NSFileProviderTestingContentFetch(py)side	implemented	test:full/fileprovider/tests/agent/FileProviderTestingTests.swift#testTestingOperations	Focused Linux host assertion; not Apple File Provider daemon behavior.
c:objc(pl)NSFileProviderTestingCreation	implemented	test:full/fileprovider/tests/agent/FileProviderTestingTests.swift#testTestingOperations	Focused Linux host assertion; not Apple File Provider daemon behavior.
c:objc(pl)NSFileProviderTestingCreation(py)domainVersion	implemented	test:full/fileprovider/tests/agent/FileProviderTestingTests.swift#testTestingOperations	Focused Linux host assertion; not Apple File Provider daemon behavior.
c:objc(pl)NSFileProviderTestingCreation(py)sourceItem	implemented	test:full/fileprovider/tests/agent/FileProviderTestingTests.swift#testTestingOperations	Focused Linux host assertion; not Apple File Provider daemon behavior.
c:objc(pl)NSFileProviderTestingCreation(py)targetSide	implemented	test:full/fileprovider/tests/agent/FileProviderTestingTests.swift#testTestingOperations	Focused Linux host assertion; not Apple File Provider daemon behavior.
c:objc(pl)NSFileProviderTestingDeletion	implemented	test:full/fileprovider/tests/agent/FileProviderTestingTests.swift#testTestingOperations	Focused Linux host assertion; not Apple File Provider daemon behavior.
c:objc(pl)NSFileProviderTestingDeletion(py)domainVersion	implemented	test:full/fileprovider/tests/agent/FileProviderTestingTests.swift#testTestingOperations	Focused Linux host assertion; not Apple File Provider daemon behavior.
c:objc(pl)NSFileProviderTestingDeletion(py)sourceItemIdentifier	implemented	test:full/fileprovider/tests/agent/FileProviderTestingTests.swift#testTestingOperations	Focused Linux host assertion; not Apple File Provider daemon behavior.
c:objc(pl)NSFileProviderTestingDeletion(py)targetItemBaseVersion	implemented	test:full/fileprovider/tests/agent/FileProviderTestingTests.swift#testTestingOperations	Focused Linux host assertion; not Apple File Provider daemon behavior.
c:objc(pl)NSFileProviderTestingDeletion(py)targetItemIdentifier	implemented	test:full/fileprovider/tests/agent/FileProviderTestingTests.swift#testTestingOperations	Focused Linux host assertion; not Apple File Provider daemon behavior.
c:objc(pl)NSFileProviderTestingDeletion(py)targetSide	implemented	test:full/fileprovider/tests/agent/FileProviderTestingTests.swift#testTestingOperations	Focused Linux host assertion; not Apple File Provider daemon behavior.
c:objc(pl)NSFileProviderTestingIngestion	implemented	test:full/fileprovider/tests/agent/FileProviderTestingTests.swift#testTestingOperations	Focused Linux host assertion; not Apple File Provider daemon behavior.
c:objc(pl)NSFileProviderTestingIngestion(py)item	implemented	test:full/fileprovider/tests/agent/FileProviderTestingTests.swift#testTestingOperations	Focused Linux host assertion; not Apple File Provider daemon behavior.
c:objc(pl)NSFileProviderTestingIngestion(py)itemIdentifier	implemented	test:full/fileprovider/tests/agent/FileProviderTestingTests.swift#testTestingOperations	Focused Linux host assertion; not Apple File Provider daemon behavior.
c:objc(pl)NSFileProviderTestingIngestion(py)side	implemented	test:full/fileprovider/tests/agent/FileProviderTestingTests.swift#testTestingOperations	Focused Linux host assertion; not Apple File Provider daemon behavior.
c:objc(pl)NSFileProviderTestingLookup	implemented	test:full/fileprovider/tests/agent/FileProviderTestingTests.swift#testTestingOperations	Focused Linux host assertion; not Apple File Provider daemon behavior.
c:objc(pl)NSFileProviderTestingLookup(py)itemIdentifier	implemented	test:full/fileprovider/tests/agent/FileProviderTestingTests.swift#testTestingOperations	Focused Linux host assertion; not Apple File Provider daemon behavior.
c:objc(pl)NSFileProviderTestingLookup(py)side	implemented	test:full/fileprovider/tests/agent/FileProviderTestingTests.swift#testTestingOperations	Focused Linux host assertion; not Apple File Provider daemon behavior.
c:objc(pl)NSFileProviderTestingModification	implemented	test:full/fileprovider/tests/agent/FileProviderTestingTests.swift#testTestingOperations	Focused Linux host assertion; not Apple File Provider daemon behavior.
c:objc(pl)NSFileProviderTestingModification(py)changedFields	implemented	test:full/fileprovider/tests/agent/FileProviderTestingTests.swift#testTestingOperations	Focused Linux host assertion; not Apple File Provider daemon behavior.
c:objc(pl)NSFileProviderTestingModification(py)domainVersion	implemented	test:full/fileprovider/tests/agent/FileProviderTestingTests.swift#testTestingOperations	Focused Linux host assertion; not Apple File Provider daemon behavior.
c:objc(pl)NSFileProviderTestingModification(py)sourceItem	implemented	test:full/fileprovider/tests/agent/FileProviderTestingTests.swift#testTestingOperations	Focused Linux host assertion; not Apple File Provider daemon behavior.
c:objc(pl)NSFileProviderTestingModification(py)targetItemBaseVersion	implemented	test:full/fileprovider/tests/agent/FileProviderTestingTests.swift#testTestingOperations	Focused Linux host assertion; not Apple File Provider daemon behavior.
c:objc(pl)NSFileProviderTestingModification(py)targetItemIdentifier	implemented	test:full/fileprovider/tests/agent/FileProviderTestingTests.swift#testTestingOperations	Focused Linux host assertion; not Apple File Provider daemon behavior.
c:objc(pl)NSFileProviderTestingModification(py)targetSide	implemented	test:full/fileprovider/tests/agent/FileProviderTestingTests.swift#testTestingOperations	Focused Linux host assertion; not Apple File Provider daemon behavior.
c:objc(pl)NSFileProviderTestingOperation	implemented	test:full/fileprovider/tests/agent/FileProviderTestingTests.swift#testTestingOperations	Focused Linux host assertion; not Apple File Provider daemon behavior.
c:objc(pl)NSFileProviderTestingOperation(py)type	implemented	test:full/fileprovider/tests/agent/FileProviderTestingTests.swift#testTestingOperations	Focused Linux host assertion; not Apple File Provider daemon behavior.
c:objc(pl)NSFileProviderThumbnailing	implemented	test:full/fileprovider/tests/agent/FileProviderExtensionTests.swift#testThumbnailAndCustomActionFailClosed	Focused Linux host assertion; not Apple File Provider daemon behavior.
c:objc(pl)NSFileProviderThumbnailing(im)fetchThumbnailsForItemIdentifiers:requestedSize:perThumbnailCompletionHandler:completionHandler:	implemented	test:full/fileprovider/tests/agent/FileProviderExtensionTests.swift#testThumbnailAndCustomActionFailClosed	Focused Linux host assertion; not Apple File Provider daemon behavior.
s:10Foundation13CustomNSErrorPAAE11errorDomainSSvpZ::SYNTHESIZED::c:@E@NSFileProviderErrorCode	implemented	test:full/fileprovider/tests/agent/FileProviderValueTests.swift#testEnumAndOptionSetValues	Focused Linux host assertion; not Apple File Provider daemon behavior.
s:10Foundation13CustomNSErrorPAAE13errorUserInfoSDySSypGvp::SYNTHESIZED::c:@E@NSFileProviderErrorCode	implemented	test:full/fileprovider/tests/agent/FileProviderErrorTests.swift#testErrorBridgingAndFactories	Focused Linux host assertion; not Apple File Provider daemon behavior.
s:10Foundation13CustomNSErrorPAAE9errorCodeSivp::SYNTHESIZED::c:@E@NSFileProviderErrorCode	implemented	test:full/fileprovider/tests/agent/FileProviderErrorTests.swift#testErrorBridgingAndFactories	Focused Linux host assertion; not Apple File Provider daemon behavior.
s:10Foundation18_ErrorCodeProtocolPAAE2teoiySbx_s0B0_ptFZ::SYNTHESIZED::c:@E@NSFileProviderErrorCode	implemented	test:full/fileprovider/tests/agent/FileProviderErrorTests.swift#testErrorBridgingAndFactories	Focused Linux host assertion; not Apple File Provider daemon behavior.
s:10Foundation21_BridgedStoredNSErrorPAAE13errorUserInfoSDySSypGvp::SYNTHESIZED::c:@E@NSFileProviderErrorCode	implemented	test:full/fileprovider/tests/agent/FileProviderErrorTests.swift#testErrorBridgingAndFactories	Focused Linux host assertion; not Apple File Provider daemon behavior.
s:10Foundation21_BridgedStoredNSErrorPAAE2eeoiySbx_xtFZ::SYNTHESIZED::c:@E@NSFileProviderErrorCode	implemented	test:full/fileprovider/tests/agent/FileProviderErrorTests.swift#testErrorBridgingAndFactories	Focused Linux host assertion; not Apple File Provider daemon behavior.
s:10Foundation21_BridgedStoredNSErrorPAAE4code4CodeQzvp::SYNTHESIZED::c:@E@NSFileProviderErrorCode	implemented	test:full/fileprovider/tests/agent/FileProviderErrorTests.swift#testErrorBridgingAndFactories	Focused Linux host assertion; not Apple File Provider daemon behavior.
s:10Foundation21_BridgedStoredNSErrorPAAE4hash4intoys6HasherVz_tF::SYNTHESIZED::c:@E@NSFileProviderErrorCode	implemented	test:full/fileprovider/tests/agent/FileProviderErrorTests.swift#testErrorBridgingAndFactories	Focused Linux host assertion; not Apple File Provider daemon behavior.
s:10Foundation21_BridgedStoredNSErrorPAAE8userInfoSDySSypGvp::SYNTHESIZED::c:@E@NSFileProviderErrorCode	implemented	test:full/fileprovider/tests/agent/FileProviderErrorTests.swift#testErrorBridgingAndFactories	Focused Linux host assertion; not Apple File Provider daemon behavior.
s:10Foundation21_BridgedStoredNSErrorPAAE9errorCodeSivp::SYNTHESIZED::c:@E@NSFileProviderErrorCode	implemented	test:full/fileprovider/tests/agent/FileProviderErrorTests.swift#testErrorBridgingAndFactories	Focused Linux host assertion; not Apple File Provider daemon behavior.
s:10Foundation21_BridgedStoredNSErrorPAAE9hashValueSivp::SYNTHESIZED::c:@E@NSFileProviderErrorCode	implemented	test:full/fileprovider/tests/agent/FileProviderErrorTests.swift#testErrorBridgingAndFactories	Focused Linux host assertion; not Apple File Provider daemon behavior.
s:10Foundation21_BridgedStoredNSErrorPAAE_8userInfox4CodeQz_SDySSypGtcfc::SYNTHESIZED::c:@E@NSFileProviderErrorCode	implemented	test:full/fileprovider/tests/agent/FileProviderErrorTests.swift#testErrorBridgingAndFactories	Focused Linux host assertion; not Apple File Provider daemon behavior.
s:SC23NSFileProviderErrorCodeLeV	implemented	test:full/fileprovider/tests/agent/FileProviderValueTests.swift#testEnumAndOptionSetValues	Focused Linux host assertion; not Apple File Provider daemon behavior.
s:SC23NSFileProviderErrorCodeLeV10noSuchItemSoAAVvpZ	implemented	test:full/fileprovider/tests/agent/FileProviderValueTests.swift#testEnumAndOptionSetValues	Focused Linux host assertion; not Apple File Provider daemon behavior.
s:SC23NSFileProviderErrorCodeLeV11errorDomainSSvpZ	implemented	test:full/fileprovider/tests/agent/FileProviderValueTests.swift#testEnumAndOptionSetValues	Focused Linux host assertion; not Apple File Provider daemon behavior.
s:SC23NSFileProviderErrorCodeLeV11pageExpiredSoAAVvpZ	implemented	test:full/fileprovider/tests/agent/FileProviderValueTests.swift#testEnumAndOptionSetValues	Focused Linux host assertion; not Apple File Provider daemon behavior.
s:SC23NSFileProviderErrorCodeLeV12nonEvictableSoAAVvpZ	implemented	test:full/fileprovider/tests/agent/FileProviderValueTests.swift#testEnumAndOptionSetValues	Focused Linux host assertion; not Apple File Provider daemon behavior.
s:SC23NSFileProviderErrorCodeLeV13unsyncedEditsSoAAVvpZ	implemented	test:full/fileprovider/tests/agent/FileProviderValueTests.swift#testEnumAndOptionSetValues	Focused Linux host assertion; not Apple File Provider daemon behavior.
s:SC23NSFileProviderErrorCodeLeV14domainDisabledSoAAVvpZ	implemented	test:full/fileprovider/tests/agent/FileProviderValueTests.swift#testEnumAndOptionSetValues	Focused Linux host assertion; not Apple File Provider daemon behavior.
s:SC23NSFileProviderErrorCodeLeV16deletionRejectedSoAAVvpZ	implemented	test:full/fileprovider/tests/agent/FileProviderValueTests.swift#testEnumAndOptionSetValues	Focused Linux host assertion; not Apple File Provider daemon behavior.
s:SC23NSFileProviderErrorCodeLeV16excludedFromSyncSoAAVvpZ	implemented	test:full/fileprovider/tests/agent/FileProviderValueTests.swift#testEnumAndOptionSetValues	Focused Linux host assertion; not Apple File Provider daemon behavior.
s:SC23NSFileProviderErrorCodeLeV16notAuthenticatedSoAAVvpZ	implemented	test:full/fileprovider/tests/agent/FileProviderValueTests.swift#testEnumAndOptionSetValues	Focused Linux host assertion; not Apple File Provider daemon behavior.
s:SC23NSFileProviderErrorCodeLeV16providerNotFoundSoAAVvpZ	implemented	test:full/fileprovider/tests/agent/FileProviderValueTests.swift#testEnumAndOptionSetValues	Focused Linux host assertion; not Apple File Provider daemon behavior.
s:SC23NSFileProviderErrorCodeLeV17cannotSynchronizeSoAAVvpZ	implemented	test:full/fileprovider/tests/agent/FileProviderValueTests.swift#testEnumAndOptionSetValues	Focused Linux host assertion; not Apple File Provider daemon behavior.
s:SC23NSFileProviderErrorCodeLeV17directoryNotEmptySoAAVvpZ	implemented	test:full/fileprovider/tests/agent/FileProviderValueTests.swift#testEnumAndOptionSetValues	Focused Linux host assertion; not Apple File Provider daemon behavior.
s:SC23NSFileProviderErrorCodeLeV17filenameCollisionSoAAVvpZ	implemented	test:full/fileprovider/tests/agent/FileProviderValueTests.swift#testEnumAndOptionSetValues	Focused Linux host assertion; not Apple File Provider daemon behavior.
s:SC23NSFileProviderErrorCodeLeV17insufficientQuotaSoAAVvpZ	implemented	test:full/fileprovider/tests/agent/FileProviderValueTests.swift#testEnumAndOptionSetValues	Focused Linux host assertion; not Apple File Provider daemon behavior.
s:SC23NSFileProviderErrorCodeLeV17serverUnreachableSoAAVvpZ	implemented	test:full/fileprovider/tests/agent/FileProviderValueTests.swift#testEnumAndOptionSetValues	Focused Linux host assertion; not Apple File Provider daemon behavior.
s:SC23NSFileProviderErrorCodeLeV17syncAnchorExpiredSoAAVvpZ	implemented	test:full/fileprovider/tests/agent/FileProviderValueTests.swift#testEnumAndOptionSetValues	Focused Linux host assertion; not Apple File Provider daemon behavior.
s:SC23NSFileProviderErrorCodeLeV20nonEvictableChildrenSoAAVvpZ	implemented	test:full/fileprovider/tests/agent/FileProviderValueTests.swift#testEnumAndOptionSetValues	Focused Linux host assertion; not Apple File Provider daemon behavior.
s:SC23NSFileProviderErrorCodeLeV22providerDomainNotFoundSoAAVvpZ	implemented	test:full/fileprovider/tests/agent/FileProviderValueTests.swift#testEnumAndOptionSetValues	Focused Linux host assertion; not Apple File Provider daemon behavior.
s:SC23NSFileProviderErrorCodeLeV28applicationExtensionNotFoundSoAAVvpZ	implemented	test:full/fileprovider/tests/agent/FileProviderValueTests.swift#testEnumAndOptionSetValues	Focused Linux host assertion; not Apple File Provider daemon behavior.
s:SC23NSFileProviderErrorCodeLeV33localVersionConflictingWithServerSoAAVvpZ	implemented	test:full/fileprovider/tests/agent/FileProviderValueTests.swift#testEnumAndOptionSetValues	Focused Linux host assertion; not Apple File Provider daemon behavior.
s:SC23NSFileProviderErrorCodeLeV36providerDomainTemporarilyUnavailableSoAAVvpZ	implemented	test:full/fileprovider/tests/agent/FileProviderValueTests.swift#testEnumAndOptionSetValues	Focused Linux host assertion; not Apple File Provider daemon behavior.
s:SLsE1goiySbx_xtFZ::SYNTHESIZED::c:objc(cs)NSFileProviderDomainVersion	implemented	test:full/fileprovider/tests/agent/FileProviderDomainTests.swift#testDomainVersionComparable	Focused Linux host assertion; not Apple File Provider daemon behavior.
s:SLsE2geoiySbx_xtFZ::SYNTHESIZED::c:objc(cs)NSFileProviderDomainVersion	implemented	test:full/fileprovider/tests/agent/FileProviderDomainTests.swift#testDomainVersionComparable	Focused Linux host assertion; not Apple File Provider daemon behavior.
s:SLsE2leoiySbx_xtFZ::SYNTHESIZED::c:objc(cs)NSFileProviderDomainVersion	implemented	test:full/fileprovider/tests/agent/FileProviderDomainTests.swift#testDomainVersionComparable	Focused Linux host assertion; not Apple File Provider daemon behavior.
s:SLsE3zzloiySnyxGx_xtFZ::SYNTHESIZED::c:objc(cs)NSFileProviderDomainVersion	implemented	test:full/fileprovider/tests/agent/FileProviderDomainTests.swift#testDomainVersionComparable	Focused Linux host assertion; not Apple File Provider daemon behavior.
s:SLsE3zzlopys16PartialRangeUpToVyxGxFZ::SYNTHESIZED::c:objc(cs)NSFileProviderDomainVersion	implemented	test:full/fileprovider/tests/agent/FileProviderDomainTests.swift#testDomainVersionComparable	Focused Linux host assertion; not Apple File Provider daemon behavior.
s:SLsE3zzzoPys16PartialRangeFromVyxGxFZ::SYNTHESIZED::c:objc(cs)NSFileProviderDomainVersion	implemented	test:full/fileprovider/tests/agent/FileProviderDomainTests.swift#testDomainVersionComparable	Focused Linux host assertion; not Apple File Provider daemon behavior.
s:SLsE3zzzoiySNyxGx_xtFZ::SYNTHESIZED::c:objc(cs)NSFileProviderDomainVersion	implemented	test:full/fileprovider/tests/agent/FileProviderDomainTests.swift#testDomainVersionComparable	Focused Linux host assertion; not Apple File Provider daemon behavior.
s:SLsE3zzzopys19PartialRangeThroughVyxGxFZ::SYNTHESIZED::c:objc(cs)NSFileProviderDomainVersion	implemented	test:full/fileprovider/tests/agent/FileProviderDomainTests.swift#testDomainVersionComparable	Focused Linux host assertion; not Apple File Provider daemon behavior.
s:SQsE2neoiySbx_xtFZ::SYNTHESIZED::c:@E@NSFileProviderContentPolicy	implemented	test:full/fileprovider/tests/agent/FileProviderValueTests.swift#testHashableInequality	Focused Linux host assertion; not Apple File Provider daemon behavior.
s:SQsE2neoiySbx_xtFZ::SYNTHESIZED::c:@E@NSFileProviderCreateItemOptions	implemented	test:full/fileprovider/tests/agent/FileProviderValueTests.swift#testHashableInequality	Focused Linux host assertion; not Apple File Provider daemon behavior.
s:SQsE2neoiySbx_xtFZ::SYNTHESIZED::c:@E@NSFileProviderDeleteItemOptions	implemented	test:full/fileprovider/tests/agent/FileProviderValueTests.swift#testHashableInequality	Focused Linux host assertion; not Apple File Provider daemon behavior.
s:SQsE2neoiySbx_xtFZ::SYNTHESIZED::c:@E@NSFileProviderDomainRemovalMode	implemented	test:full/fileprovider/tests/agent/FileProviderValueTests.swift#testHashableInequality	Focused Linux host assertion; not Apple File Provider daemon behavior.
s:SQsE2neoiySbx_xtFZ::SYNTHESIZED::c:@E@NSFileProviderDomainTestingModes	implemented	test:full/fileprovider/tests/agent/FileProviderValueTests.swift#testHashableInequality	Focused Linux host assertion; not Apple File Provider daemon behavior.
s:SQsE2neoiySbx_xtFZ::SYNTHESIZED::c:@E@NSFileProviderErrorCode	implemented	test:full/fileprovider/tests/agent/FileProviderValueTests.swift#testHashableInequality	Focused Linux host assertion; not Apple File Provider daemon behavior.
s:SQsE2neoiySbx_xtFZ::SYNTHESIZED::c:@E@NSFileProviderFileSystemFlags	implemented	test:full/fileprovider/tests/agent/FileProviderValueTests.swift#testHashableInequality	Focused Linux host assertion; not Apple File Provider daemon behavior.
s:SQsE2neoiySbx_xtFZ::SYNTHESIZED::c:@E@NSFileProviderItemCapabilities	implemented	test:full/fileprovider/tests/agent/FileProviderValueTests.swift#testHashableInequality	Focused Linux host assertion; not Apple File Provider daemon behavior.
s:SQsE2neoiySbx_xtFZ::SYNTHESIZED::c:@E@NSFileProviderItemFields	implemented	test:full/fileprovider/tests/agent/FileProviderValueTests.swift#testHashableInequality	Focused Linux host assertion; not Apple File Provider daemon behavior.
s:SQsE2neoiySbx_xtFZ::SYNTHESIZED::c:@E@NSFileProviderModifyItemOptions	implemented	test:full/fileprovider/tests/agent/FileProviderValueTests.swift#testHashableInequality	Focused Linux host assertion; not Apple File Provider daemon behavior.
s:SQsE2neoiySbx_xtFZ::SYNTHESIZED::c:@E@NSFileProviderTestingOperationSide	implemented	test:full/fileprovider/tests/agent/FileProviderValueTests.swift#testHashableInequality	Focused Linux host assertion; not Apple File Provider daemon behavior.
s:SQsE2neoiySbx_xtFZ::SYNTHESIZED::c:@E@NSFileProviderTestingOperationType	implemented	test:full/fileprovider/tests/agent/FileProviderValueTests.swift#testHashableInequality	Focused Linux host assertion; not Apple File Provider daemon behavior.
s:SQsE2neoiySbx_xtFZ::SYNTHESIZED::c:@T@NSFileProviderDomainIdentifier	implemented	test:full/fileprovider/tests/agent/FileProviderValueTests.swift#testHashableInequality	Focused Linux host assertion; not Apple File Provider daemon behavior.
s:SQsE2neoiySbx_xtFZ::SYNTHESIZED::c:@T@NSFileProviderExtensionActionIdentifier	implemented	test:full/fileprovider/tests/agent/FileProviderValueTests.swift#testHashableInequality	Focused Linux host assertion; not Apple File Provider daemon behavior.
s:SQsE2neoiySbx_xtFZ::SYNTHESIZED::c:@T@NSFileProviderItemDecorationIdentifier	implemented	test:full/fileprovider/tests/agent/FileProviderValueTests.swift#testHashableInequality	Focused Linux host assertion; not Apple File Provider daemon behavior.
s:SQsE2neoiySbx_xtFZ::SYNTHESIZED::c:@T@NSFileProviderItemIdentifier	implemented	test:full/fileprovider/tests/agent/FileProviderValueTests.swift#testHashableInequality	Focused Linux host assertion; not Apple File Provider daemon behavior.
s:SQsE2neoiySbx_xtFZ::SYNTHESIZED::c:@T@NSFileProviderPage	implemented	test:full/fileprovider/tests/agent/FileProviderValueTests.swift#testHashableInequality	Focused Linux host assertion; not Apple File Provider daemon behavior.
s:SQsE2neoiySbx_xtFZ::SYNTHESIZED::c:@T@NSFileProviderSyncAnchor	implemented	test:full/fileprovider/tests/agent/FileProviderValueTests.swift#testHashableInequality	Focused Linux host assertion; not Apple File Provider daemon behavior.
s:SQsE2neoiySbx_xtFZ::SYNTHESIZED::c:@T@NSFileProviderUserInfoKey	implemented	test:full/fileprovider/tests/agent/FileProviderValueTests.swift#testHashableInequality	Focused Linux host assertion; not Apple File Provider daemon behavior.
s:SYsSHRzSH8RawValueSYRpzrlE04hashB0Sivp::SYNTHESIZED::c:@E@NSFileProviderContentPolicy	implemented	test:full/fileprovider/tests/agent/FileProviderValueTests.swift#testHashableInequality	Focused Linux host assertion; not Apple File Provider daemon behavior.
s:SYsSHRzSH8RawValueSYRpzrlE04hashB0Sivp::SYNTHESIZED::c:@E@NSFileProviderDomainRemovalMode	implemented	test:full/fileprovider/tests/agent/FileProviderValueTests.swift#testHashableInequality	Focused Linux host assertion; not Apple File Provider daemon behavior.
s:SYsSHRzSH8RawValueSYRpzrlE04hashB0Sivp::SYNTHESIZED::c:@E@NSFileProviderErrorCode	implemented	test:full/fileprovider/tests/agent/FileProviderValueTests.swift#testHashableInequality	Focused Linux host assertion; not Apple File Provider daemon behavior.
s:SYsSHRzSH8RawValueSYRpzrlE04hashB0Sivp::SYNTHESIZED::c:@E@NSFileProviderTestingOperationSide	implemented	test:full/fileprovider/tests/agent/FileProviderValueTests.swift#testHashableInequality	Focused Linux host assertion; not Apple File Provider daemon behavior.
s:SYsSHRzSH8RawValueSYRpzrlE04hashB0Sivp::SYNTHESIZED::c:@E@NSFileProviderTestingOperationType	implemented	test:full/fileprovider/tests/agent/FileProviderValueTests.swift#testHashableInequality	Focused Linux host assertion; not Apple File Provider daemon behavior.
s:SYsSHRzSH8RawValueSYRpzrlE4hash4intoys6HasherVz_tF::SYNTHESIZED::c:@E@NSFileProviderContentPolicy	implemented	test:full/fileprovider/tests/agent/FileProviderValueTests.swift#testHashableInequality	Focused Linux host assertion; not Apple File Provider daemon behavior.
s:SYsSHRzSH8RawValueSYRpzrlE4hash4intoys6HasherVz_tF::SYNTHESIZED::c:@E@NSFileProviderDomainRemovalMode	implemented	test:full/fileprovider/tests/agent/FileProviderValueTests.swift#testHashableInequality	Focused Linux host assertion; not Apple File Provider daemon behavior.
s:SYsSHRzSH8RawValueSYRpzrlE4hash4intoys6HasherVz_tF::SYNTHESIZED::c:@E@NSFileProviderErrorCode	implemented	test:full/fileprovider/tests/agent/FileProviderValueTests.swift#testHashableInequality	Focused Linux host assertion; not Apple File Provider daemon behavior.
s:SYsSHRzSH8RawValueSYRpzrlE4hash4intoys6HasherVz_tF::SYNTHESIZED::c:@E@NSFileProviderTestingOperationSide	implemented	test:full/fileprovider/tests/agent/FileProviderValueTests.swift#testHashableInequality	Focused Linux host assertion; not Apple File Provider daemon behavior.
s:SYsSHRzSH8RawValueSYRpzrlE4hash4intoys6HasherVz_tF::SYNTHESIZED::c:@E@NSFileProviderTestingOperationType	implemented	test:full/fileprovider/tests/agent/FileProviderValueTests.swift#testHashableInequality	Focused Linux host assertion; not Apple File Provider daemon behavior.
s:So18NSFileProviderPagea8rawValueAB10Foundation4DataV_tcfc	implemented	test:full/fileprovider/tests/agent/FileProviderValueTests.swift#testIdentifierAndPageValues	Focused Linux host assertion; not Apple File Provider daemon behavior.
s:So18NSFileProviderPageayAB10Foundation4DataVcfc	implemented	test:full/fileprovider/tests/agent/FileProviderValueTests.swift#testIdentifierAndPageValues	Focused Linux host assertion; not Apple File Provider daemon behavior.
s:So21NSFileProviderManagerC04FileB0E22requestDownloadForItem14withIdentifier14requestedRange17completionHandlerySo0abhJ0a_So8_NSRangeVSgys5Error_pSgctF	implemented	test:full/fileprovider/tests/agent/FileProviderManagerTests.swift#testManagerPlaceholdersDownloadsAndImport	Focused Linux host assertion; not Apple File Provider daemon behavior.
s:So21NSFileProviderManagerC04FileB0E22requestDownloadForItem14withIdentifier14requestedRangeySo0abhJ0a_So8_NSRangeVSgtYaKF	implemented	test:full/fileprovider/tests/agent/FileProviderManagerTests.swift#testManagerPlaceholdersDownloadsAndImport	Focused Linux host assertion; not Apple File Provider daemon behavior.
s:So23NSFileProviderErrorCodeV11pageExpiredABvpZ	implemented	test:full/fileprovider/tests/agent/FileProviderValueTests.swift#testEnumAndOptionSetValues	Focused Linux host assertion; not Apple File Provider daemon behavior.
s:So23NSFileProviderErrorCodeV8rawValueABSgSi_tcfc	implemented	test:full/fileprovider/tests/agent/FileProviderErrorTests.swift#testErrorBridgingAndFactories	Focused Linux host assertion; not Apple File Provider daemon behavior.
s:So24NSFileProviderItemFieldsV8rawValueABSu_tcfc	implemented	test:full/fileprovider/tests/agent/FileProviderOptionSetTests.swift#testItemFieldsAlgebra	Focused Linux host assertion; not Apple File Provider daemon behavior.
s:So24NSFileProviderSyncAnchora8rawValueAB10Foundation4DataV_tcfc	implemented	test:full/fileprovider/tests/agent/FileProviderValueTests.swift#testIdentifierAndPageValues	Focused Linux host assertion; not Apple File Provider daemon behavior.
s:So24NSFileProviderSyncAnchorayAB10Foundation4DataVcfc	implemented	test:full/fileprovider/tests/agent/FileProviderValueTests.swift#testIdentifierAndPageValues	Focused Linux host assertion; not Apple File Provider daemon behavior.
s:So25NSFileProviderUserInfoKeya8rawValueABSS_tcfc	implemented	test:full/fileprovider/tests/agent/FileProviderValueTests.swift#testIdentifierAndPageValues	Focused Linux host assertion; not Apple File Provider daemon behavior.
s:So25NSFileProviderUserInfoKeyayABSScfc	implemented	test:full/fileprovider/tests/agent/FileProviderValueTests.swift#testIdentifierAndPageValues	Focused Linux host assertion; not Apple File Provider daemon behavior.
s:So27NSFileProviderContentPolicyV8rawValueABSgSi_tcfc	implemented	test:full/fileprovider/tests/agent/FileProviderValueTests.swift#testEnumAndOptionSetValues	Focused Linux host assertion; not Apple File Provider daemon behavior.
s:So27NSFileProviderDomainVersionC04FileB0E1loiySbAB_ABtFZ	implemented	test:full/fileprovider/tests/agent/FileProviderDomainTests.swift#testDomainVersionComparable	Focused Linux host assertion; not Apple File Provider daemon behavior.
s:So28NSFileProviderItemIdentifiera8rawValueABSS_tcfc	implemented	test:full/fileprovider/tests/agent/FileProviderValueTests.swift#testIdentifierAndPageValues	Focused Linux host assertion; not Apple File Provider daemon behavior.
s:So28NSFileProviderItemIdentifierayABSScfc	implemented	test:full/fileprovider/tests/agent/FileProviderValueTests.swift#testIdentifierAndPageValues	Focused Linux host assertion; not Apple File Provider daemon behavior.
s:So28NSFileProviderTypeAndCreatorV4type7creatorABs6UInt32V_AFtcfc	implemented	test:full/fileprovider/tests/agent/FileProviderValueTests.swift#testIdentifierAndPageValues	Focused Linux host assertion; not Apple File Provider daemon behavior.
s:So28NSFileProviderTypeAndCreatorVABycfc	implemented	test:full/fileprovider/tests/agent/FileProviderValueTests.swift#testIdentifierAndPageValues	Focused Linux host assertion; not Apple File Provider daemon behavior.
s:So29NSFileProviderFileSystemFlagsV8rawValueABSu_tcfc	implemented	test:full/fileprovider/tests/agent/FileProviderOptionSetTests.swift#testFileSystemFlagsAlgebra	Focused Linux host assertion; not Apple File Provider daemon behavior.
s:So30NSFileProviderDomainIdentifiera8rawValueABSS_tcfc	implemented	test:full/fileprovider/tests/agent/FileProviderValueTests.swift#testIdentifierAndPageValues	Focused Linux host assertion; not Apple File Provider daemon behavior.
s:So30NSFileProviderDomainIdentifierayABSScfc	implemented	test:full/fileprovider/tests/agent/FileProviderValueTests.swift#testIdentifierAndPageValues	Focused Linux host assertion; not Apple File Provider daemon behavior.
s:So30NSFileProviderItemCapabilitiesV8rawValueABSu_tcfc	implemented	test:full/fileprovider/tests/agent/FileProviderOptionSetTests.swift#testItemCapabilitiesAlgebra	Focused Linux host assertion; not Apple File Provider daemon behavior.
s:So31NSFileProviderCreateItemOptionsV8rawValueABSu_tcfc	implemented	test:full/fileprovider/tests/agent/FileProviderOptionSetTests.swift#testCreateItemOptionsAlgebra	Focused Linux host assertion; not Apple File Provider daemon behavior.
s:So31NSFileProviderDeleteItemOptionsV8rawValueABSu_tcfc	implemented	test:full/fileprovider/tests/agent/FileProviderOptionSetTests.swift#testDeleteItemOptionsAlgebra	Focused Linux host assertion; not Apple File Provider daemon behavior.
s:So31NSFileProviderDomainRemovalModeV8rawValueABSgSi_tcfc	implemented	test:full/fileprovider/tests/agent/FileProviderManagerTests.swift#testManagerPlaceholdersDownloadsAndImport	Focused Linux host assertion; not Apple File Provider daemon behavior.
s:So31NSFileProviderModifyItemOptionsV8rawValueABSu_tcfc	implemented	test:full/fileprovider/tests/agent/FileProviderOptionSetTests.swift#testModifyItemOptionsAlgebra	Focused Linux host assertion; not Apple File Provider daemon behavior.
s:So32NSFileProviderDomainTestingModesV8rawValueABSu_tcfc	implemented	test:full/fileprovider/tests/agent/FileProviderOptionSetTests.swift#testDomainTestingModesAlgebra	Focused Linux host assertion; not Apple File Provider daemon behavior.
s:So34NSFileProviderTestingOperationSideV8rawValueABSgSu_tcfc	implemented	test:full/fileprovider/tests/agent/FileProviderTestingTests.swift#testTestingOperations	Focused Linux host assertion; not Apple File Provider daemon behavior.
s:So34NSFileProviderTestingOperationTypeV8rawValueABSgSi_tcfc	implemented	test:full/fileprovider/tests/agent/FileProviderTestingTests.swift#testTestingOperations	Focused Linux host assertion; not Apple File Provider daemon behavior.
s:So38NSFileProviderItemDecorationIdentifiera8rawValueABSS_tcfc	implemented	test:full/fileprovider/tests/agent/FileProviderValueTests.swift#testIdentifierAndPageValues	Focused Linux host assertion; not Apple File Provider daemon behavior.
s:So38NSFileProviderItemDecorationIdentifierayABSScfc	implemented	test:full/fileprovider/tests/agent/FileProviderValueTests.swift#testIdentifierAndPageValues	Focused Linux host assertion; not Apple File Provider daemon behavior.
s:So39NSFileProviderExtensionActionIdentifiera8rawValueABSS_tcfc	implemented	test:full/fileprovider/tests/agent/FileProviderValueTests.swift#testIdentifierAndPageValues	Focused Linux host assertion; not Apple File Provider daemon behavior.
s:So39NSFileProviderExtensionActionIdentifierayABSScfc	implemented	test:full/fileprovider/tests/agent/FileProviderValueTests.swift#testIdentifierAndPageValues	Focused Linux host assertion; not Apple File Provider daemon behavior.
s:s10SetAlgebraPs7ElementQz012ArrayLiteralC0RtzrlE05arrayE0xAFd_tcfc::SYNTHESIZED::c:@E@NSFileProviderCreateItemOptions	implemented	test:full/fileprovider/tests/agent/FileProviderOptionSetTests.swift#testCreateItemOptionsAlgebra	Focused Linux host assertion; not Apple File Provider daemon behavior.
s:s10SetAlgebraPs7ElementQz012ArrayLiteralC0RtzrlE05arrayE0xAFd_tcfc::SYNTHESIZED::c:@E@NSFileProviderDeleteItemOptions	implemented	test:full/fileprovider/tests/agent/FileProviderOptionSetTests.swift#testDeleteItemOptionsAlgebra	Focused Linux host assertion; not Apple File Provider daemon behavior.
s:s10SetAlgebraPs7ElementQz012ArrayLiteralC0RtzrlE05arrayE0xAFd_tcfc::SYNTHESIZED::c:@E@NSFileProviderDomainTestingModes	implemented	test:full/fileprovider/tests/agent/FileProviderOptionSetTests.swift#testDomainTestingModesAlgebra	Focused Linux host assertion; not Apple File Provider daemon behavior.
s:s10SetAlgebraPs7ElementQz012ArrayLiteralC0RtzrlE05arrayE0xAFd_tcfc::SYNTHESIZED::c:@E@NSFileProviderFileSystemFlags	implemented	test:full/fileprovider/tests/agent/FileProviderOptionSetTests.swift#testFileSystemFlagsAlgebra	Focused Linux host assertion; not Apple File Provider daemon behavior.
s:s10SetAlgebraPs7ElementQz012ArrayLiteralC0RtzrlE05arrayE0xAFd_tcfc::SYNTHESIZED::c:@E@NSFileProviderItemCapabilities	implemented	test:full/fileprovider/tests/agent/FileProviderOptionSetTests.swift#testItemCapabilitiesAlgebra	Focused Linux host assertion; not Apple File Provider daemon behavior.
s:s10SetAlgebraPs7ElementQz012ArrayLiteralC0RtzrlE05arrayE0xAFd_tcfc::SYNTHESIZED::c:@E@NSFileProviderItemFields	implemented	test:full/fileprovider/tests/agent/FileProviderOptionSetTests.swift#testItemFieldsAlgebra	Focused Linux host assertion; not Apple File Provider daemon behavior.
s:s10SetAlgebraPs7ElementQz012ArrayLiteralC0RtzrlE05arrayE0xAFd_tcfc::SYNTHESIZED::c:@E@NSFileProviderModifyItemOptions	implemented	test:full/fileprovider/tests/agent/FileProviderOptionSetTests.swift#testModifyItemOptionsAlgebra	Focused Linux host assertion; not Apple File Provider daemon behavior.
s:s10SetAlgebraPsE10isDisjoint4withSbx_tF::SYNTHESIZED::c:@E@NSFileProviderCreateItemOptions	implemented	test:full/fileprovider/tests/agent/FileProviderOptionSetTests.swift#testCreateItemOptionsAlgebra	Focused Linux host assertion; not Apple File Provider daemon behavior.
s:s10SetAlgebraPsE10isDisjoint4withSbx_tF::SYNTHESIZED::c:@E@NSFileProviderDeleteItemOptions	implemented	test:full/fileprovider/tests/agent/FileProviderOptionSetTests.swift#testDeleteItemOptionsAlgebra	Focused Linux host assertion; not Apple File Provider daemon behavior.
s:s10SetAlgebraPsE10isDisjoint4withSbx_tF::SYNTHESIZED::c:@E@NSFileProviderDomainTestingModes	implemented	test:full/fileprovider/tests/agent/FileProviderOptionSetTests.swift#testDomainTestingModesAlgebra	Focused Linux host assertion; not Apple File Provider daemon behavior.
s:s10SetAlgebraPsE10isDisjoint4withSbx_tF::SYNTHESIZED::c:@E@NSFileProviderFileSystemFlags	implemented	test:full/fileprovider/tests/agent/FileProviderOptionSetTests.swift#testFileSystemFlagsAlgebra	Focused Linux host assertion; not Apple File Provider daemon behavior.
s:s10SetAlgebraPsE10isDisjoint4withSbx_tF::SYNTHESIZED::c:@E@NSFileProviderItemCapabilities	implemented	test:full/fileprovider/tests/agent/FileProviderOptionSetTests.swift#testItemCapabilitiesAlgebra	Focused Linux host assertion; not Apple File Provider daemon behavior.
s:s10SetAlgebraPsE10isDisjoint4withSbx_tF::SYNTHESIZED::c:@E@NSFileProviderItemFields	implemented	test:full/fileprovider/tests/agent/FileProviderOptionSetTests.swift#testItemFieldsAlgebra	Focused Linux host assertion; not Apple File Provider daemon behavior.
s:s10SetAlgebraPsE10isDisjoint4withSbx_tF::SYNTHESIZED::c:@E@NSFileProviderModifyItemOptions	implemented	test:full/fileprovider/tests/agent/FileProviderOptionSetTests.swift#testModifyItemOptionsAlgebra	Focused Linux host assertion; not Apple File Provider daemon behavior.
s:s10SetAlgebraPsE10isSuperset2ofSbx_tF::SYNTHESIZED::c:@E@NSFileProviderCreateItemOptions	implemented	test:full/fileprovider/tests/agent/FileProviderOptionSetTests.swift#testCreateItemOptionsAlgebra	Focused Linux host assertion; not Apple File Provider daemon behavior.
s:s10SetAlgebraPsE10isSuperset2ofSbx_tF::SYNTHESIZED::c:@E@NSFileProviderDeleteItemOptions	implemented	test:full/fileprovider/tests/agent/FileProviderOptionSetTests.swift#testDeleteItemOptionsAlgebra	Focused Linux host assertion; not Apple File Provider daemon behavior.
s:s10SetAlgebraPsE10isSuperset2ofSbx_tF::SYNTHESIZED::c:@E@NSFileProviderDomainTestingModes	implemented	test:full/fileprovider/tests/agent/FileProviderOptionSetTests.swift#testDomainTestingModesAlgebra	Focused Linux host assertion; not Apple File Provider daemon behavior.
s:s10SetAlgebraPsE10isSuperset2ofSbx_tF::SYNTHESIZED::c:@E@NSFileProviderFileSystemFlags	implemented	test:full/fileprovider/tests/agent/FileProviderOptionSetTests.swift#testFileSystemFlagsAlgebra	Focused Linux host assertion; not Apple File Provider daemon behavior.
s:s10SetAlgebraPsE10isSuperset2ofSbx_tF::SYNTHESIZED::c:@E@NSFileProviderItemCapabilities	implemented	test:full/fileprovider/tests/agent/FileProviderOptionSetTests.swift#testItemCapabilitiesAlgebra	Focused Linux host assertion; not Apple File Provider daemon behavior.
s:s10SetAlgebraPsE10isSuperset2ofSbx_tF::SYNTHESIZED::c:@E@NSFileProviderItemFields	implemented	test:full/fileprovider/tests/agent/FileProviderOptionSetTests.swift#testItemFieldsAlgebra	Focused Linux host assertion; not Apple File Provider daemon behavior.
s:s10SetAlgebraPsE10isSuperset2ofSbx_tF::SYNTHESIZED::c:@E@NSFileProviderModifyItemOptions	implemented	test:full/fileprovider/tests/agent/FileProviderOptionSetTests.swift#testModifyItemOptionsAlgebra	Focused Linux host assertion; not Apple File Provider daemon behavior.
s:s10SetAlgebraPsE11subtractingyxxF::SYNTHESIZED::c:@E@NSFileProviderCreateItemOptions	implemented	test:full/fileprovider/tests/agent/FileProviderOptionSetTests.swift#testCreateItemOptionsAlgebra	Focused Linux host assertion; not Apple File Provider daemon behavior.
s:s10SetAlgebraPsE11subtractingyxxF::SYNTHESIZED::c:@E@NSFileProviderDeleteItemOptions	implemented	test:full/fileprovider/tests/agent/FileProviderOptionSetTests.swift#testDeleteItemOptionsAlgebra	Focused Linux host assertion; not Apple File Provider daemon behavior.
s:s10SetAlgebraPsE11subtractingyxxF::SYNTHESIZED::c:@E@NSFileProviderDomainTestingModes	implemented	test:full/fileprovider/tests/agent/FileProviderOptionSetTests.swift#testDomainTestingModesAlgebra	Focused Linux host assertion; not Apple File Provider daemon behavior.
s:s10SetAlgebraPsE11subtractingyxxF::SYNTHESIZED::c:@E@NSFileProviderFileSystemFlags	implemented	test:full/fileprovider/tests/agent/FileProviderOptionSetTests.swift#testFileSystemFlagsAlgebra	Focused Linux host assertion; not Apple File Provider daemon behavior.
s:s10SetAlgebraPsE11subtractingyxxF::SYNTHESIZED::c:@E@NSFileProviderItemCapabilities	implemented	test:full/fileprovider/tests/agent/FileProviderOptionSetTests.swift#testItemCapabilitiesAlgebra	Focused Linux host assertion; not Apple File Provider daemon behavior.
s:s10SetAlgebraPsE11subtractingyxxF::SYNTHESIZED::c:@E@NSFileProviderItemFields	implemented	test:full/fileprovider/tests/agent/FileProviderOptionSetTests.swift#testItemFieldsAlgebra	Focused Linux host assertion; not Apple File Provider daemon behavior.
s:s10SetAlgebraPsE11subtractingyxxF::SYNTHESIZED::c:@E@NSFileProviderModifyItemOptions	implemented	test:full/fileprovider/tests/agent/FileProviderOptionSetTests.swift#testModifyItemOptionsAlgebra	Focused Linux host assertion; not Apple File Provider daemon behavior.
s:s10SetAlgebraPsE14isStrictSubset2ofSbx_tF::SYNTHESIZED::c:@E@NSFileProviderCreateItemOptions	implemented	test:full/fileprovider/tests/agent/FileProviderOptionSetTests.swift#testCreateItemOptionsAlgebra	Focused Linux host assertion; not Apple File Provider daemon behavior.
s:s10SetAlgebraPsE14isStrictSubset2ofSbx_tF::SYNTHESIZED::c:@E@NSFileProviderDeleteItemOptions	implemented	test:full/fileprovider/tests/agent/FileProviderOptionSetTests.swift#testDeleteItemOptionsAlgebra	Focused Linux host assertion; not Apple File Provider daemon behavior.
s:s10SetAlgebraPsE14isStrictSubset2ofSbx_tF::SYNTHESIZED::c:@E@NSFileProviderDomainTestingModes	implemented	test:full/fileprovider/tests/agent/FileProviderOptionSetTests.swift#testDomainTestingModesAlgebra	Focused Linux host assertion; not Apple File Provider daemon behavior.
s:s10SetAlgebraPsE14isStrictSubset2ofSbx_tF::SYNTHESIZED::c:@E@NSFileProviderFileSystemFlags	implemented	test:full/fileprovider/tests/agent/FileProviderOptionSetTests.swift#testFileSystemFlagsAlgebra	Focused Linux host assertion; not Apple File Provider daemon behavior.
s:s10SetAlgebraPsE14isStrictSubset2ofSbx_tF::SYNTHESIZED::c:@E@NSFileProviderItemCapabilities	implemented	test:full/fileprovider/tests/agent/FileProviderOptionSetTests.swift#testItemCapabilitiesAlgebra	Focused Linux host assertion; not Apple File Provider daemon behavior.
s:s10SetAlgebraPsE14isStrictSubset2ofSbx_tF::SYNTHESIZED::c:@E@NSFileProviderItemFields	implemented	test:full/fileprovider/tests/agent/FileProviderOptionSetTests.swift#testItemFieldsAlgebra	Focused Linux host assertion; not Apple File Provider daemon behavior.
s:s10SetAlgebraPsE14isStrictSubset2ofSbx_tF::SYNTHESIZED::c:@E@NSFileProviderModifyItemOptions	implemented	test:full/fileprovider/tests/agent/FileProviderOptionSetTests.swift#testModifyItemOptionsAlgebra	Focused Linux host assertion; not Apple File Provider daemon behavior.
s:s10SetAlgebraPsE16isStrictSuperset2ofSbx_tF::SYNTHESIZED::c:@E@NSFileProviderCreateItemOptions	implemented	test:full/fileprovider/tests/agent/FileProviderOptionSetTests.swift#testCreateItemOptionsAlgebra	Focused Linux host assertion; not Apple File Provider daemon behavior.
s:s10SetAlgebraPsE16isStrictSuperset2ofSbx_tF::SYNTHESIZED::c:@E@NSFileProviderDeleteItemOptions	implemented	test:full/fileprovider/tests/agent/FileProviderOptionSetTests.swift#testDeleteItemOptionsAlgebra	Focused Linux host assertion; not Apple File Provider daemon behavior.
s:s10SetAlgebraPsE16isStrictSuperset2ofSbx_tF::SYNTHESIZED::c:@E@NSFileProviderDomainTestingModes	implemented	test:full/fileprovider/tests/agent/FileProviderOptionSetTests.swift#testDomainTestingModesAlgebra	Focused Linux host assertion; not Apple File Provider daemon behavior.
s:s10SetAlgebraPsE16isStrictSuperset2ofSbx_tF::SYNTHESIZED::c:@E@NSFileProviderFileSystemFlags	implemented	test:full/fileprovider/tests/agent/FileProviderOptionSetTests.swift#testFileSystemFlagsAlgebra	Focused Linux host assertion; not Apple File Provider daemon behavior.
s:s10SetAlgebraPsE16isStrictSuperset2ofSbx_tF::SYNTHESIZED::c:@E@NSFileProviderItemCapabilities	implemented	test:full/fileprovider/tests/agent/FileProviderOptionSetTests.swift#testItemCapabilitiesAlgebra	Focused Linux host assertion; not Apple File Provider daemon behavior.
s:s10SetAlgebraPsE16isStrictSuperset2ofSbx_tF::SYNTHESIZED::c:@E@NSFileProviderItemFields	implemented	test:full/fileprovider/tests/agent/FileProviderOptionSetTests.swift#testItemFieldsAlgebra	Focused Linux host assertion; not Apple File Provider daemon behavior.
s:s10SetAlgebraPsE16isStrictSuperset2ofSbx_tF::SYNTHESIZED::c:@E@NSFileProviderModifyItemOptions	implemented	test:full/fileprovider/tests/agent/FileProviderOptionSetTests.swift#testModifyItemOptionsAlgebra	Focused Linux host assertion; not Apple File Provider daemon behavior.
s:s10SetAlgebraPsE7isEmptySbvp::SYNTHESIZED::c:@E@NSFileProviderCreateItemOptions	implemented	test:full/fileprovider/tests/agent/FileProviderOptionSetTests.swift#testCreateItemOptionsAlgebra	Focused Linux host assertion; not Apple File Provider daemon behavior.
s:s10SetAlgebraPsE7isEmptySbvp::SYNTHESIZED::c:@E@NSFileProviderDeleteItemOptions	implemented	test:full/fileprovider/tests/agent/FileProviderOptionSetTests.swift#testDeleteItemOptionsAlgebra	Focused Linux host assertion; not Apple File Provider daemon behavior.
s:s10SetAlgebraPsE7isEmptySbvp::SYNTHESIZED::c:@E@NSFileProviderDomainTestingModes	implemented	test:full/fileprovider/tests/agent/FileProviderOptionSetTests.swift#testDomainTestingModesAlgebra	Focused Linux host assertion; not Apple File Provider daemon behavior.
s:s10SetAlgebraPsE7isEmptySbvp::SYNTHESIZED::c:@E@NSFileProviderFileSystemFlags	implemented	test:full/fileprovider/tests/agent/FileProviderOptionSetTests.swift#testFileSystemFlagsAlgebra	Focused Linux host assertion; not Apple File Provider daemon behavior.
s:s10SetAlgebraPsE7isEmptySbvp::SYNTHESIZED::c:@E@NSFileProviderItemCapabilities	implemented	test:full/fileprovider/tests/agent/FileProviderOptionSetTests.swift#testItemCapabilitiesAlgebra	Focused Linux host assertion; not Apple File Provider daemon behavior.
s:s10SetAlgebraPsE7isEmptySbvp::SYNTHESIZED::c:@E@NSFileProviderItemFields	implemented	test:full/fileprovider/tests/agent/FileProviderOptionSetTests.swift#testItemFieldsAlgebra	Focused Linux host assertion; not Apple File Provider daemon behavior.
s:s10SetAlgebraPsE7isEmptySbvp::SYNTHESIZED::c:@E@NSFileProviderModifyItemOptions	implemented	test:full/fileprovider/tests/agent/FileProviderOptionSetTests.swift#testModifyItemOptionsAlgebra	Focused Linux host assertion; not Apple File Provider daemon behavior.
s:s10SetAlgebraPsE8isSubset2ofSbx_tF::SYNTHESIZED::c:@E@NSFileProviderCreateItemOptions	implemented	test:full/fileprovider/tests/agent/FileProviderOptionSetTests.swift#testCreateItemOptionsAlgebra	Focused Linux host assertion; not Apple File Provider daemon behavior.
s:s10SetAlgebraPsE8isSubset2ofSbx_tF::SYNTHESIZED::c:@E@NSFileProviderDeleteItemOptions	implemented	test:full/fileprovider/tests/agent/FileProviderOptionSetTests.swift#testDeleteItemOptionsAlgebra	Focused Linux host assertion; not Apple File Provider daemon behavior.
s:s10SetAlgebraPsE8isSubset2ofSbx_tF::SYNTHESIZED::c:@E@NSFileProviderDomainTestingModes	implemented	test:full/fileprovider/tests/agent/FileProviderOptionSetTests.swift#testDomainTestingModesAlgebra	Focused Linux host assertion; not Apple File Provider daemon behavior.
s:s10SetAlgebraPsE8isSubset2ofSbx_tF::SYNTHESIZED::c:@E@NSFileProviderFileSystemFlags	implemented	test:full/fileprovider/tests/agent/FileProviderOptionSetTests.swift#testFileSystemFlagsAlgebra	Focused Linux host assertion; not Apple File Provider daemon behavior.
s:s10SetAlgebraPsE8isSubset2ofSbx_tF::SYNTHESIZED::c:@E@NSFileProviderItemCapabilities	implemented	test:full/fileprovider/tests/agent/FileProviderOptionSetTests.swift#testItemCapabilitiesAlgebra	Focused Linux host assertion; not Apple File Provider daemon behavior.
s:s10SetAlgebraPsE8isSubset2ofSbx_tF::SYNTHESIZED::c:@E@NSFileProviderItemFields	implemented	test:full/fileprovider/tests/agent/FileProviderOptionSetTests.swift#testItemFieldsAlgebra	Focused Linux host assertion; not Apple File Provider daemon behavior.
s:s10SetAlgebraPsE8isSubset2ofSbx_tF::SYNTHESIZED::c:@E@NSFileProviderModifyItemOptions	implemented	test:full/fileprovider/tests/agent/FileProviderOptionSetTests.swift#testModifyItemOptionsAlgebra	Focused Linux host assertion; not Apple File Provider daemon behavior.
s:s10SetAlgebraPsE8subtractyyxF::SYNTHESIZED::c:@E@NSFileProviderCreateItemOptions	implemented	test:full/fileprovider/tests/agent/FileProviderOptionSetTests.swift#testCreateItemOptionsAlgebra	Focused Linux host assertion; not Apple File Provider daemon behavior.
s:s10SetAlgebraPsE8subtractyyxF::SYNTHESIZED::c:@E@NSFileProviderDeleteItemOptions	implemented	test:full/fileprovider/tests/agent/FileProviderOptionSetTests.swift#testDeleteItemOptionsAlgebra	Focused Linux host assertion; not Apple File Provider daemon behavior.
s:s10SetAlgebraPsE8subtractyyxF::SYNTHESIZED::c:@E@NSFileProviderDomainTestingModes	implemented	test:full/fileprovider/tests/agent/FileProviderOptionSetTests.swift#testDomainTestingModesAlgebra	Focused Linux host assertion; not Apple File Provider daemon behavior.
s:s10SetAlgebraPsE8subtractyyxF::SYNTHESIZED::c:@E@NSFileProviderFileSystemFlags	implemented	test:full/fileprovider/tests/agent/FileProviderOptionSetTests.swift#testFileSystemFlagsAlgebra	Focused Linux host assertion; not Apple File Provider daemon behavior.
s:s10SetAlgebraPsE8subtractyyxF::SYNTHESIZED::c:@E@NSFileProviderItemCapabilities	implemented	test:full/fileprovider/tests/agent/FileProviderOptionSetTests.swift#testItemCapabilitiesAlgebra	Focused Linux host assertion; not Apple File Provider daemon behavior.
s:s10SetAlgebraPsE8subtractyyxF::SYNTHESIZED::c:@E@NSFileProviderItemFields	implemented	test:full/fileprovider/tests/agent/FileProviderOptionSetTests.swift#testItemFieldsAlgebra	Focused Linux host assertion; not Apple File Provider daemon behavior.
s:s10SetAlgebraPsE8subtractyyxF::SYNTHESIZED::c:@E@NSFileProviderModifyItemOptions	implemented	test:full/fileprovider/tests/agent/FileProviderOptionSetTests.swift#testModifyItemOptionsAlgebra	Focused Linux host assertion; not Apple File Provider daemon behavior.
s:s10SetAlgebraPsEyxqd__ncSTRd__7ElementQyd__ACRtzlufc::SYNTHESIZED::c:@E@NSFileProviderCreateItemOptions	implemented	test:full/fileprovider/tests/agent/FileProviderOptionSetTests.swift#testCreateItemOptionsAlgebra	Focused Linux host assertion; not Apple File Provider daemon behavior.
s:s10SetAlgebraPsEyxqd__ncSTRd__7ElementQyd__ACRtzlufc::SYNTHESIZED::c:@E@NSFileProviderDeleteItemOptions	implemented	test:full/fileprovider/tests/agent/FileProviderOptionSetTests.swift#testDeleteItemOptionsAlgebra	Focused Linux host assertion; not Apple File Provider daemon behavior.
s:s10SetAlgebraPsEyxqd__ncSTRd__7ElementQyd__ACRtzlufc::SYNTHESIZED::c:@E@NSFileProviderDomainTestingModes	implemented	test:full/fileprovider/tests/agent/FileProviderOptionSetTests.swift#testDomainTestingModesAlgebra	Focused Linux host assertion; not Apple File Provider daemon behavior.
s:s10SetAlgebraPsEyxqd__ncSTRd__7ElementQyd__ACRtzlufc::SYNTHESIZED::c:@E@NSFileProviderFileSystemFlags	implemented	test:full/fileprovider/tests/agent/FileProviderOptionSetTests.swift#testFileSystemFlagsAlgebra	Focused Linux host assertion; not Apple File Provider daemon behavior.
s:s10SetAlgebraPsEyxqd__ncSTRd__7ElementQyd__ACRtzlufc::SYNTHESIZED::c:@E@NSFileProviderItemCapabilities	implemented	test:full/fileprovider/tests/agent/FileProviderOptionSetTests.swift#testItemCapabilitiesAlgebra	Focused Linux host assertion; not Apple File Provider daemon behavior.
s:s10SetAlgebraPsEyxqd__ncSTRd__7ElementQyd__ACRtzlufc::SYNTHESIZED::c:@E@NSFileProviderItemFields	implemented	test:full/fileprovider/tests/agent/FileProviderOptionSetTests.swift#testItemFieldsAlgebra	Focused Linux host assertion; not Apple File Provider daemon behavior.
s:s10SetAlgebraPsEyxqd__ncSTRd__7ElementQyd__ACRtzlufc::SYNTHESIZED::c:@E@NSFileProviderModifyItemOptions	implemented	test:full/fileprovider/tests/agent/FileProviderOptionSetTests.swift#testModifyItemOptionsAlgebra	Focused Linux host assertion; not Apple File Provider daemon behavior.
s:s20_SwiftNewtypeWrapperPsSHRzSH8RawValueSYRpzrlE04hashE0Sivp::SYNTHESIZED::c:@T@NSFileProviderDomainIdentifier	implemented	test:full/fileprovider/tests/agent/FileProviderValueTests.swift#testHashableInequality	Focused Linux host assertion; not Apple File Provider daemon behavior.
s:s20_SwiftNewtypeWrapperPsSHRzSH8RawValueSYRpzrlE04hashE0Sivp::SYNTHESIZED::c:@T@NSFileProviderExtensionActionIdentifier	implemented	test:full/fileprovider/tests/agent/FileProviderValueTests.swift#testHashableInequality	Focused Linux host assertion; not Apple File Provider daemon behavior.
s:s20_SwiftNewtypeWrapperPsSHRzSH8RawValueSYRpzrlE04hashE0Sivp::SYNTHESIZED::c:@T@NSFileProviderItemDecorationIdentifier	implemented	test:full/fileprovider/tests/agent/FileProviderValueTests.swift#testHashableInequality	Focused Linux host assertion; not Apple File Provider daemon behavior.
s:s20_SwiftNewtypeWrapperPsSHRzSH8RawValueSYRpzrlE04hashE0Sivp::SYNTHESIZED::c:@T@NSFileProviderItemIdentifier	implemented	test:full/fileprovider/tests/agent/FileProviderValueTests.swift#testHashableInequality	Focused Linux host assertion; not Apple File Provider daemon behavior.
s:s20_SwiftNewtypeWrapperPsSHRzSH8RawValueSYRpzrlE04hashE0Sivp::SYNTHESIZED::c:@T@NSFileProviderPage	implemented	test:full/fileprovider/tests/agent/FileProviderValueTests.swift#testHashableInequality	Focused Linux host assertion; not Apple File Provider daemon behavior.
s:s20_SwiftNewtypeWrapperPsSHRzSH8RawValueSYRpzrlE04hashE0Sivp::SYNTHESIZED::c:@T@NSFileProviderSyncAnchor	implemented	test:full/fileprovider/tests/agent/FileProviderValueTests.swift#testHashableInequality	Focused Linux host assertion; not Apple File Provider daemon behavior.
s:s20_SwiftNewtypeWrapperPsSHRzSH8RawValueSYRpzrlE04hashE0Sivp::SYNTHESIZED::c:@T@NSFileProviderUserInfoKey	implemented	test:full/fileprovider/tests/agent/FileProviderValueTests.swift#testHashableInequality	Focused Linux host assertion; not Apple File Provider daemon behavior.
s:s20_SwiftNewtypeWrapperPsSHRzSH8RawValueSYRpzrlE4hash4intoys6HasherVz_tF::SYNTHESIZED::c:@T@NSFileProviderDomainIdentifier	implemented	test:full/fileprovider/tests/agent/FileProviderValueTests.swift#testHashableInequality	Focused Linux host assertion; not Apple File Provider daemon behavior.
s:s20_SwiftNewtypeWrapperPsSHRzSH8RawValueSYRpzrlE4hash4intoys6HasherVz_tF::SYNTHESIZED::c:@T@NSFileProviderExtensionActionIdentifier	implemented	test:full/fileprovider/tests/agent/FileProviderValueTests.swift#testHashableInequality	Focused Linux host assertion; not Apple File Provider daemon behavior.
s:s20_SwiftNewtypeWrapperPsSHRzSH8RawValueSYRpzrlE4hash4intoys6HasherVz_tF::SYNTHESIZED::c:@T@NSFileProviderItemDecorationIdentifier	implemented	test:full/fileprovider/tests/agent/FileProviderValueTests.swift#testHashableInequality	Focused Linux host assertion; not Apple File Provider daemon behavior.
s:s20_SwiftNewtypeWrapperPsSHRzSH8RawValueSYRpzrlE4hash4intoys6HasherVz_tF::SYNTHESIZED::c:@T@NSFileProviderItemIdentifier	implemented	test:full/fileprovider/tests/agent/FileProviderValueTests.swift#testHashableInequality	Focused Linux host assertion; not Apple File Provider daemon behavior.
s:s20_SwiftNewtypeWrapperPsSHRzSH8RawValueSYRpzrlE4hash4intoys6HasherVz_tF::SYNTHESIZED::c:@T@NSFileProviderPage	implemented	test:full/fileprovider/tests/agent/FileProviderValueTests.swift#testHashableInequality	Focused Linux host assertion; not Apple File Provider daemon behavior.
s:s20_SwiftNewtypeWrapperPsSHRzSH8RawValueSYRpzrlE4hash4intoys6HasherVz_tF::SYNTHESIZED::c:@T@NSFileProviderSyncAnchor	implemented	test:full/fileprovider/tests/agent/FileProviderValueTests.swift#testHashableInequality	Focused Linux host assertion; not Apple File Provider daemon behavior.
s:s20_SwiftNewtypeWrapperPsSHRzSH8RawValueSYRpzrlE4hash4intoys6HasherVz_tF::SYNTHESIZED::c:@T@NSFileProviderUserInfoKey	implemented	test:full/fileprovider/tests/agent/FileProviderValueTests.swift#testHashableInequality	Focused Linux host assertion; not Apple File Provider daemon behavior.
s:s5ErrorP10FoundationE20localizedDescriptionSSvp::SYNTHESIZED::c:@E@NSFileProviderErrorCode	implemented	test:full/fileprovider/tests/agent/FileProviderErrorTests.swift#testErrorBridgingAndFactories	Focused Linux host assertion; not Apple File Provider daemon behavior.
s:s9OptionSetPs7ElementQzRszrlE6insertySb8inserted_x17memberAfterInserttxF::SYNTHESIZED::c:@E@NSFileProviderCreateItemOptions	implemented	test:full/fileprovider/tests/agent/FileProviderOptionSetTests.swift#testCreateItemOptionsAlgebra	Focused Linux host assertion; not Apple File Provider daemon behavior.
s:s9OptionSetPs7ElementQzRszrlE6insertySb8inserted_x17memberAfterInserttxF::SYNTHESIZED::c:@E@NSFileProviderDeleteItemOptions	implemented	test:full/fileprovider/tests/agent/FileProviderOptionSetTests.swift#testDeleteItemOptionsAlgebra	Focused Linux host assertion; not Apple File Provider daemon behavior.
s:s9OptionSetPs7ElementQzRszrlE6insertySb8inserted_x17memberAfterInserttxF::SYNTHESIZED::c:@E@NSFileProviderDomainTestingModes	implemented	test:full/fileprovider/tests/agent/FileProviderOptionSetTests.swift#testDomainTestingModesAlgebra	Focused Linux host assertion; not Apple File Provider daemon behavior.
s:s9OptionSetPs7ElementQzRszrlE6insertySb8inserted_x17memberAfterInserttxF::SYNTHESIZED::c:@E@NSFileProviderFileSystemFlags	implemented	test:full/fileprovider/tests/agent/FileProviderOptionSetTests.swift#testFileSystemFlagsAlgebra	Focused Linux host assertion; not Apple File Provider daemon behavior.
s:s9OptionSetPs7ElementQzRszrlE6insertySb8inserted_x17memberAfterInserttxF::SYNTHESIZED::c:@E@NSFileProviderItemCapabilities	implemented	test:full/fileprovider/tests/agent/FileProviderOptionSetTests.swift#testItemCapabilitiesAlgebra	Focused Linux host assertion; not Apple File Provider daemon behavior.
s:s9OptionSetPs7ElementQzRszrlE6insertySb8inserted_x17memberAfterInserttxF::SYNTHESIZED::c:@E@NSFileProviderItemFields	implemented	test:full/fileprovider/tests/agent/FileProviderOptionSetTests.swift#testItemFieldsAlgebra	Focused Linux host assertion; not Apple File Provider daemon behavior.
s:s9OptionSetPs7ElementQzRszrlE6insertySb8inserted_x17memberAfterInserttxF::SYNTHESIZED::c:@E@NSFileProviderModifyItemOptions	implemented	test:full/fileprovider/tests/agent/FileProviderOptionSetTests.swift#testModifyItemOptionsAlgebra	Focused Linux host assertion; not Apple File Provider daemon behavior.
s:s9OptionSetPs7ElementQzRszrlE6removeyxSgxF::SYNTHESIZED::c:@E@NSFileProviderCreateItemOptions	implemented	test:full/fileprovider/tests/agent/FileProviderOptionSetTests.swift#testCreateItemOptionsAlgebra	Focused Linux host assertion; not Apple File Provider daemon behavior.
s:s9OptionSetPs7ElementQzRszrlE6removeyxSgxF::SYNTHESIZED::c:@E@NSFileProviderDeleteItemOptions	implemented	test:full/fileprovider/tests/agent/FileProviderOptionSetTests.swift#testDeleteItemOptionsAlgebra	Focused Linux host assertion; not Apple File Provider daemon behavior.
s:s9OptionSetPs7ElementQzRszrlE6removeyxSgxF::SYNTHESIZED::c:@E@NSFileProviderDomainTestingModes	implemented	test:full/fileprovider/tests/agent/FileProviderOptionSetTests.swift#testDomainTestingModesAlgebra	Focused Linux host assertion; not Apple File Provider daemon behavior.
s:s9OptionSetPs7ElementQzRszrlE6removeyxSgxF::SYNTHESIZED::c:@E@NSFileProviderFileSystemFlags	implemented	test:full/fileprovider/tests/agent/FileProviderOptionSetTests.swift#testFileSystemFlagsAlgebra	Focused Linux host assertion; not Apple File Provider daemon behavior.
s:s9OptionSetPs7ElementQzRszrlE6removeyxSgxF::SYNTHESIZED::c:@E@NSFileProviderItemCapabilities	implemented	test:full/fileprovider/tests/agent/FileProviderOptionSetTests.swift#testItemCapabilitiesAlgebra	Focused Linux host assertion; not Apple File Provider daemon behavior.
s:s9OptionSetPs7ElementQzRszrlE6removeyxSgxF::SYNTHESIZED::c:@E@NSFileProviderItemFields	implemented	test:full/fileprovider/tests/agent/FileProviderOptionSetTests.swift#testItemFieldsAlgebra	Focused Linux host assertion; not Apple File Provider daemon behavior.
s:s9OptionSetPs7ElementQzRszrlE6removeyxSgxF::SYNTHESIZED::c:@E@NSFileProviderModifyItemOptions	implemented	test:full/fileprovider/tests/agent/FileProviderOptionSetTests.swift#testModifyItemOptionsAlgebra	Focused Linux host assertion; not Apple File Provider daemon behavior.
s:s9OptionSetPs7ElementQzRszrlE6update4withxSgx_tF::SYNTHESIZED::c:@E@NSFileProviderCreateItemOptions	implemented	test:full/fileprovider/tests/agent/FileProviderOptionSetTests.swift#testCreateItemOptionsAlgebra	Focused Linux host assertion; not Apple File Provider daemon behavior.
s:s9OptionSetPs7ElementQzRszrlE6update4withxSgx_tF::SYNTHESIZED::c:@E@NSFileProviderDeleteItemOptions	implemented	test:full/fileprovider/tests/agent/FileProviderOptionSetTests.swift#testDeleteItemOptionsAlgebra	Focused Linux host assertion; not Apple File Provider daemon behavior.
s:s9OptionSetPs7ElementQzRszrlE6update4withxSgx_tF::SYNTHESIZED::c:@E@NSFileProviderDomainTestingModes	implemented	test:full/fileprovider/tests/agent/FileProviderOptionSetTests.swift#testDomainTestingModesAlgebra	Focused Linux host assertion; not Apple File Provider daemon behavior.
s:s9OptionSetPs7ElementQzRszrlE6update4withxSgx_tF::SYNTHESIZED::c:@E@NSFileProviderFileSystemFlags	implemented	test:full/fileprovider/tests/agent/FileProviderOptionSetTests.swift#testFileSystemFlagsAlgebra	Focused Linux host assertion; not Apple File Provider daemon behavior.
s:s9OptionSetPs7ElementQzRszrlE6update4withxSgx_tF::SYNTHESIZED::c:@E@NSFileProviderItemCapabilities	implemented	test:full/fileprovider/tests/agent/FileProviderOptionSetTests.swift#testItemCapabilitiesAlgebra	Focused Linux host assertion; not Apple File Provider daemon behavior.
s:s9OptionSetPs7ElementQzRszrlE6update4withxSgx_tF::SYNTHESIZED::c:@E@NSFileProviderItemFields	implemented	test:full/fileprovider/tests/agent/FileProviderOptionSetTests.swift#testItemFieldsAlgebra	Focused Linux host assertion; not Apple File Provider daemon behavior.
s:s9OptionSetPs7ElementQzRszrlE6update4withxSgx_tF::SYNTHESIZED::c:@E@NSFileProviderModifyItemOptions	implemented	test:full/fileprovider/tests/agent/FileProviderOptionSetTests.swift#testModifyItemOptionsAlgebra	Focused Linux host assertion; not Apple File Provider daemon behavior.
s:s9OptionSetPs7ElementQzRszrlE8containsySbxF::SYNTHESIZED::c:@E@NSFileProviderCreateItemOptions	implemented	test:full/fileprovider/tests/agent/FileProviderOptionSetTests.swift#testCreateItemOptionsAlgebra	Focused Linux host assertion; not Apple File Provider daemon behavior.
s:s9OptionSetPs7ElementQzRszrlE8containsySbxF::SYNTHESIZED::c:@E@NSFileProviderDeleteItemOptions	implemented	test:full/fileprovider/tests/agent/FileProviderOptionSetTests.swift#testDeleteItemOptionsAlgebra	Focused Linux host assertion; not Apple File Provider daemon behavior.
s:s9OptionSetPs7ElementQzRszrlE8containsySbxF::SYNTHESIZED::c:@E@NSFileProviderDomainTestingModes	implemented	test:full/fileprovider/tests/agent/FileProviderOptionSetTests.swift#testDomainTestingModesAlgebra	Focused Linux host assertion; not Apple File Provider daemon behavior.
s:s9OptionSetPs7ElementQzRszrlE8containsySbxF::SYNTHESIZED::c:@E@NSFileProviderFileSystemFlags	implemented	test:full/fileprovider/tests/agent/FileProviderOptionSetTests.swift#testFileSystemFlagsAlgebra	Focused Linux host assertion; not Apple File Provider daemon behavior.
s:s9OptionSetPs7ElementQzRszrlE8containsySbxF::SYNTHESIZED::c:@E@NSFileProviderItemCapabilities	implemented	test:full/fileprovider/tests/agent/FileProviderOptionSetTests.swift#testItemCapabilitiesAlgebra	Focused Linux host assertion; not Apple File Provider daemon behavior.
s:s9OptionSetPs7ElementQzRszrlE8containsySbxF::SYNTHESIZED::c:@E@NSFileProviderItemFields	implemented	test:full/fileprovider/tests/agent/FileProviderOptionSetTests.swift#testItemFieldsAlgebra	Focused Linux host assertion; not Apple File Provider daemon behavior.
s:s9OptionSetPs7ElementQzRszrlE8containsySbxF::SYNTHESIZED::c:@E@NSFileProviderModifyItemOptions	implemented	test:full/fileprovider/tests/agent/FileProviderOptionSetTests.swift#testModifyItemOptionsAlgebra	Focused Linux host assertion; not Apple File Provider daemon behavior.
s:s9OptionSetPsE12intersectionyxxF::SYNTHESIZED::c:@E@NSFileProviderCreateItemOptions	implemented	test:full/fileprovider/tests/agent/FileProviderOptionSetTests.swift#testCreateItemOptionsAlgebra	Focused Linux host assertion; not Apple File Provider daemon behavior.
s:s9OptionSetPsE12intersectionyxxF::SYNTHESIZED::c:@E@NSFileProviderDeleteItemOptions	implemented	test:full/fileprovider/tests/agent/FileProviderOptionSetTests.swift#testDeleteItemOptionsAlgebra	Focused Linux host assertion; not Apple File Provider daemon behavior.
s:s9OptionSetPsE12intersectionyxxF::SYNTHESIZED::c:@E@NSFileProviderDomainTestingModes	implemented	test:full/fileprovider/tests/agent/FileProviderOptionSetTests.swift#testDomainTestingModesAlgebra	Focused Linux host assertion; not Apple File Provider daemon behavior.
s:s9OptionSetPsE12intersectionyxxF::SYNTHESIZED::c:@E@NSFileProviderFileSystemFlags	implemented	test:full/fileprovider/tests/agent/FileProviderOptionSetTests.swift#testFileSystemFlagsAlgebra	Focused Linux host assertion; not Apple File Provider daemon behavior.
s:s9OptionSetPsE12intersectionyxxF::SYNTHESIZED::c:@E@NSFileProviderItemCapabilities	implemented	test:full/fileprovider/tests/agent/FileProviderOptionSetTests.swift#testItemCapabilitiesAlgebra	Focused Linux host assertion; not Apple File Provider daemon behavior.
s:s9OptionSetPsE12intersectionyxxF::SYNTHESIZED::c:@E@NSFileProviderItemFields	implemented	test:full/fileprovider/tests/agent/FileProviderOptionSetTests.swift#testItemFieldsAlgebra	Focused Linux host assertion; not Apple File Provider daemon behavior.
s:s9OptionSetPsE12intersectionyxxF::SYNTHESIZED::c:@E@NSFileProviderModifyItemOptions	implemented	test:full/fileprovider/tests/agent/FileProviderOptionSetTests.swift#testModifyItemOptionsAlgebra	Focused Linux host assertion; not Apple File Provider daemon behavior.
s:s9OptionSetPsE19symmetricDifferenceyxxF::SYNTHESIZED::c:@E@NSFileProviderCreateItemOptions	implemented	test:full/fileprovider/tests/agent/FileProviderOptionSetTests.swift#testCreateItemOptionsAlgebra	Focused Linux host assertion; not Apple File Provider daemon behavior.
s:s9OptionSetPsE19symmetricDifferenceyxxF::SYNTHESIZED::c:@E@NSFileProviderDeleteItemOptions	implemented	test:full/fileprovider/tests/agent/FileProviderOptionSetTests.swift#testDeleteItemOptionsAlgebra	Focused Linux host assertion; not Apple File Provider daemon behavior.
s:s9OptionSetPsE19symmetricDifferenceyxxF::SYNTHESIZED::c:@E@NSFileProviderDomainTestingModes	implemented	test:full/fileprovider/tests/agent/FileProviderOptionSetTests.swift#testDomainTestingModesAlgebra	Focused Linux host assertion; not Apple File Provider daemon behavior.
s:s9OptionSetPsE19symmetricDifferenceyxxF::SYNTHESIZED::c:@E@NSFileProviderFileSystemFlags	implemented	test:full/fileprovider/tests/agent/FileProviderOptionSetTests.swift#testFileSystemFlagsAlgebra	Focused Linux host assertion; not Apple File Provider daemon behavior.
s:s9OptionSetPsE19symmetricDifferenceyxxF::SYNTHESIZED::c:@E@NSFileProviderItemCapabilities	implemented	test:full/fileprovider/tests/agent/FileProviderOptionSetTests.swift#testItemCapabilitiesAlgebra	Focused Linux host assertion; not Apple File Provider daemon behavior.
s:s9OptionSetPsE19symmetricDifferenceyxxF::SYNTHESIZED::c:@E@NSFileProviderItemFields	implemented	test:full/fileprovider/tests/agent/FileProviderOptionSetTests.swift#testItemFieldsAlgebra	Focused Linux host assertion; not Apple File Provider daemon behavior.
s:s9OptionSetPsE19symmetricDifferenceyxxF::SYNTHESIZED::c:@E@NSFileProviderModifyItemOptions	implemented	test:full/fileprovider/tests/agent/FileProviderOptionSetTests.swift#testModifyItemOptionsAlgebra	Focused Linux host assertion; not Apple File Provider daemon behavior.
s:s9OptionSetPsE5unionyxxF::SYNTHESIZED::c:@E@NSFileProviderCreateItemOptions	implemented	test:full/fileprovider/tests/agent/FileProviderOptionSetTests.swift#testCreateItemOptionsAlgebra	Focused Linux host assertion; not Apple File Provider daemon behavior.
s:s9OptionSetPsE5unionyxxF::SYNTHESIZED::c:@E@NSFileProviderDeleteItemOptions	implemented	test:full/fileprovider/tests/agent/FileProviderOptionSetTests.swift#testDeleteItemOptionsAlgebra	Focused Linux host assertion; not Apple File Provider daemon behavior.
s:s9OptionSetPsE5unionyxxF::SYNTHESIZED::c:@E@NSFileProviderDomainTestingModes	implemented	test:full/fileprovider/tests/agent/FileProviderOptionSetTests.swift#testDomainTestingModesAlgebra	Focused Linux host assertion; not Apple File Provider daemon behavior.
s:s9OptionSetPsE5unionyxxF::SYNTHESIZED::c:@E@NSFileProviderFileSystemFlags	implemented	test:full/fileprovider/tests/agent/FileProviderOptionSetTests.swift#testFileSystemFlagsAlgebra	Focused Linux host assertion; not Apple File Provider daemon behavior.
s:s9OptionSetPsE5unionyxxF::SYNTHESIZED::c:@E@NSFileProviderItemCapabilities	implemented	test:full/fileprovider/tests/agent/FileProviderOptionSetTests.swift#testItemCapabilitiesAlgebra	Focused Linux host assertion; not Apple File Provider daemon behavior.
s:s9OptionSetPsE5unionyxxF::SYNTHESIZED::c:@E@NSFileProviderItemFields	implemented	test:full/fileprovider/tests/agent/FileProviderOptionSetTests.swift#testItemFieldsAlgebra	Focused Linux host assertion; not Apple File Provider daemon behavior.
s:s9OptionSetPsE5unionyxxF::SYNTHESIZED::c:@E@NSFileProviderModifyItemOptions	implemented	test:full/fileprovider/tests/agent/FileProviderOptionSetTests.swift#testModifyItemOptionsAlgebra	Focused Linux host assertion; not Apple File Provider daemon behavior.
s:s9OptionSetPss17FixedWidthInteger8RawValueRpzrlE16formIntersectionyyxF::SYNTHESIZED::c:@E@NSFileProviderCreateItemOptions	implemented	test:full/fileprovider/tests/agent/FileProviderOptionSetTests.swift#testCreateItemOptionsAlgebra	Focused Linux host assertion; not Apple File Provider daemon behavior.
s:s9OptionSetPss17FixedWidthInteger8RawValueRpzrlE16formIntersectionyyxF::SYNTHESIZED::c:@E@NSFileProviderDeleteItemOptions	implemented	test:full/fileprovider/tests/agent/FileProviderOptionSetTests.swift#testDeleteItemOptionsAlgebra	Focused Linux host assertion; not Apple File Provider daemon behavior.
s:s9OptionSetPss17FixedWidthInteger8RawValueRpzrlE16formIntersectionyyxF::SYNTHESIZED::c:@E@NSFileProviderDomainTestingModes	implemented	test:full/fileprovider/tests/agent/FileProviderOptionSetTests.swift#testDomainTestingModesAlgebra	Focused Linux host assertion; not Apple File Provider daemon behavior.
s:s9OptionSetPss17FixedWidthInteger8RawValueRpzrlE16formIntersectionyyxF::SYNTHESIZED::c:@E@NSFileProviderFileSystemFlags	implemented	test:full/fileprovider/tests/agent/FileProviderOptionSetTests.swift#testFileSystemFlagsAlgebra	Focused Linux host assertion; not Apple File Provider daemon behavior.
s:s9OptionSetPss17FixedWidthInteger8RawValueRpzrlE16formIntersectionyyxF::SYNTHESIZED::c:@E@NSFileProviderItemCapabilities	implemented	test:full/fileprovider/tests/agent/FileProviderOptionSetTests.swift#testItemCapabilitiesAlgebra	Focused Linux host assertion; not Apple File Provider daemon behavior.
s:s9OptionSetPss17FixedWidthInteger8RawValueRpzrlE16formIntersectionyyxF::SYNTHESIZED::c:@E@NSFileProviderItemFields	implemented	test:full/fileprovider/tests/agent/FileProviderOptionSetTests.swift#testItemFieldsAlgebra	Focused Linux host assertion; not Apple File Provider daemon behavior.
s:s9OptionSetPss17FixedWidthInteger8RawValueRpzrlE16formIntersectionyyxF::SYNTHESIZED::c:@E@NSFileProviderModifyItemOptions	implemented	test:full/fileprovider/tests/agent/FileProviderOptionSetTests.swift#testModifyItemOptionsAlgebra	Focused Linux host assertion; not Apple File Provider daemon behavior.
s:s9OptionSetPss17FixedWidthInteger8RawValueRpzrlE23formSymmetricDifferenceyyxF::SYNTHESIZED::c:@E@NSFileProviderCreateItemOptions	implemented	test:full/fileprovider/tests/agent/FileProviderOptionSetTests.swift#testCreateItemOptionsAlgebra	Focused Linux host assertion; not Apple File Provider daemon behavior.
s:s9OptionSetPss17FixedWidthInteger8RawValueRpzrlE23formSymmetricDifferenceyyxF::SYNTHESIZED::c:@E@NSFileProviderDeleteItemOptions	implemented	test:full/fileprovider/tests/agent/FileProviderOptionSetTests.swift#testDeleteItemOptionsAlgebra	Focused Linux host assertion; not Apple File Provider daemon behavior.
s:s9OptionSetPss17FixedWidthInteger8RawValueRpzrlE23formSymmetricDifferenceyyxF::SYNTHESIZED::c:@E@NSFileProviderDomainTestingModes	implemented	test:full/fileprovider/tests/agent/FileProviderOptionSetTests.swift#testDomainTestingModesAlgebra	Focused Linux host assertion; not Apple File Provider daemon behavior.
s:s9OptionSetPss17FixedWidthInteger8RawValueRpzrlE23formSymmetricDifferenceyyxF::SYNTHESIZED::c:@E@NSFileProviderFileSystemFlags	implemented	test:full/fileprovider/tests/agent/FileProviderOptionSetTests.swift#testFileSystemFlagsAlgebra	Focused Linux host assertion; not Apple File Provider daemon behavior.
s:s9OptionSetPss17FixedWidthInteger8RawValueRpzrlE23formSymmetricDifferenceyyxF::SYNTHESIZED::c:@E@NSFileProviderItemCapabilities	implemented	test:full/fileprovider/tests/agent/FileProviderOptionSetTests.swift#testItemCapabilitiesAlgebra	Focused Linux host assertion; not Apple File Provider daemon behavior.
s:s9OptionSetPss17FixedWidthInteger8RawValueRpzrlE23formSymmetricDifferenceyyxF::SYNTHESIZED::c:@E@NSFileProviderItemFields	implemented	test:full/fileprovider/tests/agent/FileProviderOptionSetTests.swift#testItemFieldsAlgebra	Focused Linux host assertion; not Apple File Provider daemon behavior.
s:s9OptionSetPss17FixedWidthInteger8RawValueRpzrlE23formSymmetricDifferenceyyxF::SYNTHESIZED::c:@E@NSFileProviderModifyItemOptions	implemented	test:full/fileprovider/tests/agent/FileProviderOptionSetTests.swift#testModifyItemOptionsAlgebra	Focused Linux host assertion; not Apple File Provider daemon behavior.
s:s9OptionSetPss17FixedWidthInteger8RawValueRpzrlE9formUnionyyxF::SYNTHESIZED::c:@E@NSFileProviderCreateItemOptions	implemented	test:full/fileprovider/tests/agent/FileProviderOptionSetTests.swift#testCreateItemOptionsAlgebra	Focused Linux host assertion; not Apple File Provider daemon behavior.
s:s9OptionSetPss17FixedWidthInteger8RawValueRpzrlE9formUnionyyxF::SYNTHESIZED::c:@E@NSFileProviderDeleteItemOptions	implemented	test:full/fileprovider/tests/agent/FileProviderOptionSetTests.swift#testDeleteItemOptionsAlgebra	Focused Linux host assertion; not Apple File Provider daemon behavior.
s:s9OptionSetPss17FixedWidthInteger8RawValueRpzrlE9formUnionyyxF::SYNTHESIZED::c:@E@NSFileProviderDomainTestingModes	implemented	test:full/fileprovider/tests/agent/FileProviderOptionSetTests.swift#testDomainTestingModesAlgebra	Focused Linux host assertion; not Apple File Provider daemon behavior.
s:s9OptionSetPss17FixedWidthInteger8RawValueRpzrlE9formUnionyyxF::SYNTHESIZED::c:@E@NSFileProviderFileSystemFlags	implemented	test:full/fileprovider/tests/agent/FileProviderOptionSetTests.swift#testFileSystemFlagsAlgebra	Focused Linux host assertion; not Apple File Provider daemon behavior.
s:s9OptionSetPss17FixedWidthInteger8RawValueRpzrlE9formUnionyyxF::SYNTHESIZED::c:@E@NSFileProviderItemCapabilities	implemented	test:full/fileprovider/tests/agent/FileProviderOptionSetTests.swift#testItemCapabilitiesAlgebra	Focused Linux host assertion; not Apple File Provider daemon behavior.
s:s9OptionSetPss17FixedWidthInteger8RawValueRpzrlE9formUnionyyxF::SYNTHESIZED::c:@E@NSFileProviderItemFields	implemented	test:full/fileprovider/tests/agent/FileProviderOptionSetTests.swift#testItemFieldsAlgebra	Focused Linux host assertion; not Apple File Provider daemon behavior.
s:s9OptionSetPss17FixedWidthInteger8RawValueRpzrlE9formUnionyyxF::SYNTHESIZED::c:@E@NSFileProviderModifyItemOptions	implemented	test:full/fileprovider/tests/agent/FileProviderOptionSetTests.swift#testModifyItemOptionsAlgebra	Focused Linux host assertion; not Apple File Provider daemon behavior.
s:s9OptionSetPss17FixedWidthInteger8RawValueRpzrlExycfc::SYNTHESIZED::c:@E@NSFileProviderCreateItemOptions	implemented	test:full/fileprovider/tests/agent/FileProviderOptionSetTests.swift#testCreateItemOptionsAlgebra	Focused Linux host assertion; not Apple File Provider daemon behavior.
s:s9OptionSetPss17FixedWidthInteger8RawValueRpzrlExycfc::SYNTHESIZED::c:@E@NSFileProviderDeleteItemOptions	implemented	test:full/fileprovider/tests/agent/FileProviderOptionSetTests.swift#testDeleteItemOptionsAlgebra	Focused Linux host assertion; not Apple File Provider daemon behavior.
s:s9OptionSetPss17FixedWidthInteger8RawValueRpzrlExycfc::SYNTHESIZED::c:@E@NSFileProviderDomainTestingModes	implemented	test:full/fileprovider/tests/agent/FileProviderOptionSetTests.swift#testDomainTestingModesAlgebra	Focused Linux host assertion; not Apple File Provider daemon behavior.
s:s9OptionSetPss17FixedWidthInteger8RawValueRpzrlExycfc::SYNTHESIZED::c:@E@NSFileProviderFileSystemFlags	implemented	test:full/fileprovider/tests/agent/FileProviderOptionSetTests.swift#testFileSystemFlagsAlgebra	Focused Linux host assertion; not Apple File Provider daemon behavior.
s:s9OptionSetPss17FixedWidthInteger8RawValueRpzrlExycfc::SYNTHESIZED::c:@E@NSFileProviderItemCapabilities	implemented	test:full/fileprovider/tests/agent/FileProviderOptionSetTests.swift#testItemCapabilitiesAlgebra	Focused Linux host assertion; not Apple File Provider daemon behavior.
s:s9OptionSetPss17FixedWidthInteger8RawValueRpzrlExycfc::SYNTHESIZED::c:@E@NSFileProviderItemFields	implemented	test:full/fileprovider/tests/agent/FileProviderOptionSetTests.swift#testItemFieldsAlgebra	Focused Linux host assertion; not Apple File Provider daemon behavior.
s:s9OptionSetPss17FixedWidthInteger8RawValueRpzrlExycfc::SYNTHESIZED::c:@E@NSFileProviderModifyItemOptions	implemented	test:full/fileprovider/tests/agent/FileProviderOptionSetTests.swift#testModifyItemOptionsAlgebra	Focused Linux host assertion; not Apple File Provider daemon behavior.
