symbol	sourceSDKRelativePath
$ld$previous$/usr/lib/swift/libswiftSpeech.dylib$$2$12.2$16.0$_$sSo17SFAcousticFeatureC6SpeechE08acousticB13ValuePerFrameSaySdGvg$	System/Library/Frameworks/Speech.framework/Speech.tbd
$ld$previous$/usr/lib/swift/libswiftSpeech.dylib$$2$12.2$16.0$_$sSo17SFAcousticFeatureC6SpeechE08acousticB13ValuePerFrameSaySdGvpMV$	System/Library/Frameworks/Speech.framework/Speech.tbd
$ld$previous$/usr/lib/swift/libswiftSpeech.dylib$$2$12.2$16.0$_swift_FORCE_LOAD_$_swiftSpeech$	System/Library/Frameworks/Speech.framework/Speech.tbd
$ld$previous$/usr/lib/swift/libswiftSpeech.dylib$$7$12.2$16.0$_$sSo17SFAcousticFeatureC6SpeechE08acousticB13ValuePerFrameSaySdGvg$	System/Library/Frameworks/Speech.framework/Speech.tbd
$ld$previous$/usr/lib/swift/libswiftSpeech.dylib$$7$12.2$16.0$_$sSo17SFAcousticFeatureC6SpeechE08acousticB13ValuePerFrameSaySdGvpMV$	System/Library/Frameworks/Speech.framework/Speech.tbd
$ld$previous$/usr/lib/swift/libswiftSpeech.dylib$$7$12.2$16.0$_swift_FORCE_LOAD_$_swiftSpeech$	System/Library/Frameworks/Speech.framework/Speech.tbd
$ld$previous$@rpath/libswiftSpeech.dylib$$2$7.0$12.2$_$sSo17SFAcousticFeatureC6SpeechE08acousticB13ValuePerFrameSaySdGvg$	System/Library/Frameworks/Speech.framework/Speech.tbd
$ld$previous$@rpath/libswiftSpeech.dylib$$2$7.0$12.2$_$sSo17SFAcousticFeatureC6SpeechE08acousticB13ValuePerFrameSaySdGvpMV$	System/Library/Frameworks/Speech.framework/Speech.tbd
$ld$previous$@rpath/libswiftSpeech.dylib$$2$7.0$12.2$_swift_FORCE_LOAD_$_swiftSpeech$	System/Library/Frameworks/Speech.framework/Speech.tbd
$ld$previous$@rpath/libswiftSpeech.dylib$$7$7.0$12.2$_$sSo17SFAcousticFeatureC6SpeechE08acousticB13ValuePerFrameSaySdGvg$	System/Library/Frameworks/Speech.framework/Speech.tbd
$ld$previous$@rpath/libswiftSpeech.dylib$$7$7.0$12.2$_$sSo17SFAcousticFeatureC6SpeechE08acousticB13ValuePerFrameSaySdGvpMV$	System/Library/Frameworks/Speech.framework/Speech.tbd
$ld$previous$@rpath/libswiftSpeech.dylib$$7$7.0$12.2$_swift_FORCE_LOAD_$_swiftSpeech$	System/Library/Frameworks/Speech.framework/Speech.tbd
/System/Library/Frameworks/Speech.framework/Speech (for architecture arm64):	System/Library/Frameworks/Speech.framework/Speech.tbd
_$s10Foundation15AttributeScopesO6SpeechE0D10AttributesV010ConfidenceB0V4nameSSvgZ	System/Library/Frameworks/Speech.framework/Speech.tbd
_$s10Foundation15AttributeScopesO6SpeechE0D10AttributesV010ConfidenceB0V4nameSSvpZMV	System/Library/Frameworks/Speech.framework/Speech.tbd
_$s10Foundation15AttributeScopesO6SpeechE0D10AttributesV010ConfidenceB0VAA19AttributedStringKeyADMc	System/Library/Frameworks/Speech.framework/Speech.tbd
_$s10Foundation15AttributeScopesO6SpeechE0D10AttributesV010ConfidenceB0VAA28DecodableAttributedStringKeyADMc	System/Library/Frameworks/Speech.framework/Speech.tbd
_$s10Foundation15AttributeScopesO6SpeechE0D10AttributesV010ConfidenceB0VAA28EncodableAttributedStringKeyADMc	System/Library/Frameworks/Speech.framework/Speech.tbd
_$s10Foundation15AttributeScopesO6SpeechE0D10AttributesV010ConfidenceB0VMa	System/Library/Frameworks/Speech.framework/Speech.tbd
_$s10Foundation15AttributeScopesO6SpeechE0D10AttributesV010ConfidenceB0VMn	System/Library/Frameworks/Speech.framework/Speech.tbd
_$s10Foundation15AttributeScopesO6SpeechE0D10AttributesV010ConfidenceB0VN	System/Library/Frameworks/Speech.framework/Speech.tbd
_$s10Foundation15AttributeScopesO6SpeechE0D10AttributesV09TimeRangeB0V4nameSSvgZ	System/Library/Frameworks/Speech.framework/Speech.tbd
_$s10Foundation15AttributeScopesO6SpeechE0D10AttributesV09TimeRangeB0V4nameSSvpZMV	System/Library/Frameworks/Speech.framework/Speech.tbd
_$s10Foundation15AttributeScopesO6SpeechE0D10AttributesV09TimeRangeB0V6decode4fromSo06CMTimeG0as7Decoder_p_tKFZ	System/Library/Frameworks/Speech.framework/Speech.tbd
_$s10Foundation15AttributeScopesO6SpeechE0D10AttributesV09TimeRangeB0V6encode_2toySo06CMTimeG0a_s7Encoder_ptKFZ	System/Library/Frameworks/Speech.framework/Speech.tbd
_$s10Foundation15AttributeScopesO6SpeechE0D10AttributesV09TimeRangeB0VAA19AttributedStringKeyADMc	System/Library/Frameworks/Speech.framework/Speech.tbd
_$s10Foundation15AttributeScopesO6SpeechE0D10AttributesV09TimeRangeB0VAA28DecodableAttributedStringKeyADMc	System/Library/Frameworks/Speech.framework/Speech.tbd
_$s10Foundation15AttributeScopesO6SpeechE0D10AttributesV09TimeRangeB0VAA28EncodableAttributedStringKeyADMc	System/Library/Frameworks/Speech.framework/Speech.tbd
_$s10Foundation15AttributeScopesO6SpeechE0D10AttributesV09TimeRangeB0VMa	System/Library/Frameworks/Speech.framework/Speech.tbd
_$s10Foundation15AttributeScopesO6SpeechE0D10AttributesV09TimeRangeB0VMn	System/Library/Frameworks/Speech.framework/Speech.tbd
_$s10Foundation15AttributeScopesO6SpeechE0D10AttributesV09TimeRangeB0VN	System/Library/Frameworks/Speech.framework/Speech.tbd
_$s10Foundation15AttributeScopesO6SpeechE0D10AttributesV10confidenceAD010ConfidenceB0Vvg	System/Library/Frameworks/Speech.framework/Speech.tbd
_$s10Foundation15AttributeScopesO6SpeechE0D10AttributesV10confidenceAD010ConfidenceB0VvpMV	System/Library/Frameworks/Speech.framework/Speech.tbd
_$s10Foundation15AttributeScopesO6SpeechE0D10AttributesV14audioTimeRangeAF0ghB0Vvg	System/Library/Frameworks/Speech.framework/Speech.tbd
_$s10Foundation15AttributeScopesO6SpeechE0D10AttributesV14audioTimeRangeAF0ghB0VvpMV	System/Library/Frameworks/Speech.framework/Speech.tbd
_$s10Foundation15AttributeScopesO6SpeechE0D10AttributesV23transcriptionConfidenceAF0gB0Vvg	System/Library/Frameworks/Speech.framework/Speech.tbd
_$s10Foundation15AttributeScopesO6SpeechE0D10AttributesV23transcriptionConfidenceAF0gB0VvpMV	System/Library/Frameworks/Speech.framework/Speech.tbd
_$s10Foundation15AttributeScopesO6SpeechE0D10AttributesV9timeRangeAD04TimegB0Vvg	System/Library/Frameworks/Speech.framework/Speech.tbd
_$s10Foundation15AttributeScopesO6SpeechE0D10AttributesV9timeRangeAD04TimegB0VvpMV	System/Library/Frameworks/Speech.framework/Speech.tbd
_$s10Foundation15AttributeScopesO6SpeechE0D10AttributesVAA0B5ScopeADMc	System/Library/Frameworks/Speech.framework/Speech.tbd
_$s10Foundation15AttributeScopesO6SpeechE0D10AttributesVAA30DecodingConfigurationProvidingADMc	System/Library/Frameworks/Speech.framework/Speech.tbd
_$s10Foundation15AttributeScopesO6SpeechE0D10AttributesVAA30EncodingConfigurationProvidingADMc	System/Library/Frameworks/Speech.framework/Speech.tbd
_$s10Foundation15AttributeScopesO6SpeechE0D10AttributesVMa	System/Library/Frameworks/Speech.framework/Speech.tbd
_$s10Foundation15AttributeScopesO6SpeechE0D10AttributesVMn	System/Library/Frameworks/Speech.framework/Speech.tbd
_$s10Foundation15AttributeScopesO6SpeechE0D10AttributesVN	System/Library/Frameworks/Speech.framework/Speech.tbd
_$s10Foundation16AttributedStringV6SpeechE26rangeOfTimeRangeAttributes12intersectingSnyAC5IndexVGSgSo06CMTimeH0a_tF	System/Library/Frameworks/Speech.framework/Speech.tbd
_$s10Foundation16AttributedStringV6SpeechE31rangeOfAudioTimeRangeAttributes12intersectingSnyAC5IndexVGSgSo06CMTimeI0a_tF	System/Library/Frameworks/Speech.framework/Speech.tbd
_$s10Foundation22AttributeDynamicLookupO6SpeechE13dynamicMemberxs7KeyPathCyAA0B6ScopesOADE0E10AttributesVxG_tcAA016AttributedStringH0Rzluig	System/Library/Frameworks/Speech.framework/Speech.tbd
_$s10Foundation22AttributeDynamicLookupO6SpeechE13dynamicMemberxs7KeyPathCyAA0B6ScopesOADE0E10AttributesVxG_tcAA016AttributedStringH0RzluipMV	System/Library/Frameworks/Speech.framework/Speech.tbd
_$s10Foundation3URLV6SpeechE14filesystemPathSSvg	System/Library/Frameworks/Speech.framework/Speech.tbd
_$s10Foundation3URLV6SpeechE14filesystemPathSSvpMV	System/Library/Frameworks/Speech.framework/Speech.tbd
_$s10Foundation6LocaleV6SpeechE014languageRegionB0ACSgvg	System/Library/Frameworks/Speech.framework/Speech.tbd
_$s10Foundation6LocaleV6SpeechE014languageRegionB0ACSgvpMV	System/Library/Frameworks/Speech.framework/Speech.tbd
_$s10Foundation6LocaleV6SpeechE24languageRegionIdentifierSSvg	System/Library/Frameworks/Speech.framework/Speech.tbd
_$s10Foundation6LocaleV6SpeechE24languageRegionIdentifierSSvpMV	System/Library/Frameworks/Speech.framework/Speech.tbd
_$s10Foundation6LocaleV6SpeechE39languageRegionIdentifierWithReplacementSSvg	System/Library/Frameworks/Speech.framework/Speech.tbd
_$s10Foundation6LocaleV6SpeechE39languageRegionIdentifierWithReplacementSSvpMV	System/Library/Frameworks/Speech.framework/Speech.tbd
_$s6Result6Speech0B6ModulePTl	System/Library/Frameworks/Speech.framework/Speech.tbd
_$s6Speech015LocaleDependentA6ModuleMp	System/Library/Frameworks/Speech.framework/Speech.tbd
_$s6Speech015LocaleDependentA6ModuleP09supportedB012equivalentTo10Foundation0B0VSgAH_tYaFZTj	System/Library/Frameworks/Speech.framework/Speech.tbd
_$s6Speech015LocaleDependentA6ModuleP09supportedB012equivalentTo10Foundation0B0VSgAH_tYaFZTjTu	System/Library/Frameworks/Speech.framework/Speech.tbd
_$s6Speech015LocaleDependentA6ModuleP09supportedB012equivalentTo10Foundation0B0VSgAH_tYaFZTq	System/Library/Frameworks/Speech.framework/Speech.tbd
_$s6Speech015LocaleDependentA6ModuleP15selectedLocalesSay10Foundation0B0VGvgTj	System/Library/Frameworks/Speech.framework/Speech.tbd
_$s6Speech015LocaleDependentA6ModuleP15selectedLocalesSay10Foundation0B0VGvgTq	System/Library/Frameworks/Speech.framework/Speech.tbd
_$s6Speech015LocaleDependentA6ModuleP16supportedLocalesSay10Foundation0B0VGvgZTj	System/Library/Frameworks/Speech.framework/Speech.tbd
_$s6Speech015LocaleDependentA6ModuleP16supportedLocalesSay10Foundation0B0VGvgZTjTu	System/Library/Frameworks/Speech.framework/Speech.tbd
_$s6Speech015LocaleDependentA6ModuleP16supportedLocalesSay10Foundation0B0VGvgZTq	System/Library/Frameworks/Speech.framework/Speech.tbd
_$s6Speech015LocaleDependentA6ModulePAA0aD0Tb	System/Library/Frameworks/Speech.framework/Speech.tbd
_$s6Speech015LocaleDependentA6ModuleTL	System/Library/Frameworks/Speech.framework/Speech.tbd
_$s6Speech0A11TranscriberC11isAvailableSbvgZ	System/Library/Frameworks/Speech.framework/Speech.tbd
_$s6Speech0A11TranscriberC11isAvailableSbvpZMV	System/Library/Frameworks/Speech.framework/Speech.tbd
_$s6Speech0A11TranscriberC12ModelOptionsV2eeoiySbAE_AEtFZ	System/Library/Frameworks/Speech.framework/Speech.tbd
_$s6Speech0A11TranscriberC12ModelOptionsV4hash4intoys6HasherVz_tF	System/Library/Frameworks/Speech.framework/Speech.tbd
_$s6Speech0A11TranscriberC12ModelOptionsV9hashValueSivg	System/Library/Frameworks/Speech.framework/Speech.tbd
_$s6Speech0A11TranscriberC12ModelOptionsV9hashValueSivpMV	System/Library/Frameworks/Speech.framework/Speech.tbd
_$s6Speech0A11TranscriberC12ModelOptionsVAEycfC	System/Library/Frameworks/Speech.framework/Speech.tbd
_$s6Speech0A11TranscriberC12ModelOptionsVMa	System/Library/Frameworks/Speech.framework/Speech.tbd
_$s6Speech0A11TranscriberC12ModelOptionsVMn	System/Library/Frameworks/Speech.framework/Speech.tbd
_$s6Speech0A11TranscriberC12ModelOptionsVN	System/Library/Frameworks/Speech.framework/Speech.tbd
_$s6Speech0A11TranscriberC12ModelOptionsVSHAAMc	System/Library/Frameworks/Speech.framework/Speech.tbd
_$s6Speech0A11TranscriberC12ModelOptionsVSQAAMc	System/Library/Frameworks/Speech.framework/Speech.tbd
_$s6Speech0A11TranscriberC15ReportingOptionO11fastResultsyA2EmFWC	System/Library/Frameworks/Speech.framework/Speech.tbd
_$s6Speech0A11TranscriberC15ReportingOptionO15volatileResultsyA2EmFWC	System/Library/Frameworks/Speech.framework/Speech.tbd
_$s6Speech0A11TranscriberC15ReportingOptionO19multisegmentResultsyA2EmFWC	System/Library/Frameworks/Speech.framework/Speech.tbd
_$s6Speech0A11TranscriberC15ReportingOptionO25alternativeTranscriptionsyA2EmFWC	System/Library/Frameworks/Speech.framework/Speech.tbd
_$s6Speech0A11TranscriberC15ReportingOptionO2eeoiySbAE_AEtFZ	System/Library/Frameworks/Speech.framework/Speech.tbd
_$s6Speech0A11TranscriberC15ReportingOptionO4hash4intoys6HasherVz_tF	System/Library/Frameworks/Speech.framework/Speech.tbd
_$s6Speech0A11TranscriberC15ReportingOptionO8allCasesSayAEGvgZ	System/Library/Frameworks/Speech.framework/Speech.tbd
_$s6Speech0A11TranscriberC15ReportingOptionO8allCasesSayAEGvpZMV	System/Library/Frameworks/Speech.framework/Speech.tbd
_$s6Speech0A11TranscriberC15ReportingOptionO9hashValueSivg	System/Library/Frameworks/Speech.framework/Speech.tbd
_$s6Speech0A11TranscriberC15ReportingOptionO9hashValueSivpMV	System/Library/Frameworks/Speech.framework/Speech.tbd
_$s6Speech0A11TranscriberC15ReportingOptionOMa	System/Library/Frameworks/Speech.framework/Speech.tbd
_$s6Speech0A11TranscriberC15ReportingOptionOMn	System/Library/Frameworks/Speech.framework/Speech.tbd
_$s6Speech0A11TranscriberC15ReportingOptionON	System/Library/Frameworks/Speech.framework/Speech.tbd
_$s6Speech0A11TranscriberC15ReportingOptionOSHAAMc	System/Library/Frameworks/Speech.framework/Speech.tbd
_$s6Speech0A11TranscriberC15ReportingOptionOSQAAMc	System/Library/Frameworks/Speech.framework/Speech.tbd
_$s6Speech0A11TranscriberC15ReportingOptionOs12CaseIterableAAMc	System/Library/Frameworks/Speech.framework/Speech.tbd
_$s6Speech0A11TranscriberC15selectedLocalesSay10Foundation6LocaleVGvg	System/Library/Frameworks/Speech.framework/Speech.tbd
_$s6Speech0A11TranscriberC15selectedLocalesSay10Foundation6LocaleVGvpMV	System/Library/Frameworks/Speech.framework/Speech.tbd
_$s6Speech0A11TranscriberC15supportedLocale12equivalentTo10Foundation0D0VSgAH_tYaFZ	System/Library/Frameworks/Speech.framework/Speech.tbd
_$s6Speech0A11TranscriberC15supportedLocale12equivalentTo10Foundation0D0VSgAH_tYaFZTu	System/Library/Frameworks/Speech.framework/Speech.tbd
_$s6Speech0A11TranscriberC16installedLocalesSay10Foundation6LocaleVGvgZ	System/Library/Frameworks/Speech.framework/Speech.tbd
_$s6Speech0A11TranscriberC16installedLocalesSay10Foundation6LocaleVGvgZTu	System/Library/Frameworks/Speech.framework/Speech.tbd
_$s6Speech0A11TranscriberC16installedLocalesSay10Foundation6LocaleVGvpZMV	System/Library/Frameworks/Speech.framework/Speech.tbd
_$s6Speech0A11TranscriberC16supportedLocalesSay10Foundation6LocaleVGvgZ	System/Library/Frameworks/Speech.framework/Speech.tbd
_$s6Speech0A11TranscriberC16supportedLocalesSay10Foundation6LocaleVGvgZTu	System/Library/Frameworks/Speech.framework/Speech.tbd
_$s6Speech0A11TranscriberC16supportedLocalesSay10Foundation6LocaleVGvpZMV	System/Library/Frameworks/Speech.framework/Speech.tbd
_$s6Speech0A11TranscriberC18MultisegmentResultV016latticeMitigatorD0AA020TranscriptionLatticefD0VSgvg	System/Library/Frameworks/Speech.framework/Speech.tbd
_$s6Speech0A11TranscriberC18MultisegmentResultV016latticeMitigatorD0AA020TranscriptionLatticefD0VSgvpMV	System/Library/Frameworks/Speech.framework/Speech.tbd
_$s6Speech0A11TranscriberC18MultisegmentResultV03earD4TypeAA09EARResultF0Ovg	System/Library/Frameworks/Speech.framework/Speech.tbd
_$s6Speech0A11TranscriberC18MultisegmentResultV03earD4TypeAA09EARResultF0OvpMV	System/Library/Frameworks/Speech.framework/Speech.tbd
_$s6Speech0A11TranscriberC18MultisegmentResultV11descriptionSSvg	System/Library/Frameworks/Speech.framework/Speech.tbd
_$s6Speech0A11TranscriberC18MultisegmentResultV11descriptionSSvpMV	System/Library/Frameworks/Speech.framework/Speech.tbd
_$s6Speech0A11TranscriberC18MultisegmentResultV12nBestChoicesSay10Foundation9IndexPathVGvg	System/Library/Frameworks/Speech.framework/Speech.tbd
_$s6Speech0A11TranscriberC18MultisegmentResultV12nBestChoicesSay10Foundation9IndexPathVGvpMV	System/Library/Frameworks/Speech.framework/Speech.tbd
_$s6Speech0A11TranscriberC18MultisegmentResultV13eosLikelihoodSdSgvg	System/Library/Frameworks/Speech.framework/Speech.tbd
_$s6Speech0A11TranscriberC18MultisegmentResultV13eosLikelihoodSdSgvpMV	System/Library/Frameworks/Speech.framework/Speech.tbd
_$s6Speech0A11TranscriberC18MultisegmentResultV14audioAnalyticsAA05AudioF0VSgvg	System/Library/Frameworks/Speech.framework/Speech.tbd
_$s6Speech0A11TranscriberC18MultisegmentResultV14audioAnalyticsAA05AudioF0VSgvpMV	System/Library/Frameworks/Speech.framework/Speech.tbd
_$s6Speech0A11TranscriberC18MultisegmentResultV14transcriptionsSay10Foundation16AttributedStringVGvg	System/Library/Frameworks/Speech.framework/Speech.tbd
_$s6Speech0A11TranscriberC18MultisegmentResultV14transcriptionsSay10Foundation16AttributedStringVGvpMV	System/Library/Frameworks/Speech.framework/Speech.tbd
_$s6Speech0A11TranscriberC18MultisegmentResultV17resultCandidateIdSiSgvg	System/Library/Frameworks/Speech.framework/Speech.tbd
_$s6Speech0A11TranscriberC18MultisegmentResultV17resultCandidateIdSiSgvpMV	System/Library/Frameworks/Speech.framework/Speech.tbd
_$s6Speech0A11TranscriberC18MultisegmentResultV19transcriptionTokensSaySayAA18TranscriptionTokenVGGvg	System/Library/Frameworks/Speech.framework/Speech.tbd
_$s6Speech0A11TranscriberC18MultisegmentResultV19transcriptionTokensSaySayAA18TranscriptionTokenVGGvpMV	System/Library/Frameworks/Speech.framework/Speech.tbd
_$s6Speech0A11TranscriberC18MultisegmentResultV21recognitionAudioRangeSo06CMTimeG0avg	System/Library/Frameworks/Speech.framework/Speech.tbd
_$s6Speech0A11TranscriberC18MultisegmentResultV21recognitionAudioRangeSo06CMTimeG0avpMV	System/Library/Frameworks/Speech.framework/Speech.tbd
_$s6Speech0A11TranscriberC18MultisegmentResultV23resultsFinalizationTimeSo6CMTimeavg	System/Library/Frameworks/Speech.framework/Speech.tbd
_$s6Speech0A11TranscriberC18MultisegmentResultV23resultsFinalizationTimeSo6CMTimeavpMV	System/Library/Frameworks/Speech.framework/Speech.tbd
_$s6Speech0A11TranscriberC18MultisegmentResultV2eeoiySbAE_AEtFZ	System/Library/Frameworks/Speech.framework/Speech.tbd
_$s6Speech0A11TranscriberC18MultisegmentResultV38numOneBestTokensExcludingTriggerPhraseSivg	System/Library/Frameworks/Speech.framework/Speech.tbd
_$s6Speech0A11TranscriberC18MultisegmentResultV38numOneBestTokensExcludingTriggerPhraseSivpMV	System/Library/Frameworks/Speech.framework/Speech.tbd
_$s6Speech0A11TranscriberC18MultisegmentResultV4hash4intoys6HasherVz_tF	System/Library/Frameworks/Speech.framework/Speech.tbd
_$s6Speech0A11TranscriberC18MultisegmentResultV5range23resultsFinalizationTime14transcriptions19transcriptionTokens8segments12nBestChoices03earD4Type21recognitionAudioRange14audioAnalytics13eosLikelihood016latticeMitigatorD006numOnemK22ExcludingTriggerPhrase17resultCandidateIdAESo06CMTimeS0a_So6CMTimeaSay10Foundation16AttributedStringVGSaySayAA18TranscriptionTokenVGGSayAA20TranscriptionSegmentVGSayAW9IndexPathVGAA09EARResultP0OAtA0rU0VSgSdSgAA020TranscriptionLatticeyD0VSgS2iSgtcfC	System/Library/Frameworks/Speech.framework/Speech.tbd
_$s6Speech0A11TranscriberC18MultisegmentResultV5rangeSo11CMTimeRangeavg	System/Library/Frameworks/Speech.framework/Speech.tbd
_$s6Speech0A11TranscriberC18MultisegmentResultV5rangeSo11CMTimeRangeavpMV	System/Library/Frameworks/Speech.framework/Speech.tbd
_$s6Speech0A11TranscriberC18MultisegmentResultV5split6resultAESg_AEtAE_tFZ	System/Library/Frameworks/Speech.framework/Speech.tbd
_$s6Speech0A11TranscriberC18MultisegmentResultV8segmentsSayAA20TranscriptionSegmentVGvg	System/Library/Frameworks/Speech.framework/Speech.tbd
_$s6Speech0A11TranscriberC18MultisegmentResultV8segmentsSayAA20TranscriptionSegmentVGvpMV	System/Library/Frameworks/Speech.framework/Speech.tbd
_$s6Speech0A11TranscriberC18MultisegmentResultV9hashValueSivg	System/Library/Frameworks/Speech.framework/Speech.tbd
_$s6Speech0A11TranscriberC18MultisegmentResultV9hashValueSivpMV	System/Library/Frameworks/Speech.framework/Speech.tbd
_$s6Speech0A11TranscriberC18MultisegmentResultVAA0a6ModuleD0AAMc	System/Library/Frameworks/Speech.framework/Speech.tbd
_$s6Speech0A11TranscriberC18MultisegmentResultVAA0a6ModuleD0AAWP	System/Library/Frameworks/Speech.framework/Speech.tbd
_$s6Speech0A11TranscriberC18MultisegmentResultVMa	System/Library/Frameworks/Speech.framework/Speech.tbd
_$s6Speech0A11TranscriberC18MultisegmentResultVMn	System/Library/Frameworks/Speech.framework/Speech.tbd
_$s6Speech0A11TranscriberC18MultisegmentResultVN	System/Library/Frameworks/Speech.framework/Speech.tbd
_$s6Speech0A11TranscriberC18MultisegmentResultVSHAAMc	System/Library/Frameworks/Speech.framework/Speech.tbd
_$s6Speech0A11TranscriberC18MultisegmentResultVSQAAMc	System/Library/Frameworks/Speech.framework/Speech.tbd
_$s6Speech0A11TranscriberC18MultisegmentResultVs23CustomStringConvertibleAAMc	System/Library/Frameworks/Speech.framework/Speech.tbd
_$s6Speech0A11TranscriberC19TranscriptionOptionO21etiquetteReplacementsyA2EmFWC	System/Library/Frameworks/Speech.framework/Speech.tbd
_$s6Speech0A11TranscriberC19TranscriptionOptionO2eeoiySbAE_AEtFZ	System/Library/Frameworks/Speech.framework/Speech.tbd
_$s6Speech0A11TranscriberC19TranscriptionOptionO4hash4intoys6HasherVz_tF	System/Library/Frameworks/Speech.framework/Speech.tbd
_$s6Speech0A11TranscriberC19TranscriptionOptionO8allCasesSayAEGvgZ	System/Library/Frameworks/Speech.framework/Speech.tbd
_$s6Speech0A11TranscriberC19TranscriptionOptionO8allCasesSayAEGvpZMV	System/Library/Frameworks/Speech.framework/Speech.tbd
_$s6Speech0A11TranscriberC19TranscriptionOptionO9hashValueSivg	System/Library/Frameworks/Speech.framework/Speech.tbd
_$s6Speech0A11TranscriberC19TranscriptionOptionO9hashValueSivpMV	System/Library/Frameworks/Speech.framework/Speech.tbd
_$s6Speech0A11TranscriberC19TranscriptionOptionOMa	System/Library/Frameworks/Speech.framework/Speech.tbd
_$s6Speech0A11TranscriberC19TranscriptionOptionOMn	System/Library/Frameworks/Speech.framework/Speech.tbd
_$s6Speech0A11TranscriberC19TranscriptionOptionON	System/Library/Frameworks/Speech.framework/Speech.tbd
_$s6Speech0A11TranscriberC19TranscriptionOptionOSHAAMc	System/Library/Frameworks/Speech.framework/Speech.tbd
_$s6Speech0A11TranscriberC19TranscriptionOptionOSQAAMc	System/Library/Frameworks/Speech.framework/Speech.tbd
_$s6Speech0A11TranscriberC19TranscriptionOptionOs12CaseIterableAAMc	System/Library/Frameworks/Speech.framework/Speech.tbd
_$s6Speech0A11TranscriberC19multisegmentResultsQrvg	System/Library/Frameworks/Speech.framework/Speech.tbd
_$s6Speech0A11TranscriberC19multisegmentResultsQrvpMV	System/Library/Frameworks/Speech.framework/Speech.tbd
_$s6Speech0A11TranscriberC19multisegmentResultsQrvpQOMQ	System/Library/Frameworks/Speech.framework/Speech.tbd
_$s6Speech0A11TranscriberC21ResultAttributeOptionO14audioTimeRangeyA2EmFWC	System/Library/Frameworks/Speech.framework/Speech.tbd
_$s6Speech0A11TranscriberC21ResultAttributeOptionO23transcriptionConfidenceyA2EmFWC	System/Library/Frameworks/Speech.framework/Speech.tbd
_$s6Speech0A11TranscriberC21ResultAttributeOptionO2eeoiySbAE_AEtFZ	System/Library/Frameworks/Speech.framework/Speech.tbd
_$s6Speech0A11TranscriberC21ResultAttributeOptionO4hash4intoys6HasherVz_tF	System/Library/Frameworks/Speech.framework/Speech.tbd
_$s6Speech0A11TranscriberC21ResultAttributeOptionO8allCasesSayAEGvgZ	System/Library/Frameworks/Speech.framework/Speech.tbd
_$s6Speech0A11TranscriberC21ResultAttributeOptionO8allCasesSayAEGvpZMV	System/Library/Frameworks/Speech.framework/Speech.tbd
_$s6Speech0A11TranscriberC21ResultAttributeOptionO9hashValueSivg	System/Library/Frameworks/Speech.framework/Speech.tbd
_$s6Speech0A11TranscriberC21ResultAttributeOptionO9hashValueSivpMV	System/Library/Frameworks/Speech.framework/Speech.tbd
_$s6Speech0A11TranscriberC21ResultAttributeOptionOMa	System/Library/Frameworks/Speech.framework/Speech.tbd
_$s6Speech0A11TranscriberC21ResultAttributeOptionOMn	System/Library/Frameworks/Speech.framework/Speech.tbd
_$s6Speech0A11TranscriberC21ResultAttributeOptionON	System/Library/Frameworks/Speech.framework/Speech.tbd
_$s6Speech0A11TranscriberC21ResultAttributeOptionOSHAAMc	System/Library/Frameworks/Speech.framework/Speech.tbd
_$s6Speech0A11TranscriberC21ResultAttributeOptionOSQAAMc	System/Library/Frameworks/Speech.framework/Speech.tbd
_$s6Speech0A11TranscriberC21ResultAttributeOptionOs12CaseIterableAAMc	System/Library/Frameworks/Speech.framework/Speech.tbd
_$s6Speech0A11TranscriberC22muxMultisegmentResultsQrvg	System/Library/Frameworks/Speech.framework/Speech.tbd
_$s6Speech0A11TranscriberC22muxMultisegmentResultsQrvpMV	System/Library/Frameworks/Speech.framework/Speech.tbd
_$s6Speech0A11TranscriberC22muxMultisegmentResultsQrvpQOMQ	System/Library/Frameworks/Speech.framework/Speech.tbd
_$s6Speech0A11TranscriberC31availableCompatibleAudioFormatsSaySo13AVAudioFormatCGvg	System/Library/Frameworks/Speech.framework/Speech.tbd
_$s6Speech0A11TranscriberC31availableCompatibleAudioFormatsSaySo13AVAudioFormatCGvgTu	System/Library/Frameworks/Speech.framework/Speech.tbd
_$s6Speech0A11TranscriberC31availableCompatibleAudioFormatsSaySo13AVAudioFormatCGvpMV	System/Library/Frameworks/Speech.framework/Speech.tbd
_$s6Speech0A11TranscriberC6PresetV12modelOptions013transcriptionE009reportingE009attributeE0AeC05ModelE0V_ShyAC19TranscriptionOptionOGShyAC09ReportingK0OGShyAC015ResultAttributeK0OGtcfC	System/Library/Frameworks/Speech.framework/Speech.tbd
_$s6Speech0A11TranscriberC6PresetV12modelOptionsAC05ModelE0VvM	System/Library/Frameworks/Speech.framework/Speech.tbd
_$s6Speech0A11TranscriberC6PresetV12modelOptionsAC05ModelE0Vvg	System/Library/Frameworks/Speech.framework/Speech.tbd
_$s6Speech0A11TranscriberC6PresetV12modelOptionsAC05ModelE0VvpMV	System/Library/Frameworks/Speech.framework/Speech.tbd
_$s6Speech0A11TranscriberC6PresetV12modelOptionsAC05ModelE0Vvs	System/Library/Frameworks/Speech.framework/Speech.tbd
_$s6Speech0A11TranscriberC6PresetV12translateAppAEvgZ	System/Library/Frameworks/Speech.framework/Speech.tbd
_$s6Speech0A11TranscriberC6PresetV12translateAppAEvpZMV	System/Library/Frameworks/Speech.framework/Speech.tbd
_$s6Speech0A11TranscriberC6PresetV13transcriptionAEvgZ	System/Library/Frameworks/Speech.framework/Speech.tbd
_$s6Speech0A11TranscriberC6PresetV13transcriptionAEvpZMV	System/Library/Frameworks/Speech.framework/Speech.tbd
_$s6Speech0A11TranscriberC6PresetV16attributeOptionsShyAC21ResultAttributeOptionOGvM	System/Library/Frameworks/Speech.framework/Speech.tbd
_$s6Speech0A11TranscriberC6PresetV16attributeOptionsShyAC21ResultAttributeOptionOGvg	System/Library/Frameworks/Speech.framework/Speech.tbd
_$s6Speech0A11TranscriberC6PresetV16attributeOptionsShyAC21ResultAttributeOptionOGvpMV	System/Library/Frameworks/Speech.framework/Speech.tbd
_$s6Speech0A11TranscriberC6PresetV16attributeOptionsShyAC21ResultAttributeOptionOGvs	System/Library/Frameworks/Speech.framework/Speech.tbd
_$s6Speech0A11TranscriberC6PresetV16reportingOptionsShyAC15ReportingOptionOGvM	System/Library/Frameworks/Speech.framework/Speech.tbd
_$s6Speech0A11TranscriberC6PresetV16reportingOptionsShyAC15ReportingOptionOGvg	System/Library/Frameworks/Speech.framework/Speech.tbd
_$s6Speech0A11TranscriberC6PresetV16reportingOptionsShyAC15ReportingOptionOGvpMV	System/Library/Frameworks/Speech.framework/Speech.tbd
_$s6Speech0A11TranscriberC6PresetV16reportingOptionsShyAC15ReportingOptionOGvs	System/Library/Frameworks/Speech.framework/Speech.tbd
_$s6Speech0A11TranscriberC6PresetV20transcriptionOptions09reportingE009attributeE0AEShyAC19TranscriptionOptionOG_ShyAC09ReportingI0OGShyAC015ResultAttributeI0OGtcfC	System/Library/Frameworks/Speech.framework/Speech.tbd
_$s6Speech0A11TranscriberC6PresetV20transcriptionOptionsShyAC19TranscriptionOptionOGvM	System/Library/Frameworks/Speech.framework/Speech.tbd
_$s6Speech0A11TranscriberC6PresetV20transcriptionOptionsShyAC19TranscriptionOptionOGvg	System/Library/Frameworks/Speech.framework/Speech.tbd
_$s6Speech0A11TranscriberC6PresetV20transcriptionOptionsShyAC19TranscriptionOptionOGvpMV	System/Library/Frameworks/Speech.framework/Speech.tbd
_$s6Speech0A11TranscriberC6PresetV20transcriptionOptionsShyAC19TranscriptionOptionOGvs	System/Library/Frameworks/Speech.framework/Speech.tbd
_$s6Speech0A11TranscriberC6PresetV24progressiveTranscriptionAEvgZ	System/Library/Frameworks/Speech.framework/Speech.tbd
_$s6Speech0A11TranscriberC6PresetV24progressiveTranscriptionAEvpZMV	System/Library/Frameworks/Speech.framework/Speech.tbd
_$s6Speech0A11TranscriberC6PresetV28progressiveLiveTranscriptionAEvgZ	System/Library/Frameworks/Speech.framework/Speech.tbd
_$s6Speech0A11TranscriberC6PresetV28progressiveLiveTranscriptionAEvpZMV	System/Library/Frameworks/Speech.framework/Speech.tbd
_$s6Speech0A11TranscriberC6PresetV29transcriptionWithAlternativesAEvgZ	System/Library/Frameworks/Speech.framework/Speech.tbd
_$s6Speech0A11TranscriberC6PresetV29transcriptionWithAlternativesAEvpZMV	System/Library/Frameworks/Speech.framework/Speech.tbd
_$s6Speech0A11TranscriberC6PresetV2eeoiySbAE_AEtFZ	System/Library/Frameworks/Speech.framework/Speech.tbd
_$s6Speech0A11TranscriberC6PresetV35timeIndexedProgressiveTranscriptionAEvgZ	System/Library/Frameworks/Speech.framework/Speech.tbd
_$s6Speech0A11TranscriberC6PresetV35timeIndexedProgressiveTranscriptionAEvpZMV	System/Library/Frameworks/Speech.framework/Speech.tbd
_$s6Speech0A11TranscriberC6PresetV40timeIndexedTranscriptionWithAlternativesAEvgZ	System/Library/Frameworks/Speech.framework/Speech.tbd
_$s6Speech0A11TranscriberC6PresetV40timeIndexedTranscriptionWithAlternativesAEvpZMV	System/Library/Frameworks/Speech.framework/Speech.tbd
_$s6Speech0A11TranscriberC6PresetV4hash4intoys6HasherVz_tF	System/Library/Frameworks/Speech.framework/Speech.tbd
_$s6Speech0A11TranscriberC6PresetV9hashValueSivg	System/Library/Frameworks/Speech.framework/Speech.tbd
_$s6Speech0A11TranscriberC6PresetV9hashValueSivpMV	System/Library/Frameworks/Speech.framework/Speech.tbd
_$s6Speech0A11TranscriberC6PresetVMa	System/Library/Frameworks/Speech.framework/Speech.tbd
_$s6Speech0A11TranscriberC6PresetVMn	System/Library/Frameworks/Speech.framework/Speech.tbd
_$s6Speech0A11TranscriberC6PresetVN	System/Library/Frameworks/Speech.framework/Speech.tbd
_$s6Speech0A11TranscriberC6PresetVSHAAMc	System/Library/Frameworks/Speech.framework/Speech.tbd
_$s6Speech0A11TranscriberC6PresetVSQAAMc	System/Library/Frameworks/Speech.framework/Speech.tbd
_$s6Speech0A11TranscriberC6ResultV11descriptionSSvg	System/Library/Frameworks/Speech.framework/Speech.tbd
_$s6Speech0A11TranscriberC6ResultV11descriptionSSvpMV	System/Library/Frameworks/Speech.framework/Speech.tbd
_$s6Speech0A11TranscriberC6ResultV12alternativesSay10Foundation16AttributedStringVGvg	System/Library/Frameworks/Speech.framework/Speech.tbd
_$s6Speech0A11TranscriberC6ResultV12alternativesSay10Foundation16AttributedStringVGvpMV	System/Library/Frameworks/Speech.framework/Speech.tbd
_$s6Speech0A11TranscriberC6ResultV23resultsFinalizationTimeSo6CMTimeavg	System/Library/Frameworks/Speech.framework/Speech.tbd
_$s6Speech0A11TranscriberC6ResultV23resultsFinalizationTimeSo6CMTimeavpMV	System/Library/Frameworks/Speech.framework/Speech.tbd
_$s6Speech0A11TranscriberC6ResultV2eeoiySbAE_AEtFZ	System/Library/Frameworks/Speech.framework/Speech.tbd
_$s6Speech0A11TranscriberC6ResultV4hash4intoys6HasherVz_tF	System/Library/Frameworks/Speech.framework/Speech.tbd
_$s6Speech0A11TranscriberC6ResultV4text10Foundation16AttributedStringVvg	System/Library/Frameworks/Speech.framework/Speech.tbd
_$s6Speech0A11TranscriberC6ResultV4text10Foundation16AttributedStringVvpMV	System/Library/Frameworks/Speech.framework/Speech.tbd
_$s6Speech0A11TranscriberC6ResultV5rangeSo11CMTimeRangeavg	System/Library/Frameworks/Speech.framework/Speech.tbd
_$s6Speech0A11TranscriberC6ResultV5rangeSo11CMTimeRangeavpMV	System/Library/Frameworks/Speech.framework/Speech.tbd
_$s6Speech0A11TranscriberC6ResultV9hashValueSivg	System/Library/Frameworks/Speech.framework/Speech.tbd
_$s6Speech0A11TranscriberC6ResultV9hashValueSivpMV	System/Library/Frameworks/Speech.framework/Speech.tbd
_$s6Speech0A11TranscriberC6ResultVAA0a6ModuleC0AAMc	System/Library/Frameworks/Speech.framework/Speech.tbd
_$s6Speech0A11TranscriberC6ResultVAA0a6ModuleC0AAWP	System/Library/Frameworks/Speech.framework/Speech.tbd
_$s6Speech0A11TranscriberC6ResultVMa	System/Library/Frameworks/Speech.framework/Speech.tbd
_$s6Speech0A11TranscriberC6ResultVMn	System/Library/Frameworks/Speech.framework/Speech.tbd
_$s6Speech0A11TranscriberC6ResultVN	System/Library/Frameworks/Speech.framework/Speech.tbd
_$s6Speech0A11TranscriberC6ResultVSHAAMc	System/Library/Frameworks/Speech.framework/Speech.tbd
_$s6Speech0A11TranscriberC6ResultVSQAAMc	System/Library/Frameworks/Speech.framework/Speech.tbd
_$s6Speech0A11TranscriberC6ResultVs23CustomStringConvertibleAAMc	System/Library/Frameworks/Speech.framework/Speech.tbd
_$s6Speech0A11TranscriberC6locale12modelOptions013transcriptionE009reportingE009attributeE0AC10Foundation6LocaleV_AC05ModelE0VShyAC19TranscriptionOptionOGShyAC09ReportingM0OGShyAC015ResultAttributeM0OGtcfC	System/Library/Frameworks/Speech.framework/Speech.tbd
_$s6Speech0A11TranscriberC6locale12modelOptions013transcriptionE009reportingE009attributeE0AC10Foundation6LocaleV_AC05ModelE0VShyAC19TranscriptionOptionOGShyAC09ReportingM0OGShyAC015ResultAttributeM0OGtcfCTj	System/Library/Frameworks/Speech.framework/Speech.tbd
_$s6Speech0A11TranscriberC6locale12modelOptions013transcriptionE009reportingE009attributeE0AC10Foundation6LocaleV_AC05ModelE0VShyAC19TranscriptionOptionOGShyAC09ReportingM0OGShyAC015ResultAttributeM0OGtcfCTq	System/Library/Frameworks/Speech.framework/Speech.tbd
_$s6Speech0A11TranscriberC6locale12modelOptions013transcriptionE009reportingE009attributeE0AC10Foundation6LocaleV_AC05ModelE0VShyAC19TranscriptionOptionOGShyAC09ReportingM0OGShyAC015ResultAttributeM0OGtcfc	System/Library/Frameworks/Speech.framework/Speech.tbd
_$s6Speech0A11TranscriberC6locale20transcriptionOptions09reportingE009attributeE0AC10Foundation6LocaleV_ShyAC19TranscriptionOptionOGShyAC09ReportingK0OGShyAC015ResultAttributeK0OGtcfC	System/Library/Frameworks/Speech.framework/Speech.tbd
_$s6Speech0A11TranscriberC6locale20transcriptionOptions09reportingE009attributeE0AC10Foundation6LocaleV_ShyAC19TranscriptionOptionOGShyAC09ReportingK0OGShyAC015ResultAttributeK0OGtcfc	System/Library/Frameworks/Speech.framework/Speech.tbd
_$s6Speech0A11TranscriberC6locale6presetAC10Foundation6LocaleV_AC6PresetVtcfC	System/Library/Frameworks/Speech.framework/Speech.tbd
_$s6Speech0A11TranscriberC6locale6presetAC10Foundation6LocaleV_AC6PresetVtcfc	System/Library/Frameworks/Speech.framework/Speech.tbd
_$s6Speech0A11TranscriberC7resultsQrvg	System/Library/Frameworks/Speech.framework/Speech.tbd
_$s6Speech0A11TranscriberC7resultsQrvpMV	System/Library/Frameworks/Speech.framework/Speech.tbd
_$s6Speech0A11TranscriberC7resultsQrvpQOMQ	System/Library/Frameworks/Speech.framework/Speech.tbd
_$s6Speech0A11TranscriberCAA015LocaleDependentA6ModuleAAMc	System/Library/Frameworks/Speech.framework/Speech.tbd
_$s6Speech0A11TranscriberCAA015LocaleDependentA6ModuleAAWP	System/Library/Frameworks/Speech.framework/Speech.tbd
_$s6Speech0A11TranscriberCAA0A6ModuleAAMc	System/Library/Frameworks/Speech.framework/Speech.tbd
_$s6Speech0A11TranscriberCAA0A6ModuleAAWP	System/Library/Frameworks/Speech.framework/Speech.tbd
_$s6Speech0A11TranscriberCMa	System/Library/Frameworks/Speech.framework/Speech.tbd
_$s6Speech0A11TranscriberCMm	System/Library/Frameworks/Speech.framework/Speech.tbd
_$s6Speech0A11TranscriberCMn	System/Library/Frameworks/Speech.framework/Speech.tbd
_$s6Speech0A11TranscriberCMo	System/Library/Frameworks/Speech.framework/Speech.tbd
_$s6Speech0A11TranscriberCMu	System/Library/Frameworks/Speech.framework/Speech.tbd
_$s6Speech0A11TranscriberCN	System/Library/Frameworks/Speech.framework/Speech.tbd
_$s6Speech0A11TranscriberCfD	System/Library/Frameworks/Speech.framework/Speech.tbd
_$s6Speech0A11TranscriberCfd	System/Library/Frameworks/Speech.framework/Speech.tbd
_$s6Speech0A12ModuleResultMp	System/Library/Frameworks/Speech.framework/Speech.tbd
_$s6Speech0A12ModuleResultP23resultsFinalizationTimeSo6CMTimeavgTj	System/Library/Frameworks/Speech.framework/Speech.tbd
_$s6Speech0A12ModuleResultP23resultsFinalizationTimeSo6CMTimeavgTq	System/Library/Frameworks/Speech.framework/Speech.tbd
_$s6Speech0A12ModuleResultP5rangeSo11CMTimeRangeavgTj	System/Library/Frameworks/Speech.framework/Speech.tbd
_$s6Speech0A12ModuleResultP5rangeSo11CMTimeRangeavgTq	System/Library/Frameworks/Speech.framework/Speech.tbd
_$s6Speech0A12ModuleResultPAAE18resultsFinalToTimeSo6CMTimeavg	System/Library/Frameworks/Speech.framework/Speech.tbd
_$s6Speech0A12ModuleResultPAAE18resultsFinalToTimeSo6CMTimeavpMV	System/Library/Frameworks/Speech.framework/Speech.tbd
_$s6Speech0A12ModuleResultPAAE7isFinalSbvg	System/Library/Frameworks/Speech.framework/Speech.tbd
_$s6Speech0A12ModuleResultPAAE7isFinalSbvpMV	System/Library/Frameworks/Speech.framework/Speech.tbd
_$s6Speech0A12ModuleResultTL	System/Library/Frameworks/Speech.framework/Speech.tbd
_$s6Speech0A6ModelsO12endRetentionyyYaFZ	System/Library/Frameworks/Speech.framework/Speech.tbd
_$s6Speech0A6ModelsO12endRetentionyyYaFZTu	System/Library/Frameworks/Speech.framework/Speech.tbd
_$s6Speech0A6ModelsOMa	System/Library/Frameworks/Speech.framework/Speech.tbd
_$s6Speech0A6ModelsOMn	System/Library/Frameworks/Speech.framework/Speech.tbd
_$s6Speech0A6ModelsON	System/Library/Frameworks/Speech.framework/Speech.tbd
_$s6Speech0A6ModuleMp	System/Library/Frameworks/Speech.framework/Speech.tbd
_$s6Speech0A6ModuleP31availableCompatibleAudioFormatsSaySo13AVAudioFormatCGvgTj	System/Library/Frameworks/Speech.framework/Speech.tbd
_$s6Speech0A6ModuleP31availableCompatibleAudioFormatsSaySo13AVAudioFormatCGvgTjTu	System/Library/Frameworks/Speech.framework/Speech.tbd
_$s6Speech0A6ModuleP31availableCompatibleAudioFormatsSaySo13AVAudioFormatCGvgTq	System/Library/Frameworks/Speech.framework/Speech.tbd
_$s6Speech0A6ModuleP6ResultAC_AA0abC0Tn	System/Library/Frameworks/Speech.framework/Speech.tbd
_$s6Speech0A6ModuleP7ResultsAC_SciTn	System/Library/Frameworks/Speech.framework/Speech.tbd
_$s6Speech0A6ModuleP7results7ResultsQzvgTj	System/Library/Frameworks/Speech.framework/Speech.tbd
_$s6Speech0A6ModuleP7results7ResultsQzvgTq	System/Library/Frameworks/Speech.framework/Speech.tbd
_$s6Speech0A6ModuleTL	System/Library/Frameworks/Speech.framework/Speech.tbd
_$s6Speech0A8AnalyzerC10clientInfoAA06ClientD0Vvg	System/Library/Frameworks/Speech.framework/Speech.tbd
_$s6Speech0A8AnalyzerC10clientInfoAA06ClientD0VvpMV	System/Library/Frameworks/Speech.framework/Speech.tbd
_$s6Speech0A8AnalyzerC10setContextyyAA08AnalysisD0CYaKF	System/Library/Frameworks/Speech.framework/Speech.tbd
_$s6Speech0A8AnalyzerC10setContextyyAA08AnalysisD0CYaKFTu	System/Library/Frameworks/Speech.framework/Speech.tbd
_$s6Speech0A8AnalyzerC10setModulesyySayAA0A6Module_pGYaKF	System/Library/Frameworks/Speech.framework/Speech.tbd
_$s6Speech0A8AnalyzerC10setModulesyySayAA0A6Module_pGYaKFTu	System/Library/Frameworks/Speech.framework/Speech.tbd
_$s6Speech0A8AnalyzerC10setModulesyySayAA14ModuleProtocol_pGYaKF	System/Library/Frameworks/Speech.framework/Speech.tbd
_$s6Speech0A8AnalyzerC10setModulesyySayAA14ModuleProtocol_pGYaKFTu	System/Library/Frameworks/Speech.framework/Speech.tbd
_$s6Speech0A8AnalyzerC13inputSequence7modules7options15analysisContext27volatileRangeChangedHandlerACx_SayAA0A6Module_pGAC7OptionsVSgAA08AnalysisH0CySo06CMTimeJ0a_S2btcSgntcs8SendableRzSciRzAA0B5InputV7ElementRtzlufC	System/Library/Frameworks/Speech.framework/Speech.tbd
_$s6Speech0A8AnalyzerC13inputSequence7modules7options15analysisContext27volatileRangeChangedHandlerACx_SayAA0A6Module_pGAC7OptionsVSgAA08AnalysisH0CySo06CMTimeJ0a_S2btcSgntcs8SendableRzSciRzAA0B5InputV7ElementRtzlufc	System/Library/Frameworks/Speech.framework/Speech.tbd
_$s6Speech0A8AnalyzerC13setClientInfoyyAA0dE0VYaF	System/Library/Frameworks/Speech.framework/Speech.tbd
_$s6Speech0A8AnalyzerC13setClientInfoyyAA0dE0VYaFTu	System/Library/Frameworks/Speech.framework/Speech.tbd
_$s6Speech0A8AnalyzerC13volatileRangeSo06CMTimeD0aSgvg	System/Library/Frameworks/Speech.framework/Speech.tbd
_$s6Speech0A8AnalyzerC13volatileRangeSo06CMTimeD0aSgvpMV	System/Library/Frameworks/Speech.framework/Speech.tbd
_$s6Speech0A8AnalyzerC14cancelAnalysis6beforeySo6CMTimea_tF	System/Library/Frameworks/Speech.framework/Speech.tbd
_$s6Speech0A8AnalyzerC14inputAudioFile7modules7options15analysisContext011finishAfterE027volatileRangeChangedHandlerACSo07AVAudioE0C_SayAA0A6Module_pGAC7OptionsVSgAA08AnalysisI0CSbySo06CMTimeM0a_S2btcSgntYaKcfC	System/Library/Frameworks/Speech.framework/Speech.tbd
_$s6Speech0A8AnalyzerC14inputAudioFile7modules7options15analysisContext011finishAfterE027volatileRangeChangedHandlerACSo07AVAudioE0C_SayAA0A6Module_pGAC7OptionsVSgAA08AnalysisI0CSbySo06CMTimeM0a_S2btcSgntYaKcfCTu	System/Library/Frameworks/Speech.framework/Speech.tbd
_$s6Speech0A8AnalyzerC14inputAudioFile7modules7options15analysisContext011finishAfterE027volatileRangeChangedHandlerACSo07AVAudioE0C_SayAA0A6Module_pGAC7OptionsVSgAA08AnalysisI0CSbySo06CMTimeM0a_S2btcSgntYaKcfc	System/Library/Frameworks/Speech.framework/Speech.tbd
_$s6Speech0A8AnalyzerC14inputAudioFile7modules7options15analysisContext011finishAfterE027volatileRangeChangedHandlerACSo07AVAudioE0C_SayAA0A6Module_pGAC7OptionsVSgAA08AnalysisI0CSbySo06CMTimeM0a_S2btcSgntYaKcfcTu	System/Library/Frameworks/Speech.framework/Speech.tbd
_$s6Speech0A8AnalyzerC14inputAudioFile7modules7options15analysisContext27volatileRangeChangedHandlerACSo07AVAudioE0C_SayAA0A6Module_pGAC7OptionsVSgAA08AnalysisI0CySo06CMTimeK0a_S2btcSgntYaKcfC	System/Library/Frameworks/Speech.framework/Speech.tbd
_$s6Speech0A8AnalyzerC14inputAudioFile7modules7options15analysisContext27volatileRangeChangedHandlerACSo07AVAudioE0C_SayAA0A6Module_pGAC7OptionsVSgAA08AnalysisI0CySo06CMTimeK0a_S2btcSgntYaKcfCTu	System/Library/Frameworks/Speech.framework/Speech.tbd
_$s6Speech0A8AnalyzerC14inputAudioFile7modules7options15analysisContext27volatileRangeChangedHandlerACSo07AVAudioE0C_SayAA0A6Module_pGAC7OptionsVSgAA08AnalysisI0CySo06CMTimeK0a_S2btcSgntYaKcfc	System/Library/Frameworks/Speech.framework/Speech.tbd
_$s6Speech0A8AnalyzerC14inputAudioFile7modules7options15analysisContext27volatileRangeChangedHandlerACSo07AVAudioE0C_SayAA0A6Module_pGAC7OptionsVSgAA08AnalysisI0CySo06CMTimeK0a_S2btcSgntYaKcfcTu	System/Library/Frameworks/Speech.framework/Speech.tbd
_$s6Speech0A8AnalyzerC15analysisOptionsAA08AnalysisD0VSgvg	System/Library/Frameworks/Speech.framework/Speech.tbd
_$s6Speech0A8AnalyzerC15analysisOptionsAA08AnalysisD0VSgvpMV	System/Library/Frameworks/Speech.framework/Speech.tbd
_$s6Speech0A8AnalyzerC15analyzeSequence4fromSo6CMTimeaSgSo11AVAudioFileC_tYaKF	System/Library/Frameworks/Speech.framework/Speech.tbd
_$s6Speech0A8AnalyzerC15analyzeSequence4fromSo6CMTimeaSgSo11AVAudioFileC_tYaKFTu	System/Library/Frameworks/Speech.framework/Speech.tbd
_$s6Speech0A8AnalyzerC15analyzeSequenceySo6CMTimeaSgxYaKs8SendableRzSciRzAA0B5InputV7ElementRtzlF	System/Library/Frameworks/Speech.framework/Speech.tbd
_$s6Speech0A8AnalyzerC15analyzeSequenceySo6CMTimeaSgxYaKs8SendableRzSciRzAA0B5InputV7ElementRtzlFTu	System/Library/Frameworks/Speech.framework/Speech.tbd
_$s6Speech0A8AnalyzerC15bestAudioFormat14compatibleWith11consideringSo07AVAudioE0CSayAA0A6Module_pG_AHSgtYaKFZ	System/Library/Frameworks/Speech.framework/Speech.tbd
_$s6Speech0A8AnalyzerC15bestAudioFormat14compatibleWith11consideringSo07AVAudioE0CSayAA0A6Module_pG_AHSgtYaKFZTu	System/Library/Frameworks/Speech.framework/Speech.tbd
_$s6Speech0A8AnalyzerC15bestAudioFormat14compatibleWith11consideringSo07AVAudioE0CSayAA14ModuleProtocol_pG_AHSgtYaKFZ	System/Library/Frameworks/Speech.framework/Speech.tbd
_$s6Speech0A8AnalyzerC15bestAudioFormat14compatibleWith11consideringSo07AVAudioE0CSayAA14ModuleProtocol_pG_AHSgtYaKFZTu	System/Library/Frameworks/Speech.framework/Speech.tbd
_$s6Speech0A8AnalyzerC15bestAudioFormat14compatibleWithSo07AVAudioE0CSayAA0A6Module_pG_tYaKFZ	System/Library/Frameworks/Speech.framework/Speech.tbd
_$s6Speech0A8AnalyzerC15bestAudioFormat14compatibleWithSo07AVAudioE0CSayAA0A6Module_pG_tYaKFZTu	System/Library/Frameworks/Speech.framework/Speech.tbd
_$s6Speech0A8AnalyzerC15bestAudioFormat14compatibleWithSo07AVAudioE0CSayAA14ModuleProtocol_pG_tYaKFZ	System/Library/Frameworks/Speech.framework/Speech.tbd
_$s6Speech0A8AnalyzerC15bestAudioFormat14compatibleWithSo07AVAudioE0CSayAA14ModuleProtocol_pG_tYaKFZTu	System/Library/Frameworks/Speech.framework/Speech.tbd
_$s6Speech0A8AnalyzerC15unownedExecutorScevg	System/Library/Frameworks/Speech.framework/Speech.tbd
_$s6Speech0A8AnalyzerC15unownedExecutorScevpMV	System/Library/Frameworks/Speech.framework/Speech.tbd
_$s6Speech0A8AnalyzerC16inputAudioFormatSo07AVAudioE0CSgvg	System/Library/Frameworks/Speech.framework/Speech.tbd
_$s6Speech0A8AnalyzerC16inputAudioFormatSo07AVAudioE0CSgvpMV	System/Library/Frameworks/Speech.framework/Speech.tbd
_$s6Speech0A8AnalyzerC16prepareToAnalyze13reportingIntoySo10NSProgressCSg_tYaKF	System/Library/Frameworks/Speech.framework/Speech.tbd
_$s6Speech0A8AnalyzerC16prepareToAnalyze13reportingIntoySo10NSProgressCSg_tYaKFTu	System/Library/Frameworks/Speech.framework/Speech.tbd
_$s6Speech0A8AnalyzerC16prepareToAnalyze24withProgressReadyHandleryySo10NSProgressCcSgn_tYaKF	System/Library/Frameworks/Speech.framework/Speech.tbd
_$s6Speech0A8AnalyzerC16prepareToAnalyze24withProgressReadyHandleryySo10NSProgressCcSgn_tYaKFTu	System/Library/Frameworks/Speech.framework/Speech.tbd
_$s6Speech0A8AnalyzerC16prepareToAnalyze2in24withProgressReadyHandlerySo13AVAudioFormatCSg_ySo10NSProgressCcSgntYaKF	System/Library/Frameworks/Speech.framework/Speech.tbd
_$s6Speech0A8AnalyzerC16prepareToAnalyze2in24withProgressReadyHandlerySo13AVAudioFormatCSg_ySo10NSProgressCcSgntYaKFTu	System/Library/Frameworks/Speech.framework/Speech.tbd
_$s6Speech0A8AnalyzerC16prepareToAnalyze2inySo13AVAudioFormatCSg_tYaKF	System/Library/Frameworks/Speech.framework/Speech.tbd
_$s6Speech0A8AnalyzerC16prepareToAnalyze2inySo13AVAudioFormatCSg_tYaKFTu	System/Library/Frameworks/Speech.framework/Speech.tbd
_$s6Speech0A8AnalyzerC16prepareToAnalyzeyyYaKF	System/Library/Frameworks/Speech.framework/Speech.tbd
_$s6Speech0A8AnalyzerC16prepareToAnalyzeyyYaKFTu	System/Library/Frameworks/Speech.framework/Speech.tbd
_$s6Speech0A8AnalyzerC16setInputSequence_11audioFormatyx_So07AVAudioG0CSgtYaKs8SendableRzSciRzAA0bD0V7ElementRtzlF	System/Library/Frameworks/Speech.framework/Speech.tbd
_$s6Speech0A8AnalyzerC16setInputSequence_11audioFormatyx_So07AVAudioG0CSgtYaKs8SendableRzSciRzAA0bD0V7ElementRtzlFTu	System/Library/Frameworks/Speech.framework/Speech.tbd
_$s6Speech0A8AnalyzerC16setInputSequence_15withAudioFormatyx_So07AVAudioH0CSgtYaKs8SendableRzSciRzAA0bD0V7ElementRtzlF	System/Library/Frameworks/Speech.framework/Speech.tbd
_$s6Speech0A8AnalyzerC16setInputSequence_15withAudioFormatyx_So07AVAudioH0CSgtYaKs8SendableRzSciRzAA0bD0V7ElementRtzlFTu	System/Library/Frameworks/Speech.framework/Speech.tbd
_$s6Speech0A8AnalyzerC16setInputSequenceyyxYaKs8SendableRzSciRzAA0bD0V7ElementRtzlF	System/Library/Frameworks/Speech.framework/Speech.tbd
_$s6Speech0A8AnalyzerC16setInputSequenceyyxYaKs8SendableRzSciRzAA0bD0V7ElementRtzlFTu	System/Library/Frameworks/Speech.framework/Speech.tbd
_$s6Speech0A8AnalyzerC17contextualStringsSDyAA15AnalysisContextC010ContextualD3TagVSaySSGGvg	System/Library/Frameworks/Speech.framework/Speech.tbd
_$s6Speech0A8AnalyzerC17contextualStringsSDyAA15AnalysisContextC010ContextualD3TagVSaySSGGvgTu	System/Library/Frameworks/Speech.framework/Speech.tbd
_$s6Speech0A8AnalyzerC17contextualStringsSDyAA15AnalysisContextC010ContextualD3TagVSaySSGGvpMV	System/Library/Frameworks/Speech.framework/Speech.tbd
_$s6Speech0A8AnalyzerC17finalizeAndFinish7throughySo6CMTimea_tYaKF	System/Library/Frameworks/Speech.framework/Speech.tbd
_$s6Speech0A8AnalyzerC17finalizeAndFinish7throughySo6CMTimea_tYaKFTu	System/Library/Frameworks/Speech.framework/Speech.tbd
_$s6Speech0A8AnalyzerC17setInputAudioFile_04withE6Formaty10Foundation3URLV_So07AVAudioH0CSgtYaKF	System/Library/Frameworks/Speech.framework/Speech.tbd
_$s6Speech0A8AnalyzerC17setInputAudioFile_04withE6Formaty10Foundation3URLV_So07AVAudioH0CSgtYaKFTu	System/Library/Frameworks/Speech.framework/Speech.tbd
_$s6Speech0A8AnalyzerC17setInputAudioFile_11audioFormatySo07AVAudioF0C_So0iH0CSgtYaKF	System/Library/Frameworks/Speech.framework/Speech.tbd
_$s6Speech0A8AnalyzerC17setInputAudioFile_11audioFormatySo07AVAudioF0C_So0iH0CSgtYaKFTu	System/Library/Frameworks/Speech.framework/Speech.tbd
_$s6Speech0A8AnalyzerC17setInputAudioFileyySo07AVAudioF0CYaKF	System/Library/Frameworks/Speech.framework/Speech.tbd
_$s6Speech0A8AnalyzerC17setInputAudioFileyySo07AVAudioF0CYaKFTu	System/Library/Frameworks/Speech.framework/Speech.tbd
_$s6Speech0A8AnalyzerC18cancelAndFinishNowyyYaF	System/Library/Frameworks/Speech.framework/Speech.tbd
_$s6Speech0A8AnalyzerC18cancelAndFinishNowyyYaFTu	System/Library/Frameworks/Speech.framework/Speech.tbd
_$s6Speech0A8AnalyzerC24bestAvailableAudioFormat14compatibleWith10clientInfo11consideringSo07AVAudioF0CSgSayAA14ModuleProtocol_pG_AA06ClientJ0VAJtYaFZ	System/Library/Frameworks/Speech.framework/Speech.tbd
_$s6Speech0A8AnalyzerC24bestAvailableAudioFormat14compatibleWith10clientInfo11consideringSo07AVAudioF0CSgSayAA14ModuleProtocol_pG_AA06ClientJ0VAJtYaFZTu	System/Library/Frameworks/Speech.framework/Speech.tbd
_$s6Speech0A8AnalyzerC24bestAvailableAudioFormat14compatibleWith11consideringSo07AVAudioF0CSgSayAA0A6Module_pG_AItYaFZ	System/Library/Frameworks/Speech.framework/Speech.tbd
_$s6Speech0A8AnalyzerC24bestAvailableAudioFormat14compatibleWith11consideringSo07AVAudioF0CSgSayAA0A6Module_pG_AItYaFZTu	System/Library/Frameworks/Speech.framework/Speech.tbd
_$s6Speech0A8AnalyzerC24bestAvailableAudioFormat14compatibleWith11consideringSo07AVAudioF0CSgSayAA14ModuleProtocol_pG_AItYaFZ	System/Library/Frameworks/Speech.framework/Speech.tbd
_$s6Speech0A8AnalyzerC24bestAvailableAudioFormat14compatibleWith11consideringSo07AVAudioF0CSgSayAA14ModuleProtocol_pG_AItYaFZTu	System/Library/Frameworks/Speech.framework/Speech.tbd
_$s6Speech0A8AnalyzerC24bestAvailableAudioFormat14compatibleWithSo07AVAudioF0CSgSayAA0A6Module_pG_tYaFZ	System/Library/Frameworks/Speech.framework/Speech.tbd
_$s6Speech0A8AnalyzerC24bestAvailableAudioFormat14compatibleWithSo07AVAudioF0CSgSayAA0A6Module_pG_tYaFZTu	System/Library/Frameworks/Speech.framework/Speech.tbd
_$s6Speech0A8AnalyzerC24bestAvailableAudioFormat14compatibleWithSo07AVAudioF0CSgSayAA14ModuleProtocol_pG_tYaFZ	System/Library/Frameworks/Speech.framework/Speech.tbd
_$s6Speech0A8AnalyzerC24bestAvailableAudioFormat14compatibleWithSo07AVAudioF0CSgSayAA14ModuleProtocol_pG_tYaFZTu	System/Library/Frameworks/Speech.framework/Speech.tbd
_$s6Speech0A8AnalyzerC25setDidChangeVolatileRangeyyySo06CMTimeG0a_S2btYbcSgF	System/Library/Frameworks/Speech.framework/Speech.tbd
_$s6Speech0A8AnalyzerC25setDidChangeVolatileRangeyyySo06CMTimeG0a_S2btcSgnF	System/Library/Frameworks/Speech.framework/Speech.tbd
_$s6Speech0A8AnalyzerC30setVolatileRangeChangedHandleryyySo06CMTimeE0a_S2btcSgnF	System/Library/Frameworks/Speech.framework/Speech.tbd
_$s6Speech0A8AnalyzerC34finalizeAndFinishThroughEndOfInputyyYaKF	System/Library/Frameworks/Speech.framework/Speech.tbd
_$s6Speech0A8AnalyzerC34finalizeAndFinishThroughEndOfInputyyYaKFTu	System/Library/Frameworks/Speech.framework/Speech.tbd
_$s6Speech0A8AnalyzerC5start13inputSequenceyx_tYaKs8SendableRzSciRzAA0B5InputV7ElementRtzlF	System/Library/Frameworks/Speech.framework/Speech.tbd
_$s6Speech0A8AnalyzerC5start13inputSequenceyx_tYaKs8SendableRzSciRzAA0B5InputV7ElementRtzlFTu	System/Library/Frameworks/Speech.framework/Speech.tbd
_$s6Speech0A8AnalyzerC5start14inputAudioFile011finishAfterF0ySo07AVAudioF0C_SbtYaKF	System/Library/Frameworks/Speech.framework/Speech.tbd
_$s6Speech0A8AnalyzerC5start14inputAudioFile011finishAfterF0ySo07AVAudioF0C_SbtYaKFTu	System/Library/Frameworks/Speech.framework/Speech.tbd
_$s6Speech0A8AnalyzerC6client13inputSequence11audioFormat7modules7options17restrictedLogging15analysisContext22didChangeVolatileRangeAcA10ClientInfoV_xSo07AVAudioG0CSayAA0A6Module_pGAA15AnalysisOptionsVSgSbAA0vM0CySo06CMTimeQ0a_S2btcSgntcs8SendableRzSciRzAA0B5InputV7ElementRtzlufC	System/Library/Frameworks/Speech.framework/Speech.tbd
_$s6Speech0A8AnalyzerC6client13inputSequence11audioFormat7modules7options17restrictedLogging15analysisContext22didChangeVolatileRangeAcA10ClientInfoV_xSo07AVAudioG0CSayAA0A6Module_pGAA15AnalysisOptionsVSgSbAA0vM0CySo06CMTimeQ0a_S2btcSgntcs8SendableRzSciRzAA0B5InputV7ElementRtzlufc	System/Library/Frameworks/Speech.framework/Speech.tbd
_$s6Speech0A8AnalyzerC6client13inputSequence11audioFormat7modules7options17restrictedLogging15analysisContext22didChangeVolatileRangeAcA10ClientInfoV_xSo07AVAudioG0CSayAA14ModuleProtocol_pGAA15AnalysisOptionsVSgSbAA0wM0CySo06CMTimeQ0a_S2btYbcSgtcs8SendableRzSciRzAA0B5InputV7ElementRtzlufC	System/Library/Frameworks/Speech.framework/Speech.tbd
_$s6Speech0A8AnalyzerC6client13inputSequence11audioFormat7modules7options17restrictedLogging15analysisContext22didChangeVolatileRangeAcA10ClientInfoV_xSo07AVAudioG0CSayAA14ModuleProtocol_pGAA15AnalysisOptionsVSgSbAA0wM0CySo06CMTimeQ0a_S2btYbcSgtcs8SendableRzSciRzAA0B5InputV7ElementRtzlufCTj	System/Library/Frameworks/Speech.framework/Speech.tbd
_$s6Speech0A8AnalyzerC6client13inputSequence11audioFormat7modules7options17restrictedLogging15analysisContext22didChangeVolatileRangeAcA10ClientInfoV_xSo07AVAudioG0CSayAA14ModuleProtocol_pGAA15AnalysisOptionsVSgSbAA0wM0CySo06CMTimeQ0a_S2btYbcSgtcs8SendableRzSciRzAA0B5InputV7ElementRtzlufCTq	System/Library/Frameworks/Speech.framework/Speech.tbd
_$s6Speech0A8AnalyzerC6client13inputSequence11audioFormat7modules7options17restrictedLogging15analysisContext22didChangeVolatileRangeAcA10ClientInfoV_xSo07AVAudioG0CSayAA14ModuleProtocol_pGAA15AnalysisOptionsVSgSbAA0wM0CySo06CMTimeQ0a_S2btYbcSgtcs8SendableRzSciRzAA0B5InputV7ElementRtzlufc	System/Library/Frameworks/Speech.framework/Speech.tbd
_$s6Speech0A8AnalyzerC6client13inputSequence11audioFormat7modules7options17restrictedLogging15analysisContext22didChangeVolatileRangeAcA10ClientInfoV_xSo07AVAudioG0CSayAA14ModuleProtocol_pGAA15AnalysisOptionsVSgSbAA0wM0CySo06CMTimeQ0a_S2btcSgntcs8SendableRzSciRzAA0B5InputV7ElementRtzlufC	System/Library/Frameworks/Speech.framework/Speech.tbd
_$s6Speech0A8AnalyzerC6client13inputSequence11audioFormat7modules7options17restrictedLogging15analysisContext22didChangeVolatileRangeAcA10ClientInfoV_xSo07AVAudioG0CSayAA14ModuleProtocol_pGAA15AnalysisOptionsVSgSbAA0wM0CySo06CMTimeQ0a_S2btcSgntcs8SendableRzSciRzAA0B5InputV7ElementRtzlufc	System/Library/Frameworks/Speech.framework/Speech.tbd
_$s6Speech0A8AnalyzerC6client13inputSequence11audioFormat7modules7options17restrictedLogging15analysisContext27volatileRangeChangedHandlerAcA10ClientInfoV_xSo07AVAudioG0CSayAA0A6Module_pGAA15AnalysisOptionsVSgSbAA0vM0CySo06CMTimeO0a_S2btcSgntcs8SendableRzSciRzAA0B5InputV7ElementRtzlufC	System/Library/Frameworks/Speech.framework/Speech.tbd
_$s6Speech0A8AnalyzerC6client13inputSequence11audioFormat7modules7options17restrictedLogging15analysisContext27volatileRangeChangedHandlerAcA10ClientInfoV_xSo07AVAudioG0CSayAA0A6Module_pGAA15AnalysisOptionsVSgSbAA0vM0CySo06CMTimeO0a_S2btcSgntcs8SendableRzSciRzAA0B5InputV7ElementRtzlufc	System/Library/Frameworks/Speech.framework/Speech.tbd
_$s6Speech0A8AnalyzerC6client13inputSequence7modules7options15analysisContext27volatileRangeChangedHandlerAcA10ClientInfoV_xSayAA0A6Module_pGAC7OptionsVSgAA08AnalysisI0CySo06CMTimeK0a_S2btcSgntcs8SendableRzSciRzAA0B5InputV7ElementRtzlufC	System/Library/Frameworks/Speech.framework/Speech.tbd
_$s6Speech0A8AnalyzerC6client13inputSequence7modules7options15analysisContext27volatileRangeChangedHandlerAcA10ClientInfoV_xSayAA0A6Module_pGAC7OptionsVSgAA08AnalysisI0CySo06CMTimeK0a_S2btcSgntcs8SendableRzSciRzAA0B5InputV7ElementRtzlufCTj	System/Library/Frameworks/Speech.framework/Speech.tbd
_$s6Speech0A8AnalyzerC6client13inputSequence7modules7options15analysisContext27volatileRangeChangedHandlerAcA10ClientInfoV_xSayAA0A6Module_pGAC7OptionsVSgAA08AnalysisI0CySo06CMTimeK0a_S2btcSgntcs8SendableRzSciRzAA0B5InputV7ElementRtzlufCTq	System/Library/Frameworks/Speech.framework/Speech.tbd
_$s6Speech0A8AnalyzerC6client13inputSequence7modules7options15analysisContext27volatileRangeChangedHandlerAcA10ClientInfoV_xSayAA0A6Module_pGAC7OptionsVSgAA08AnalysisI0CySo06CMTimeK0a_S2btcSgntcs8SendableRzSciRzAA0B5InputV7ElementRtzlufc	System/Library/Frameworks/Speech.framework/Speech.tbd
_$s6Speech0A8AnalyzerC6client14inputAudioFile7modules7options15analysisContext011finishAfterF027volatileRangeChangedHandlerAcA10ClientInfoV_So07AVAudioF0CSayAA0A6Module_pGAC7OptionsVSgAA08AnalysisJ0CSbySo06CMTimeN0a_S2btcSgntYaKcfC	System/Library/Frameworks/Speech.framework/Speech.tbd
_$s6Speech0A8AnalyzerC6client14inputAudioFile7modules7options15analysisContext011finishAfterF027volatileRangeChangedHandlerAcA10ClientInfoV_So07AVAudioF0CSayAA0A6Module_pGAC7OptionsVSgAA08AnalysisJ0CSbySo06CMTimeN0a_S2btcSgntYaKcfCTu	System/Library/Frameworks/Speech.framework/Speech.tbd
_$s6Speech0A8AnalyzerC6client14inputAudioFile7modules7options15analysisContext011finishAfterF027volatileRangeChangedHandlerAcA10ClientInfoV_So07AVAudioF0CSayAA0A6Module_pGAC7OptionsVSgAA08AnalysisJ0CSbySo06CMTimeN0a_S2btcSgntYaKcfc	System/Library/Frameworks/Speech.framework/Speech.tbd
_$s6Speech0A8AnalyzerC6client14inputAudioFile7modules7options15analysisContext011finishAfterF027volatileRangeChangedHandlerAcA10ClientInfoV_So07AVAudioF0CSayAA0A6Module_pGAC7OptionsVSgAA08AnalysisJ0CSbySo06CMTimeN0a_S2btcSgntYaKcfcTu	System/Library/Frameworks/Speech.framework/Speech.tbd
_$s6Speech0A8AnalyzerC6client14inputAudioFile7modules7options15analysisContext27volatileRangeChangedHandlerAcA10ClientInfoV_So07AVAudioF0CSayAA0A6Module_pGAC7OptionsVSgAA08AnalysisJ0CySo06CMTimeL0a_S2btcSgntYaKcfC	System/Library/Frameworks/Speech.framework/Speech.tbd
_$s6Speech0A8AnalyzerC6client14inputAudioFile7modules7options15analysisContext27volatileRangeChangedHandlerAcA10ClientInfoV_So07AVAudioF0CSayAA0A6Module_pGAC7OptionsVSgAA08AnalysisJ0CySo06CMTimeL0a_S2btcSgntYaKcfCTu	System/Library/Frameworks/Speech.framework/Speech.tbd
_$s6Speech0A8AnalyzerC6client14inputAudioFile7modules7options15analysisContext27volatileRangeChangedHandlerAcA10ClientInfoV_So07AVAudioF0CSayAA0A6Module_pGAC7OptionsVSgAA08AnalysisJ0CySo06CMTimeL0a_S2btcSgntYaKcfc	System/Library/Frameworks/Speech.framework/Speech.tbd
_$s6Speech0A8AnalyzerC6client14inputAudioFile7modules7options15analysisContext27volatileRangeChangedHandlerAcA10ClientInfoV_So07AVAudioF0CSayAA0A6Module_pGAC7OptionsVSgAA08AnalysisJ0CySo06CMTimeL0a_S2btcSgntYaKcfcTu	System/Library/Frameworks/Speech.framework/Speech.tbd
_$s6Speech0A8AnalyzerC6client14inputAudioFile7modules7options17restrictedLogging15analysisContext22didChangeVolatileRangeAcA10ClientInfoV_10Foundation3URLVSayAA14ModuleProtocol_pGAA15AnalysisOptionsVSgSbAA0wL0CySo06CMTimeP0a_S2btYbcSgtYaKcfC	System/Library/Frameworks/Speech.framework/Speech.tbd
_$s6Speech0A8AnalyzerC6client14inputAudioFile7modules7options17restrictedLogging15analysisContext22didChangeVolatileRangeAcA10ClientInfoV_10Foundation3URLVSayAA14ModuleProtocol_pGAA15AnalysisOptionsVSgSbAA0wL0CySo06CMTimeP0a_S2btYbcSgtYaKcfCTu	System/Library/Frameworks/Speech.framework/Speech.tbd
_$s6Speech0A8AnalyzerC6client14inputAudioFile7modules7options17restrictedLogging15analysisContext22didChangeVolatileRangeAcA10ClientInfoV_10Foundation3URLVSayAA14ModuleProtocol_pGAA15AnalysisOptionsVSgSbAA0wL0CySo06CMTimeP0a_S2btYbcSgtYaKcfc	System/Library/Frameworks/Speech.framework/Speech.tbd
_$s6Speech0A8AnalyzerC6client14inputAudioFile7modules7options17restrictedLogging15analysisContext22didChangeVolatileRangeAcA10ClientInfoV_10Foundation3URLVSayAA14ModuleProtocol_pGAA15AnalysisOptionsVSgSbAA0wL0CySo06CMTimeP0a_S2btYbcSgtYaKcfcTu	System/Library/Frameworks/Speech.framework/Speech.tbd
_$s6Speech0A8AnalyzerC6client14inputAudioFile7modules7options17restrictedLogging15analysisContext22didChangeVolatileRangeAcA10ClientInfoV_10Foundation3URLVSayAA14ModuleProtocol_pGAA15AnalysisOptionsVSgSbAA0wL0CySo06CMTimeP0a_S2btcSgntYaKcfC	System/Library/Frameworks/Speech.framework/Speech.tbd
_$s6Speech0A8AnalyzerC6client14inputAudioFile7modules7options17restrictedLogging15analysisContext22didChangeVolatileRangeAcA10ClientInfoV_10Foundation3URLVSayAA14ModuleProtocol_pGAA15AnalysisOptionsVSgSbAA0wL0CySo06CMTimeP0a_S2btcSgntYaKcfCTu	System/Library/Frameworks/Speech.framework/Speech.tbd
_$s6Speech0A8AnalyzerC6client14inputAudioFile7modules7options17restrictedLogging15analysisContext22didChangeVolatileRangeAcA10ClientInfoV_10Foundation3URLVSayAA14ModuleProtocol_pGAA15AnalysisOptionsVSgSbAA0wL0CySo06CMTimeP0a_S2btcSgntYaKcfc	System/Library/Frameworks/Speech.framework/Speech.tbd
_$s6Speech0A8AnalyzerC6client14inputAudioFile7modules7options17restrictedLogging15analysisContext22didChangeVolatileRangeAcA10ClientInfoV_10Foundation3URLVSayAA14ModuleProtocol_pGAA15AnalysisOptionsVSgSbAA0wL0CySo06CMTimeP0a_S2btcSgntYaKcfcTu	System/Library/Frameworks/Speech.framework/Speech.tbd
_$s6Speech0A8AnalyzerC6client14inputAudioFile7modules7options17restrictedLogging15analysisContext22didChangeVolatileRangeAcA10ClientInfoV_So07AVAudioF0CSayAA0A6Module_pGAA15AnalysisOptionsVSgSbAA0uL0CySo06CMTimeP0a_S2btcSgntYaKcfC	System/Library/Frameworks/Speech.framework/Speech.tbd
_$s6Speech0A8AnalyzerC6client14inputAudioFile7modules7options17restrictedLogging15analysisContext22didChangeVolatileRangeAcA10ClientInfoV_So07AVAudioF0CSayAA0A6Module_pGAA15AnalysisOptionsVSgSbAA0uL0CySo06CMTimeP0a_S2btcSgntYaKcfCTu	System/Library/Frameworks/Speech.framework/Speech.tbd
_$s6Speech0A8AnalyzerC6client14inputAudioFile7modules7options17restrictedLogging15analysisContext22didChangeVolatileRangeAcA10ClientInfoV_So07AVAudioF0CSayAA0A6Module_pGAA15AnalysisOptionsVSgSbAA0uL0CySo06CMTimeP0a_S2btcSgntYaKcfc	System/Library/Frameworks/Speech.framework/Speech.tbd
_$s6Speech0A8AnalyzerC6client14inputAudioFile7modules7options17restrictedLogging15analysisContext22didChangeVolatileRangeAcA10ClientInfoV_So07AVAudioF0CSayAA0A6Module_pGAA15AnalysisOptionsVSgSbAA0uL0CySo06CMTimeP0a_S2btcSgntYaKcfcTu	System/Library/Frameworks/Speech.framework/Speech.tbd
_$s6Speech0A8AnalyzerC6client14inputAudioFile7modules7options17restrictedLogging15analysisContext27volatileRangeChangedHandlerAcA10ClientInfoV_So07AVAudioF0CSayAA0A6Module_pGAA15AnalysisOptionsVSgSbAA0uL0CySo06CMTimeN0a_S2btcSgntYaKcfC	System/Library/Frameworks/Speech.framework/Speech.tbd
_$s6Speech0A8AnalyzerC6client14inputAudioFile7modules7options17restrictedLogging15analysisContext27volatileRangeChangedHandlerAcA10ClientInfoV_So07AVAudioF0CSayAA0A6Module_pGAA15AnalysisOptionsVSgSbAA0uL0CySo06CMTimeN0a_S2btcSgntYaKcfCTu	System/Library/Frameworks/Speech.framework/Speech.tbd
_$s6Speech0A8AnalyzerC6client14inputAudioFile7modules7options17restrictedLogging15analysisContext27volatileRangeChangedHandlerAcA10ClientInfoV_So07AVAudioF0CSayAA0A6Module_pGAA15AnalysisOptionsVSgSbAA0uL0CySo06CMTimeN0a_S2btcSgntYaKcfc	System/Library/Frameworks/Speech.framework/Speech.tbd
_$s6Speech0A8AnalyzerC6client14inputAudioFile7modules7options17restrictedLogging15analysisContext27volatileRangeChangedHandlerAcA10ClientInfoV_So07AVAudioF0CSayAA0A6Module_pGAA15AnalysisOptionsVSgSbAA0uL0CySo06CMTimeN0a_S2btcSgntYaKcfcTu	System/Library/Frameworks/Speech.framework/Speech.tbd
_$s6Speech0A8AnalyzerC6client7modules7options17restrictedLogging22didChangeVolatileRangeAcA10ClientInfoV_SayAA0A6Module_pGAA15AnalysisOptionsVSgSbySo06CMTimeK0a_S2btcSgntcfC	System/Library/Frameworks/Speech.framework/Speech.tbd
_$s6Speech0A8AnalyzerC6client7modules7options17restrictedLogging22didChangeVolatileRangeAcA10ClientInfoV_SayAA0A6Module_pGAA15AnalysisOptionsVSgSbySo06CMTimeK0a_S2btcSgntcfc	System/Library/Frameworks/Speech.framework/Speech.tbd
_$s6Speech0A8AnalyzerC6client7modules7options17restrictedLogging22didChangeVolatileRangeAcA10ClientInfoV_SayAA14ModuleProtocol_pGAA15AnalysisOptionsVSgSbySo06CMTimeK0a_S2btYbcSgtcfC	System/Library/Frameworks/Speech.framework/Speech.tbd
_$s6Speech0A8AnalyzerC6client7modules7options17restrictedLogging22didChangeVolatileRangeAcA10ClientInfoV_SayAA14ModuleProtocol_pGAA15AnalysisOptionsVSgSbySo06CMTimeK0a_S2btYbcSgtcfc	System/Library/Frameworks/Speech.framework/Speech.tbd
_$s6Speech0A8AnalyzerC6client7modules7options17restrictedLogging22didChangeVolatileRangeAcA10ClientInfoV_SayAA14ModuleProtocol_pGAA15AnalysisOptionsVSgSbySo06CMTimeK0a_S2btcSgntcfC	System/Library/Frameworks/Speech.framework/Speech.tbd
_$s6Speech0A8AnalyzerC6client7modules7options17restrictedLogging22didChangeVolatileRangeAcA10ClientInfoV_SayAA14ModuleProtocol_pGAA15AnalysisOptionsVSgSbySo06CMTimeK0a_S2btcSgntcfc	System/Library/Frameworks/Speech.framework/Speech.tbd
_$s6Speech0A8AnalyzerC6client7modules7options17restrictedLoggingAcA10ClientInfoV_SayAA0A6Module_pGAA15AnalysisOptionsVSgSbtcfC	System/Library/Frameworks/Speech.framework/Speech.tbd
_$s6Speech0A8AnalyzerC6client7modules7options17restrictedLoggingAcA10ClientInfoV_SayAA0A6Module_pGAA15AnalysisOptionsVSgSbtcfc	System/Library/Frameworks/Speech.framework/Speech.tbd
_$s6Speech0A8AnalyzerC6client7modules7optionsAcA10ClientInfoV_SayAA0A6Module_pGAC7OptionsVSgtcfC	System/Library/Frameworks/Speech.framework/Speech.tbd
_$s6Speech0A8AnalyzerC6client7modules7optionsAcA10ClientInfoV_SayAA0A6Module_pGAC7OptionsVSgtcfCTj	System/Library/Frameworks/Speech.framework/Speech.tbd
_$s6Speech0A8AnalyzerC6client7modules7optionsAcA10ClientInfoV_SayAA0A6Module_pGAC7OptionsVSgtcfCTq	System/Library/Frameworks/Speech.framework/Speech.tbd
_$s6Speech0A8AnalyzerC6client7modules7optionsAcA10ClientInfoV_SayAA0A6Module_pGAC7OptionsVSgtcfc	System/Library/Frameworks/Speech.framework/Speech.tbd
_$s6Speech0A8AnalyzerC6finish5afterySo6CMTimea_tYaKF	System/Library/Frameworks/Speech.framework/Speech.tbd
_$s6Speech0A8AnalyzerC6finish5afterySo6CMTimea_tYaKFTu	System/Library/Frameworks/Speech.framework/Speech.tbd
_$s6Speech0A8AnalyzerC7OptionsV12PowerContextV2eeoiySbAG_AGtFZ	System/Library/Frameworks/Speech.framework/Speech.tbd
_$s6Speech0A8AnalyzerC7OptionsV12PowerContextV3ane3cpu3gpuAGSS_S2StcfC	System/Library/Frameworks/Speech.framework/Speech.tbd
_$s6Speech0A8AnalyzerC7OptionsV12PowerContextV3aneSSvg	System/Library/Frameworks/Speech.framework/Speech.tbd
_$s6Speech0A8AnalyzerC7OptionsV12PowerContextV3aneSSvpMV	System/Library/Frameworks/Speech.framework/Speech.tbd
_$s6Speech0A8AnalyzerC7OptionsV12PowerContextV3cpuSSvg	System/Library/Frameworks/Speech.framework/Speech.tbd
_$s6Speech0A8AnalyzerC7OptionsV12PowerContextV3cpuSSvpMV	System/Library/Frameworks/Speech.framework/Speech.tbd
_$s6Speech0A8AnalyzerC7OptionsV12PowerContextV3gpuSSvg	System/Library/Frameworks/Speech.framework/Speech.tbd
_$s6Speech0A8AnalyzerC7OptionsV12PowerContextV3gpuSSvpMV	System/Library/Frameworks/Speech.framework/Speech.tbd
_$s6Speech0A8AnalyzerC7OptionsV12PowerContextV4hash4intoys6HasherVz_tF	System/Library/Frameworks/Speech.framework/Speech.tbd
_$s6Speech0A8AnalyzerC7OptionsV12PowerContextV9hashValueSivg	System/Library/Frameworks/Speech.framework/Speech.tbd
_$s6Speech0A8AnalyzerC7OptionsV12PowerContextV9hashValueSivpMV	System/Library/Frameworks/Speech.framework/Speech.tbd
_$s6Speech0A8AnalyzerC7OptionsV12PowerContextVMa	System/Library/Frameworks/Speech.framework/Speech.tbd
_$s6Speech0A8AnalyzerC7OptionsV12PowerContextVMn	System/Library/Frameworks/Speech.framework/Speech.tbd
_$s6Speech0A8AnalyzerC7OptionsV12PowerContextVN	System/Library/Frameworks/Speech.framework/Speech.tbd
_$s6Speech0A8AnalyzerC7OptionsV12PowerContextVSHAAMc	System/Library/Frameworks/Speech.framework/Speech.tbd
_$s6Speech0A8AnalyzerC7OptionsV12PowerContextVSQAAMc	System/Library/Frameworks/Speech.framework/Speech.tbd
_$s6Speech0A8AnalyzerC7OptionsV12powerContextAE05PowerE0VSgvg	System/Library/Frameworks/Speech.framework/Speech.tbd
_$s6Speech0A8AnalyzerC7OptionsV12powerContextAE05PowerE0VSgvpMV	System/Library/Frameworks/Speech.framework/Speech.tbd
_$s6Speech0A8AnalyzerC7OptionsV14ModelRetentionO10whileInUseyA2GmFWC	System/Library/Frameworks/Speech.framework/Speech.tbd
_$s6Speech0A8AnalyzerC7OptionsV14ModelRetentionO15processLifetimeyA2GmFWC	System/Library/Frameworks/Speech.framework/Speech.tbd
_$s6Speech0A8AnalyzerC7OptionsV14ModelRetentionO2eeoiySbAG_AGtFZ	System/Library/Frameworks/Speech.framework/Speech.tbd
_$s6Speech0A8AnalyzerC7OptionsV14ModelRetentionO31lingeringWithKeepANEModelLoadedyA2GmFWC	System/Library/Frameworks/Speech.framework/Speech.tbd
_$s6Speech0A8AnalyzerC7OptionsV14ModelRetentionO37processLifetimeWithKeepANEModelLoadedyA2GmFWC	System/Library/Frameworks/Speech.framework/Speech.tbd
_$s6Speech0A8AnalyzerC7OptionsV14ModelRetentionO4hash4intoys6HasherVz_tF	System/Library/Frameworks/Speech.framework/Speech.tbd
_$s6Speech0A8AnalyzerC7OptionsV14ModelRetentionO8allCasesSayAGGvgZ	System/Library/Frameworks/Speech.framework/Speech.tbd
_$s6Speech0A8AnalyzerC7OptionsV14ModelRetentionO8allCasesSayAGGvpZMV	System/Library/Frameworks/Speech.framework/Speech.tbd
_$s6Speech0A8AnalyzerC7OptionsV14ModelRetentionO9hashValueSivg	System/Library/Frameworks/Speech.framework/Speech.tbd
_$s6Speech0A8AnalyzerC7OptionsV14ModelRetentionO9hashValueSivpMV	System/Library/Frameworks/Speech.framework/Speech.tbd
_$s6Speech0A8AnalyzerC7OptionsV14ModelRetentionO9lingeringyA2GmFWC	System/Library/Frameworks/Speech.framework/Speech.tbd
_$s6Speech0A8AnalyzerC7OptionsV14ModelRetentionOMa	System/Library/Frameworks/Speech.framework/Speech.tbd
_$s6Speech0A8AnalyzerC7OptionsV14ModelRetentionOMn	System/Library/Frameworks/Speech.framework/Speech.tbd
_$s6Speech0A8AnalyzerC7OptionsV14ModelRetentionON	System/Library/Frameworks/Speech.framework/Speech.tbd
_$s6Speech0A8AnalyzerC7OptionsV14ModelRetentionOSHAAMc	System/Library/Frameworks/Speech.framework/Speech.tbd
_$s6Speech0A8AnalyzerC7OptionsV14ModelRetentionOSQAAMc	System/Library/Frameworks/Speech.framework/Speech.tbd
_$s6Speech0A8AnalyzerC7OptionsV14ModelRetentionOs12CaseIterableAAMc	System/Library/Frameworks/Speech.framework/Speech.tbd
_$s6Speech0A8AnalyzerC7OptionsV14modelRetentionAE05ModelE0Ovg	System/Library/Frameworks/Speech.framework/Speech.tbd
_$s6Speech0A8AnalyzerC7OptionsV14modelRetentionAE05ModelE0OvpMV	System/Library/Frameworks/Speech.framework/Speech.tbd
_$s6Speech0A8AnalyzerC7OptionsV2eeoiySbAE_AEtFZ	System/Library/Frameworks/Speech.framework/Speech.tbd
_$s6Speech0A8AnalyzerC7OptionsV8priority14modelRetention12powerContextAEScP_AE05ModelF0OAE05PowerH0VSgtcfC	System/Library/Frameworks/Speech.framework/Speech.tbd
_$s6Speech0A8AnalyzerC7OptionsV8priority14modelRetentionAEScP_AE05ModelF0OtcfC	System/Library/Frameworks/Speech.framework/Speech.tbd
_$s6Speech0A8AnalyzerC7OptionsV8priorityScPvg	System/Library/Frameworks/Speech.framework/Speech.tbd
_$s6Speech0A8AnalyzerC7OptionsV8priorityScPvpMV	System/Library/Frameworks/Speech.framework/Speech.tbd
_$s6Speech0A8AnalyzerC7OptionsVMa	System/Library/Frameworks/Speech.framework/Speech.tbd
_$s6Speech0A8AnalyzerC7OptionsVMn	System/Library/Frameworks/Speech.framework/Speech.tbd
_$s6Speech0A8AnalyzerC7OptionsVN	System/Library/Frameworks/Speech.framework/Speech.tbd
_$s6Speech0A8AnalyzerC7OptionsVSQAAMc	System/Library/Frameworks/Speech.framework/Speech.tbd
_$s6Speech0A8AnalyzerC7contextAA15AnalysisContextCvg	System/Library/Frameworks/Speech.framework/Speech.tbd
_$s6Speech0A8AnalyzerC7contextAA15AnalysisContextCvgTu	System/Library/Frameworks/Speech.framework/Speech.tbd
_$s6Speech0A8AnalyzerC7contextAA15AnalysisContextCvpMV	System/Library/Frameworks/Speech.framework/Speech.tbd
_$s6Speech0A8AnalyzerC7modules7optionsACSayAA0A6Module_pG_AC7OptionsVSgtcfC	System/Library/Frameworks/Speech.framework/Speech.tbd
_$s6Speech0A8AnalyzerC7modules7optionsACSayAA0A6Module_pG_AC7OptionsVSgtcfc	System/Library/Frameworks/Speech.framework/Speech.tbd
_$s6Speech0A8AnalyzerC7modulesSayAA0A6Module_pGvg	System/Library/Frameworks/Speech.framework/Speech.tbd
_$s6Speech0A8AnalyzerC7modulesSayAA0A6Module_pGvpMV	System/Library/Frameworks/Speech.framework/Speech.tbd
_$s6Speech0A8AnalyzerC8finalize7throughySo6CMTimeaSg_tYaKF	System/Library/Frameworks/Speech.framework/Speech.tbd
_$s6Speech0A8AnalyzerC8finalize7throughySo6CMTimeaSg_tYaKFTu	System/Library/Frameworks/Speech.framework/Speech.tbd
_$s6Speech0A8AnalyzerC8userDataSDyAA15AnalysisContextC04UserD3TagVs8Sendable_pGvg	System/Library/Frameworks/Speech.framework/Speech.tbd
_$s6Speech0A8AnalyzerC8userDataSDyAA15AnalysisContextC04UserD3TagVs8Sendable_pGvgTu	System/Library/Frameworks/Speech.framework/Speech.tbd
_$s6Speech0A8AnalyzerC8userDataSDyAA15AnalysisContextC04UserD3TagVs8Sendable_pGvpMV	System/Library/Frameworks/Speech.framework/Speech.tbd
_$s6Speech0A8AnalyzerCMa	System/Library/Frameworks/Speech.framework/Speech.tbd
_$s6Speech0A8AnalyzerCMm	System/Library/Frameworks/Speech.framework/Speech.tbd
_$s6Speech0A8AnalyzerCMn	System/Library/Frameworks/Speech.framework/Speech.tbd
_$s6Speech0A8AnalyzerCMo	System/Library/Frameworks/Speech.framework/Speech.tbd
_$s6Speech0A8AnalyzerCMu	System/Library/Frameworks/Speech.framework/Speech.tbd
_$s6Speech0A8AnalyzerCN	System/Library/Frameworks/Speech.framework/Speech.tbd
_$s6Speech0A8AnalyzerCScAAAMc	System/Library/Frameworks/Speech.framework/Speech.tbd
_$s6Speech0A8AnalyzerCfD	System/Library/Frameworks/Speech.framework/Speech.tbd
_$s6Speech0A8AnalyzerCfd	System/Library/Frameworks/Speech.framework/Speech.tbd
_$s6Speech0A8DetectorC16DetectionOptionsV16sensitivityLevelAC011SensitivityF0Ovg	System/Library/Frameworks/Speech.framework/Speech.tbd
_$s6Speech0A8DetectorC16DetectionOptionsV16sensitivityLevelAC011SensitivityF0OvpMV	System/Library/Frameworks/Speech.framework/Speech.tbd
_$s6Speech0A8DetectorC16DetectionOptionsV16sensitivityLevelAeC011SensitivityF0O_tcfC	System/Library/Frameworks/Speech.framework/Speech.tbd
_$s6Speech0A8DetectorC16DetectionOptionsV2eeoiySbAE_AEtFZ	System/Library/Frameworks/Speech.framework/Speech.tbd
_$s6Speech0A8DetectorC16DetectionOptionsV4hash4intoys6HasherVz_tF	System/Library/Frameworks/Speech.framework/Speech.tbd
_$s6Speech0A8DetectorC16DetectionOptionsV9hashValueSivg	System/Library/Frameworks/Speech.framework/Speech.tbd
_$s6Speech0A8DetectorC16DetectionOptionsV9hashValueSivpMV	System/Library/Frameworks/Speech.framework/Speech.tbd
_$s6Speech0A8DetectorC16DetectionOptionsVMa	System/Library/Frameworks/Speech.framework/Speech.tbd
_$s6Speech0A8DetectorC16DetectionOptionsVMn	System/Library/Frameworks/Speech.framework/Speech.tbd
_$s6Speech0A8DetectorC16DetectionOptionsVN	System/Library/Frameworks/Speech.framework/Speech.tbd
_$s6Speech0A8DetectorC16DetectionOptionsVSHAAMc	System/Library/Frameworks/Speech.framework/Speech.tbd
_$s6Speech0A8DetectorC16DetectionOptionsVSQAAMc	System/Library/Frameworks/Speech.framework/Speech.tbd
_$s6Speech0A8DetectorC16SensitivityLevelO3lowyA2EmFWC	System/Library/Frameworks/Speech.framework/Speech.tbd
_$s6Speech0A8DetectorC16SensitivityLevelO4highyA2EmFWC	System/Library/Frameworks/Speech.framework/Speech.tbd
_$s6Speech0A8DetectorC16SensitivityLevelO6mediumyA2EmFWC	System/Library/Frameworks/Speech.framework/Speech.tbd
_$s6Speech0A8DetectorC16SensitivityLevelO8allCasesSayAEGvgZ	System/Library/Frameworks/Speech.framework/Speech.tbd
_$s6Speech0A8DetectorC16SensitivityLevelO8allCasesSayAEGvpZMV	System/Library/Frameworks/Speech.framework/Speech.tbd
_$s6Speech0A8DetectorC16SensitivityLevelO8rawValueAESgSi_tcfC	System/Library/Frameworks/Speech.framework/Speech.tbd
_$s6Speech0A8DetectorC16SensitivityLevelO8rawValueSivg	System/Library/Frameworks/Speech.framework/Speech.tbd
_$s6Speech0A8DetectorC16SensitivityLevelO8rawValueSivpMV	System/Library/Frameworks/Speech.framework/Speech.tbd
_$s6Speech0A8DetectorC16SensitivityLevelOMa	System/Library/Frameworks/Speech.framework/Speech.tbd
_$s6Speech0A8DetectorC16SensitivityLevelOMn	System/Library/Frameworks/Speech.framework/Speech.tbd
_$s6Speech0A8DetectorC16SensitivityLevelON	System/Library/Frameworks/Speech.framework/Speech.tbd
_$s6Speech0A8DetectorC16SensitivityLevelOSHAAMc	System/Library/Frameworks/Speech.framework/Speech.tbd
_$s6Speech0A8DetectorC16SensitivityLevelOSQAAMc	System/Library/Frameworks/Speech.framework/Speech.tbd
_$s6Speech0A8DetectorC16SensitivityLevelOSYAAMc	System/Library/Frameworks/Speech.framework/Speech.tbd
_$s6Speech0A8DetectorC16SensitivityLevelOs12CaseIterableAAMc	System/Library/Frameworks/Speech.framework/Speech.tbd
_$s6Speech0A8DetectorC16detectionOptions13reportResultsA2C09DetectionD0V_SbtcfC	System/Library/Frameworks/Speech.framework/Speech.tbd
_$s6Speech0A8DetectorC16detectionOptions13reportResultsA2C09DetectionD0V_SbtcfCTj	System/Library/Frameworks/Speech.framework/Speech.tbd
_$s6Speech0A8DetectorC16detectionOptions13reportResultsA2C09DetectionD0V_SbtcfCTq	System/Library/Frameworks/Speech.framework/Speech.tbd
_$s6Speech0A8DetectorC16detectionOptions13reportResultsA2C09DetectionD0V_Sbtcfc	System/Library/Frameworks/Speech.framework/Speech.tbd
_$s6Speech0A8DetectorC26recognizerObjectIdentifierSOSgvg	System/Library/Frameworks/Speech.framework/Speech.tbd
_$s6Speech0A8DetectorC26recognizerObjectIdentifierSOSgvpMV	System/Library/Frameworks/Speech.framework/Speech.tbd
_$s6Speech0A8DetectorC31availableCompatibleAudioFormats8clientIDSaySo13AVAudioFormatCGSS_tF	System/Library/Frameworks/Speech.framework/Speech.tbd
_$s6Speech0A8DetectorC31availableCompatibleAudioFormatsSaySo13AVAudioFormatCGvg	System/Library/Frameworks/Speech.framework/Speech.tbd
_$s6Speech0A8DetectorC31availableCompatibleAudioFormatsSaySo13AVAudioFormatCGvpMV	System/Library/Frameworks/Speech.framework/Speech.tbd
_$s6Speech0A8DetectorC6ResultV11descriptionSSvg	System/Library/Frameworks/Speech.framework/Speech.tbd
_$s6Speech0A8DetectorC6ResultV11descriptionSSvpMV	System/Library/Frameworks/Speech.framework/Speech.tbd
_$s6Speech0A8DetectorC6ResultV14speechDetectedSbvg	System/Library/Frameworks/Speech.framework/Speech.tbd
_$s6Speech0A8DetectorC6ResultV14speechDetectedSbvpMV	System/Library/Frameworks/Speech.framework/Speech.tbd
_$s6Speech0A8DetectorC6ResultV23resultsFinalizationTimeSo6CMTimeavg	System/Library/Frameworks/Speech.framework/Speech.tbd
_$s6Speech0A8DetectorC6ResultV23resultsFinalizationTimeSo6CMTimeavpMV	System/Library/Frameworks/Speech.framework/Speech.tbd
_$s6Speech0A8DetectorC6ResultV5rangeSo11CMTimeRangeavg	System/Library/Frameworks/Speech.framework/Speech.tbd
_$s6Speech0A8DetectorC6ResultV5rangeSo11CMTimeRangeavpMV	System/Library/Frameworks/Speech.framework/Speech.tbd
_$s6Speech0A8DetectorC6ResultVAA0a6ModuleC0AAMc	System/Library/Frameworks/Speech.framework/Speech.tbd
_$s6Speech0A8DetectorC6ResultVAA0a6ModuleC0AAWP	System/Library/Frameworks/Speech.framework/Speech.tbd
_$s6Speech0A8DetectorC6ResultVMa	System/Library/Frameworks/Speech.framework/Speech.tbd
_$s6Speech0A8DetectorC6ResultVMn	System/Library/Frameworks/Speech.framework/Speech.tbd
_$s6Speech0A8DetectorC6ResultVN	System/Library/Frameworks/Speech.framework/Speech.tbd
_$s6Speech0A8DetectorC6ResultVs23CustomStringConvertibleAAMc	System/Library/Frameworks/Speech.framework/Speech.tbd
_$s6Speech0A8DetectorC7resultsQrvg	System/Library/Frameworks/Speech.framework/Speech.tbd
_$s6Speech0A8DetectorC7resultsQrvpMV	System/Library/Frameworks/Speech.framework/Speech.tbd
_$s6Speech0A8DetectorC7resultsQrvpQOMQ	System/Library/Frameworks/Speech.framework/Speech.tbd
_$s6Speech0A8DetectorCAA0A6ModuleAAMc	System/Library/Frameworks/Speech.framework/Speech.tbd
_$s6Speech0A8DetectorCAA0A6ModuleAAWP	System/Library/Frameworks/Speech.framework/Speech.tbd
_$s6Speech0A8DetectorCAA14ModuleProtocolAAMc	System/Library/Frameworks/Speech.framework/Speech.tbd
_$s6Speech0A8DetectorCAA14ModuleProtocolAAWP	System/Library/Frameworks/Speech.framework/Speech.tbd
_$s6Speech0A8DetectorCACycfC	System/Library/Frameworks/Speech.framework/Speech.tbd
_$s6Speech0A8DetectorCACycfc	System/Library/Frameworks/Speech.framework/Speech.tbd
_$s6Speech0A8DetectorCMa	System/Library/Frameworks/Speech.framework/Speech.tbd
_$s6Speech0A8DetectorCMm	System/Library/Frameworks/Speech.framework/Speech.tbd
_$s6Speech0A8DetectorCMn	System/Library/Frameworks/Speech.framework/Speech.tbd
_$s6Speech0A8DetectorCMo	System/Library/Frameworks/Speech.framework/Speech.tbd
_$s6Speech0A8DetectorCMu	System/Library/Frameworks/Speech.framework/Speech.tbd
_$s6Speech0A8DetectorCN	System/Library/Frameworks/Speech.framework/Speech.tbd
_$s6Speech0A8DetectorCfD	System/Library/Frameworks/Speech.framework/Speech.tbd
_$s6Speech0A8DetectorCfd	System/Library/Frameworks/Speech.framework/Speech.tbd
_$s6Speech0A8DonationV0A9AttributeV2eeoiySbAE_AEtFZ	System/Library/Frameworks/Speech.framework/Speech.tbd
_$s6Speech0A8DonationV0A9AttributeV4hash4intoys6HasherVz_tF	System/Library/Frameworks/Speech.framework/Speech.tbd
_$s6Speech0A8DonationV0A9AttributeV8atypicalAEvgZ	System/Library/Frameworks/Speech.framework/Speech.tbd
_$s6Speech0A8DonationV0A9AttributeV8atypicalAEvpZMV	System/Library/Frameworks/Speech.framework/Speech.tbd
_$s6Speech0A8DonationV0A9AttributeV9hashValueSivg	System/Library/Frameworks/Speech.framework/Speech.tbd
_$s6Speech0A8DonationV0A9AttributeV9hashValueSivpMV	System/Library/Frameworks/Speech.framework/Speech.tbd
_$s6Speech0A8DonationV0A9AttributeVMa	System/Library/Frameworks/Speech.framework/Speech.tbd
_$s6Speech0A8DonationV0A9AttributeVMn	System/Library/Frameworks/Speech.framework/Speech.tbd
_$s6Speech0A8DonationV0A9AttributeVN	System/Library/Frameworks/Speech.framework/Speech.tbd
_$s6Speech0A8DonationV0A9AttributeVSHAAMc	System/Library/Frameworks/Speech.framework/Speech.tbd
_$s6Speech0A8DonationV0A9AttributeVSQAAMc	System/Library/Frameworks/Speech.framework/Speech.tbd
_$s6Speech0A8DonationV10evaluationAC23TranscriptionEvaluationVSgvg	System/Library/Frameworks/Speech.framework/Speech.tbd
_$s6Speech0A8DonationV10evaluationAC23TranscriptionEvaluationVSgvpMV	System/Library/Frameworks/Speech.framework/Speech.tbd
_$s6Speech0A8DonationV11AudioSourceV13captureDeviceyAESo09AVCaptureF0CFZ	System/Library/Frameworks/Speech.framework/Speech.tbd
_$s6Speech0A8DonationV11AudioSourceV2eeoiySbAE_AEtFZ	System/Library/Frameworks/Speech.framework/Speech.tbd
_$s6Speech0A8DonationV11AudioSourceVMa	System/Library/Frameworks/Speech.framework/Speech.tbd
_$s6Speech0A8DonationV11AudioSourceVMn	System/Library/Frameworks/Speech.framework/Speech.tbd
_$s6Speech0A8DonationV11AudioSourceVN	System/Library/Frameworks/Speech.framework/Speech.tbd
_$s6Speech0A8DonationV11AudioSourceVSQAAMc	System/Library/Frameworks/Speech.framework/Speech.tbd
_$s6Speech0A8DonationV11audioFormatSo07AVAudioD0Cvg	System/Library/Frameworks/Speech.framework/Speech.tbd
_$s6Speech0A8DonationV11audioFormatSo07AVAudioD0CvpMV	System/Library/Frameworks/Speech.framework/Speech.tbd
_$s6Speech0A8DonationV11audioSourceAC05AudioD0VSgvg	System/Library/Frameworks/Speech.framework/Speech.tbd
_$s6Speech0A8DonationV11audioSourceAC05AudioD0VSgvpMV	System/Library/Frameworks/Speech.framework/Speech.tbd
_$s6Speech0A8DonationV13donorBundleID13recordingDate11audioFormat0H4Data6locale13transcription10evaluation16speechAttributes8taskHint0H6Source0c9ReferenceE0ACSS_10Foundation0G0VSo07AVAudioI0CAO0J0VAO6LocaleVSSAC23TranscriptionEvaluationVSgShyAC0A9AttributeVGSo023SFSpeechRecognitionTaskQ0VSgAC05AudioR0VSgSSSgtcfC	System/Library/Frameworks/Speech.framework/Speech.tbd
_$s6Speech0A8DonationV13donorBundleID13recordingDate11audioFormat0H4Data6locale13transcription10evaluation16speechAttributes8taskHint0H6SourceACSS_10Foundation0G0VSo07AVAudioI0CAN0J0VAN6LocaleVSSAC23TranscriptionEvaluationVSgShyAC0A9AttributeVGAA04TaskQ0OSgAC05AudioR0VSgtcfC	System/Library/Frameworks/Speech.framework/Speech.tbd
_$s6Speech0A8DonationV13donorBundleID13recordingDate12audioBuffers6locale13transcription10evaluation16speechAttributes8taskHint0H6Source0c9ReferenceE0ACSS_10Foundation0G0VSaySo16AVAudioPCMBufferCGAN6LocaleVSSAC23TranscriptionEvaluationVSgShyAC0A9AttributeVGSo023SFSpeechRecognitionTaskP0VSgAC05AudioQ0VSgSSSgtcfC	System/Library/Frameworks/Speech.framework/Speech.tbd
_$s6Speech0A8DonationV13donorBundleID13recordingDate12audioBuffers6locale13transcription10evaluation16speechAttributes8taskHint0H6SourceACSS_10Foundation0G0VSaySo16AVAudioPCMBufferCGAM6LocaleVSSAC23TranscriptionEvaluationVSgShyAC0A9AttributeVGAA04TaskP0OSgAC05AudioQ0VSgtcfC	System/Library/Frameworks/Speech.framework/Speech.tbd
_$s6Speech0A8DonationV13donorBundleID13recordingDate9audioFile6locale13transcription10evaluation16speechAttributes8taskHint0H6SourceACSgSS_10Foundation0G0VAN3URLVAN6LocaleVSSAC23TranscriptionEvaluationVSgShyAC0A9AttributeVGAA04TaskP0OSgAC05AudioQ0VSgtcfC	System/Library/Frameworks/Speech.framework/Speech.tbd
_$s6Speech0A8DonationV13donorBundleIDSSvg	System/Library/Frameworks/Speech.framework/Speech.tbd
_$s6Speech0A8DonationV13donorBundleIDSSvpMV	System/Library/Frameworks/Speech.framework/Speech.tbd
_$s6Speech0A8DonationV13recordingDate10Foundation0D0Vvg	System/Library/Frameworks/Speech.framework/Speech.tbd
_$s6Speech0A8DonationV13recordingDate10Foundation0D0VvpMV	System/Library/Frameworks/Speech.framework/Speech.tbd
_$s6Speech0A8DonationV13transcriptionSSvg	System/Library/Frameworks/Speech.framework/Speech.tbd
_$s6Speech0A8DonationV13transcriptionSSvpMV	System/Library/Frameworks/Speech.framework/Speech.tbd
_$s6Speech0A8DonationV16speechAttributesShyAC0A9AttributeVGvg	System/Library/Frameworks/Speech.framework/Speech.tbd
_$s6Speech0A8DonationV16speechAttributesShyAC0A9AttributeVGvpMV	System/Library/Frameworks/Speech.framework/Speech.tbd
_$s6Speech0A8DonationV23TranscriptionEvaluationV10inaccurateAEvgZ	System/Library/Frameworks/Speech.framework/Speech.tbd
_$s6Speech0A8DonationV23TranscriptionEvaluationV10inaccurateAEvpZMV	System/Library/Frameworks/Speech.framework/Speech.tbd
_$s6Speech0A8DonationV23TranscriptionEvaluationV2eeoiySbAE_AEtFZ	System/Library/Frameworks/Speech.framework/Speech.tbd
_$s6Speech0A8DonationV23TranscriptionEvaluationV4hash4intoys6HasherVz_tF	System/Library/Frameworks/Speech.framework/Speech.tbd
_$s6Speech0A8DonationV23TranscriptionEvaluationV8accurateAEvgZ	System/Library/Frameworks/Speech.framework/Speech.tbd
_$s6Speech0A8DonationV23TranscriptionEvaluationV8accurateAEvpZMV	System/Library/Frameworks/Speech.framework/Speech.tbd
_$s6Speech0A8DonationV23TranscriptionEvaluationV8expectedyAESSFZ	System/Library/Frameworks/Speech.framework/Speech.tbd
_$s6Speech0A8DonationV23TranscriptionEvaluationV9hashValueSivg	System/Library/Frameworks/Speech.framework/Speech.tbd
_$s6Speech0A8DonationV23TranscriptionEvaluationV9hashValueSivpMV	System/Library/Frameworks/Speech.framework/Speech.tbd
_$s6Speech0A8DonationV23TranscriptionEvaluationVMa	System/Library/Frameworks/Speech.framework/Speech.tbd
_$s6Speech0A8DonationV23TranscriptionEvaluationVMn	System/Library/Frameworks/Speech.framework/Speech.tbd
_$s6Speech0A8DonationV23TranscriptionEvaluationVN	System/Library/Frameworks/Speech.framework/Speech.tbd
_$s6Speech0A8DonationV23TranscriptionEvaluationVSHAAMc	System/Library/Frameworks/Speech.framework/Speech.tbd
_$s6Speech0A8DonationV23TranscriptionEvaluationVSQAAMc	System/Library/Frameworks/Speech.framework/Speech.tbd
_$s6Speech0A8DonationV6donate014withEnrollmentA2ID10Foundation4UUIDVSgAI_tYaF	System/Library/Frameworks/Speech.framework/Speech.tbd
_$s6Speech0A8DonationV6donate014withEnrollmentA2ID10Foundation4UUIDVSgAI_tYaFTu	System/Library/Frameworks/Speech.framework/Speech.tbd
_$s6Speech0A8DonationV6donate10Foundation4UUIDVSgyYaF	System/Library/Frameworks/Speech.framework/Speech.tbd
_$s6Speech0A8DonationV6donate10Foundation4UUIDVSgyYaFTu	System/Library/Frameworks/Speech.framework/Speech.tbd
_$s6Speech0A8DonationV6locale10Foundation6LocaleVvg	System/Library/Frameworks/Speech.framework/Speech.tbd
_$s6Speech0A8DonationV6locale10Foundation6LocaleVvpMV	System/Library/Frameworks/Speech.framework/Speech.tbd
_$s6Speech0A8DonationV8taskHintAA04TaskD0OSgvg	System/Library/Frameworks/Speech.framework/Speech.tbd
_$s6Speech0A8DonationV8taskHintAA04TaskD0OSgvpMV	System/Library/Frameworks/Speech.framework/Speech.tbd
_$s6Speech0A8DonationVMa	System/Library/Frameworks/Speech.framework/Speech.tbd
_$s6Speech0A8DonationVMn	System/Library/Frameworks/Speech.framework/Speech.tbd
_$s6Speech0A8DonationVN	System/Library/Frameworks/Speech.framework/Speech.tbd
_$s6Speech10ClientInfoV07LoggingC0V24dictationUIInteractionIDSSvg	System/Library/Frameworks/Speech.framework/Speech.tbd
_$s6Speech10ClientInfoV07LoggingC0V24dictationUIInteractionIDSSvpMV	System/Library/Frameworks/Speech.framework/Speech.tbd
_$s6Speech10ClientInfoV07LoggingC0V2eeoiySbAE_AEtFZ	System/Library/Frameworks/Speech.framework/Speech.tbd
_$s6Speech10ClientInfoV07LoggingC0V4hash4intoys6HasherVz_tF	System/Library/Frameworks/Speech.framework/Speech.tbd
_$s6Speech10ClientInfoV07LoggingC0V5asrID07requestF0022dictationUIInteractionF0AE10Foundation4UUIDV_AKSStcfC	System/Library/Frameworks/Speech.framework/Speech.tbd
_$s6Speech10ClientInfoV07LoggingC0V5asrID10Foundation4UUIDVvg	System/Library/Frameworks/Speech.framework/Speech.tbd
_$s6Speech10ClientInfoV07LoggingC0V5asrID10Foundation4UUIDVvpMV	System/Library/Frameworks/Speech.framework/Speech.tbd
_$s6Speech10ClientInfoV07LoggingC0V9hashValueSivg	System/Library/Frameworks/Speech.framework/Speech.tbd
_$s6Speech10ClientInfoV07LoggingC0V9hashValueSivpMV	System/Library/Frameworks/Speech.framework/Speech.tbd
_$s6Speech10ClientInfoV07LoggingC0V9requestID10Foundation4UUIDVvg	System/Library/Frameworks/Speech.framework/Speech.tbd
_$s6Speech10ClientInfoV07LoggingC0V9requestID10Foundation4UUIDVvpMV	System/Library/Frameworks/Speech.framework/Speech.tbd
_$s6Speech10ClientInfoV07LoggingC0VMa	System/Library/Frameworks/Speech.framework/Speech.tbd
_$s6Speech10ClientInfoV07LoggingC0VMn	System/Library/Frameworks/Speech.framework/Speech.tbd
_$s6Speech10ClientInfoV07LoggingC0VN	System/Library/Frameworks/Speech.framework/Speech.tbd
_$s6Speech10ClientInfoV07LoggingC0VSHAAMc	System/Library/Frameworks/Speech.framework/Speech.tbd
_$s6Speech10ClientInfoV07LoggingC0VSQAAMc	System/Library/Frameworks/Speech.framework/Speech.tbd
_$s6Speech10ClientInfoV07loggingC0AC07LoggingC0VSgvg	System/Library/Frameworks/Speech.framework/Speech.tbd
_$s6Speech10ClientInfoV07loggingC0AC07LoggingC0VSgvpMV	System/Library/Frameworks/Speech.framework/Speech.tbd
_$s6Speech10ClientInfoV10identifier15applicationName6source11inputOrigin24dictationUIInteractionIdACSS_S4StcfC	System/Library/Frameworks/Speech.framework/Speech.tbd
_$s6Speech10ClientInfoV10identifier15applicationName6source11inputOriginACSS_S3StcfC	System/Library/Frameworks/Speech.framework/Speech.tbd
_$s6Speech10ClientInfoV10identifier6source15applicationName11inputOrigin07loggingC0ACSS_S2SSgAiC07LoggingC0VSgtcfC	System/Library/Frameworks/Speech.framework/Speech.tbd
_$s6Speech10ClientInfoV10identifierACSS_tcfC	System/Library/Frameworks/Speech.framework/Speech.tbd
_$s6Speech10ClientInfoV10identifierSSvg	System/Library/Frameworks/Speech.framework/Speech.tbd
_$s6Speech10ClientInfoV10identifierSSvpMV	System/Library/Frameworks/Speech.framework/Speech.tbd
_$s6Speech10ClientInfoV11inputOriginSSSgvg	System/Library/Frameworks/Speech.framework/Speech.tbd
_$s6Speech10ClientInfoV11inputOriginSSSgvpMV	System/Library/Frameworks/Speech.framework/Speech.tbd
_$s6Speech10ClientInfoV15applicationNameSSSgvg	System/Library/Frameworks/Speech.framework/Speech.tbd
_$s6Speech10ClientInfoV15applicationNameSSSgvpMV	System/Library/Frameworks/Speech.framework/Speech.tbd
_$s6Speech10ClientInfoV2eeoiySbAC_ACtFZ	System/Library/Frameworks/Speech.framework/Speech.tbd
_$s6Speech10ClientInfoV4hash4intoys6HasherVz_tF	System/Library/Frameworks/Speech.framework/Speech.tbd
_$s6Speech10ClientInfoV6sourceSSvg	System/Library/Frameworks/Speech.framework/Speech.tbd
_$s6Speech10ClientInfoV6sourceSSvpMV	System/Library/Frameworks/Speech.framework/Speech.tbd
_$s6Speech10ClientInfoV9hashValueSivg	System/Library/Frameworks/Speech.framework/Speech.tbd
_$s6Speech10ClientInfoV9hashValueSivpMV	System/Library/Frameworks/Speech.framework/Speech.tbd
_$s6Speech10ClientInfoVMa	System/Library/Frameworks/Speech.framework/Speech.tbd
_$s6Speech10ClientInfoVMn	System/Library/Frameworks/Speech.framework/Speech.tbd
_$s6Speech10ClientInfoVN	System/Library/Frameworks/Speech.framework/Speech.tbd
_$s6Speech10ClientInfoVSHAAMc	System/Library/Frameworks/Speech.framework/Speech.tbd
_$s6Speech10ClientInfoVSQAAMc	System/Library/Frameworks/Speech.framework/Speech.tbd
_$s6Speech11TranscriberC02isA11ProfileUsedSbvg	System/Library/Frameworks/Speech.framework/Speech.tbd
_$s6Speech11TranscriberC02isA11ProfileUsedSbvgTu	System/Library/Frameworks/Speech.framework/Speech.tbd
_$s6Speech11TranscriberC02isA11ProfileUsedSbvpMV	System/Library/Frameworks/Speech.framework/Speech.tbd
_$s6Speech11TranscriberC12ModelOptionsV012supplementalC3URL10Foundation0F0VSgvg	System/Library/Frameworks/Speech.framework/Speech.tbd
_$s6Speech11TranscriberC12ModelOptionsV012supplementalC3URL10Foundation0F0VSgvpMV	System/Library/Frameworks/Speech.framework/Speech.tbd
_$s6Speech11TranscriberC12ModelOptionsV012supplementalC3URL8farField013modelOverrideF014speechProfiles10userIdMask17taskForMemoryLock08atypicalA021enableParallelLoadingAE10Foundation0F0VSg_SbAQSayAPGSDyS2SGSgSSSgS2btcfC	System/Library/Frameworks/Speech.framework/Speech.tbd
_$s6Speech11TranscriberC12ModelOptionsV012supplementalC3URL8farField013modelOverrideF014speechProfiles17taskForMemoryLock08atypicalA021enableParallelLoadingAE10Foundation0F0VSg_SbAPSayAOGSSSgS2btcfC	System/Library/Frameworks/Speech.framework/Speech.tbd
_$s6Speech11TranscriberC12ModelOptionsV012supplementalC3URL8farField013modelOverrideF014speechProfiles17taskForMemoryLock08atypicalA0AE10Foundation0F0VSg_SbAOSayANGSSSgSbtcfC	System/Library/Frameworks/Speech.framework/Speech.tbd
_$s6Speech11TranscriberC12ModelOptionsV012supplementalC3URL8farField13geoLMRegionID013modelOverrideF014speechProfiles10userIdMask17taskForMemoryLock08atypicalA021enableParallelLoading0N17ProfileContainers0X21FullPayloadCorrection08languageC19CustomizationConfigAE10Foundation0F0VSg_SbSSSgAUSayATGSDyS2SGSgAVS2bSaySo24SFSpeechProfileContainerCGSgSbSo016SFSpeechLanguageC13ConfigurationCSgtcfC	System/Library/Frameworks/Speech.framework/Speech.tbd
_$s6Speech11TranscriberC12ModelOptionsV012supplementalC3URL8farField13geoLMRegionID013modelOverrideF014speechProfiles10userIdMask17taskForMemoryLock08atypicalA021enableParallelLoading0N17ProfileContainers0X21FullPayloadCorrectionAE10Foundation0F0VSg_SbSSSgATSayASGSDyS2SGSgAUS2bSaySo24SFSpeechProfileContainerCGSgSbtcfC	System/Library/Frameworks/Speech.framework/Speech.tbd
_$s6Speech11TranscriberC12ModelOptionsV012supplementalC3URL8farField13geoLMRegionID013modelOverrideF014speechProfiles10userIdMask17taskForMemoryLock08atypicalA021enableParallelLoading0N17ProfileContainersAE10Foundation0F0VSg_SbSSSgASSayARGSDyS2SGSgATS2bSaySo24SFSpeechProfileContainerCGSgtcfC	System/Library/Frameworks/Speech.framework/Speech.tbd
_$s6Speech11TranscriberC12ModelOptionsV012supplementalC3URL8farField13geoLMRegionID013modelOverrideF014speechProfiles10userIdMask17taskForMemoryLock08atypicalA021enableParallelLoadingAE10Foundation0F0VSg_SbSSSgARSayAQGSDyS2SGSgASS2btcfC	System/Library/Frameworks/Speech.framework/Speech.tbd
_$s6Speech11TranscriberC12ModelOptionsV08atypicalA0Sbvg	System/Library/Frameworks/Speech.framework/Speech.tbd
_$s6Speech11TranscriberC12ModelOptionsV08atypicalA0SbvpMV	System/Library/Frameworks/Speech.framework/Speech.tbd
_$s6Speech11TranscriberC12ModelOptionsV08languageC19CustomizationConfigSo016SFSpeechLanguageC13ConfigurationCSgvg	System/Library/Frameworks/Speech.framework/Speech.tbd
_$s6Speech11TranscriberC12ModelOptionsV08languageC19CustomizationConfigSo016SFSpeechLanguageC13ConfigurationCSgvpMV	System/Library/Frameworks/Speech.framework/Speech.tbd
_$s6Speech11TranscriberC12ModelOptionsV10userIdMaskSDyS2SGSgvg	System/Library/Frameworks/Speech.framework/Speech.tbd
_$s6Speech11TranscriberC12ModelOptionsV10userIdMaskSDyS2SGSgvpMV	System/Library/Frameworks/Speech.framework/Speech.tbd
_$s6Speech11TranscriberC12ModelOptionsV13geoLMRegionIDSSSgvg	System/Library/Frameworks/Speech.framework/Speech.tbd
_$s6Speech11TranscriberC12ModelOptionsV13geoLMRegionIDSSSgvpMV	System/Library/Frameworks/Speech.framework/Speech.tbd
_$s6Speech11TranscriberC12ModelOptionsV14speechProfilesSay10Foundation3URLVGvg	System/Library/Frameworks/Speech.framework/Speech.tbd
_$s6Speech11TranscriberC12ModelOptionsV14speechProfilesSay10Foundation3URLVGvpMV	System/Library/Frameworks/Speech.framework/Speech.tbd
_$s6Speech11TranscriberC12ModelOptionsV16modelOverrideURL10Foundation0G0VSgvg	System/Library/Frameworks/Speech.framework/Speech.tbd
_$s6Speech11TranscriberC12ModelOptionsV16modelOverrideURL10Foundation0G0VSgvpMV	System/Library/Frameworks/Speech.framework/Speech.tbd
_$s6Speech11TranscriberC12ModelOptionsV17taskForMemoryLockSSSgvg	System/Library/Frameworks/Speech.framework/Speech.tbd
_$s6Speech11TranscriberC12ModelOptionsV17taskForMemoryLockSSSgvpMV	System/Library/Frameworks/Speech.framework/Speech.tbd
_$s6Speech11TranscriberC12ModelOptionsV21enableParallelLoadingSbvg	System/Library/Frameworks/Speech.framework/Speech.tbd
_$s6Speech11TranscriberC12ModelOptionsV21enableParallelLoadingSbvpMV	System/Library/Frameworks/Speech.framework/Speech.tbd
_$s6Speech11TranscriberC12ModelOptionsV23speechProfileContainersSaySo08SFSpeechF9ContainerCGSgvg	System/Library/Frameworks/Speech.framework/Speech.tbd
_$s6Speech11TranscriberC12ModelOptionsV23speechProfileContainersSaySo08SFSpeechF9ContainerCGSgvpMV	System/Library/Frameworks/Speech.framework/Speech.tbd
_$s6Speech11TranscriberC12ModelOptionsV27enableFullPayloadCorrectionSbvg	System/Library/Frameworks/Speech.framework/Speech.tbd
_$s6Speech11TranscriberC12ModelOptionsV27enableFullPayloadCorrectionSbvpMV	System/Library/Frameworks/Speech.framework/Speech.tbd
_$s6Speech11TranscriberC12ModelOptionsV2eeoiySbAE_AEtFZ	System/Library/Frameworks/Speech.framework/Speech.tbd
_$s6Speech11TranscriberC12ModelOptionsV4hash4intoys6HasherVz_tF	System/Library/Frameworks/Speech.framework/Speech.tbd
_$s6Speech11TranscriberC12ModelOptionsV8farFieldSbvg	System/Library/Frameworks/Speech.framework/Speech.tbd
_$s6Speech11TranscriberC12ModelOptionsV8farFieldSbvpMV	System/Library/Frameworks/Speech.framework/Speech.tbd
_$s6Speech11TranscriberC12ModelOptionsV9hashValueSivg	System/Library/Frameworks/Speech.framework/Speech.tbd
_$s6Speech11TranscriberC12ModelOptionsV9hashValueSivpMV	System/Library/Frameworks/Speech.framework/Speech.tbd
_$s6Speech11TranscriberC12ModelOptionsVMa	System/Library/Frameworks/Speech.framework/Speech.tbd
_$s6Speech11TranscriberC12ModelOptionsVMn	System/Library/Frameworks/Speech.framework/Speech.tbd
_$s6Speech11TranscriberC12ModelOptionsVN	System/Library/Frameworks/Speech.framework/Speech.tbd
_$s6Speech11TranscriberC12ModelOptionsVSHAAMc	System/Library/Frameworks/Speech.framework/Speech.tbd
_$s6Speech11TranscriberC12ModelOptionsVSQAAMc	System/Library/Frameworks/Speech.framework/Speech.tbd
_$s6Speech11TranscriberC12modelOptionsAC05ModelD0VSgvg	System/Library/Frameworks/Speech.framework/Speech.tbd
_$s6Speech11TranscriberC12modelOptionsAC05ModelD0VSgvpMV	System/Library/Frameworks/Speech.framework/Speech.tbd
_$s6Speech11TranscriberC12modelVersionSSSgvg	System/Library/Frameworks/Speech.framework/Speech.tbd
_$s6Speech11TranscriberC12modelVersionSSSgvgTu	System/Library/Frameworks/Speech.framework/Speech.tbd
_$s6Speech11TranscriberC12modelVersionSSSgvpMV	System/Library/Frameworks/Speech.framework/Speech.tbd
_$s6Speech11TranscriberC15ReportingOptionO15loggableResultsyA2EmFWC	System/Library/Frameworks/Speech.framework/Speech.tbd
_$s6Speech11TranscriberC15ReportingOptionO15volatileResultsyA2EmFWC	System/Library/Frameworks/Speech.framework/Speech.tbd
_$s6Speech11TranscriberC15ReportingOptionO19multisegmentResultsyA2EmFWC	System/Library/Frameworks/Speech.framework/Speech.tbd
_$s6Speech11TranscriberC15ReportingOptionO22muxMultisegmentResultsyA2EmFWC	System/Library/Frameworks/Speech.framework/Speech.tbd
_$s6Speech11TranscriberC15ReportingOptionO25alternativeTranscriptionsyA2EmFWC	System/Library/Frameworks/Speech.framework/Speech.tbd
_$s6Speech11TranscriberC15ReportingOptionO28voiceCommandCandidateResultsyA2EmFWC	System/Library/Frameworks/Speech.framework/Speech.tbd
_$s6Speech11TranscriberC15ReportingOptionO2eeoiySbAE_AEtFZ	System/Library/Frameworks/Speech.framework/Speech.tbd
_$s6Speech11TranscriberC15ReportingOptionO4hash4intoys6HasherVz_tF	System/Library/Frameworks/Speech.framework/Speech.tbd
_$s6Speech11TranscriberC15ReportingOptionO8allCasesSayAEGvgZ	System/Library/Frameworks/Speech.framework/Speech.tbd
_$s6Speech11TranscriberC15ReportingOptionO8allCasesSayAEGvpZMV	System/Library/Frameworks/Speech.framework/Speech.tbd
_$s6Speech11TranscriberC15ReportingOptionO9hashValueSivg	System/Library/Frameworks/Speech.framework/Speech.tbd
_$s6Speech11TranscriberC15ReportingOptionO9hashValueSivpMV	System/Library/Frameworks/Speech.framework/Speech.tbd
_$s6Speech11TranscriberC15ReportingOptionOMa	System/Library/Frameworks/Speech.framework/Speech.tbd
_$s6Speech11TranscriberC15ReportingOptionOMn	System/Library/Frameworks/Speech.framework/Speech.tbd
_$s6Speech11TranscriberC15ReportingOptionON	System/Library/Frameworks/Speech.framework/Speech.tbd
_$s6Speech11TranscriberC15ReportingOptionOSHAAMc	System/Library/Frameworks/Speech.framework/Speech.tbd
_$s6Speech11TranscriberC15ReportingOptionOSQAAMc	System/Library/Frameworks/Speech.framework/Speech.tbd
_$s6Speech11TranscriberC15ReportingOptionOs12CaseIterableAAMc	System/Library/Frameworks/Speech.framework/Speech.tbd
_$s6Speech11TranscriberC15selectedLocalesSay10Foundation6LocaleVGvg	System/Library/Frameworks/Speech.framework/Speech.tbd
_$s6Speech11TranscriberC15selectedLocalesSay10Foundation6LocaleVGvpMV	System/Library/Frameworks/Speech.framework/Speech.tbd
_$s6Speech11TranscriberC15setRightContextyySSYaKF	System/Library/Frameworks/Speech.framework/Speech.tbd
_$s6Speech11TranscriberC15setRightContextyySSYaKFTu	System/Library/Frameworks/Speech.framework/Speech.tbd
_$s6Speech11TranscriberC15setSelectedTextyySSYaKF	System/Library/Frameworks/Speech.framework/Speech.tbd
_$s6Speech11TranscriberC15setSelectedTextyySSYaKFTu	System/Library/Frameworks/Speech.framework/Speech.tbd
_$s6Speech11TranscriberC15supportedLocale12equivalentTo10Foundation0D0VSgAH_tYaFZ	System/Library/Frameworks/Speech.framework/Speech.tbd
_$s6Speech11TranscriberC15supportedLocale12equivalentTo10Foundation0D0VSgAH_tYaFZTu	System/Library/Frameworks/Speech.framework/Speech.tbd
_$s6Speech11TranscriberC16attributeOptionsShyAA34TranscriptionResultAttributeOptionOGvg	System/Library/Frameworks/Speech.framework/Speech.tbd
_$s6Speech11TranscriberC16attributeOptionsShyAA34TranscriptionResultAttributeOptionOGvpMV	System/Library/Frameworks/Speech.framework/Speech.tbd
_$s6Speech11TranscriberC16installedLocalesSay10Foundation6LocaleVGvgZ	System/Library/Frameworks/Speech.framework/Speech.tbd
_$s6Speech11TranscriberC16installedLocalesSay10Foundation6LocaleVGvgZTu	System/Library/Frameworks/Speech.framework/Speech.tbd
_$s6Speech11TranscriberC16installedLocalesSay10Foundation6LocaleVGvpZMV	System/Library/Frameworks/Speech.framework/Speech.tbd
_$s6Speech11TranscriberC16reportingOptionsShyAC15ReportingOptionOGvg	System/Library/Frameworks/Speech.framework/Speech.tbd
_$s6Speech11TranscriberC16reportingOptionsShyAC15ReportingOptionOGvpMV	System/Library/Frameworks/Speech.framework/Speech.tbd
_$s6Speech11TranscriberC16supportedLocalesSay10Foundation6LocaleVGvgZ	System/Library/Frameworks/Speech.framework/Speech.tbd
_$s6Speech11TranscriberC16supportedLocalesSay10Foundation6LocaleVGvgZTu	System/Library/Frameworks/Speech.framework/Speech.tbd
_$s6Speech11TranscriberC16supportedLocalesSay10Foundation6LocaleVGvpZMV	System/Library/Frameworks/Speech.framework/Speech.tbd
_$s6Speech11TranscriberC18MultisegmentResultV016latticeMitigatorD0AA020TranscriptionLatticefD0VSgvg	System/Library/Frameworks/Speech.framework/Speech.tbd
_$s6Speech11TranscriberC18MultisegmentResultV016latticeMitigatorD0AA020TranscriptionLatticefD0VSgvpMV	System/Library/Frameworks/Speech.framework/Speech.tbd
_$s6Speech11TranscriberC18MultisegmentResultV03earD4TypeAA09EARResultF0Ovg	System/Library/Frameworks/Speech.framework/Speech.tbd
_$s6Speech11TranscriberC18MultisegmentResultV03earD4TypeAA09EARResultF0OvpMV	System/Library/Frameworks/Speech.framework/Speech.tbd
_$s6Speech11TranscriberC18MultisegmentResultV11descriptionSSvg	System/Library/Frameworks/Speech.framework/Speech.tbd
_$s6Speech11TranscriberC18MultisegmentResultV11descriptionSSvpMV	System/Library/Frameworks/Speech.framework/Speech.tbd
_$s6Speech11TranscriberC18MultisegmentResultV12nBestChoicesSay10Foundation9IndexPathVGvg	System/Library/Frameworks/Speech.framework/Speech.tbd
_$s6Speech11TranscriberC18MultisegmentResultV12nBestChoicesSay10Foundation9IndexPathVGvpMV	System/Library/Frameworks/Speech.framework/Speech.tbd
_$s6Speech11TranscriberC18MultisegmentResultV13eosLikelihoodSdSgvg	System/Library/Frameworks/Speech.framework/Speech.tbd
_$s6Speech11TranscriberC18MultisegmentResultV13eosLikelihoodSdSgvpMV	System/Library/Frameworks/Speech.framework/Speech.tbd
_$s6Speech11TranscriberC18MultisegmentResultV14audioAnalyticsAA05AudioF0VSgvg	System/Library/Frameworks/Speech.framework/Speech.tbd
_$s6Speech11TranscriberC18MultisegmentResultV14audioAnalyticsAA05AudioF0VSgvpMV	System/Library/Frameworks/Speech.framework/Speech.tbd
_$s6Speech11TranscriberC18MultisegmentResultV14transcriptionsSay10Foundation16AttributedStringVGvg	System/Library/Frameworks/Speech.framework/Speech.tbd
_$s6Speech11TranscriberC18MultisegmentResultV14transcriptionsSay10Foundation16AttributedStringVGvpMV	System/Library/Frameworks/Speech.framework/Speech.tbd
_$s6Speech11TranscriberC18MultisegmentResultV17resultCandidateIdSiSgvg	System/Library/Frameworks/Speech.framework/Speech.tbd
_$s6Speech11TranscriberC18MultisegmentResultV17resultCandidateIdSiSgvpMV	System/Library/Frameworks/Speech.framework/Speech.tbd
_$s6Speech11TranscriberC18MultisegmentResultV18resultsFinalToTimeSo6CMTimeavg	System/Library/Frameworks/Speech.framework/Speech.tbd
_$s6Speech11TranscriberC18MultisegmentResultV18resultsFinalToTimeSo6CMTimeavpMV	System/Library/Frameworks/Speech.framework/Speech.tbd
_$s6Speech11TranscriberC18MultisegmentResultV19transcriptionTokensSaySayAA18TranscriptionTokenVGGvg	System/Library/Frameworks/Speech.framework/Speech.tbd
_$s6Speech11TranscriberC18MultisegmentResultV19transcriptionTokensSaySayAA18TranscriptionTokenVGGvpMV	System/Library/Frameworks/Speech.framework/Speech.tbd
_$s6Speech11TranscriberC18MultisegmentResultV21recognitionAudioRangeSo06CMTimeG0avg	System/Library/Frameworks/Speech.framework/Speech.tbd
_$s6Speech11TranscriberC18MultisegmentResultV21recognitionAudioRangeSo06CMTimeG0avpMV	System/Library/Frameworks/Speech.framework/Speech.tbd
_$s6Speech11TranscriberC18MultisegmentResultV23resultsFinalizationTimeSo6CMTimeavg	System/Library/Frameworks/Speech.framework/Speech.tbd
_$s6Speech11TranscriberC18MultisegmentResultV23resultsFinalizationTimeSo6CMTimeavpMV	System/Library/Frameworks/Speech.framework/Speech.tbd
_$s6Speech11TranscriberC18MultisegmentResultV2eeoiySbAE_AEtFZ	System/Library/Frameworks/Speech.framework/Speech.tbd
_$s6Speech11TranscriberC18MultisegmentResultV38numOneBestTokensExcludingTriggerPhraseSivg	System/Library/Frameworks/Speech.framework/Speech.tbd
_$s6Speech11TranscriberC18MultisegmentResultV38numOneBestTokensExcludingTriggerPhraseSivpMV	System/Library/Frameworks/Speech.framework/Speech.tbd
_$s6Speech11TranscriberC18MultisegmentResultV4hash4intoys6HasherVz_tF	System/Library/Frameworks/Speech.framework/Speech.tbd
_$s6Speech11TranscriberC18MultisegmentResultV5range23resultsFinalizationTime14transcriptions19transcriptionTokens8segments12nBestChoices03earD4Type21recognitionAudioRange14audioAnalytics13eosLikelihood016latticeMitigatorD006numOnemK22ExcludingTriggerPhrase17resultCandidateIdAESo06CMTimeS0a_So6CMTimeaSay10Foundation16AttributedStringVGSaySayAA18TranscriptionTokenVGGSayAA20TranscriptionSegmentVGSayAW9IndexPathVGAA09EARResultP0OAtA0rU0VSgSdSgAA020TranscriptionLatticeyD0VSgS2iSgtcfC	System/Library/Frameworks/Speech.framework/Speech.tbd
_$s6Speech11TranscriberC18MultisegmentResultV5rangeSo11CMTimeRangeavg	System/Library/Frameworks/Speech.framework/Speech.tbd
_$s6Speech11TranscriberC18MultisegmentResultV5rangeSo11CMTimeRangeavpMV	System/Library/Frameworks/Speech.framework/Speech.tbd
_$s6Speech11TranscriberC18MultisegmentResultV5split6resultAESg_AEtAE_tFZ	System/Library/Frameworks/Speech.framework/Speech.tbd
_$s6Speech11TranscriberC18MultisegmentResultV8segmentsSayAA20TranscriptionSegmentVGvg	System/Library/Frameworks/Speech.framework/Speech.tbd
_$s6Speech11TranscriberC18MultisegmentResultV8segmentsSayAA20TranscriptionSegmentVGvpMV	System/Library/Frameworks/Speech.framework/Speech.tbd
_$s6Speech11TranscriberC18MultisegmentResultV9hashValueSivg	System/Library/Frameworks/Speech.framework/Speech.tbd
_$s6Speech11TranscriberC18MultisegmentResultV9hashValueSivpMV	System/Library/Frameworks/Speech.framework/Speech.tbd
_$s6Speech11TranscriberC18MultisegmentResultVAA0a6ModuleD0AAMc	System/Library/Frameworks/Speech.framework/Speech.tbd
_$s6Speech11TranscriberC18MultisegmentResultVAA0a6ModuleD0AAWP	System/Library/Frameworks/Speech.framework/Speech.tbd
_$s6Speech11TranscriberC18MultisegmentResultVMa	System/Library/Frameworks/Speech.framework/Speech.tbd
_$s6Speech11TranscriberC18MultisegmentResultVMn	System/Library/Frameworks/Speech.framework/Speech.tbd
_$s6Speech11TranscriberC18MultisegmentResultVN	System/Library/Frameworks/Speech.framework/Speech.tbd
_$s6Speech11TranscriberC18MultisegmentResultVSHAAMc	System/Library/Frameworks/Speech.framework/Speech.tbd
_$s6Speech11TranscriberC18MultisegmentResultVSQAAMc	System/Library/Frameworks/Speech.framework/Speech.tbd
_$s6Speech11TranscriberC18MultisegmentResultVs23CustomStringConvertibleAAMc	System/Library/Frameworks/Speech.framework/Speech.tbd
_$s6Speech11TranscriberC18setLeftContextTextyySSYaKF	System/Library/Frameworks/Speech.framework/Speech.tbd
_$s6Speech11TranscriberC18setLeftContextTextyySSYaKFTu	System/Library/Frameworks/Speech.framework/Speech.tbd
_$s6Speech11TranscriberC19TranscriptionOptionO010normalizedC0yA2EmFWC	System/Library/Frameworks/Speech.framework/Speech.tbd
_$s6Speech11TranscriberC19TranscriptionOptionO014contextualizedC0yA2EmFWC	System/Library/Frameworks/Speech.framework/Speech.tbd
_$s6Speech11TranscriberC19TranscriptionOptionO11punctuationyA2EmFWC	System/Library/Frameworks/Speech.framework/Speech.tbd
_$s6Speech11TranscriberC19TranscriptionOptionO21etiquetteReplacementsyA2EmFWC	System/Library/Frameworks/Speech.framework/Speech.tbd
_$s6Speech11TranscriberC19TranscriptionOptionO23longerContextualizationyA2EmFWC	System/Library/Frameworks/Speech.framework/Speech.tbd
_$s6Speech11TranscriberC19TranscriptionOptionO2eeoiySbAE_AEtFZ	System/Library/Frameworks/Speech.framework/Speech.tbd
_$s6Speech11TranscriberC19TranscriptionOptionO4hash4intoys6HasherVz_tF	System/Library/Frameworks/Speech.framework/Speech.tbd
_$s6Speech11TranscriberC19TranscriptionOptionO5emojiyA2EmFWC	System/Library/Frameworks/Speech.framework/Speech.tbd
_$s6Speech11TranscriberC19TranscriptionOptionO8allCasesSayAEGvgZ	System/Library/Frameworks/Speech.framework/Speech.tbd
_$s6Speech11TranscriberC19TranscriptionOptionO8allCasesSayAEGvpZMV	System/Library/Frameworks/Speech.framework/Speech.tbd
_$s6Speech11TranscriberC19TranscriptionOptionO9hashValueSivg	System/Library/Frameworks/Speech.framework/Speech.tbd
_$s6Speech11TranscriberC19TranscriptionOptionO9hashValueSivpMV	System/Library/Frameworks/Speech.framework/Speech.tbd
_$s6Speech11TranscriberC19TranscriptionOptionOMa	System/Library/Frameworks/Speech.framework/Speech.tbd
_$s6Speech11TranscriberC19TranscriptionOptionOMn	System/Library/Frameworks/Speech.framework/Speech.tbd
_$s6Speech11TranscriberC19TranscriptionOptionON	System/Library/Frameworks/Speech.framework/Speech.tbd
_$s6Speech11TranscriberC19TranscriptionOptionOSHAAMc	System/Library/Frameworks/Speech.framework/Speech.tbd
_$s6Speech11TranscriberC19TranscriptionOptionOSQAAMc	System/Library/Frameworks/Speech.framework/Speech.tbd
_$s6Speech11TranscriberC19TranscriptionOptionOs12CaseIterableAAMc	System/Library/Frameworks/Speech.framework/Speech.tbd
_$s6Speech11TranscriberC19multisegmentResultsQrvg	System/Library/Frameworks/Speech.framework/Speech.tbd
_$s6Speech11TranscriberC19multisegmentResultsQrvpMV	System/Library/Frameworks/Speech.framework/Speech.tbd
_$s6Speech11TranscriberC19multisegmentResultsQrvpQOMQ	System/Library/Frameworks/Speech.framework/Speech.tbd
_$s6Speech11TranscriberC20acousticModelVersionSSSgvg	System/Library/Frameworks/Speech.framework/Speech.tbd
_$s6Speech11TranscriberC20acousticModelVersionSSSgvgTu	System/Library/Frameworks/Speech.framework/Speech.tbd
_$s6Speech11TranscriberC20acousticModelVersionSSSgvpMV	System/Library/Frameworks/Speech.framework/Speech.tbd
_$s6Speech11TranscriberC20transcriptionOptionsShyAC19TranscriptionOptionOGvg	System/Library/Frameworks/Speech.framework/Speech.tbd
_$s6Speech11TranscriberC20transcriptionOptionsShyAC19TranscriptionOptionOGvpMV	System/Library/Frameworks/Speech.framework/Speech.tbd
_$s6Speech11TranscriberC21recognitionStatisticsSDySSSo8NSNumberCGSgvg	System/Library/Frameworks/Speech.framework/Speech.tbd
_$s6Speech11TranscriberC21recognitionStatisticsSDySSSo8NSNumberCGSgvgTu	System/Library/Frameworks/Speech.framework/Speech.tbd
_$s6Speech11TranscriberC21recognitionStatisticsSDySSSo8NSNumberCGSgvpMV	System/Library/Frameworks/Speech.framework/Speech.tbd
_$s6Speech11TranscriberC22compatibleAudioFormatsSaySo13AVAudioFormatCGvg	System/Library/Frameworks/Speech.framework/Speech.tbd
_$s6Speech11TranscriberC22compatibleAudioFormatsSaySo13AVAudioFormatCGvgTu	System/Library/Frameworks/Speech.framework/Speech.tbd
_$s6Speech11TranscriberC22compatibleAudioFormatsSaySo13AVAudioFormatCGvpMV	System/Library/Frameworks/Speech.framework/Speech.tbd
_$s6Speech11TranscriberC22muxMultisegmentResultsQrvg	System/Library/Frameworks/Speech.framework/Speech.tbd
_$s6Speech11TranscriberC22muxMultisegmentResultsQrvpMV	System/Library/Frameworks/Speech.framework/Speech.tbd
_$s6Speech11TranscriberC22muxMultisegmentResultsQrvpQOMQ	System/Library/Frameworks/Speech.framework/Speech.tbd
_$s6Speech11TranscriberC24requestResultAtEndpointsyySaySo6CMTimeaGYaKF	System/Library/Frameworks/Speech.framework/Speech.tbd
_$s6Speech11TranscriberC24requestResultAtEndpointsyySaySo6CMTimeaGYaKFTu	System/Library/Frameworks/Speech.framework/Speech.tbd
_$s6Speech11TranscriberC26recognizerObjectIdentifierSOSgvg	System/Library/Frameworks/Speech.framework/Speech.tbd
_$s6Speech11TranscriberC26recognizerObjectIdentifierSOSgvpMV	System/Library/Frameworks/Speech.framework/Speech.tbd
_$s6Speech11TranscriberC28cancelPendingResultsAndPauseyyYaKF	System/Library/Frameworks/Speech.framework/Speech.tbd
_$s6Speech11TranscriberC28cancelPendingResultsAndPauseyyYaKFTu	System/Library/Frameworks/Speech.framework/Speech.tbd
_$s6Speech11TranscriberC30recognitionUtterenceStatisticsSDyS2SGSgvg	System/Library/Frameworks/Speech.framework/Speech.tbd
_$s6Speech11TranscriberC30recognitionUtterenceStatisticsSDyS2SGSgvgTu	System/Library/Frameworks/Speech.framework/Speech.tbd
_$s6Speech11TranscriberC30recognitionUtterenceStatisticsSDyS2SGSgvpMV	System/Library/Frameworks/Speech.framework/Speech.tbd
_$s6Speech11TranscriberC31availableCompatibleAudioFormatsSaySo13AVAudioFormatCGvg	System/Library/Frameworks/Speech.framework/Speech.tbd
_$s6Speech11TranscriberC31availableCompatibleAudioFormatsSaySo13AVAudioFormatCGvgTu	System/Library/Frameworks/Speech.framework/Speech.tbd
_$s6Speech11TranscriberC31availableCompatibleAudioFormatsSaySo13AVAudioFormatCGvpMV	System/Library/Frameworks/Speech.framework/Speech.tbd
_$s6Speech11TranscriberC6ResultV11descriptionSSvg	System/Library/Frameworks/Speech.framework/Speech.tbd
_$s6Speech11TranscriberC6ResultV11descriptionSSvpMV	System/Library/Frameworks/Speech.framework/Speech.tbd
_$s6Speech11TranscriberC6ResultV12alternativesSay10Foundation16AttributedStringVGvg	System/Library/Frameworks/Speech.framework/Speech.tbd
_$s6Speech11TranscriberC6ResultV12alternativesSay10Foundation16AttributedStringVGvpMV	System/Library/Frameworks/Speech.framework/Speech.tbd
_$s6Speech11TranscriberC6ResultV18resultsFinalToTimeSo6CMTimeavg	System/Library/Frameworks/Speech.framework/Speech.tbd
_$s6Speech11TranscriberC6ResultV18resultsFinalToTimeSo6CMTimeavpMV	System/Library/Frameworks/Speech.framework/Speech.tbd
_$s6Speech11TranscriberC6ResultV23resultsFinalizationTimeSo6CMTimeavg	System/Library/Frameworks/Speech.framework/Speech.tbd
_$s6Speech11TranscriberC6ResultV23resultsFinalizationTimeSo6CMTimeavpMV	System/Library/Frameworks/Speech.framework/Speech.tbd
_$s6Speech11TranscriberC6ResultV2eeoiySbAE_AEtFZ	System/Library/Frameworks/Speech.framework/Speech.tbd
_$s6Speech11TranscriberC6ResultV4hash4intoys6HasherVz_tF	System/Library/Frameworks/Speech.framework/Speech.tbd
_$s6Speech11TranscriberC6ResultV4text10Foundation16AttributedStringVvg	System/Library/Frameworks/Speech.framework/Speech.tbd
_$s6Speech11TranscriberC6ResultV4text10Foundation16AttributedStringVvpMV	System/Library/Frameworks/Speech.framework/Speech.tbd
_$s6Speech11TranscriberC6ResultV5rangeSo11CMTimeRangeavg	System/Library/Frameworks/Speech.framework/Speech.tbd
_$s6Speech11TranscriberC6ResultV5rangeSo11CMTimeRangeavpMV	System/Library/Frameworks/Speech.framework/Speech.tbd
_$s6Speech11TranscriberC6ResultV9hashValueSivg	System/Library/Frameworks/Speech.framework/Speech.tbd
_$s6Speech11TranscriberC6ResultV9hashValueSivpMV	System/Library/Frameworks/Speech.framework/Speech.tbd
_$s6Speech11TranscriberC6ResultVAA0a6ModuleC0AAMc	System/Library/Frameworks/Speech.framework/Speech.tbd
_$s6Speech11TranscriberC6ResultVAA0a6ModuleC0AAWP	System/Library/Frameworks/Speech.framework/Speech.tbd
_$s6Speech11TranscriberC6ResultVMa	System/Library/Frameworks/Speech.framework/Speech.tbd
_$s6Speech11TranscriberC6ResultVMn	System/Library/Frameworks/Speech.framework/Speech.tbd
_$s6Speech11TranscriberC6ResultVN	System/Library/Frameworks/Speech.framework/Speech.tbd
_$s6Speech11TranscriberC6ResultVSHAAMc	System/Library/Frameworks/Speech.framework/Speech.tbd
_$s6Speech11TranscriberC6ResultVSQAAMc	System/Library/Frameworks/Speech.framework/Speech.tbd
_$s6Speech11TranscriberC6ResultVs23CustomStringConvertibleAAMc	System/Library/Frameworks/Speech.framework/Speech.tbd
_$s6Speech11TranscriberC6locale10Foundation6LocaleVvg	System/Library/Frameworks/Speech.framework/Speech.tbd
_$s6Speech11TranscriberC6locale10Foundation6LocaleVvpMV	System/Library/Frameworks/Speech.framework/Speech.tbd
_$s6Speech11TranscriberC6locale8taskHint12modelOptions013transcriptionG009reportingG009attributeG0AC10Foundation6LocaleV_AA04TaskE0OSgAC05ModelG0VSgShyAC19TranscriptionOptionOGShyAC09ReportingP0OGShyAA0o15ResultAttributeP0OGtcfC	System/Library/Frameworks/Speech.framework/Speech.tbd
_$s6Speech11TranscriberC6locale8taskHint12modelOptions013transcriptionG009reportingG009attributeG0AC10Foundation6LocaleV_AA04TaskE0OSgAC05ModelG0VSgShyAC19TranscriptionOptionOGShyAC09ReportingP0OGShyAA0o15ResultAttributeP0OGtcfCTj	System/Library/Frameworks/Speech.framework/Speech.tbd
_$s6Speech11TranscriberC6locale8taskHint12modelOptions013transcriptionG009reportingG009attributeG0AC10Foundation6LocaleV_AA04TaskE0OSgAC05ModelG0VSgShyAC19TranscriptionOptionOGShyAC09ReportingP0OGShyAA0o15ResultAttributeP0OGtcfCTq	System/Library/Frameworks/Speech.framework/Speech.tbd
_$s6Speech11TranscriberC6locale8taskHint12modelOptions013transcriptionG009reportingG009attributeG0AC10Foundation6LocaleV_AA04TaskE0OSgAC05ModelG0VSgShyAC19TranscriptionOptionOGShyAC09ReportingP0OGShyAA0o15ResultAttributeP0OGtcfc	System/Library/Frameworks/Speech.framework/Speech.tbd
_$s6Speech11TranscriberC6locale8taskHint12modelOptions013transcriptionG009reportingG009attributeG0AC10Foundation6LocaleV_So023SFSpeechRecognitionTaskE0VAC05ModelG0VSgShyAC19TranscriptionOptionOGShyAC09ReportingR0OGShyAA0q15ResultAttributeR0OGtcfC	System/Library/Frameworks/Speech.framework/Speech.tbd
_$s6Speech11TranscriberC6locale8taskHint12modelOptions013transcriptionG009reportingG009attributeG0AC10Foundation6LocaleV_So023SFSpeechRecognitionTaskE0VAC05ModelG0VSgShyAC19TranscriptionOptionOGShyAC09ReportingR0OGShyAA0q15ResultAttributeR0OGtcfc	System/Library/Frameworks/Speech.framework/Speech.tbd
_$s6Speech11TranscriberC6resumeyyYaKF	System/Library/Frameworks/Speech.framework/Speech.tbd
_$s6Speech11TranscriberC6resumeyyYaKFTu	System/Library/Frameworks/Speech.framework/Speech.tbd
_$s6Speech11TranscriberC7resultsQrvg	System/Library/Frameworks/Speech.framework/Speech.tbd
_$s6Speech11TranscriberC7resultsQrvpMV	System/Library/Frameworks/Speech.framework/Speech.tbd
_$s6Speech11TranscriberC7resultsQrvpQOMQ	System/Library/Frameworks/Speech.framework/Speech.tbd
_$s6Speech11TranscriberC8taskHintAA04TaskD0Ovg	System/Library/Frameworks/Speech.framework/Speech.tbd
_$s6Speech11TranscriberC8taskHintAA04TaskD0OvpMV	System/Library/Frameworks/Speech.framework/Speech.tbd
_$s6Speech11TranscriberCAA015LocaleDependentA6ModuleAAMc	System/Library/Frameworks/Speech.framework/Speech.tbd
_$s6Speech11TranscriberCAA015LocaleDependentA6ModuleAAWP	System/Library/Frameworks/Speech.framework/Speech.tbd
_$s6Speech11TranscriberCAA0A6ModuleAAMc	System/Library/Frameworks/Speech.framework/Speech.tbd
_$s6Speech11TranscriberCAA0A6ModuleAAWP	System/Library/Frameworks/Speech.framework/Speech.tbd
_$s6Speech11TranscriberCAA14ModuleProtocolAAMc	System/Library/Frameworks/Speech.framework/Speech.tbd
_$s6Speech11TranscriberCAA14ModuleProtocolAAWP	System/Library/Frameworks/Speech.framework/Speech.tbd
_$s6Speech11TranscriberCMa	System/Library/Frameworks/Speech.framework/Speech.tbd
_$s6Speech11TranscriberCMm	System/Library/Frameworks/Speech.framework/Speech.tbd
_$s6Speech11TranscriberCMn	System/Library/Frameworks/Speech.framework/Speech.tbd
_$s6Speech11TranscriberCMo	System/Library/Frameworks/Speech.framework/Speech.tbd
_$s6Speech11TranscriberCMu	System/Library/Frameworks/Speech.framework/Speech.tbd
_$s6Speech11TranscriberCN	System/Library/Frameworks/Speech.framework/Speech.tbd
_$s6Speech11TranscriberCfD	System/Library/Frameworks/Speech.framework/Speech.tbd
_$s6Speech11TranscriberCfd	System/Library/Frameworks/Speech.framework/Speech.tbd
_$s6Speech13AnalyzerInputV12recordedTimes6UInt64VSgvg	System/Library/Frameworks/Speech.framework/Speech.tbd
_$s6Speech13AnalyzerInputV12recordedTimes6UInt64VSgvpMV	System/Library/Frameworks/Speech.framework/Speech.tbd
_$s6Speech13AnalyzerInputV15bufferStartTimeSo6CMTimeaSgvg	System/Library/Frameworks/Speech.framework/Speech.tbd
_$s6Speech13AnalyzerInputV15bufferStartTimeSo6CMTimeaSgvpMV	System/Library/Frameworks/Speech.framework/Speech.tbd
_$s6Speech13AnalyzerInputV17readyUpstreamTimes6UInt64VSgvg	System/Library/Frameworks/Speech.framework/Speech.tbd
_$s6Speech13AnalyzerInputV17readyUpstreamTimes6UInt64VSgvpMV	System/Library/Frameworks/Speech.framework/Speech.tbd
_$s6Speech13AnalyzerInputV6buffer0D9StartTime08recordedF0013readyUpstreamF0ACSo16AVAudioPCMBufferC_So6CMTimeaSgs6UInt64VSgAOtcfC	System/Library/Frameworks/Speech.framework/Speech.tbd
_$s6Speech13AnalyzerInputV6buffer0D9StartTimeACSo16AVAudioPCMBufferC_So6CMTimeaSgtcfC	System/Library/Frameworks/Speech.framework/Speech.tbd
_$s6Speech13AnalyzerInputV6bufferACSo16AVAudioPCMBufferC_tcfC	System/Library/Frameworks/Speech.framework/Speech.tbd
_$s6Speech13AnalyzerInputV6bufferSo16AVAudioPCMBufferCvg	System/Library/Frameworks/Speech.framework/Speech.tbd
_$s6Speech13AnalyzerInputV6bufferSo16AVAudioPCMBufferCvpMV	System/Library/Frameworks/Speech.framework/Speech.tbd
_$s6Speech13AnalyzerInputVMa	System/Library/Frameworks/Speech.framework/Speech.tbd
_$s6Speech13AnalyzerInputVMn	System/Library/Frameworks/Speech.framework/Speech.tbd
_$s6Speech13AnalyzerInputVN	System/Library/Frameworks/Speech.framework/Speech.tbd
_$s6Speech13EARResultTypeO10isVolatileSbvg	System/Library/Frameworks/Speech.framework/Speech.tbd
_$s6Speech13EARResultTypeO10isVolatileSbvpMV	System/Library/Frameworks/Speech.framework/Speech.tbd
_$s6Speech13EARResultTypeO16finalAndTerminalyA2CmFWC	System/Library/Frameworks/Speech.framework/Speech.tbd
_$s6Speech13EARResultTypeO17pauseConfirmationyA2CmFWC	System/Library/Frameworks/Speech.framework/Speech.tbd
_$s6Speech13EARResultTypeO21voiceCommandCandidateyA2CmFWC	System/Library/Frameworks/Speech.framework/Speech.tbd
_$s6Speech13EARResultTypeO2eeoiySbAC_ACtFZ	System/Library/Frameworks/Speech.framework/Speech.tbd
_$s6Speech13EARResultTypeO4hash4intoys6HasherVz_tF	System/Library/Frameworks/Speech.framework/Speech.tbd
_$s6Speech13EARResultTypeO5finalyA2CmFWC	System/Library/Frameworks/Speech.framework/Speech.tbd
_$s6Speech13EARResultTypeO7partialyA2CmFWC	System/Library/Frameworks/Speech.framework/Speech.tbd
_$s6Speech13EARResultTypeO8allCasesSayACGvgZ	System/Library/Frameworks/Speech.framework/Speech.tbd
_$s6Speech13EARResultTypeO8allCasesSayACGvpZMV	System/Library/Frameworks/Speech.framework/Speech.tbd
_$s6Speech13EARResultTypeO8loggableyA2CmFWC	System/Library/Frameworks/Speech.framework/Speech.tbd
_$s6Speech13EARResultTypeO9candidateyA2CmFWC	System/Library/Frameworks/Speech.framework/Speech.tbd
_$s6Speech13EARResultTypeO9hashValueSivg	System/Library/Frameworks/Speech.framework/Speech.tbd
_$s6Speech13EARResultTypeO9hashValueSivpMV	System/Library/Frameworks/Speech.framework/Speech.tbd
_$s6Speech13EARResultTypeOMa	System/Library/Frameworks/Speech.framework/Speech.tbd
_$s6Speech13EARResultTypeOMn	System/Library/Frameworks/Speech.framework/Speech.tbd
_$s6Speech13EARResultTypeON	System/Library/Frameworks/Speech.framework/Speech.tbd
_$s6Speech13EARResultTypeOSHAAMc	System/Library/Frameworks/Speech.framework/Speech.tbd
_$s6Speech13EARResultTypeOSQAAMc	System/Library/Frameworks/Speech.framework/Speech.tbd
_$s6Speech13EARResultTypeOs12CaseIterableAAMc	System/Library/Frameworks/Speech.framework/Speech.tbd
_$s6Speech14AssetInventoryC10deallocate6localeSb10Foundation6LocaleV_tYaFZ	System/Library/Frameworks/Speech.framework/Speech.tbd
_$s6Speech14AssetInventoryC10deallocate6localeSb10Foundation6LocaleV_tYaFZTu	System/Library/Frameworks/Speech.framework/Speech.tbd
_$s6Speech14AssetInventoryC15reservedLocalesSay10Foundation6LocaleVGvgZ	System/Library/Frameworks/Speech.framework/Speech.tbd
_$s6Speech14AssetInventoryC15reservedLocalesSay10Foundation6LocaleVGvgZTu	System/Library/Frameworks/Speech.framework/Speech.tbd
_$s6Speech14AssetInventoryC15reservedLocalesSay10Foundation6LocaleVGvpZMV	System/Library/Frameworks/Speech.framework/Speech.tbd
_$s6Speech14AssetInventoryC15uninstallAssets9exceptForySayAA0A6Module_pG_tYaFZ	System/Library/Frameworks/Speech.framework/Speech.tbd
_$s6Speech14AssetInventoryC15uninstallAssets9exceptForySayAA0A6Module_pG_tYaFZTu	System/Library/Frameworks/Speech.framework/Speech.tbd
_$s6Speech14AssetInventoryC16allocatedLocalesSay10Foundation6LocaleVGvgZ	System/Library/Frameworks/Speech.framework/Speech.tbd
_$s6Speech14AssetInventoryC16allocatedLocalesSay10Foundation6LocaleVGvgZTu	System/Library/Frameworks/Speech.framework/Speech.tbd
_$s6Speech14AssetInventoryC16allocatedLocalesSay10Foundation6LocaleVGvpZMV	System/Library/Frameworks/Speech.framework/Speech.tbd
_$s6Speech14AssetInventoryC22maximumReservedLocalesSivgZ	System/Library/Frameworks/Speech.framework/Speech.tbd
_$s6Speech14AssetInventoryC22maximumReservedLocalesSivpZMV	System/Library/Frameworks/Speech.framework/Speech.tbd
_$s6Speech14AssetInventoryC23maximumAllocatedLocalesSivgZ	System/Library/Frameworks/Speech.framework/Speech.tbd
_$s6Speech14AssetInventoryC23maximumAllocatedLocalesSivpZMV	System/Library/Frameworks/Speech.framework/Speech.tbd
_$s6Speech14AssetInventoryC24assetInstallationRequest10supportingAA0beF0CSgSayAA0A6Module_pG_tYaKFZ	System/Library/Frameworks/Speech.framework/Speech.tbd
_$s6Speech14AssetInventoryC24assetInstallationRequest10supportingAA0beF0CSgSayAA0A6Module_pG_tYaKFZTu	System/Library/Frameworks/Speech.framework/Speech.tbd
_$s6Speech14AssetInventoryC6StatusO11downloadingyA2EmFWC	System/Library/Frameworks/Speech.framework/Speech.tbd
_$s6Speech14AssetInventoryC6StatusO11unsupportedyA2EmFWC	System/Library/Frameworks/Speech.framework/Speech.tbd
_$s6Speech14AssetInventoryC6StatusO1loiySbAE_AEtFZ	System/Library/Frameworks/Speech.framework/Speech.tbd
_$s6Speech14AssetInventoryC6StatusO2eeoiySbAE_AEtFZ	System/Library/Frameworks/Speech.framework/Speech.tbd
_$s6Speech14AssetInventoryC6StatusO4hash4intoys6HasherVz_tF	System/Library/Frameworks/Speech.framework/Speech.tbd
_$s6Speech14AssetInventoryC6StatusO9hashValueSivg	System/Library/Frameworks/Speech.framework/Speech.tbd
_$s6Speech14AssetInventoryC6StatusO9hashValueSivpMV	System/Library/Frameworks/Speech.framework/Speech.tbd
_$s6Speech14AssetInventoryC6StatusO9installedyA2EmFWC	System/Library/Frameworks/Speech.framework/Speech.tbd
_$s6Speech14AssetInventoryC6StatusO9supportedyA2EmFWC	System/Library/Frameworks/Speech.framework/Speech.tbd
_$s6Speech14AssetInventoryC6StatusOMa	System/Library/Frameworks/Speech.framework/Speech.tbd
_$s6Speech14AssetInventoryC6StatusOMn	System/Library/Frameworks/Speech.framework/Speech.tbd
_$s6Speech14AssetInventoryC6StatusON	System/Library/Frameworks/Speech.framework/Speech.tbd
_$s6Speech14AssetInventoryC6StatusOSHAAMc	System/Library/Frameworks/Speech.framework/Speech.tbd
_$s6Speech14AssetInventoryC6StatusOSLAAMc	System/Library/Frameworks/Speech.framework/Speech.tbd
_$s6Speech14AssetInventoryC6StatusOSQAAMc	System/Library/Frameworks/Speech.framework/Speech.tbd
_$s6Speech14AssetInventoryC6status10forModulesAC6StatusOSayAA0A6Module_pG_tYaFZ	System/Library/Frameworks/Speech.framework/Speech.tbd
_$s6Speech14AssetInventoryC6status10forModulesAC6StatusOSayAA0A6Module_pG_tYaFZTu	System/Library/Frameworks/Speech.framework/Speech.tbd
_$s6Speech14AssetInventoryC7release14reservedLocaleSb10Foundation0F0V_tYaFZ	System/Library/Frameworks/Speech.framework/Speech.tbd
_$s6Speech14AssetInventoryC7release14reservedLocaleSb10Foundation0F0V_tYaFZTu	System/Library/Frameworks/Speech.framework/Speech.tbd
_$s6Speech14AssetInventoryC7reserve6localeSb10Foundation6LocaleV_tYaKFZ	System/Library/Frameworks/Speech.framework/Speech.tbd
_$s6Speech14AssetInventoryC7reserve6localeSb10Foundation6LocaleV_tYaKFZTu	System/Library/Frameworks/Speech.framework/Speech.tbd
_$s6Speech14AssetInventoryC8allocate6localeSb10Foundation6LocaleV_tYaKFZ	System/Library/Frameworks/Speech.framework/Speech.tbd
_$s6Speech14AssetInventoryC8allocate6localeSb10Foundation6LocaleV_tYaKFZTu	System/Library/Frameworks/Speech.framework/Speech.tbd
_$s6Speech14AssetInventoryCMa	System/Library/Frameworks/Speech.framework/Speech.tbd
_$s6Speech14AssetInventoryCMm	System/Library/Frameworks/Speech.framework/Speech.tbd
_$s6Speech14AssetInventoryCMn	System/Library/Frameworks/Speech.framework/Speech.tbd
_$s6Speech14AssetInventoryCMo	System/Library/Frameworks/Speech.framework/Speech.tbd
_$s6Speech14AssetInventoryCMu	System/Library/Frameworks/Speech.framework/Speech.tbd
_$s6Speech14AssetInventoryCN	System/Library/Frameworks/Speech.framework/Speech.tbd
_$s6Speech14AssetInventoryCfD	System/Library/Frameworks/Speech.framework/Speech.tbd
_$s6Speech14AssetInventoryCfd	System/Library/Frameworks/Speech.framework/Speech.tbd
_$s6Speech14AudioAnalyticsV15AcousticFeatureV08acousticE13ValuePerFrameSaySdGvg	System/Library/Frameworks/Speech.framework/Speech.tbd
_$s6Speech14AudioAnalyticsV15AcousticFeatureV08acousticE13ValuePerFrameSaySdGvpMV	System/Library/Frameworks/Speech.framework/Speech.tbd
_$s6Speech14AudioAnalyticsV15AcousticFeatureV13frameDurationSdvg	System/Library/Frameworks/Speech.framework/Speech.tbd
_$s6Speech14AudioAnalyticsV15AcousticFeatureV13frameDurationSdvpMV	System/Library/Frameworks/Speech.framework/Speech.tbd
_$s6Speech14AudioAnalyticsV15AcousticFeatureV2eeoiySbAE_AEtFZ	System/Library/Frameworks/Speech.framework/Speech.tbd
_$s6Speech14AudioAnalyticsV15AcousticFeatureV4hash4intoys6HasherVz_tF	System/Library/Frameworks/Speech.framework/Speech.tbd
_$s6Speech14AudioAnalyticsV15AcousticFeatureV9hashValueSivg	System/Library/Frameworks/Speech.framework/Speech.tbd
_$s6Speech14AudioAnalyticsV15AcousticFeatureV9hashValueSivpMV	System/Library/Frameworks/Speech.framework/Speech.tbd
_$s6Speech14AudioAnalyticsV15AcousticFeatureVMa	System/Library/Frameworks/Speech.framework/Speech.tbd
_$s6Speech14AudioAnalyticsV15AcousticFeatureVMn	System/Library/Frameworks/Speech.framework/Speech.tbd
_$s6Speech14AudioAnalyticsV15AcousticFeatureVN	System/Library/Frameworks/Speech.framework/Speech.tbd
_$s6Speech14AudioAnalyticsV15AcousticFeatureVSHAAMc	System/Library/Frameworks/Speech.framework/Speech.tbd
_$s6Speech14AudioAnalyticsV15AcousticFeatureVSQAAMc	System/Library/Frameworks/Speech.framework/Speech.tbd
_$s6Speech14AudioAnalyticsV16acousticFeaturesSDySSAC15AcousticFeatureVGvg	System/Library/Frameworks/Speech.framework/Speech.tbd
_$s6Speech14AudioAnalyticsV16acousticFeaturesSDySSAC15AcousticFeatureVGvpMV	System/Library/Frameworks/Speech.framework/Speech.tbd
_$s6Speech14AudioAnalyticsV25speechRecognitionFeaturesSDySSSdGvg	System/Library/Frameworks/Speech.framework/Speech.tbd
_$s6Speech14AudioAnalyticsV25speechRecognitionFeaturesSDySSSdGvpMV	System/Library/Frameworks/Speech.framework/Speech.tbd
_$s6Speech14AudioAnalyticsV2eeoiySbAC_ACtFZ	System/Library/Frameworks/Speech.framework/Speech.tbd
_$s6Speech14AudioAnalyticsV3snrSdvg	System/Library/Frameworks/Speech.framework/Speech.tbd
_$s6Speech14AudioAnalyticsV3snrSdvpMV	System/Library/Frameworks/Speech.framework/Speech.tbd
_$s6Speech14AudioAnalyticsV4hash4intoys6HasherVz_tF	System/Library/Frameworks/Speech.framework/Speech.tbd
_$s6Speech14AudioAnalyticsV9hashValueSivg	System/Library/Frameworks/Speech.framework/Speech.tbd
_$s6Speech14AudioAnalyticsV9hashValueSivpMV	System/Library/Frameworks/Speech.framework/Speech.tbd
_$s6Speech14AudioAnalyticsVMa	System/Library/Frameworks/Speech.framework/Speech.tbd
_$s6Speech14AudioAnalyticsVMn	System/Library/Frameworks/Speech.framework/Speech.tbd
_$s6Speech14AudioAnalyticsVN	System/Library/Frameworks/Speech.framework/Speech.tbd
_$s6Speech14AudioAnalyticsVSHAAMc	System/Library/Frameworks/Speech.framework/Speech.tbd
_$s6Speech14AudioAnalyticsVSQAAMc	System/Library/Frameworks/Speech.framework/Speech.tbd
_$s6Speech14DataInsertableMp	System/Library/Frameworks/Speech.framework/Speech.tbd
_$s6Speech14DataInsertableP6insert4datayAA021SFCustomLanguageModelB0C_tFTj	System/Library/Frameworks/Speech.framework/Speech.tbd
_$s6Speech14DataInsertableP6insert4datayAA021SFCustomLanguageModelB0C_tFTq	System/Library/Frameworks/Speech.framework/Speech.tbd
_$s6Speech14DataInsertableTL	System/Library/Frameworks/Speech.framework/Speech.tbd
_$s6Speech14ModuleProtocolMp	System/Library/Frameworks/Speech.framework/Speech.tbd
_$s6Speech14ModuleProtocolPAA0aB0Tb	System/Library/Frameworks/Speech.framework/Speech.tbd
_$s6Speech14ModuleProtocolTL	System/Library/Frameworks/Speech.framework/Speech.tbd
_$s6Speech14SignpostHelperCMa	System/Library/Frameworks/Speech.framework/Speech.tbd
_$s6Speech14SignpostHelperCMm	System/Library/Frameworks/Speech.framework/Speech.tbd
_$s6Speech14SignpostHelperCMn	System/Library/Frameworks/Speech.framework/Speech.tbd
_$s6Speech14SignpostHelperCMo	System/Library/Frameworks/Speech.framework/Speech.tbd
_$s6Speech14SignpostHelperCMu	System/Library/Frameworks/Speech.framework/Speech.tbd
_$s6Speech14SignpostHelperCN	System/Library/Frameworks/Speech.framework/Speech.tbd
_$s6Speech14SignpostHelperCfD	System/Library/Frameworks/Speech.framework/Speech.tbd
_$s6Speech14SignpostHelperCfd	System/Library/Frameworks/Speech.framework/Speech.tbd
_$s6Speech15AnalysisContextC012voiceCommandC0AA05VoiceeC0VvM	System/Library/Frameworks/Speech.framework/Speech.tbd
_$s6Speech15AnalysisContextC012voiceCommandC0AA05VoiceeC0Vvg	System/Library/Frameworks/Speech.framework/Speech.tbd
_$s6Speech15AnalysisContextC012voiceCommandC0AA05VoiceeC0VvpMV	System/Library/Frameworks/Speech.framework/Speech.tbd
_$s6Speech15AnalysisContextC012voiceCommandC0AA05VoiceeC0Vvs	System/Library/Frameworks/Speech.framework/Speech.tbd
_$s6Speech15AnalysisContextC11UserDataTagV010jitProfileE0AEvgZ	System/Library/Frameworks/Speech.framework/Speech.tbd
_$s6Speech15AnalysisContextC11UserDataTagV010jitProfileE0AEvpZMV	System/Library/Frameworks/Speech.framework/Speech.tbd
_$s6Speech15AnalysisContextC11UserDataTagV012voiceCommandC0AEvgZ	System/Library/Frameworks/Speech.framework/Speech.tbd
_$s6Speech15AnalysisContextC11UserDataTagV012voiceCommandC0AEvpZMV	System/Library/Frameworks/Speech.framework/Speech.tbd
_$s6Speech15AnalysisContextC11UserDataTagV07profileE0AEvgZ	System/Library/Frameworks/Speech.framework/Speech.tbd
_$s6Speech15AnalysisContextC11UserDataTagV07profileE0AEvpZMV	System/Library/Frameworks/Speech.framework/Speech.tbd
_$s6Speech15AnalysisContextC11UserDataTagV23contextualNamedEntitiesAEvgZ	System/Library/Frameworks/Speech.framework/Speech.tbd
_$s6Speech15AnalysisContextC11UserDataTagV23contextualNamedEntitiesAEvpZMV	System/Library/Frameworks/Speech.framework/Speech.tbd
_$s6Speech15AnalysisContextC11UserDataTagV8rawValueAESS_tcfC	System/Library/Frameworks/Speech.framework/Speech.tbd
_$s6Speech15AnalysisContextC11UserDataTagV8rawValueSSvg	System/Library/Frameworks/Speech.framework/Speech.tbd
_$s6Speech15AnalysisContextC11UserDataTagV8rawValueSSvpMV	System/Library/Frameworks/Speech.framework/Speech.tbd
_$s6Speech15AnalysisContextC11UserDataTagVMa	System/Library/Frameworks/Speech.framework/Speech.tbd
_$s6Speech15AnalysisContextC11UserDataTagVMn	System/Library/Frameworks/Speech.framework/Speech.tbd
_$s6Speech15AnalysisContextC11UserDataTagVN	System/Library/Frameworks/Speech.framework/Speech.tbd
_$s6Speech15AnalysisContextC11UserDataTagVSHAAMc	System/Library/Frameworks/Speech.framework/Speech.tbd
_$s6Speech15AnalysisContextC11UserDataTagVSQAAMc	System/Library/Frameworks/Speech.framework/Speech.tbd
_$s6Speech15AnalysisContextC11UserDataTagVSYAAMc	System/Library/Frameworks/Speech.framework/Speech.tbd
_$s6Speech15AnalysisContextC11UserDataTagVyAESScfC	System/Library/Frameworks/Speech.framework/Speech.tbd
_$s6Speech15AnalysisContextC11profileData10Foundation0E0VSgvM	System/Library/Frameworks/Speech.framework/Speech.tbd
_$s6Speech15AnalysisContextC11profileData10Foundation0E0VSgvg	System/Library/Frameworks/Speech.framework/Speech.tbd
_$s6Speech15AnalysisContextC11profileData10Foundation0E0VSgvpMV	System/Library/Frameworks/Speech.framework/Speech.tbd
_$s6Speech15AnalysisContextC11profileData10Foundation0E0VSgvs	System/Library/Frameworks/Speech.framework/Speech.tbd
_$s6Speech15AnalysisContextC14jitProfileData10Foundation0F0VSgvM	System/Library/Frameworks/Speech.framework/Speech.tbd
_$s6Speech15AnalysisContextC14jitProfileData10Foundation0F0VSgvg	System/Library/Frameworks/Speech.framework/Speech.tbd
_$s6Speech15AnalysisContextC14jitProfileData10Foundation0F0VSgvpMV	System/Library/Frameworks/Speech.framework/Speech.tbd
_$s6Speech15AnalysisContextC14jitProfileData10Foundation0F0VSgvs	System/Library/Frameworks/Speech.framework/Speech.tbd
_$s6Speech15AnalysisContextC17contextualStringsSDyAC010ContextualE3TagVSaySSGGvM	System/Library/Frameworks/Speech.framework/Speech.tbd
_$s6Speech15AnalysisContextC17contextualStringsSDyAC010ContextualE3TagVSaySSGGvg	System/Library/Frameworks/Speech.framework/Speech.tbd
_$s6Speech15AnalysisContextC17contextualStringsSDyAC010ContextualE3TagVSaySSGGvpMV	System/Library/Frameworks/Speech.framework/Speech.tbd
_$s6Speech15AnalysisContextC17contextualStringsSDyAC010ContextualE3TagVSaySSGGvs	System/Library/Frameworks/Speech.framework/Speech.tbd
_$s6Speech15AnalysisContextC20ContextualStringsTagV04leftC0AEvgZ	System/Library/Frameworks/Speech.framework/Speech.tbd
_$s6Speech15AnalysisContextC20ContextualStringsTagV04leftC0AEvpZMV	System/Library/Frameworks/Speech.framework/Speech.tbd
_$s6Speech15AnalysisContextC20ContextualStringsTagV05rightC0AEvgZ	System/Library/Frameworks/Speech.framework/Speech.tbd
_$s6Speech15AnalysisContextC20ContextualStringsTagV05rightC0AEvpZMV	System/Library/Frameworks/Speech.framework/Speech.tbd
_$s6Speech15AnalysisContextC20ContextualStringsTagV10jitGrammarAEvgZ	System/Library/Frameworks/Speech.framework/Speech.tbd
_$s6Speech15AnalysisContextC20ContextualStringsTagV10jitGrammarAEvpZMV	System/Library/Frameworks/Speech.framework/Speech.tbd
_$s6Speech15AnalysisContextC20ContextualStringsTagV12selectedTextAEvgZ	System/Library/Frameworks/Speech.framework/Speech.tbd
_$s6Speech15AnalysisContextC20ContextualStringsTagV12selectedTextAEvpZMV	System/Library/Frameworks/Speech.framework/Speech.tbd
_$s6Speech15AnalysisContextC20ContextualStringsTagV7generalAEvgZ	System/Library/Frameworks/Speech.framework/Speech.tbd
_$s6Speech15AnalysisContextC20ContextualStringsTagV7generalAEvpZMV	System/Library/Frameworks/Speech.framework/Speech.tbd
_$s6Speech15AnalysisContextC20ContextualStringsTagV8rawValueAESS_tcfC	System/Library/Frameworks/Speech.framework/Speech.tbd
_$s6Speech15AnalysisContextC20ContextualStringsTagV8rawValueSSvg	System/Library/Frameworks/Speech.framework/Speech.tbd
_$s6Speech15AnalysisContextC20ContextualStringsTagV8rawValueSSvpMV	System/Library/Frameworks/Speech.framework/Speech.tbd
_$s6Speech15AnalysisContextC20ContextualStringsTagVMa	System/Library/Frameworks/Speech.framework/Speech.tbd
_$s6Speech15AnalysisContextC20ContextualStringsTagVMn	System/Library/Frameworks/Speech.framework/Speech.tbd
_$s6Speech15AnalysisContextC20ContextualStringsTagVN	System/Library/Frameworks/Speech.framework/Speech.tbd
_$s6Speech15AnalysisContextC20ContextualStringsTagVSHAAMc	System/Library/Frameworks/Speech.framework/Speech.tbd
_$s6Speech15AnalysisContextC20ContextualStringsTagVSQAAMc	System/Library/Frameworks/Speech.framework/Speech.tbd
_$s6Speech15AnalysisContextC20ContextualStringsTagVSYAAMc	System/Library/Frameworks/Speech.framework/Speech.tbd
_$s6Speech15AnalysisContextC20ContextualStringsTagVyAESScfC	System/Library/Frameworks/Speech.framework/Speech.tbd
_$s6Speech15AnalysisContextC23contextualNamedEntitiesSayAA010ContextualE6EntityVGSgvM	System/Library/Frameworks/Speech.framework/Speech.tbd
_$s6Speech15AnalysisContextC23contextualNamedEntitiesSayAA010ContextualE6EntityVGSgvg	System/Library/Frameworks/Speech.framework/Speech.tbd
_$s6Speech15AnalysisContextC23contextualNamedEntitiesSayAA010ContextualE6EntityVGSgvpMV	System/Library/Frameworks/Speech.framework/Speech.tbd
_$s6Speech15AnalysisContextC23contextualNamedEntitiesSayAA010ContextualE6EntityVGSgvs	System/Library/Frameworks/Speech.framework/Speech.tbd
_$s6Speech15AnalysisContextC24EnhancedContextualStringV10isLoggableSbvg	System/Library/Frameworks/Speech.framework/Speech.tbd
_$s6Speech15AnalysisContextC24EnhancedContextualStringV10isLoggableSbvpMV	System/Library/Frameworks/Speech.framework/Speech.tbd
_$s6Speech15AnalysisContextC24EnhancedContextualStringV7context7tagName10isLoggableAESS_SSSgSbtcfC	System/Library/Frameworks/Speech.framework/Speech.tbd
_$s6Speech15AnalysisContextC24EnhancedContextualStringV7contextSSvg	System/Library/Frameworks/Speech.framework/Speech.tbd
_$s6Speech15AnalysisContextC24EnhancedContextualStringV7contextSSvpMV	System/Library/Frameworks/Speech.framework/Speech.tbd
_$s6Speech15AnalysisContextC24EnhancedContextualStringV7tagNameSSSgvg	System/Library/Frameworks/Speech.framework/Speech.tbd
_$s6Speech15AnalysisContextC24EnhancedContextualStringV7tagNameSSSgvpMV	System/Library/Frameworks/Speech.framework/Speech.tbd
_$s6Speech15AnalysisContextC24EnhancedContextualStringVMa	System/Library/Frameworks/Speech.framework/Speech.tbd
_$s6Speech15AnalysisContextC24EnhancedContextualStringVMn	System/Library/Frameworks/Speech.framework/Speech.tbd
_$s6Speech15AnalysisContextC24EnhancedContextualStringVN	System/Library/Frameworks/Speech.framework/Speech.tbd
_$s6Speech15AnalysisContextC25enhancedContextualStringsSDyAC0eF3TagVSayAC08EnhancedE6StringVGGvM	System/Library/Frameworks/Speech.framework/Speech.tbd
_$s6Speech15AnalysisContextC25enhancedContextualStringsSDyAC0eF3TagVSayAC08EnhancedE6StringVGGvg	System/Library/Frameworks/Speech.framework/Speech.tbd
_$s6Speech15AnalysisContextC25enhancedContextualStringsSDyAC0eF3TagVSayAC08EnhancedE6StringVGGvpMV	System/Library/Frameworks/Speech.framework/Speech.tbd
_$s6Speech15AnalysisContextC25enhancedContextualStringsSDyAC0eF3TagVSayAC08EnhancedE6StringVGGvs	System/Library/Frameworks/Speech.framework/Speech.tbd
_$s6Speech15AnalysisContextC7setWait17contextualStringsySDyAC010ContextualG3TagVSaySSGG_tYaF	System/Library/Frameworks/Speech.framework/Speech.tbd
_$s6Speech15AnalysisContextC7setWait17contextualStringsySDyAC010ContextualG3TagVSaySSGG_tYaFTu	System/Library/Frameworks/Speech.framework/Speech.tbd
_$s6Speech15AnalysisContextC7setWait25enhancedContextualStringsySDyAC0gH3TagVSayAC08EnhancedG6StringVGG_tYaF	System/Library/Frameworks/Speech.framework/Speech.tbd
_$s6Speech15AnalysisContextC7setWait25enhancedContextualStringsySDyAC0gH3TagVSayAC08EnhancedG6StringVGG_tYaFTu	System/Library/Frameworks/Speech.framework/Speech.tbd
_$s6Speech15AnalysisContextC7setWait8userDataySDyAC04UserG3TagVxG_tYas8SendableRzlF	System/Library/Frameworks/Speech.framework/Speech.tbd
_$s6Speech15AnalysisContextC7setWait8userDataySDyAC04UserG3TagVxG_tYas8SendableRzlFTu	System/Library/Frameworks/Speech.framework/Speech.tbd
_$s6Speech15AnalysisContextC8userDataSDyAC04UserE3TagVs8Sendable_pGvM	System/Library/Frameworks/Speech.framework/Speech.tbd
_$s6Speech15AnalysisContextC8userDataSDyAC04UserE3TagVs8Sendable_pGvg	System/Library/Frameworks/Speech.framework/Speech.tbd
_$s6Speech15AnalysisContextC8userDataSDyAC04UserE3TagVs8Sendable_pGvpMV	System/Library/Frameworks/Speech.framework/Speech.tbd
_$s6Speech15AnalysisContextC8userDataSDyAC04UserE3TagVs8Sendable_pGvs	System/Library/Frameworks/Speech.framework/Speech.tbd
_$s6Speech15AnalysisContextCACycfC	System/Library/Frameworks/Speech.framework/Speech.tbd
_$s6Speech15AnalysisContextCACycfCTj	System/Library/Frameworks/Speech.framework/Speech.tbd
_$s6Speech15AnalysisContextCACycfCTq	System/Library/Frameworks/Speech.framework/Speech.tbd
_$s6Speech15AnalysisContextCACycfc	System/Library/Frameworks/Speech.framework/Speech.tbd
_$s6Speech15AnalysisContextCMa	System/Library/Frameworks/Speech.framework/Speech.tbd
_$s6Speech15AnalysisContextCMm	System/Library/Frameworks/Speech.framework/Speech.tbd
_$s6Speech15AnalysisContextCMn	System/Library/Frameworks/Speech.framework/Speech.tbd
_$s6Speech15AnalysisContextCMo	System/Library/Frameworks/Speech.framework/Speech.tbd
_$s6Speech15AnalysisContextCMu	System/Library/Frameworks/Speech.framework/Speech.tbd
_$s6Speech15AnalysisContextCN	System/Library/Frameworks/Speech.framework/Speech.tbd
_$s6Speech15AnalysisContextCfD	System/Library/Frameworks/Speech.framework/Speech.tbd
_$s6Speech15AnalysisContextCfd	System/Library/Frameworks/Speech.framework/Speech.tbd
_$s6Speech15AnalysisOptionsV11LoggingInfoV2eeoiySbAE_AEtFZ	System/Library/Frameworks/Speech.framework/Speech.tbd
_$s6Speech15AnalysisOptionsV11LoggingInfoV4hash4intoys6HasherVz_tF	System/Library/Frameworks/Speech.framework/Speech.tbd
_$s6Speech15AnalysisOptionsV11LoggingInfoV5asrID07requestG0AE10Foundation4UUIDV_AJtcfC	System/Library/Frameworks/Speech.framework/Speech.tbd
_$s6Speech15AnalysisOptionsV11LoggingInfoV5asrID10Foundation4UUIDVvg	System/Library/Frameworks/Speech.framework/Speech.tbd
_$s6Speech15AnalysisOptionsV11LoggingInfoV5asrID10Foundation4UUIDVvpMV	System/Library/Frameworks/Speech.framework/Speech.tbd
_$s6Speech15AnalysisOptionsV11LoggingInfoV9hashValueSivg	System/Library/Frameworks/Speech.framework/Speech.tbd
_$s6Speech15AnalysisOptionsV11LoggingInfoV9hashValueSivpMV	System/Library/Frameworks/Speech.framework/Speech.tbd
_$s6Speech15AnalysisOptionsV11LoggingInfoV9requestID10Foundation4UUIDVvg	System/Library/Frameworks/Speech.framework/Speech.tbd
_$s6Speech15AnalysisOptionsV11LoggingInfoV9requestID10Foundation4UUIDVvpMV	System/Library/Frameworks/Speech.framework/Speech.tbd
_$s6Speech15AnalysisOptionsV11LoggingInfoVMa	System/Library/Frameworks/Speech.framework/Speech.tbd
_$s6Speech15AnalysisOptionsV11LoggingInfoVMn	System/Library/Frameworks/Speech.framework/Speech.tbd
_$s6Speech15AnalysisOptionsV11LoggingInfoVN	System/Library/Frameworks/Speech.framework/Speech.tbd
_$s6Speech15AnalysisOptionsV11LoggingInfoVSHAAMc	System/Library/Frameworks/Speech.framework/Speech.tbd
_$s6Speech15AnalysisOptionsV11LoggingInfoVSQAAMc	System/Library/Frameworks/Speech.framework/Speech.tbd
_$s6Speech15AnalysisOptionsV12PowerContextV2eeoiySbAE_AEtFZ	System/Library/Frameworks/Speech.framework/Speech.tbd
_$s6Speech15AnalysisOptionsV12PowerContextV3ane3cpu3gpuAESS_S2StcfC	System/Library/Frameworks/Speech.framework/Speech.tbd
_$s6Speech15AnalysisOptionsV12PowerContextV3aneSSvg	System/Library/Frameworks/Speech.framework/Speech.tbd
_$s6Speech15AnalysisOptionsV12PowerContextV3aneSSvpMV	System/Library/Frameworks/Speech.framework/Speech.tbd
_$s6Speech15AnalysisOptionsV12PowerContextV3cpuSSvg	System/Library/Frameworks/Speech.framework/Speech.tbd
_$s6Speech15AnalysisOptionsV12PowerContextV3cpuSSvpMV	System/Library/Frameworks/Speech.framework/Speech.tbd
_$s6Speech15AnalysisOptionsV12PowerContextV3gpuSSvg	System/Library/Frameworks/Speech.framework/Speech.tbd
_$s6Speech15AnalysisOptionsV12PowerContextV3gpuSSvpMV	System/Library/Frameworks/Speech.framework/Speech.tbd
_$s6Speech15AnalysisOptionsV12PowerContextV4hash4intoys6HasherVz_tF	System/Library/Frameworks/Speech.framework/Speech.tbd
_$s6Speech15AnalysisOptionsV12PowerContextV9hashValueSivg	System/Library/Frameworks/Speech.framework/Speech.tbd
_$s6Speech15AnalysisOptionsV12PowerContextV9hashValueSivpMV	System/Library/Frameworks/Speech.framework/Speech.tbd
_$s6Speech15AnalysisOptionsV12PowerContextVMa	System/Library/Frameworks/Speech.framework/Speech.tbd
_$s6Speech15AnalysisOptionsV12PowerContextVMn	System/Library/Frameworks/Speech.framework/Speech.tbd
_$s6Speech15AnalysisOptionsV12PowerContextVN	System/Library/Frameworks/Speech.framework/Speech.tbd
_$s6Speech15AnalysisOptionsV12PowerContextVSHAAMc	System/Library/Frameworks/Speech.framework/Speech.tbd
_$s6Speech15AnalysisOptionsV12PowerContextVSQAAMc	System/Library/Frameworks/Speech.framework/Speech.tbd
_$s6Speech15AnalysisOptionsV12highPriority11loggingInfo12powerContextACSb_AC07LoggingG0VSgAC05PowerI0VSgtcfC	System/Library/Frameworks/Speech.framework/Speech.tbd
_$s6Speech15AnalysisOptionsV12highPriority14modelRetention11loggingInfo12powerContextACSb_AC05ModelG0OAC07LoggingI0VSgAC05PowerK0VSgtcfC	System/Library/Frameworks/Speech.framework/Speech.tbd
_$s6Speech15AnalysisOptionsV12powerContextAC05PowerE0VSgvg	System/Library/Frameworks/Speech.framework/Speech.tbd
_$s6Speech15AnalysisOptionsV12powerContextAC05PowerE0VSgvpMV	System/Library/Frameworks/Speech.framework/Speech.tbd
_$s6Speech15AnalysisOptionsV14ModelRetentionO10whileInUseyA2EmFWC	System/Library/Frameworks/Speech.framework/Speech.tbd
_$s6Speech15AnalysisOptionsV14ModelRetentionO15processLifetimeyA2EmFWC	System/Library/Frameworks/Speech.framework/Speech.tbd
_$s6Speech15AnalysisOptionsV14ModelRetentionO2eeoiySbAE_AEtFZ	System/Library/Frameworks/Speech.framework/Speech.tbd
_$s6Speech15AnalysisOptionsV14ModelRetentionO31lingeringWithKeepANEModelLoadedyA2EmFWC	System/Library/Frameworks/Speech.framework/Speech.tbd
_$s6Speech15AnalysisOptionsV14ModelRetentionO37processLifetimeWithKeepANEModelLoadedyA2EmFWC	System/Library/Frameworks/Speech.framework/Speech.tbd
_$s6Speech15AnalysisOptionsV14ModelRetentionO4hash4intoys6HasherVz_tF	System/Library/Frameworks/Speech.framework/Speech.tbd
_$s6Speech15AnalysisOptionsV14ModelRetentionO8allCasesSayAEGvgZ	System/Library/Frameworks/Speech.framework/Speech.tbd
_$s6Speech15AnalysisOptionsV14ModelRetentionO8allCasesSayAEGvpZMV	System/Library/Frameworks/Speech.framework/Speech.tbd
_$s6Speech15AnalysisOptionsV14ModelRetentionO9hashValueSivg	System/Library/Frameworks/Speech.framework/Speech.tbd
_$s6Speech15AnalysisOptionsV14ModelRetentionO9hashValueSivpMV	System/Library/Frameworks/Speech.framework/Speech.tbd
_$s6Speech15AnalysisOptionsV14ModelRetentionO9lingeringyA2EmFWC	System/Library/Frameworks/Speech.framework/Speech.tbd
_$s6Speech15AnalysisOptionsV14ModelRetentionOMa	System/Library/Frameworks/Speech.framework/Speech.tbd
_$s6Speech15AnalysisOptionsV14ModelRetentionOMn	System/Library/Frameworks/Speech.framework/Speech.tbd
_$s6Speech15AnalysisOptionsV14ModelRetentionON	System/Library/Frameworks/Speech.framework/Speech.tbd
_$s6Speech15AnalysisOptionsV14ModelRetentionOSHAAMc	System/Library/Frameworks/Speech.framework/Speech.tbd
_$s6Speech15AnalysisOptionsV14ModelRetentionOSQAAMc	System/Library/Frameworks/Speech.framework/Speech.tbd
_$s6Speech15AnalysisOptionsV14ModelRetentionOs12CaseIterableAAMc	System/Library/Frameworks/Speech.framework/Speech.tbd
_$s6Speech15AnalysisOptionsV14modelRetentionAC05ModelE0Ovg	System/Library/Frameworks/Speech.framework/Speech.tbd
_$s6Speech15AnalysisOptionsV14modelRetentionAC05ModelE0OvpMV	System/Library/Frameworks/Speech.framework/Speech.tbd
_$s6Speech15AnalysisOptionsV2eeoiySbAC_ACtFZ	System/Library/Frameworks/Speech.framework/Speech.tbd
_$s6Speech15AnalysisOptionsV8priority14modelRetention11loggingInfo12powerContextACScP_AC05ModelF0OAC07LoggingH0VSgAC05PowerJ0VSgtcfC	System/Library/Frameworks/Speech.framework/Speech.tbd
_$s6Speech15AnalysisOptionsV8priority14modelRetention12powerContextACScP_AC05ModelF0OAC05PowerH0VSgtcfC	System/Library/Frameworks/Speech.framework/Speech.tbd
_$s6Speech15AnalysisOptionsV8priority14modelRetentionACScP_AC05ModelF0OtcfC	System/Library/Frameworks/Speech.framework/Speech.tbd
_$s6Speech15AnalysisOptionsV8priorityScPvg	System/Library/Frameworks/Speech.framework/Speech.tbd
_$s6Speech15AnalysisOptionsV8priorityScPvpMV	System/Library/Frameworks/Speech.framework/Speech.tbd
_$s6Speech15AnalysisOptionsVMa	System/Library/Frameworks/Speech.framework/Speech.tbd
_$s6Speech15AnalysisOptionsVMn	System/Library/Frameworks/Speech.framework/Speech.tbd
_$s6Speech15AnalysisOptionsVN	System/Library/Frameworks/Speech.framework/Speech.tbd
_$s6Speech15AnalysisOptionsVSQAAMc	System/Library/Frameworks/Speech.framework/Speech.tbd
_$s6Speech15AssetsInventoryC03hasB03for16clientIdentifierSbSayAA14ModuleProtocol_pG_SStYaFTj	System/Library/Frameworks/Speech.framework/Speech.tbd
_$s6Speech15AssetsInventoryC03hasB03for16clientIdentifierSbSayAA14ModuleProtocol_pG_SStYaFTjTu	System/Library/Frameworks/Speech.framework/Speech.tbd
_$s6Speech15AssetsInventoryC03hasB03for16clientIdentifierSbSayAA14ModuleProtocol_pG_SStYaFTq	System/Library/Frameworks/Speech.framework/Speech.tbd
_$s6Speech15AssetsInventoryC03hasB03forSbSayAA0A6Module_pG_tYaFTj	System/Library/Frameworks/Speech.framework/Speech.tbd
_$s6Speech15AssetsInventoryC03hasB03forSbSayAA0A6Module_pG_tYaFTjTu	System/Library/Frameworks/Speech.framework/Speech.tbd
_$s6Speech15AssetsInventoryC03hasB03forSbSayAA0A6Module_pG_tYaFTq	System/Library/Frameworks/Speech.framework/Speech.tbd
_$s6Speech15AssetsInventoryC03hasB03forSbSayAA14ModuleProtocol_pG_tYaFTj	System/Library/Frameworks/Speech.framework/Speech.tbd
_$s6Speech15AssetsInventoryC03hasB03forSbSayAA14ModuleProtocol_pG_tYaFTjTu	System/Library/Frameworks/Speech.framework/Speech.tbd
_$s6Speech15AssetsInventoryC03hasB03forSbSayAA14ModuleProtocol_pG_tYaFTq	System/Library/Frameworks/Speech.framework/Speech.tbd
_$s6Speech15AssetsInventoryC07releaseB010supporting16clientIdentifierySayAA0A6Module_pG_SStYaKFTj	System/Library/Frameworks/Speech.framework/Speech.tbd
_$s6Speech15AssetsInventoryC07releaseB010supporting16clientIdentifierySayAA0A6Module_pG_SStYaKFTjTu	System/Library/Frameworks/Speech.framework/Speech.tbd
_$s6Speech15AssetsInventoryC07releaseB010supporting16clientIdentifierySayAA0A6Module_pG_SStYaKFTq	System/Library/Frameworks/Speech.framework/Speech.tbd
_$s6Speech15AssetsInventoryC11AssetStatusO2eeoiySbAE_AEtFZ	System/Library/Frameworks/Speech.framework/Speech.tbd
_$s6Speech15AssetsInventoryC11AssetStatusO4hash4intoys6HasherVz_tF	System/Library/Frameworks/Speech.framework/Speech.tbd
_$s6Speech15AssetsInventoryC11AssetStatusO9hashValueSivg	System/Library/Frameworks/Speech.framework/Speech.tbd
_$s6Speech15AssetsInventoryC11AssetStatusO9hashValueSivpMV	System/Library/Frameworks/Speech.framework/Speech.tbd
_$s6Speech15AssetsInventoryC11AssetStatusO9installedyA2EmFWC	System/Library/Frameworks/Speech.framework/Speech.tbd
_$s6Speech15AssetsInventoryC11AssetStatusO9supportedyA2EmFWC	System/Library/Frameworks/Speech.framework/Speech.tbd
_$s6Speech15AssetsInventoryC11AssetStatusOMa	System/Library/Frameworks/Speech.framework/Speech.tbd
_$s6Speech15AssetsInventoryC11AssetStatusOMn	System/Library/Frameworks/Speech.framework/Speech.tbd
_$s6Speech15AssetsInventoryC11AssetStatusON	System/Library/Frameworks/Speech.framework/Speech.tbd
_$s6Speech15AssetsInventoryC11AssetStatusOSHAAMc	System/Library/Frameworks/Speech.framework/Speech.tbd
_$s6Speech15AssetsInventoryC11AssetStatusOSQAAMc	System/Library/Frameworks/Speech.framework/Speech.tbd
_$s6Speech15AssetsInventoryC16installedLocales3forSay10Foundation6LocaleVGAC9AssetTaskO_tYaFTj	System/Library/Frameworks/Speech.framework/Speech.tbd
_$s6Speech15AssetsInventoryC16installedLocales3forSay10Foundation6LocaleVGAC9AssetTaskO_tYaFTjTu	System/Library/Frameworks/Speech.framework/Speech.tbd
_$s6Speech15AssetsInventoryC16installedLocales3forSay10Foundation6LocaleVGAC9AssetTaskO_tYaFTq	System/Library/Frameworks/Speech.framework/Speech.tbd
_$s6Speech15AssetsInventoryC16supportedLocales3forSay10Foundation6LocaleVGAC9AssetTaskO_tYaFTj	System/Library/Frameworks/Speech.framework/Speech.tbd
_$s6Speech15AssetsInventoryC16supportedLocales3forSay10Foundation6LocaleVGAC9AssetTaskO_tYaFTjTu	System/Library/Frameworks/Speech.framework/Speech.tbd
_$s6Speech15AssetsInventoryC16supportedLocales3forSay10Foundation6LocaleVGAC9AssetTaskO_tYaFTq	System/Library/Frameworks/Speech.framework/Speech.tbd
_$s6Speech15AssetsInventoryC22supportedLocalesStatus3forSay10Foundation6LocaleV6locale_AC05AssetF0O6statustGAC0K4TaskO_tYaFTj	System/Library/Frameworks/Speech.framework/Speech.tbd
_$s6Speech15AssetsInventoryC22supportedLocalesStatus3forSay10Foundation6LocaleV6locale_AC05AssetF0O6statustGAC0K4TaskO_tYaFTjTu	System/Library/Frameworks/Speech.framework/Speech.tbd
_$s6Speech15AssetsInventoryC22supportedLocalesStatus3forSay10Foundation6LocaleV6locale_AC05AssetF0O6statustGAC0K4TaskO_tYaFTq	System/Library/Frameworks/Speech.framework/Speech.tbd
_$s6Speech15AssetsInventoryC25assetsInstallationRequest10supporting16clientIdentifierAA0beF0CSgSayAA0A6Module_pG_SStYaFTj	System/Library/Frameworks/Speech.framework/Speech.tbd
_$s6Speech15AssetsInventoryC25assetsInstallationRequest10supporting16clientIdentifierAA0beF0CSgSayAA0A6Module_pG_SStYaFTjTu	System/Library/Frameworks/Speech.framework/Speech.tbd
_$s6Speech15AssetsInventoryC25assetsInstallationRequest10supporting16clientIdentifierAA0beF0CSgSayAA0A6Module_pG_SStYaFTq	System/Library/Frameworks/Speech.framework/Speech.tbd
_$s6Speech15AssetsInventoryC25assetsInstallationRequest10supporting16clientIdentifierAA0beF0CSgSayAA14ModuleProtocol_pG_SStYaFTj	System/Library/Frameworks/Speech.framework/Speech.tbd
_$s6Speech15AssetsInventoryC25assetsInstallationRequest10supporting16clientIdentifierAA0beF0CSgSayAA14ModuleProtocol_pG_SStYaFTjTu	System/Library/Frameworks/Speech.framework/Speech.tbd
_$s6Speech15AssetsInventoryC25assetsInstallationRequest10supporting16clientIdentifierAA0beF0CSgSayAA14ModuleProtocol_pG_SStYaFTq	System/Library/Frameworks/Speech.framework/Speech.tbd
_$s6Speech15AssetsInventoryC6sharedACvgZ	System/Library/Frameworks/Speech.framework/Speech.tbd
_$s6Speech15AssetsInventoryC6sharedACvpZMV	System/Library/Frameworks/Speech.framework/Speech.tbd
_$s6Speech15AssetsInventoryC9AssetTaskO13transcriptionyA2EmFWC	System/Library/Frameworks/Speech.framework/Speech.tbd
_$s6Speech15AssetsInventoryC9AssetTaskO17gasrTranscriptionyA2EmFWC	System/Library/Frameworks/Speech.framework/Speech.tbd
_$s6Speech15AssetsInventoryC9AssetTaskO17languageDetectionyA2EmFWC	System/Library/Frameworks/Speech.framework/Speech.tbd
_$s6Speech15AssetsInventoryC9AssetTaskO2eeoiySbAE_AEtFZ	System/Library/Frameworks/Speech.framework/Speech.tbd
_$s6Speech15AssetsInventoryC9AssetTaskO4hash4intoys6HasherVz_tF	System/Library/Frameworks/Speech.framework/Speech.tbd
_$s6Speech15AssetsInventoryC9AssetTaskO8allCasesSayAEGvgZ	System/Library/Frameworks/Speech.framework/Speech.tbd
_$s6Speech15AssetsInventoryC9AssetTaskO8allCasesSayAEGvpZMV	System/Library/Frameworks/Speech.framework/Speech.tbd
_$s6Speech15AssetsInventoryC9AssetTaskO9hashValueSivg	System/Library/Frameworks/Speech.framework/Speech.tbd
_$s6Speech15AssetsInventoryC9AssetTaskO9hashValueSivpMV	System/Library/Frameworks/Speech.framework/Speech.tbd
_$s6Speech15AssetsInventoryC9AssetTaskOMa	System/Library/Frameworks/Speech.framework/Speech.tbd
_$s6Speech15AssetsInventoryC9AssetTaskOMn	System/Library/Frameworks/Speech.framework/Speech.tbd
_$s6Speech15AssetsInventoryC9AssetTaskON	System/Library/Frameworks/Speech.framework/Speech.tbd
_$s6Speech15AssetsInventoryC9AssetTaskOSHAAMc	System/Library/Frameworks/Speech.framework/Speech.tbd
_$s6Speech15AssetsInventoryC9AssetTaskOSQAAMc	System/Library/Frameworks/Speech.framework/Speech.tbd
_$s6Speech15AssetsInventoryC9AssetTaskOs12CaseIterableAAMc	System/Library/Frameworks/Speech.framework/Speech.tbd
_$s6Speech15AssetsInventoryCMa	System/Library/Frameworks/Speech.framework/Speech.tbd
_$s6Speech15AssetsInventoryCMm	System/Library/Frameworks/Speech.framework/Speech.tbd
_$s6Speech15AssetsInventoryCMn	System/Library/Frameworks/Speech.framework/Speech.tbd
_$s6Speech15AssetsInventoryCMo	System/Library/Frameworks/Speech.framework/Speech.tbd
_$s6Speech15AssetsInventoryCMu	System/Library/Frameworks/Speech.framework/Speech.tbd
_$s6Speech15AssetsInventoryCN	System/Library/Frameworks/Speech.framework/Speech.tbd
_$s6Speech15AssetsInventoryCfD	System/Library/Frameworks/Speech.framework/Speech.tbd
_$s6Speech15AssetsInventoryCfd	System/Library/Frameworks/Speech.framework/Speech.tbd
_$s6Speech15InstrumentationCMa	System/Library/Frameworks/Speech.framework/Speech.tbd
_$s6Speech15InstrumentationCMm	System/Library/Frameworks/Speech.framework/Speech.tbd
_$s6Speech15InstrumentationCMn	System/Library/Frameworks/Speech.framework/Speech.tbd
_$s6Speech15InstrumentationCMo	System/Library/Frameworks/Speech.framework/Speech.tbd
_$s6Speech15InstrumentationCMu	System/Library/Frameworks/Speech.framework/Speech.tbd
_$s6Speech15InstrumentationCN	System/Library/Frameworks/Speech.framework/Speech.tbd
_$s6Speech15InstrumentationCfD	System/Library/Frameworks/Speech.framework/Speech.tbd
_$s6Speech15InstrumentationCfd	System/Library/Frameworks/Speech.framework/Speech.tbd
_$s6Speech16EndpointDetectorC12ModuleOutputV11descriptionSSvg	System/Library/Frameworks/Speech.framework/Speech.tbd
_$s6Speech16EndpointDetectorC12ModuleOutputV11descriptionSSvpMV	System/Library/Frameworks/Speech.framework/Speech.tbd
_$s6Speech16EndpointDetectorC12ModuleOutputV11pauseCountsSaySiGvg	System/Library/Frameworks/Speech.framework/Speech.tbd
_$s6Speech16EndpointDetectorC12ModuleOutputV11pauseCountsSaySiGvpMV	System/Library/Frameworks/Speech.framework/Speech.tbd
_$s6Speech16EndpointDetectorC12ModuleOutputV13eosLikelihoodSdvg	System/Library/Frameworks/Speech.framework/Speech.tbd
_$s6Speech16EndpointDetectorC12ModuleOutputV13eosLikelihoodSdvpMV	System/Library/Frameworks/Speech.framework/Speech.tbd
_$s6Speech16EndpointDetectorC12ModuleOutputV16silencePosteriorSdvg	System/Library/Frameworks/Speech.framework/Speech.tbd
_$s6Speech16EndpointDetectorC12ModuleOutputV16silencePosteriorSdvpMV	System/Library/Frameworks/Speech.framework/Speech.tbd
_$s6Speech16EndpointDetectorC12ModuleOutputV23acousticEndpointerScoreSdvg	System/Library/Frameworks/Speech.framework/Speech.tbd
_$s6Speech16EndpointDetectorC12ModuleOutputV23acousticEndpointerScoreSdvpMV	System/Library/Frameworks/Speech.framework/Speech.tbd
_$s6Speech16EndpointDetectorC12ModuleOutputV23resultsFinalizationTimeSo6CMTimeavg	System/Library/Frameworks/Speech.framework/Speech.tbd
_$s6Speech16EndpointDetectorC12ModuleOutputV23resultsFinalizationTimeSo6CMTimeavpMV	System/Library/Frameworks/Speech.framework/Speech.tbd
_$s6Speech16EndpointDetectorC12ModuleOutputV5rangeSo11CMTimeRangeavg	System/Library/Frameworks/Speech.framework/Speech.tbd
_$s6Speech16EndpointDetectorC12ModuleOutputV5rangeSo11CMTimeRangeavpMV	System/Library/Frameworks/Speech.framework/Speech.tbd
_$s6Speech16EndpointDetectorC12ModuleOutputV9wordCountSivg	System/Library/Frameworks/Speech.framework/Speech.tbd
_$s6Speech16EndpointDetectorC12ModuleOutputV9wordCountSivpMV	System/Library/Frameworks/Speech.framework/Speech.tbd
_$s6Speech16EndpointDetectorC12ModuleOutputVAA0aD6ResultAAMc	System/Library/Frameworks/Speech.framework/Speech.tbd
_$s6Speech16EndpointDetectorC12ModuleOutputVAA0aD6ResultAAWP	System/Library/Frameworks/Speech.framework/Speech.tbd
_$s6Speech16EndpointDetectorC12ModuleOutputVMa	System/Library/Frameworks/Speech.framework/Speech.tbd
_$s6Speech16EndpointDetectorC12ModuleOutputVMn	System/Library/Frameworks/Speech.framework/Speech.tbd
_$s6Speech16EndpointDetectorC12ModuleOutputVN	System/Library/Frameworks/Speech.framework/Speech.tbd
_$s6Speech16EndpointDetectorC12ModuleOutputVs23CustomStringConvertibleAAMc	System/Library/Frameworks/Speech.framework/Speech.tbd
_$s6Speech16EndpointDetectorC16DetectionOptionsV15detectAfterTimeAESo6CMTimeaSg_tcfC	System/Library/Frameworks/Speech.framework/Speech.tbd
_$s6Speech16EndpointDetectorC16DetectionOptionsV15detectAfterTimeSo6CMTimeaSgvg	System/Library/Frameworks/Speech.framework/Speech.tbd
_$s6Speech16EndpointDetectorC16DetectionOptionsV15detectAfterTimeSo6CMTimeaSgvpMV	System/Library/Frameworks/Speech.framework/Speech.tbd
_$s6Speech16EndpointDetectorC16DetectionOptionsV2eeoiySbAE_AEtFZ	System/Library/Frameworks/Speech.framework/Speech.tbd
_$s6Speech16EndpointDetectorC16DetectionOptionsV4hash4intoys6HasherVz_tF	System/Library/Frameworks/Speech.framework/Speech.tbd
_$s6Speech16EndpointDetectorC16DetectionOptionsV9hashValueSivg	System/Library/Frameworks/Speech.framework/Speech.tbd
_$s6Speech16EndpointDetectorC16DetectionOptionsV9hashValueSivpMV	System/Library/Frameworks/Speech.framework/Speech.tbd
_$s6Speech16EndpointDetectorC16DetectionOptionsVMa	System/Library/Frameworks/Speech.framework/Speech.tbd
_$s6Speech16EndpointDetectorC16DetectionOptionsVMn	System/Library/Frameworks/Speech.framework/Speech.tbd
_$s6Speech16EndpointDetectorC16DetectionOptionsVN	System/Library/Frameworks/Speech.framework/Speech.tbd
_$s6Speech16EndpointDetectorC16DetectionOptionsVSHAAMc	System/Library/Frameworks/Speech.framework/Speech.tbd
_$s6Speech16EndpointDetectorC16DetectionOptionsVSQAAMc	System/Library/Frameworks/Speech.framework/Speech.tbd
_$s6Speech16EndpointDetectorC26recognizerObjectIdentifierSOSgvg	System/Library/Frameworks/Speech.framework/Speech.tbd
_$s6Speech16EndpointDetectorC26recognizerObjectIdentifierSOSgvpMV	System/Library/Frameworks/Speech.framework/Speech.tbd
_$s6Speech16EndpointDetectorC31availableCompatibleAudioFormats8clientIDSaySo13AVAudioFormatCGSS_tF	System/Library/Frameworks/Speech.framework/Speech.tbd
_$s6Speech16EndpointDetectorC31availableCompatibleAudioFormatsSaySo13AVAudioFormatCGvg	System/Library/Frameworks/Speech.framework/Speech.tbd
_$s6Speech16EndpointDetectorC31availableCompatibleAudioFormatsSaySo13AVAudioFormatCGvpMV	System/Library/Frameworks/Speech.framework/Speech.tbd
_$s6Speech16EndpointDetectorC7resultsQrvg	System/Library/Frameworks/Speech.framework/Speech.tbd
_$s6Speech16EndpointDetectorC7resultsQrvpMV	System/Library/Frameworks/Speech.framework/Speech.tbd
_$s6Speech16EndpointDetectorC7resultsQrvpQOMQ	System/Library/Frameworks/Speech.framework/Speech.tbd
_$s6Speech16EndpointDetectorC8taskHint16detectionOptionsACSo023SFSpeechRecognitionTaskE0V_AC09DetectionG0VSgtcfC	System/Library/Frameworks/Speech.framework/Speech.tbd
_$s6Speech16EndpointDetectorC8taskHint16detectionOptionsACSo023SFSpeechRecognitionTaskE0V_AC09DetectionG0VSgtcfc	System/Library/Frameworks/Speech.framework/Speech.tbd
_$s6Speech16EndpointDetectorC8taskHint16detectionOptionsAcA04TaskE0OSg_AC09DetectionG0VSgtcfC	System/Library/Frameworks/Speech.framework/Speech.tbd
_$s6Speech16EndpointDetectorC8taskHint16detectionOptionsAcA04TaskE0OSg_AC09DetectionG0VSgtcfCTj	System/Library/Frameworks/Speech.framework/Speech.tbd
_$s6Speech16EndpointDetectorC8taskHint16detectionOptionsAcA04TaskE0OSg_AC09DetectionG0VSgtcfCTq	System/Library/Frameworks/Speech.framework/Speech.tbd
_$s6Speech16EndpointDetectorC8taskHint16detectionOptionsAcA04TaskE0OSg_AC09DetectionG0VSgtcfc	System/Library/Frameworks/Speech.framework/Speech.tbd
_$s6Speech16EndpointDetectorCAA0A6ModuleAAMc	System/Library/Frameworks/Speech.framework/Speech.tbd
_$s6Speech16EndpointDetectorCAA0A6ModuleAAWP	System/Library/Frameworks/Speech.framework/Speech.tbd
_$s6Speech16EndpointDetectorCAA14ModuleProtocolAAMc	System/Library/Frameworks/Speech.framework/Speech.tbd
_$s6Speech16EndpointDetectorCAA14ModuleProtocolAAWP	System/Library/Frameworks/Speech.framework/Speech.tbd
_$s6Speech16EndpointDetectorCMa	System/Library/Frameworks/Speech.framework/Speech.tbd
_$s6Speech16EndpointDetectorCMm	System/Library/Frameworks/Speech.framework/Speech.tbd
_$s6Speech16EndpointDetectorCMn	System/Library/Frameworks/Speech.framework/Speech.tbd
_$s6Speech16EndpointDetectorCMo	System/Library/Frameworks/Speech.framework/Speech.tbd
_$s6Speech16EndpointDetectorCMu	System/Library/Frameworks/Speech.framework/Speech.tbd
_$s6Speech16EndpointDetectorCN	System/Library/Frameworks/Speech.framework/Speech.tbd
_$s6Speech16EndpointDetectorCfD	System/Library/Frameworks/Speech.framework/Speech.tbd
_$s6Speech16EndpointDetectorCfd	System/Library/Frameworks/Speech.framework/Speech.tbd
_$s6Speech16LanguageDetectorC16supportedLocalesSay10Foundation6LocaleVGSgvg	System/Library/Frameworks/Speech.framework/Speech.tbd
_$s6Speech16LanguageDetectorC16supportedLocalesSay10Foundation6LocaleVGSgvgTu	System/Library/Frameworks/Speech.framework/Speech.tbd
_$s6Speech16LanguageDetectorC16supportedLocalesSay10Foundation6LocaleVGSgvpMV	System/Library/Frameworks/Speech.framework/Speech.tbd
_$s6Speech16LanguageDetectorC17LocaleAlternativeV10confidenceSdvg	System/Library/Frameworks/Speech.framework/Speech.tbd
_$s6Speech16LanguageDetectorC17LocaleAlternativeV10confidenceSdvpMV	System/Library/Frameworks/Speech.framework/Speech.tbd
_$s6Speech16LanguageDetectorC17LocaleAlternativeV11descriptionSSvg	System/Library/Frameworks/Speech.framework/Speech.tbd
_$s6Speech16LanguageDetectorC17LocaleAlternativeV11descriptionSSvpMV	System/Library/Frameworks/Speech.framework/Speech.tbd
_$s6Speech16LanguageDetectorC17LocaleAlternativeV2eeoiySbAE_AEtFZ	System/Library/Frameworks/Speech.framework/Speech.tbd
_$s6Speech16LanguageDetectorC17LocaleAlternativeV4hash4intoys6HasherVz_tF	System/Library/Frameworks/Speech.framework/Speech.tbd
_$s6Speech16LanguageDetectorC17LocaleAlternativeV6locale10Foundation0D0Vvg	System/Library/Frameworks/Speech.framework/Speech.tbd
_$s6Speech16LanguageDetectorC17LocaleAlternativeV6locale10Foundation0D0VvpMV	System/Library/Frameworks/Speech.framework/Speech.tbd
_$s6Speech16LanguageDetectorC17LocaleAlternativeV9hashValueSivg	System/Library/Frameworks/Speech.framework/Speech.tbd
_$s6Speech16LanguageDetectorC17LocaleAlternativeV9hashValueSivpMV	System/Library/Frameworks/Speech.framework/Speech.tbd
_$s6Speech16LanguageDetectorC17LocaleAlternativeVMa	System/Library/Frameworks/Speech.framework/Speech.tbd
_$s6Speech16LanguageDetectorC17LocaleAlternativeVMn	System/Library/Frameworks/Speech.framework/Speech.tbd
_$s6Speech16LanguageDetectorC17LocaleAlternativeVN	System/Library/Frameworks/Speech.framework/Speech.tbd
_$s6Speech16LanguageDetectorC17LocaleAlternativeVSHAAMc	System/Library/Frameworks/Speech.framework/Speech.tbd
_$s6Speech16LanguageDetectorC17LocaleAlternativeVSQAAMc	System/Library/Frameworks/Speech.framework/Speech.tbd
_$s6Speech16LanguageDetectorC31availableCompatibleAudioFormatsSaySo13AVAudioFormatCGvg	System/Library/Frameworks/Speech.framework/Speech.tbd
_$s6Speech16LanguageDetectorC31availableCompatibleAudioFormatsSaySo13AVAudioFormatCGvgTu	System/Library/Frameworks/Speech.framework/Speech.tbd
_$s6Speech16LanguageDetectorC31availableCompatibleAudioFormatsSaySo13AVAudioFormatCGvpMV	System/Library/Frameworks/Speech.framework/Speech.tbd
_$s6Speech16LanguageDetectorC6ResultV08detectedB4Code10Foundation6LocaleV0bF0VvM	System/Library/Frameworks/Speech.framework/Speech.tbd
_$s6Speech16LanguageDetectorC6ResultV08detectedB4Code10Foundation6LocaleV0bF0Vvg	System/Library/Frameworks/Speech.framework/Speech.tbd
_$s6Speech16LanguageDetectorC6ResultV08detectedB4Code10Foundation6LocaleV0bF0VvpMV	System/Library/Frameworks/Speech.framework/Speech.tbd
_$s6Speech16LanguageDetectorC6ResultV08detectedB4Code10Foundation6LocaleV0bF0Vvs	System/Library/Frameworks/Speech.framework/Speech.tbd
_$s6Speech16LanguageDetectorC6ResultV11descriptionSSvg	System/Library/Frameworks/Speech.framework/Speech.tbd
_$s6Speech16LanguageDetectorC6ResultV11descriptionSSvpMV	System/Library/Frameworks/Speech.framework/Speech.tbd
_$s6Speech16LanguageDetectorC6ResultV12alternativesSayAC17LocaleAlternativeVGvg	System/Library/Frameworks/Speech.framework/Speech.tbd
_$s6Speech16LanguageDetectorC6ResultV12alternativesSayAC17LocaleAlternativeVGvpMV	System/Library/Frameworks/Speech.framework/Speech.tbd
_$s6Speech16LanguageDetectorC6ResultV14dominantLocale10Foundation0F0Vvg	System/Library/Frameworks/Speech.framework/Speech.tbd
_$s6Speech16LanguageDetectorC6ResultV14dominantLocale10Foundation0F0VvpMV	System/Library/Frameworks/Speech.framework/Speech.tbd
_$s6Speech16LanguageDetectorC6ResultV23resultsFinalizationTimeSo6CMTimeavg	System/Library/Frameworks/Speech.framework/Speech.tbd
_$s6Speech16LanguageDetectorC6ResultV23resultsFinalizationTimeSo6CMTimeavpMV	System/Library/Frameworks/Speech.framework/Speech.tbd
_$s6Speech16LanguageDetectorC6ResultV5rangeSo11CMTimeRangeavg	System/Library/Frameworks/Speech.framework/Speech.tbd
_$s6Speech16LanguageDetectorC6ResultV5rangeSo11CMTimeRangeavpMV	System/Library/Frameworks/Speech.framework/Speech.tbd
_$s6Speech16LanguageDetectorC6ResultVAA0a6ModuleD0AAMc	System/Library/Frameworks/Speech.framework/Speech.tbd
_$s6Speech16LanguageDetectorC6ResultVAA0a6ModuleD0AAWP	System/Library/Frameworks/Speech.framework/Speech.tbd
_$s6Speech16LanguageDetectorC6ResultVMa	System/Library/Frameworks/Speech.framework/Speech.tbd
_$s6Speech16LanguageDetectorC6ResultVMn	System/Library/Frameworks/Speech.framework/Speech.tbd
_$s6Speech16LanguageDetectorC6ResultVN	System/Library/Frameworks/Speech.framework/Speech.tbd
_$s6Speech16LanguageDetectorC6ResultVs23CustomStringConvertibleAAMc	System/Library/Frameworks/Speech.framework/Speech.tbd
_$s6Speech16LanguageDetectorC7options10clientInfoAcA0bC7OptionsVSg_AA06ClientF0VtcfC	System/Library/Frameworks/Speech.framework/Speech.tbd
_$s6Speech16LanguageDetectorC7options10clientInfoAcA0bC7OptionsVSg_AA06ClientF0VtcfCTj	System/Library/Frameworks/Speech.framework/Speech.tbd
_$s6Speech16LanguageDetectorC7options10clientInfoAcA0bC7OptionsVSg_AA06ClientF0VtcfCTq	System/Library/Frameworks/Speech.framework/Speech.tbd
_$s6Speech16LanguageDetectorC7options10clientInfoAcA0bC7OptionsVSg_AA06ClientF0Vtcfc	System/Library/Frameworks/Speech.framework/Speech.tbd
_$s6Speech16LanguageDetectorC7resultsQrvg	System/Library/Frameworks/Speech.framework/Speech.tbd
_$s6Speech16LanguageDetectorC7resultsQrvpMV	System/Library/Frameworks/Speech.framework/Speech.tbd
_$s6Speech16LanguageDetectorC7resultsQrvpQOMQ	System/Library/Frameworks/Speech.framework/Speech.tbd
_$s6Speech16LanguageDetectorCAA0A6ModuleAAMc	System/Library/Frameworks/Speech.framework/Speech.tbd
_$s6Speech16LanguageDetectorCAA0A6ModuleAAWP	System/Library/Frameworks/Speech.framework/Speech.tbd
_$s6Speech16LanguageDetectorCAA14ModuleProtocolAAMc	System/Library/Frameworks/Speech.framework/Speech.tbd
_$s6Speech16LanguageDetectorCAA14ModuleProtocolAAWP	System/Library/Frameworks/Speech.framework/Speech.tbd
_$s6Speech16LanguageDetectorCMa	System/Library/Frameworks/Speech.framework/Speech.tbd
_$s6Speech16LanguageDetectorCMm	System/Library/Frameworks/Speech.framework/Speech.tbd
_$s6Speech16LanguageDetectorCMn	System/Library/Frameworks/Speech.framework/Speech.tbd
_$s6Speech16LanguageDetectorCMo	System/Library/Frameworks/Speech.framework/Speech.tbd
_$s6Speech16LanguageDetectorCMu	System/Library/Frameworks/Speech.framework/Speech.tbd
_$s6Speech16LanguageDetectorCN	System/Library/Frameworks/Speech.framework/Speech.tbd
_$s6Speech16LanguageDetectorCfD	System/Library/Frameworks/Speech.framework/Speech.tbd
_$s6Speech16LanguageDetectorCfd	System/Library/Frameworks/Speech.framework/Speech.tbd
_$s6Speech16PhoneticEmbedderC09installedC11OnlyLocalesSay10Foundation6LocaleVGyFZ	System/Library/Frameworks/Speech.framework/Speech.tbd
_$s6Speech16PhoneticEmbedderC10allLocalesSay10Foundation6LocaleVGyFZ	System/Library/Frameworks/Speech.framework/Speech.tbd
_$s6Speech16PhoneticEmbedderC10embeddings2of10completionySaySSG_ySaySaySdGGSg_s5Error_pSgtctKF	System/Library/Frameworks/Speech.framework/Speech.tbd
_$s6Speech16PhoneticEmbedderC10embeddings2ofSaySaySdGGSaySSG_tKF	System/Library/Frameworks/Speech.framework/Speech.tbd
_$s6Speech16PhoneticEmbedderC10embeddings2ofSaySaySdGGSaySSG_tYaKF	System/Library/Frameworks/Speech.framework/Speech.tbd
_$s6Speech16PhoneticEmbedderC10embeddings2ofSaySaySdGGSaySSG_tYaKFTu	System/Library/Frameworks/Speech.framework/Speech.tbd
_$s6Speech16PhoneticEmbedderC11InputFormatO7phonemeyA2EmFWC	System/Library/Frameworks/Speech.framework/Speech.tbd
_$s6Speech16PhoneticEmbedderC11InputFormatO8allCasesSayAEGvgZ	System/Library/Frameworks/Speech.framework/Speech.tbd
_$s6Speech16PhoneticEmbedderC11InputFormatO8allCasesSayAEGvpZMV	System/Library/Frameworks/Speech.framework/Speech.tbd
_$s6Speech16PhoneticEmbedderC11InputFormatO8graphemeyA2EmFWC	System/Library/Frameworks/Speech.framework/Speech.tbd
_$s6Speech16PhoneticEmbedderC11InputFormatO8rawValueAESgSi_tcfC	System/Library/Frameworks/Speech.framework/Speech.tbd
_$s6Speech16PhoneticEmbedderC11InputFormatO8rawValueSivg	System/Library/Frameworks/Speech.framework/Speech.tbd
_$s6Speech16PhoneticEmbedderC11InputFormatO8rawValueSivpMV	System/Library/Frameworks/Speech.framework/Speech.tbd
_$s6Speech16PhoneticEmbedderC11InputFormatOMa	System/Library/Frameworks/Speech.framework/Speech.tbd
_$s6Speech16PhoneticEmbedderC11InputFormatOMn	System/Library/Frameworks/Speech.framework/Speech.tbd
_$s6Speech16PhoneticEmbedderC11InputFormatON	System/Library/Frameworks/Speech.framework/Speech.tbd
_$s6Speech16PhoneticEmbedderC11InputFormatOSHAAMc	System/Library/Frameworks/Speech.framework/Speech.tbd
_$s6Speech16PhoneticEmbedderC11InputFormatOSQAAMc	System/Library/Frameworks/Speech.framework/Speech.tbd
_$s6Speech16PhoneticEmbedderC11InputFormatOSYAAMc	System/Library/Frameworks/Speech.framework/Speech.tbd
_$s6Speech16PhoneticEmbedderC11InputFormatOs12CaseIterableAAMc	System/Library/Frameworks/Speech.framework/Speech.tbd
_$s6Speech16PhoneticEmbedderC11allVersions6localeSaySSG10Foundation6LocaleV_tFZ	System/Library/Frameworks/Speech.framework/Speech.tbd
_$s6Speech16PhoneticEmbedderC11allVersions6localeSaySiG10Foundation6LocaleV_tFZ	System/Library/Frameworks/Speech.framework/Speech.tbd
_$s6Speech16PhoneticEmbedderC12modelVersionSivg	System/Library/Frameworks/Speech.framework/Speech.tbd
_$s6Speech16PhoneticEmbedderC12modelVersionSivpMV	System/Library/Frameworks/Speech.framework/Speech.tbd
_$s6Speech16PhoneticEmbedderC13LoadingOptionO3allyA2EmFWC	System/Library/Frameworks/Speech.framework/Speech.tbd
_$s6Speech16PhoneticEmbedderC13LoadingOptionO8allCasesSayAEGvgZ	System/Library/Frameworks/Speech.framework/Speech.tbd
_$s6Speech16PhoneticEmbedderC13LoadingOptionO8allCasesSayAEGvpZMV	System/Library/Frameworks/Speech.framework/Speech.tbd
_$s6Speech16PhoneticEmbedderC13LoadingOptionO8embedderyA2EmFWC	System/Library/Frameworks/Speech.framework/Speech.tbd
_$s6Speech16PhoneticEmbedderC13LoadingOptionO8rawValueAESgSi_tcfC	System/Library/Frameworks/Speech.framework/Speech.tbd
_$s6Speech16PhoneticEmbedderC13LoadingOptionO8rawValueSivg	System/Library/Frameworks/Speech.framework/Speech.tbd
_$s6Speech16PhoneticEmbedderC13LoadingOptionO8rawValueSivpMV	System/Library/Frameworks/Speech.framework/Speech.tbd
_$s6Speech16PhoneticEmbedderC13LoadingOptionOMa	System/Library/Frameworks/Speech.framework/Speech.tbd
_$s6Speech16PhoneticEmbedderC13LoadingOptionOMn	System/Library/Frameworks/Speech.framework/Speech.tbd
_$s6Speech16PhoneticEmbedderC13LoadingOptionON	System/Library/Frameworks/Speech.framework/Speech.tbd
_$s6Speech16PhoneticEmbedderC13LoadingOptionOSHAAMc	System/Library/Frameworks/Speech.framework/Speech.tbd
_$s6Speech16PhoneticEmbedderC13LoadingOptionOSQAAMc	System/Library/Frameworks/Speech.framework/Speech.tbd
_$s6Speech16PhoneticEmbedderC13LoadingOptionOSYAAMc	System/Library/Frameworks/Speech.framework/Speech.tbd
_$s6Speech16PhoneticEmbedderC13LoadingOptionOs12CaseIterableAAMc	System/Library/Frameworks/Speech.framework/Speech.tbd
_$s6Speech16PhoneticEmbedderC13maxWordLengthSivg	System/Library/Frameworks/Speech.framework/Speech.tbd
_$s6Speech16PhoneticEmbedderC13maxWordLengthSivpMV	System/Library/Frameworks/Speech.framework/Speech.tbd
_$s6Speech16PhoneticEmbedderC14maxInputLengthSiyYaKF	System/Library/Frameworks/Speech.framework/Speech.tbd
_$s6Speech16PhoneticEmbedderC14maxInputLengthSiyYaKFTu	System/Library/Frameworks/Speech.framework/Speech.tbd
_$s6Speech16PhoneticEmbedderC15distanceBetween6source3andSdSS_SStYaKF	System/Library/Frameworks/Speech.framework/Speech.tbd
_$s6Speech16PhoneticEmbedderC15distanceBetween6source3andSdSS_SStYaKFTu	System/Library/Frameworks/Speech.framework/Speech.tbd
_$s6Speech16PhoneticEmbedderC16availableLocalesSay10Foundation6LocaleVGyFZ	System/Library/Frameworks/Speech.framework/Speech.tbd
_$s6Speech16PhoneticEmbedderC16fullModelVersionSSyYaKF	System/Library/Frameworks/Speech.framework/Speech.tbd
_$s6Speech16PhoneticEmbedderC16fullModelVersionSSyYaKFTu	System/Library/Frameworks/Speech.framework/Speech.tbd
_$s6Speech16PhoneticEmbedderC16installedLocalesSay10Foundation6LocaleVGyFZ	System/Library/Frameworks/Speech.framework/Speech.tbd
_$s6Speech16PhoneticEmbedderC16supportedLocalesSay10Foundation6LocaleVGyFZ	System/Library/Frameworks/Speech.framework/Speech.tbd
_$s6Speech16PhoneticEmbedderC17installedVersions3forSaySSG10Foundation6LocaleV_tYaFZ	System/Library/Frameworks/Speech.framework/Speech.tbd
_$s6Speech16PhoneticEmbedderC17installedVersions3forSaySSG10Foundation6LocaleV_tYaFZTu	System/Library/Frameworks/Speech.framework/Speech.tbd
_$s6Speech16PhoneticEmbedderC17modelMajorVersionSSyYaKF	System/Library/Frameworks/Speech.framework/Speech.tbd
_$s6Speech16PhoneticEmbedderC17modelMajorVersionSSyYaKFTu	System/Library/Frameworks/Speech.framework/Speech.tbd
_$s6Speech16PhoneticEmbedderC17modelMinorVersionSSyYaKF	System/Library/Frameworks/Speech.framework/Speech.tbd
_$s6Speech16PhoneticEmbedderC17modelMinorVersionSSyYaKFTu	System/Library/Frameworks/Speech.framework/Speech.tbd
_$s6Speech16PhoneticEmbedderC17modelPatchVersionSSyYaKF	System/Library/Frameworks/Speech.framework/Speech.tbd
_$s6Speech16PhoneticEmbedderC17modelPatchVersionSSyYaKFTu	System/Library/Frameworks/Speech.framework/Speech.tbd
_$s6Speech16PhoneticEmbedderC19embedderOnlyLocalesSay10Foundation6LocaleVGyFZ	System/Library/Frameworks/Speech.framework/Speech.tbd
_$s6Speech16PhoneticEmbedderC19embeddingDimensionsSivg	System/Library/Frameworks/Speech.framework/Speech.tbd
_$s6Speech16PhoneticEmbedderC19embeddingDimensionsSivpMV	System/Library/Frameworks/Speech.framework/Speech.tbd
_$s6Speech16PhoneticEmbedderC19embeddingDimensionsSiyYaKF	System/Library/Frameworks/Speech.framework/Speech.tbd
_$s6Speech16PhoneticEmbedderC19embeddingDimensionsSiyYaKFTu	System/Library/Frameworks/Speech.framework/Speech.tbd
_$s6Speech16PhoneticEmbedderC6locale8clientID11inputFormat13loadingOptionAC10Foundation6LocaleV_SSAC05InputH0OAC07LoadingJ0OtcfC	System/Library/Frameworks/Speech.framework/Speech.tbd
_$s6Speech16PhoneticEmbedderC6locale8clientID11inputFormat13loadingOptionAC10Foundation6LocaleV_SSAC05InputH0OAC07LoadingJ0OtcfCTj	System/Library/Frameworks/Speech.framework/Speech.tbd
_$s6Speech16PhoneticEmbedderC6locale8clientID11inputFormat13loadingOptionAC10Foundation6LocaleV_SSAC05InputH0OAC07LoadingJ0OtcfCTq	System/Library/Frameworks/Speech.framework/Speech.tbd
_$s6Speech16PhoneticEmbedderC6locale8clientID11inputFormat13loadingOptionAC10Foundation6LocaleV_SSAC05InputH0OAC07LoadingJ0Otcfc	System/Library/Frameworks/Speech.framework/Speech.tbd
_$s6Speech16PhoneticEmbedderC6locale8clientID11inputFormatAC10Foundation6LocaleV_SSAC05InputH0OtcfC	System/Library/Frameworks/Speech.framework/Speech.tbd
_$s6Speech16PhoneticEmbedderC6locale8clientID11inputFormatAC10Foundation6LocaleV_SSAC05InputH0Otcfc	System/Library/Frameworks/Speech.framework/Speech.tbd
_$s6Speech16PhoneticEmbedderC7nearest_11neighborsOfSayAA0B8NeighborCGSi_SStKF	System/Library/Frameworks/Speech.framework/Speech.tbd
_$s6Speech16PhoneticEmbedderC7nearest_11neighborsOfSayAA0B8NeighborCGSi_SStYaKF	System/Library/Frameworks/Speech.framework/Speech.tbd
_$s6Speech16PhoneticEmbedderC7nearest_11neighborsOfSayAA0B8NeighborCGSi_SStYaKFTu	System/Library/Frameworks/Speech.framework/Speech.tbd
_$s6Speech16PhoneticEmbedderCMa	System/Library/Frameworks/Speech.framework/Speech.tbd
_$s6Speech16PhoneticEmbedderCMm	System/Library/Frameworks/Speech.framework/Speech.tbd
_$s6Speech16PhoneticEmbedderCMn	System/Library/Frameworks/Speech.framework/Speech.tbd
_$s6Speech16PhoneticEmbedderCMo	System/Library/Frameworks/Speech.framework/Speech.tbd
_$s6Speech16PhoneticEmbedderCMu	System/Library/Frameworks/Speech.framework/Speech.tbd
_$s6Speech16PhoneticEmbedderCN	System/Library/Frameworks/Speech.framework/Speech.tbd
_$s6Speech16PhoneticEmbedderCfD	System/Library/Frameworks/Speech.framework/Speech.tbd
_$s6Speech16PhoneticEmbedderCfd	System/Library/Frameworks/Speech.framework/Speech.tbd
_$s6Speech16PhoneticNeighborC4name8distanceACSS_SdtcfC	System/Library/Frameworks/Speech.framework/Speech.tbd
_$s6Speech16PhoneticNeighborC4name8distanceACSS_SdtcfCTj	System/Library/Frameworks/Speech.framework/Speech.tbd
_$s6Speech16PhoneticNeighborC4name8distanceACSS_SdtcfCTq	System/Library/Frameworks/Speech.framework/Speech.tbd
_$s6Speech16PhoneticNeighborC4name8distanceACSS_Sdtcfc	System/Library/Frameworks/Speech.framework/Speech.tbd
_$s6Speech16PhoneticNeighborC4nameSSvg	System/Library/Frameworks/Speech.framework/Speech.tbd
_$s6Speech16PhoneticNeighborC4nameSSvpMV	System/Library/Frameworks/Speech.framework/Speech.tbd
_$s6Speech16PhoneticNeighborC8distanceSdvg	System/Library/Frameworks/Speech.framework/Speech.tbd
_$s6Speech16PhoneticNeighborC8distanceSdvpMV	System/Library/Frameworks/Speech.framework/Speech.tbd
_$s6Speech16PhoneticNeighborCMa	System/Library/Frameworks/Speech.framework/Speech.tbd
_$s6Speech16PhoneticNeighborCMm	System/Library/Frameworks/Speech.framework/Speech.tbd
_$s6Speech16PhoneticNeighborCMn	System/Library/Frameworks/Speech.framework/Speech.tbd
_$s6Speech16PhoneticNeighborCMo	System/Library/Frameworks/Speech.framework/Speech.tbd
_$s6Speech16PhoneticNeighborCMu	System/Library/Frameworks/Speech.framework/Speech.tbd
_$s6Speech16PhoneticNeighborCN	System/Library/Frameworks/Speech.framework/Speech.tbd
_$s6Speech16PhoneticNeighborCfD	System/Library/Frameworks/Speech.framework/Speech.tbd
_$s6Speech16PhoneticNeighborCfd	System/Library/Frameworks/Speech.framework/Speech.tbd
_$s6Speech17CommandRecognizerC11transcriber9activeSetAcA11TranscriberC_AC06ActiveF0VtcfC	System/Library/Frameworks/Speech.framework/Speech.tbd
_$s6Speech17CommandRecognizerC11transcriber9activeSetAcA11TranscriberC_AC06ActiveF0VtcfCTj	System/Library/Frameworks/Speech.framework/Speech.tbd
_$s6Speech17CommandRecognizerC11transcriber9activeSetAcA11TranscriberC_AC06ActiveF0VtcfCTq	System/Library/Frameworks/Speech.framework/Speech.tbd
_$s6Speech17CommandRecognizerC11transcriber9activeSetAcA11TranscriberC_AC06ActiveF0Vtcfc	System/Library/Frameworks/Speech.framework/Speech.tbd
_$s6Speech17CommandRecognizerC11transcriberAcA11TranscriberC_tcfC	System/Library/Frameworks/Speech.framework/Speech.tbd
_$s6Speech17CommandRecognizerC11transcriberAcA11TranscriberC_tcfCTj	System/Library/Frameworks/Speech.framework/Speech.tbd
_$s6Speech17CommandRecognizerC11transcriberAcA11TranscriberC_tcfCTq	System/Library/Frameworks/Speech.framework/Speech.tbd
_$s6Speech17CommandRecognizerC11transcriberAcA11TranscriberC_tcfc	System/Library/Frameworks/Speech.framework/Speech.tbd
_$s6Speech17CommandRecognizerC11transcriberAcA20DictationTranscriberC_tcfC	System/Library/Frameworks/Speech.framework/Speech.tbd
_$s6Speech17CommandRecognizerC11transcriberAcA20DictationTranscriberC_tcfCTj	System/Library/Frameworks/Speech.framework/Speech.tbd
_$s6Speech17CommandRecognizerC11transcriberAcA20DictationTranscriberC_tcfCTq	System/Library/Frameworks/Speech.framework/Speech.tbd
_$s6Speech17CommandRecognizerC11transcriberAcA20DictationTranscriberC_tcfc	System/Library/Frameworks/Speech.framework/Speech.tbd
_$s6Speech17CommandRecognizerC11transcriberAcA22NormalizingTranscriberC_tcfC	System/Library/Frameworks/Speech.framework/Speech.tbd
_$s6Speech17CommandRecognizerC11transcriberAcA22NormalizingTranscriberC_tcfCTj	System/Library/Frameworks/Speech.framework/Speech.tbd
_$s6Speech17CommandRecognizerC11transcriberAcA22NormalizingTranscriberC_tcfCTq	System/Library/Frameworks/Speech.framework/Speech.tbd
_$s6Speech17CommandRecognizerC11transcriberAcA22NormalizingTranscriberC_tcfc	System/Library/Frameworks/Speech.framework/Speech.tbd
_$s6Speech17CommandRecognizerC14InterpretationV11descriptionSSvg	System/Library/Frameworks/Speech.framework/Speech.tbd
_$s6Speech17CommandRecognizerC14InterpretationV11descriptionSSvpMV	System/Library/Frameworks/Speech.framework/Speech.tbd
_$s6Speech17CommandRecognizerC14InterpretationV11verbIndexes10Foundation8IndexSetVvg	System/Library/Frameworks/Speech.framework/Speech.tbd
_$s6Speech17CommandRecognizerC14InterpretationV11verbIndexes10Foundation8IndexSetVvpMV	System/Library/Frameworks/Speech.framework/Speech.tbd
_$s6Speech17CommandRecognizerC14InterpretationV16suiteIdentifiersShySSGvg	System/Library/Frameworks/Speech.framework/Speech.tbd
_$s6Speech17CommandRecognizerC14InterpretationV16suiteIdentifiersShySSGvpMV	System/Library/Frameworks/Speech.framework/Speech.tbd
_$s6Speech17CommandRecognizerC14InterpretationV17commandIdentifierSSvg	System/Library/Frameworks/Speech.framework/Speech.tbd
_$s6Speech17CommandRecognizerC14InterpretationV17commandIdentifierSSvpMV	System/Library/Frameworks/Speech.framework/Speech.tbd
_$s6Speech17CommandRecognizerC14InterpretationV18instanceIdentifier10Foundation4UUIDVSgvg	System/Library/Frameworks/Speech.framework/Speech.tbd
_$s6Speech17CommandRecognizerC14InterpretationV18instanceIdentifier10Foundation4UUIDVSgvpMV	System/Library/Frameworks/Speech.framework/Speech.tbd
_$s6Speech17CommandRecognizerC14InterpretationV2eeoiySbAE_AEtFZ	System/Library/Frameworks/Speech.framework/Speech.tbd
_$s6Speech17CommandRecognizerC14InterpretationV4hash4intoys6HasherVz_tF	System/Library/Frameworks/Speech.framework/Speech.tbd
_$s6Speech17CommandRecognizerC14InterpretationV5rangeSnySiGvg	System/Library/Frameworks/Speech.framework/Speech.tbd
_$s6Speech17CommandRecognizerC14InterpretationV5rangeSnySiGvpMV	System/Library/Frameworks/Speech.framework/Speech.tbd
_$s6Speech17CommandRecognizerC14InterpretationV9argumentsSayAC8ArgumentVGvg	System/Library/Frameworks/Speech.framework/Speech.tbd
_$s6Speech17CommandRecognizerC14InterpretationV9argumentsSayAC8ArgumentVGvpMV	System/Library/Frameworks/Speech.framework/Speech.tbd
_$s6Speech17CommandRecognizerC14InterpretationV9hashValueSivg	System/Library/Frameworks/Speech.framework/Speech.tbd
_$s6Speech17CommandRecognizerC14InterpretationV9hashValueSivpMV	System/Library/Frameworks/Speech.framework/Speech.tbd
_$s6Speech17CommandRecognizerC14InterpretationVMa	System/Library/Frameworks/Speech.framework/Speech.tbd
_$s6Speech17CommandRecognizerC14InterpretationVMn	System/Library/Frameworks/Speech.framework/Speech.tbd
_$s6Speech17CommandRecognizerC14InterpretationVN	System/Library/Frameworks/Speech.framework/Speech.tbd
_$s6Speech17CommandRecognizerC14InterpretationVSHAAMc	System/Library/Frameworks/Speech.framework/Speech.tbd
_$s6Speech17CommandRecognizerC14InterpretationVSQAAMc	System/Library/Frameworks/Speech.framework/Speech.tbd
_$s6Speech17CommandRecognizerC14InterpretationVs23CustomStringConvertibleAAMc	System/Library/Frameworks/Speech.framework/Speech.tbd
_$s6Speech17CommandRecognizerC26recognizerObjectIdentifierSOSgvg	System/Library/Frameworks/Speech.framework/Speech.tbd
_$s6Speech17CommandRecognizerC26recognizerObjectIdentifierSOSgvpMV	System/Library/Frameworks/Speech.framework/Speech.tbd
_$s6Speech17CommandRecognizerC31availableCompatibleAudioFormats8clientIDSaySo13AVAudioFormatCGSS_tF	System/Library/Frameworks/Speech.framework/Speech.tbd
_$s6Speech17CommandRecognizerC31availableCompatibleAudioFormatsSaySo13AVAudioFormatCGvg	System/Library/Frameworks/Speech.framework/Speech.tbd
_$s6Speech17CommandRecognizerC31availableCompatibleAudioFormatsSaySo13AVAudioFormatCGvpMV	System/Library/Frameworks/Speech.framework/Speech.tbd
_$s6Speech17CommandRecognizerC6ResultV11descriptionSSvg	System/Library/Frameworks/Speech.framework/Speech.tbd
_$s6Speech17CommandRecognizerC6ResultV11descriptionSSvpMV	System/Library/Frameworks/Speech.framework/Speech.tbd
_$s6Speech17CommandRecognizerC6ResultV21transcriptionCommandsSaySayAC14InterpretationVGGvg	System/Library/Frameworks/Speech.framework/Speech.tbd
_$s6Speech17CommandRecognizerC6ResultV21transcriptionCommandsSaySayAC14InterpretationVGGvpMV	System/Library/Frameworks/Speech.framework/Speech.tbd
_$s6Speech17CommandRecognizerC6ResultV23resultsFinalizationTimeSo6CMTimeavg	System/Library/Frameworks/Speech.framework/Speech.tbd
_$s6Speech17CommandRecognizerC6ResultV23resultsFinalizationTimeSo6CMTimeavpMV	System/Library/Frameworks/Speech.framework/Speech.tbd
_$s6Speech17CommandRecognizerC6ResultV5rangeSo11CMTimeRangeavg	System/Library/Frameworks/Speech.framework/Speech.tbd
_$s6Speech17CommandRecognizerC6ResultV5rangeSo11CMTimeRangeavpMV	System/Library/Frameworks/Speech.framework/Speech.tbd
_$s6Speech17CommandRecognizerC6ResultVAA0a6ModuleD0AAMc	System/Library/Frameworks/Speech.framework/Speech.tbd
_$s6Speech17CommandRecognizerC6ResultVAA0a6ModuleD0AAWP	System/Library/Frameworks/Speech.framework/Speech.tbd
_$s6Speech17CommandRecognizerC6ResultVMa	System/Library/Frameworks/Speech.framework/Speech.tbd
_$s6Speech17CommandRecognizerC6ResultVMn	System/Library/Frameworks/Speech.framework/Speech.tbd
_$s6Speech17CommandRecognizerC6ResultVN	System/Library/Frameworks/Speech.framework/Speech.tbd
_$s6Speech17CommandRecognizerC6ResultVs23CustomStringConvertibleAAMc	System/Library/Frameworks/Speech.framework/Speech.tbd
_$s6Speech17CommandRecognizerC7resultsQrvg	System/Library/Frameworks/Speech.framework/Speech.tbd
_$s6Speech17CommandRecognizerC7resultsQrvpMV	System/Library/Frameworks/Speech.framework/Speech.tbd
_$s6Speech17CommandRecognizerC7resultsQrvpQOMQ	System/Library/Frameworks/Speech.framework/Speech.tbd
_$s6Speech17CommandRecognizerC8ArgumentV11descriptionSSvg	System/Library/Frameworks/Speech.framework/Speech.tbd
_$s6Speech17CommandRecognizerC8ArgumentV11descriptionSSvpMV	System/Library/Frameworks/Speech.framework/Speech.tbd
_$s6Speech17CommandRecognizerC8ArgumentV17adpositionIndexes10Foundation8IndexSetVvM	System/Library/Frameworks/Speech.framework/Speech.tbd
_$s6Speech17CommandRecognizerC8ArgumentV17adpositionIndexes10Foundation8IndexSetVvg	System/Library/Frameworks/Speech.framework/Speech.tbd
_$s6Speech17CommandRecognizerC8ArgumentV17adpositionIndexes10Foundation8IndexSetVvpMV	System/Library/Frameworks/Speech.framework/Speech.tbd
_$s6Speech17CommandRecognizerC8ArgumentV17adpositionIndexes10Foundation8IndexSetVvs	System/Library/Frameworks/Speech.framework/Speech.tbd
_$s6Speech17CommandRecognizerC8ArgumentV2eeoiySbAE_AEtFZ	System/Library/Frameworks/Speech.framework/Speech.tbd
_$s6Speech17CommandRecognizerC8ArgumentV4hash4intoys6HasherVz_tF	System/Library/Frameworks/Speech.framework/Speech.tbd
_$s6Speech17CommandRecognizerC8ArgumentV4textSSvM	System/Library/Frameworks/Speech.framework/Speech.tbd
_$s6Speech17CommandRecognizerC8ArgumentV4textSSvg	System/Library/Frameworks/Speech.framework/Speech.tbd
_$s6Speech17CommandRecognizerC8ArgumentV4textSSvpMV	System/Library/Frameworks/Speech.framework/Speech.tbd
_$s6Speech17CommandRecognizerC8ArgumentV4textSSvs	System/Library/Frameworks/Speech.framework/Speech.tbd
_$s6Speech17CommandRecognizerC8ArgumentV7indexes10Foundation8IndexSetVvM	System/Library/Frameworks/Speech.framework/Speech.tbd
_$s6Speech17CommandRecognizerC8ArgumentV7indexes10Foundation8IndexSetVvg	System/Library/Frameworks/Speech.framework/Speech.tbd
_$s6Speech17CommandRecognizerC8ArgumentV7indexes10Foundation8IndexSetVvpMV	System/Library/Frameworks/Speech.framework/Speech.tbd
_$s6Speech17CommandRecognizerC8ArgumentV7indexes10Foundation8IndexSetVvs	System/Library/Frameworks/Speech.framework/Speech.tbd
_$s6Speech17CommandRecognizerC8ArgumentV8PresenceO19presentAndDelimitedyA2GmFWC	System/Library/Frameworks/Speech.framework/Speech.tbd
_$s6Speech17CommandRecognizerC8ArgumentV8PresenceO20missingMaybeExpectedyA2GmFWC	System/Library/Frameworks/Speech.framework/Speech.tbd
_$s6Speech17CommandRecognizerC8ArgumentV8PresenceO22presentMaybeIncompleteyA2GmFWC	System/Library/Frameworks/Speech.framework/Speech.tbd
_$s6Speech17CommandRecognizerC8ArgumentV8PresenceO2eeoiySbAG_AGtFZ	System/Library/Frameworks/Speech.framework/Speech.tbd
_$s6Speech17CommandRecognizerC8ArgumentV8PresenceO4hash4intoys6HasherVz_tF	System/Library/Frameworks/Speech.framework/Speech.tbd
_$s6Speech17CommandRecognizerC8ArgumentV8PresenceO7missingyA2GmFWC	System/Library/Frameworks/Speech.framework/Speech.tbd
_$s6Speech17CommandRecognizerC8ArgumentV8PresenceO8allCasesSayAGGvgZ	System/Library/Frameworks/Speech.framework/Speech.tbd
_$s6Speech17CommandRecognizerC8ArgumentV8PresenceO8allCasesSayAGGvpZMV	System/Library/Frameworks/Speech.framework/Speech.tbd
_$s6Speech17CommandRecognizerC8ArgumentV8PresenceO9hashValueSivg	System/Library/Frameworks/Speech.framework/Speech.tbd
_$s6Speech17CommandRecognizerC8ArgumentV8PresenceO9hashValueSivpMV	System/Library/Frameworks/Speech.framework/Speech.tbd
_$s6Speech17CommandRecognizerC8ArgumentV8PresenceOMa	System/Library/Frameworks/Speech.framework/Speech.tbd
_$s6Speech17CommandRecognizerC8ArgumentV8PresenceOMn	System/Library/Frameworks/Speech.framework/Speech.tbd
_$s6Speech17CommandRecognizerC8ArgumentV8PresenceON	System/Library/Frameworks/Speech.framework/Speech.tbd
_$s6Speech17CommandRecognizerC8ArgumentV8PresenceOSHAAMc	System/Library/Frameworks/Speech.framework/Speech.tbd
_$s6Speech17CommandRecognizerC8ArgumentV8PresenceOSQAAMc	System/Library/Frameworks/Speech.framework/Speech.tbd
_$s6Speech17CommandRecognizerC8ArgumentV8PresenceOs12CaseIterableAAMc	System/Library/Frameworks/Speech.framework/Speech.tbd
_$s6Speech17CommandRecognizerC8ArgumentV8presenceAE8PresenceOvM	System/Library/Frameworks/Speech.framework/Speech.tbd
_$s6Speech17CommandRecognizerC8ArgumentV8presenceAE8PresenceOvg	System/Library/Frameworks/Speech.framework/Speech.tbd
_$s6Speech17CommandRecognizerC8ArgumentV8presenceAE8PresenceOvpMV	System/Library/Frameworks/Speech.framework/Speech.tbd
_$s6Speech17CommandRecognizerC8ArgumentV8presenceAE8PresenceOvs	System/Library/Frameworks/Speech.framework/Speech.tbd
_$s6Speech17CommandRecognizerC8ArgumentV9hashValueSivg	System/Library/Frameworks/Speech.framework/Speech.tbd
_$s6Speech17CommandRecognizerC8ArgumentV9hashValueSivpMV	System/Library/Frameworks/Speech.framework/Speech.tbd
_$s6Speech17CommandRecognizerC8ArgumentVMa	System/Library/Frameworks/Speech.framework/Speech.tbd
_$s6Speech17CommandRecognizerC8ArgumentVMn	System/Library/Frameworks/Speech.framework/Speech.tbd
_$s6Speech17CommandRecognizerC8ArgumentVN	System/Library/Frameworks/Speech.framework/Speech.tbd
_$s6Speech17CommandRecognizerC8ArgumentVSHAAMc	System/Library/Frameworks/Speech.framework/Speech.tbd
_$s6Speech17CommandRecognizerC8ArgumentVSQAAMc	System/Library/Frameworks/Speech.framework/Speech.tbd
_$s6Speech17CommandRecognizerC8ArgumentVs23CustomStringConvertibleAAMc	System/Library/Frameworks/Speech.framework/Speech.tbd
_$s6Speech17CommandRecognizerC9ActiveSetV15suiteDictionary15resourceBaseURLAESgSDySo8NSObjectCyXlG_10Foundation0J0VtcfC	System/Library/Frameworks/Speech.framework/Speech.tbd
_$s6Speech17CommandRecognizerC9ActiveSetV2eeoiySbAE_AEtFZ	System/Library/Frameworks/Speech.framework/Speech.tbd
_$s6Speech17CommandRecognizerC9ActiveSetV4hash4intoys6HasherVz_tF	System/Library/Frameworks/Speech.framework/Speech.tbd
_$s6Speech17CommandRecognizerC9ActiveSetV9hashValueSivg	System/Library/Frameworks/Speech.framework/Speech.tbd
_$s6Speech17CommandRecognizerC9ActiveSetV9hashValueSivpMV	System/Library/Frameworks/Speech.framework/Speech.tbd
_$s6Speech17CommandRecognizerC9ActiveSetVMa	System/Library/Frameworks/Speech.framework/Speech.tbd
_$s6Speech17CommandRecognizerC9ActiveSetVMn	System/Library/Frameworks/Speech.framework/Speech.tbd
_$s6Speech17CommandRecognizerC9ActiveSetVN	System/Library/Frameworks/Speech.framework/Speech.tbd
_$s6Speech17CommandRecognizerC9ActiveSetVSHAAMc	System/Library/Frameworks/Speech.framework/Speech.tbd
_$s6Speech17CommandRecognizerC9ActiveSetVSQAAMc	System/Library/Frameworks/Speech.framework/Speech.tbd
_$s6Speech17CommandRecognizerCAA0A6ModuleAAMc	System/Library/Frameworks/Speech.framework/Speech.tbd
_$s6Speech17CommandRecognizerCAA0A6ModuleAAWP	System/Library/Frameworks/Speech.framework/Speech.tbd
_$s6Speech17CommandRecognizerCAA14ModuleProtocolAAMc	System/Library/Frameworks/Speech.framework/Speech.tbd
_$s6Speech17CommandRecognizerCAA14ModuleProtocolAAWP	System/Library/Frameworks/Speech.framework/Speech.tbd
_$s6Speech17CommandRecognizerCMa	System/Library/Frameworks/Speech.framework/Speech.tbd
_$s6Speech17CommandRecognizerCMm	System/Library/Frameworks/Speech.framework/Speech.tbd
_$s6Speech17CommandRecognizerCMn	System/Library/Frameworks/Speech.framework/Speech.tbd
_$s6Speech17CommandRecognizerCMo	System/Library/Frameworks/Speech.framework/Speech.tbd
_$s6Speech17CommandRecognizerCMu	System/Library/Frameworks/Speech.framework/Speech.tbd
_$s6Speech17CommandRecognizerCN	System/Library/Frameworks/Speech.framework/Speech.tbd
_$s6Speech17CommandRecognizerCfD	System/Library/Frameworks/Speech.framework/Speech.tbd
_$s6Speech17CommandRecognizerCfd	System/Library/Frameworks/Speech.framework/Speech.tbd
_$s6Speech17RequestEndMetricsCMa	System/Library/Frameworks/Speech.framework/Speech.tbd
_$s6Speech17RequestEndMetricsCMm	System/Library/Frameworks/Speech.framework/Speech.tbd
_$s6Speech17RequestEndMetricsCMn	System/Library/Frameworks/Speech.framework/Speech.tbd
_$s6Speech17RequestEndMetricsCMo	System/Library/Frameworks/Speech.framework/Speech.tbd
_$s6Speech17RequestEndMetricsCMu	System/Library/Frameworks/Speech.framework/Speech.tbd
_$s6Speech17RequestEndMetricsCN	System/Library/Frameworks/Speech.framework/Speech.tbd
_$s6Speech17RequestEndMetricsCfD	System/Library/Frameworks/Speech.framework/Speech.tbd
_$s6Speech17RequestEndMetricsCfd	System/Library/Frameworks/Speech.framework/Speech.tbd
_$s6Speech17SelfLoggingHelperCMa	System/Library/Frameworks/Speech.framework/Speech.tbd
_$s6Speech17SelfLoggingHelperCMm	System/Library/Frameworks/Speech.framework/Speech.tbd
_$s6Speech17SelfLoggingHelperCMn	System/Library/Frameworks/Speech.framework/Speech.tbd
_$s6Speech17SelfLoggingHelperCMo	System/Library/Frameworks/Speech.framework/Speech.tbd
_$s6Speech17SelfLoggingHelperCMu	System/Library/Frameworks/Speech.framework/Speech.tbd
_$s6Speech17SelfLoggingHelperCN	System/Library/Frameworks/Speech.framework/Speech.tbd
_$s6Speech17SelfLoggingHelperCfD	System/Library/Frameworks/Speech.framework/Speech.tbd
_$s6Speech17SelfLoggingHelperCfd	System/Library/Frameworks/Speech.framework/Speech.tbd
_$s6Speech17endModelRetentionyyF	System/Library/Frameworks/Speech.framework/Speech.tbd
_$s6Speech17endModelRetentionyyYaF	System/Library/Frameworks/Speech.framework/Speech.tbd
_$s6Speech17endModelRetentionyyYaFTu	System/Library/Frameworks/Speech.framework/Speech.tbd
_$s6Speech17hostTimeToSeconds0bC0Sds6UInt64V_tF	System/Library/Frameworks/Speech.framework/Speech.tbd
_$s6Speech18TemplateInsertableMp	System/Library/Frameworks/Speech.framework/Speech.tbd
_$s6Speech18TemplateInsertableP6insert9generatoryAA25SFCustomLanguageModelDataC0B20PhraseCountGeneratorC_tFTj	System/Library/Frameworks/Speech.framework/Speech.tbd
_$s6Speech18TemplateInsertableP6insert9generatoryAA25SFCustomLanguageModelDataC0B20PhraseCountGeneratorC_tFTq	System/Library/Frameworks/Speech.framework/Speech.tbd
_$s6Speech18TemplateInsertableTL	System/Library/Frameworks/Speech.framework/Speech.tbd
_$s6Speech18TimeRangeAttributeV10Foundation19AttributedStringKeyAAMc	System/Library/Frameworks/Speech.framework/Speech.tbd
_$s6Speech18TimeRangeAttributeV10Foundation28DecodableAttributedStringKeyAAMc	System/Library/Frameworks/Speech.framework/Speech.tbd
_$s6Speech18TimeRangeAttributeV10Foundation28EncodableAttributedStringKeyAAMc	System/Library/Frameworks/Speech.framework/Speech.tbd
_$s6Speech18TimeRangeAttributeV4nameSSvgZ	System/Library/Frameworks/Speech.framework/Speech.tbd
_$s6Speech18TimeRangeAttributeV4nameSSvpZMV	System/Library/Frameworks/Speech.framework/Speech.tbd
_$s6Speech18TimeRangeAttributeV6decode4fromSo06CMTimeC0as7Decoder_p_tKFZ	System/Library/Frameworks/Speech.framework/Speech.tbd
_$s6Speech18TimeRangeAttributeV6encode_2toySo06CMTimeC0a_s7Encoder_ptKFZ	System/Library/Frameworks/Speech.framework/Speech.tbd
_$s6Speech18TimeRangeAttributeVMa	System/Library/Frameworks/Speech.framework/Speech.tbd
_$s6Speech18TimeRangeAttributeVMn	System/Library/Frameworks/Speech.framework/Speech.tbd
_$s6Speech18TimeRangeAttributeVN	System/Library/Frameworks/Speech.framework/Speech.tbd
_$s6Speech18TranscriptionTokenV10confidenceSdvg	System/Library/Frameworks/Speech.framework/Speech.tbd
_$s6Speech18TranscriptionTokenV10confidenceSdvpMV	System/Library/Frameworks/Speech.framework/Speech.tbd
_$s6Speech18TranscriptionTokenV11tokenString4from3ipa5after10attributes10Foundation010AttributedE0VAC_SbACSgShyAA0B21ResultAttributeOptionOGtFZ	System/Library/Frameworks/Speech.framework/Speech.tbd
_$s6Speech18TranscriptionTokenV12acousticCostSdvg	System/Library/Frameworks/Speech.framework/Speech.tbd
_$s6Speech18TranscriptionTokenV12acousticCostSdvpMV	System/Library/Frameworks/Speech.framework/Speech.tbd
_$s6Speech18TranscriptionTokenV12silenceStartSo6CMTimeavg	System/Library/Frameworks/Speech.framework/Speech.tbd
_$s6Speech18TranscriptionTokenV12silenceStartSo6CMTimeavpMV	System/Library/Frameworks/Speech.framework/Speech.tbd
_$s6Speech18TranscriptionTokenV13hasSpaceAfterSbvg	System/Library/Frameworks/Speech.framework/Speech.tbd
_$s6Speech18TranscriptionTokenV13hasSpaceAfterSbvpMV	System/Library/Frameworks/Speech.framework/Speech.tbd
_$s6Speech18TranscriptionTokenV13phoneSequenceSSvg	System/Library/Frameworks/Speech.framework/Speech.tbd
_$s6Speech18TranscriptionTokenV13phoneSequenceSSvpMV	System/Library/Frameworks/Speech.framework/Speech.tbd
_$s6Speech18TranscriptionTokenV14hasSpaceBeforeSbvg	System/Library/Frameworks/Speech.framework/Speech.tbd
_$s6Speech18TranscriptionTokenV14hasSpaceBeforeSbvpMV	System/Library/Frameworks/Speech.framework/Speech.tbd
_$s6Speech18TranscriptionTokenV15allTokensString4from3ipa10attributes10Foundation010AttributedF0VSayACG_SbShyAA0B21ResultAttributeOptionOGtFZ	System/Library/Frameworks/Speech.framework/Speech.tbd
_$s6Speech18TranscriptionTokenV16ipaPhoneSequenceSSvg	System/Library/Frameworks/Speech.framework/Speech.tbd
_$s6Speech18TranscriptionTokenV16ipaPhoneSequenceSSvpMV	System/Library/Frameworks/Speech.framework/Speech.tbd
_$s6Speech18TranscriptionTokenV23appendedAutoPunctuationSbvg	System/Library/Frameworks/Speech.framework/Speech.tbd
_$s6Speech18TranscriptionTokenV23appendedAutoPunctuationSbvpMV	System/Library/Frameworks/Speech.framework/Speech.tbd
_$s6Speech18TranscriptionTokenV24prependedAutoPunctuationSbvg	System/Library/Frameworks/Speech.framework/Speech.tbd
_$s6Speech18TranscriptionTokenV24prependedAutoPunctuationSbvpMV	System/Library/Frameworks/Speech.framework/Speech.tbd
_$s6Speech18TranscriptionTokenV27isModifiedByAutoPunctuationSbvg	System/Library/Frameworks/Speech.framework/Speech.tbd
_$s6Speech18TranscriptionTokenV27isModifiedByAutoPunctuationSbvpMV	System/Library/Frameworks/Speech.framework/Speech.tbd
_$s6Speech18TranscriptionTokenV2eeoiySbAC_ACtFZ	System/Library/Frameworks/Speech.framework/Speech.tbd
_$s6Speech18TranscriptionTokenV3endSo6CMTimeavg	System/Library/Frameworks/Speech.framework/Speech.tbd
_$s6Speech18TranscriptionTokenV3endSo6CMTimeavpMV	System/Library/Frameworks/Speech.framework/Speech.tbd
_$s6Speech18TranscriptionTokenV4hash4intoys6HasherVz_tF	System/Library/Frameworks/Speech.framework/Speech.tbd
_$s6Speech18TranscriptionTokenV4with5start3end12silenceStart10confidence13hasSpaceAfter0jK6Before13phoneSequence08ipaPhoneO023appendedAutoPunctuation09prependedsT0012isModifiedBysT09graphCost08acousticZ0ACSS_So6CMTimeaA2SSdS2bS2SS3bS2dtcfC	System/Library/Frameworks/Speech.framework/Speech.tbd
_$s6Speech18TranscriptionTokenV5startSo6CMTimeavg	System/Library/Frameworks/Speech.framework/Speech.tbd
_$s6Speech18TranscriptionTokenV5startSo6CMTimeavpMV	System/Library/Frameworks/Speech.framework/Speech.tbd
_$s6Speech18TranscriptionTokenV9graphCostSdvg	System/Library/Frameworks/Speech.framework/Speech.tbd
_$s6Speech18TranscriptionTokenV9graphCostSdvpMV	System/Library/Frameworks/Speech.framework/Speech.tbd
_$s6Speech18TranscriptionTokenV9hashValueSivg	System/Library/Frameworks/Speech.framework/Speech.tbd
_$s6Speech18TranscriptionTokenV9hashValueSivpMV	System/Library/Frameworks/Speech.framework/Speech.tbd
_$s6Speech18TranscriptionTokenV9tokenNameSSvg	System/Library/Frameworks/Speech.framework/Speech.tbd
_$s6Speech18TranscriptionTokenV9tokenNameSSvpMV	System/Library/Frameworks/Speech.framework/Speech.tbd
_$s6Speech18TranscriptionTokenVMa	System/Library/Frameworks/Speech.framework/Speech.tbd
_$s6Speech18TranscriptionTokenVMn	System/Library/Frameworks/Speech.framework/Speech.tbd
_$s6Speech18TranscriptionTokenVN	System/Library/Frameworks/Speech.framework/Speech.tbd
_$s6Speech18TranscriptionTokenVSHAAMc	System/Library/Frameworks/Speech.framework/Speech.tbd
_$s6Speech18TranscriptionTokenVSQAAMc	System/Library/Frameworks/Speech.framework/Speech.tbd
_$s6Speech19AudioBufferSequenceV17makeAsyncIteratorACyF	System/Library/Frameworks/Speech.framework/Speech.tbd
_$s6Speech19AudioBufferSequenceV3url16processingFormat13frameCapacityAC10Foundation3URLV_So07AVAudioG0CSgs6UInt32VtKcfC	System/Library/Frameworks/Speech.framework/Speech.tbd
_$s6Speech19AudioBufferSequenceV3url16processingFormatAC10Foundation3URLV_So07AVAudioG0CSgtKcfC	System/Library/Frameworks/Speech.framework/Speech.tbd
_$s6Speech19AudioBufferSequenceV4nextSo16AVAudioPCMBufferCSgyYaKF	System/Library/Frameworks/Speech.framework/Speech.tbd
_$s6Speech19AudioBufferSequenceV4nextSo16AVAudioPCMBufferCSgyYaKFTu	System/Library/Frameworks/Speech.framework/Speech.tbd
_$s6Speech19AudioBufferSequenceV9audioFile16processingFormat13frameCapacityACSo07AVAudioF0C_So0kH0CSgs6UInt32VtKcfC	System/Library/Frameworks/Speech.framework/Speech.tbd
_$s6Speech19AudioBufferSequenceV9audioFile16processingFormatACSo07AVAudioF0C_So0iH0CSgtKcfC	System/Library/Frameworks/Speech.framework/Speech.tbd
_$s6Speech19AudioBufferSequenceVMa	System/Library/Frameworks/Speech.framework/Speech.tbd
_$s6Speech19AudioBufferSequenceVMn	System/Library/Frameworks/Speech.framework/Speech.tbd
_$s6Speech19AudioBufferSequenceVN	System/Library/Frameworks/Speech.framework/Speech.tbd
_$s6Speech19AudioBufferSequenceVScIAAMc	System/Library/Frameworks/Speech.framework/Speech.tbd
_$s6Speech19AudioBufferSequenceVSciAAMc	System/Library/Frameworks/Speech.framework/Speech.tbd
_$s6Speech19ConfidenceAttributeV10Foundation19AttributedStringKeyAAMc	System/Library/Frameworks/Speech.framework/Speech.tbd
_$s6Speech19ConfidenceAttributeV10Foundation28DecodableAttributedStringKeyAAMc	System/Library/Frameworks/Speech.framework/Speech.tbd
_$s6Speech19ConfidenceAttributeV10Foundation28EncodableAttributedStringKeyAAMc	System/Library/Frameworks/Speech.framework/Speech.tbd
_$s6Speech19ConfidenceAttributeV4nameSSvgZ	System/Library/Frameworks/Speech.framework/Speech.tbd
_$s6Speech19ConfidenceAttributeV4nameSSvpZMV	System/Library/Frameworks/Speech.framework/Speech.tbd
_$s6Speech19ConfidenceAttributeVMa	System/Library/Frameworks/Speech.framework/Speech.tbd
_$s6Speech19ConfidenceAttributeVMn	System/Library/Frameworks/Speech.framework/Speech.tbd
_$s6Speech19ConfidenceAttributeVN	System/Library/Frameworks/Speech.framework/Speech.tbd
_$s6Speech19VoiceCommandContextV05abortC11SuppressionSo8NSNumberCSgvg	System/Library/Frameworks/Speech.framework/Speech.tbd
_$s6Speech19VoiceCommandContextV05abortC11SuppressionSo8NSNumberCSgvpMV	System/Library/Frameworks/Speech.framework/Speech.tbd
_$s6Speech19VoiceCommandContextV05favorC11SuppressionSo8NSNumberCSgvg	System/Library/Frameworks/Speech.framework/Speech.tbd
_$s6Speech19VoiceCommandContextV05favorC11SuppressionSo8NSNumberCSgvpMV	System/Library/Frameworks/Speech.framework/Speech.tbd
_$s6Speech19VoiceCommandContextV10prefixText07postfixF008selectedF020disambiguationActive015cursorInVisibleF005favorC11Suppression05abortcO09undoEventACSSSg_A2LSo8NSNumberCSgA4OtcfC	System/Library/Frameworks/Speech.framework/Speech.tbd
_$s6Speech19VoiceCommandContextV10prefixText07postfixF008selectedF020disambiguationActive015cursorInVisibleF005favorC11Suppression05abortcO0ACSSSg_A2KSo8NSNumberCSgA3NtcfC	System/Library/Frameworks/Speech.framework/Speech.tbd
_$s6Speech19VoiceCommandContextV10prefixTextSSSgvg	System/Library/Frameworks/Speech.framework/Speech.tbd
_$s6Speech19VoiceCommandContextV10prefixTextSSSgvpMV	System/Library/Frameworks/Speech.framework/Speech.tbd
_$s6Speech19VoiceCommandContextV11postfixTextSSSgvg	System/Library/Frameworks/Speech.framework/Speech.tbd
_$s6Speech19VoiceCommandContextV11postfixTextSSSgvpMV	System/Library/Frameworks/Speech.framework/Speech.tbd
_$s6Speech19VoiceCommandContextV12selectedTextSSSgvg	System/Library/Frameworks/Speech.framework/Speech.tbd
_$s6Speech19VoiceCommandContextV12selectedTextSSSgvpMV	System/Library/Frameworks/Speech.framework/Speech.tbd
_$s6Speech19VoiceCommandContextV19cursorInVisibleTextSo8NSNumberCSgvg	System/Library/Frameworks/Speech.framework/Speech.tbd
_$s6Speech19VoiceCommandContextV19cursorInVisibleTextSo8NSNumberCSgvpMV	System/Library/Frameworks/Speech.framework/Speech.tbd
_$s6Speech19VoiceCommandContextV20disambiguationActiveSo8NSNumberCSgvg	System/Library/Frameworks/Speech.framework/Speech.tbd
_$s6Speech19VoiceCommandContextV20disambiguationActiveSo8NSNumberCSgvpMV	System/Library/Frameworks/Speech.framework/Speech.tbd
_$s6Speech19VoiceCommandContextV2eeoiySbAC_ACtFZ	System/Library/Frameworks/Speech.framework/Speech.tbd
_$s6Speech19VoiceCommandContextV4hash4intoys6HasherVz_tF	System/Library/Frameworks/Speech.framework/Speech.tbd
_$s6Speech19VoiceCommandContextV9hashValueSivg	System/Library/Frameworks/Speech.framework/Speech.tbd
_$s6Speech19VoiceCommandContextV9hashValueSivpMV	System/Library/Frameworks/Speech.framework/Speech.tbd
_$s6Speech19VoiceCommandContextV9undoEventSo8NSNumberCSgvg	System/Library/Frameworks/Speech.framework/Speech.tbd
_$s6Speech19VoiceCommandContextV9undoEventSo8NSNumberCSgvpMV	System/Library/Frameworks/Speech.framework/Speech.tbd
_$s6Speech19VoiceCommandContextVMa	System/Library/Frameworks/Speech.framework/Speech.tbd
_$s6Speech19VoiceCommandContextVMn	System/Library/Frameworks/Speech.framework/Speech.tbd
_$s6Speech19VoiceCommandContextVN	System/Library/Frameworks/Speech.framework/Speech.tbd
_$s6Speech19VoiceCommandContextVSHAAMc	System/Library/Frameworks/Speech.framework/Speech.tbd
_$s6Speech19VoiceCommandContextVSQAAMc	System/Library/Frameworks/Speech.framework/Speech.tbd
_$s6Speech20DictationTranscriberC11ContentHintV08atypicalA0AEvgZ	System/Library/Frameworks/Speech.framework/Speech.tbd
_$s6Speech20DictationTranscriberC11ContentHintV08atypicalA0AEvpZMV	System/Library/Frameworks/Speech.framework/Speech.tbd
_$s6Speech20DictationTranscriberC11ContentHintV18customizedLanguage18modelConfigurationAESo08SFSpeechg5ModelI0C_tFZ	System/Library/Frameworks/Speech.framework/Speech.tbd
_$s6Speech20DictationTranscriberC11ContentHintV2eeoiySbAE_AEtFZ	System/Library/Frameworks/Speech.framework/Speech.tbd
_$s6Speech20DictationTranscriberC11ContentHintV4hash4intoys6HasherVz_tF	System/Library/Frameworks/Speech.framework/Speech.tbd
_$s6Speech20DictationTranscriberC11ContentHintV8farFieldAEvgZ	System/Library/Frameworks/Speech.framework/Speech.tbd
_$s6Speech20DictationTranscriberC11ContentHintV8farFieldAEvpZMV	System/Library/Frameworks/Speech.framework/Speech.tbd
_$s6Speech20DictationTranscriberC11ContentHintV9hashValueSivg	System/Library/Frameworks/Speech.framework/Speech.tbd
_$s6Speech20DictationTranscriberC11ContentHintV9hashValueSivpMV	System/Library/Frameworks/Speech.framework/Speech.tbd
_$s6Speech20DictationTranscriberC11ContentHintV9shortFormAEvgZ	System/Library/Frameworks/Speech.framework/Speech.tbd
_$s6Speech20DictationTranscriberC11ContentHintV9shortFormAEvpZMV	System/Library/Frameworks/Speech.framework/Speech.tbd
_$s6Speech20DictationTranscriberC11ContentHintVMa	System/Library/Frameworks/Speech.framework/Speech.tbd
_$s6Speech20DictationTranscriberC11ContentHintVMn	System/Library/Frameworks/Speech.framework/Speech.tbd
_$s6Speech20DictationTranscriberC11ContentHintVN	System/Library/Frameworks/Speech.framework/Speech.tbd
_$s6Speech20DictationTranscriberC11ContentHintVSHAAMc	System/Library/Frameworks/Speech.framework/Speech.tbd
_$s6Speech20DictationTranscriberC11ContentHintVSQAAMc	System/Library/Frameworks/Speech.framework/Speech.tbd
_$s6Speech20DictationTranscriberC12ModelOptionsV10userIdMaskSDyS2SGSgvM	System/Library/Frameworks/Speech.framework/Speech.tbd
_$s6Speech20DictationTranscriberC12ModelOptionsV10userIdMaskSDyS2SGSgvg	System/Library/Frameworks/Speech.framework/Speech.tbd
_$s6Speech20DictationTranscriberC12ModelOptionsV10userIdMaskSDyS2SGSgvpMV	System/Library/Frameworks/Speech.framework/Speech.tbd
_$s6Speech20DictationTranscriberC12ModelOptionsV10userIdMaskSDyS2SGSgvs	System/Library/Frameworks/Speech.framework/Speech.tbd
_$s6Speech20DictationTranscriberC12ModelOptionsV13geoLMRegionIDSSSgvM	System/Library/Frameworks/Speech.framework/Speech.tbd
_$s6Speech20DictationTranscriberC12ModelOptionsV13geoLMRegionIDSSSgvg	System/Library/Frameworks/Speech.framework/Speech.tbd
_$s6Speech20DictationTranscriberC12ModelOptionsV13geoLMRegionIDSSSgvpMV	System/Library/Frameworks/Speech.framework/Speech.tbd
_$s6Speech20DictationTranscriberC12ModelOptionsV13geoLMRegionIDSSSgvs	System/Library/Frameworks/Speech.framework/Speech.tbd
_$s6Speech20DictationTranscriberC12ModelOptionsV14speechProfilesSay10Foundation3URLVGvM	System/Library/Frameworks/Speech.framework/Speech.tbd
_$s6Speech20DictationTranscriberC12ModelOptionsV14speechProfilesSay10Foundation3URLVGvg	System/Library/Frameworks/Speech.framework/Speech.tbd
_$s6Speech20DictationTranscriberC12ModelOptionsV14speechProfilesSay10Foundation3URLVGvpMV	System/Library/Frameworks/Speech.framework/Speech.tbd
_$s6Speech20DictationTranscriberC12ModelOptionsV14speechProfilesSay10Foundation3URLVGvs	System/Library/Frameworks/Speech.framework/Speech.tbd
_$s6Speech20DictationTranscriberC12ModelOptionsV16modelOverrideURL10Foundation0H0VSgvM	System/Library/Frameworks/Speech.framework/Speech.tbd
_$s6Speech20DictationTranscriberC12ModelOptionsV16modelOverrideURL10Foundation0H0VSgvg	System/Library/Frameworks/Speech.framework/Speech.tbd
_$s6Speech20DictationTranscriberC12ModelOptionsV16modelOverrideURL10Foundation0H0VSgvpMV	System/Library/Frameworks/Speech.framework/Speech.tbd
_$s6Speech20DictationTranscriberC12ModelOptionsV16modelOverrideURL10Foundation0H0VSgvs	System/Library/Frameworks/Speech.framework/Speech.tbd
_$s6Speech20DictationTranscriberC12ModelOptionsV17taskForMemoryLockSSSgvM	System/Library/Frameworks/Speech.framework/Speech.tbd
_$s6Speech20DictationTranscriberC12ModelOptionsV17taskForMemoryLockSSSgvg	System/Library/Frameworks/Speech.framework/Speech.tbd
_$s6Speech20DictationTranscriberC12ModelOptionsV17taskForMemoryLockSSSgvpMV	System/Library/Frameworks/Speech.framework/Speech.tbd
_$s6Speech20DictationTranscriberC12ModelOptionsV17taskForMemoryLockSSSgvs	System/Library/Frameworks/Speech.framework/Speech.tbd
_$s6Speech20DictationTranscriberC12ModelOptionsV21enableParallelLoadingSbvM	System/Library/Frameworks/Speech.framework/Speech.tbd
_$s6Speech20DictationTranscriberC12ModelOptionsV21enableParallelLoadingSbvg	System/Library/Frameworks/Speech.framework/Speech.tbd
_$s6Speech20DictationTranscriberC12ModelOptionsV21enableParallelLoadingSbvpMV	System/Library/Frameworks/Speech.framework/Speech.tbd
_$s6Speech20DictationTranscriberC12ModelOptionsV21enableParallelLoadingSbvs	System/Library/Frameworks/Speech.framework/Speech.tbd
_$s6Speech20DictationTranscriberC12ModelOptionsV23speechProfileContainersSaySo08SFSpeechG9ContainerCGSgvM	System/Library/Frameworks/Speech.framework/Speech.tbd
_$s6Speech20DictationTranscriberC12ModelOptionsV23speechProfileContainersSaySo08SFSpeechG9ContainerCGSgvg	System/Library/Frameworks/Speech.framework/Speech.tbd
_$s6Speech20DictationTranscriberC12ModelOptionsV23speechProfileContainersSaySo08SFSpeechG9ContainerCGSgvpMV	System/Library/Frameworks/Speech.framework/Speech.tbd
_$s6Speech20DictationTranscriberC12ModelOptionsV23speechProfileContainersSaySo08SFSpeechG9ContainerCGSgvs	System/Library/Frameworks/Speech.framework/Speech.tbd
_$s6Speech20DictationTranscriberC12ModelOptionsV27enableFullPayloadCorrectionSbvM	System/Library/Frameworks/Speech.framework/Speech.tbd
_$s6Speech20DictationTranscriberC12ModelOptionsV27enableFullPayloadCorrectionSbvg	System/Library/Frameworks/Speech.framework/Speech.tbd
_$s6Speech20DictationTranscriberC12ModelOptionsV27enableFullPayloadCorrectionSbvpMV	System/Library/Frameworks/Speech.framework/Speech.tbd
_$s6Speech20DictationTranscriberC12ModelOptionsV27enableFullPayloadCorrectionSbvs	System/Library/Frameworks/Speech.framework/Speech.tbd
_$s6Speech20DictationTranscriberC12ModelOptionsV2eeoiySbAE_AEtFZ	System/Library/Frameworks/Speech.framework/Speech.tbd
_$s6Speech20DictationTranscriberC12ModelOptionsV4hash4intoys6HasherVz_tF	System/Library/Frameworks/Speech.framework/Speech.tbd
_$s6Speech20DictationTranscriberC12ModelOptionsV9hashValueSivg	System/Library/Frameworks/Speech.framework/Speech.tbd
_$s6Speech20DictationTranscriberC12ModelOptionsV9hashValueSivpMV	System/Library/Frameworks/Speech.framework/Speech.tbd
_$s6Speech20DictationTranscriberC12ModelOptionsVAEycfC	System/Library/Frameworks/Speech.framework/Speech.tbd
_$s6Speech20DictationTranscriberC12ModelOptionsVMa	System/Library/Frameworks/Speech.framework/Speech.tbd
_$s6Speech20DictationTranscriberC12ModelOptionsVMn	System/Library/Frameworks/Speech.framework/Speech.tbd
_$s6Speech20DictationTranscriberC12ModelOptionsVN	System/Library/Frameworks/Speech.framework/Speech.tbd
_$s6Speech20DictationTranscriberC12ModelOptionsVSHAAMc	System/Library/Frameworks/Speech.framework/Speech.tbd
_$s6Speech20DictationTranscriberC12ModelOptionsVSQAAMc	System/Library/Frameworks/Speech.framework/Speech.tbd
_$s6Speech20DictationTranscriberC15ReportingOptionO15loggableResultsyA2EmFWC	System/Library/Frameworks/Speech.framework/Speech.tbd
_$s6Speech20DictationTranscriberC15ReportingOptionO15singleUtteranceyA2EmFWC	System/Library/Frameworks/Speech.framework/Speech.tbd
_$s6Speech20DictationTranscriberC15ReportingOptionO15volatileResultsyA2EmFWC	System/Library/Frameworks/Speech.framework/Speech.tbd
_$s6Speech20DictationTranscriberC15ReportingOptionO19multisegmentResultsyA2EmFWC	System/Library/Frameworks/Speech.framework/Speech.tbd
_$s6Speech20DictationTranscriberC15ReportingOptionO20frequentFinalizationyA2EmFWC	System/Library/Frameworks/Speech.framework/Speech.tbd
_$s6Speech20DictationTranscriberC15ReportingOptionO21concatenateUtterancesyA2EmFWC	System/Library/Frameworks/Speech.framework/Speech.tbd
_$s6Speech20DictationTranscriberC15ReportingOptionO22muxMultisegmentResultsyA2EmFWC	System/Library/Frameworks/Speech.framework/Speech.tbd
_$s6Speech20DictationTranscriberC15ReportingOptionO25alternativeTranscriptionsyA2EmFWC	System/Library/Frameworks/Speech.framework/Speech.tbd
_$s6Speech20DictationTranscriberC15ReportingOptionO28voiceCommandCandidateResultsyA2EmFWC	System/Library/Frameworks/Speech.framework/Speech.tbd
_$s6Speech20DictationTranscriberC15ReportingOptionO2eeoiySbAE_AEtFZ	System/Library/Frameworks/Speech.framework/Speech.tbd
_$s6Speech20DictationTranscriberC15ReportingOptionO4hash4intoys6HasherVz_tF	System/Library/Frameworks/Speech.framework/Speech.tbd
_$s6Speech20DictationTranscriberC15ReportingOptionO8allCasesSayAEGvgZ	System/Library/Frameworks/Speech.framework/Speech.tbd
_$s6Speech20DictationTranscriberC15ReportingOptionO8allCasesSayAEGvpZMV	System/Library/Frameworks/Speech.framework/Speech.tbd
_$s6Speech20DictationTranscriberC15ReportingOptionO9hashValueSivg	System/Library/Frameworks/Speech.framework/Speech.tbd
_$s6Speech20DictationTranscriberC15ReportingOptionO9hashValueSivpMV	System/Library/Frameworks/Speech.framework/Speech.tbd
_$s6Speech20DictationTranscriberC15ReportingOptionOMa	System/Library/Frameworks/Speech.framework/Speech.tbd
_$s6Speech20DictationTranscriberC15ReportingOptionOMn	System/Library/Frameworks/Speech.framework/Speech.tbd
_$s6Speech20DictationTranscriberC15ReportingOptionON	System/Library/Frameworks/Speech.framework/Speech.tbd
_$s6Speech20DictationTranscriberC15ReportingOptionOSHAAMc	System/Library/Frameworks/Speech.framework/Speech.tbd
_$s6Speech20DictationTranscriberC15ReportingOptionOSQAAMc	System/Library/Frameworks/Speech.framework/Speech.tbd
_$s6Speech20DictationTranscriberC15ReportingOptionOs12CaseIterableAAMc	System/Library/Frameworks/Speech.framework/Speech.tbd
_$s6Speech20DictationTranscriberC15selectedLocalesSay10Foundation6LocaleVGvg	System/Library/Frameworks/Speech.framework/Speech.tbd
_$s6Speech20DictationTranscriberC15selectedLocalesSay10Foundation6LocaleVGvpMV	System/Library/Frameworks/Speech.framework/Speech.tbd
_$s6Speech20DictationTranscriberC15setRightContextyySSYaKF	System/Library/Frameworks/Speech.framework/Speech.tbd
_$s6Speech20DictationTranscriberC15setRightContextyySSYaKFTu	System/Library/Frameworks/Speech.framework/Speech.tbd
_$s6Speech20DictationTranscriberC15setSelectedTextyySSYaKF	System/Library/Frameworks/Speech.framework/Speech.tbd
_$s6Speech20DictationTranscriberC15setSelectedTextyySSYaKFTu	System/Library/Frameworks/Speech.framework/Speech.tbd
_$s6Speech20DictationTranscriberC15supportedLocale12equivalentTo10Foundation0E0VSgAH_tYaFZ	System/Library/Frameworks/Speech.framework/Speech.tbd
_$s6Speech20DictationTranscriberC15supportedLocale12equivalentTo10Foundation0E0VSgAH_tYaFZTu	System/Library/Frameworks/Speech.framework/Speech.tbd
_$s6Speech20DictationTranscriberC16installedLocalesSay10Foundation6LocaleVGvgZ	System/Library/Frameworks/Speech.framework/Speech.tbd
_$s6Speech20DictationTranscriberC16installedLocalesSay10Foundation6LocaleVGvgZTu	System/Library/Frameworks/Speech.framework/Speech.tbd
_$s6Speech20DictationTranscriberC16installedLocalesSay10Foundation6LocaleVGvpZMV	System/Library/Frameworks/Speech.framework/Speech.tbd
_$s6Speech20DictationTranscriberC16supportedLocalesSay10Foundation6LocaleVGvgZ	System/Library/Frameworks/Speech.framework/Speech.tbd
_$s6Speech20DictationTranscriberC16supportedLocalesSay10Foundation6LocaleVGvgZTu	System/Library/Frameworks/Speech.framework/Speech.tbd
_$s6Speech20DictationTranscriberC16supportedLocalesSay10Foundation6LocaleVGvpZMV	System/Library/Frameworks/Speech.framework/Speech.tbd
_$s6Speech20DictationTranscriberC18MultisegmentResultV016latticeMitigatorE0AA020TranscriptionLatticegE0VSgvg	System/Library/Frameworks/Speech.framework/Speech.tbd
_$s6Speech20DictationTranscriberC18MultisegmentResultV016latticeMitigatorE0AA020TranscriptionLatticegE0VSgvpMV	System/Library/Frameworks/Speech.framework/Speech.tbd
_$s6Speech20DictationTranscriberC18MultisegmentResultV03earE4TypeAA09EARResultG0Ovg	System/Library/Frameworks/Speech.framework/Speech.tbd
_$s6Speech20DictationTranscriberC18MultisegmentResultV03earE4TypeAA09EARResultG0OvpMV	System/Library/Frameworks/Speech.framework/Speech.tbd
_$s6Speech20DictationTranscriberC18MultisegmentResultV11descriptionSSvg	System/Library/Frameworks/Speech.framework/Speech.tbd
_$s6Speech20DictationTranscriberC18MultisegmentResultV11descriptionSSvpMV	System/Library/Frameworks/Speech.framework/Speech.tbd
_$s6Speech20DictationTranscriberC18MultisegmentResultV12nBestChoicesSay10Foundation9IndexPathVGvg	System/Library/Frameworks/Speech.framework/Speech.tbd
_$s6Speech20DictationTranscriberC18MultisegmentResultV12nBestChoicesSay10Foundation9IndexPathVGvpMV	System/Library/Frameworks/Speech.framework/Speech.tbd
_$s6Speech20DictationTranscriberC18MultisegmentResultV13eosLikelihoodSdSgvg	System/Library/Frameworks/Speech.framework/Speech.tbd
_$s6Speech20DictationTranscriberC18MultisegmentResultV13eosLikelihoodSdSgvpMV	System/Library/Frameworks/Speech.framework/Speech.tbd
_$s6Speech20DictationTranscriberC18MultisegmentResultV14audioAnalyticsAA05AudioG0VSgvg	System/Library/Frameworks/Speech.framework/Speech.tbd
_$s6Speech20DictationTranscriberC18MultisegmentResultV14audioAnalyticsAA05AudioG0VSgvpMV	System/Library/Frameworks/Speech.framework/Speech.tbd
_$s6Speech20DictationTranscriberC18MultisegmentResultV14transcriptionsSay10Foundation16AttributedStringVGvg	System/Library/Frameworks/Speech.framework/Speech.tbd
_$s6Speech20DictationTranscriberC18MultisegmentResultV14transcriptionsSay10Foundation16AttributedStringVGvpMV	System/Library/Frameworks/Speech.framework/Speech.tbd
_$s6Speech20DictationTranscriberC18MultisegmentResultV17resultCandidateIdSiSgvg	System/Library/Frameworks/Speech.framework/Speech.tbd
_$s6Speech20DictationTranscriberC18MultisegmentResultV17resultCandidateIdSiSgvpMV	System/Library/Frameworks/Speech.framework/Speech.tbd
_$s6Speech20DictationTranscriberC18MultisegmentResultV19transcriptionTokensSaySayAA18TranscriptionTokenVGGvg	System/Library/Frameworks/Speech.framework/Speech.tbd
_$s6Speech20DictationTranscriberC18MultisegmentResultV19transcriptionTokensSaySayAA18TranscriptionTokenVGGvpMV	System/Library/Frameworks/Speech.framework/Speech.tbd
_$s6Speech20DictationTranscriberC18MultisegmentResultV21recognitionAudioRangeSo06CMTimeH0avg	System/Library/Frameworks/Speech.framework/Speech.tbd
_$s6Speech20DictationTranscriberC18MultisegmentResultV21recognitionAudioRangeSo06CMTimeH0avpMV	System/Library/Frameworks/Speech.framework/Speech.tbd
_$s6Speech20DictationTranscriberC18MultisegmentResultV23resultsFinalizationTimeSo6CMTimeavg	System/Library/Frameworks/Speech.framework/Speech.tbd
_$s6Speech20DictationTranscriberC18MultisegmentResultV23resultsFinalizationTimeSo6CMTimeavpMV	System/Library/Frameworks/Speech.framework/Speech.tbd
_$s6Speech20DictationTranscriberC18MultisegmentResultV2eeoiySbAE_AEtFZ	System/Library/Frameworks/Speech.framework/Speech.tbd
_$s6Speech20DictationTranscriberC18MultisegmentResultV38numOneBestTokensExcludingTriggerPhraseSivg	System/Library/Frameworks/Speech.framework/Speech.tbd
_$s6Speech20DictationTranscriberC18MultisegmentResultV38numOneBestTokensExcludingTriggerPhraseSivpMV	System/Library/Frameworks/Speech.framework/Speech.tbd
_$s6Speech20DictationTranscriberC18MultisegmentResultV4hash4intoys6HasherVz_tF	System/Library/Frameworks/Speech.framework/Speech.tbd
_$s6Speech20DictationTranscriberC18MultisegmentResultV5range23resultsFinalizationTime14transcriptions19transcriptionTokens8segments12nBestChoices03earE4Type21recognitionAudioRange14audioAnalytics13eosLikelihood016latticeMitigatorE006numOnenL22ExcludingTriggerPhrase17resultCandidateIdAESo06CMTimeT0a_So6CMTimeaSay10Foundation16AttributedStringVGSaySayAA18TranscriptionTokenVGGSayAA20TranscriptionSegmentVGSayAW9IndexPathVGAA09EARResultQ0OAtA0sV0VSgSdSgAA020TranscriptionLatticezE0VSgS2iSgtcfC	System/Library/Frameworks/Speech.framework/Speech.tbd
_$s6Speech20DictationTranscriberC18MultisegmentResultV5rangeSo11CMTimeRangeavg	System/Library/Frameworks/Speech.framework/Speech.tbd
_$s6Speech20DictationTranscriberC18MultisegmentResultV5rangeSo11CMTimeRangeavpMV	System/Library/Frameworks/Speech.framework/Speech.tbd
_$s6Speech20DictationTranscriberC18MultisegmentResultV5split6resultAESg_AEtAE_tFZ	System/Library/Frameworks/Speech.framework/Speech.tbd
_$s6Speech20DictationTranscriberC18MultisegmentResultV8segmentsSayAA20TranscriptionSegmentVGvg	System/Library/Frameworks/Speech.framework/Speech.tbd
_$s6Speech20DictationTranscriberC18MultisegmentResultV8segmentsSayAA20TranscriptionSegmentVGvpMV	System/Library/Frameworks/Speech.framework/Speech.tbd
_$s6Speech20DictationTranscriberC18MultisegmentResultV9hashValueSivg	System/Library/Frameworks/Speech.framework/Speech.tbd
_$s6Speech20DictationTranscriberC18MultisegmentResultV9hashValueSivpMV	System/Library/Frameworks/Speech.framework/Speech.tbd
_$s6Speech20DictationTranscriberC18MultisegmentResultVAA0a6ModuleE0AAMc	System/Library/Frameworks/Speech.framework/Speech.tbd
_$s6Speech20DictationTranscriberC18MultisegmentResultVAA0a6ModuleE0AAWP	System/Library/Frameworks/Speech.framework/Speech.tbd
_$s6Speech20DictationTranscriberC18MultisegmentResultVMa	System/Library/Frameworks/Speech.framework/Speech.tbd
_$s6Speech20DictationTranscriberC18MultisegmentResultVMn	System/Library/Frameworks/Speech.framework/Speech.tbd
_$s6Speech20DictationTranscriberC18MultisegmentResultVN	System/Library/Frameworks/Speech.framework/Speech.tbd
_$s6Speech20DictationTranscriberC18MultisegmentResultVSHAAMc	System/Library/Frameworks/Speech.framework/Speech.tbd
_$s6Speech20DictationTranscriberC18MultisegmentResultVSQAAMc	System/Library/Frameworks/Speech.framework/Speech.tbd
_$s6Speech20DictationTranscriberC18MultisegmentResultVs23CustomStringConvertibleAAMc	System/Library/Frameworks/Speech.framework/Speech.tbd
_$s6Speech20DictationTranscriberC18setLeftContextTextyySSYaKF	System/Library/Frameworks/Speech.framework/Speech.tbd
_$s6Speech20DictationTranscriberC18setLeftContextTextyySSYaKFTu	System/Library/Frameworks/Speech.framework/Speech.tbd
_$s6Speech20DictationTranscriberC19TranscriptionOptionO11punctuationyA2EmFWC	System/Library/Frameworks/Speech.framework/Speech.tbd
_$s6Speech20DictationTranscriberC19TranscriptionOptionO21etiquetteReplacementsyA2EmFWC	System/Library/Frameworks/Speech.framework/Speech.tbd
_$s6Speech20DictationTranscriberC19TranscriptionOptionO2eeoiySbAE_AEtFZ	System/Library/Frameworks/Speech.framework/Speech.tbd
_$s6Speech20DictationTranscriberC19TranscriptionOptionO4hash4intoys6HasherVz_tF	System/Library/Frameworks/Speech.framework/Speech.tbd
_$s6Speech20DictationTranscriberC19TranscriptionOptionO5emojiyA2EmFWC	System/Library/Frameworks/Speech.framework/Speech.tbd
_$s6Speech20DictationTranscriberC19TranscriptionOptionO8allCasesSayAEGvgZ	System/Library/Frameworks/Speech.framework/Speech.tbd
_$s6Speech20DictationTranscriberC19TranscriptionOptionO8allCasesSayAEGvpZMV	System/Library/Frameworks/Speech.framework/Speech.tbd
_$s6Speech20DictationTranscriberC19TranscriptionOptionO9hashValueSivg	System/Library/Frameworks/Speech.framework/Speech.tbd
_$s6Speech20DictationTranscriberC19TranscriptionOptionO9hashValueSivpMV	System/Library/Frameworks/Speech.framework/Speech.tbd
_$s6Speech20DictationTranscriberC19TranscriptionOptionOMa	System/Library/Frameworks/Speech.framework/Speech.tbd
_$s6Speech20DictationTranscriberC19TranscriptionOptionOMn	System/Library/Frameworks/Speech.framework/Speech.tbd
_$s6Speech20DictationTranscriberC19TranscriptionOptionON	System/Library/Frameworks/Speech.framework/Speech.tbd
_$s6Speech20DictationTranscriberC19TranscriptionOptionOSHAAMc	System/Library/Frameworks/Speech.framework/Speech.tbd
_$s6Speech20DictationTranscriberC19TranscriptionOptionOSQAAMc	System/Library/Frameworks/Speech.framework/Speech.tbd
_$s6Speech20DictationTranscriberC19TranscriptionOptionOs12CaseIterableAAMc	System/Library/Frameworks/Speech.framework/Speech.tbd
_$s6Speech20DictationTranscriberC19multisegmentResultsQrvg	System/Library/Frameworks/Speech.framework/Speech.tbd
_$s6Speech20DictationTranscriberC19multisegmentResultsQrvpMV	System/Library/Frameworks/Speech.framework/Speech.tbd
_$s6Speech20DictationTranscriberC19multisegmentResultsQrvpQOMQ	System/Library/Frameworks/Speech.framework/Speech.tbd
_$s6Speech20DictationTranscriberC21ResultAttributeOptionO14audioTimeRangeyA2EmFWC	System/Library/Frameworks/Speech.framework/Speech.tbd
_$s6Speech20DictationTranscriberC21ResultAttributeOptionO23transcriptionConfidenceyA2EmFWC	System/Library/Frameworks/Speech.framework/Speech.tbd
_$s6Speech20DictationTranscriberC21ResultAttributeOptionO2eeoiySbAE_AEtFZ	System/Library/Frameworks/Speech.framework/Speech.tbd
_$s6Speech20DictationTranscriberC21ResultAttributeOptionO4hash4intoys6HasherVz_tF	System/Library/Frameworks/Speech.framework/Speech.tbd
_$s6Speech20DictationTranscriberC21ResultAttributeOptionO8allCasesSayAEGvgZ	System/Library/Frameworks/Speech.framework/Speech.tbd
_$s6Speech20DictationTranscriberC21ResultAttributeOptionO8allCasesSayAEGvpZMV	System/Library/Frameworks/Speech.framework/Speech.tbd
_$s6Speech20DictationTranscriberC21ResultAttributeOptionO9hashValueSivg	System/Library/Frameworks/Speech.framework/Speech.tbd
_$s6Speech20DictationTranscriberC21ResultAttributeOptionO9hashValueSivpMV	System/Library/Frameworks/Speech.framework/Speech.tbd
_$s6Speech20DictationTranscriberC21ResultAttributeOptionOMa	System/Library/Frameworks/Speech.framework/Speech.tbd
_$s6Speech20DictationTranscriberC21ResultAttributeOptionOMn	System/Library/Frameworks/Speech.framework/Speech.tbd
_$s6Speech20DictationTranscriberC21ResultAttributeOptionON	System/Library/Frameworks/Speech.framework/Speech.tbd
_$s6Speech20DictationTranscriberC21ResultAttributeOptionOSHAAMc	System/Library/Frameworks/Speech.framework/Speech.tbd
_$s6Speech20DictationTranscriberC21ResultAttributeOptionOSQAAMc	System/Library/Frameworks/Speech.framework/Speech.tbd
_$s6Speech20DictationTranscriberC21ResultAttributeOptionOs12CaseIterableAAMc	System/Library/Frameworks/Speech.framework/Speech.tbd
_$s6Speech20DictationTranscriberC22muxMultisegmentResultsQrvg	System/Library/Frameworks/Speech.framework/Speech.tbd
_$s6Speech20DictationTranscriberC22muxMultisegmentResultsQrvpMV	System/Library/Frameworks/Speech.framework/Speech.tbd
_$s6Speech20DictationTranscriberC22muxMultisegmentResultsQrvpQOMQ	System/Library/Frameworks/Speech.framework/Speech.tbd
_$s6Speech20DictationTranscriberC24requestResultAtEndpointsyySaySo6CMTimeaGYaKF	System/Library/Frameworks/Speech.framework/Speech.tbd
_$s6Speech20DictationTranscriberC24requestResultAtEndpointsyySaySo6CMTimeaGYaKFTu	System/Library/Frameworks/Speech.framework/Speech.tbd
_$s6Speech20DictationTranscriberC26recognizerObjectIdentifierSOSgvg	System/Library/Frameworks/Speech.framework/Speech.tbd
_$s6Speech20DictationTranscriberC26recognizerObjectIdentifierSOSgvpMV	System/Library/Frameworks/Speech.framework/Speech.tbd
_$s6Speech20DictationTranscriberC28cancelPendingResultsAndPauseyyYaKF	System/Library/Frameworks/Speech.framework/Speech.tbd
_$s6Speech20DictationTranscriberC28cancelPendingResultsAndPauseyyYaKFTu	System/Library/Frameworks/Speech.framework/Speech.tbd
_$s6Speech20DictationTranscriberC31availableCompatibleAudioFormatsSaySo13AVAudioFormatCGvg	System/Library/Frameworks/Speech.framework/Speech.tbd
_$s6Speech20DictationTranscriberC31availableCompatibleAudioFormatsSaySo13AVAudioFormatCGvgTu	System/Library/Frameworks/Speech.framework/Speech.tbd
_$s6Speech20DictationTranscriberC31availableCompatibleAudioFormatsSaySo13AVAudioFormatCGvpMV	System/Library/Frameworks/Speech.framework/Speech.tbd
_$s6Speech20DictationTranscriberC6PresetV012multisegmentB2CCAEvgZ	System/Library/Frameworks/Speech.framework/Speech.tbd
_$s6Speech20DictationTranscriberC6PresetV012multisegmentB2CCAEvpZMV	System/Library/Frameworks/Speech.framework/Speech.tbd
_$s6Speech20DictationTranscriberC6PresetV015progressiveLongB0AEvgZ	System/Library/Frameworks/Speech.framework/Speech.tbd
_$s6Speech20DictationTranscriberC6PresetV015progressiveLongB0AEvpZMV	System/Library/Frameworks/Speech.framework/Speech.tbd
_$s6Speech20DictationTranscriberC6PresetV015timeIndexedLongB0AEvgZ	System/Library/Frameworks/Speech.framework/Speech.tbd
_$s6Speech20DictationTranscriberC6PresetV015timeIndexedLongB0AEvpZMV	System/Library/Frameworks/Speech.framework/Speech.tbd
_$s6Speech20DictationTranscriberC6PresetV016progressiveShortB0AEvgZ	System/Library/Frameworks/Speech.framework/Speech.tbd
_$s6Speech20DictationTranscriberC6PresetV016progressiveShortB0AEvpZMV	System/Library/Frameworks/Speech.framework/Speech.tbd
_$s6Speech20DictationTranscriberC6PresetV020multisegmentKeyboardB0AEvgZ	System/Library/Frameworks/Speech.framework/Speech.tbd
_$s6Speech20DictationTranscriberC6PresetV020multisegmentKeyboardB0AEvpZMV	System/Library/Frameworks/Speech.framework/Speech.tbd
_$s6Speech20DictationTranscriberC6PresetV021multisegmentAssistantB0AEvgZ	System/Library/Frameworks/Speech.framework/Speech.tbd
_$s6Speech20DictationTranscriberC6PresetV021multisegmentAssistantB0AEvpZMV	System/Library/Frameworks/Speech.framework/Speech.tbd
_$s6Speech20DictationTranscriberC6PresetV04longB0AEvgZ	System/Library/Frameworks/Speech.framework/Speech.tbd
_$s6Speech20DictationTranscriberC6PresetV04longB0AEvpZMV	System/Library/Frameworks/Speech.framework/Speech.tbd
_$s6Speech20DictationTranscriberC6PresetV05shortB0AEvgZ	System/Library/Frameworks/Speech.framework/Speech.tbd
_$s6Speech20DictationTranscriberC6PresetV05shortB0AEvpZMV	System/Library/Frameworks/Speech.framework/Speech.tbd
_$s6Speech20DictationTranscriberC6PresetV08keyboardB0AEvgZ	System/Library/Frameworks/Speech.framework/Speech.tbd
_$s6Speech20DictationTranscriberC6PresetV08keyboardB0AEvpZMV	System/Library/Frameworks/Speech.framework/Speech.tbd
_$s6Speech20DictationTranscriberC6PresetV09assistantB0AEvgZ	System/Library/Frameworks/Speech.framework/Speech.tbd
_$s6Speech20DictationTranscriberC6PresetV09assistantB0AEvpZMV	System/Library/Frameworks/Speech.framework/Speech.tbd
_$s6Speech20DictationTranscriberC6PresetV10captioningAEvgZ	System/Library/Frameworks/Speech.framework/Speech.tbd
_$s6Speech20DictationTranscriberC6PresetV10captioningAEvpZMV	System/Library/Frameworks/Speech.framework/Speech.tbd
_$s6Speech20DictationTranscriberC6PresetV11dictationCCAEvgZ	System/Library/Frameworks/Speech.framework/Speech.tbd
_$s6Speech20DictationTranscriberC6PresetV11dictationCCAEvpZMV	System/Library/Frameworks/Speech.framework/Speech.tbd
_$s6Speech20DictationTranscriberC6PresetV12contentHints12modelOptions013transcriptionH009reportingH009attributeH0AEShyAC11ContentHintVG_AC05ModelH0VShyAC19TranscriptionOptionOGShyAC09ReportingP0OGShyAC015ResultAttributeP0OGtcfC	System/Library/Frameworks/Speech.framework/Speech.tbd
_$s6Speech20DictationTranscriberC6PresetV12contentHints20transcriptionOptions09reportingH009attributeH0AEShyAC11ContentHintVG_ShyAC19TranscriptionOptionOGShyAC09ReportingN0OGShyAC015ResultAttributeN0OGtcfC	System/Library/Frameworks/Speech.framework/Speech.tbd
_$s6Speech20DictationTranscriberC6PresetV12contentHintsShyAC11ContentHintVGvM	System/Library/Frameworks/Speech.framework/Speech.tbd
_$s6Speech20DictationTranscriberC6PresetV12contentHintsShyAC11ContentHintVGvg	System/Library/Frameworks/Speech.framework/Speech.tbd
_$s6Speech20DictationTranscriberC6PresetV12contentHintsShyAC11ContentHintVGvpMV	System/Library/Frameworks/Speech.framework/Speech.tbd
_$s6Speech20DictationTranscriberC6PresetV12contentHintsShyAC11ContentHintVGvs	System/Library/Frameworks/Speech.framework/Speech.tbd
_$s6Speech20DictationTranscriberC6PresetV12foundInCallsAEvgZ	System/Library/Frameworks/Speech.framework/Speech.tbd
_$s6Speech20DictationTranscriberC6PresetV12foundInCallsAEvpZMV	System/Library/Frameworks/Speech.framework/Speech.tbd
_$s6Speech20DictationTranscriberC6PresetV12modelOptionsAC05ModelF0VvM	System/Library/Frameworks/Speech.framework/Speech.tbd
_$s6Speech20DictationTranscriberC6PresetV12modelOptionsAC05ModelF0Vvg	System/Library/Frameworks/Speech.framework/Speech.tbd
_$s6Speech20DictationTranscriberC6PresetV12modelOptionsAC05ModelF0VvpMV	System/Library/Frameworks/Speech.framework/Speech.tbd
_$s6Speech20DictationTranscriberC6PresetV12modelOptionsAC05ModelF0Vvs	System/Library/Frameworks/Speech.framework/Speech.tbd
_$s6Speech20DictationTranscriberC6PresetV16attributeOptionsShyAC21ResultAttributeOptionOGvM	System/Library/Frameworks/Speech.framework/Speech.tbd
_$s6Speech20DictationTranscriberC6PresetV16attributeOptionsShyAC21ResultAttributeOptionOGvg	System/Library/Frameworks/Speech.framework/Speech.tbd
_$s6Speech20DictationTranscriberC6PresetV16attributeOptionsShyAC21ResultAttributeOptionOGvpMV	System/Library/Frameworks/Speech.framework/Speech.tbd
_$s6Speech20DictationTranscriberC6PresetV16attributeOptionsShyAC21ResultAttributeOptionOGvs	System/Library/Frameworks/Speech.framework/Speech.tbd
_$s6Speech20DictationTranscriberC6PresetV16reportingOptionsShyAC15ReportingOptionOGvM	System/Library/Frameworks/Speech.framework/Speech.tbd
_$s6Speech20DictationTranscriberC6PresetV16reportingOptionsShyAC15ReportingOptionOGvg	System/Library/Frameworks/Speech.framework/Speech.tbd
_$s6Speech20DictationTranscriberC6PresetV16reportingOptionsShyAC15ReportingOptionOGvpMV	System/Library/Frameworks/Speech.framework/Speech.tbd
_$s6Speech20DictationTranscriberC6PresetV16reportingOptionsShyAC15ReportingOptionOGvs	System/Library/Frameworks/Speech.framework/Speech.tbd
_$s6Speech20DictationTranscriberC6PresetV17multisegmentTshotAEvgZ	System/Library/Frameworks/Speech.framework/Speech.tbd
_$s6Speech20DictationTranscriberC6PresetV17multisegmentTshotAEvpZMV	System/Library/Frameworks/Speech.framework/Speech.tbd
_$s6Speech20DictationTranscriberC6PresetV18multisegmentSearchAEvgZ	System/Library/Frameworks/Speech.framework/Speech.tbd
_$s6Speech20DictationTranscriberC6PresetV18multisegmentSearchAEvpZMV	System/Library/Frameworks/Speech.framework/Speech.tbd
_$s6Speech20DictationTranscriberC6PresetV19multisegmentSpellCCAEvgZ	System/Library/Frameworks/Speech.framework/Speech.tbd
_$s6Speech20DictationTranscriberC6PresetV19multisegmentSpellCCAEvpZMV	System/Library/Frameworks/Speech.framework/Speech.tbd
_$s6Speech20DictationTranscriberC6PresetV20multisegmentSpellingAEvgZ	System/Library/Frameworks/Speech.framework/Speech.tbd
_$s6Speech20DictationTranscriberC6PresetV20multisegmentSpellingAEvpZMV	System/Library/Frameworks/Speech.framework/Speech.tbd
_$s6Speech20DictationTranscriberC6PresetV20transcriptionOptionsShyAC19TranscriptionOptionOGvM	System/Library/Frameworks/Speech.framework/Speech.tbd
_$s6Speech20DictationTranscriberC6PresetV20transcriptionOptionsShyAC19TranscriptionOptionOGvg	System/Library/Frameworks/Speech.framework/Speech.tbd
_$s6Speech20DictationTranscriberC6PresetV20transcriptionOptionsShyAC19TranscriptionOptionOGvpMV	System/Library/Frameworks/Speech.framework/Speech.tbd
_$s6Speech20DictationTranscriberC6PresetV20transcriptionOptionsShyAC19TranscriptionOptionOGvs	System/Library/Frameworks/Speech.framework/Speech.tbd
_$s6Speech20DictationTranscriberC6PresetV21multisegmentAssistantAEvgZ	System/Library/Frameworks/Speech.framework/Speech.tbd
_$s6Speech20DictationTranscriberC6PresetV21multisegmentAssistantAEvpZMV	System/Library/Frameworks/Speech.framework/Speech.tbd
_$s6Speech20DictationTranscriberC6PresetV21multisegmentVoicemailAEvgZ	System/Library/Frameworks/Speech.framework/Speech.tbd
_$s6Speech20DictationTranscriberC6PresetV21multisegmentVoicemailAEvpZMV	System/Library/Frameworks/Speech.framework/Speech.tbd
_$s6Speech20DictationTranscriberC6PresetV22multisegmentCaptioningAEvgZ	System/Library/Frameworks/Speech.framework/Speech.tbd
_$s6Speech20DictationTranscriberC6PresetV22multisegmentCaptioningAEvpZMV	System/Library/Frameworks/Speech.framework/Speech.tbd
_$s6Speech20DictationTranscriberC6PresetV24multisegmentFoundInCallsAEvgZ	System/Library/Frameworks/Speech.framework/Speech.tbd
_$s6Speech20DictationTranscriberC6PresetV24multisegmentFoundInCallsAEvpZMV	System/Library/Frameworks/Speech.framework/Speech.tbd
_$s6Speech20DictationTranscriberC6PresetV2eeoiySbAE_AEtFZ	System/Library/Frameworks/Speech.framework/Speech.tbd
_$s6Speech20DictationTranscriberC6PresetV4hash4intoys6HasherVz_tF	System/Library/Frameworks/Speech.framework/Speech.tbd
_$s6Speech20DictationTranscriberC6PresetV5tshotAEvgZ	System/Library/Frameworks/Speech.framework/Speech.tbd
_$s6Speech20DictationTranscriberC6PresetV5tshotAEvpZMV	System/Library/Frameworks/Speech.framework/Speech.tbd
_$s6Speech20DictationTranscriberC6PresetV6phraseAEvgZ	System/Library/Frameworks/Speech.framework/Speech.tbd
_$s6Speech20DictationTranscriberC6PresetV6phraseAEvpZMV	System/Library/Frameworks/Speech.framework/Speech.tbd
_$s6Speech20DictationTranscriberC6PresetV6searchAEvgZ	System/Library/Frameworks/Speech.framework/Speech.tbd
_$s6Speech20DictationTranscriberC6PresetV6searchAEvpZMV	System/Library/Frameworks/Speech.framework/Speech.tbd
_$s6Speech20DictationTranscriberC6PresetV7spellCCAEvgZ	System/Library/Frameworks/Speech.framework/Speech.tbd
_$s6Speech20DictationTranscriberC6PresetV7spellCCAEvpZMV	System/Library/Frameworks/Speech.framework/Speech.tbd
_$s6Speech20DictationTranscriberC6PresetV8spellingAEvgZ	System/Library/Frameworks/Speech.framework/Speech.tbd
_$s6Speech20DictationTranscriberC6PresetV8spellingAEvpZMV	System/Library/Frameworks/Speech.framework/Speech.tbd
_$s6Speech20DictationTranscriberC6PresetV9assistantAEvgZ	System/Library/Frameworks/Speech.framework/Speech.tbd
_$s6Speech20DictationTranscriberC6PresetV9assistantAEvpZMV	System/Library/Frameworks/Speech.framework/Speech.tbd
_$s6Speech20DictationTranscriberC6PresetV9hashValueSivg	System/Library/Frameworks/Speech.framework/Speech.tbd
_$s6Speech20DictationTranscriberC6PresetV9hashValueSivpMV	System/Library/Frameworks/Speech.framework/Speech.tbd
_$s6Speech20DictationTranscriberC6PresetV9voicemailAEvgZ	System/Library/Frameworks/Speech.framework/Speech.tbd
_$s6Speech20DictationTranscriberC6PresetV9voicemailAEvpZMV	System/Library/Frameworks/Speech.framework/Speech.tbd
_$s6Speech20DictationTranscriberC6PresetVMa	System/Library/Frameworks/Speech.framework/Speech.tbd
_$s6Speech20DictationTranscriberC6PresetVMn	System/Library/Frameworks/Speech.framework/Speech.tbd
_$s6Speech20DictationTranscriberC6PresetVN	System/Library/Frameworks/Speech.framework/Speech.tbd
_$s6Speech20DictationTranscriberC6PresetVSHAAMc	System/Library/Frameworks/Speech.framework/Speech.tbd
_$s6Speech20DictationTranscriberC6PresetVSQAAMc	System/Library/Frameworks/Speech.framework/Speech.tbd
_$s6Speech20DictationTranscriberC6ResultV11descriptionSSvg	System/Library/Frameworks/Speech.framework/Speech.tbd
_$s6Speech20DictationTranscriberC6ResultV11descriptionSSvpMV	System/Library/Frameworks/Speech.framework/Speech.tbd
_$s6Speech20DictationTranscriberC6ResultV12alternativesSay10Foundation16AttributedStringVGvg	System/Library/Frameworks/Speech.framework/Speech.tbd
_$s6Speech20DictationTranscriberC6ResultV12alternativesSay10Foundation16AttributedStringVGvpMV	System/Library/Frameworks/Speech.framework/Speech.tbd
_$s6Speech20DictationTranscriberC6ResultV23resultsFinalizationTimeSo6CMTimeavg	System/Library/Frameworks/Speech.framework/Speech.tbd
_$s6Speech20DictationTranscriberC6ResultV23resultsFinalizationTimeSo6CMTimeavpMV	System/Library/Frameworks/Speech.framework/Speech.tbd
_$s6Speech20DictationTranscriberC6ResultV2eeoiySbAE_AEtFZ	System/Library/Frameworks/Speech.framework/Speech.tbd
_$s6Speech20DictationTranscriberC6ResultV4hash4intoys6HasherVz_tF	System/Library/Frameworks/Speech.framework/Speech.tbd
_$s6Speech20DictationTranscriberC6ResultV4text10Foundation16AttributedStringVvg	System/Library/Frameworks/Speech.framework/Speech.tbd
_$s6Speech20DictationTranscriberC6ResultV4text10Foundation16AttributedStringVvpMV	System/Library/Frameworks/Speech.framework/Speech.tbd
_$s6Speech20DictationTranscriberC6ResultV5rangeSo11CMTimeRangeavg	System/Library/Frameworks/Speech.framework/Speech.tbd
_$s6Speech20DictationTranscriberC6ResultV5rangeSo11CMTimeRangeavpMV	System/Library/Frameworks/Speech.framework/Speech.tbd
_$s6Speech20DictationTranscriberC6ResultV9hashValueSivg	System/Library/Frameworks/Speech.framework/Speech.tbd
_$s6Speech20DictationTranscriberC6ResultV9hashValueSivpMV	System/Library/Frameworks/Speech.framework/Speech.tbd
_$s6Speech20DictationTranscriberC6ResultVAA0a6ModuleD0AAMc	System/Library/Frameworks/Speech.framework/Speech.tbd
_$s6Speech20DictationTranscriberC6ResultVAA0a6ModuleD0AAWP	System/Library/Frameworks/Speech.framework/Speech.tbd
_$s6Speech20DictationTranscriberC6ResultVMa	System/Library/Frameworks/Speech.framework/Speech.tbd
_$s6Speech20DictationTranscriberC6ResultVMn	System/Library/Frameworks/Speech.framework/Speech.tbd
_$s6Speech20DictationTranscriberC6ResultVN	System/Library/Frameworks/Speech.framework/Speech.tbd
_$s6Speech20DictationTranscriberC6ResultVSHAAMc	System/Library/Frameworks/Speech.framework/Speech.tbd
_$s6Speech20DictationTranscriberC6ResultVSQAAMc	System/Library/Frameworks/Speech.framework/Speech.tbd
_$s6Speech20DictationTranscriberC6ResultVs23CustomStringConvertibleAAMc	System/Library/Frameworks/Speech.framework/Speech.tbd
_$s6Speech20DictationTranscriberC6locale12contentHints12modelOptions013transcriptionH009reportingH009attributeH0AC10Foundation6LocaleV_ShyAC11ContentHintVGAC05ModelH0VShyAC19TranscriptionOptionOGShyAC09ReportingR0OGShyAC015ResultAttributeR0OGtcfC	System/Library/Frameworks/Speech.framework/Speech.tbd
_$s6Speech20DictationTranscriberC6locale12contentHints12modelOptions013transcriptionH009reportingH009attributeH0AC10Foundation6LocaleV_ShyAC11ContentHintVGAC05ModelH0VShyAC19TranscriptionOptionOGShyAC09ReportingR0OGShyAC015ResultAttributeR0OGtcfCTj	System/Library/Frameworks/Speech.framework/Speech.tbd
_$s6Speech20DictationTranscriberC6locale12contentHints12modelOptions013transcriptionH009reportingH009attributeH0AC10Foundation6LocaleV_ShyAC11ContentHintVGAC05ModelH0VShyAC19TranscriptionOptionOGShyAC09ReportingR0OGShyAC015ResultAttributeR0OGtcfCTq	System/Library/Frameworks/Speech.framework/Speech.tbd
_$s6Speech20DictationTranscriberC6locale12contentHints12modelOptions013transcriptionH009reportingH009attributeH0AC10Foundation6LocaleV_ShyAC11ContentHintVGAC05ModelH0VShyAC19TranscriptionOptionOGShyAC09ReportingR0OGShyAC015ResultAttributeR0OGtcfc	System/Library/Frameworks/Speech.framework/Speech.tbd
_$s6Speech20DictationTranscriberC6locale12contentHints20transcriptionOptions09reportingH009attributeH0AC10Foundation6LocaleV_ShyAC11ContentHintVGShyAC19TranscriptionOptionOGShyAC09ReportingP0OGShyAC015ResultAttributeP0OGtcfC	System/Library/Frameworks/Speech.framework/Speech.tbd
_$s6Speech20DictationTranscriberC6locale12contentHints20transcriptionOptions09reportingH009attributeH0AC10Foundation6LocaleV_ShyAC11ContentHintVGShyAC19TranscriptionOptionOGShyAC09ReportingP0OGShyAC015ResultAttributeP0OGtcfc	System/Library/Frameworks/Speech.framework/Speech.tbd
_$s6Speech20DictationTranscriberC6locale6presetAC10Foundation6LocaleV_AC6PresetVtcfC	System/Library/Frameworks/Speech.framework/Speech.tbd
_$s6Speech20DictationTranscriberC6locale6presetAC10Foundation6LocaleV_AC6PresetVtcfc	System/Library/Frameworks/Speech.framework/Speech.tbd
_$s6Speech20DictationTranscriberC6resumeyyYaKF	System/Library/Frameworks/Speech.framework/Speech.tbd
_$s6Speech20DictationTranscriberC6resumeyyYaKFTu	System/Library/Frameworks/Speech.framework/Speech.tbd
_$s6Speech20DictationTranscriberC7resultsQrvg	System/Library/Frameworks/Speech.framework/Speech.tbd
_$s6Speech20DictationTranscriberC7resultsQrvpMV	System/Library/Frameworks/Speech.framework/Speech.tbd
_$s6Speech20DictationTranscriberC7resultsQrvpQOMQ	System/Library/Frameworks/Speech.framework/Speech.tbd
_$s6Speech20DictationTranscriberCAA015LocaleDependentA6ModuleAAMc	System/Library/Frameworks/Speech.framework/Speech.tbd
_$s6Speech20DictationTranscriberCAA015LocaleDependentA6ModuleAAWP	System/Library/Frameworks/Speech.framework/Speech.tbd
_$s6Speech20DictationTranscriberCAA0A6ModuleAAMc	System/Library/Frameworks/Speech.framework/Speech.tbd
_$s6Speech20DictationTranscriberCAA0A6ModuleAAWP	System/Library/Frameworks/Speech.framework/Speech.tbd
_$s6Speech20DictationTranscriberCMa	System/Library/Frameworks/Speech.framework/Speech.tbd
_$s6Speech20DictationTranscriberCMm	System/Library/Frameworks/Speech.framework/Speech.tbd
_$s6Speech20DictationTranscriberCMn	System/Library/Frameworks/Speech.framework/Speech.tbd
_$s6Speech20DictationTranscriberCMo	System/Library/Frameworks/Speech.framework/Speech.tbd
_$s6Speech20DictationTranscriberCMu	System/Library/Frameworks/Speech.framework/Speech.tbd
_$s6Speech20DictationTranscriberCN	System/Library/Frameworks/Speech.framework/Speech.tbd
_$s6Speech20DictationTranscriberCfD	System/Library/Frameworks/Speech.framework/Speech.tbd
_$s6Speech20DictationTranscriberCfd	System/Library/Frameworks/Speech.framework/Speech.tbd
_$s6Speech20EARLocaleAlternativeV10confidenceSdvg	System/Library/Frameworks/Speech.framework/Speech.tbd
_$s6Speech20EARLocaleAlternativeV10confidenceSdvpMV	System/Library/Frameworks/Speech.framework/Speech.tbd
_$s6Speech20EARLocaleAlternativeV2eeoiySbAC_ACtFZ	System/Library/Frameworks/Speech.framework/Speech.tbd
_$s6Speech20EARLocaleAlternativeV4hash4intoys6HasherVz_tF	System/Library/Frameworks/Speech.framework/Speech.tbd
_$s6Speech20EARLocaleAlternativeV6locale10Foundation6LocaleVvg	System/Library/Frameworks/Speech.framework/Speech.tbd
_$s6Speech20EARLocaleAlternativeV6locale10Foundation6LocaleVvpMV	System/Library/Frameworks/Speech.framework/Speech.tbd
_$s6Speech20EARLocaleAlternativeV9hashValueSivg	System/Library/Frameworks/Speech.framework/Speech.tbd
_$s6Speech20EARLocaleAlternativeV9hashValueSivpMV	System/Library/Frameworks/Speech.framework/Speech.tbd
_$s6Speech20EARLocaleAlternativeVMa	System/Library/Frameworks/Speech.framework/Speech.tbd
_$s6Speech20EARLocaleAlternativeVMn	System/Library/Frameworks/Speech.framework/Speech.tbd
_$s6Speech20EARLocaleAlternativeVN	System/Library/Frameworks/Speech.framework/Speech.tbd
_$s6Speech20EARLocaleAlternativeVSHAAMc	System/Library/Frameworks/Speech.framework/Speech.tbd
_$s6Speech20EARLocaleAlternativeVSQAAMc	System/Library/Frameworks/Speech.framework/Speech.tbd
_$s6Speech20FullPayloadCorrectorC20correctPostITNOutput_11withOptionss6ResultOySSSgs5Error_pG_SDyS2SGSgtSS_ALtYaF	System/Library/Frameworks/Speech.framework/Speech.tbd
_$s6Speech20FullPayloadCorrectorC20correctPostITNOutput_11withOptionss6ResultOySSSgs5Error_pG_SDyS2SGSgtSS_ALtYaFTu	System/Library/Frameworks/Speech.framework/Speech.tbd
_$s6Speech20FullPayloadCorrectorC6locale8clientIDACSg10Foundation6LocaleV_SStcfC	System/Library/Frameworks/Speech.framework/Speech.tbd
_$s6Speech20FullPayloadCorrectorC6locale8clientIDACSg10Foundation6LocaleV_SStcfCTj	System/Library/Frameworks/Speech.framework/Speech.tbd
_$s6Speech20FullPayloadCorrectorC6locale8clientIDACSg10Foundation6LocaleV_SStcfCTq	System/Library/Frameworks/Speech.framework/Speech.tbd
_$s6Speech20FullPayloadCorrectorC6locale8clientIDACSg10Foundation6LocaleV_SStcfc	System/Library/Frameworks/Speech.framework/Speech.tbd
_$s6Speech20FullPayloadCorrectorCMa	System/Library/Frameworks/Speech.framework/Speech.tbd
_$s6Speech20FullPayloadCorrectorCMm	System/Library/Frameworks/Speech.framework/Speech.tbd
_$s6Speech20FullPayloadCorrectorCMn	System/Library/Frameworks/Speech.framework/Speech.tbd
_$s6Speech20FullPayloadCorrectorCMo	System/Library/Frameworks/Speech.framework/Speech.tbd
_$s6Speech20FullPayloadCorrectorCMu	System/Library/Frameworks/Speech.framework/Speech.tbd
_$s6Speech20FullPayloadCorrectorCN	System/Library/Frameworks/Speech.framework/Speech.tbd
_$s6Speech20FullPayloadCorrectorCfD	System/Library/Frameworks/Speech.framework/Speech.tbd
_$s6Speech20FullPayloadCorrectorCfd	System/Library/Frameworks/Speech.framework/Speech.tbd
_$s6Speech20TranscriptionSegmentV12alternativesSay10Foundation16AttributedStringVGvg	System/Library/Frameworks/Speech.framework/Speech.tbd
_$s6Speech20TranscriptionSegmentV12alternativesSay10Foundation16AttributedStringVGvpMV	System/Library/Frameworks/Speech.framework/Speech.tbd
_$s6Speech20TranscriptionSegmentV17alternativeTokensSaySayAA0B5TokenVGGvg	System/Library/Frameworks/Speech.framework/Speech.tbd
_$s6Speech20TranscriptionSegmentV17alternativeTokensSaySayAA0B5TokenVGGvpMV	System/Library/Frameworks/Speech.framework/Speech.tbd
_$s6Speech20TranscriptionSegmentV2eeoiySbAC_ACtFZ	System/Library/Frameworks/Speech.framework/Speech.tbd
_$s6Speech20TranscriptionSegmentV4hash4intoys6HasherVz_tF	System/Library/Frameworks/Speech.framework/Speech.tbd
_$s6Speech20TranscriptionSegmentV4text10Foundation16AttributedStringVvg	System/Library/Frameworks/Speech.framework/Speech.tbd
_$s6Speech20TranscriptionSegmentV4text10Foundation16AttributedStringVvpMV	System/Library/Frameworks/Speech.framework/Speech.tbd
_$s6Speech20TranscriptionSegmentV4with12alternatives6tokens17alternativeTokensAC10Foundation16AttributedStringV_SayAJGSayAA0B5TokenVGSayANGtcfC	System/Library/Frameworks/Speech.framework/Speech.tbd
_$s6Speech20TranscriptionSegmentV6tokensSayAA0B5TokenVGvg	System/Library/Frameworks/Speech.framework/Speech.tbd
_$s6Speech20TranscriptionSegmentV6tokensSayAA0B5TokenVGvpMV	System/Library/Frameworks/Speech.framework/Speech.tbd
_$s6Speech20TranscriptionSegmentV9hashValueSivg	System/Library/Frameworks/Speech.framework/Speech.tbd
_$s6Speech20TranscriptionSegmentV9hashValueSivpMV	System/Library/Frameworks/Speech.framework/Speech.tbd
_$s6Speech20TranscriptionSegmentVMa	System/Library/Frameworks/Speech.framework/Speech.tbd
_$s6Speech20TranscriptionSegmentVMn	System/Library/Frameworks/Speech.framework/Speech.tbd
_$s6Speech20TranscriptionSegmentVN	System/Library/Frameworks/Speech.framework/Speech.tbd
_$s6Speech20TranscriptionSegmentVSHAAMc	System/Library/Frameworks/Speech.framework/Speech.tbd
_$s6Speech20TranscriptionSegmentVSQAAMc	System/Library/Frameworks/Speech.framework/Speech.tbd
_$s6Speech21ContextualNamedEntityV013visualContextD4NameACSS_tcfC	System/Library/Frameworks/Speech.framework/Speech.tbd
_$s6Speech21ContextualNamedEntityV15SourceFrameworkO13visualContextyA2EmFWC	System/Library/Frameworks/Speech.framework/Speech.tbd
_$s6Speech21ContextualNamedEntityV15SourceFrameworkO15peopleSuggesteryA2EmFWC	System/Library/Frameworks/Speech.framework/Speech.tbd
_$s6Speech21ContextualNamedEntityV15SourceFrameworkO23personalizationPortraityA2EmFWC	System/Library/Frameworks/Speech.framework/Speech.tbd
_$s6Speech21ContextualNamedEntityV15SourceFrameworkO8allCasesSayAEGvgZ	System/Library/Frameworks/Speech.framework/Speech.tbd
_$s6Speech21ContextualNamedEntityV15SourceFrameworkO8allCasesSayAEGvpZMV	System/Library/Frameworks/Speech.framework/Speech.tbd
_$s6Speech21ContextualNamedEntityV15SourceFrameworkO8rawValueAESgSi_tcfC	System/Library/Frameworks/Speech.framework/Speech.tbd
_$s6Speech21ContextualNamedEntityV15SourceFrameworkO8rawValueSivg	System/Library/Frameworks/Speech.framework/Speech.tbd
_$s6Speech21ContextualNamedEntityV15SourceFrameworkO8rawValueSivpMV	System/Library/Frameworks/Speech.framework/Speech.tbd
_$s6Speech21ContextualNamedEntityV15SourceFrameworkO9undefinedyA2EmFWC	System/Library/Frameworks/Speech.framework/Speech.tbd
_$s6Speech21ContextualNamedEntityV15SourceFrameworkOMa	System/Library/Frameworks/Speech.framework/Speech.tbd
_$s6Speech21ContextualNamedEntityV15SourceFrameworkOMn	System/Library/Frameworks/Speech.framework/Speech.tbd
_$s6Speech21ContextualNamedEntityV15SourceFrameworkON	System/Library/Frameworks/Speech.framework/Speech.tbd
_$s6Speech21ContextualNamedEntityV15SourceFrameworkOSHAAMc	System/Library/Frameworks/Speech.framework/Speech.tbd
_$s6Speech21ContextualNamedEntityV15SourceFrameworkOSQAAMc	System/Library/Frameworks/Speech.framework/Speech.tbd
_$s6Speech21ContextualNamedEntityV15SourceFrameworkOSYAAMc	System/Library/Frameworks/Speech.framework/Speech.tbd
_$s6Speech21ContextualNamedEntityV15SourceFrameworkOs12CaseIterableAAMc	System/Library/Frameworks/Speech.framework/Speech.tbd
_$s6Speech21ContextualNamedEntityV15sourceFrameworkAC06SourceF0Ovg	System/Library/Frameworks/Speech.framework/Speech.tbd
_$s6Speech21ContextualNamedEntityV15sourceFrameworkAC06SourceF0OvpMV	System/Library/Frameworks/Speech.framework/Speech.tbd
_$s6Speech21ContextualNamedEntityV27personalizationPortraitName5score8category8languageACSS_SdSiSStcfC	System/Library/Frameworks/Speech.framework/Speech.tbd
_$s6Speech21ContextualNamedEntityV2eeoiySbAC_ACtFZ	System/Library/Frameworks/Speech.framework/Speech.tbd
_$s6Speech21ContextualNamedEntityV35peopleSuggesterRecipientDisplayNameACSS_tcfC	System/Library/Frameworks/Speech.framework/Speech.tbd
_$s6Speech21ContextualNamedEntityV4hash4intoys6HasherVz_tF	System/Library/Frameworks/Speech.framework/Speech.tbd
_$s6Speech21ContextualNamedEntityV5scoreSdSgvg	System/Library/Frameworks/Speech.framework/Speech.tbd
_$s6Speech21ContextualNamedEntityV5scoreSdSgvpMV	System/Library/Frameworks/Speech.framework/Speech.tbd
_$s6Speech21ContextualNamedEntityV7contentSSvg	System/Library/Frameworks/Speech.framework/Speech.tbd
_$s6Speech21ContextualNamedEntityV7contentSSvpMV	System/Library/Frameworks/Speech.framework/Speech.tbd
_$s6Speech21ContextualNamedEntityV8categorySiSgvg	System/Library/Frameworks/Speech.framework/Speech.tbd
_$s6Speech21ContextualNamedEntityV8categorySiSgvpMV	System/Library/Frameworks/Speech.framework/Speech.tbd
_$s6Speech21ContextualNamedEntityV8languageSSSgvg	System/Library/Frameworks/Speech.framework/Speech.tbd
_$s6Speech21ContextualNamedEntityV8languageSSSgvpMV	System/Library/Frameworks/Speech.framework/Speech.tbd
_$s6Speech21ContextualNamedEntityV9hashValueSivg	System/Library/Frameworks/Speech.framework/Speech.tbd
_$s6Speech21ContextualNamedEntityV9hashValueSivpMV	System/Library/Frameworks/Speech.framework/Speech.tbd
_$s6Speech21ContextualNamedEntityVMa	System/Library/Frameworks/Speech.framework/Speech.tbd
_$s6Speech21ContextualNamedEntityVMn	System/Library/Frameworks/Speech.framework/Speech.tbd
_$s6Speech21ContextualNamedEntityVN	System/Library/Frameworks/Speech.framework/Speech.tbd
_$s6Speech21ContextualNamedEntityVSHAAMc	System/Library/Frameworks/Speech.framework/Speech.tbd
_$s6Speech21ContextualNamedEntityVSQAAMc	System/Library/Frameworks/Speech.framework/Speech.tbd
_$s6Speech22NormalizingTranscriberC11ContentHintV08atypicalA0AEvgZ	System/Library/Frameworks/Speech.framework/Speech.tbd
_$s6Speech22NormalizingTranscriberC11ContentHintV08atypicalA0AEvpZMV	System/Library/Frameworks/Speech.framework/Speech.tbd
_$s6Speech22NormalizingTranscriberC11ContentHintV19customLanguageModel18modelConfigurationAESo08SFSpeechghJ0C_tFZ	System/Library/Frameworks/Speech.framework/Speech.tbd
_$s6Speech22NormalizingTranscriberC11ContentHintV19customLanguageModel3urlAE10Foundation3URLV_tFZ	System/Library/Frameworks/Speech.framework/Speech.tbd
_$s6Speech22NormalizingTranscriberC11ContentHintV2eeoiySbAE_AEtFZ	System/Library/Frameworks/Speech.framework/Speech.tbd
_$s6Speech22NormalizingTranscriberC11ContentHintV4fromAeA09DictationC0CADV_tcfC	System/Library/Frameworks/Speech.framework/Speech.tbd
_$s6Speech22NormalizingTranscriberC11ContentHintV4hash4intoys6HasherVz_tF	System/Library/Frameworks/Speech.framework/Speech.tbd
_$s6Speech22NormalizingTranscriberC11ContentHintV8farFieldAEvgZ	System/Library/Frameworks/Speech.framework/Speech.tbd
_$s6Speech22NormalizingTranscriberC11ContentHintV8farFieldAEvpZMV	System/Library/Frameworks/Speech.framework/Speech.tbd
_$s6Speech22NormalizingTranscriberC11ContentHintV9hashValueSivg	System/Library/Frameworks/Speech.framework/Speech.tbd
_$s6Speech22NormalizingTranscriberC11ContentHintV9hashValueSivpMV	System/Library/Frameworks/Speech.framework/Speech.tbd
_$s6Speech22NormalizingTranscriberC11ContentHintV9shortFormAEvgZ	System/Library/Frameworks/Speech.framework/Speech.tbd
_$s6Speech22NormalizingTranscriberC11ContentHintV9shortFormAEvpZMV	System/Library/Frameworks/Speech.framework/Speech.tbd
_$s6Speech22NormalizingTranscriberC11ContentHintVMa	System/Library/Frameworks/Speech.framework/Speech.tbd
_$s6Speech22NormalizingTranscriberC11ContentHintVMn	System/Library/Frameworks/Speech.framework/Speech.tbd
_$s6Speech22NormalizingTranscriberC11ContentHintVN	System/Library/Frameworks/Speech.framework/Speech.tbd
_$s6Speech22NormalizingTranscriberC11ContentHintVSHAAMc	System/Library/Frameworks/Speech.framework/Speech.tbd
_$s6Speech22NormalizingTranscriberC11ContentHintVSQAAMc	System/Library/Frameworks/Speech.framework/Speech.tbd
_$s6Speech22NormalizingTranscriberC12ModelOptionsV10userIdMaskSDyS2SGSgvM	System/Library/Frameworks/Speech.framework/Speech.tbd
_$s6Speech22NormalizingTranscriberC12ModelOptionsV10userIdMaskSDyS2SGSgvg	System/Library/Frameworks/Speech.framework/Speech.tbd
_$s6Speech22NormalizingTranscriberC12ModelOptionsV10userIdMaskSDyS2SGSgvpMV	System/Library/Frameworks/Speech.framework/Speech.tbd
_$s6Speech22NormalizingTranscriberC12ModelOptionsV10userIdMaskSDyS2SGSgvs	System/Library/Frameworks/Speech.framework/Speech.tbd
_$s6Speech22NormalizingTranscriberC12ModelOptionsV13geoLMRegionIDSSSgvM	System/Library/Frameworks/Speech.framework/Speech.tbd
_$s6Speech22NormalizingTranscriberC12ModelOptionsV13geoLMRegionIDSSSgvg	System/Library/Frameworks/Speech.framework/Speech.tbd
_$s6Speech22NormalizingTranscriberC12ModelOptionsV13geoLMRegionIDSSSgvpMV	System/Library/Frameworks/Speech.framework/Speech.tbd
_$s6Speech22NormalizingTranscriberC12ModelOptionsV13geoLMRegionIDSSSgvs	System/Library/Frameworks/Speech.framework/Speech.tbd
_$s6Speech22NormalizingTranscriberC12ModelOptionsV14speechProfilesSay10Foundation3URLVGvM	System/Library/Frameworks/Speech.framework/Speech.tbd
_$s6Speech22NormalizingTranscriberC12ModelOptionsV14speechProfilesSay10Foundation3URLVGvg	System/Library/Frameworks/Speech.framework/Speech.tbd
_$s6Speech22NormalizingTranscriberC12ModelOptionsV14speechProfilesSay10Foundation3URLVGvpMV	System/Library/Frameworks/Speech.framework/Speech.tbd
_$s6Speech22NormalizingTranscriberC12ModelOptionsV14speechProfilesSay10Foundation3URLVGvs	System/Library/Frameworks/Speech.framework/Speech.tbd
_$s6Speech22NormalizingTranscriberC12ModelOptionsV16modelOverrideURL10Foundation0H0VSgvM	System/Library/Frameworks/Speech.framework/Speech.tbd
_$s6Speech22NormalizingTranscriberC12ModelOptionsV16modelOverrideURL10Foundation0H0VSgvg	System/Library/Frameworks/Speech.framework/Speech.tbd
_$s6Speech22NormalizingTranscriberC12ModelOptionsV16modelOverrideURL10Foundation0H0VSgvpMV	System/Library/Frameworks/Speech.framework/Speech.tbd
_$s6Speech22NormalizingTranscriberC12ModelOptionsV16modelOverrideURL10Foundation0H0VSgvs	System/Library/Frameworks/Speech.framework/Speech.tbd
_$s6Speech22NormalizingTranscriberC12ModelOptionsV17taskForMemoryLockSSSgvM	System/Library/Frameworks/Speech.framework/Speech.tbd
_$s6Speech22NormalizingTranscriberC12ModelOptionsV17taskForMemoryLockSSSgvg	System/Library/Frameworks/Speech.framework/Speech.tbd
_$s6Speech22NormalizingTranscriberC12ModelOptionsV17taskForMemoryLockSSSgvpMV	System/Library/Frameworks/Speech.framework/Speech.tbd
_$s6Speech22NormalizingTranscriberC12ModelOptionsV17taskForMemoryLockSSSgvs	System/Library/Frameworks/Speech.framework/Speech.tbd
_$s6Speech22NormalizingTranscriberC12ModelOptionsV21enableParallelLoadingSbvM	System/Library/Frameworks/Speech.framework/Speech.tbd
_$s6Speech22NormalizingTranscriberC12ModelOptionsV21enableParallelLoadingSbvg	System/Library/Frameworks/Speech.framework/Speech.tbd
_$s6Speech22NormalizingTranscriberC12ModelOptionsV21enableParallelLoadingSbvpMV	System/Library/Frameworks/Speech.framework/Speech.tbd
_$s6Speech22NormalizingTranscriberC12ModelOptionsV21enableParallelLoadingSbvs	System/Library/Frameworks/Speech.framework/Speech.tbd
_$s6Speech22NormalizingTranscriberC12ModelOptionsV23speechProfileContainersSaySo08SFSpeechG9ContainerCGSgvM	System/Library/Frameworks/Speech.framework/Speech.tbd
_$s6Speech22NormalizingTranscriberC12ModelOptionsV23speechProfileContainersSaySo08SFSpeechG9ContainerCGSgvg	System/Library/Frameworks/Speech.framework/Speech.tbd
_$s6Speech22NormalizingTranscriberC12ModelOptionsV23speechProfileContainersSaySo08SFSpeechG9ContainerCGSgvpMV	System/Library/Frameworks/Speech.framework/Speech.tbd
_$s6Speech22NormalizingTranscriberC12ModelOptionsV23speechProfileContainersSaySo08SFSpeechG9ContainerCGSgvs	System/Library/Frameworks/Speech.framework/Speech.tbd
_$s6Speech22NormalizingTranscriberC12ModelOptionsV27enableFullPayloadCorrectionSbvM	System/Library/Frameworks/Speech.framework/Speech.tbd
_$s6Speech22NormalizingTranscriberC12ModelOptionsV27enableFullPayloadCorrectionSbvg	System/Library/Frameworks/Speech.framework/Speech.tbd
_$s6Speech22NormalizingTranscriberC12ModelOptionsV27enableFullPayloadCorrectionSbvpMV	System/Library/Frameworks/Speech.framework/Speech.tbd
_$s6Speech22NormalizingTranscriberC12ModelOptionsV27enableFullPayloadCorrectionSbvs	System/Library/Frameworks/Speech.framework/Speech.tbd
_$s6Speech22NormalizingTranscriberC12ModelOptionsV2eeoiySbAE_AEtFZ	System/Library/Frameworks/Speech.framework/Speech.tbd
_$s6Speech22NormalizingTranscriberC12ModelOptionsV4fromAeA09DictationC0CADV_tcfC	System/Library/Frameworks/Speech.framework/Speech.tbd
_$s6Speech22NormalizingTranscriberC12ModelOptionsV4hash4intoys6HasherVz_tF	System/Library/Frameworks/Speech.framework/Speech.tbd
_$s6Speech22NormalizingTranscriberC12ModelOptionsV9hashValueSivg	System/Library/Frameworks/Speech.framework/Speech.tbd
_$s6Speech22NormalizingTranscriberC12ModelOptionsV9hashValueSivpMV	System/Library/Frameworks/Speech.framework/Speech.tbd
_$s6Speech22NormalizingTranscriberC12ModelOptionsVAEycfC	System/Library/Frameworks/Speech.framework/Speech.tbd
_$s6Speech22NormalizingTranscriberC12ModelOptionsVMa	System/Library/Frameworks/Speech.framework/Speech.tbd
_$s6Speech22NormalizingTranscriberC12ModelOptionsVMn	System/Library/Frameworks/Speech.framework/Speech.tbd
_$s6Speech22NormalizingTranscriberC12ModelOptionsVN	System/Library/Frameworks/Speech.framework/Speech.tbd
_$s6Speech22NormalizingTranscriberC12ModelOptionsVSHAAMc	System/Library/Frameworks/Speech.framework/Speech.tbd
_$s6Speech22NormalizingTranscriberC12ModelOptionsVSQAAMc	System/Library/Frameworks/Speech.framework/Speech.tbd
_$s6Speech22NormalizingTranscriberC15ReportingOptionO15loggableResultsyA2EmFWC	System/Library/Frameworks/Speech.framework/Speech.tbd
_$s6Speech22NormalizingTranscriberC15ReportingOptionO15singleUtteranceyA2EmFWC	System/Library/Frameworks/Speech.framework/Speech.tbd
_$s6Speech22NormalizingTranscriberC15ReportingOptionO15volatileResultsyA2EmFWC	System/Library/Frameworks/Speech.framework/Speech.tbd
_$s6Speech22NormalizingTranscriberC15ReportingOptionO19multisegmentResultsyA2EmFWC	System/Library/Frameworks/Speech.framework/Speech.tbd
_$s6Speech22NormalizingTranscriberC15ReportingOptionO20frequentFinalizationyA2EmFWC	System/Library/Frameworks/Speech.framework/Speech.tbd
_$s6Speech22NormalizingTranscriberC15ReportingOptionO21concatenateUtterancesyA2EmFWC	System/Library/Frameworks/Speech.framework/Speech.tbd
_$s6Speech22NormalizingTranscriberC15ReportingOptionO22muxMultisegmentResultsyA2EmFWC	System/Library/Frameworks/Speech.framework/Speech.tbd
_$s6Speech22NormalizingTranscriberC15ReportingOptionO25alternativeTranscriptionsyA2EmFWC	System/Library/Frameworks/Speech.framework/Speech.tbd
_$s6Speech22NormalizingTranscriberC15ReportingOptionO28voiceCommandCandidateResultsyA2EmFWC	System/Library/Frameworks/Speech.framework/Speech.tbd
_$s6Speech22NormalizingTranscriberC15ReportingOptionO2eeoiySbAE_AEtFZ	System/Library/Frameworks/Speech.framework/Speech.tbd
_$s6Speech22NormalizingTranscriberC15ReportingOptionO4fromAeA09DictationC0CADO_tcfC	System/Library/Frameworks/Speech.framework/Speech.tbd
_$s6Speech22NormalizingTranscriberC15ReportingOptionO4hash4intoys6HasherVz_tF	System/Library/Frameworks/Speech.framework/Speech.tbd
_$s6Speech22NormalizingTranscriberC15ReportingOptionO8allCasesSayAEGvgZ	System/Library/Frameworks/Speech.framework/Speech.tbd
_$s6Speech22NormalizingTranscriberC15ReportingOptionO8allCasesSayAEGvpZMV	System/Library/Frameworks/Speech.framework/Speech.tbd
_$s6Speech22NormalizingTranscriberC15ReportingOptionO9hashValueSivg	System/Library/Frameworks/Speech.framework/Speech.tbd
_$s6Speech22NormalizingTranscriberC15ReportingOptionO9hashValueSivpMV	System/Library/Frameworks/Speech.framework/Speech.tbd
_$s6Speech22NormalizingTranscriberC15ReportingOptionOMa	System/Library/Frameworks/Speech.framework/Speech.tbd
_$s6Speech22NormalizingTranscriberC15ReportingOptionOMn	System/Library/Frameworks/Speech.framework/Speech.tbd
_$s6Speech22NormalizingTranscriberC15ReportingOptionON	System/Library/Frameworks/Speech.framework/Speech.tbd
_$s6Speech22NormalizingTranscriberC15ReportingOptionOSHAAMc	System/Library/Frameworks/Speech.framework/Speech.tbd
_$s6Speech22NormalizingTranscriberC15ReportingOptionOSQAAMc	System/Library/Frameworks/Speech.framework/Speech.tbd
_$s6Speech22NormalizingTranscriberC15ReportingOptionOs12CaseIterableAAMc	System/Library/Frameworks/Speech.framework/Speech.tbd
_$s6Speech22NormalizingTranscriberC15selectedLocalesSay10Foundation6LocaleVGvg	System/Library/Frameworks/Speech.framework/Speech.tbd
_$s6Speech22NormalizingTranscriberC15selectedLocalesSay10Foundation6LocaleVGvpMV	System/Library/Frameworks/Speech.framework/Speech.tbd
_$s6Speech22NormalizingTranscriberC15supportedLocale12equivalentTo10Foundation0E0VSgAH_tYaFZ	System/Library/Frameworks/Speech.framework/Speech.tbd
_$s6Speech22NormalizingTranscriberC15supportedLocale12equivalentTo10Foundation0E0VSgAH_tYaFZTu	System/Library/Frameworks/Speech.framework/Speech.tbd
_$s6Speech22NormalizingTranscriberC16installedLocalesSay10Foundation6LocaleVGvgZ	System/Library/Frameworks/Speech.framework/Speech.tbd
_$s6Speech22NormalizingTranscriberC16installedLocalesSay10Foundation6LocaleVGvgZTu	System/Library/Frameworks/Speech.framework/Speech.tbd
_$s6Speech22NormalizingTranscriberC16installedLocalesSay10Foundation6LocaleVGvpZMV	System/Library/Frameworks/Speech.framework/Speech.tbd
_$s6Speech22NormalizingTranscriberC16supportedLocalesSay10Foundation6LocaleVGvgZ	System/Library/Frameworks/Speech.framework/Speech.tbd
_$s6Speech22NormalizingTranscriberC16supportedLocalesSay10Foundation6LocaleVGvgZTu	System/Library/Frameworks/Speech.framework/Speech.tbd
_$s6Speech22NormalizingTranscriberC16supportedLocalesSay10Foundation6LocaleVGvpZMV	System/Library/Frameworks/Speech.framework/Speech.tbd
_$s6Speech22NormalizingTranscriberC18MultisegmentResultV016latticeMitigatorE0AA020TranscriptionLatticegE0VSgvg	System/Library/Frameworks/Speech.framework/Speech.tbd
_$s6Speech22NormalizingTranscriberC18MultisegmentResultV016latticeMitigatorE0AA020TranscriptionLatticegE0VSgvpMV	System/Library/Frameworks/Speech.framework/Speech.tbd
_$s6Speech22NormalizingTranscriberC18MultisegmentResultV03earE4TypeAA09EARResultG0Ovg	System/Library/Frameworks/Speech.framework/Speech.tbd
_$s6Speech22NormalizingTranscriberC18MultisegmentResultV03earE4TypeAA09EARResultG0OvpMV	System/Library/Frameworks/Speech.framework/Speech.tbd
_$s6Speech22NormalizingTranscriberC18MultisegmentResultV11descriptionSSvg	System/Library/Frameworks/Speech.framework/Speech.tbd
_$s6Speech22NormalizingTranscriberC18MultisegmentResultV11descriptionSSvpMV	System/Library/Frameworks/Speech.framework/Speech.tbd
_$s6Speech22NormalizingTranscriberC18MultisegmentResultV12nBestChoicesSay10Foundation9IndexPathVGvg	System/Library/Frameworks/Speech.framework/Speech.tbd
_$s6Speech22NormalizingTranscriberC18MultisegmentResultV12nBestChoicesSay10Foundation9IndexPathVGvpMV	System/Library/Frameworks/Speech.framework/Speech.tbd
_$s6Speech22NormalizingTranscriberC18MultisegmentResultV13eosLikelihoodSdSgvg	System/Library/Frameworks/Speech.framework/Speech.tbd
_$s6Speech22NormalizingTranscriberC18MultisegmentResultV13eosLikelihoodSdSgvpMV	System/Library/Frameworks/Speech.framework/Speech.tbd
_$s6Speech22NormalizingTranscriberC18MultisegmentResultV14audioAnalyticsAA05AudioG0VSgvg	System/Library/Frameworks/Speech.framework/Speech.tbd
_$s6Speech22NormalizingTranscriberC18MultisegmentResultV14audioAnalyticsAA05AudioG0VSgvpMV	System/Library/Frameworks/Speech.framework/Speech.tbd
_$s6Speech22NormalizingTranscriberC18MultisegmentResultV14transcriptionsSay10Foundation16AttributedStringVGvg	System/Library/Frameworks/Speech.framework/Speech.tbd
_$s6Speech22NormalizingTranscriberC18MultisegmentResultV14transcriptionsSay10Foundation16AttributedStringVGvpMV	System/Library/Frameworks/Speech.framework/Speech.tbd
_$s6Speech22NormalizingTranscriberC18MultisegmentResultV17resultCandidateIdSiSgvg	System/Library/Frameworks/Speech.framework/Speech.tbd
_$s6Speech22NormalizingTranscriberC18MultisegmentResultV17resultCandidateIdSiSgvpMV	System/Library/Frameworks/Speech.framework/Speech.tbd
_$s6Speech22NormalizingTranscriberC18MultisegmentResultV19transcriptionTokensSaySayAA18TranscriptionTokenVGGvg	System/Library/Frameworks/Speech.framework/Speech.tbd
_$s6Speech22NormalizingTranscriberC18MultisegmentResultV19transcriptionTokensSaySayAA18TranscriptionTokenVGGvpMV	System/Library/Frameworks/Speech.framework/Speech.tbd
_$s6Speech22NormalizingTranscriberC18MultisegmentResultV21recognitionAudioRangeSo06CMTimeH0avg	System/Library/Frameworks/Speech.framework/Speech.tbd
_$s6Speech22NormalizingTranscriberC18MultisegmentResultV21recognitionAudioRangeSo06CMTimeH0avpMV	System/Library/Frameworks/Speech.framework/Speech.tbd
_$s6Speech22NormalizingTranscriberC18MultisegmentResultV23resultsFinalizationTimeSo6CMTimeavg	System/Library/Frameworks/Speech.framework/Speech.tbd
_$s6Speech22NormalizingTranscriberC18MultisegmentResultV23resultsFinalizationTimeSo6CMTimeavpMV	System/Library/Frameworks/Speech.framework/Speech.tbd
_$s6Speech22NormalizingTranscriberC18MultisegmentResultV2eeoiySbAE_AEtFZ	System/Library/Frameworks/Speech.framework/Speech.tbd
_$s6Speech22NormalizingTranscriberC18MultisegmentResultV38numOneBestTokensExcludingTriggerPhraseSivg	System/Library/Frameworks/Speech.framework/Speech.tbd
_$s6Speech22NormalizingTranscriberC18MultisegmentResultV38numOneBestTokensExcludingTriggerPhraseSivpMV	System/Library/Frameworks/Speech.framework/Speech.tbd
_$s6Speech22NormalizingTranscriberC18MultisegmentResultV4hash4intoys6HasherVz_tF	System/Library/Frameworks/Speech.framework/Speech.tbd
_$s6Speech22NormalizingTranscriberC18MultisegmentResultV5range23resultsFinalizationTime14transcriptions19transcriptionTokens8segments12nBestChoices03earE4Type21recognitionAudioRange14audioAnalytics13eosLikelihood016latticeMitigatorE006numOnenL22ExcludingTriggerPhrase17resultCandidateIdAESo06CMTimeT0a_So6CMTimeaSay10Foundation16AttributedStringVGSaySayAA18TranscriptionTokenVGGSayAA20TranscriptionSegmentVGSayAW9IndexPathVGAA09EARResultQ0OAtA0sV0VSgSdSgAA020TranscriptionLatticezE0VSgS2iSgtcfC	System/Library/Frameworks/Speech.framework/Speech.tbd
_$s6Speech22NormalizingTranscriberC18MultisegmentResultV5rangeSo11CMTimeRangeavg	System/Library/Frameworks/Speech.framework/Speech.tbd
_$s6Speech22NormalizingTranscriberC18MultisegmentResultV5rangeSo11CMTimeRangeavpMV	System/Library/Frameworks/Speech.framework/Speech.tbd
_$s6Speech22NormalizingTranscriberC18MultisegmentResultV5split6resultAESg_AEtAE_tFZ	System/Library/Frameworks/Speech.framework/Speech.tbd
_$s6Speech22NormalizingTranscriberC18MultisegmentResultV8segmentsSayAA20TranscriptionSegmentVGvg	System/Library/Frameworks/Speech.framework/Speech.tbd
_$s6Speech22NormalizingTranscriberC18MultisegmentResultV8segmentsSayAA20TranscriptionSegmentVGvpMV	System/Library/Frameworks/Speech.framework/Speech.tbd
_$s6Speech22NormalizingTranscriberC18MultisegmentResultV9hashValueSivg	System/Library/Frameworks/Speech.framework/Speech.tbd
_$s6Speech22NormalizingTranscriberC18MultisegmentResultV9hashValueSivpMV	System/Library/Frameworks/Speech.framework/Speech.tbd
_$s6Speech22NormalizingTranscriberC18MultisegmentResultVAA0a6ModuleE0AAMc	System/Library/Frameworks/Speech.framework/Speech.tbd
_$s6Speech22NormalizingTranscriberC18MultisegmentResultVAA0a6ModuleE0AAWP	System/Library/Frameworks/Speech.framework/Speech.tbd
_$s6Speech22NormalizingTranscriberC18MultisegmentResultVMa	System/Library/Frameworks/Speech.framework/Speech.tbd
_$s6Speech22NormalizingTranscriberC18MultisegmentResultVMn	System/Library/Frameworks/Speech.framework/Speech.tbd
_$s6Speech22NormalizingTranscriberC18MultisegmentResultVN	System/Library/Frameworks/Speech.framework/Speech.tbd
_$s6Speech22NormalizingTranscriberC18MultisegmentResultVSHAAMc	System/Library/Frameworks/Speech.framework/Speech.tbd
_$s6Speech22NormalizingTranscriberC18MultisegmentResultVSQAAMc	System/Library/Frameworks/Speech.framework/Speech.tbd
_$s6Speech22NormalizingTranscriberC18MultisegmentResultVs23CustomStringConvertibleAAMc	System/Library/Frameworks/Speech.framework/Speech.tbd
_$s6Speech22NormalizingTranscriberC19TranscriptionOptionO21etiquetteReplacementsyA2EmFWC	System/Library/Frameworks/Speech.framework/Speech.tbd
_$s6Speech22NormalizingTranscriberC19TranscriptionOptionO2eeoiySbAE_AEtFZ	System/Library/Frameworks/Speech.framework/Speech.tbd
_$s6Speech22NormalizingTranscriberC19TranscriptionOptionO4fromAESgAA09DictationC0CADO_tcfC	System/Library/Frameworks/Speech.framework/Speech.tbd
_$s6Speech22NormalizingTranscriberC19TranscriptionOptionO4hash4intoys6HasherVz_tF	System/Library/Frameworks/Speech.framework/Speech.tbd
_$s6Speech22NormalizingTranscriberC19TranscriptionOptionO8allCasesSayAEGvgZ	System/Library/Frameworks/Speech.framework/Speech.tbd
_$s6Speech22NormalizingTranscriberC19TranscriptionOptionO8allCasesSayAEGvpZMV	System/Library/Frameworks/Speech.framework/Speech.tbd
_$s6Speech22NormalizingTranscriberC19TranscriptionOptionO9hashValueSivg	System/Library/Frameworks/Speech.framework/Speech.tbd
_$s6Speech22NormalizingTranscriberC19TranscriptionOptionO9hashValueSivpMV	System/Library/Frameworks/Speech.framework/Speech.tbd
_$s6Speech22NormalizingTranscriberC19TranscriptionOptionOMa	System/Library/Frameworks/Speech.framework/Speech.tbd
_$s6Speech22NormalizingTranscriberC19TranscriptionOptionOMn	System/Library/Frameworks/Speech.framework/Speech.tbd
_$s6Speech22NormalizingTranscriberC19TranscriptionOptionON	System/Library/Frameworks/Speech.framework/Speech.tbd
_$s6Speech22NormalizingTranscriberC19TranscriptionOptionOSHAAMc	System/Library/Frameworks/Speech.framework/Speech.tbd
_$s6Speech22NormalizingTranscriberC19TranscriptionOptionOSQAAMc	System/Library/Frameworks/Speech.framework/Speech.tbd
_$s6Speech22NormalizingTranscriberC19TranscriptionOptionOs12CaseIterableAAMc	System/Library/Frameworks/Speech.framework/Speech.tbd
_$s6Speech22NormalizingTranscriberC19multisegmentResultsQrvg	System/Library/Frameworks/Speech.framework/Speech.tbd
_$s6Speech22NormalizingTranscriberC19multisegmentResultsQrvpMV	System/Library/Frameworks/Speech.framework/Speech.tbd
_$s6Speech22NormalizingTranscriberC19multisegmentResultsQrvpQOMQ	System/Library/Frameworks/Speech.framework/Speech.tbd
_$s6Speech22NormalizingTranscriberC21ResultAttributeOptionO14audioTimeRangeyA2EmFWC	System/Library/Frameworks/Speech.framework/Speech.tbd
_$s6Speech22NormalizingTranscriberC21ResultAttributeOptionO23transcriptionConfidenceyA2EmFWC	System/Library/Frameworks/Speech.framework/Speech.tbd
_$s6Speech22NormalizingTranscriberC21ResultAttributeOptionO2eeoiySbAE_AEtFZ	System/Library/Frameworks/Speech.framework/Speech.tbd
_$s6Speech22NormalizingTranscriberC21ResultAttributeOptionO4fromAeA09DictationC0CADO_tcfC	System/Library/Frameworks/Speech.framework/Speech.tbd
_$s6Speech22NormalizingTranscriberC21ResultAttributeOptionO4hash4intoys6HasherVz_tF	System/Library/Frameworks/Speech.framework/Speech.tbd
_$s6Speech22NormalizingTranscriberC21ResultAttributeOptionO8allCasesSayAEGvgZ	System/Library/Frameworks/Speech.framework/Speech.tbd
_$s6Speech22NormalizingTranscriberC21ResultAttributeOptionO8allCasesSayAEGvpZMV	System/Library/Frameworks/Speech.framework/Speech.tbd
_$s6Speech22NormalizingTranscriberC21ResultAttributeOptionO9hashValueSivg	System/Library/Frameworks/Speech.framework/Speech.tbd
_$s6Speech22NormalizingTranscriberC21ResultAttributeOptionO9hashValueSivpMV	System/Library/Frameworks/Speech.framework/Speech.tbd
_$s6Speech22NormalizingTranscriberC21ResultAttributeOptionOMa	System/Library/Frameworks/Speech.framework/Speech.tbd
_$s6Speech22NormalizingTranscriberC21ResultAttributeOptionOMn	System/Library/Frameworks/Speech.framework/Speech.tbd
_$s6Speech22NormalizingTranscriberC21ResultAttributeOptionON	System/Library/Frameworks/Speech.framework/Speech.tbd
_$s6Speech22NormalizingTranscriberC21ResultAttributeOptionOSHAAMc	System/Library/Frameworks/Speech.framework/Speech.tbd
_$s6Speech22NormalizingTranscriberC21ResultAttributeOptionOSQAAMc	System/Library/Frameworks/Speech.framework/Speech.tbd
_$s6Speech22NormalizingTranscriberC21ResultAttributeOptionOs12CaseIterableAAMc	System/Library/Frameworks/Speech.framework/Speech.tbd
_$s6Speech22NormalizingTranscriberC22muxMultisegmentResultsQrvg	System/Library/Frameworks/Speech.framework/Speech.tbd
_$s6Speech22NormalizingTranscriberC22muxMultisegmentResultsQrvpMV	System/Library/Frameworks/Speech.framework/Speech.tbd
_$s6Speech22NormalizingTranscriberC22muxMultisegmentResultsQrvpQOMQ	System/Library/Frameworks/Speech.framework/Speech.tbd
_$s6Speech22NormalizingTranscriberC26recognizerObjectIdentifierSOSgvg	System/Library/Frameworks/Speech.framework/Speech.tbd
_$s6Speech22NormalizingTranscriberC26recognizerObjectIdentifierSOSgvpMV	System/Library/Frameworks/Speech.framework/Speech.tbd
_$s6Speech22NormalizingTranscriberC31availableCompatibleAudioFormatsSaySo13AVAudioFormatCGvg	System/Library/Frameworks/Speech.framework/Speech.tbd
_$s6Speech22NormalizingTranscriberC31availableCompatibleAudioFormatsSaySo13AVAudioFormatCGvgTu	System/Library/Frameworks/Speech.framework/Speech.tbd
_$s6Speech22NormalizingTranscriberC31availableCompatibleAudioFormatsSaySo13AVAudioFormatCGvpMV	System/Library/Frameworks/Speech.framework/Speech.tbd
_$s6Speech22NormalizingTranscriberC6PresetV12contentHints16reportingOptions09attributeH0AEShyAC11ContentHintVG_ShyAC15ReportingOptionOGShyAC015ResultAttributeM0OGtcfC	System/Library/Frameworks/Speech.framework/Speech.tbd
_$s6Speech22NormalizingTranscriberC6PresetV12contentHints20transcriptionOptions09reportingH009attributeH0AEShyAC11ContentHintVG_ShyAC19TranscriptionOptionOGShyAC09ReportingN0OGShyAC015ResultAttributeN0OGtcfC	System/Library/Frameworks/Speech.framework/Speech.tbd
_$s6Speech22NormalizingTranscriberC6PresetV12contentHintsShyAC11ContentHintVGvM	System/Library/Frameworks/Speech.framework/Speech.tbd
_$s6Speech22NormalizingTranscriberC6PresetV12contentHintsShyAC11ContentHintVGvg	System/Library/Frameworks/Speech.framework/Speech.tbd
_$s6Speech22NormalizingTranscriberC6PresetV12contentHintsShyAC11ContentHintVGvpMV	System/Library/Frameworks/Speech.framework/Speech.tbd
_$s6Speech22NormalizingTranscriberC6PresetV12contentHintsShyAC11ContentHintVGvs	System/Library/Frameworks/Speech.framework/Speech.tbd
_$s6Speech22NormalizingTranscriberC6PresetV16attributeOptionsShyAC21ResultAttributeOptionOGvM	System/Library/Frameworks/Speech.framework/Speech.tbd
_$s6Speech22NormalizingTranscriberC6PresetV16attributeOptionsShyAC21ResultAttributeOptionOGvg	System/Library/Frameworks/Speech.framework/Speech.tbd
_$s6Speech22NormalizingTranscriberC6PresetV16attributeOptionsShyAC21ResultAttributeOptionOGvpMV	System/Library/Frameworks/Speech.framework/Speech.tbd
_$s6Speech22NormalizingTranscriberC6PresetV16attributeOptionsShyAC21ResultAttributeOptionOGvs	System/Library/Frameworks/Speech.framework/Speech.tbd
_$s6Speech22NormalizingTranscriberC6PresetV16reportingOptionsShyAC15ReportingOptionOGvM	System/Library/Frameworks/Speech.framework/Speech.tbd
_$s6Speech22NormalizingTranscriberC6PresetV16reportingOptionsShyAC15ReportingOptionOGvg	System/Library/Frameworks/Speech.framework/Speech.tbd
_$s6Speech22NormalizingTranscriberC6PresetV16reportingOptionsShyAC15ReportingOptionOGvpMV	System/Library/Frameworks/Speech.framework/Speech.tbd
_$s6Speech22NormalizingTranscriberC6PresetV16reportingOptionsShyAC15ReportingOptionOGvs	System/Library/Frameworks/Speech.framework/Speech.tbd
_$s6Speech22NormalizingTranscriberC6PresetV20transcriptionOptionsShyAC19TranscriptionOptionOGvM	System/Library/Frameworks/Speech.framework/Speech.tbd
_$s6Speech22NormalizingTranscriberC6PresetV20transcriptionOptionsShyAC19TranscriptionOptionOGvg	System/Library/Frameworks/Speech.framework/Speech.tbd
_$s6Speech22NormalizingTranscriberC6PresetV20transcriptionOptionsShyAC19TranscriptionOptionOGvpMV	System/Library/Frameworks/Speech.framework/Speech.tbd
_$s6Speech22NormalizingTranscriberC6PresetV20transcriptionOptionsShyAC19TranscriptionOptionOGvs	System/Library/Frameworks/Speech.framework/Speech.tbd
_$s6Speech22NormalizingTranscriberC6PresetV24progressiveTranscriptionAEvgZ	System/Library/Frameworks/Speech.framework/Speech.tbd
_$s6Speech22NormalizingTranscriberC6PresetV24progressiveTranscriptionAEvpZMV	System/Library/Frameworks/Speech.framework/Speech.tbd
_$s6Speech22NormalizingTranscriberC6PresetV2eeoiySbAE_AEtFZ	System/Library/Frameworks/Speech.framework/Speech.tbd
_$s6Speech22NormalizingTranscriberC6PresetV4hash4intoys6HasherVz_tF	System/Library/Frameworks/Speech.framework/Speech.tbd
_$s6Speech22NormalizingTranscriberC6PresetV8researchAEvgZ	System/Library/Frameworks/Speech.framework/Speech.tbd
_$s6Speech22NormalizingTranscriberC6PresetV8researchAEvpZMV	System/Library/Frameworks/Speech.framework/Speech.tbd
_$s6Speech22NormalizingTranscriberC6PresetV9hashValueSivg	System/Library/Frameworks/Speech.framework/Speech.tbd
_$s6Speech22NormalizingTranscriberC6PresetV9hashValueSivpMV	System/Library/Frameworks/Speech.framework/Speech.tbd
_$s6Speech22NormalizingTranscriberC6PresetVMa	System/Library/Frameworks/Speech.framework/Speech.tbd
_$s6Speech22NormalizingTranscriberC6PresetVMn	System/Library/Frameworks/Speech.framework/Speech.tbd
_$s6Speech22NormalizingTranscriberC6PresetVN	System/Library/Frameworks/Speech.framework/Speech.tbd
_$s6Speech22NormalizingTranscriberC6PresetVSHAAMc	System/Library/Frameworks/Speech.framework/Speech.tbd
_$s6Speech22NormalizingTranscriberC6PresetVSQAAMc	System/Library/Frameworks/Speech.framework/Speech.tbd
_$s6Speech22NormalizingTranscriberC6ResultV11descriptionSSvg	System/Library/Frameworks/Speech.framework/Speech.tbd
_$s6Speech22NormalizingTranscriberC6ResultV11descriptionSSvpMV	System/Library/Frameworks/Speech.framework/Speech.tbd
_$s6Speech22NormalizingTranscriberC6ResultV12alternativesSay10Foundation16AttributedStringVGvg	System/Library/Frameworks/Speech.framework/Speech.tbd
_$s6Speech22NormalizingTranscriberC6ResultV12alternativesSay10Foundation16AttributedStringVGvpMV	System/Library/Frameworks/Speech.framework/Speech.tbd
_$s6Speech22NormalizingTranscriberC6ResultV23resultsFinalizationTimeSo6CMTimeavg	System/Library/Frameworks/Speech.framework/Speech.tbd
_$s6Speech22NormalizingTranscriberC6ResultV23resultsFinalizationTimeSo6CMTimeavpMV	System/Library/Frameworks/Speech.framework/Speech.tbd
_$s6Speech22NormalizingTranscriberC6ResultV2eeoiySbAE_AEtFZ	System/Library/Frameworks/Speech.framework/Speech.tbd
_$s6Speech22NormalizingTranscriberC6ResultV4hash4intoys6HasherVz_tF	System/Library/Frameworks/Speech.framework/Speech.tbd
_$s6Speech22NormalizingTranscriberC6ResultV4text10Foundation16AttributedStringVvg	System/Library/Frameworks/Speech.framework/Speech.tbd
_$s6Speech22NormalizingTranscriberC6ResultV4text10Foundation16AttributedStringVvpMV	System/Library/Frameworks/Speech.framework/Speech.tbd
_$s6Speech22NormalizingTranscriberC6ResultV5rangeSo11CMTimeRangeavg	System/Library/Frameworks/Speech.framework/Speech.tbd
_$s6Speech22NormalizingTranscriberC6ResultV5rangeSo11CMTimeRangeavpMV	System/Library/Frameworks/Speech.framework/Speech.tbd
_$s6Speech22NormalizingTranscriberC6ResultV9hashValueSivg	System/Library/Frameworks/Speech.framework/Speech.tbd
_$s6Speech22NormalizingTranscriberC6ResultV9hashValueSivpMV	System/Library/Frameworks/Speech.framework/Speech.tbd
_$s6Speech22NormalizingTranscriberC6ResultVAA0a6ModuleD0AAMc	System/Library/Frameworks/Speech.framework/Speech.tbd
_$s6Speech22NormalizingTranscriberC6ResultVAA0a6ModuleD0AAWP	System/Library/Frameworks/Speech.framework/Speech.tbd
_$s6Speech22NormalizingTranscriberC6ResultVMa	System/Library/Frameworks/Speech.framework/Speech.tbd
_$s6Speech22NormalizingTranscriberC6ResultVMn	System/Library/Frameworks/Speech.framework/Speech.tbd
_$s6Speech22NormalizingTranscriberC6ResultVN	System/Library/Frameworks/Speech.framework/Speech.tbd
_$s6Speech22NormalizingTranscriberC6ResultVSHAAMc	System/Library/Frameworks/Speech.framework/Speech.tbd
_$s6Speech22NormalizingTranscriberC6ResultVSQAAMc	System/Library/Frameworks/Speech.framework/Speech.tbd
_$s6Speech22NormalizingTranscriberC6ResultVs23CustomStringConvertibleAAMc	System/Library/Frameworks/Speech.framework/Speech.tbd
_$s6Speech22NormalizingTranscriberC6locale12contentHints12modelOptions013transcriptionH009reportingH009attributeH0AC10Foundation6LocaleV_ShyAC11ContentHintVGAC05ModelH0VShyAC19TranscriptionOptionOGShyAC09ReportingR0OGShyAC015ResultAttributeR0OGtcfC	System/Library/Frameworks/Speech.framework/Speech.tbd
_$s6Speech22NormalizingTranscriberC6locale12contentHints12modelOptions013transcriptionH009reportingH009attributeH0AC10Foundation6LocaleV_ShyAC11ContentHintVGAC05ModelH0VShyAC19TranscriptionOptionOGShyAC09ReportingR0OGShyAC015ResultAttributeR0OGtcfCTj	System/Library/Frameworks/Speech.framework/Speech.tbd
_$s6Speech22NormalizingTranscriberC6locale12contentHints12modelOptions013transcriptionH009reportingH009attributeH0AC10Foundation6LocaleV_ShyAC11ContentHintVGAC05ModelH0VShyAC19TranscriptionOptionOGShyAC09ReportingR0OGShyAC015ResultAttributeR0OGtcfCTq	System/Library/Frameworks/Speech.framework/Speech.tbd
_$s6Speech22NormalizingTranscriberC6locale12contentHints12modelOptions013transcriptionH009reportingH009attributeH0AC10Foundation6LocaleV_ShyAC11ContentHintVGAC05ModelH0VShyAC19TranscriptionOptionOGShyAC09ReportingR0OGShyAC015ResultAttributeR0OGtcfc	System/Library/Frameworks/Speech.framework/Speech.tbd
_$s6Speech22NormalizingTranscriberC6locale12contentHints16reportingOptions09attributeH0AC10Foundation6LocaleV_ShyAC11ContentHintVGShyAC15ReportingOptionOGShyAC015ResultAttributeO0OGtcfC	System/Library/Frameworks/Speech.framework/Speech.tbd
_$s6Speech22NormalizingTranscriberC6locale12contentHints16reportingOptions09attributeH0AC10Foundation6LocaleV_ShyAC11ContentHintVGShyAC15ReportingOptionOGShyAC015ResultAttributeO0OGtcfc	System/Library/Frameworks/Speech.framework/Speech.tbd
_$s6Speech22NormalizingTranscriberC6locale6presetAC10Foundation6LocaleV_AC6PresetVtcfC	System/Library/Frameworks/Speech.framework/Speech.tbd
_$s6Speech22NormalizingTranscriberC6locale6presetAC10Foundation6LocaleV_AC6PresetVtcfc	System/Library/Frameworks/Speech.framework/Speech.tbd
_$s6Speech22NormalizingTranscriberC7resultsQrvg	System/Library/Frameworks/Speech.framework/Speech.tbd
_$s6Speech22NormalizingTranscriberC7resultsQrvpMV	System/Library/Frameworks/Speech.framework/Speech.tbd
_$s6Speech22NormalizingTranscriberC7resultsQrvpQOMQ	System/Library/Frameworks/Speech.framework/Speech.tbd
_$s6Speech22NormalizingTranscriberCAA015LocaleDependentA6ModuleAAMc	System/Library/Frameworks/Speech.framework/Speech.tbd
_$s6Speech22NormalizingTranscriberCAA015LocaleDependentA6ModuleAAWP	System/Library/Frameworks/Speech.framework/Speech.tbd
_$s6Speech22NormalizingTranscriberCAA0A6ModuleAAMc	System/Library/Frameworks/Speech.framework/Speech.tbd
_$s6Speech22NormalizingTranscriberCAA0A6ModuleAAWP	System/Library/Frameworks/Speech.framework/Speech.tbd
_$s6Speech22NormalizingTranscriberCMa	System/Library/Frameworks/Speech.framework/Speech.tbd
_$s6Speech22NormalizingTranscriberCMm	System/Library/Frameworks/Speech.framework/Speech.tbd
_$s6Speech22NormalizingTranscriberCMn	System/Library/Frameworks/Speech.framework/Speech.tbd
_$s6Speech22NormalizingTranscriberCMo	System/Library/Frameworks/Speech.framework/Speech.tbd
_$s6Speech22NormalizingTranscriberCMu	System/Library/Frameworks/Speech.framework/Speech.tbd
_$s6Speech22NormalizingTranscriberCN	System/Library/Frameworks/Speech.framework/Speech.tbd
_$s6Speech22NormalizingTranscriberCfD	System/Library/Frameworks/Speech.framework/Speech.tbd
_$s6Speech22NormalizingTranscriberCfd	System/Library/Frameworks/Speech.framework/Speech.tbd
_$s6Speech22TranscriptionEvaluatorC15unownedExecutorScevg	System/Library/Frameworks/Speech.framework/Speech.tbd
_$s6Speech22TranscriptionEvaluatorC15unownedExecutorScevpMV	System/Library/Frameworks/Speech.framework/Speech.tbd
_$s6Speech22TranscriptionEvaluatorC23evaluateMessagesContext_14recognizedText09correctedH05asrID17speechProfilePathySaySDySSSaySSGGG_S2S10Foundation4UUIDVSSSgtYaKFTj	System/Library/Frameworks/Speech.framework/Speech.tbd
_$s6Speech22TranscriptionEvaluatorC23evaluateMessagesContext_14recognizedText09correctedH05asrID17speechProfilePathySaySDySSSaySSGGG_S2S10Foundation4UUIDVSSSgtYaKFTjTu	System/Library/Frameworks/Speech.framework/Speech.tbd
_$s6Speech22TranscriptionEvaluatorC23evaluateMessagesContext_14recognizedText09correctedH05asrID17speechProfilePathySaySDySSSaySSGGG_S2S10Foundation4UUIDVSSSgtYaKFTq	System/Library/Frameworks/Speech.framework/Speech.tbd
_$s6Speech22TranscriptionEvaluatorCACycfC	System/Library/Frameworks/Speech.framework/Speech.tbd
_$s6Speech22TranscriptionEvaluatorCACycfCTj	System/Library/Frameworks/Speech.framework/Speech.tbd
_$s6Speech22TranscriptionEvaluatorCACycfCTq	System/Library/Frameworks/Speech.framework/Speech.tbd
_$s6Speech22TranscriptionEvaluatorCACycfc	System/Library/Frameworks/Speech.framework/Speech.tbd
_$s6Speech22TranscriptionEvaluatorCMa	System/Library/Frameworks/Speech.framework/Speech.tbd
_$s6Speech22TranscriptionEvaluatorCMm	System/Library/Frameworks/Speech.framework/Speech.tbd
_$s6Speech22TranscriptionEvaluatorCMn	System/Library/Frameworks/Speech.framework/Speech.tbd
_$s6Speech22TranscriptionEvaluatorCMo	System/Library/Frameworks/Speech.framework/Speech.tbd
_$s6Speech22TranscriptionEvaluatorCMu	System/Library/Frameworks/Speech.framework/Speech.tbd
_$s6Speech22TranscriptionEvaluatorCN	System/Library/Frameworks/Speech.framework/Speech.tbd
_$s6Speech22TranscriptionEvaluatorCScAAAMc	System/Library/Frameworks/Speech.framework/Speech.tbd
_$s6Speech22TranscriptionEvaluatorCfD	System/Library/Frameworks/Speech.framework/Speech.tbd
_$s6Speech22TranscriptionEvaluatorCfd	System/Library/Frameworks/Speech.framework/Speech.tbd
_$s6Speech23LanguageDetectorOptionsV16alternativeCountSuvg	System/Library/Frameworks/Speech.framework/Speech.tbd
_$s6Speech23LanguageDetectorOptionsV16alternativeCountSuvpMV	System/Library/Frameworks/Speech.framework/Speech.tbd
_$s6Speech23LanguageDetectorOptionsV19languageConstraints16alternativeCount24resultReportingFrequency6useVADACSay10Foundation6LocaleVGSg_SuAA0bc6ResultjK0OSbtcfC	System/Library/Frameworks/Speech.framework/Speech.tbd
_$s6Speech23LanguageDetectorOptionsV19languageConstraints16alternativeCount24resultReportingFrequencyACSay10Foundation6LocaleVGSg_SuAA0bc6ResultjK0OtcfC	System/Library/Frameworks/Speech.framework/Speech.tbd
_$s6Speech23LanguageDetectorOptionsV19languageConstraints16alternativeCountACSay10Foundation6LocaleVGSg_SutcfC	System/Library/Frameworks/Speech.framework/Speech.tbd
_$s6Speech23LanguageDetectorOptionsV19languageConstraintsSay10Foundation6LocaleVGSgvg	System/Library/Frameworks/Speech.framework/Speech.tbd
_$s6Speech23LanguageDetectorOptionsV19languageConstraintsSay10Foundation6LocaleVGSgvpMV	System/Library/Frameworks/Speech.framework/Speech.tbd
_$s6Speech23LanguageDetectorOptionsV24resultReportingFrequencyAA0bc6ResultfG0Ovg	System/Library/Frameworks/Speech.framework/Speech.tbd
_$s6Speech23LanguageDetectorOptionsV24resultReportingFrequencyAA0bc6ResultfG0OvpMV	System/Library/Frameworks/Speech.framework/Speech.tbd
_$s6Speech23LanguageDetectorOptionsV2eeoiySbAC_ACtFZ	System/Library/Frameworks/Speech.framework/Speech.tbd
_$s6Speech23LanguageDetectorOptionsV4hash4intoys6HasherVz_tF	System/Library/Frameworks/Speech.framework/Speech.tbd
_$s6Speech23LanguageDetectorOptionsV6useVADSbvg	System/Library/Frameworks/Speech.framework/Speech.tbd
_$s6Speech23LanguageDetectorOptionsV6useVADSbvpMV	System/Library/Frameworks/Speech.framework/Speech.tbd
_$s6Speech23LanguageDetectorOptionsV9hashValueSivg	System/Library/Frameworks/Speech.framework/Speech.tbd
_$s6Speech23LanguageDetectorOptionsV9hashValueSivpMV	System/Library/Frameworks/Speech.framework/Speech.tbd
_$s6Speech23LanguageDetectorOptionsVMa	System/Library/Frameworks/Speech.framework/Speech.tbd
_$s6Speech23LanguageDetectorOptionsVMn	System/Library/Frameworks/Speech.framework/Speech.tbd
_$s6Speech23LanguageDetectorOptionsVN	System/Library/Frameworks/Speech.framework/Speech.tbd
_$s6Speech23LanguageDetectorOptionsVSHAAMc	System/Library/Frameworks/Speech.framework/Speech.tbd
_$s6Speech23LanguageDetectorOptionsVSQAAMc	System/Library/Frameworks/Speech.framework/Speech.tbd
_$s6Speech23WordErrorRateCalculatorC04wordcD0SdvgTj	System/Library/Frameworks/Speech.framework/Speech.tbd
_$s6Speech23WordErrorRateCalculatorC04wordcD0SdvgTq	System/Library/Frameworks/Speech.framework/Speech.tbd
_$s6Speech23WordErrorRateCalculatorC04wordcD0SdvpMV	System/Library/Frameworks/Speech.framework/Speech.tbd
_$s6Speech23WordErrorRateCalculatorC11splitString5value6localeSaySSGSS_10Foundation6LocaleVtFZ	System/Library/Frameworks/Speech.framework/Speech.tbd
_$s6Speech23WordErrorRateCalculatorC12editCommandsSaySSGvgTj	System/Library/Frameworks/Speech.framework/Speech.tbd
_$s6Speech23WordErrorRateCalculatorC12editCommandsSaySSGvgTq	System/Library/Frameworks/Speech.framework/Speech.tbd
_$s6Speech23WordErrorRateCalculatorC12editCommandsSaySSGvpMV	System/Library/Frameworks/Speech.framework/Speech.tbd
_$s6Speech23WordErrorRateCalculatorC15minEditDistanceSivgTj	System/Library/Frameworks/Speech.framework/Speech.tbd
_$s6Speech23WordErrorRateCalculatorC15minEditDistanceSivgTq	System/Library/Frameworks/Speech.framework/Speech.tbd
_$s6Speech23WordErrorRateCalculatorC15minEditDistanceSivpMV	System/Library/Frameworks/Speech.framework/Speech.tbd
_$s6Speech23WordErrorRateCalculatorC9reference10hypothesis6locale16substitutionCost09insertionJ008deletionJ0ACSS_SS10Foundation6LocaleVS3itcfC	System/Library/Frameworks/Speech.framework/Speech.tbd
_$s6Speech23WordErrorRateCalculatorC9reference10hypothesis6locale16substitutionCost09insertionJ008deletionJ0ACSS_SS10Foundation6LocaleVS3itcfCTj	System/Library/Frameworks/Speech.framework/Speech.tbd
_$s6Speech23WordErrorRateCalculatorC9reference10hypothesis6locale16substitutionCost09insertionJ008deletionJ0ACSS_SS10Foundation6LocaleVS3itcfCTq	System/Library/Frameworks/Speech.framework/Speech.tbd
_$s6Speech23WordErrorRateCalculatorC9reference10hypothesis6locale16substitutionCost09insertionJ008deletionJ0ACSS_SS10Foundation6LocaleVS3itcfc	System/Library/Frameworks/Speech.framework/Speech.tbd
_$s6Speech23WordErrorRateCalculatorCMa	System/Library/Frameworks/Speech.framework/Speech.tbd
_$s6Speech23WordErrorRateCalculatorCMm	System/Library/Frameworks/Speech.framework/Speech.tbd
_$s6Speech23WordErrorRateCalculatorCMn	System/Library/Frameworks/Speech.framework/Speech.tbd
_$s6Speech23WordErrorRateCalculatorCMo	System/Library/Frameworks/Speech.framework/Speech.tbd
_$s6Speech23WordErrorRateCalculatorCMu	System/Library/Frameworks/Speech.framework/Speech.tbd
_$s6Speech23WordErrorRateCalculatorCN	System/Library/Frameworks/Speech.framework/Speech.tbd
_$s6Speech23WordErrorRateCalculatorCfD	System/Library/Frameworks/Speech.framework/Speech.tbd
_$s6Speech23WordErrorRateCalculatorCfd	System/Library/Frameworks/Speech.framework/Speech.tbd
_$s6Speech24AssetInstallationRequestC18downloadAndInstallyyYaKF	System/Library/Frameworks/Speech.framework/Speech.tbd
_$s6Speech24AssetInstallationRequestC18downloadAndInstallyyYaKFTu	System/Library/Frameworks/Speech.framework/Speech.tbd
_$s6Speech24AssetInstallationRequestC8progressSo10NSProgressCvg	System/Library/Frameworks/Speech.framework/Speech.tbd
_$s6Speech24AssetInstallationRequestC8progressSo10NSProgressCvpMV	System/Library/Frameworks/Speech.framework/Speech.tbd
_$s6Speech24AssetInstallationRequestCACycfC	System/Library/Frameworks/Speech.framework/Speech.tbd
_$s6Speech24AssetInstallationRequestCACycfc	System/Library/Frameworks/Speech.framework/Speech.tbd
_$s6Speech24AssetInstallationRequestCMa	System/Library/Frameworks/Speech.framework/Speech.tbd
_$s6Speech24AssetInstallationRequestCMn	System/Library/Frameworks/Speech.framework/Speech.tbd
_$s6Speech24AssetInstallationRequestCMo	System/Library/Frameworks/Speech.framework/Speech.tbd
_$s6Speech24AssetInstallationRequestCMu	System/Library/Frameworks/Speech.framework/Speech.tbd
_$s6Speech24AssetInstallationRequestCN	System/Library/Frameworks/Speech.framework/Speech.tbd
_$s6Speech24AssetInstallationRequestCfD	System/Library/Frameworks/Speech.framework/Speech.tbd
_$s6Speech25AssetsInstallationRequestC18downloadAndInstallyyYaKF	System/Library/Frameworks/Speech.framework/Speech.tbd
_$s6Speech25AssetsInstallationRequestC18downloadAndInstallyyYaKFTu	System/Library/Frameworks/Speech.framework/Speech.tbd
_$s6Speech25AssetsInstallationRequestC8progressSo10NSProgressCvg	System/Library/Frameworks/Speech.framework/Speech.tbd
_$s6Speech25AssetsInstallationRequestC8progressSo10NSProgressCvpMV	System/Library/Frameworks/Speech.framework/Speech.tbd
_$s6Speech25AssetsInstallationRequestCACycfC	System/Library/Frameworks/Speech.framework/Speech.tbd
_$s6Speech25AssetsInstallationRequestCACycfc	System/Library/Frameworks/Speech.framework/Speech.tbd
_$s6Speech25AssetsInstallationRequestCMa	System/Library/Frameworks/Speech.framework/Speech.tbd
_$s6Speech25AssetsInstallationRequestCMn	System/Library/Frameworks/Speech.framework/Speech.tbd
_$s6Speech25AssetsInstallationRequestCMo	System/Library/Frameworks/Speech.framework/Speech.tbd
_$s6Speech25AssetsInstallationRequestCMu	System/Library/Frameworks/Speech.framework/Speech.tbd
_$s6Speech25AssetsInstallationRequestCN	System/Library/Frameworks/Speech.framework/Speech.tbd
_$s6Speech25AssetsInstallationRequestCfD	System/Library/Frameworks/Speech.framework/Speech.tbd
_$s6Speech25SFCustomLanguageModelDataC0E17InsertableBuilderV10buildArrayyAA0eF0_pSayAaG_pGFZ	System/Library/Frameworks/Speech.framework/Speech.tbd
_$s6Speech25SFCustomLanguageModelDataC0E17InsertableBuilderV10buildBlockyAA0eF0_pAaG_pd_tFZ	System/Library/Frameworks/Speech.framework/Speech.tbd
_$s6Speech25SFCustomLanguageModelDataC0E17InsertableBuilderV11buildEither5firstAA0eF0_pAaH_p_tFZ	System/Library/Frameworks/Speech.framework/Speech.tbd
_$s6Speech25SFCustomLanguageModelDataC0E17InsertableBuilderV11buildEither6secondAA0eF0_pAaH_p_tFZ	System/Library/Frameworks/Speech.framework/Speech.tbd
_$s6Speech25SFCustomLanguageModelDataC0E17InsertableBuilderV13buildOptionalyAA0eF0_pAaG_pSgFZ	System/Library/Frameworks/Speech.framework/Speech.tbd
_$s6Speech25SFCustomLanguageModelDataC0E17InsertableBuilderVMa	System/Library/Frameworks/Speech.framework/Speech.tbd
_$s6Speech25SFCustomLanguageModelDataC0E17InsertableBuilderVMn	System/Library/Frameworks/Speech.framework/Speech.tbd
_$s6Speech25SFCustomLanguageModelDataC0E17InsertableBuilderVN	System/Library/Frameworks/Speech.framework/Speech.tbd
_$s6Speech25SFCustomLanguageModelDataC10identifierSSvg	System/Library/Frameworks/Speech.framework/Speech.tbd
_$s6Speech25SFCustomLanguageModelDataC10identifierSSvpMV	System/Library/Frameworks/Speech.framework/Speech.tbd
_$s6Speech25SFCustomLanguageModelDataC11PhraseCountV11descriptionSSvg	System/Library/Frameworks/Speech.framework/Speech.tbd
_$s6Speech25SFCustomLanguageModelDataC11PhraseCountV11descriptionSSvpMV	System/Library/Frameworks/Speech.framework/Speech.tbd
_$s6Speech25SFCustomLanguageModelDataC11PhraseCountV2eeoiySbAE_AEtFZ	System/Library/Frameworks/Speech.framework/Speech.tbd
_$s6Speech25SFCustomLanguageModelDataC11PhraseCountV4fromAEs7Decoder_p_tKcfC	System/Library/Frameworks/Speech.framework/Speech.tbd
_$s6Speech25SFCustomLanguageModelDataC11PhraseCountV4hash4intoys6HasherVz_tF	System/Library/Frameworks/Speech.framework/Speech.tbd
_$s6Speech25SFCustomLanguageModelDataC11PhraseCountV5countSivg	System/Library/Frameworks/Speech.framework/Speech.tbd
_$s6Speech25SFCustomLanguageModelDataC11PhraseCountV5countSivpMV	System/Library/Frameworks/Speech.framework/Speech.tbd
_$s6Speech25SFCustomLanguageModelDataC11PhraseCountV6encode2toys7Encoder_p_tKF	System/Library/Frameworks/Speech.framework/Speech.tbd
_$s6Speech25SFCustomLanguageModelDataC11PhraseCountV6insert4datayAC_tF	System/Library/Frameworks/Speech.framework/Speech.tbd
_$s6Speech25SFCustomLanguageModelDataC11PhraseCountV6phrase5countAESS_SitcfC	System/Library/Frameworks/Speech.framework/Speech.tbd
_$s6Speech25SFCustomLanguageModelDataC11PhraseCountV6phraseSSvg	System/Library/Frameworks/Speech.framework/Speech.tbd
_$s6Speech25SFCustomLanguageModelDataC11PhraseCountV6phraseSSvpMV	System/Library/Frameworks/Speech.framework/Speech.tbd
_$s6Speech25SFCustomLanguageModelDataC11PhraseCountV9hashValueSivg	System/Library/Frameworks/Speech.framework/Speech.tbd
_$s6Speech25SFCustomLanguageModelDataC11PhraseCountV9hashValueSivpMV	System/Library/Frameworks/Speech.framework/Speech.tbd
_$s6Speech25SFCustomLanguageModelDataC11PhraseCountVAA0E10InsertableAAMc	System/Library/Frameworks/Speech.framework/Speech.tbd
_$s6Speech25SFCustomLanguageModelDataC11PhraseCountVAA0E10InsertableAAWP	System/Library/Frameworks/Speech.framework/Speech.tbd
_$s6Speech25SFCustomLanguageModelDataC11PhraseCountVMa	System/Library/Frameworks/Speech.framework/Speech.tbd
_$s6Speech25SFCustomLanguageModelDataC11PhraseCountVMn	System/Library/Frameworks/Speech.framework/Speech.tbd
_$s6Speech25SFCustomLanguageModelDataC11PhraseCountVN	System/Library/Frameworks/Speech.framework/Speech.tbd
_$s6Speech25SFCustomLanguageModelDataC11PhraseCountVSEAAMc	System/Library/Frameworks/Speech.framework/Speech.tbd
_$s6Speech25SFCustomLanguageModelDataC11PhraseCountVSHAAMc	System/Library/Frameworks/Speech.framework/Speech.tbd
_$s6Speech25SFCustomLanguageModelDataC11PhraseCountVSQAAMc	System/Library/Frameworks/Speech.framework/Speech.tbd
_$s6Speech25SFCustomLanguageModelDataC11PhraseCountVSeAAMc	System/Library/Frameworks/Speech.framework/Speech.tbd
_$s6Speech25SFCustomLanguageModelDataC11PhraseCountVs23CustomStringConvertibleAAMc	System/Library/Frameworks/Speech.framework/Speech.tbd
_$s6Speech25SFCustomLanguageModelDataC16CompoundTemplateV6insert9generatoryAC0G20PhraseCountGeneratorC_tF	System/Library/Frameworks/Speech.framework/Speech.tbd
_$s6Speech25SFCustomLanguageModelDataC16CompoundTemplateVAA0G10InsertableAAMc	System/Library/Frameworks/Speech.framework/Speech.tbd
_$s6Speech25SFCustomLanguageModelDataC16CompoundTemplateVAA0G10InsertableAAWP	System/Library/Frameworks/Speech.framework/Speech.tbd
_$s6Speech25SFCustomLanguageModelDataC16CompoundTemplateVMa	System/Library/Frameworks/Speech.framework/Speech.tbd
_$s6Speech25SFCustomLanguageModelDataC16CompoundTemplateVMn	System/Library/Frameworks/Speech.framework/Speech.tbd
_$s6Speech25SFCustomLanguageModelDataC16CompoundTemplateVN	System/Library/Frameworks/Speech.framework/Speech.tbd
_$s6Speech25SFCustomLanguageModelDataC16CompoundTemplateVyAESayAA0G10Insertable_pGcfC	System/Library/Frameworks/Speech.framework/Speech.tbd
_$s6Speech25SFCustomLanguageModelDataC17supportedPhonemes6localeSaySSG10Foundation6LocaleV_tFZ	System/Library/Frameworks/Speech.framework/Speech.tbd
_$s6Speech25SFCustomLanguageModelDataC19CustomPronunciationV11descriptionSSvg	System/Library/Frameworks/Speech.framework/Speech.tbd
_$s6Speech25SFCustomLanguageModelDataC19CustomPronunciationV11descriptionSSvpMV	System/Library/Frameworks/Speech.framework/Speech.tbd
_$s6Speech25SFCustomLanguageModelDataC19CustomPronunciationV2eeoiySbAE_AEtFZ	System/Library/Frameworks/Speech.framework/Speech.tbd
_$s6Speech25SFCustomLanguageModelDataC19CustomPronunciationV4fromAEs7Decoder_p_tKcfC	System/Library/Frameworks/Speech.framework/Speech.tbd
_$s6Speech25SFCustomLanguageModelDataC19CustomPronunciationV4hash4intoys6HasherVz_tF	System/Library/Frameworks/Speech.framework/Speech.tbd
_$s6Speech25SFCustomLanguageModelDataC19CustomPronunciationV6encode2toys7Encoder_p_tKF	System/Library/Frameworks/Speech.framework/Speech.tbd
_$s6Speech25SFCustomLanguageModelDataC19CustomPronunciationV6insert4datayAC_tF	System/Library/Frameworks/Speech.framework/Speech.tbd
_$s6Speech25SFCustomLanguageModelDataC19CustomPronunciationV8grapheme8phonemesAESS_SaySSGtcfC	System/Library/Frameworks/Speech.framework/Speech.tbd
_$s6Speech25SFCustomLanguageModelDataC19CustomPronunciationV8graphemeSSvg	System/Library/Frameworks/Speech.framework/Speech.tbd
_$s6Speech25SFCustomLanguageModelDataC19CustomPronunciationV8graphemeSSvpMV	System/Library/Frameworks/Speech.framework/Speech.tbd
_$s6Speech25SFCustomLanguageModelDataC19CustomPronunciationV8phonemesSaySSGvg	System/Library/Frameworks/Speech.framework/Speech.tbd
_$s6Speech25SFCustomLanguageModelDataC19CustomPronunciationV8phonemesSaySSGvpMV	System/Library/Frameworks/Speech.framework/Speech.tbd
_$s6Speech25SFCustomLanguageModelDataC19CustomPronunciationV9hashValueSivg	System/Library/Frameworks/Speech.framework/Speech.tbd
_$s6Speech25SFCustomLanguageModelDataC19CustomPronunciationV9hashValueSivpMV	System/Library/Frameworks/Speech.framework/Speech.tbd
_$s6Speech25SFCustomLanguageModelDataC19CustomPronunciationVAA0E10InsertableAAMc	System/Library/Frameworks/Speech.framework/Speech.tbd
_$s6Speech25SFCustomLanguageModelDataC19CustomPronunciationVAA0E10InsertableAAWP	System/Library/Frameworks/Speech.framework/Speech.tbd
_$s6Speech25SFCustomLanguageModelDataC19CustomPronunciationVMa	System/Library/Frameworks/Speech.framework/Speech.tbd
_$s6Speech25SFCustomLanguageModelDataC19CustomPronunciationVMn	System/Library/Frameworks/Speech.framework/Speech.tbd
_$s6Speech25SFCustomLanguageModelDataC19CustomPronunciationVN	System/Library/Frameworks/Speech.framework/Speech.tbd
_$s6Speech25SFCustomLanguageModelDataC19CustomPronunciationVSEAAMc	System/Library/Frameworks/Speech.framework/Speech.tbd
_$s6Speech25SFCustomLanguageModelDataC19CustomPronunciationVSHAAMc	System/Library/Frameworks/Speech.framework/Speech.tbd
_$s6Speech25SFCustomLanguageModelDataC19CustomPronunciationVSQAAMc	System/Library/Frameworks/Speech.framework/Speech.tbd
_$s6Speech25SFCustomLanguageModelDataC19CustomPronunciationVSeAAMc	System/Library/Frameworks/Speech.framework/Speech.tbd
_$s6Speech25SFCustomLanguageModelDataC19CustomPronunciationVs0F17StringConvertibleAAMc	System/Library/Frameworks/Speech.framework/Speech.tbd
_$s6Speech25SFCustomLanguageModelDataC20PhraseCountGeneratorC17makeAsyncIteratorAE0K0CyFTj	System/Library/Frameworks/Speech.framework/Speech.tbd
_$s6Speech25SFCustomLanguageModelDataC20PhraseCountGeneratorC17makeAsyncIteratorAE0K0CyFTq	System/Library/Frameworks/Speech.framework/Speech.tbd
_$s6Speech25SFCustomLanguageModelDataC20PhraseCountGeneratorC2eeoiySbAE_AEtFZ	System/Library/Frameworks/Speech.framework/Speech.tbd
_$s6Speech25SFCustomLanguageModelDataC20PhraseCountGeneratorC4fromAEs7Decoder_p_tKcfC	System/Library/Frameworks/Speech.framework/Speech.tbd
_$s6Speech25SFCustomLanguageModelDataC20PhraseCountGeneratorC4fromAEs7Decoder_p_tKcfCTj	System/Library/Frameworks/Speech.framework/Speech.tbd
_$s6Speech25SFCustomLanguageModelDataC20PhraseCountGeneratorC4fromAEs7Decoder_p_tKcfCTq	System/Library/Frameworks/Speech.framework/Speech.tbd
_$s6Speech25SFCustomLanguageModelDataC20PhraseCountGeneratorC4fromAEs7Decoder_p_tKcfc	System/Library/Frameworks/Speech.framework/Speech.tbd
_$s6Speech25SFCustomLanguageModelDataC20PhraseCountGeneratorC4hash4intoys6HasherVz_tFTj	System/Library/Frameworks/Speech.framework/Speech.tbd
_$s6Speech25SFCustomLanguageModelDataC20PhraseCountGeneratorC4hash4intoys6HasherVz_tFTq	System/Library/Frameworks/Speech.framework/Speech.tbd
_$s6Speech25SFCustomLanguageModelDataC20PhraseCountGeneratorC6encode2toys7Encoder_p_tKFTj	System/Library/Frameworks/Speech.framework/Speech.tbd
_$s6Speech25SFCustomLanguageModelDataC20PhraseCountGeneratorC6encode2toys7Encoder_p_tKFTq	System/Library/Frameworks/Speech.framework/Speech.tbd
_$s6Speech25SFCustomLanguageModelDataC20PhraseCountGeneratorC6insert4datayAC_tFTj	System/Library/Frameworks/Speech.framework/Speech.tbd
_$s6Speech25SFCustomLanguageModelDataC20PhraseCountGeneratorC6insert4datayAC_tFTq	System/Library/Frameworks/Speech.framework/Speech.tbd
_$s6Speech25SFCustomLanguageModelDataC20PhraseCountGeneratorC8IteratorC4nextAC0fG0VSgyYaKFTj	System/Library/Frameworks/Speech.framework/Speech.tbd
_$s6Speech25SFCustomLanguageModelDataC20PhraseCountGeneratorC8IteratorC4nextAC0fG0VSgyYaKFTjTu	System/Library/Frameworks/Speech.framework/Speech.tbd
_$s6Speech25SFCustomLanguageModelDataC20PhraseCountGeneratorC8IteratorC4nextAC0fG0VSgyYaKFTq	System/Library/Frameworks/Speech.framework/Speech.tbd
_$s6Speech25SFCustomLanguageModelDataC20PhraseCountGeneratorC8IteratorCMa	System/Library/Frameworks/Speech.framework/Speech.tbd
_$s6Speech25SFCustomLanguageModelDataC20PhraseCountGeneratorC8IteratorCMm	System/Library/Frameworks/Speech.framework/Speech.tbd
_$s6Speech25SFCustomLanguageModelDataC20PhraseCountGeneratorC8IteratorCMn	System/Library/Frameworks/Speech.framework/Speech.tbd
_$s6Speech25SFCustomLanguageModelDataC20PhraseCountGeneratorC8IteratorCMo	System/Library/Frameworks/Speech.framework/Speech.tbd
_$s6Speech25SFCustomLanguageModelDataC20PhraseCountGeneratorC8IteratorCMu	System/Library/Frameworks/Speech.framework/Speech.tbd
_$s6Speech25SFCustomLanguageModelDataC20PhraseCountGeneratorC8IteratorCN	System/Library/Frameworks/Speech.framework/Speech.tbd
_$s6Speech25SFCustomLanguageModelDataC20PhraseCountGeneratorC8IteratorCScIAAMc	System/Library/Frameworks/Speech.framework/Speech.tbd
_$s6Speech25SFCustomLanguageModelDataC20PhraseCountGeneratorC8IteratorCfD	System/Library/Frameworks/Speech.framework/Speech.tbd
_$s6Speech25SFCustomLanguageModelDataC20PhraseCountGeneratorC8IteratorCfd	System/Library/Frameworks/Speech.framework/Speech.tbd
_$s6Speech25SFCustomLanguageModelDataC20PhraseCountGeneratorC9hashValueSivgTj	System/Library/Frameworks/Speech.framework/Speech.tbd
_$s6Speech25SFCustomLanguageModelDataC20PhraseCountGeneratorC9hashValueSivgTq	System/Library/Frameworks/Speech.framework/Speech.tbd
_$s6Speech25SFCustomLanguageModelDataC20PhraseCountGeneratorC9hashValueSivpMV	System/Library/Frameworks/Speech.framework/Speech.tbd
_$s6Speech25SFCustomLanguageModelDataC20PhraseCountGeneratorCAA0E10InsertableAAMc	System/Library/Frameworks/Speech.framework/Speech.tbd
_$s6Speech25SFCustomLanguageModelDataC20PhraseCountGeneratorCAA0E10InsertableAAWP	System/Library/Frameworks/Speech.framework/Speech.tbd
_$s6Speech25SFCustomLanguageModelDataC20PhraseCountGeneratorCAEycfC	System/Library/Frameworks/Speech.framework/Speech.tbd
_$s6Speech25SFCustomLanguageModelDataC20PhraseCountGeneratorCAEycfCTj	System/Library/Frameworks/Speech.framework/Speech.tbd
_$s6Speech25SFCustomLanguageModelDataC20PhraseCountGeneratorCAEycfCTq	System/Library/Frameworks/Speech.framework/Speech.tbd
_$s6Speech25SFCustomLanguageModelDataC20PhraseCountGeneratorCAEycfc	System/Library/Frameworks/Speech.framework/Speech.tbd
_$s6Speech25SFCustomLanguageModelDataC20PhraseCountGeneratorCMa	System/Library/Frameworks/Speech.framework/Speech.tbd
_$s6Speech25SFCustomLanguageModelDataC20PhraseCountGeneratorCMm	System/Library/Frameworks/Speech.framework/Speech.tbd
_$s6Speech25SFCustomLanguageModelDataC20PhraseCountGeneratorCMn	System/Library/Frameworks/Speech.framework/Speech.tbd
_$s6Speech25SFCustomLanguageModelDataC20PhraseCountGeneratorCMo	System/Library/Frameworks/Speech.framework/Speech.tbd
_$s6Speech25SFCustomLanguageModelDataC20PhraseCountGeneratorCMu	System/Library/Frameworks/Speech.framework/Speech.tbd
_$s6Speech25SFCustomLanguageModelDataC20PhraseCountGeneratorCN	System/Library/Frameworks/Speech.framework/Speech.tbd
_$s6Speech25SFCustomLanguageModelDataC20PhraseCountGeneratorCSEAAMc	System/Library/Frameworks/Speech.framework/Speech.tbd
_$s6Speech25SFCustomLanguageModelDataC20PhraseCountGeneratorCSHAAMc	System/Library/Frameworks/Speech.framework/Speech.tbd
_$s6Speech25SFCustomLanguageModelDataC20PhraseCountGeneratorCSQAAMc	System/Library/Frameworks/Speech.framework/Speech.tbd
_$s6Speech25SFCustomLanguageModelDataC20PhraseCountGeneratorCSciAAMc	System/Library/Frameworks/Speech.framework/Speech.tbd
_$s6Speech25SFCustomLanguageModelDataC20PhraseCountGeneratorCSeAAMc	System/Library/Frameworks/Speech.framework/Speech.tbd
_$s6Speech25SFCustomLanguageModelDataC20PhraseCountGeneratorCfD	System/Library/Frameworks/Speech.framework/Speech.tbd
_$s6Speech25SFCustomLanguageModelDataC20PhraseCountGeneratorCfd	System/Library/Frameworks/Speech.framework/Speech.tbd
_$s6Speech25SFCustomLanguageModelDataC25PhraseCountsFromTemplatesV6insert4datayAC_tF	System/Library/Frameworks/Speech.framework/Speech.tbd
_$s6Speech25SFCustomLanguageModelDataC25PhraseCountsFromTemplatesV7classes7builderAESDySSSaySSGG_AA18TemplateInsertable_pyXEtcfC	System/Library/Frameworks/Speech.framework/Speech.tbd
_$s6Speech25SFCustomLanguageModelDataC25PhraseCountsFromTemplatesVAA0E10InsertableAAMc	System/Library/Frameworks/Speech.framework/Speech.tbd
_$s6Speech25SFCustomLanguageModelDataC25PhraseCountsFromTemplatesVAA0E10InsertableAAWP	System/Library/Frameworks/Speech.framework/Speech.tbd
_$s6Speech25SFCustomLanguageModelDataC25PhraseCountsFromTemplatesVMa	System/Library/Frameworks/Speech.framework/Speech.tbd
_$s6Speech25SFCustomLanguageModelDataC25PhraseCountsFromTemplatesVMn	System/Library/Frameworks/Speech.framework/Speech.tbd
_$s6Speech25SFCustomLanguageModelDataC25PhraseCountsFromTemplatesVN	System/Library/Frameworks/Speech.framework/Speech.tbd
_$s6Speech25SFCustomLanguageModelDataC25TemplateInsertableBuilderV10buildArrayyAA0fG0_pSayAaG_pGFZ	System/Library/Frameworks/Speech.framework/Speech.tbd
_$s6Speech25SFCustomLanguageModelDataC25TemplateInsertableBuilderV10buildBlockyAA0fG0_pAaG_pd_tFZ	System/Library/Frameworks/Speech.framework/Speech.tbd
_$s6Speech25SFCustomLanguageModelDataC25TemplateInsertableBuilderV11buildEither5firstAA0fG0_pAaH_p_tFZ	System/Library/Frameworks/Speech.framework/Speech.tbd
_$s6Speech25SFCustomLanguageModelDataC25TemplateInsertableBuilderV11buildEither6secondAA0fG0_pAaH_p_tFZ	System/Library/Frameworks/Speech.framework/Speech.tbd
_$s6Speech25SFCustomLanguageModelDataC25TemplateInsertableBuilderV13buildOptionalyAA0fG0_pAaG_pSgFZ	System/Library/Frameworks/Speech.framework/Speech.tbd
_$s6Speech25SFCustomLanguageModelDataC25TemplateInsertableBuilderVMa	System/Library/Frameworks/Speech.framework/Speech.tbd
_$s6Speech25SFCustomLanguageModelDataC25TemplateInsertableBuilderVMn	System/Library/Frameworks/Speech.framework/Speech.tbd
_$s6Speech25SFCustomLanguageModelDataC25TemplateInsertableBuilderVN	System/Library/Frameworks/Speech.framework/Speech.tbd
_$s6Speech25SFCustomLanguageModelDataC28TemplatePhraseCountGeneratorC0F0V2eeoiySbAG_AGtFZ	System/Library/Frameworks/Speech.framework/Speech.tbd
_$s6Speech25SFCustomLanguageModelDataC28TemplatePhraseCountGeneratorC0F0V4bodySSvg	System/Library/Frameworks/Speech.framework/Speech.tbd
_$s6Speech25SFCustomLanguageModelDataC28TemplatePhraseCountGeneratorC0F0V4bodySSvpMV	System/Library/Frameworks/Speech.framework/Speech.tbd
_$s6Speech25SFCustomLanguageModelDataC28TemplatePhraseCountGeneratorC0F0V4fromAGs7Decoder_p_tKcfC	System/Library/Frameworks/Speech.framework/Speech.tbd
_$s6Speech25SFCustomLanguageModelDataC28TemplatePhraseCountGeneratorC0F0V4hash4intoys6HasherVz_tF	System/Library/Frameworks/Speech.framework/Speech.tbd
_$s6Speech25SFCustomLanguageModelDataC28TemplatePhraseCountGeneratorC0F0V5countSivg	System/Library/Frameworks/Speech.framework/Speech.tbd
_$s6Speech25SFCustomLanguageModelDataC28TemplatePhraseCountGeneratorC0F0V5countSivpMV	System/Library/Frameworks/Speech.framework/Speech.tbd
_$s6Speech25SFCustomLanguageModelDataC28TemplatePhraseCountGeneratorC0F0V6encode2toys7Encoder_p_tKF	System/Library/Frameworks/Speech.framework/Speech.tbd
_$s6Speech25SFCustomLanguageModelDataC28TemplatePhraseCountGeneratorC0F0V6insert9generatoryAE_tF	System/Library/Frameworks/Speech.framework/Speech.tbd
_$s6Speech25SFCustomLanguageModelDataC28TemplatePhraseCountGeneratorC0F0V9hashValueSivg	System/Library/Frameworks/Speech.framework/Speech.tbd
_$s6Speech25SFCustomLanguageModelDataC28TemplatePhraseCountGeneratorC0F0V9hashValueSivpMV	System/Library/Frameworks/Speech.framework/Speech.tbd
_$s6Speech25SFCustomLanguageModelDataC28TemplatePhraseCountGeneratorC0F0VAA0F10InsertableAAMc	System/Library/Frameworks/Speech.framework/Speech.tbd
_$s6Speech25SFCustomLanguageModelDataC28TemplatePhraseCountGeneratorC0F0VAA0F10InsertableAAWP	System/Library/Frameworks/Speech.framework/Speech.tbd
_$s6Speech25SFCustomLanguageModelDataC28TemplatePhraseCountGeneratorC0F0VMa	System/Library/Frameworks/Speech.framework/Speech.tbd
_$s6Speech25SFCustomLanguageModelDataC28TemplatePhraseCountGeneratorC0F0VMn	System/Library/Frameworks/Speech.framework/Speech.tbd
_$s6Speech25SFCustomLanguageModelDataC28TemplatePhraseCountGeneratorC0F0VN	System/Library/Frameworks/Speech.framework/Speech.tbd
_$s6Speech25SFCustomLanguageModelDataC28TemplatePhraseCountGeneratorC0F0VSEAAMc	System/Library/Frameworks/Speech.framework/Speech.tbd
_$s6Speech25SFCustomLanguageModelDataC28TemplatePhraseCountGeneratorC0F0VSHAAMc	System/Library/Frameworks/Speech.framework/Speech.tbd
_$s6Speech25SFCustomLanguageModelDataC28TemplatePhraseCountGeneratorC0F0VSQAAMc	System/Library/Frameworks/Speech.framework/Speech.tbd
_$s6Speech25SFCustomLanguageModelDataC28TemplatePhraseCountGeneratorC0F0VSeAAMc	System/Library/Frameworks/Speech.framework/Speech.tbd
_$s6Speech25SFCustomLanguageModelDataC28TemplatePhraseCountGeneratorC0F0V_5countAGSS_SitcfC	System/Library/Frameworks/Speech.framework/Speech.tbd
_$s6Speech25SFCustomLanguageModelDataC28TemplatePhraseCountGeneratorC2eeoiySbAE_AEtFZ	System/Library/Frameworks/Speech.framework/Speech.tbd
_$s6Speech25SFCustomLanguageModelDataC28TemplatePhraseCountGeneratorC4fromAEs7Decoder_p_tKcfC	System/Library/Frameworks/Speech.framework/Speech.tbd
_$s6Speech25SFCustomLanguageModelDataC28TemplatePhraseCountGeneratorC4fromAEs7Decoder_p_tKcfc	System/Library/Frameworks/Speech.framework/Speech.tbd
_$s6Speech25SFCustomLanguageModelDataC28TemplatePhraseCountGeneratorC6define9className6valuesySS_SaySSGtFTj	System/Library/Frameworks/Speech.framework/Speech.tbd
_$s6Speech25SFCustomLanguageModelDataC28TemplatePhraseCountGeneratorC6define9className6valuesySS_SaySSGtFTq	System/Library/Frameworks/Speech.framework/Speech.tbd
_$s6Speech25SFCustomLanguageModelDataC28TemplatePhraseCountGeneratorC6insert8template5countySS_SitFTj	System/Library/Frameworks/Speech.framework/Speech.tbd
_$s6Speech25SFCustomLanguageModelDataC28TemplatePhraseCountGeneratorC6insert8template5countySS_SitFTq	System/Library/Frameworks/Speech.framework/Speech.tbd
_$s6Speech25SFCustomLanguageModelDataC28TemplatePhraseCountGeneratorC8IteratorC9templates15templateClassesAGSayAE0F0VG_SDySSSaySSGGtcfC	System/Library/Frameworks/Speech.framework/Speech.tbd
_$s6Speech25SFCustomLanguageModelDataC28TemplatePhraseCountGeneratorC8IteratorC9templates15templateClassesAGSayAE0F0VG_SDySSSaySSGGtcfCTj	System/Library/Frameworks/Speech.framework/Speech.tbd
_$s6Speech25SFCustomLanguageModelDataC28TemplatePhraseCountGeneratorC8IteratorC9templates15templateClassesAGSayAE0F0VG_SDySSSaySSGGtcfCTq	System/Library/Frameworks/Speech.framework/Speech.tbd
_$s6Speech25SFCustomLanguageModelDataC28TemplatePhraseCountGeneratorC8IteratorC9templates15templateClassesAGSayAE0F0VG_SDySSSaySSGGtcfc	System/Library/Frameworks/Speech.framework/Speech.tbd
_$s6Speech25SFCustomLanguageModelDataC28TemplatePhraseCountGeneratorC8IteratorCMa	System/Library/Frameworks/Speech.framework/Speech.tbd
_$s6Speech25SFCustomLanguageModelDataC28TemplatePhraseCountGeneratorC8IteratorCMm	System/Library/Frameworks/Speech.framework/Speech.tbd
_$s6Speech25SFCustomLanguageModelDataC28TemplatePhraseCountGeneratorC8IteratorCMn	System/Library/Frameworks/Speech.framework/Speech.tbd
_$s6Speech25SFCustomLanguageModelDataC28TemplatePhraseCountGeneratorC8IteratorCMo	System/Library/Frameworks/Speech.framework/Speech.tbd
_$s6Speech25SFCustomLanguageModelDataC28TemplatePhraseCountGeneratorC8IteratorCMu	System/Library/Frameworks/Speech.framework/Speech.tbd
_$s6Speech25SFCustomLanguageModelDataC28TemplatePhraseCountGeneratorC8IteratorCN	System/Library/Frameworks/Speech.framework/Speech.tbd
_$s6Speech25SFCustomLanguageModelDataC28TemplatePhraseCountGeneratorC8IteratorCfD	System/Library/Frameworks/Speech.framework/Speech.tbd
_$s6Speech25SFCustomLanguageModelDataC28TemplatePhraseCountGeneratorC8IteratorCfd	System/Library/Frameworks/Speech.framework/Speech.tbd
_$s6Speech25SFCustomLanguageModelDataC28TemplatePhraseCountGeneratorCAEycfC	System/Library/Frameworks/Speech.framework/Speech.tbd
_$s6Speech25SFCustomLanguageModelDataC28TemplatePhraseCountGeneratorCAEycfc	System/Library/Frameworks/Speech.framework/Speech.tbd
_$s6Speech25SFCustomLanguageModelDataC28TemplatePhraseCountGeneratorCMa	System/Library/Frameworks/Speech.framework/Speech.tbd
_$s6Speech25SFCustomLanguageModelDataC28TemplatePhraseCountGeneratorCMm	System/Library/Frameworks/Speech.framework/Speech.tbd
_$s6Speech25SFCustomLanguageModelDataC28TemplatePhraseCountGeneratorCMn	System/Library/Frameworks/Speech.framework/Speech.tbd
_$s6Speech25SFCustomLanguageModelDataC28TemplatePhraseCountGeneratorCMo	System/Library/Frameworks/Speech.framework/Speech.tbd
_$s6Speech25SFCustomLanguageModelDataC28TemplatePhraseCountGeneratorCMu	System/Library/Frameworks/Speech.framework/Speech.tbd
_$s6Speech25SFCustomLanguageModelDataC28TemplatePhraseCountGeneratorCN	System/Library/Frameworks/Speech.framework/Speech.tbd
_$s6Speech25SFCustomLanguageModelDataC28TemplatePhraseCountGeneratorCfD	System/Library/Frameworks/Speech.framework/Speech.tbd
_$s6Speech25SFCustomLanguageModelDataC28TemplatePhraseCountGeneratorCfd	System/Library/Frameworks/Speech.framework/Speech.tbd
_$s6Speech25SFCustomLanguageModelDataC2eeoiySbAC_ACtFZ	System/Library/Frameworks/Speech.framework/Speech.tbd
_$s6Speech25SFCustomLanguageModelDataC4fromACs7Decoder_p_tKcfC	System/Library/Frameworks/Speech.framework/Speech.tbd
_$s6Speech25SFCustomLanguageModelDataC4fromACs7Decoder_p_tKcfCTj	System/Library/Frameworks/Speech.framework/Speech.tbd
_$s6Speech25SFCustomLanguageModelDataC4fromACs7Decoder_p_tKcfCTq	System/Library/Frameworks/Speech.framework/Speech.tbd
_$s6Speech25SFCustomLanguageModelDataC4fromACs7Decoder_p_tKcfc	System/Library/Frameworks/Speech.framework/Speech.tbd
_$s6Speech25SFCustomLanguageModelDataC4hash4intoys6HasherVz_tFTj	System/Library/Frameworks/Speech.framework/Speech.tbd
_$s6Speech25SFCustomLanguageModelDataC4hash4intoys6HasherVz_tFTq	System/Library/Frameworks/Speech.framework/Speech.tbd
_$s6Speech25SFCustomLanguageModelDataC6encode2toys7Encoder_p_tKFTj	System/Library/Frameworks/Speech.framework/Speech.tbd
_$s6Speech25SFCustomLanguageModelDataC6encode2toys7Encoder_p_tKFTq	System/Library/Frameworks/Speech.framework/Speech.tbd
_$s6Speech25SFCustomLanguageModelDataC6export2toy10Foundation3URLV_tYaKFTj	System/Library/Frameworks/Speech.framework/Speech.tbd
_$s6Speech25SFCustomLanguageModelDataC6export2toy10Foundation3URLV_tYaKFTjTu	System/Library/Frameworks/Speech.framework/Speech.tbd
_$s6Speech25SFCustomLanguageModelDataC6export2toy10Foundation3URLV_tYaKFTq	System/Library/Frameworks/Speech.framework/Speech.tbd
_$s6Speech25SFCustomLanguageModelDataC6insert11phraseCountyAC06PhraseH0V_tFTj	System/Library/Frameworks/Speech.framework/Speech.tbd
_$s6Speech25SFCustomLanguageModelDataC6insert11phraseCountyAC06PhraseH0V_tFTq	System/Library/Frameworks/Speech.framework/Speech.tbd
_$s6Speech25SFCustomLanguageModelDataC6insert20phraseCountGeneratoryAC06PhrasehI0C_tFTj	System/Library/Frameworks/Speech.framework/Speech.tbd
_$s6Speech25SFCustomLanguageModelDataC6insert20phraseCountGeneratoryAC06PhrasehI0C_tFTq	System/Library/Frameworks/Speech.framework/Speech.tbd
_$s6Speech25SFCustomLanguageModelDataC6insert4termyAC19CustomPronunciationV_tFTj	System/Library/Frameworks/Speech.framework/Speech.tbd
_$s6Speech25SFCustomLanguageModelDataC6insert4termyAC19CustomPronunciationV_tFTq	System/Library/Frameworks/Speech.framework/Speech.tbd
_$s6Speech25SFCustomLanguageModelDataC6locale10Foundation6LocaleVvg	System/Library/Frameworks/Speech.framework/Speech.tbd
_$s6Speech25SFCustomLanguageModelDataC6locale10Foundation6LocaleVvpMV	System/Library/Frameworks/Speech.framework/Speech.tbd
_$s6Speech25SFCustomLanguageModelDataC6locale10identifier7version7builderAC10Foundation6LocaleV_S2SAA0E10Insertable_pyXEtcfC	System/Library/Frameworks/Speech.framework/Speech.tbd
_$s6Speech25SFCustomLanguageModelDataC6locale10identifier7version7builderAC10Foundation6LocaleV_S2SAA0E10Insertable_pyXEtcfc	System/Library/Frameworks/Speech.framework/Speech.tbd
_$s6Speech25SFCustomLanguageModelDataC6locale10identifier7versionAC10Foundation6LocaleV_S2StcfC	System/Library/Frameworks/Speech.framework/Speech.tbd
_$s6Speech25SFCustomLanguageModelDataC6locale10identifier7versionAC10Foundation6LocaleV_S2StcfCTj	System/Library/Frameworks/Speech.framework/Speech.tbd
_$s6Speech25SFCustomLanguageModelDataC6locale10identifier7versionAC10Foundation6LocaleV_S2StcfCTq	System/Library/Frameworks/Speech.framework/Speech.tbd
_$s6Speech25SFCustomLanguageModelDataC6locale10identifier7versionAC10Foundation6LocaleV_S2Stcfc	System/Library/Frameworks/Speech.framework/Speech.tbd
_$s6Speech25SFCustomLanguageModelDataC7versionSSvg	System/Library/Frameworks/Speech.framework/Speech.tbd
_$s6Speech25SFCustomLanguageModelDataC7versionSSvpMV	System/Library/Frameworks/Speech.framework/Speech.tbd
_$s6Speech25SFCustomLanguageModelDataC9hashValueSivgTj	System/Library/Frameworks/Speech.framework/Speech.tbd
_$s6Speech25SFCustomLanguageModelDataC9hashValueSivgTq	System/Library/Frameworks/Speech.framework/Speech.tbd
_$s6Speech25SFCustomLanguageModelDataC9hashValueSivpMV	System/Library/Frameworks/Speech.framework/Speech.tbd
_$s6Speech25SFCustomLanguageModelDataCMa	System/Library/Frameworks/Speech.framework/Speech.tbd
_$s6Speech25SFCustomLanguageModelDataCMm	System/Library/Frameworks/Speech.framework/Speech.tbd
_$s6Speech25SFCustomLanguageModelDataCMn	System/Library/Frameworks/Speech.framework/Speech.tbd
_$s6Speech25SFCustomLanguageModelDataCMo	System/Library/Frameworks/Speech.framework/Speech.tbd
_$s6Speech25SFCustomLanguageModelDataCMu	System/Library/Frameworks/Speech.framework/Speech.tbd
_$s6Speech25SFCustomLanguageModelDataCN	System/Library/Frameworks/Speech.framework/Speech.tbd
_$s6Speech25SFCustomLanguageModelDataCSEAAMc	System/Library/Frameworks/Speech.framework/Speech.tbd
_$s6Speech25SFCustomLanguageModelDataCSHAAMc	System/Library/Frameworks/Speech.framework/Speech.tbd
_$s6Speech25SFCustomLanguageModelDataCSQAAMc	System/Library/Frameworks/Speech.framework/Speech.tbd
_$s6Speech25SFCustomLanguageModelDataCSeAAMc	System/Library/Frameworks/Speech.framework/Speech.tbd
_$s6Speech25SFCustomLanguageModelDataCfD	System/Library/Frameworks/Speech.framework/Speech.tbd
_$s6Speech25SFCustomLanguageModelDataCfd	System/Library/Frameworks/Speech.framework/Speech.tbd
_$s6Speech27ContextualNamedEntitySourceV18sourceApplications8fromDate02toI05limitACShySSG_10Foundation0I0VAKSitcfC	System/Library/Frameworks/Speech.framework/Speech.tbd
_$s6Speech27ContextualNamedEntitySourceV18sourceApplicationsShySSGvg	System/Library/Frameworks/Speech.framework/Speech.tbd
_$s6Speech27ContextualNamedEntitySourceV18sourceApplicationsShySSGvpMV	System/Library/Frameworks/Speech.framework/Speech.tbd
_$s6Speech27ContextualNamedEntitySourceV2eeoiySbAC_ACtFZ	System/Library/Frameworks/Speech.framework/Speech.tbd
_$s6Speech27ContextualNamedEntitySourceV4hash4intoys6HasherVz_tF	System/Library/Frameworks/Speech.framework/Speech.tbd
_$s6Speech27ContextualNamedEntitySourceV5limitSivg	System/Library/Frameworks/Speech.framework/Speech.tbd
_$s6Speech27ContextualNamedEntitySourceV5limitSivpMV	System/Library/Frameworks/Speech.framework/Speech.tbd
_$s6Speech27ContextualNamedEntitySourceV6toDate10Foundation0G0Vvg	System/Library/Frameworks/Speech.framework/Speech.tbd
_$s6Speech27ContextualNamedEntitySourceV6toDate10Foundation0G0VvpMV	System/Library/Frameworks/Speech.framework/Speech.tbd
_$s6Speech27ContextualNamedEntitySourceV8fromDate10Foundation0G0Vvg	System/Library/Frameworks/Speech.framework/Speech.tbd
_$s6Speech27ContextualNamedEntitySourceV8fromDate10Foundation0G0VvpMV	System/Library/Frameworks/Speech.framework/Speech.tbd
_$s6Speech27ContextualNamedEntitySourceV9hashValueSivg	System/Library/Frameworks/Speech.framework/Speech.tbd
_$s6Speech27ContextualNamedEntitySourceV9hashValueSivpMV	System/Library/Frameworks/Speech.framework/Speech.tbd
_$s6Speech27ContextualNamedEntitySourceVMa	System/Library/Frameworks/Speech.framework/Speech.tbd
_$s6Speech27ContextualNamedEntitySourceVMn	System/Library/Frameworks/Speech.framework/Speech.tbd
_$s6Speech27ContextualNamedEntitySourceVN	System/Library/Frameworks/Speech.framework/Speech.tbd
_$s6Speech27ContextualNamedEntitySourceVSHAAMc	System/Library/Frameworks/Speech.framework/Speech.tbd
_$s6Speech27ContextualNamedEntitySourceVSQAAMc	System/Library/Frameworks/Speech.framework/Speech.tbd
_$s6Speech28CustomLanguageModelEvaluatorC08languageD016clientIdentifier12skipDownloadAC10Foundation3URLV_SSSbtKcfC	System/Library/Frameworks/Speech.framework/Speech.tbd
_$s6Speech28CustomLanguageModelEvaluatorC08languageD016clientIdentifier12skipDownloadAC10Foundation3URLV_SSSbtKcfCTj	System/Library/Frameworks/Speech.framework/Speech.tbd
_$s6Speech28CustomLanguageModelEvaluatorC08languageD016clientIdentifier12skipDownloadAC10Foundation3URLV_SSSbtKcfCTq	System/Library/Frameworks/Speech.framework/Speech.tbd
_$s6Speech28CustomLanguageModelEvaluatorC08languageD016clientIdentifier12skipDownloadAC10Foundation3URLV_SSSbtKcfc	System/Library/Frameworks/Speech.framework/Speech.tbd
_$s6Speech28CustomLanguageModelEvaluatorC20computeWordErrorRate9reference10hypothesisSdSS_SStFTj	System/Library/Frameworks/Speech.framework/Speech.tbd
_$s6Speech28CustomLanguageModelEvaluatorC20computeWordErrorRate9reference10hypothesisSdSS_SStFTq	System/Library/Frameworks/Speech.framework/Speech.tbd
_$s6Speech28CustomLanguageModelEvaluatorC27AudioSampleEvaluationResultV11descriptionSSvg	System/Library/Frameworks/Speech.framework/Speech.tbd
_$s6Speech28CustomLanguageModelEvaluatorC27AudioSampleEvaluationResultV11descriptionSSvpMV	System/Library/Frameworks/Speech.framework/Speech.tbd
_$s6Speech28CustomLanguageModelEvaluatorC27AudioSampleEvaluationResultV21baselineTranscriptionSSvg	System/Library/Frameworks/Speech.framework/Speech.tbd
_$s6Speech28CustomLanguageModelEvaluatorC27AudioSampleEvaluationResultV21baselineTranscriptionSSvpMV	System/Library/Frameworks/Speech.framework/Speech.tbd
_$s6Speech28CustomLanguageModelEvaluatorC27AudioSampleEvaluationResultV21baselineWordErrorRateSdvg	System/Library/Frameworks/Speech.framework/Speech.tbd
_$s6Speech28CustomLanguageModelEvaluatorC27AudioSampleEvaluationResultV21baselineWordErrorRateSdvpMV	System/Library/Frameworks/Speech.framework/Speech.tbd
_$s6Speech28CustomLanguageModelEvaluatorC27AudioSampleEvaluationResultV22wordErrorRateReductionSdvg	System/Library/Frameworks/Speech.framework/Speech.tbd
_$s6Speech28CustomLanguageModelEvaluatorC27AudioSampleEvaluationResultV22wordErrorRateReductionSdvpMV	System/Library/Frameworks/Speech.framework/Speech.tbd
_$s6Speech28CustomLanguageModelEvaluatorC27AudioSampleEvaluationResultV23customizedTranscriptionSSvg	System/Library/Frameworks/Speech.framework/Speech.tbd
_$s6Speech28CustomLanguageModelEvaluatorC27AudioSampleEvaluationResultV23customizedTranscriptionSSvpMV	System/Library/Frameworks/Speech.framework/Speech.tbd
_$s6Speech28CustomLanguageModelEvaluatorC27AudioSampleEvaluationResultV23customizedWordErrorRateSdvg	System/Library/Frameworks/Speech.framework/Speech.tbd
_$s6Speech28CustomLanguageModelEvaluatorC27AudioSampleEvaluationResultV23customizedWordErrorRateSdvpMV	System/Library/Frameworks/Speech.framework/Speech.tbd
_$s6Speech28CustomLanguageModelEvaluatorC27AudioSampleEvaluationResultV4jsonSSvg	System/Library/Frameworks/Speech.framework/Speech.tbd
_$s6Speech28CustomLanguageModelEvaluatorC27AudioSampleEvaluationResultV4jsonSSvpMV	System/Library/Frameworks/Speech.framework/Speech.tbd
_$s6Speech28CustomLanguageModelEvaluatorC27AudioSampleEvaluationResultVMa	System/Library/Frameworks/Speech.framework/Speech.tbd
_$s6Speech28CustomLanguageModelEvaluatorC27AudioSampleEvaluationResultVMn	System/Library/Frameworks/Speech.framework/Speech.tbd
_$s6Speech28CustomLanguageModelEvaluatorC27AudioSampleEvaluationResultVN	System/Library/Frameworks/Speech.framework/Speech.tbd
_$s6Speech28CustomLanguageModelEvaluatorC8evaluate11audioSample22referenceTranscriptions6ResultOyAC05Audioh10EvaluationK0Vs5Error_pG10Foundation3URLV_SStYaKFTj	System/Library/Frameworks/Speech.framework/Speech.tbd
_$s6Speech28CustomLanguageModelEvaluatorC8evaluate11audioSample22referenceTranscriptions6ResultOyAC05Audioh10EvaluationK0Vs5Error_pG10Foundation3URLV_SStYaKFTjTu	System/Library/Frameworks/Speech.framework/Speech.tbd
_$s6Speech28CustomLanguageModelEvaluatorC8evaluate11audioSample22referenceTranscriptions6ResultOyAC05Audioh10EvaluationK0Vs5Error_pG10Foundation3URLV_SStYaKFTq	System/Library/Frameworks/Speech.framework/Speech.tbd
_$s6Speech28CustomLanguageModelEvaluatorC8evaluate7testSetSays6ResultOyAC021AudioSampleEvaluationI0Vs5Error_pGGSay10Foundation3URLV05audioK0_SS22referenceTranscriptiontG_tYaKFTj	System/Library/Frameworks/Speech.framework/Speech.tbd
_$s6Speech28CustomLanguageModelEvaluatorC8evaluate7testSetSays6ResultOyAC021AudioSampleEvaluationI0Vs5Error_pGGSay10Foundation3URLV05audioK0_SS22referenceTranscriptiontG_tYaKFTjTu	System/Library/Frameworks/Speech.framework/Speech.tbd
_$s6Speech28CustomLanguageModelEvaluatorC8evaluate7testSetSays6ResultOyAC021AudioSampleEvaluationI0Vs5Error_pGGSay10Foundation3URLV05audioK0_SS22referenceTranscriptiontG_tYaKFTq	System/Library/Frameworks/Speech.framework/Speech.tbd
_$s6Speech28CustomLanguageModelEvaluatorCMa	System/Library/Frameworks/Speech.framework/Speech.tbd
_$s6Speech28CustomLanguageModelEvaluatorCMm	System/Library/Frameworks/Speech.framework/Speech.tbd
_$s6Speech28CustomLanguageModelEvaluatorCMn	System/Library/Frameworks/Speech.framework/Speech.tbd
_$s6Speech28CustomLanguageModelEvaluatorCMo	System/Library/Frameworks/Speech.framework/Speech.tbd
_$s6Speech28CustomLanguageModelEvaluatorCMu	System/Library/Frameworks/Speech.framework/Speech.tbd
_$s6Speech28CustomLanguageModelEvaluatorCN	System/Library/Frameworks/Speech.framework/Speech.tbd
_$s6Speech28CustomLanguageModelEvaluatorCfD	System/Library/Frameworks/Speech.framework/Speech.tbd
_$s6Speech28CustomLanguageModelEvaluatorCfd	System/Library/Frameworks/Speech.framework/Speech.tbd
_$s6Speech29ContextualRankedContactSourceV11contactOnlySbvg	System/Library/Frameworks/Speech.framework/Speech.tbd
_$s6Speech29ContextualRankedContactSourceV11contactOnlySbvpMV	System/Library/Frameworks/Speech.framework/Speech.tbd
_$s6Speech29ContextualRankedContactSourceV17sourceApplication8rankDate11contactOnly5limitACSS_10Foundation0I0VSbSitcfC	System/Library/Frameworks/Speech.framework/Speech.tbd
_$s6Speech29ContextualRankedContactSourceV17sourceApplicationSSvg	System/Library/Frameworks/Speech.framework/Speech.tbd
_$s6Speech29ContextualRankedContactSourceV17sourceApplicationSSvpMV	System/Library/Frameworks/Speech.framework/Speech.tbd
_$s6Speech29ContextualRankedContactSourceV2eeoiySbAC_ACtFZ	System/Library/Frameworks/Speech.framework/Speech.tbd
_$s6Speech29ContextualRankedContactSourceV4hash4intoys6HasherVz_tF	System/Library/Frameworks/Speech.framework/Speech.tbd
_$s6Speech29ContextualRankedContactSourceV5limitSivg	System/Library/Frameworks/Speech.framework/Speech.tbd
_$s6Speech29ContextualRankedContactSourceV5limitSivpMV	System/Library/Frameworks/Speech.framework/Speech.tbd
_$s6Speech29ContextualRankedContactSourceV8rankDate10Foundation0G0Vvg	System/Library/Frameworks/Speech.framework/Speech.tbd
_$s6Speech29ContextualRankedContactSourceV8rankDate10Foundation0G0VvpMV	System/Library/Frameworks/Speech.framework/Speech.tbd
_$s6Speech29ContextualRankedContactSourceV9hashValueSivg	System/Library/Frameworks/Speech.framework/Speech.tbd
_$s6Speech29ContextualRankedContactSourceV9hashValueSivpMV	System/Library/Frameworks/Speech.framework/Speech.tbd
_$s6Speech29ContextualRankedContactSourceVMa	System/Library/Frameworks/Speech.framework/Speech.tbd
_$s6Speech29ContextualRankedContactSourceVMn	System/Library/Frameworks/Speech.framework/Speech.tbd
_$s6Speech29ContextualRankedContactSourceVN	System/Library/Frameworks/Speech.framework/Speech.tbd
_$s6Speech29ContextualRankedContactSourceVSHAAMc	System/Library/Frameworks/Speech.framework/Speech.tbd
_$s6Speech29ContextualRankedContactSourceVSQAAMc	System/Library/Frameworks/Speech.framework/Speech.tbd
_$s6Speech31VoiceCommandDebugInfoAggregatedV03hasbC10EditIntentSbvM	System/Library/Frameworks/Speech.framework/Speech.tbd
_$s6Speech31VoiceCommandDebugInfoAggregatedV03hasbC10EditIntentSbvg	System/Library/Frameworks/Speech.framework/Speech.tbd
_$s6Speech31VoiceCommandDebugInfoAggregatedV03hasbC10EditIntentSbvpMV	System/Library/Frameworks/Speech.framework/Speech.tbd
_$s6Speech31VoiceCommandDebugInfoAggregatedV03hasbC10EditIntentSbvs	System/Library/Frameworks/Speech.framework/Speech.tbd
_$s6Speech31VoiceCommandDebugInfoAggregatedV03hasbC14AfterRerankingSbvM	System/Library/Frameworks/Speech.framework/Speech.tbd
_$s6Speech31VoiceCommandDebugInfoAggregatedV03hasbC14AfterRerankingSbvg	System/Library/Frameworks/Speech.framework/Speech.tbd
_$s6Speech31VoiceCommandDebugInfoAggregatedV03hasbC14AfterRerankingSbvpMV	System/Library/Frameworks/Speech.framework/Speech.tbd
_$s6Speech31VoiceCommandDebugInfoAggregatedV03hasbC14AfterRerankingSbvs	System/Library/Frameworks/Speech.framework/Speech.tbd
_$s6Speech31VoiceCommandDebugInfoAggregatedV03hasbC18InExhaustiveParsesSbvM	System/Library/Frameworks/Speech.framework/Speech.tbd
_$s6Speech31VoiceCommandDebugInfoAggregatedV03hasbC18InExhaustiveParsesSbvg	System/Library/Frameworks/Speech.framework/Speech.tbd
_$s6Speech31VoiceCommandDebugInfoAggregatedV03hasbC18InExhaustiveParsesSbvpMV	System/Library/Frameworks/Speech.framework/Speech.tbd
_$s6Speech31VoiceCommandDebugInfoAggregatedV03hasbC18InExhaustiveParsesSbvs	System/Library/Frameworks/Speech.framework/Speech.tbd
_$s6Speech31VoiceCommandDebugInfoAggregatedV03hasbC6ParsesSbvM	System/Library/Frameworks/Speech.framework/Speech.tbd
_$s6Speech31VoiceCommandDebugInfoAggregatedV03hasbC6ParsesSbvg	System/Library/Frameworks/Speech.framework/Speech.tbd
_$s6Speech31VoiceCommandDebugInfoAggregatedV03hasbC6ParsesSbvpMV	System/Library/Frameworks/Speech.framework/Speech.tbd
_$s6Speech31VoiceCommandDebugInfoAggregatedV03hasbC6ParsesSbvs	System/Library/Frameworks/Speech.framework/Speech.tbd
_$s6Speech31VoiceCommandDebugInfoAggregatedV05hasNobC17AfterRespeakCheckSbvM	System/Library/Frameworks/Speech.framework/Speech.tbd
_$s6Speech31VoiceCommandDebugInfoAggregatedV05hasNobC17AfterRespeakCheckSbvg	System/Library/Frameworks/Speech.framework/Speech.tbd
_$s6Speech31VoiceCommandDebugInfoAggregatedV05hasNobC17AfterRespeakCheckSbvpMV	System/Library/Frameworks/Speech.framework/Speech.tbd
_$s6Speech31VoiceCommandDebugInfoAggregatedV05hasNobC17AfterRespeakCheckSbvs	System/Library/Frameworks/Speech.framework/Speech.tbd
_$s6Speech31VoiceCommandDebugInfoAggregatedVMa	System/Library/Frameworks/Speech.framework/Speech.tbd
_$s6Speech31VoiceCommandDebugInfoAggregatedVMn	System/Library/Frameworks/Speech.framework/Speech.tbd
_$s6Speech31VoiceCommandDebugInfoAggregatedVN	System/Library/Frameworks/Speech.framework/Speech.tbd
_$s6Speech34TranscriptionResultAttributeOptionO10confidenceyA2CmFWC	System/Library/Frameworks/Speech.framework/Speech.tbd
_$s6Speech34TranscriptionResultAttributeOptionO14audioTimeRangeyA2CmFWC	System/Library/Frameworks/Speech.framework/Speech.tbd
_$s6Speech34TranscriptionResultAttributeOptionO23transcriptionConfidenceyA2CmFWC	System/Library/Frameworks/Speech.framework/Speech.tbd
_$s6Speech34TranscriptionResultAttributeOptionO2eeoiySbAC_ACtFZ	System/Library/Frameworks/Speech.framework/Speech.tbd
_$s6Speech34TranscriptionResultAttributeOptionO4hash4intoys6HasherVz_tF	System/Library/Frameworks/Speech.framework/Speech.tbd
_$s6Speech34TranscriptionResultAttributeOptionO8allCasesSayACGvgZ	System/Library/Frameworks/Speech.framework/Speech.tbd
_$s6Speech34TranscriptionResultAttributeOptionO8allCasesSayACGvpZMV	System/Library/Frameworks/Speech.framework/Speech.tbd
_$s6Speech34TranscriptionResultAttributeOptionO9hashValueSivg	System/Library/Frameworks/Speech.framework/Speech.tbd
_$s6Speech34TranscriptionResultAttributeOptionO9hashValueSivpMV	System/Library/Frameworks/Speech.framework/Speech.tbd
_$s6Speech34TranscriptionResultAttributeOptionO9timeRangeyA2CmFWC	System/Library/Frameworks/Speech.framework/Speech.tbd
_$s6Speech34TranscriptionResultAttributeOptionOMa	System/Library/Frameworks/Speech.framework/Speech.tbd
_$s6Speech34TranscriptionResultAttributeOptionOMn	System/Library/Frameworks/Speech.framework/Speech.tbd
_$s6Speech34TranscriptionResultAttributeOptionON	System/Library/Frameworks/Speech.framework/Speech.tbd
_$s6Speech34TranscriptionResultAttributeOptionOSHAAMc	System/Library/Frameworks/Speech.framework/Speech.tbd
_$s6Speech34TranscriptionResultAttributeOptionOSQAAMc	System/Library/Frameworks/Speech.framework/Speech.tbd
_$s6Speech34TranscriptionResultAttributeOptionOs12CaseIterableAAMc	System/Library/Frameworks/Speech.framework/Speech.tbd
_$s6Speech35TranscriptionLatticeMitigatorResultV11isProcessedSbvg	System/Library/Frameworks/Speech.framework/Speech.tbd
_$s6Speech35TranscriptionLatticeMitigatorResultV11isProcessedSbvpMV	System/Library/Frameworks/Speech.framework/Speech.tbd
_$s6Speech35TranscriptionLatticeMitigatorResultV16calibrationScaleSfvg	System/Library/Frameworks/Speech.framework/Speech.tbd
_$s6Speech35TranscriptionLatticeMitigatorResultV16calibrationScaleSfvpMV	System/Library/Frameworks/Speech.framework/Speech.tbd
_$s6Speech35TranscriptionLatticeMitigatorResultV17calibrationOffsetSfvg	System/Library/Frameworks/Speech.framework/Speech.tbd
_$s6Speech35TranscriptionLatticeMitigatorResultV17calibrationOffsetSfvpMV	System/Library/Frameworks/Speech.framework/Speech.tbd
_$s6Speech35TranscriptionLatticeMitigatorResultV2eeoiySbAC_ACtFZ	System/Library/Frameworks/Speech.framework/Speech.tbd
_$s6Speech35TranscriptionLatticeMitigatorResultV4hash4intoys6HasherVz_tF	System/Library/Frameworks/Speech.framework/Speech.tbd
_$s6Speech35TranscriptionLatticeMitigatorResultV4with5score9threshold16calibrationScale0I6Offset9processedACSS_S4fSbtcfC	System/Library/Frameworks/Speech.framework/Speech.tbd
_$s6Speech35TranscriptionLatticeMitigatorResultV5scoreSfvg	System/Library/Frameworks/Speech.framework/Speech.tbd
_$s6Speech35TranscriptionLatticeMitigatorResultV5scoreSfvpMV	System/Library/Frameworks/Speech.framework/Speech.tbd
_$s6Speech35TranscriptionLatticeMitigatorResultV7versionSSvg	System/Library/Frameworks/Speech.framework/Speech.tbd
_$s6Speech35TranscriptionLatticeMitigatorResultV7versionSSvpMV	System/Library/Frameworks/Speech.framework/Speech.tbd
_$s6Speech35TranscriptionLatticeMitigatorResultV9hashValueSivg	System/Library/Frameworks/Speech.framework/Speech.tbd
_$s6Speech35TranscriptionLatticeMitigatorResultV9hashValueSivpMV	System/Library/Frameworks/Speech.framework/Speech.tbd
_$s6Speech35TranscriptionLatticeMitigatorResultV9thresholdSfvg	System/Library/Frameworks/Speech.framework/Speech.tbd
_$s6Speech35TranscriptionLatticeMitigatorResultV9thresholdSfvpMV	System/Library/Frameworks/Speech.framework/Speech.tbd
_$s6Speech35TranscriptionLatticeMitigatorResultVMa	System/Library/Frameworks/Speech.framework/Speech.tbd
_$s6Speech35TranscriptionLatticeMitigatorResultVMn	System/Library/Frameworks/Speech.framework/Speech.tbd
_$s6Speech35TranscriptionLatticeMitigatorResultVN	System/Library/Frameworks/Speech.framework/Speech.tbd
_$s6Speech35TranscriptionLatticeMitigatorResultVSHAAMc	System/Library/Frameworks/Speech.framework/Speech.tbd
_$s6Speech35TranscriptionLatticeMitigatorResultVSQAAMc	System/Library/Frameworks/Speech.framework/Speech.tbd
_$s6Speech36SelfLoggingPreheatWithPowerContainerCMa	System/Library/Frameworks/Speech.framework/Speech.tbd
_$s6Speech36SelfLoggingPreheatWithPowerContainerCMm	System/Library/Frameworks/Speech.framework/Speech.tbd
_$s6Speech36SelfLoggingPreheatWithPowerContainerCMn	System/Library/Frameworks/Speech.framework/Speech.tbd
_$s6Speech36SelfLoggingPreheatWithPowerContainerCMo	System/Library/Frameworks/Speech.framework/Speech.tbd
_$s6Speech36SelfLoggingPreheatWithPowerContainerCMu	System/Library/Frameworks/Speech.framework/Speech.tbd
_$s6Speech36SelfLoggingPreheatWithPowerContainerCN	System/Library/Frameworks/Speech.framework/Speech.tbd
_$s6Speech36SelfLoggingPreheatWithPowerContainerCfD	System/Library/Frameworks/Speech.framework/Speech.tbd
_$s6Speech36SelfLoggingPreheatWithPowerContainerCfd	System/Library/Frameworks/Speech.framework/Speech.tbd
_$s6Speech40LanguageDetectorResultReportingFrequencyO10continuousyA2CmFWC	System/Library/Frameworks/Speech.framework/Speech.tbd
_$s6Speech40LanguageDetectorResultReportingFrequencyO11everySecondyA2CmFWC	System/Library/Frameworks/Speech.framework/Speech.tbd
_$s6Speech40LanguageDetectorResultReportingFrequencyO4onceyA2CmFWC	System/Library/Frameworks/Speech.framework/Speech.tbd
_$s6Speech40LanguageDetectorResultReportingFrequencyO8rawValueACSgSi_tcfC	System/Library/Frameworks/Speech.framework/Speech.tbd
_$s6Speech40LanguageDetectorResultReportingFrequencyO8rawValueSivg	System/Library/Frameworks/Speech.framework/Speech.tbd
_$s6Speech40LanguageDetectorResultReportingFrequencyO8rawValueSivpMV	System/Library/Frameworks/Speech.framework/Speech.tbd
_$s6Speech40LanguageDetectorResultReportingFrequencyOMa	System/Library/Frameworks/Speech.framework/Speech.tbd
_$s6Speech40LanguageDetectorResultReportingFrequencyOMn	System/Library/Frameworks/Speech.framework/Speech.tbd
_$s6Speech40LanguageDetectorResultReportingFrequencyON	System/Library/Frameworks/Speech.framework/Speech.tbd
_$s6Speech40LanguageDetectorResultReportingFrequencyOSHAAMc	System/Library/Frameworks/Speech.framework/Speech.tbd
_$s6Speech40LanguageDetectorResultReportingFrequencyOSQAAMc	System/Library/Frameworks/Speech.framework/Speech.tbd
_$s6Speech40LanguageDetectorResultReportingFrequencyOSYAAMc	System/Library/Frameworks/Speech.framework/Speech.tbd
_$s6Speech6AssetsV10isSpellingSbvg	System/Library/Frameworks/Speech.framework/Speech.tbd
_$s6Speech6AssetsV10isSpellingSbvpMV	System/Library/Frameworks/Speech.framework/Speech.tbd
_$s6Speech6AssetsV12modelVersionSSvg	System/Library/Frameworks/Speech.framework/Speech.tbd
_$s6Speech6AssetsV12modelVersionSSvgTu	System/Library/Frameworks/Speech.framework/Speech.tbd
_$s6Speech6AssetsV12modelVersionSSvpMV	System/Library/Frameworks/Speech.framework/Speech.tbd
_$s6Speech6AssetsV13geoLMRegionID11forLatitude9longitudeSSSd_SdtYaKF	System/Library/Frameworks/Speech.framework/Speech.tbd
_$s6Speech6AssetsV13geoLMRegionID11forLatitude9longitudeSSSd_SdtYaKFTu	System/Library/Frameworks/Speech.framework/Speech.tbd
_$s6Speech6AssetsV14modelTaskNamesSaySSGvg	System/Library/Frameworks/Speech.framework/Speech.tbd
_$s6Speech6AssetsV14modelTaskNamesSaySSGvgTu	System/Library/Frameworks/Speech.framework/Speech.tbd
_$s6Speech6AssetsV14modelTaskNamesSaySSGvpMV	System/Library/Frameworks/Speech.framework/Speech.tbd
_$s6Speech6AssetsV16modelQualityTypeSSvg	System/Library/Frameworks/Speech.framework/Speech.tbd
_$s6Speech6AssetsV16modelQualityTypeSSvgTu	System/Library/Frameworks/Speech.framework/Speech.tbd
_$s6Speech6AssetsV16modelQualityTypeSSvpMV	System/Library/Frameworks/Speech.framework/Speech.tbd
_$s6Speech6AssetsV17modelOverridePath10Foundation3URLVSgvg	System/Library/Frameworks/Speech.framework/Speech.tbd
_$s6Speech6AssetsV17modelOverridePath10Foundation3URLVSgvpMV	System/Library/Frameworks/Speech.framework/Speech.tbd
_$s6Speech6AssetsV18modelSamplingRatesShySiGvg	System/Library/Frameworks/Speech.framework/Speech.tbd
_$s6Speech6AssetsV18modelSamplingRatesShySiGvgTu	System/Library/Frameworks/Speech.framework/Speech.tbd
_$s6Speech6AssetsV18modelSamplingRatesShySiGvpMV	System/Library/Frameworks/Speech.framework/Speech.tbd
_$s6Speech6AssetsV28contextualNamedEntitySources14forApplication8taskNameSayAA010ContextualdE6SourceVGSS_SStYaKF	System/Library/Frameworks/Speech.framework/Speech.tbd
_$s6Speech6AssetsV28contextualNamedEntitySources14forApplication8taskNameSayAA010ContextualdE6SourceVGSS_SStYaKFTu	System/Library/Frameworks/Speech.framework/Speech.tbd
_$s6Speech6AssetsV30contextualRankedContactSources14forApplication8taskNameSayAA010ContextualdE6SourceVGSS_SStYaKF	System/Library/Frameworks/Speech.framework/Speech.tbd
_$s6Speech6AssetsV30contextualRankedContactSources14forApplication8taskNameSayAA010ContextualdE6SourceVGSS_SStYaKFTu	System/Library/Frameworks/Speech.framework/Speech.tbd
_$s6Speech6AssetsV6locale10Foundation6LocaleVvg	System/Library/Frameworks/Speech.framework/Speech.tbd
_$s6Speech6AssetsV6locale10Foundation6LocaleVvpMV	System/Library/Frameworks/Speech.framework/Speech.tbd
_$s6Speech6AssetsV6locale8clientID17modelOverridePath10isSpellingAC10Foundation6LocaleV_SSAH3URLVSgSbtcfC	System/Library/Frameworks/Speech.framework/Speech.tbd
_$s6Speech6AssetsV6locale8clientID17modelOverridePathAC10Foundation6LocaleV_SSAG3URLVSgtcfC	System/Library/Frameworks/Speech.framework/Speech.tbd
_$s6Speech6AssetsV6locale8taskHint8clientID17modelOverridePath10isSpellingAC10Foundation6LocaleV_AA04TaskE0OSSAI3URLVSgSbtcfC	System/Library/Frameworks/Speech.framework/Speech.tbd
_$s6Speech6AssetsV6locale8taskHint8clientID17modelOverridePathAC10Foundation6LocaleV_AA04TaskE0OSSAH3URLVSgtcfC	System/Library/Frameworks/Speech.framework/Speech.tbd
_$s6Speech6AssetsV8clientIDSSvg	System/Library/Frameworks/Speech.framework/Speech.tbd
_$s6Speech6AssetsV8clientIDSSvpMV	System/Library/Frameworks/Speech.framework/Speech.tbd
_$s6Speech6AssetsV9modelRoot10Foundation3URLVvg	System/Library/Frameworks/Speech.framework/Speech.tbd
_$s6Speech6AssetsV9modelRoot10Foundation3URLVvgTu	System/Library/Frameworks/Speech.framework/Speech.tbd
_$s6Speech6AssetsV9modelRoot10Foundation3URLVvpMV	System/Library/Frameworks/Speech.framework/Speech.tbd
_$s6Speech6AssetsVMa	System/Library/Frameworks/Speech.framework/Speech.tbd
_$s6Speech6AssetsVMn	System/Library/Frameworks/Speech.framework/Speech.tbd
_$s6Speech6AssetsVN	System/Library/Frameworks/Speech.framework/Speech.tbd
_$s6Speech8TaskHintO014preferredModelB5NamesSaySSGvg	System/Library/Frameworks/Speech.framework/Speech.tbd
_$s6Speech8TaskHintO014preferredModelB5NamesSaySSGvpMV	System/Library/Frameworks/Speech.framework/Speech.tbd
_$s6Speech8TaskHintO10captioningyA2CmFWC	System/Library/Frameworks/Speech.framework/Speech.tbd
_$s6Speech8TaskHintO10taskStringACSgSS_tcfC	System/Library/Frameworks/Speech.framework/Speech.tbd
_$s6Speech8TaskHintO11dictationCCyA2CmFWC	System/Library/Frameworks/Speech.framework/Speech.tbd
_$s6Speech8TaskHintO12confirmationyA2CmFWC	System/Library/Frameworks/Speech.framework/Speech.tbd
_$s6Speech8TaskHintO12foundInCallsyA2CmFWC	System/Library/Frameworks/Speech.framework/Speech.tbd
_$s6Speech8TaskHintO14watchDictationyA2CmFWC	System/Library/Frameworks/Speech.framework/Speech.tbd
_$s6Speech8TaskHintO17keyboardDictationyA2CmFWC	System/Library/Frameworks/Speech.framework/Speech.tbd
_$s6Speech8TaskHintO17liveTranscriptionyA2CmFWC	System/Library/Frameworks/Speech.framework/Speech.tbd
_$s6Speech8TaskHintO18assistantDictationyA2CmFWC	System/Library/Frameworks/Speech.framework/Speech.tbd
_$s6Speech8TaskHintO20offlineTranscriptionyA2CmFWC	System/Library/Frameworks/Speech.framework/Speech.tbd
_$s6Speech8TaskHintO2eeoiySbAC_ACtFZ	System/Library/Frameworks/Speech.framework/Speech.tbd
_$s6Speech8TaskHintO4hash4intoys6HasherVz_tF	System/Library/Frameworks/Speech.framework/Speech.tbd
_$s6Speech8TaskHintO5tshotyA2CmFWC	System/Library/Frameworks/Speech.framework/Speech.tbd
_$s6Speech8TaskHintO6searchyA2CmFWC	System/Library/Frameworks/Speech.framework/Speech.tbd
_$s6Speech8TaskHintO7spellCCyA2CmFWC	System/Library/Frameworks/Speech.framework/Speech.tbd
_$s6Speech8TaskHintO8allCasesSayACGvgZ	System/Library/Frameworks/Speech.framework/Speech.tbd
_$s6Speech8TaskHintO8allCasesSayACGvpZMV	System/Library/Frameworks/Speech.framework/Speech.tbd
_$s6Speech8TaskHintO8spellingyA2CmFWC	System/Library/Frameworks/Speech.framework/Speech.tbd
_$s6Speech8TaskHintO9assistantyA2CmFWC	System/Library/Frameworks/Speech.framework/Speech.tbd
_$s6Speech8TaskHintO9dictationyA2CmFWC	System/Library/Frameworks/Speech.framework/Speech.tbd
_$s6Speech8TaskHintO9hashValueSivg	System/Library/Frameworks/Speech.framework/Speech.tbd
_$s6Speech8TaskHintO9hashValueSivpMV	System/Library/Frameworks/Speech.framework/Speech.tbd
_$s6Speech8TaskHintO9voicemailyA2CmFWC	System/Library/Frameworks/Speech.framework/Speech.tbd
_$s6Speech8TaskHintOMa	System/Library/Frameworks/Speech.framework/Speech.tbd
_$s6Speech8TaskHintOMn	System/Library/Frameworks/Speech.framework/Speech.tbd
_$s6Speech8TaskHintON	System/Library/Frameworks/Speech.framework/Speech.tbd
_$s6Speech8TaskHintOSHAAMc	System/Library/Frameworks/Speech.framework/Speech.tbd
_$s6Speech8TaskHintOSQAAMc	System/Library/Frameworks/Speech.framework/Speech.tbd
_$s6Speech8TaskHintOs12CaseIterableAAMc	System/Library/Frameworks/Speech.framework/Speech.tbd
_$s7Results6Speech0B6ModulePTl	System/Library/Frameworks/Speech.framework/Speech.tbd
_$sSC17SFSpeechErrorCodeLeV6SpeechE_11descriptionABSoAAV_SStcfC	System/Library/Frameworks/Speech.framework/Speech.tbd
_$sSS6SpeechE41strippedOfLeadingWhitespaceAndPunctuationSSvg	System/Library/Frameworks/Speech.framework/Speech.tbd
_$sSS6SpeechE41strippedOfLeadingWhitespaceAndPunctuationSSvpMV	System/Library/Frameworks/Speech.framework/Speech.tbd
_$sSo16SFSpeechAnalyzerC6SpeechEABycfC	System/Library/Frameworks/Speech.framework/Speech.tbd
_$sSo16SFSpeechAnalyzerC6SpeechEABycfc	System/Library/Frameworks/Speech.framework/Speech.tbd
_$sSo16SFSpeechAnalyzerCMa	System/Library/Frameworks/Speech.framework/Speech.tbd
_$sSo17SFAcousticFeatureC6SpeechE08acousticB13ValuePerFrameSaySdGvg	System/Library/Frameworks/Speech.framework/Speech.tbd
_$sSo17SFAcousticFeatureC6SpeechE08acousticB13ValuePerFrameSaySdGvpMV	System/Library/Frameworks/Speech.framework/Speech.tbd
_$sSo17SFSpeechErrorCodeV6SpeechE02noD8DetectedABvgZ	System/Library/Frameworks/Speech.framework/Speech.tbd
_$sSo17SFSpeechErrorCodeV6SpeechE02noD8DetectedABvpZMV	System/Library/Frameworks/Speech.framework/Speech.tbd
_$sSo17SFSpeechErrorCodeV6SpeechE15audioDisorderedABvgZ	System/Library/Frameworks/Speech.framework/Speech.tbd
_$sSo17SFSpeechErrorCodeV6SpeechE15audioDisorderedABvpZMV	System/Library/Frameworks/Speech.framework/Speech.tbd
_$sSo17SFSpeechErrorCodeV6SpeechE17invalidJitProfileABvgZ	System/Library/Frameworks/Speech.framework/Speech.tbd
_$sSo17SFSpeechErrorCodeV6SpeechE17invalidJitProfileABvpZMV	System/Library/Frameworks/Speech.framework/Speech.tbd
_$sSo17SFSpeechErrorCodeV6SpeechE18moduleOutputFailedABvgZ	System/Library/Frameworks/Speech.framework/Speech.tbd
_$sSo17SFSpeechErrorCodeV6SpeechE18moduleOutputFailedABvpZMV	System/Library/Frameworks/Speech.framework/Speech.tbd
_$sSo17SFSpeechErrorCodeV6SpeechE21insufficientResourcesABvgZ	System/Library/Frameworks/Speech.framework/Speech.tbd
_$sSo17SFSpeechErrorCodeV6SpeechE21insufficientResourcesABvpZMV	System/Library/Frameworks/Speech.framework/Speech.tbd
_$sSo17SFSpeechErrorCodeV6SpeechE21unexpectedAudioFormatABvgZ	System/Library/Frameworks/Speech.framework/Speech.tbd
_$sSo17SFSpeechErrorCodeV6SpeechE21unexpectedAudioFormatABvpZMV	System/Library/Frameworks/Speech.framework/Speech.tbd
_$sSo17SFSpeechErrorCodeV6SpeechE23assetLocaleNotAllocatedABvgZ	System/Library/Frameworks/Speech.framework/Speech.tbd
_$sSo17SFSpeechErrorCodeV6SpeechE23assetLocaleNotAllocatedABvpZMV	System/Library/Frameworks/Speech.framework/Speech.tbd
_$sSo17SFSpeechErrorCodeV6SpeechE24incompatibleAudioFormatsABvgZ	System/Library/Frameworks/Speech.framework/Speech.tbd
_$sSo17SFSpeechErrorCodeV6SpeechE24incompatibleAudioFormatsABvpZMV	System/Library/Frameworks/Speech.framework/Speech.tbd
_$sSo17SFSpeechErrorCodeV6SpeechE28tooManyAssetLocalesAllocatedABvgZ	System/Library/Frameworks/Speech.framework/Speech.tbd
_$sSo17SFSpeechErrorCodeV6SpeechE28tooManyAssetLocalesAllocatedABvpZMV	System/Library/Frameworks/Speech.framework/Speech.tbd
_$sSo17SFSpeechErrorCodeV6SpeechE31cannotAllocateUnsupportedLocaleABvgZ	System/Library/Frameworks/Speech.framework/Speech.tbd
_$sSo17SFSpeechErrorCodeV6SpeechE31cannotAllocateUnsupportedLocaleABvpZMV	System/Library/Frameworks/Speech.framework/Speech.tbd
_$sSo17SFSpeechErrorCodeV6SpeechE7noModelABvgZ	System/Library/Frameworks/Speech.framework/Speech.tbd
_$sSo17SFSpeechErrorCodeV6SpeechE7noModelABvpZMV	System/Library/Frameworks/Speech.framework/Speech.tbd
_$sSo23SFContextualNamedEntityC6SpeechEABycfC	System/Library/Frameworks/Speech.framework/Speech.tbd
_$sSo23SFContextualNamedEntityC6SpeechEABycfc	System/Library/Frameworks/Speech.framework/Speech.tbd
_$sSo23SFContextualNamedEntityCMa	System/Library/Frameworks/Speech.framework/Speech.tbd
_$sSo29SFSpeechAnalyzerConfigurationC6SpeechEABycfC	System/Library/Frameworks/Speech.framework/Speech.tbd
_$sSo29SFSpeechAnalyzerConfigurationC6SpeechEABycfc	System/Library/Frameworks/Speech.framework/Speech.tbd
_$sSo29SFSpeechAnalyzerConfigurationCMa	System/Library/Frameworks/Speech.framework/Speech.tbd
_$sSo8NSBundleC6SpeechE6speechABvgZ	System/Library/Frameworks/Speech.framework/Speech.tbd
_$sSo8NSBundleC6SpeechE6speechABvpZMV	System/Library/Frameworks/Speech.framework/Speech.tbd
_OBJC_CLASS_$_EARAcousticFeature	System/Library/Frameworks/Speech.framework/Speech.tbd
_OBJC_CLASS_$_EARAudioAnalytics	System/Library/Frameworks/Speech.framework/Speech.tbd
_OBJC_CLASS_$_EAREuclidNeighbor	System/Library/Frameworks/Speech.framework/Speech.tbd
_OBJC_CLASS_$_EARFullPayloadCorrectionResult	System/Library/Frameworks/Speech.framework/Speech.tbd
_OBJC_CLASS_$_EARLanguageDetectorV2Result	System/Library/Frameworks/Speech.framework/Speech.tbd
_OBJC_CLASS_$_EARLatticeMitigatorResult	System/Library/Frameworks/Speech.framework/Speech.tbd
_OBJC_CLASS_$_EARRecognitionMetrics	System/Library/Frameworks/Speech.framework/Speech.tbd
_OBJC_CLASS_$_EARSpeechModelInfo	System/Library/Frameworks/Speech.framework/Speech.tbd
_OBJC_CLASS_$_EARSpeechRecognition	System/Library/Frameworks/Speech.framework/Speech.tbd
_OBJC_CLASS_$_EARSpeechRecognitionResult	System/Library/Frameworks/Speech.framework/Speech.tbd
_OBJC_CLASS_$_EARSpeechRecognitionResultPackage	System/Library/Frameworks/Speech.framework/Speech.tbd
_OBJC_CLASS_$_EARSpeechRecognitionToken	System/Library/Frameworks/Speech.framework/Speech.tbd
_OBJC_CLASS_$_SFAcousticFeature	System/Library/Frameworks/Speech.framework/Speech.tbd
_OBJC_CLASS_$_SFAnalyzerTranscriptionSegment	System/Library/Frameworks/Speech.framework/Speech.tbd
_OBJC_CLASS_$_SFContextualNamedEntity	System/Library/Frameworks/Speech.framework/Speech.tbd
_OBJC_CLASS_$_SFEndpointingResult	System/Library/Frameworks/Speech.framework/Speech.tbd
_OBJC_CLASS_$_SFEntitledAssetConfig	System/Library/Frameworks/Speech.framework/Speech.tbd
_OBJC_CLASS_$_SFEntitledAssetManager	System/Library/Frameworks/Speech.framework/Speech.tbd
_OBJC_CLASS_$_SFLanguageDetectorResult	System/Library/Frameworks/Speech.framework/Speech.tbd
_OBJC_CLASS_$_SFLocalSpeechRecognitionClient	System/Library/Frameworks/Speech.framework/Speech.tbd
_OBJC_CLASS_$_SFLocaleAlternative	System/Library/Frameworks/Speech.framework/Speech.tbd
_OBJC_CLASS_$_SFModelTaskSet	System/Library/Frameworks/Speech.framework/Speech.tbd
_OBJC_CLASS_$_SFPersonaManager	System/Library/Frameworks/Speech.framework/Speech.tbd
_OBJC_CLASS_$_SFRequestParameters	System/Library/Frameworks/Speech.framework/Speech.tbd
_OBJC_CLASS_$_SFSpeechAnalyzer	System/Library/Frameworks/Speech.framework/Speech.tbd
_OBJC_CLASS_$_SFSpeechAnalyzerConfiguration	System/Library/Frameworks/Speech.framework/Speech.tbd
_OBJC_CLASS_$_SFSpeechAnalyzerLanguageDetectorOptions	System/Library/Frameworks/Speech.framework/Speech.tbd
_OBJC_CLASS_$_SFSpeechAnalyzerOptions	System/Library/Frameworks/Speech.framework/Speech.tbd
_OBJC_CLASS_$_SFSpeechAnalyzerOptionsLoggingInfo	System/Library/Frameworks/Speech.framework/Speech.tbd
_OBJC_CLASS_$_SFSpeechAnalyzerOptionsPowerContext	System/Library/Frameworks/Speech.framework/Speech.tbd
_OBJC_CLASS_$_SFSpeechAnalyzerSpeechDetectorOptions	System/Library/Frameworks/Speech.framework/Speech.tbd
_OBJC_CLASS_$_SFSpeechAnalyzerTranscriberOptions	System/Library/Frameworks/Speech.framework/Speech.tbd
_OBJC_CLASS_$_SFSpeechAssetManager	System/Library/Frameworks/Speech.framework/Speech.tbd
_OBJC_CLASS_$_SFSpeechAudioBufferRecognitionRequest	System/Library/Frameworks/Speech.framework/Speech.tbd
_OBJC_CLASS_$_SFSpeechDetectorResult	System/Library/Frameworks/Speech.framework/Speech.tbd
_OBJC_CLASS_$_SFSpeechLanguageModel	System/Library/Frameworks/Speech.framework/Speech.tbd
_OBJC_CLASS_$_SFSpeechLanguageModelConfiguration	System/Library/Frameworks/Speech.framework/Speech.tbd
_OBJC_CLASS_$_SFSpeechProfileContainer	System/Library/Frameworks/Speech.framework/Speech.tbd
_OBJC_CLASS_$_SFSpeechProfileContainerManager	System/Library/Frameworks/Speech.framework/Speech.tbd
_OBJC_CLASS_$_SFSpeechProfileResourceMonitor	System/Library/Frameworks/Speech.framework/Speech.tbd
_OBJC_CLASS_$_SFSpeechRecognitionMetadata	System/Library/Frameworks/Speech.framework/Speech.tbd
_OBJC_CLASS_$_SFSpeechRecognitionRequest	System/Library/Frameworks/Speech.framework/Speech.tbd
_OBJC_CLASS_$_SFSpeechRecognitionResult	System/Library/Frameworks/Speech.framework/Speech.tbd
_OBJC_CLASS_$_SFSpeechRecognitionTask	System/Library/Frameworks/Speech.framework/Speech.tbd
_OBJC_CLASS_$_SFSpeechRecognizer	System/Library/Frameworks/Speech.framework/Speech.tbd
_OBJC_CLASS_$_SFSpeechURLRecognitionRequest	System/Library/Frameworks/Speech.framework/Speech.tbd
_OBJC_CLASS_$_SFToken	System/Library/Frameworks/Speech.framework/Speech.tbd
_OBJC_CLASS_$_SFTranscriberModelOptions	System/Library/Frameworks/Speech.framework/Speech.tbd
_OBJC_CLASS_$_SFTranscriberReportingOptions	System/Library/Frameworks/Speech.framework/Speech.tbd
_OBJC_CLASS_$_SFTranscriberResult	System/Library/Frameworks/Speech.framework/Speech.tbd
_OBJC_CLASS_$_SFTranscription	System/Library/Frameworks/Speech.framework/Speech.tbd
_OBJC_CLASS_$_SFTranscriptionSegment	System/Library/Frameworks/Speech.framework/Speech.tbd
_OBJC_CLASS_$_SFUtilities	System/Library/Frameworks/Speech.framework/Speech.tbd
_OBJC_CLASS_$_SFVoiceAnalytics	System/Library/Frameworks/Speech.framework/Speech.tbd
_OBJC_CLASS_$_STTranscriberMultisegmentResult	System/Library/Frameworks/Speech.framework/Speech.tbd
_OBJC_CLASS_$_STTranscriberSingleSegmentResult	System/Library/Frameworks/Speech.framework/Speech.tbd
_OBJC_CLASS_$__SFAnalysisContextCodingObject	System/Library/Frameworks/Speech.framework/Speech.tbd
_OBJC_CLASS_$__SFAnalysisOptions	System/Library/Frameworks/Speech.framework/Speech.tbd
_OBJC_CLASS_$__SFAnalyzerClientInfo	System/Library/Frameworks/Speech.framework/Speech.tbd
_OBJC_CLASS_$__SFContextualNamedEntityCodingObject	System/Library/Frameworks/Speech.framework/Speech.tbd
_OBJC_CLASS_$__SFContextualNamedEntitySource	System/Library/Frameworks/Speech.framework/Speech.tbd
_OBJC_CLASS_$__SFContextualRankedContactSource	System/Library/Frameworks/Speech.framework/Speech.tbd
_OBJC_CLASS_$__SFEnhancedContextualString	System/Library/Frameworks/Speech.framework/Speech.tbd
_OBJC_CLASS_$__SFLanguageDetectorOptions	System/Library/Frameworks/Speech.framework/Speech.tbd
_OBJC_CLASS_$__SFModelProperties	System/Library/Frameworks/Speech.framework/Speech.tbd
_OBJC_CLASS_$__SFSearchRequest	System/Library/Frameworks/Speech.framework/Speech.tbd
_OBJC_CLASS_$__SFSearchResult	System/Library/Frameworks/Speech.framework/Speech.tbd
_OBJC_CLASS_$__SFSpeechRecognizerEndpointDetectorOptions	System/Library/Frameworks/Speech.framework/Speech.tbd
_OBJC_CLASS_$__SFSpeechRecognizerModelOptions	System/Library/Frameworks/Speech.framework/Speech.tbd
_OBJC_CLASS_$__SFSpeechRecognizerSpeechDetectorOptions	System/Library/Frameworks/Speech.framework/Speech.tbd
_OBJC_CLASS_$__SFSpeechRecognizerSupportedFeatures	System/Library/Frameworks/Speech.framework/Speech.tbd
_OBJC_CLASS_$__TtC6Speech24AssetInstallationRequest	System/Library/Frameworks/Speech.framework/Speech.tbd
_OBJC_CLASS_$__TtC6Speech25AssetsInstallationRequest	System/Library/Frameworks/Speech.framework/Speech.tbd
_OBJC_METACLASS_$_EARAcousticFeature	System/Library/Frameworks/Speech.framework/Speech.tbd
_OBJC_METACLASS_$_EARAudioAnalytics	System/Library/Frameworks/Speech.framework/Speech.tbd
_OBJC_METACLASS_$_EAREuclidNeighbor	System/Library/Frameworks/Speech.framework/Speech.tbd
_OBJC_METACLASS_$_EARFullPayloadCorrectionResult	System/Library/Frameworks/Speech.framework/Speech.tbd
_OBJC_METACLASS_$_EARLanguageDetectorV2Result	System/Library/Frameworks/Speech.framework/Speech.tbd
_OBJC_METACLASS_$_EARLatticeMitigatorResult	System/Library/Frameworks/Speech.framework/Speech.tbd
_OBJC_METACLASS_$_EARRecognitionMetrics	System/Library/Frameworks/Speech.framework/Speech.tbd
_OBJC_METACLASS_$_EARSpeechModelInfo	System/Library/Frameworks/Speech.framework/Speech.tbd
_OBJC_METACLASS_$_EARSpeechRecognition	System/Library/Frameworks/Speech.framework/Speech.tbd
_OBJC_METACLASS_$_EARSpeechRecognitionResult	System/Library/Frameworks/Speech.framework/Speech.tbd
_OBJC_METACLASS_$_EARSpeechRecognitionResultPackage	System/Library/Frameworks/Speech.framework/Speech.tbd
_OBJC_METACLASS_$_EARSpeechRecognitionToken	System/Library/Frameworks/Speech.framework/Speech.tbd
_OBJC_METACLASS_$_SFAcousticFeature	System/Library/Frameworks/Speech.framework/Speech.tbd
_OBJC_METACLASS_$_SFAnalyzerTranscriptionSegment	System/Library/Frameworks/Speech.framework/Speech.tbd
_OBJC_METACLASS_$_SFContextualNamedEntity	System/Library/Frameworks/Speech.framework/Speech.tbd
_OBJC_METACLASS_$_SFEndpointingResult	System/Library/Frameworks/Speech.framework/Speech.tbd
_OBJC_METACLASS_$_SFEntitledAssetConfig	System/Library/Frameworks/Speech.framework/Speech.tbd
_OBJC_METACLASS_$_SFEntitledAssetManager	System/Library/Frameworks/Speech.framework/Speech.tbd
_OBJC_METACLASS_$_SFLanguageDetectorResult	System/Library/Frameworks/Speech.framework/Speech.tbd
_OBJC_METACLASS_$_SFLocalSpeechRecognitionClient	System/Library/Frameworks/Speech.framework/Speech.tbd
_OBJC_METACLASS_$_SFLocaleAlternative	System/Library/Frameworks/Speech.framework/Speech.tbd
_OBJC_METACLASS_$_SFModelTaskSet	System/Library/Frameworks/Speech.framework/Speech.tbd
_OBJC_METACLASS_$_SFPersonaManager	System/Library/Frameworks/Speech.framework/Speech.tbd
_OBJC_METACLASS_$_SFRequestParameters	System/Library/Frameworks/Speech.framework/Speech.tbd
_OBJC_METACLASS_$_SFSpeechAnalyzer	System/Library/Frameworks/Speech.framework/Speech.tbd
_OBJC_METACLASS_$_SFSpeechAnalyzerConfiguration	System/Library/Frameworks/Speech.framework/Speech.tbd
_OBJC_METACLASS_$_SFSpeechAnalyzerLanguageDetectorOptions	System/Library/Frameworks/Speech.framework/Speech.tbd
_OBJC_METACLASS_$_SFSpeechAnalyzerOptions	System/Library/Frameworks/Speech.framework/Speech.tbd
_OBJC_METACLASS_$_SFSpeechAnalyzerOptionsLoggingInfo	System/Library/Frameworks/Speech.framework/Speech.tbd
_OBJC_METACLASS_$_SFSpeechAnalyzerOptionsPowerContext	System/Library/Frameworks/Speech.framework/Speech.tbd
_OBJC_METACLASS_$_SFSpeechAnalyzerSpeechDetectorOptions	System/Library/Frameworks/Speech.framework/Speech.tbd
_OBJC_METACLASS_$_SFSpeechAnalyzerTranscriberOptions	System/Library/Frameworks/Speech.framework/Speech.tbd
_OBJC_METACLASS_$_SFSpeechAssetManager	System/Library/Frameworks/Speech.framework/Speech.tbd
_OBJC_METACLASS_$_SFSpeechAudioBufferRecognitionRequest	System/Library/Frameworks/Speech.framework/Speech.tbd
_OBJC_METACLASS_$_SFSpeechDetectorResult	System/Library/Frameworks/Speech.framework/Speech.tbd
_OBJC_METACLASS_$_SFSpeechLanguageModel	System/Library/Frameworks/Speech.framework/Speech.tbd
_OBJC_METACLASS_$_SFSpeechLanguageModelConfiguration	System/Library/Frameworks/Speech.framework/Speech.tbd
_OBJC_METACLASS_$_SFSpeechProfileContainer	System/Library/Frameworks/Speech.framework/Speech.tbd
_OBJC_METACLASS_$_SFSpeechProfileContainerManager	System/Library/Frameworks/Speech.framework/Speech.tbd
_OBJC_METACLASS_$_SFSpeechProfileResourceMonitor	System/Library/Frameworks/Speech.framework/Speech.tbd
_OBJC_METACLASS_$_SFSpeechRecognitionMetadata	System/Library/Frameworks/Speech.framework/Speech.tbd
_OBJC_METACLASS_$_SFSpeechRecognitionRequest	System/Library/Frameworks/Speech.framework/Speech.tbd
_OBJC_METACLASS_$_SFSpeechRecognitionResult	System/Library/Frameworks/Speech.framework/Speech.tbd
_OBJC_METACLASS_$_SFSpeechRecognitionTask	System/Library/Frameworks/Speech.framework/Speech.tbd
_OBJC_METACLASS_$_SFSpeechRecognizer	System/Library/Frameworks/Speech.framework/Speech.tbd
_OBJC_METACLASS_$_SFSpeechURLRecognitionRequest	System/Library/Frameworks/Speech.framework/Speech.tbd
_OBJC_METACLASS_$_SFToken	System/Library/Frameworks/Speech.framework/Speech.tbd
_OBJC_METACLASS_$_SFTranscriberModelOptions	System/Library/Frameworks/Speech.framework/Speech.tbd
_OBJC_METACLASS_$_SFTranscriberReportingOptions	System/Library/Frameworks/Speech.framework/Speech.tbd
_OBJC_METACLASS_$_SFTranscriberResult	System/Library/Frameworks/Speech.framework/Speech.tbd
_OBJC_METACLASS_$_SFTranscription	System/Library/Frameworks/Speech.framework/Speech.tbd
_OBJC_METACLASS_$_SFTranscriptionSegment	System/Library/Frameworks/Speech.framework/Speech.tbd
_OBJC_METACLASS_$_SFUtilities	System/Library/Frameworks/Speech.framework/Speech.tbd
_OBJC_METACLASS_$_SFVoiceAnalytics	System/Library/Frameworks/Speech.framework/Speech.tbd
_OBJC_METACLASS_$_STTranscriberMultisegmentResult	System/Library/Frameworks/Speech.framework/Speech.tbd
_OBJC_METACLASS_$_STTranscriberSingleSegmentResult	System/Library/Frameworks/Speech.framework/Speech.tbd
_OBJC_METACLASS_$__SFAnalysisContextCodingObject	System/Library/Frameworks/Speech.framework/Speech.tbd
_OBJC_METACLASS_$__SFAnalysisOptions	System/Library/Frameworks/Speech.framework/Speech.tbd
_OBJC_METACLASS_$__SFAnalyzerClientInfo	System/Library/Frameworks/Speech.framework/Speech.tbd
_OBJC_METACLASS_$__SFContextualNamedEntityCodingObject	System/Library/Frameworks/Speech.framework/Speech.tbd
_OBJC_METACLASS_$__SFContextualNamedEntitySource	System/Library/Frameworks/Speech.framework/Speech.tbd
_OBJC_METACLASS_$__SFContextualRankedContactSource	System/Library/Frameworks/Speech.framework/Speech.tbd
_OBJC_METACLASS_$__SFEnhancedContextualString	System/Library/Frameworks/Speech.framework/Speech.tbd
_OBJC_METACLASS_$__SFLanguageDetectorOptions	System/Library/Frameworks/Speech.framework/Speech.tbd
_OBJC_METACLASS_$__SFModelProperties	System/Library/Frameworks/Speech.framework/Speech.tbd
_OBJC_METACLASS_$__SFSearchRequest	System/Library/Frameworks/Speech.framework/Speech.tbd
_OBJC_METACLASS_$__SFSearchResult	System/Library/Frameworks/Speech.framework/Speech.tbd
_OBJC_METACLASS_$__SFSpeechRecognizerEndpointDetectorOptions	System/Library/Frameworks/Speech.framework/Speech.tbd
_OBJC_METACLASS_$__SFSpeechRecognizerModelOptions	System/Library/Frameworks/Speech.framework/Speech.tbd
_OBJC_METACLASS_$__SFSpeechRecognizerSpeechDetectorOptions	System/Library/Frameworks/Speech.framework/Speech.tbd
_OBJC_METACLASS_$__SFSpeechRecognizerSupportedFeatures	System/Library/Frameworks/Speech.framework/Speech.tbd
_OBJC_METACLASS_$__TtC6Speech24AssetInstallationRequest	System/Library/Frameworks/Speech.framework/Speech.tbd
_OBJC_METACLASS_$__TtC6Speech25AssetsInstallationRequest	System/Library/Frameworks/Speech.framework/Speech.tbd
_SFAllDataSites	System/Library/Frameworks/Speech.framework/Speech.tbd
_SFAnalysisContextTagContextualNamedEntities	System/Library/Frameworks/Speech.framework/Speech.tbd
_SFAnalysisContextTagLeftContext	System/Library/Frameworks/Speech.framework/Speech.tbd
_SFAnalysisContextTagRightContext	System/Library/Frameworks/Speech.framework/Speech.tbd
_SFAnalysisContextTagSelectedText	System/Library/Frameworks/Speech.framework/Speech.tbd
_SFAnalyticsEventTypeGetName	System/Library/Frameworks/Speech.framework/Speech.tbd
_SFDataSiteURL	System/Library/Frameworks/Speech.framework/Speech.tbd
_SFDefaultDataSite	System/Library/Frameworks/Speech.framework/Speech.tbd
_SFDefaultSpeechProfileUserId	System/Library/Frameworks/Speech.framework/Speech.tbd
_SFEndModelRetention	System/Library/Frameworks/Speech.framework/Speech.tbd
_SFEntitledAssetConfigForLanguageDetector	System/Library/Frameworks/Speech.framework/Speech.tbd
_SFEntitledAssetOverridePrefixPath	System/Library/Frameworks/Speech.framework/Speech.tbd
_SFEntitledAssetOverridePrefixStatus	System/Library/Frameworks/Speech.framework/Speech.tbd
_SFEntitledAssetStatusIsHighQuality	System/Library/Frameworks/Speech.framework/Speech.tbd
_SFEntitledAssetStatusIsInstalled	System/Library/Frameworks/Speech.framework/Speech.tbd
_SFEntitledAssetTypeForTaskHint	System/Library/Frameworks/Speech.framework/Speech.tbd
_SFEntitledAssetTypeForTaskName	System/Library/Frameworks/Speech.framework/Speech.tbd
_SFEntitledAssetTypeFromString	System/Library/Frameworks/Speech.framework/Speech.tbd
_SFEntitledAssetTypeToString	System/Library/Frameworks/Speech.framework/Speech.tbd
_SFGeneralASRReplacementLanguageCodeForLocaleIdentifier	System/Library/Frameworks/Speech.framework/Speech.tbd
_SFGetOrCreateDirectoryPath	System/Library/Frameworks/Speech.framework/Speech.tbd
_SFGetOrCreateDirectoryURL	System/Library/Frameworks/Speech.framework/Speech.tbd
_SFHash64	System/Library/Frameworks/Speech.framework/Speech.tbd
_SFHash64String	System/Library/Frameworks/Speech.framework/Speech.tbd
_SFIsIOS	System/Library/Frameworks/Speech.framework/Speech.tbd
_SFIsInternalInstall	System/Library/Frameworks/Speech.framework/Speech.tbd
_SFIsMac	System/Library/Frameworks/Speech.framework/Speech.tbd
_SFIsTV	System/Library/Frameworks/Speech.framework/Speech.tbd
_SFLSRDelegateGetInterface	System/Library/Frameworks/Speech.framework/Speech.tbd
_SFLSRGetInterface	System/Library/Frameworks/Speech.framework/Speech.tbd
_SFLogConnection	System/Library/Frameworks/Speech.framework/Speech.tbd
_SFLogFramework	System/Library/Frameworks/Speech.framework/Speech.tbd
_SFLogInitIfNeeded	System/Library/Frameworks/Speech.framework/Speech.tbd
_SFMappedLocaleForSpeechProfile	System/Library/Frameworks/Speech.framework/Speech.tbd
_SFModelAttributeCodeOfflineOnly	System/Library/Frameworks/Speech.framework/Speech.tbd
_SFModelAttributeCodePreferOverServer	System/Library/Frameworks/Speech.framework/Speech.tbd
_SFPersonaIdFromSiteURL	System/Library/Frameworks/Speech.framework/Speech.tbd
_SFProtectionClassForDataSiteURL	System/Library/Frameworks/Speech.framework/Speech.tbd
_SFReadPropertyList	System/Library/Frameworks/Speech.framework/Speech.tbd
_SFRemoveItemIfExistsAtPath	System/Library/Frameworks/Speech.framework/Speech.tbd
_SFRemoveItemIfExistsAtURL	System/Library/Frameworks/Speech.framework/Speech.tbd
_SFReplacementLocaleCodeForLocaleIdentifier	System/Library/Frameworks/Speech.framework/Speech.tbd
_SFScanHexString	System/Library/Frameworks/Speech.framework/Speech.tbd
_SFSetError	System/Library/Frameworks/Speech.framework/Speech.tbd
_SFSpeechErrorCodeAssetLocaleNotAllocated	System/Library/Frameworks/Speech.framework/Speech.tbd
_SFSpeechErrorCodeAudioDisordered	System/Library/Frameworks/Speech.framework/Speech.tbd
_SFSpeechErrorCodeCannotAllocateUnsupportedLocale	System/Library/Frameworks/Speech.framework/Speech.tbd
_SFSpeechErrorCodeIncompatibleAudioFormats	System/Library/Frameworks/Speech.framework/Speech.tbd
_SFSpeechErrorCodeInsufficientResources	System/Library/Frameworks/Speech.framework/Speech.tbd
_SFSpeechErrorCodeInvalidJitProfile	System/Library/Frameworks/Speech.framework/Speech.tbd
_SFSpeechErrorCodeModuleOutputFailed	System/Library/Frameworks/Speech.framework/Speech.tbd
_SFSpeechErrorCodeNoModel	System/Library/Frameworks/Speech.framework/Speech.tbd
_SFSpeechErrorCodeNoSpeechDetected	System/Library/Frameworks/Speech.framework/Speech.tbd
_SFSpeechErrorCodeTooManyAssetLocalesAllocated	System/Library/Frameworks/Speech.framework/Speech.tbd
_SFSpeechErrorCodeUnexpectedAudioFormat	System/Library/Frameworks/Speech.framework/Speech.tbd
_SFSpeechErrorDomain	System/Library/Frameworks/Speech.framework/Speech.tbd
_SFSpeechProfileRootDirectoryURL	System/Library/Frameworks/Speech.framework/Speech.tbd
_SFSpeechProfileSiteDescription	System/Library/Frameworks/Speech.framework/Speech.tbd
_SFSpeechProfileSiteDirectories	System/Library/Frameworks/Speech.framework/Speech.tbd
_SFSpeechProfileSiteDirectoriesWithUserType	System/Library/Frameworks/Speech.framework/Speech.tbd
_SFSupportsANE	System/Library/Frameworks/Speech.framework/Speech.tbd
_SFUserDescription	System/Library/Frameworks/Speech.framework/Speech.tbd
_SFUserIdHash	System/Library/Frameworks/Speech.framework/Speech.tbd
_SFUserIdHashFromDataSiteURL	System/Library/Frameworks/Speech.framework/Speech.tbd
_SFUserIdHashFromString	System/Library/Frameworks/Speech.framework/Speech.tbd
_SFUserIdHashToString	System/Library/Frameworks/Speech.framework/Speech.tbd
_SFUserSpecificDataSites	System/Library/Frameworks/Speech.framework/Speech.tbd
_SFWritePropertyList	System/Library/Frameworks/Speech.framework/Speech.tbd
_SupportedASBD	System/Library/Frameworks/Speech.framework/Speech.tbd
__swift_FORCE_LOAD_$_swiftSpeech	System/Library/Frameworks/Speech.framework/Speech.tbd
_kCooldownTimerIntervalSeconds	System/Library/Frameworks/Speech.framework/Speech.tbd
_kLSRServiceName	System/Library/Frameworks/Speech.framework/Speech.tbd
_kSFCoreAnalyticsAPIVersionKey	System/Library/Frameworks/Speech.framework/Speech.tbd
_kSFCoreAnalyticsAppnameKey	System/Library/Frameworks/Speech.framework/Speech.tbd
_kSFCoreAnalyticsArtifactIdentifierKey	System/Library/Frameworks/Speech.framework/Speech.tbd
_kSFCoreAnalyticsAsrInitializationTimeKey	System/Library/Frameworks/Speech.framework/Speech.tbd
_kSFCoreAnalyticsAssetTypeKey	System/Library/Frameworks/Speech.framework/Speech.tbd
_kSFCoreAnalyticsAudioDurationKey	System/Library/Frameworks/Speech.framework/Speech.tbd
_kSFCoreAnalyticsCpuRtfKey	System/Library/Frameworks/Speech.framework/Speech.tbd
_kSFCoreAnalyticsCustomPronParseTime	System/Library/Frameworks/Speech.framework/Speech.tbd
_kSFCoreAnalyticsErrorCode	System/Library/Frameworks/Speech.framework/Speech.tbd
_kSFCoreAnalyticsErrorDomain	System/Library/Frameworks/Speech.framework/Speech.tbd
_kSFCoreAnalyticsFailedOperationKey	System/Library/Frameworks/Speech.framework/Speech.tbd
_kSFCoreAnalyticsIsFinalKey	System/Library/Frameworks/Speech.framework/Speech.tbd
_kSFCoreAnalyticsJitLmeProcessingTimeKey	System/Library/Frameworks/Speech.framework/Speech.tbd
_kSFCoreAnalyticsLanguageKey	System/Library/Frameworks/Speech.framework/Speech.tbd
_kSFCoreAnalyticsModelBuildTimeKey	System/Library/Frameworks/Speech.framework/Speech.tbd
_kSFCoreAnalyticsModelLoadTimeKey	System/Library/Frameworks/Speech.framework/Speech.tbd
_kSFCoreAnalyticsModelVersionKey	System/Library/Frameworks/Speech.framework/Speech.tbd
_kSFCoreAnalyticsNarrowbandKey	System/Library/Frameworks/Speech.framework/Speech.tbd
_kSFCoreAnalyticsNumberOfTokensKey	System/Library/Frameworks/Speech.framework/Speech.tbd
_kSFCoreAnalyticsOndeviceKey	System/Library/Frameworks/Speech.framework/Speech.tbd
_kSFCoreAnalyticsProfileBuildTime	System/Library/Frameworks/Speech.framework/Speech.tbd
_kSFCoreAnalyticsRecognitionDurationKey	System/Library/Frameworks/Speech.framework/Speech.tbd
_kSFCoreAnalyticsRecognitionResponseTimeKey	System/Library/Frameworks/Speech.framework/Speech.tbd
_kSFCoreAnalyticsSuccessKey	System/Library/Frameworks/Speech.framework/Speech.tbd
_kSFCoreAnalyticsTTFWKey	System/Library/Frameworks/Speech.framework/Speech.tbd
_kSFCoreAnalyticsTaskIdentifierKey	System/Library/Frameworks/Speech.framework/Speech.tbd
_kSFCoreAnalyticsTaskKey	System/Library/Frameworks/Speech.framework/Speech.tbd
_kSFCoreAnalyticsTextNotEmptyKey	System/Library/Frameworks/Speech.framework/Speech.tbd
_kSFCoreAnalyticsTotalTimeKey	System/Library/Frameworks/Speech.framework/Speech.tbd
_kSFCoreAnalyticsUsesCustomLmKey	System/Library/Frameworks/Speech.framework/Speech.tbd
_kSFCoreAnalyticsUsesCustomVocabKey	System/Library/Frameworks/Speech.framework/Speech.tbd
_kSFDefaultDataSiteName	System/Library/Frameworks/Speech.framework/Speech.tbd
_kSFHindiLocaleIdentifier	System/Library/Frameworks/Speech.framework/Speech.tbd
_kSFHindiTranslitKeyboardIdentifier	System/Library/Frameworks/Speech.framework/Speech.tbd
_kSFHindiTranslitReplacementLocaleIdentifier	System/Library/Frameworks/Speech.framework/Speech.tbd
_kSFLogConnection	System/Library/Frameworks/Speech.framework/Speech.tbd
_kSFLogFramework	System/Library/Frameworks/Speech.framework/Speech.tbd
_kSFLoggingSubsystem	System/Library/Frameworks/Speech.framework/Speech.tbd
_kSFSpeechProfileDefaultUserId	System/Library/Frameworks/Speech.framework/Speech.tbd
_kSFSpeechProfileResourceId	System/Library/Frameworks/Speech.framework/Speech.tbd
_kSFSpeechRecognizerBundleIdentifierWhatsApp	System/Library/Frameworks/Speech.framework/Speech.tbd
_kSFSpeechRecognizerCustomLIDAssetPathKey	System/Library/Frameworks/Speech.framework/Speech.tbd
_kSFSpeechRecognizerDumpedTaskIdentifierKey	System/Library/Frameworks/Speech.framework/Speech.tbd
_kSFSpeechRecognizerQuasarLoggingKey	System/Library/Frameworks/Speech.framework/Speech.tbd
_kSFSpeechRecognizerTaskAssistant	System/Library/Frameworks/Speech.framework/Speech.tbd
_kSFSpeechRecognizerTaskCaptioning	System/Library/Frameworks/Speech.framework/Speech.tbd
_kSFSpeechRecognizerTaskConfirmation	System/Library/Frameworks/Speech.framework/Speech.tbd
_kSFSpeechRecognizerTaskDictation	System/Library/Frameworks/Speech.framework/Speech.tbd
_kSFSpeechRecognizerTaskDictationCC	System/Library/Frameworks/Speech.framework/Speech.tbd
_kSFSpeechRecognizerTaskFoundInCalls	System/Library/Frameworks/Speech.framework/Speech.tbd
_kSFSpeechRecognizerTaskIdentifierCallScreening	System/Library/Frameworks/Speech.framework/Speech.tbd
_kSFSpeechRecognizerTaskLiveTranscription	System/Library/Frameworks/Speech.framework/Speech.tbd
_kSFSpeechRecognizerTaskOfflineTranscription	System/Library/Frameworks/Speech.framework/Speech.tbd
_kSFSpeechRecognizerTaskSearch	System/Library/Frameworks/Speech.framework/Speech.tbd
_kSFSpeechRecognizerTaskSiriDictation	System/Library/Frameworks/Speech.framework/Speech.tbd
_kSFSpeechRecognizerTaskSpellCC	System/Library/Frameworks/Speech.framework/Speech.tbd
_kSFSpeechRecognizerTaskSpelling	System/Library/Frameworks/Speech.framework/Speech.tbd
_kSFSpeechRecognizerTaskTranslateApp	System/Library/Frameworks/Speech.framework/Speech.tbd
_kSFSpeechRecognizerTaskTshot	System/Library/Frameworks/Speech.framework/Speech.tbd
_kSFSpeechRecognizerTaskUnknown	System/Library/Frameworks/Speech.framework/Speech.tbd
_kSFSpeechRecognizerTaskUnspecified	System/Library/Frameworks/Speech.framework/Speech.tbd
_kSFSpeechRecognizerTaskVoiceMail	System/Library/Frameworks/Speech.framework/Speech.tbd
_kSFUserSpecificDataSiteName	System/Library/Frameworks/Speech.framework/Speech.tbd
_xpcInterface_EAREuclid	System/Library/Frameworks/Speech.framework/Speech.tbd
_xpcInterface_EARFullPayloadCorrector	System/Library/Frameworks/Speech.framework/Speech.tbd
_xpcInterface_EARLanguageDetector	System/Library/Frameworks/Speech.framework/Speech.tbd
_xpcInterface_EARLanguageDetectorResultStream	System/Library/Frameworks/Speech.framework/Speech.tbd
_xpcInterface_EARSpeechRecognitionResultStream	System/Library/Frameworks/Speech.framework/Speech.tbd
_xpcInterface_EARSpeechRecognizer	System/Library/Frameworks/Speech.framework/Speech.tbd
_xpcInterface_EARTranscriptionEvaluator	System/Library/Frameworks/Speech.framework/Speech.tbd
_xpcInterface_LSRAssetInventory	System/Library/Frameworks/Speech.framework/Speech.tbd
_xpcInterface_LSRAssets	System/Library/Frameworks/Speech.framework/Speech.tbd
