precise	kind	title	path	declaration
c:@CKAccountChangedNotification	swift.type.property	CKAccountChanged	NSNotification.Name.CKAccountChanged	static let CKAccountChanged: NSNotification.Name
c:@CKCurrentUserDefaultName	swift.var	CKCurrentUserDefaultName	CKCurrentUserDefaultName	let CKCurrentUserDefaultName: String
c:@CKErrorDomain	swift.var	CKErrorDomain	CKErrorDomain	let CKErrorDomain: String
c:@CKErrorRetryAfterKey	swift.var	CKErrorRetryAfterKey	CKErrorRetryAfterKey	let CKErrorRetryAfterKey: String
c:@CKErrorUserDidResetEncryptedDataKey	swift.var	CKErrorUserDidResetEncryptedDataKey	CKErrorUserDidResetEncryptedDataKey	let CKErrorUserDidResetEncryptedDataKey: String
c:@CKOwnerDefaultName	swift.var	CKOwnerDefaultName	CKOwnerDefaultName	let CKOwnerDefaultName: String
c:@CKPartialErrorsByItemIDKey	swift.var	CKPartialErrorsByItemIDKey	CKPartialErrorsByItemIDKey	let CKPartialErrorsByItemIDKey: String
c:@CKQueryOperationMaximumResults	swift.type.property	maximumResults	CKQueryOperation.maximumResults	class let maximumResults: Int
c:@CKRecordChangedErrorAncestorRecordKey	swift.var	CKRecordChangedErrorAncestorRecordKey	CKRecordChangedErrorAncestorRecordKey	let CKRecordChangedErrorAncestorRecordKey: String
c:@CKRecordChangedErrorClientRecordKey	swift.var	CKRecordChangedErrorClientRecordKey	CKRecordChangedErrorClientRecordKey	let CKRecordChangedErrorClientRecordKey: String
c:@CKRecordChangedErrorServerRecordKey	swift.var	CKRecordChangedErrorServerRecordKey	CKRecordChangedErrorServerRecordKey	let CKRecordChangedErrorServerRecordKey: String
c:@CKRecordNameZoneWideShare	swift.var	CKRecordNameZoneWideShare	CKRecordNameZoneWideShare	let CKRecordNameZoneWideShare: String
c:@E@CKAccountStatus	swift.enum	CKAccountStatus	CKAccountStatus	enum CKAccountStatus
c:@E@CKAccountStatus@CKAccountStatusAvailable	swift.enum.case	CKAccountStatus.available	CKAccountStatus.available	case available
c:@E@CKAccountStatus@CKAccountStatusCouldNotDetermine	swift.enum.case	CKAccountStatus.couldNotDetermine	CKAccountStatus.couldNotDetermine	case couldNotDetermine
c:@E@CKAccountStatus@CKAccountStatusNoAccount	swift.enum.case	CKAccountStatus.noAccount	CKAccountStatus.noAccount	case noAccount
c:@E@CKAccountStatus@CKAccountStatusRestricted	swift.enum.case	CKAccountStatus.restricted	CKAccountStatus.restricted	case restricted
c:@E@CKAccountStatus@CKAccountStatusTemporarilyUnavailable	swift.enum.case	CKAccountStatus.temporarilyUnavailable	CKAccountStatus.temporarilyUnavailable	case temporarilyUnavailable
c:@E@CKApplicationPermissionStatus	swift.enum	CKContainer.ApplicationPermissionStatus	CKContainer.ApplicationPermissionStatus	enum ApplicationPermissionStatus
c:@E@CKApplicationPermissionStatus@CKApplicationPermissionStatusCouldNotComplete	swift.enum.case	CKContainer.ApplicationPermissionStatus.couldNotComplete	CKContainer.ApplicationPermissionStatus.couldNotComplete	case couldNotComplete
c:@E@CKApplicationPermissionStatus@CKApplicationPermissionStatusDenied	swift.enum.case	CKContainer.ApplicationPermissionStatus.denied	CKContainer.ApplicationPermissionStatus.denied	case denied
c:@E@CKApplicationPermissionStatus@CKApplicationPermissionStatusGranted	swift.enum.case	CKContainer.ApplicationPermissionStatus.granted	CKContainer.ApplicationPermissionStatus.granted	case granted
c:@E@CKApplicationPermissionStatus@CKApplicationPermissionStatusInitialState	swift.enum.case	CKContainer.ApplicationPermissionStatus.initialState	CKContainer.ApplicationPermissionStatus.initialState	case initialState
c:@E@CKApplicationPermissions	swift.struct	CKContainer.ApplicationPermissions	CKContainer.ApplicationPermissions	struct ApplicationPermissions
c:@E@CKApplicationPermissions@CKApplicationPermissionUserDiscoverability	swift.type.property	userDiscoverability	CKContainer.ApplicationPermissions.userDiscoverability	static var userDiscoverability: CKContainer.ApplicationPermissions { get }
c:@E@CKDatabaseScope	swift.enum	CKDatabase.Scope	CKDatabase.Scope	enum Scope
c:@E@CKDatabaseScope@CKDatabaseScopePrivate	swift.enum.case	CKDatabase.Scope.private	CKDatabase.Scope.private	case `private`
c:@E@CKDatabaseScope@CKDatabaseScopePublic	swift.enum.case	CKDatabase.Scope.public	CKDatabase.Scope.public	case `public`
c:@E@CKDatabaseScope@CKDatabaseScopeShared	swift.enum.case	CKDatabase.Scope.shared	CKDatabase.Scope.shared	case shared
c:@E@CKErrorCode	swift.enum	CKError.Code	CKError.Code	enum Code
c:@E@CKErrorCode@CKErrorAccountTemporarilyUnavailable	swift.enum.case	CKError.Code.accountTemporarilyUnavailable	CKError.Code.accountTemporarilyUnavailable	case accountTemporarilyUnavailable
c:@E@CKErrorCode@CKErrorAlreadyShared	swift.enum.case	CKError.Code.alreadyShared	CKError.Code.alreadyShared	case alreadyShared
c:@E@CKErrorCode@CKErrorAssetFileModified	swift.enum.case	CKError.Code.assetFileModified	CKError.Code.assetFileModified	case assetFileModified
c:@E@CKErrorCode@CKErrorAssetFileNotFound	swift.enum.case	CKError.Code.assetFileNotFound	CKError.Code.assetFileNotFound	case assetFileNotFound
c:@E@CKErrorCode@CKErrorAssetNotAvailable	swift.enum.case	CKError.Code.assetNotAvailable	CKError.Code.assetNotAvailable	case assetNotAvailable
c:@E@CKErrorCode@CKErrorBadContainer	swift.enum.case	CKError.Code.badContainer	CKError.Code.badContainer	case badContainer
c:@E@CKErrorCode@CKErrorBadDatabase	swift.enum.case	CKError.Code.badDatabase	CKError.Code.badDatabase	case badDatabase
c:@E@CKErrorCode@CKErrorBatchRequestFailed	swift.enum.case	CKError.Code.batchRequestFailed	CKError.Code.batchRequestFailed	case batchRequestFailed
c:@E@CKErrorCode@CKErrorChangeTokenExpired	swift.enum.case	CKError.Code.changeTokenExpired	CKError.Code.changeTokenExpired	case changeTokenExpired
c:@E@CKErrorCode@CKErrorConstraintViolation	swift.enum.case	CKError.Code.constraintViolation	CKError.Code.constraintViolation	case constraintViolation
c:@E@CKErrorCode@CKErrorIncompatibleVersion	swift.enum.case	CKError.Code.incompatibleVersion	CKError.Code.incompatibleVersion	case incompatibleVersion
c:@E@CKErrorCode@CKErrorInternalError	swift.enum.case	CKError.Code.internalError	CKError.Code.internalError	case internalError
c:@E@CKErrorCode@CKErrorInvalidArguments	swift.enum.case	CKError.Code.invalidArguments	CKError.Code.invalidArguments	case invalidArguments
c:@E@CKErrorCode@CKErrorLimitExceeded	swift.enum.case	CKError.Code.limitExceeded	CKError.Code.limitExceeded	case limitExceeded
c:@E@CKErrorCode@CKErrorManagedAccountRestricted	swift.enum.case	CKError.Code.managedAccountRestricted	CKError.Code.managedAccountRestricted	case managedAccountRestricted
c:@E@CKErrorCode@CKErrorMissingEntitlement	swift.enum.case	CKError.Code.missingEntitlement	CKError.Code.missingEntitlement	case missingEntitlement
c:@E@CKErrorCode@CKErrorNetworkFailure	swift.enum.case	CKError.Code.networkFailure	CKError.Code.networkFailure	case networkFailure
c:@E@CKErrorCode@CKErrorNetworkUnavailable	swift.enum.case	CKError.Code.networkUnavailable	CKError.Code.networkUnavailable	case networkUnavailable
c:@E@CKErrorCode@CKErrorNotAuthenticated	swift.enum.case	CKError.Code.notAuthenticated	CKError.Code.notAuthenticated	case notAuthenticated
c:@E@CKErrorCode@CKErrorOperationCancelled	swift.enum.case	CKError.Code.operationCancelled	CKError.Code.operationCancelled	case operationCancelled
c:@E@CKErrorCode@CKErrorPartialFailure	swift.enum.case	CKError.Code.partialFailure	CKError.Code.partialFailure	case partialFailure
c:@E@CKErrorCode@CKErrorParticipantAlreadyInvited	swift.enum.case	CKError.Code.participantAlreadyInvited	CKError.Code.participantAlreadyInvited	case participantAlreadyInvited
c:@E@CKErrorCode@CKErrorParticipantMayNeedVerification	swift.enum.case	CKError.Code.participantMayNeedVerification	CKError.Code.participantMayNeedVerification	case participantMayNeedVerification
c:@E@CKErrorCode@CKErrorPermissionFailure	swift.enum.case	CKError.Code.permissionFailure	CKError.Code.permissionFailure	case permissionFailure
c:@E@CKErrorCode@CKErrorQuotaExceeded	swift.enum.case	CKError.Code.quotaExceeded	CKError.Code.quotaExceeded	case quotaExceeded
c:@E@CKErrorCode@CKErrorReferenceViolation	swift.enum.case	CKError.Code.referenceViolation	CKError.Code.referenceViolation	case referenceViolation
c:@E@CKErrorCode@CKErrorRequestRateLimited	swift.enum.case	CKError.Code.requestRateLimited	CKError.Code.requestRateLimited	case requestRateLimited
c:@E@CKErrorCode@CKErrorResultsTruncated	swift.enum.case	CKError.Code.resultsTruncated	CKError.Code.resultsTruncated	case resultsTruncated
c:@E@CKErrorCode@CKErrorServerRecordChanged	swift.enum.case	CKError.Code.serverRecordChanged	CKError.Code.serverRecordChanged	case serverRecordChanged
c:@E@CKErrorCode@CKErrorServerRejectedRequest	swift.enum.case	CKError.Code.serverRejectedRequest	CKError.Code.serverRejectedRequest	case serverRejectedRequest
c:@E@CKErrorCode@CKErrorServerResponseLost	swift.enum.case	CKError.Code.serverResponseLost	CKError.Code.serverResponseLost	case serverResponseLost
c:@E@CKErrorCode@CKErrorServiceUnavailable	swift.enum.case	CKError.Code.serviceUnavailable	CKError.Code.serviceUnavailable	case serviceUnavailable
c:@E@CKErrorCode@CKErrorTooManyParticipants	swift.enum.case	CKError.Code.tooManyParticipants	CKError.Code.tooManyParticipants	case tooManyParticipants
c:@E@CKErrorCode@CKErrorUnknownItem	swift.enum.case	CKError.Code.unknownItem	CKError.Code.unknownItem	case unknownItem
c:@E@CKErrorCode@CKErrorUserDeletedZone	swift.enum.case	CKError.Code.userDeletedZone	CKError.Code.userDeletedZone	case userDeletedZone
c:@E@CKErrorCode@CKErrorZoneBusy	swift.enum.case	CKError.Code.zoneBusy	CKError.Code.zoneBusy	case zoneBusy
c:@E@CKErrorCode@CKErrorZoneNotFound	swift.enum.case	CKError.Code.zoneNotFound	CKError.Code.zoneNotFound	case zoneNotFound
c:@E@CKNotificationType	swift.enum	CKNotification.NotificationType	CKNotification.NotificationType	enum NotificationType
c:@E@CKNotificationType@CKNotificationTypeDatabase	swift.enum.case	CKNotification.NotificationType.database	CKNotification.NotificationType.database	case database
c:@E@CKNotificationType@CKNotificationTypeQuery	swift.enum.case	CKNotification.NotificationType.query	CKNotification.NotificationType.query	case query
c:@E@CKNotificationType@CKNotificationTypeReadNotification	swift.enum.case	CKNotification.NotificationType.readNotification	CKNotification.NotificationType.readNotification	case readNotification
c:@E@CKNotificationType@CKNotificationTypeRecordZone	swift.enum.case	CKNotification.NotificationType.recordZone	CKNotification.NotificationType.recordZone	case recordZone
c:@E@CKOperationGroupTransferSize	swift.enum	CKOperationGroup.TransferSize	CKOperationGroup.TransferSize	enum TransferSize
c:@E@CKOperationGroupTransferSize@CKOperationGroupTransferSizeGigabytes	swift.enum.case	CKOperationGroup.TransferSize.gigabytes	CKOperationGroup.TransferSize.gigabytes	case gigabytes
c:@E@CKOperationGroupTransferSize@CKOperationGroupTransferSizeHundredsOfGigabytes	swift.enum.case	CKOperationGroup.TransferSize.hundredsOfGigabytes	CKOperationGroup.TransferSize.hundredsOfGigabytes	case hundredsOfGigabytes
c:@E@CKOperationGroupTransferSize@CKOperationGroupTransferSizeHundredsOfMegabytes	swift.enum.case	CKOperationGroup.TransferSize.hundredsOfMegabytes	CKOperationGroup.TransferSize.hundredsOfMegabytes	case hundredsOfMegabytes
c:@E@CKOperationGroupTransferSize@CKOperationGroupTransferSizeKilobytes	swift.enum.case	CKOperationGroup.TransferSize.kilobytes	CKOperationGroup.TransferSize.kilobytes	case kilobytes
c:@E@CKOperationGroupTransferSize@CKOperationGroupTransferSizeMegabytes	swift.enum.case	CKOperationGroup.TransferSize.megabytes	CKOperationGroup.TransferSize.megabytes	case megabytes
c:@E@CKOperationGroupTransferSize@CKOperationGroupTransferSizeTensOfGigabytes	swift.enum.case	CKOperationGroup.TransferSize.tensOfGigabytes	CKOperationGroup.TransferSize.tensOfGigabytes	case tensOfGigabytes
c:@E@CKOperationGroupTransferSize@CKOperationGroupTransferSizeTensOfMegabytes	swift.enum.case	CKOperationGroup.TransferSize.tensOfMegabytes	CKOperationGroup.TransferSize.tensOfMegabytes	case tensOfMegabytes
c:@E@CKOperationGroupTransferSize@CKOperationGroupTransferSizeUnknown	swift.enum.case	CKOperationGroup.TransferSize.unknown	CKOperationGroup.TransferSize.unknown	case unknown
c:@E@CKQueryNotificationReason	swift.enum	CKQueryNotification.Reason	CKQueryNotification.Reason	enum Reason
c:@E@CKQueryNotificationReason@CKQueryNotificationReasonRecordCreated	swift.enum.case	CKQueryNotification.Reason.recordCreated	CKQueryNotification.Reason.recordCreated	case recordCreated
c:@E@CKQueryNotificationReason@CKQueryNotificationReasonRecordDeleted	swift.enum.case	CKQueryNotification.Reason.recordDeleted	CKQueryNotification.Reason.recordDeleted	case recordDeleted
c:@E@CKQueryNotificationReason@CKQueryNotificationReasonRecordUpdated	swift.enum.case	CKQueryNotification.Reason.recordUpdated	CKQueryNotification.Reason.recordUpdated	case recordUpdated
c:@E@CKQuerySubscriptionOptions	swift.struct	CKQuerySubscription.Options	CKQuerySubscription.Options	struct Options
c:@E@CKQuerySubscriptionOptions@CKQuerySubscriptionOptionsFiresOnRecordCreation	swift.type.property	firesOnRecordCreation	CKQuerySubscription.Options.firesOnRecordCreation	static var firesOnRecordCreation: CKQuerySubscription.Options { get }
c:@E@CKQuerySubscriptionOptions@CKQuerySubscriptionOptionsFiresOnRecordDeletion	swift.type.property	firesOnRecordDeletion	CKQuerySubscription.Options.firesOnRecordDeletion	static var firesOnRecordDeletion: CKQuerySubscription.Options { get }
c:@E@CKQuerySubscriptionOptions@CKQuerySubscriptionOptionsFiresOnRecordUpdate	swift.type.property	firesOnRecordUpdate	CKQuerySubscription.Options.firesOnRecordUpdate	static var firesOnRecordUpdate: CKQuerySubscription.Options { get }
c:@E@CKQuerySubscriptionOptions@CKQuerySubscriptionOptionsFiresOnce	swift.type.property	firesOnce	CKQuerySubscription.Options.firesOnce	static var firesOnce: CKQuerySubscription.Options { get }
c:@E@CKRecordSavePolicy	swift.enum	CKModifyRecordsOperation.RecordSavePolicy	CKModifyRecordsOperation.RecordSavePolicy	enum RecordSavePolicy
c:@E@CKRecordSavePolicy@CKRecordSaveAllKeys	swift.enum.case	CKModifyRecordsOperation.RecordSavePolicy.allKeys	CKModifyRecordsOperation.RecordSavePolicy.allKeys	case allKeys
c:@E@CKRecordSavePolicy@CKRecordSaveChangedKeys	swift.enum.case	CKModifyRecordsOperation.RecordSavePolicy.changedKeys	CKModifyRecordsOperation.RecordSavePolicy.changedKeys	case changedKeys
c:@E@CKRecordSavePolicy@CKRecordSaveIfServerRecordUnchanged	swift.enum.case	CKModifyRecordsOperation.RecordSavePolicy.ifServerRecordUnchanged	CKModifyRecordsOperation.RecordSavePolicy.ifServerRecordUnchanged	case ifServerRecordUnchanged
c:@E@CKRecordZoneCapabilities	swift.struct	CKRecordZone.Capabilities	CKRecordZone.Capabilities	struct Capabilities
c:@E@CKRecordZoneCapabilities@CKRecordZoneCapabilityAtomic	swift.type.property	atomic	CKRecordZone.Capabilities.atomic	static var atomic: CKRecordZone.Capabilities { get }
c:@E@CKRecordZoneCapabilities@CKRecordZoneCapabilityFetchChanges	swift.type.property	fetchChanges	CKRecordZone.Capabilities.fetchChanges	static var fetchChanges: CKRecordZone.Capabilities { get }
c:@E@CKRecordZoneCapabilities@CKRecordZoneCapabilitySharing	swift.type.property	sharing	CKRecordZone.Capabilities.sharing	static var sharing: CKRecordZone.Capabilities { get }
c:@E@CKRecordZoneCapabilities@CKRecordZoneCapabilityZoneWideSharing	swift.type.property	zoneWideSharing	CKRecordZone.Capabilities.zoneWideSharing	static var zoneWideSharing: CKRecordZone.Capabilities { get }
c:@E@CKRecordZoneEncryptionScope	swift.enum	CKRecordZone.EncryptionScope	CKRecordZone.EncryptionScope	enum EncryptionScope
c:@E@CKRecordZoneEncryptionScope@CKRecordZoneEncryptionScopePerRecord	swift.enum.case	CKRecordZone.EncryptionScope.perRecord	CKRecordZone.EncryptionScope.perRecord	case perRecord
c:@E@CKRecordZoneEncryptionScope@CKRecordZoneEncryptionScopePerZone	swift.enum.case	CKRecordZone.EncryptionScope.perZone	CKRecordZone.EncryptionScope.perZone	case perZone
c:@E@CKReferenceAction	swift.enum	CKRecord.ReferenceAction	CKRecord.ReferenceAction	enum ReferenceAction
c:@E@CKReferenceAction@CKReferenceActionDeleteSelf	swift.enum.case	CKRecord.ReferenceAction.deleteSelf	CKRecord.ReferenceAction.deleteSelf	case deleteSelf
c:@E@CKReferenceAction@CKReferenceActionNone	swift.enum.case	CKRecord.ReferenceAction.none	CKRecord.ReferenceAction.none	case none
c:@E@CKShareParticipantAcceptanceStatus	swift.enum	CKShare.ParticipantAcceptanceStatus	CKShare.ParticipantAcceptanceStatus	enum ParticipantAcceptanceStatus
c:@E@CKShareParticipantAcceptanceStatus@CKShareParticipantAcceptanceStatusAccepted	swift.enum.case	CKShare.ParticipantAcceptanceStatus.accepted	CKShare.ParticipantAcceptanceStatus.accepted	case accepted
c:@E@CKShareParticipantAcceptanceStatus@CKShareParticipantAcceptanceStatusPending	swift.enum.case	CKShare.ParticipantAcceptanceStatus.pending	CKShare.ParticipantAcceptanceStatus.pending	case pending
c:@E@CKShareParticipantAcceptanceStatus@CKShareParticipantAcceptanceStatusRemoved	swift.enum.case	CKShare.ParticipantAcceptanceStatus.removed	CKShare.ParticipantAcceptanceStatus.removed	case removed
c:@E@CKShareParticipantAcceptanceStatus@CKShareParticipantAcceptanceStatusUnknown	swift.enum.case	CKShare.ParticipantAcceptanceStatus.unknown	CKShare.ParticipantAcceptanceStatus.unknown	case unknown
c:@E@CKShareParticipantPermission	swift.enum	CKShare.ParticipantPermission	CKShare.ParticipantPermission	enum ParticipantPermission
c:@E@CKShareParticipantPermission@CKShareParticipantPermissionNone	swift.enum.case	CKShare.ParticipantPermission.none	CKShare.ParticipantPermission.none	case none
c:@E@CKShareParticipantPermission@CKShareParticipantPermissionReadOnly	swift.enum.case	CKShare.ParticipantPermission.readOnly	CKShare.ParticipantPermission.readOnly	case readOnly
c:@E@CKShareParticipantPermission@CKShareParticipantPermissionReadWrite	swift.enum.case	CKShare.ParticipantPermission.readWrite	CKShare.ParticipantPermission.readWrite	case readWrite
c:@E@CKShareParticipantPermission@CKShareParticipantPermissionUnknown	swift.enum.case	CKShare.ParticipantPermission.unknown	CKShare.ParticipantPermission.unknown	case unknown
c:@E@CKShareParticipantRole	swift.enum	CKShare.ParticipantRole	CKShare.ParticipantRole	enum ParticipantRole
c:@E@CKShareParticipantRole@CKShareParticipantRoleAdministrator	swift.enum.case	CKShare.ParticipantRole.administrator	CKShare.ParticipantRole.administrator	case administrator
c:@E@CKShareParticipantRole@CKShareParticipantRoleOwner	swift.enum.case	CKShare.ParticipantRole.owner	CKShare.ParticipantRole.owner	case owner
c:@E@CKShareParticipantRole@CKShareParticipantRolePrivateUser	swift.enum.case	CKShare.ParticipantRole.privateUser	CKShare.ParticipantRole.privateUser	case privateUser
c:@E@CKShareParticipantRole@CKShareParticipantRolePublicUser	swift.enum.case	CKShare.ParticipantRole.publicUser	CKShare.ParticipantRole.publicUser	case publicUser
c:@E@CKShareParticipantRole@CKShareParticipantRoleUnknown	swift.enum.case	CKShare.ParticipantRole.unknown	CKShare.ParticipantRole.unknown	case unknown
c:@E@CKSharingParticipantAccessOption	swift.struct	CKSharingParticipantAccessOption	CKSharingParticipantAccessOption	struct CKSharingParticipantAccessOption
c:@E@CKSharingParticipantAccessOption@CKSharingParticipantAccessOptionAny	swift.type.property	any	CKSharingParticipantAccessOption.any	static var any: CKSharingParticipantAccessOption { get }
c:@E@CKSharingParticipantAccessOption@CKSharingParticipantAccessOptionAnyoneWithLink	swift.type.property	anyoneWithLink	CKSharingParticipantAccessOption.anyoneWithLink	static var anyoneWithLink: CKSharingParticipantAccessOption { get }
c:@E@CKSharingParticipantAccessOption@CKSharingParticipantAccessOptionSpecifiedRecipientsOnly	swift.type.property	specifiedRecipientsOnly	CKSharingParticipantAccessOption.specifiedRecipientsOnly	static var specifiedRecipientsOnly: CKSharingParticipantAccessOption { get }
c:@E@CKSharingParticipantPermissionOption	swift.struct	CKSharingParticipantPermissionOption	CKSharingParticipantPermissionOption	struct CKSharingParticipantPermissionOption
c:@E@CKSharingParticipantPermissionOption@CKSharingParticipantPermissionOptionAny	swift.type.property	any	CKSharingParticipantPermissionOption.any	static var any: CKSharingParticipantPermissionOption { get }
c:@E@CKSharingParticipantPermissionOption@CKSharingParticipantPermissionOptionReadOnly	swift.type.property	readOnly	CKSharingParticipantPermissionOption.readOnly	static var readOnly: CKSharingParticipantPermissionOption { get }
c:@E@CKSharingParticipantPermissionOption@CKSharingParticipantPermissionOptionReadWrite	swift.type.property	readWrite	CKSharingParticipantPermissionOption.readWrite	static var readWrite: CKSharingParticipantPermissionOption { get }
c:@E@CKSubscriptionType	swift.enum	CKSubscription.SubscriptionType	CKSubscription.SubscriptionType	enum SubscriptionType
c:@E@CKSubscriptionType@CKSubscriptionTypeDatabase	swift.enum.case	CKSubscription.SubscriptionType.database	CKSubscription.SubscriptionType.database	case database
c:@E@CKSubscriptionType@CKSubscriptionTypeQuery	swift.enum.case	CKSubscription.SubscriptionType.query	CKSubscription.SubscriptionType.query	case query
c:@E@CKSubscriptionType@CKSubscriptionTypeRecordZone	swift.enum.case	CKSubscription.SubscriptionType.recordZone	CKSubscription.SubscriptionType.recordZone	case recordZone
c:@E@CKSyncEngineAccountChangeType	swift.enum	CKSyncEngineAccountChangeType	CKSyncEngineAccountChangeType	enum CKSyncEngineAccountChangeType
c:@E@CKSyncEngineAccountChangeType@CKSyncEngineAccountChangeTypeSignIn	swift.enum.case	CKSyncEngineAccountChangeType.signIn	CKSyncEngineAccountChangeType.signIn	case signIn
c:@E@CKSyncEngineAccountChangeType@CKSyncEngineAccountChangeTypeSignOut	swift.enum.case	CKSyncEngineAccountChangeType.signOut	CKSyncEngineAccountChangeType.signOut	case signOut
c:@E@CKSyncEngineAccountChangeType@CKSyncEngineAccountChangeTypeSwitchAccounts	swift.enum.case	CKSyncEngineAccountChangeType.switchAccounts	CKSyncEngineAccountChangeType.switchAccounts	case switchAccounts
c:@E@CKSyncEngineEventType	swift.enum	CKSyncEngineEventType	CKSyncEngineEventType	enum CKSyncEngineEventType
c:@E@CKSyncEngineEventType@CKSyncEngineEventTypeAccountChange	swift.enum.case	CKSyncEngineEventType.accountChange	CKSyncEngineEventType.accountChange	case accountChange
c:@E@CKSyncEngineEventType@CKSyncEngineEventTypeDidFetchChanges	swift.enum.case	CKSyncEngineEventType.didFetchChanges	CKSyncEngineEventType.didFetchChanges	case didFetchChanges
c:@E@CKSyncEngineEventType@CKSyncEngineEventTypeDidFetchRecordZoneChanges	swift.enum.case	CKSyncEngineEventType.didFetchRecordZoneChanges	CKSyncEngineEventType.didFetchRecordZoneChanges	case didFetchRecordZoneChanges
c:@E@CKSyncEngineEventType@CKSyncEngineEventTypeDidSendChanges	swift.enum.case	CKSyncEngineEventType.didSendChanges	CKSyncEngineEventType.didSendChanges	case didSendChanges
c:@E@CKSyncEngineEventType@CKSyncEngineEventTypeFetchedDatabaseChanges	swift.enum.case	CKSyncEngineEventType.fetchedDatabaseChanges	CKSyncEngineEventType.fetchedDatabaseChanges	case fetchedDatabaseChanges
c:@E@CKSyncEngineEventType@CKSyncEngineEventTypeFetchedRecordZoneChanges	swift.enum.case	CKSyncEngineEventType.fetchedRecordZoneChanges	CKSyncEngineEventType.fetchedRecordZoneChanges	case fetchedRecordZoneChanges
c:@E@CKSyncEngineEventType@CKSyncEngineEventTypeSentDatabaseChanges	swift.enum.case	CKSyncEngineEventType.sentDatabaseChanges	CKSyncEngineEventType.sentDatabaseChanges	case sentDatabaseChanges
c:@E@CKSyncEngineEventType@CKSyncEngineEventTypeSentRecordZoneChanges	swift.enum.case	CKSyncEngineEventType.sentRecordZoneChanges	CKSyncEngineEventType.sentRecordZoneChanges	case sentRecordZoneChanges
c:@E@CKSyncEngineEventType@CKSyncEngineEventTypeStateUpdate	swift.enum.case	CKSyncEngineEventType.stateUpdate	CKSyncEngineEventType.stateUpdate	case stateUpdate
c:@E@CKSyncEngineEventType@CKSyncEngineEventTypeWillFetchChanges	swift.enum.case	CKSyncEngineEventType.willFetchChanges	CKSyncEngineEventType.willFetchChanges	case willFetchChanges
c:@E@CKSyncEngineEventType@CKSyncEngineEventTypeWillFetchRecordZoneChanges	swift.enum.case	CKSyncEngineEventType.willFetchRecordZoneChanges	CKSyncEngineEventType.willFetchRecordZoneChanges	case willFetchRecordZoneChanges
c:@E@CKSyncEngineEventType@CKSyncEngineEventTypeWillSendChanges	swift.enum.case	CKSyncEngineEventType.willSendChanges	CKSyncEngineEventType.willSendChanges	case willSendChanges
c:@E@CKSyncEnginePendingDatabaseChangeType	swift.enum	CKSyncEnginePendingDatabaseChangeType	CKSyncEnginePendingDatabaseChangeType	enum CKSyncEnginePendingDatabaseChangeType
c:@E@CKSyncEnginePendingDatabaseChangeType@CKSyncEnginePendingDatabaseChangeTypeDeleteZone	swift.enum.case	CKSyncEnginePendingDatabaseChangeType.deleteZone	CKSyncEnginePendingDatabaseChangeType.deleteZone	case deleteZone
c:@E@CKSyncEnginePendingDatabaseChangeType@CKSyncEnginePendingDatabaseChangeTypeSaveZone	swift.enum.case	CKSyncEnginePendingDatabaseChangeType.saveZone	CKSyncEnginePendingDatabaseChangeType.saveZone	case saveZone
c:@E@CKSyncEnginePendingRecordZoneChangeType	swift.enum	CKSyncEnginePendingRecordZoneChangeType	CKSyncEnginePendingRecordZoneChangeType	enum CKSyncEnginePendingRecordZoneChangeType
c:@E@CKSyncEnginePendingRecordZoneChangeType@CKSyncEnginePendingRecordZoneChangeTypeDeleteRecord	swift.enum.case	CKSyncEnginePendingRecordZoneChangeType.deleteRecord	CKSyncEnginePendingRecordZoneChangeType.deleteRecord	case deleteRecord
c:@E@CKSyncEnginePendingRecordZoneChangeType@CKSyncEnginePendingRecordZoneChangeTypeSaveRecord	swift.enum.case	CKSyncEnginePendingRecordZoneChangeType.saveRecord	CKSyncEnginePendingRecordZoneChangeType.saveRecord	case saveRecord
c:@E@CKSyncEngineSyncReason	swift.enum	CKSyncEngineSyncReason	CKSyncEngineSyncReason	enum CKSyncEngineSyncReason
c:@E@CKSyncEngineSyncReason@CKSyncEngineSyncReasonManual	swift.enum.case	CKSyncEngineSyncReason.manual	CKSyncEngineSyncReason.manual	case manual
c:@E@CKSyncEngineSyncReason@CKSyncEngineSyncReasonScheduled	swift.enum.case	CKSyncEngineSyncReason.scheduled	CKSyncEngineSyncReason.scheduled	case scheduled
c:@E@CKSyncEngineZoneDeletionReason	swift.enum	CKSyncEngineZoneDeletionReason	CKSyncEngineZoneDeletionReason	enum CKSyncEngineZoneDeletionReason
c:@E@CKSyncEngineZoneDeletionReason@CKSyncEngineZoneDeletionReasonDeleted	swift.enum.case	CKSyncEngineZoneDeletionReason.deleted	CKSyncEngineZoneDeletionReason.deleted	case deleted
c:@E@CKSyncEngineZoneDeletionReason@CKSyncEngineZoneDeletionReasonEncryptedDataReset	swift.enum.case	CKSyncEngineZoneDeletionReason.encryptedDataReset	CKSyncEngineZoneDeletionReason.encryptedDataReset	case encryptedDataReset
c:@E@CKSyncEngineZoneDeletionReason@CKSyncEngineZoneDeletionReasonPurged	swift.enum.case	CKSyncEngineZoneDeletionReason.purged	CKSyncEngineZoneDeletionReason.purged	case purged
c:@T@CKApplicationPermissionBlock	swift.typealias	CKContainer.ApplicationPermissionBlock	CKContainer.ApplicationPermissionBlock	typealias ApplicationPermissionBlock = (CKContainer.ApplicationPermissionStatus, (any Error)?) -> Void
c:objc(cs)CKAcceptSharesOperation	swift.class	CKAcceptSharesOperation	CKAcceptSharesOperation	class CKAcceptSharesOperation
c:objc(cs)CKAcceptSharesOperation(im)init	swift.init	init()	CKAcceptSharesOperation.init()	init()
c:objc(cs)CKAcceptSharesOperation(im)initWithShareMetadatas:	swift.init	init(shareMetadatas:)	CKAcceptSharesOperation.init(shareMetadatas:)	convenience init(shareMetadatas: [CKShare.Metadata])
c:objc(cs)CKAcceptSharesOperation(py)acceptSharesCompletionBlock	swift.property	acceptSharesCompletionBlock	CKAcceptSharesOperation.acceptSharesCompletionBlock	var acceptSharesCompletionBlock: (((any Error)?) -> Void)? { get set }
c:objc(cs)CKAcceptSharesOperation(py)perShareCompletionBlock	swift.property	perShareCompletionBlock	CKAcceptSharesOperation.perShareCompletionBlock	var perShareCompletionBlock: ((CKShare.Metadata, CKShare?, (any Error)?) -> Void)? { get set }
c:objc(cs)CKAcceptSharesOperation(py)shareMetadatas	swift.property	shareMetadatas	CKAcceptSharesOperation.shareMetadatas	var shareMetadatas: [CKShare.Metadata]? { get set }
c:objc(cs)CKAllowedSharingOptions	swift.class	CKAllowedSharingOptions	CKAllowedSharingOptions	class CKAllowedSharingOptions
c:objc(cs)CKAllowedSharingOptions(cpy)standardOptions	swift.type.property	standard	CKAllowedSharingOptions.standard	class var standard: CKAllowedSharingOptions { get }
c:objc(cs)CKAllowedSharingOptions(im)initWithAllowedParticipantPermissionOptions:allowedParticipantAccessOptions:	swift.init	init(allowedParticipantPermissionOptions:allowedParticipantAccessOptions:)	CKAllowedSharingOptions.init(allowedParticipantPermissionOptions:allowedParticipantAccessOptions:)	init(allowedParticipantPermissionOptions: CKSharingParticipantPermissionOption, allowedParticipantAccessOptions: CKSharingParticipantAccessOption)
c:objc(cs)CKAllowedSharingOptions(py)allowedParticipantAccessOptions	swift.property	allowedParticipantAccessOptions	CKAllowedSharingOptions.allowedParticipantAccessOptions	var allowedParticipantAccessOptions: CKSharingParticipantAccessOption { get set }
c:objc(cs)CKAllowedSharingOptions(py)allowedParticipantPermissionOptions	swift.property	allowedParticipantPermissionOptions	CKAllowedSharingOptions.allowedParticipantPermissionOptions	var allowedParticipantPermissionOptions: CKSharingParticipantPermissionOption { get set }
c:objc(cs)CKAllowedSharingOptions(py)allowsAccessRequests	swift.property	allowsAccessRequests	CKAllowedSharingOptions.allowsAccessRequests	var allowsAccessRequests: Bool { get set }
c:objc(cs)CKAllowedSharingOptions(py)allowsParticipantsToInviteOthers	swift.property	allowsParticipantsToInviteOthers	CKAllowedSharingOptions.allowsParticipantsToInviteOthers	var allowsParticipantsToInviteOthers: Bool { get set }
c:objc(cs)CKAsset	swift.class	CKAsset	CKAsset	class CKAsset
c:objc(cs)CKAsset(im)initWithFileURL:	swift.init	init(fileURL:)	CKAsset.init(fileURL:)	init(fileURL: URL)
c:objc(cs)CKAsset(py)fileURL	swift.property	fileURL	CKAsset.fileURL	var fileURL: URL? { get }
c:objc(cs)CKContainer	swift.class	CKContainer	CKContainer	class CKContainer
c:objc(cs)CKContainer(cm)containerWithIdentifier:	swift.init	init(identifier:)	CKContainer.init(identifier:)	init(identifier containerIdentifier: String)
c:objc(cs)CKContainer(cm)defaultContainer	swift.type.method	default()	CKContainer.default()	class func `default`() -> CKContainer
c:objc(cs)CKContainer(im)acceptShareMetadata:completionHandler:	swift.method	accept(_:)	CKContainer.accept(_:)	func accept(_ metadata: CKShare.Metadata) async throws -> CKShare
c:objc(cs)CKContainer(im)accountStatusWithCompletionHandler:	swift.method	accountStatus(completionHandler:)	CKContainer.accountStatus(completionHandler:)	func accountStatus(completionHandler: @escaping (CKAccountStatus, (any Error)?) -> Void)
c:objc(cs)CKContainer(im)addOperation:	swift.method	add(_:)	CKContainer.add(_:)	func add(_ operation: CKOperation)
c:objc(cs)CKContainer(im)databaseWithDatabaseScope:	swift.method	database(with:)	CKContainer.database(with:)	func database(with databaseScope: CKDatabase.Scope) -> CKDatabase
c:objc(cs)CKContainer(im)discoverAllIdentitiesWithCompletionHandler:	swift.method	allUserIdentitiesFromContacts()	CKContainer.allUserIdentitiesFromContacts()	func allUserIdentitiesFromContacts() async throws -> [CKUserIdentity]
c:objc(cs)CKContainer(im)discoverUserIdentityWithEmailAddress:completionHandler:	swift.method	discoverUserIdentity(withEmailAddress:completionHandler:)	CKContainer.discoverUserIdentity(withEmailAddress:completionHandler:)	func discoverUserIdentity(withEmailAddress email: String, completionHandler: @escaping (CKUserIdentity?, (any Error)?) -> Void)
c:objc(cs)CKContainer(im)discoverUserIdentityWithPhoneNumber:completionHandler:	swift.method	discoverUserIdentity(withPhoneNumber:completionHandler:)	CKContainer.discoverUserIdentity(withPhoneNumber:completionHandler:)	func discoverUserIdentity(withPhoneNumber phoneNumber: String, completionHandler: @escaping (CKUserIdentity?, (any Error)?) -> Void)
c:objc(cs)CKContainer(im)discoverUserIdentityWithUserRecordID:completionHandler:	swift.method	discoverUserIdentity(withUserRecordID:completionHandler:)	CKContainer.discoverUserIdentity(withUserRecordID:completionHandler:)	func discoverUserIdentity(withUserRecordID userRecordID: CKRecord.ID, completionHandler: @escaping (CKUserIdentity?, (any Error)?) -> Void)
c:objc(cs)CKContainer(im)fetchShareMetadataWithURL:completionHandler:	swift.method	fetchShareMetadata(with:completionHandler:)	CKContainer.fetchShareMetadata(with:completionHandler:)	func fetchShareMetadata(with url: URL, completionHandler: @escaping (CKShare.Metadata?, (any Error)?) -> Void)
c:objc(cs)CKContainer(im)fetchShareParticipantWithEmailAddress:completionHandler:	swift.method	fetchShareParticipant(withEmailAddress:completionHandler:)	CKContainer.fetchShareParticipant(withEmailAddress:completionHandler:)	func fetchShareParticipant(withEmailAddress emailAddress: String, completionHandler: @escaping (CKShare.Participant?, (any Error)?) -> Void)
c:objc(cs)CKContainer(im)fetchShareParticipantWithPhoneNumber:completionHandler:	swift.method	fetchShareParticipant(withPhoneNumber:completionHandler:)	CKContainer.fetchShareParticipant(withPhoneNumber:completionHandler:)	func fetchShareParticipant(withPhoneNumber phoneNumber: String, completionHandler: @escaping (CKShare.Participant?, (any Error)?) -> Void)
c:objc(cs)CKContainer(im)fetchShareParticipantWithUserRecordID:completionHandler:	swift.method	fetchShareParticipant(withUserRecordID:completionHandler:)	CKContainer.fetchShareParticipant(withUserRecordID:completionHandler:)	func fetchShareParticipant(withUserRecordID userRecordID: CKRecord.ID, completionHandler: @escaping (CKShare.Participant?, (any Error)?) -> Void)
c:objc(cs)CKContainer(im)fetchUserRecordIDWithCompletionHandler:	swift.method	fetchUserRecordID(completionHandler:)	CKContainer.fetchUserRecordID(completionHandler:)	func fetchUserRecordID(completionHandler: @escaping (CKRecord.ID?, (any Error)?) -> Void)
c:objc(cs)CKContainer(im)requestApplicationPermission:completionHandler:	swift.method	requestApplicationPermission(_:)	CKContainer.requestApplicationPermission(_:)	func requestApplicationPermission(_ applicationPermission: CKContainer.ApplicationPermissions) async throws -> CKContainer.ApplicationPermissionStatus
c:objc(cs)CKContainer(im)statusForApplicationPermission:completionHandler:	swift.method	applicationPermissionStatus(for:)	CKContainer.applicationPermissionStatus(for:)	func applicationPermissionStatus(for applicationPermission: CKContainer.ApplicationPermissions) async throws -> CKContainer.ApplicationPermissionStatus
c:objc(cs)CKContainer(py)containerIdentifier	swift.property	containerIdentifier	CKContainer.containerIdentifier	var containerIdentifier: String? { get }
c:objc(cs)CKContainer(py)privateCloudDatabase	swift.property	privateCloudDatabase	CKContainer.privateCloudDatabase	var privateCloudDatabase: CKDatabase { get }
c:objc(cs)CKContainer(py)publicCloudDatabase	swift.property	publicCloudDatabase	CKContainer.publicCloudDatabase	var publicCloudDatabase: CKDatabase { get }
c:objc(cs)CKContainer(py)sharedCloudDatabase	swift.property	sharedCloudDatabase	CKContainer.sharedCloudDatabase	var sharedCloudDatabase: CKDatabase { get }
c:objc(cs)CKDatabase	swift.class	CKDatabase	CKDatabase	class CKDatabase
c:objc(cs)CKDatabase(im)addOperation:	swift.method	add(_:)	CKDatabase.add(_:)	func add(_ operation: CKDatabaseOperation)
c:objc(cs)CKDatabase(im)deleteRecordWithID:completionHandler:	swift.method	delete(withRecordID:completionHandler:)	CKDatabase.delete(withRecordID:completionHandler:)	func delete(withRecordID recordID: CKRecord.ID, completionHandler: @escaping (CKRecord.ID?, (any Error)?) -> Void)
c:objc(cs)CKDatabase(im)deleteRecordZoneWithID:completionHandler:	swift.method	delete(withRecordZoneID:completionHandler:)	CKDatabase.delete(withRecordZoneID:completionHandler:)	func delete(withRecordZoneID zoneID: CKRecordZone.ID, completionHandler: @escaping (CKRecordZone.ID?, (any Error)?) -> Void)
c:objc(cs)CKDatabase(im)fetchAllRecordZonesWithCompletionHandler:	swift.method	allRecordZones()	CKDatabase.allRecordZones()	func allRecordZones() async throws -> [CKRecordZone]
c:objc(cs)CKDatabase(im)fetchAllSubscriptionsWithCompletionHandler:	swift.method	allSubscriptions()	CKDatabase.allSubscriptions()	func allSubscriptions() async throws -> [CKSubscription]
c:objc(cs)CKDatabase(im)fetchRecordWithID:completionHandler:	swift.method	fetch(withRecordID:completionHandler:)	CKDatabase.fetch(withRecordID:completionHandler:)	func fetch(withRecordID recordID: CKRecord.ID, completionHandler: @escaping (CKRecord?, (any Error)?) -> Void)
c:objc(cs)CKDatabase(im)fetchRecordZoneWithID:completionHandler:	swift.method	fetch(withRecordZoneID:completionHandler:)	CKDatabase.fetch(withRecordZoneID:completionHandler:)	func fetch(withRecordZoneID zoneID: CKRecordZone.ID, completionHandler: @escaping (CKRecordZone?, (any Error)?) -> Void)
c:objc(cs)CKDatabase(im)performQuery:inZoneWithID:completionHandler:	swift.method	perform(_:inZoneWith:)	CKDatabase.perform(_:inZoneWith:)	func perform(_ query: CKQuery, inZoneWith zoneID: CKRecordZone.ID?) async throws -> [CKRecord]
c:objc(cs)CKDatabase(im)saveRecord:completionHandler:	swift.method	save(_:)	CKDatabase.save(_:)	func save(_ record: CKRecord) async throws -> CKRecord
c:objc(cs)CKDatabase(im)saveRecordZone:completionHandler:	swift.method	save(_:)	CKDatabase.save(_:)	func save(_ zone: CKRecordZone) async throws -> CKRecordZone
c:objc(cs)CKDatabase(im)saveSubscription:completionHandler:	swift.method	save(_:)	CKDatabase.save(_:)	func save(_ subscription: CKSubscription) async throws -> CKSubscription
c:objc(cs)CKDatabase(py)databaseScope	swift.property	databaseScope	CKDatabase.databaseScope	var databaseScope: CKDatabase.Scope { get }
c:objc(cs)CKDatabaseNotification	swift.class	CKDatabaseNotification	CKDatabaseNotification	class CKDatabaseNotification
c:objc(cs)CKDatabaseNotification(py)databaseScope	swift.property	databaseScope	CKDatabaseNotification.databaseScope	var databaseScope: CKDatabase.Scope { get }
c:objc(cs)CKDatabaseOperation	swift.class	CKDatabaseOperation	CKDatabaseOperation	class CKDatabaseOperation
c:objc(cs)CKDatabaseOperation(py)database	swift.property	database	CKDatabaseOperation.database	var database: CKDatabase? { get set }
c:objc(cs)CKDatabaseSubscription	swift.class	CKDatabaseSubscription	CKDatabaseSubscription	class CKDatabaseSubscription
c:objc(cs)CKDatabaseSubscription(im)init	swift.init	init()	CKDatabaseSubscription.init()	convenience init()
c:objc(cs)CKDatabaseSubscription(im)initWithCoder:	swift.init	init(coder:)	CKDatabaseSubscription.init(coder:)	init(coder aDecoder: NSCoder)
c:objc(cs)CKDiscoverAllUserIdentitiesOperation	swift.class	CKDiscoverAllUserIdentitiesOperation	CKDiscoverAllUserIdentitiesOperation	class CKDiscoverAllUserIdentitiesOperation
c:objc(cs)CKDiscoverAllUserIdentitiesOperation(im)init	swift.init	init()	CKDiscoverAllUserIdentitiesOperation.init()	init()
c:objc(cs)CKDiscoverAllUserIdentitiesOperation(py)discoverAllUserIdentitiesCompletionBlock	swift.property	discoverAllUserIdentitiesCompletionBlock	CKDiscoverAllUserIdentitiesOperation.discoverAllUserIdentitiesCompletionBlock	var discoverAllUserIdentitiesCompletionBlock: (((any Error)?) -> Void)? { get set }
c:objc(cs)CKDiscoverAllUserIdentitiesOperation(py)userIdentityDiscoveredBlock	swift.property	userIdentityDiscoveredBlock	CKDiscoverAllUserIdentitiesOperation.userIdentityDiscoveredBlock	var userIdentityDiscoveredBlock: ((CKUserIdentity) -> Void)? { get set }
c:objc(cs)CKDiscoverUserIdentitiesOperation	swift.class	CKDiscoverUserIdentitiesOperation	CKDiscoverUserIdentitiesOperation	class CKDiscoverUserIdentitiesOperation
c:objc(cs)CKDiscoverUserIdentitiesOperation(im)init	swift.init	init()	CKDiscoverUserIdentitiesOperation.init()	init()
c:objc(cs)CKDiscoverUserIdentitiesOperation(im)initWithUserIdentityLookupInfos:	swift.init	init(userIdentityLookupInfos:)	CKDiscoverUserIdentitiesOperation.init(userIdentityLookupInfos:)	convenience init(userIdentityLookupInfos: [CKUserIdentity.LookupInfo])
c:objc(cs)CKDiscoverUserIdentitiesOperation(py)discoverUserIdentitiesCompletionBlock	swift.property	discoverUserIdentitiesCompletionBlock	CKDiscoverUserIdentitiesOperation.discoverUserIdentitiesCompletionBlock	var discoverUserIdentitiesCompletionBlock: (((any Error)?) -> Void)? { get set }
c:objc(cs)CKDiscoverUserIdentitiesOperation(py)userIdentityDiscoveredBlock	swift.property	userIdentityDiscoveredBlock	CKDiscoverUserIdentitiesOperation.userIdentityDiscoveredBlock	var userIdentityDiscoveredBlock: ((CKUserIdentity, CKUserIdentity.LookupInfo) -> Void)? { get set }
c:objc(cs)CKDiscoverUserIdentitiesOperation(py)userIdentityLookupInfos	swift.property	userIdentityLookupInfos	CKDiscoverUserIdentitiesOperation.userIdentityLookupInfos	var userIdentityLookupInfos: [CKUserIdentity.LookupInfo] { get set }
c:objc(cs)CKFetchDatabaseChangesOperation	swift.class	CKFetchDatabaseChangesOperation	CKFetchDatabaseChangesOperation	class CKFetchDatabaseChangesOperation
c:objc(cs)CKFetchDatabaseChangesOperation(im)init	swift.init	init()	CKFetchDatabaseChangesOperation.init()	init()
c:objc(cs)CKFetchDatabaseChangesOperation(im)initWithPreviousServerChangeToken:	swift.init	init(previousServerChangeToken:)	CKFetchDatabaseChangesOperation.init(previousServerChangeToken:)	convenience init(previousServerChangeToken: CKServerChangeToken?)
c:objc(cs)CKFetchDatabaseChangesOperation(py)changeTokenUpdatedBlock	swift.property	changeTokenUpdatedBlock	CKFetchDatabaseChangesOperation.changeTokenUpdatedBlock	var changeTokenUpdatedBlock: ((CKServerChangeToken) -> Void)? { get set }
c:objc(cs)CKFetchDatabaseChangesOperation(py)fetchAllChanges	swift.property	fetchAllChanges	CKFetchDatabaseChangesOperation.fetchAllChanges	var fetchAllChanges: Bool { get set }
c:objc(cs)CKFetchDatabaseChangesOperation(py)fetchDatabaseChangesCompletionBlock	swift.property	fetchDatabaseChangesCompletionBlock	CKFetchDatabaseChangesOperation.fetchDatabaseChangesCompletionBlock	var fetchDatabaseChangesCompletionBlock: ((CKServerChangeToken?, Bool, (any Error)?) -> Void)? { get set }
c:objc(cs)CKFetchDatabaseChangesOperation(py)previousServerChangeToken	swift.property	previousServerChangeToken	CKFetchDatabaseChangesOperation.previousServerChangeToken	@NSCopying var previousServerChangeToken: CKServerChangeToken? { get set }
c:objc(cs)CKFetchDatabaseChangesOperation(py)recordZoneWithIDChangedBlock	swift.property	recordZoneWithIDChangedBlock	CKFetchDatabaseChangesOperation.recordZoneWithIDChangedBlock	var recordZoneWithIDChangedBlock: ((CKRecordZone.ID) -> Void)? { get set }
c:objc(cs)CKFetchDatabaseChangesOperation(py)recordZoneWithIDWasDeletedBlock	swift.property	recordZoneWithIDWasDeletedBlock	CKFetchDatabaseChangesOperation.recordZoneWithIDWasDeletedBlock	var recordZoneWithIDWasDeletedBlock: ((CKRecordZone.ID) -> Void)? { get set }
c:objc(cs)CKFetchDatabaseChangesOperation(py)recordZoneWithIDWasDeletedDueToUserEncryptedDataResetBlock	swift.property	recordZoneWithIDWasDeletedDueToUserEncryptedDataResetBlock	CKFetchDatabaseChangesOperation.recordZoneWithIDWasDeletedDueToUserEncryptedDataResetBlock	var recordZoneWithIDWasDeletedDueToUserEncryptedDataResetBlock: ((CKRecordZone.ID) -> Void)? { get set }
c:objc(cs)CKFetchDatabaseChangesOperation(py)recordZoneWithIDWasPurgedBlock	swift.property	recordZoneWithIDWasPurgedBlock	CKFetchDatabaseChangesOperation.recordZoneWithIDWasPurgedBlock	var recordZoneWithIDWasPurgedBlock: ((CKRecordZone.ID) -> Void)? { get set }
c:objc(cs)CKFetchDatabaseChangesOperation(py)resultsLimit	swift.property	resultsLimit	CKFetchDatabaseChangesOperation.resultsLimit	var resultsLimit: Int { get set }
c:objc(cs)CKFetchRecordChangesOperation	swift.class	CKFetchRecordChangesOperation	CKFetchRecordChangesOperation	class CKFetchRecordChangesOperation
c:objc(cs)CKFetchRecordChangesOperation(im)init	swift.init	init()	CKFetchRecordChangesOperation.init()	init()
c:objc(cs)CKFetchRecordChangesOperation(im)initWithRecordZoneID:previousServerChangeToken:	swift.init	init(recordZoneID:previousServerChangeToken:)	CKFetchRecordChangesOperation.init(recordZoneID:previousServerChangeToken:)	convenience init(recordZoneID: CKRecordZone.ID, previousServerChangeToken: CKServerChangeToken?)
c:objc(cs)CKFetchRecordChangesOperation(py)desiredKeys	swift.property	desiredKeys	CKFetchRecordChangesOperation.desiredKeys	var desiredKeys: [String]? { get set }
c:objc(cs)CKFetchRecordChangesOperation(py)fetchRecordChangesCompletionBlock	swift.property	fetchRecordChangesCompletionBlock	CKFetchRecordChangesOperation.fetchRecordChangesCompletionBlock	var fetchRecordChangesCompletionBlock: ((CKServerChangeToken?, Data?, (any Error)?) -> Void)? { get set }
c:objc(cs)CKFetchRecordChangesOperation(py)moreComing	swift.property	moreComing	CKFetchRecordChangesOperation.moreComing	var moreComing: Bool { get }
c:objc(cs)CKFetchRecordChangesOperation(py)previousServerChangeToken	swift.property	previousServerChangeToken	CKFetchRecordChangesOperation.previousServerChangeToken	@NSCopying var previousServerChangeToken: CKServerChangeToken? { get set }
c:objc(cs)CKFetchRecordChangesOperation(py)recordChangedBlock	swift.property	recordChangedBlock	CKFetchRecordChangesOperation.recordChangedBlock	var recordChangedBlock: ((CKRecord) -> Void)? { get set }
c:objc(cs)CKFetchRecordChangesOperation(py)recordWithIDWasDeletedBlock	swift.property	recordWithIDWasDeletedBlock	CKFetchRecordChangesOperation.recordWithIDWasDeletedBlock	var recordWithIDWasDeletedBlock: ((CKRecord.ID) -> Void)? { get set }
c:objc(cs)CKFetchRecordChangesOperation(py)recordZoneID	swift.property	recordZoneID	CKFetchRecordChangesOperation.recordZoneID	@NSCopying var recordZoneID: CKRecordZone.ID? { get set }
c:objc(cs)CKFetchRecordChangesOperation(py)resultsLimit	swift.property	resultsLimit	CKFetchRecordChangesOperation.resultsLimit	var resultsLimit: Int { get set }
c:objc(cs)CKFetchRecordZoneChangesConfiguration	swift.class	CKFetchRecordZoneChangesOperation.ZoneConfiguration	CKFetchRecordZoneChangesOperation.ZoneConfiguration	class ZoneConfiguration
c:objc(cs)CKFetchRecordZoneChangesConfiguration(py)previousServerChangeToken	swift.property	previousServerChangeToken	CKFetchRecordZoneChangesOperation.ZoneConfiguration.previousServerChangeToken	@NSCopying var previousServerChangeToken: CKServerChangeToken? { get set }
c:objc(cs)CKFetchRecordZoneChangesConfiguration(py)resultsLimit	swift.property	resultsLimit	CKFetchRecordZoneChangesOperation.ZoneConfiguration.resultsLimit	var resultsLimit: Int { get set }
c:objc(cs)CKFetchRecordZoneChangesOperation	swift.class	CKFetchRecordZoneChangesOperation	CKFetchRecordZoneChangesOperation	class CKFetchRecordZoneChangesOperation
c:objc(cs)CKFetchRecordZoneChangesOperation(im)init	swift.init	init()	CKFetchRecordZoneChangesOperation.init()	init()
c:objc(cs)CKFetchRecordZoneChangesOperation(im)initWithRecordZoneIDs:optionsByRecordZoneID:	swift.init	init(recordZoneIDs:optionsByRecordZoneID:)	CKFetchRecordZoneChangesOperation.init(recordZoneIDs:optionsByRecordZoneID:)	convenience init(recordZoneIDs: [CKRecordZone.ID], optionsByRecordZoneID: [CKRecordZone.ID : CKFetchRecordZoneChangesOperation.ZoneOptions]? = nil)
c:objc(cs)CKFetchRecordZoneChangesOperation(py)configurationsByRecordZoneID	swift.property	configurationsByRecordZoneID	CKFetchRecordZoneChangesOperation.configurationsByRecordZoneID	var configurationsByRecordZoneID: [CKRecordZone.ID : CKFetchRecordZoneChangesOperation.ZoneConfiguration]? { get set }
c:objc(cs)CKFetchRecordZoneChangesOperation(py)fetchAllChanges	swift.property	fetchAllChanges	CKFetchRecordZoneChangesOperation.fetchAllChanges	var fetchAllChanges: Bool { get set }
c:objc(cs)CKFetchRecordZoneChangesOperation(py)fetchRecordZoneChangesCompletionBlock	swift.property	fetchRecordZoneChangesCompletionBlock	CKFetchRecordZoneChangesOperation.fetchRecordZoneChangesCompletionBlock	var fetchRecordZoneChangesCompletionBlock: (((any Error)?) -> Void)? { get set }
c:objc(cs)CKFetchRecordZoneChangesOperation(py)optionsByRecordZoneID	swift.property	optionsByRecordZoneID	CKFetchRecordZoneChangesOperation.optionsByRecordZoneID	var optionsByRecordZoneID: [CKRecordZone.ID : CKFetchRecordZoneChangesOperation.ZoneOptions]? { get set }
c:objc(cs)CKFetchRecordZoneChangesOperation(py)recordChangedBlock	swift.property	recordChangedBlock	CKFetchRecordZoneChangesOperation.recordChangedBlock	var recordChangedBlock: ((CKRecord) -> Void)? { get set }
c:objc(cs)CKFetchRecordZoneChangesOperation(py)recordZoneChangeTokensUpdatedBlock	swift.property	recordZoneChangeTokensUpdatedBlock	CKFetchRecordZoneChangesOperation.recordZoneChangeTokensUpdatedBlock	var recordZoneChangeTokensUpdatedBlock: ((CKRecordZone.ID, CKServerChangeToken?, Data?) -> Void)? { get set }
c:objc(cs)CKFetchRecordZoneChangesOperation(py)recordZoneFetchCompletionBlock	swift.property	recordZoneFetchCompletionBlock	CKFetchRecordZoneChangesOperation.recordZoneFetchCompletionBlock	var recordZoneFetchCompletionBlock: ((CKRecordZone.ID, CKServerChangeToken?, Data?, Bool, (any Error)?) -> Void)? { get set }
c:objc(cs)CKFetchRecordZoneChangesOperation(py)recordZoneIDs	swift.property	recordZoneIDs	CKFetchRecordZoneChangesOperation.recordZoneIDs	var recordZoneIDs: [CKRecordZone.ID]? { get set }
c:objc(cs)CKFetchRecordZoneChangesOptions	swift.class	CKFetchRecordZoneChangesOperation.ZoneOptions	CKFetchRecordZoneChangesOperation.ZoneOptions	class ZoneOptions
c:objc(cs)CKFetchRecordZoneChangesOptions(py)desiredKeys	swift.property	desiredKeys	CKFetchRecordZoneChangesOperation.ZoneOptions.desiredKeys	var desiredKeys: [String]? { get set }
c:objc(cs)CKFetchRecordZoneChangesOptions(py)previousServerChangeToken	swift.property	previousServerChangeToken	CKFetchRecordZoneChangesOperation.ZoneOptions.previousServerChangeToken	@NSCopying var previousServerChangeToken: CKServerChangeToken? { get set }
c:objc(cs)CKFetchRecordZoneChangesOptions(py)resultsLimit	swift.property	resultsLimit	CKFetchRecordZoneChangesOperation.ZoneOptions.resultsLimit	var resultsLimit: Int { get set }
c:objc(cs)CKFetchRecordZonesOperation	swift.class	CKFetchRecordZonesOperation	CKFetchRecordZonesOperation	class CKFetchRecordZonesOperation
c:objc(cs)CKFetchRecordZonesOperation(cm)fetchAllRecordZonesOperation	swift.type.method	fetchAllRecordZonesOperation()	CKFetchRecordZonesOperation.fetchAllRecordZonesOperation()	class func fetchAllRecordZonesOperation() -> Self
c:objc(cs)CKFetchRecordZonesOperation(im)init	swift.init	init()	CKFetchRecordZonesOperation.init()	init()
c:objc(cs)CKFetchRecordZonesOperation(im)initWithRecordZoneIDs:	swift.init	init(recordZoneIDs:)	CKFetchRecordZonesOperation.init(recordZoneIDs:)	convenience init(recordZoneIDs zoneIDs: [CKRecordZone.ID])
c:objc(cs)CKFetchRecordZonesOperation(py)fetchRecordZonesCompletionBlock	swift.property	fetchRecordZonesCompletionBlock	CKFetchRecordZonesOperation.fetchRecordZonesCompletionBlock	var fetchRecordZonesCompletionBlock: (([CKRecordZone.ID : CKRecordZone]?, (any Error)?) -> Void)? { get set }
c:objc(cs)CKFetchRecordZonesOperation(py)recordZoneIDs	swift.property	recordZoneIDs	CKFetchRecordZonesOperation.recordZoneIDs	var recordZoneIDs: [CKRecordZone.ID]? { get set }
c:objc(cs)CKFetchRecordsOperation	swift.class	CKFetchRecordsOperation	CKFetchRecordsOperation	class CKFetchRecordsOperation
c:objc(cs)CKFetchRecordsOperation(cm)fetchCurrentUserRecordOperation	swift.type.method	fetchCurrentUserRecordOperation()	CKFetchRecordsOperation.fetchCurrentUserRecordOperation()	class func fetchCurrentUserRecordOperation() -> Self
c:objc(cs)CKFetchRecordsOperation(im)init	swift.init	init()	CKFetchRecordsOperation.init()	init()
c:objc(cs)CKFetchRecordsOperation(im)initWithRecordIDs:	swift.init	init(recordIDs:)	CKFetchRecordsOperation.init(recordIDs:)	convenience init(recordIDs: [CKRecord.ID])
c:objc(cs)CKFetchRecordsOperation(py)fetchRecordsCompletionBlock	swift.property	fetchRecordsCompletionBlock	CKFetchRecordsOperation.fetchRecordsCompletionBlock	var fetchRecordsCompletionBlock: (([CKRecord.ID : CKRecord]?, (any Error)?) -> Void)? { get set }
c:objc(cs)CKFetchRecordsOperation(py)perRecordCompletionBlock	swift.property	perRecordCompletionBlock	CKFetchRecordsOperation.perRecordCompletionBlock	var perRecordCompletionBlock: ((CKRecord?, CKRecord.ID?, (any Error)?) -> Void)? { get set }
c:objc(cs)CKFetchRecordsOperation(py)perRecordProgressBlock	swift.property	perRecordProgressBlock	CKFetchRecordsOperation.perRecordProgressBlock	var perRecordProgressBlock: ((CKRecord.ID, Double) -> Void)? { get set }
c:objc(cs)CKFetchRecordsOperation(py)recordIDs	swift.property	recordIDs	CKFetchRecordsOperation.recordIDs	var recordIDs: [CKRecord.ID]? { get set }
c:objc(cs)CKFetchShareMetadataOperation	swift.class	CKFetchShareMetadataOperation	CKFetchShareMetadataOperation	class CKFetchShareMetadataOperation
c:objc(cs)CKFetchShareMetadataOperation(im)init	swift.init	init()	CKFetchShareMetadataOperation.init()	init()
c:objc(cs)CKFetchShareMetadataOperation(im)initWithShareURLs:	swift.init	init(shareURLs:)	CKFetchShareMetadataOperation.init(shareURLs:)	convenience init(shareURLs: [URL])
c:objc(cs)CKFetchShareMetadataOperation(im)initWithShareURLs:::SYNTHESIZED::c:objc(cs)CKFetchShareMetadataOperation	swift.init	init(share:)	CKFetchShareMetadataOperation.init(share:)	convenience init(share shareURLs: [URL])
c:objc(cs)CKFetchShareMetadataOperation(py)fetchShareMetadataCompletionBlock	swift.property	fetchShareMetadataCompletionBlock	CKFetchShareMetadataOperation.fetchShareMetadataCompletionBlock	var fetchShareMetadataCompletionBlock: (((any Error)?) -> Void)? { get set }
c:objc(cs)CKFetchShareMetadataOperation(py)perShareMetadataBlock	swift.property	perShareMetadataBlock	CKFetchShareMetadataOperation.perShareMetadataBlock	var perShareMetadataBlock: ((URL, CKShare.Metadata?, (any Error)?) -> Void)? { get set }
c:objc(cs)CKFetchShareMetadataOperation(py)shareURLs	swift.property	shareURLs	CKFetchShareMetadataOperation.shareURLs	var shareURLs: [URL]? { get set }
c:objc(cs)CKFetchShareMetadataOperation(py)shouldFetchRootRecord	swift.property	shouldFetchRootRecord	CKFetchShareMetadataOperation.shouldFetchRootRecord	var shouldFetchRootRecord: Bool { get set }
c:objc(cs)CKFetchShareParticipantsOperation	swift.class	CKFetchShareParticipantsOperation	CKFetchShareParticipantsOperation	class CKFetchShareParticipantsOperation
c:objc(cs)CKFetchShareParticipantsOperation(im)init	swift.init	init()	CKFetchShareParticipantsOperation.init()	init()
c:objc(cs)CKFetchShareParticipantsOperation(im)initWithUserIdentityLookupInfos:	swift.init	init(userIdentityLookupInfos:)	CKFetchShareParticipantsOperation.init(userIdentityLookupInfos:)	convenience init(userIdentityLookupInfos: [CKUserIdentity.LookupInfo])
c:objc(cs)CKFetchShareParticipantsOperation(py)fetchShareParticipantsCompletionBlock	swift.property	fetchShareParticipantsCompletionBlock	CKFetchShareParticipantsOperation.fetchShareParticipantsCompletionBlock	var fetchShareParticipantsCompletionBlock: (((any Error)?) -> Void)? { get set }
c:objc(cs)CKFetchShareParticipantsOperation(py)shareParticipantFetchedBlock	swift.property	shareParticipantFetchedBlock	CKFetchShareParticipantsOperation.shareParticipantFetchedBlock	var shareParticipantFetchedBlock: ((CKShare.Participant) -> Void)? { get set }
c:objc(cs)CKFetchShareParticipantsOperation(py)userIdentityLookupInfos	swift.property	userIdentityLookupInfos	CKFetchShareParticipantsOperation.userIdentityLookupInfos	var userIdentityLookupInfos: [CKUserIdentity.LookupInfo]? { get set }
c:objc(cs)CKFetchSubscriptionsOperation	swift.class	CKFetchSubscriptionsOperation	CKFetchSubscriptionsOperation	class CKFetchSubscriptionsOperation
c:objc(cs)CKFetchSubscriptionsOperation(cm)fetchAllSubscriptionsOperation	swift.type.method	fetchAllSubscriptionsOperation()	CKFetchSubscriptionsOperation.fetchAllSubscriptionsOperation()	class func fetchAllSubscriptionsOperation() -> Self
c:objc(cs)CKFetchSubscriptionsOperation(im)init	swift.init	init()	CKFetchSubscriptionsOperation.init()	init()
c:objc(cs)CKFetchWebAuthTokenOperation	swift.class	CKFetchWebAuthTokenOperation	CKFetchWebAuthTokenOperation	class CKFetchWebAuthTokenOperation
c:objc(cs)CKFetchWebAuthTokenOperation(im)init	swift.init	init()	CKFetchWebAuthTokenOperation.init()	init()
c:objc(cs)CKFetchWebAuthTokenOperation(im)initWithAPIToken:	swift.init	init(apiToken:)	CKFetchWebAuthTokenOperation.init(apiToken:)	convenience init(apiToken APIToken: String)
c:objc(cs)CKFetchWebAuthTokenOperation(im)initWithAPIToken:::SYNTHESIZED::c:objc(cs)CKFetchWebAuthTokenOperation	swift.init	init(APIToken:)	CKFetchWebAuthTokenOperation.init(APIToken:)	convenience init(APIToken: String)
c:objc(cs)CKFetchWebAuthTokenOperation(py)APIToken	swift.property	apiToken	CKFetchWebAuthTokenOperation.apiToken	var apiToken: String? { get set }
c:objc(cs)CKFetchWebAuthTokenOperation(py)fetchWebAuthTokenCompletionBlock	swift.property	fetchWebAuthTokenCompletionBlock	CKFetchWebAuthTokenOperation.fetchWebAuthTokenCompletionBlock	var fetchWebAuthTokenCompletionBlock: ((String?, (any Error)?) -> Void)? { get set }
c:objc(cs)CKLocationSortDescriptor	swift.class	CKLocationSortDescriptor	CKLocationSortDescriptor	class CKLocationSortDescriptor
c:objc(cs)CKLocationSortDescriptor(im)initWithCoder:	swift.init	init(coder:)	CKLocationSortDescriptor.init(coder:)	init(coder aDecoder: NSCoder)
c:objc(cs)CKLocationSortDescriptor(im)initWithKey:relativeLocation:	swift.init	init(key:relativeLocation:)	CKLocationSortDescriptor.init(key:relativeLocation:)	init(key: String, relativeLocation: CLLocation)
c:objc(cs)CKLocationSortDescriptor(py)relativeLocation	swift.property	relativeLocation	CKLocationSortDescriptor.relativeLocation	@NSCopying var relativeLocation: CLLocation { get }
c:objc(cs)CKModifyRecordZonesOperation	swift.class	CKModifyRecordZonesOperation	CKModifyRecordZonesOperation	class CKModifyRecordZonesOperation
c:objc(cs)CKModifyRecordZonesOperation(im)init	swift.init	init()	CKModifyRecordZonesOperation.init()	init()
c:objc(cs)CKModifyRecordZonesOperation(py)modifyRecordZonesCompletionBlock	swift.property	modifyRecordZonesCompletionBlock	CKModifyRecordZonesOperation.modifyRecordZonesCompletionBlock	var modifyRecordZonesCompletionBlock: (([CKRecordZone]?, [CKRecordZone.ID]?, (any Error)?) -> Void)? { get set }
c:objc(cs)CKModifyRecordZonesOperation(py)recordZoneIDsToDelete	swift.property	recordZoneIDsToDelete	CKModifyRecordZonesOperation.recordZoneIDsToDelete	var recordZoneIDsToDelete: [CKRecordZone.ID]? { get set }
c:objc(cs)CKModifyRecordZonesOperation(py)recordZonesToSave	swift.property	recordZonesToSave	CKModifyRecordZonesOperation.recordZonesToSave	var recordZonesToSave: [CKRecordZone]? { get set }
c:objc(cs)CKModifyRecordsOperation	swift.class	CKModifyRecordsOperation	CKModifyRecordsOperation	class CKModifyRecordsOperation
c:objc(cs)CKModifyRecordsOperation(im)init	swift.init	init()	CKModifyRecordsOperation.init()	init()
c:objc(cs)CKModifyRecordsOperation(py)atomic	swift.property	isAtomic	CKModifyRecordsOperation.isAtomic	var isAtomic: Bool { get set }
c:objc(cs)CKModifyRecordsOperation(py)clientChangeTokenData	swift.property	clientChangeTokenData	CKModifyRecordsOperation.clientChangeTokenData	var clientChangeTokenData: Data? { get set }
c:objc(cs)CKModifyRecordsOperation(py)modifyRecordsCompletionBlock	swift.property	modifyRecordsCompletionBlock	CKModifyRecordsOperation.modifyRecordsCompletionBlock	var modifyRecordsCompletionBlock: (([CKRecord]?, [CKRecord.ID]?, (any Error)?) -> Void)? { get set }
c:objc(cs)CKModifyRecordsOperation(py)perRecordCompletionBlock	swift.property	perRecordCompletionBlock	CKModifyRecordsOperation.perRecordCompletionBlock	var perRecordCompletionBlock: ((CKRecord, (any Error)?) -> Void)? { get set }
c:objc(cs)CKModifyRecordsOperation(py)perRecordProgressBlock	swift.property	perRecordProgressBlock	CKModifyRecordsOperation.perRecordProgressBlock	var perRecordProgressBlock: ((CKRecord, Double) -> Void)? { get set }
c:objc(cs)CKModifyRecordsOperation(py)recordIDsToDelete	swift.property	recordIDsToDelete	CKModifyRecordsOperation.recordIDsToDelete	var recordIDsToDelete: [CKRecord.ID]? { get set }
c:objc(cs)CKModifyRecordsOperation(py)recordsToSave	swift.property	recordsToSave	CKModifyRecordsOperation.recordsToSave	var recordsToSave: [CKRecord]? { get set }
c:objc(cs)CKModifyRecordsOperation(py)savePolicy	swift.property	savePolicy	CKModifyRecordsOperation.savePolicy	var savePolicy: CKModifyRecordsOperation.RecordSavePolicy { get set }
c:objc(cs)CKModifySubscriptionsOperation	swift.class	CKModifySubscriptionsOperation	CKModifySubscriptionsOperation	class CKModifySubscriptionsOperation
c:objc(cs)CKModifySubscriptionsOperation(im)init	swift.init	init()	CKModifySubscriptionsOperation.init()	init()
c:objc(cs)CKModifySubscriptionsOperation(py)subscriptionsToSave	swift.property	subscriptionsToSave	CKModifySubscriptionsOperation.subscriptionsToSave	var subscriptionsToSave: [CKSubscription]? { get set }
c:objc(cs)CKNotification	swift.class	CKNotification	CKNotification	class CKNotification
c:objc(cs)CKNotification(cm)notificationFromRemoteNotificationDictionary:	swift.init	init(fromRemoteNotificationDictionary:)	CKNotification.init(fromRemoteNotificationDictionary:)	convenience init?(fromRemoteNotificationDictionary notificationDictionary: [AnyHashable : Any])
c:objc(cs)CKNotification(py)alertActionLocalizationKey	swift.property	alertActionLocalizationKey	CKNotification.alertActionLocalizationKey	var alertActionLocalizationKey: String? { get }
c:objc(cs)CKNotification(py)alertBody	swift.property	alertBody	CKNotification.alertBody	var alertBody: String? { get }
c:objc(cs)CKNotification(py)alertLaunchImage	swift.property	alertLaunchImage	CKNotification.alertLaunchImage	var alertLaunchImage: String? { get }
c:objc(cs)CKNotification(py)alertLocalizationArgs	swift.property	alertLocalizationArgs	CKNotification.alertLocalizationArgs	var alertLocalizationArgs: [String]? { get }
c:objc(cs)CKNotification(py)alertLocalizationKey	swift.property	alertLocalizationKey	CKNotification.alertLocalizationKey	var alertLocalizationKey: String? { get }
c:objc(cs)CKNotification(py)badge	swift.property	badge	CKNotification.badge	@NSCopying var badge: NSNumber? { get }
c:objc(cs)CKNotification(py)category	swift.property	category	CKNotification.category	var category: String? { get }
c:objc(cs)CKNotification(py)containerIdentifier	swift.property	containerIdentifier	CKNotification.containerIdentifier	var containerIdentifier: String? { get }
c:objc(cs)CKNotification(py)isPruned	swift.property	isPruned	CKNotification.isPruned	var isPruned: Bool { get }
c:objc(cs)CKNotification(py)notificationID	swift.property	notificationID	CKNotification.notificationID	@NSCopying var notificationID: CKNotification.ID? { get }
c:objc(cs)CKNotification(py)notificationType	swift.property	notificationType	CKNotification.notificationType	var notificationType: CKNotification.NotificationType { get }
c:objc(cs)CKNotification(py)soundName	swift.property	soundName	CKNotification.soundName	var soundName: String? { get }
c:objc(cs)CKNotification(py)subscriptionOwnerUserRecordID	swift.property	subscriptionOwnerUserRecordID	CKNotification.subscriptionOwnerUserRecordID	@NSCopying var subscriptionOwnerUserRecordID: CKRecord.ID? { get }
c:objc(cs)CKNotification(py)subtitle	swift.property	subtitle	CKNotification.subtitle	var subtitle: String? { get }
c:objc(cs)CKNotification(py)subtitleLocalizationArgs	swift.property	subtitleLocalizationArgs	CKNotification.subtitleLocalizationArgs	var subtitleLocalizationArgs: [String]? { get }
c:objc(cs)CKNotification(py)subtitleLocalizationKey	swift.property	subtitleLocalizationKey	CKNotification.subtitleLocalizationKey	var subtitleLocalizationKey: String? { get }
c:objc(cs)CKNotification(py)title	swift.property	title	CKNotification.title	var title: String? { get }
c:objc(cs)CKNotification(py)titleLocalizationArgs	swift.property	titleLocalizationArgs	CKNotification.titleLocalizationArgs	var titleLocalizationArgs: [String]? { get }
c:objc(cs)CKNotification(py)titleLocalizationKey	swift.property	titleLocalizationKey	CKNotification.titleLocalizationKey	var titleLocalizationKey: String? { get }
c:objc(cs)CKNotificationID	swift.class	CKNotification.ID	CKNotification.ID	class ID
c:objc(cs)CKNotificationInfo	swift.class	CKSubscription.NotificationInfo	CKSubscription.NotificationInfo	class NotificationInfo
c:objc(cs)CKNotificationInfo(py)alertActionLocalizationKey	swift.property	alertActionLocalizationKey	CKSubscription.NotificationInfo.alertActionLocalizationKey	var alertActionLocalizationKey: String? { get set }
c:objc(cs)CKNotificationInfo(py)alertBody	swift.property	alertBody	CKSubscription.NotificationInfo.alertBody	var alertBody: String? { get set }
c:objc(cs)CKNotificationInfo(py)alertLaunchImage	swift.property	alertLaunchImage	CKSubscription.NotificationInfo.alertLaunchImage	var alertLaunchImage: String? { get set }
c:objc(cs)CKNotificationInfo(py)alertLocalizationKey	swift.property	alertLocalizationKey	CKSubscription.NotificationInfo.alertLocalizationKey	var alertLocalizationKey: String? { get set }
c:objc(cs)CKNotificationInfo(py)category	swift.property	category	CKSubscription.NotificationInfo.category	var category: String? { get set }
c:objc(cs)CKNotificationInfo(py)collapseIDKey	swift.property	collapseIDKey	CKSubscription.NotificationInfo.collapseIDKey	var collapseIDKey: String? { get set }
c:objc(cs)CKNotificationInfo(py)shouldBadge	swift.property	shouldBadge	CKSubscription.NotificationInfo.shouldBadge	var shouldBadge: Bool { get set }
c:objc(cs)CKNotificationInfo(py)shouldSendContentAvailable	swift.property	shouldSendContentAvailable	CKSubscription.NotificationInfo.shouldSendContentAvailable	var shouldSendContentAvailable: Bool { get set }
c:objc(cs)CKNotificationInfo(py)shouldSendMutableContent	swift.property	shouldSendMutableContent	CKSubscription.NotificationInfo.shouldSendMutableContent	var shouldSendMutableContent: Bool { get set }
c:objc(cs)CKNotificationInfo(py)soundName	swift.property	soundName	CKSubscription.NotificationInfo.soundName	var soundName: String? { get set }
c:objc(cs)CKNotificationInfo(py)subtitle	swift.property	subtitle	CKSubscription.NotificationInfo.subtitle	var subtitle: String? { get set }
c:objc(cs)CKNotificationInfo(py)subtitleLocalizationKey	swift.property	subtitleLocalizationKey	CKSubscription.NotificationInfo.subtitleLocalizationKey	var subtitleLocalizationKey: String? { get set }
c:objc(cs)CKNotificationInfo(py)title	swift.property	title	CKSubscription.NotificationInfo.title	var title: String? { get set }
c:objc(cs)CKNotificationInfo(py)titleLocalizationKey	swift.property	titleLocalizationKey	CKSubscription.NotificationInfo.titleLocalizationKey	var titleLocalizationKey: String? { get set }
c:objc(cs)CKOperation	swift.class	CKOperation	CKOperation	class CKOperation
c:objc(cs)CKOperation(im)init	swift.init	init()	CKOperation.init()	init()
c:objc(cs)CKOperation(py)allowsCellularAccess	swift.property	allowsCellularAccess	CKOperation.allowsCellularAccess	var allowsCellularAccess: Bool { get set }
c:objc(cs)CKOperation(py)configuration	swift.property	configuration	CKOperation.configuration	@NSCopying var configuration: CKOperation.Configuration! { get set }
c:objc(cs)CKOperation(py)container	swift.property	container	CKOperation.container	var container: CKContainer? { get set }
c:objc(cs)CKOperation(py)group	swift.property	group	CKOperation.group	var group: CKOperationGroup? { get set }
c:objc(cs)CKOperation(py)longLived	swift.property	isLongLived	CKOperation.isLongLived	var isLongLived: Bool { get set }
c:objc(cs)CKOperation(py)longLivedOperationWasPersistedBlock	swift.property	longLivedOperationWasPersistedBlock	CKOperation.longLivedOperationWasPersistedBlock	var longLivedOperationWasPersistedBlock: (() -> Void)? { get set }
c:objc(cs)CKOperation(py)timeoutIntervalForRequest	swift.property	timeoutIntervalForRequest	CKOperation.timeoutIntervalForRequest	var timeoutIntervalForRequest: TimeInterval { get set }
c:objc(cs)CKOperation(py)timeoutIntervalForResource	swift.property	timeoutIntervalForResource	CKOperation.timeoutIntervalForResource	var timeoutIntervalForResource: TimeInterval { get set }
c:objc(cs)CKOperationConfiguration	swift.class	CKOperation.Configuration	CKOperation.Configuration	class Configuration
c:objc(cs)CKOperationConfiguration(py)allowsCellularAccess	swift.property	allowsCellularAccess	CKOperation.Configuration.allowsCellularAccess	var allowsCellularAccess: Bool { get set }
c:objc(cs)CKOperationConfiguration(py)container	swift.property	container	CKOperation.Configuration.container	var container: CKContainer? { get set }
c:objc(cs)CKOperationConfiguration(py)longLived	swift.property	isLongLived	CKOperation.Configuration.isLongLived	var isLongLived: Bool { get set }
c:objc(cs)CKOperationConfiguration(py)qualityOfService	swift.property	qualityOfService	CKOperation.Configuration.qualityOfService	var qualityOfService: QualityOfService { get set }
c:objc(cs)CKOperationConfiguration(py)timeoutIntervalForRequest	swift.property	timeoutIntervalForRequest	CKOperation.Configuration.timeoutIntervalForRequest	var timeoutIntervalForRequest: TimeInterval { get set }
c:objc(cs)CKOperationConfiguration(py)timeoutIntervalForResource	swift.property	timeoutIntervalForResource	CKOperation.Configuration.timeoutIntervalForResource	var timeoutIntervalForResource: TimeInterval { get set }
c:objc(cs)CKOperationGroup	swift.class	CKOperationGroup	CKOperationGroup	class CKOperationGroup
c:objc(cs)CKOperationGroup(im)init	swift.init	init()	CKOperationGroup.init()	init()
c:objc(cs)CKOperationGroup(im)initWithCoder:	swift.init	init(coder:)	CKOperationGroup.init(coder:)	init(coder aDecoder: NSCoder)
c:objc(cs)CKOperationGroup(py)defaultConfiguration	swift.property	defaultConfiguration	CKOperationGroup.defaultConfiguration	@NSCopying var defaultConfiguration: CKOperation.Configuration! { get set }
c:objc(cs)CKOperationGroup(py)expectedReceiveSize	swift.property	expectedReceiveSize	CKOperationGroup.expectedReceiveSize	var expectedReceiveSize: CKOperationGroup.TransferSize { get set }
c:objc(cs)CKOperationGroup(py)expectedSendSize	swift.property	expectedSendSize	CKOperationGroup.expectedSendSize	var expectedSendSize: CKOperationGroup.TransferSize { get set }
c:objc(cs)CKOperationGroup(py)name	swift.property	name	CKOperationGroup.name	var name: String? { get set }
c:objc(cs)CKOperationGroup(py)operationGroupID	swift.property	operationGroupID	CKOperationGroup.operationGroupID	var operationGroupID: String { get }
c:objc(cs)CKOperationGroup(py)quantity	swift.property	quantity	CKOperationGroup.quantity	var quantity: Int { get set }
c:objc(cs)CKQuery	swift.class	CKQuery	CKQuery	class CKQuery
c:objc(cs)CKQuery(im)initWithCoder:	swift.init	init(coder:)	CKQuery.init(coder:)	init(coder aDecoder: NSCoder)
c:objc(cs)CKQuery(py)predicate	swift.property	predicate	CKQuery.predicate	@NSCopying var predicate: NSPredicate { get }
c:objc(cs)CKQuery(py)sortDescriptors	swift.property	sortDescriptors	CKQuery.sortDescriptors	var sortDescriptors: [NSSortDescriptor]? { get set }
c:objc(cs)CKQueryCursor	swift.class	CKQueryOperation.Cursor	CKQueryOperation.Cursor	class Cursor
c:objc(cs)CKQueryNotification	swift.class	CKQueryNotification	CKQueryNotification	class CKQueryNotification
c:objc(cs)CKQueryNotification(py)databaseScope	swift.property	databaseScope	CKQueryNotification.databaseScope	var databaseScope: CKDatabase.Scope { get }
c:objc(cs)CKQueryNotification(py)queryNotificationReason	swift.property	queryNotificationReason	CKQueryNotification.queryNotificationReason	var queryNotificationReason: CKQueryNotification.Reason { get }
c:objc(cs)CKQueryNotification(py)recordFields	swift.property	recordFields	CKQueryNotification.recordFields	var recordFields: [String : Any]? { get }
c:objc(cs)CKQueryNotification(py)recordID	swift.property	recordID	CKQueryNotification.recordID	@NSCopying var recordID: CKRecord.ID? { get }
c:objc(cs)CKQueryOperation	swift.class	CKQueryOperation	CKQueryOperation	class CKQueryOperation
c:objc(cs)CKQueryOperation(im)init	swift.init	init()	CKQueryOperation.init()	init()
c:objc(cs)CKQueryOperation(im)initWithCursor:	swift.init	init(cursor:)	CKQueryOperation.init(cursor:)	convenience init(cursor: CKQueryOperation.Cursor)
c:objc(cs)CKQueryOperation(im)initWithQuery:	swift.init	init(query:)	CKQueryOperation.init(query:)	convenience init(query: CKQuery)
c:objc(cs)CKQueryOperation(py)cursor	swift.property	cursor	CKQueryOperation.cursor	@NSCopying var cursor: CKQueryOperation.Cursor? { get set }
c:objc(cs)CKQueryOperation(py)query	swift.property	query	CKQueryOperation.query	@NSCopying var query: CKQuery? { get set }
c:objc(cs)CKQueryOperation(py)queryCompletionBlock	swift.property	queryCompletionBlock	CKQueryOperation.queryCompletionBlock	var queryCompletionBlock: ((CKQueryOperation.Cursor?, (any Error)?) -> Void)? { get set }
c:objc(cs)CKQueryOperation(py)recordFetchedBlock	swift.property	recordFetchedBlock	CKQueryOperation.recordFetchedBlock	var recordFetchedBlock: ((CKRecord) -> Void)? { get set }
c:objc(cs)CKQueryOperation(py)resultsLimit	swift.property	resultsLimit	CKQueryOperation.resultsLimit	var resultsLimit: Int { get set }
c:objc(cs)CKQueryOperation(py)zoneID	swift.property	zoneID	CKQueryOperation.zoneID	@NSCopying var zoneID: CKRecordZone.ID? { get set }
c:objc(cs)CKQuerySubscription	swift.class	CKQuerySubscription	CKQuerySubscription	class CKQuerySubscription
c:objc(cs)CKQuerySubscription(im)initWithCoder:	swift.init	init(coder:)	CKQuerySubscription.init(coder:)	init(coder aDecoder: NSCoder)
c:objc(cs)CKQuerySubscription(py)predicate	swift.property	predicate	CKQuerySubscription.predicate	@NSCopying var predicate: NSPredicate { get }
c:objc(cs)CKQuerySubscription(py)querySubscriptionOptions	swift.property	querySubscriptionOptions	CKQuerySubscription.querySubscriptionOptions	var querySubscriptionOptions: CKQuerySubscription.Options { get }
c:objc(cs)CKQuerySubscription(py)zoneID	swift.property	zoneID	CKQuerySubscription.zoneID	@NSCopying var zoneID: CKRecordZone.ID? { get set }
c:objc(cs)CKRecord	swift.class	CKRecord	CKRecord	class CKRecord
c:objc(cs)CKRecord(im)allTokens	swift.method	allTokens()	CKRecord.allTokens()	func allTokens() -> [String]
c:objc(cs)CKRecord(im)encodeSystemFieldsWithCoder:	swift.method	encodeSystemFields(with:)	CKRecord.encodeSystemFields(with:)	func encodeSystemFields(with coder: NSCoder)
c:objc(cs)CKRecord(im)objectForKeyedSubscript:	swift.subscript	subscript(_:)	CKRecord.subscript(_:)	subscript(key: String) -> (any __CKRecordObjCValue)? { get set }
c:objc(cs)CKRecord(im)setParentReferenceFromRecord:	swift.method	setParent(_:)	CKRecord.setParent(_:)	func setParent(_ parentRecord: CKRecord?)
c:objc(cs)CKRecord(im)setParentReferenceFromRecordID:	swift.method	setParent(_:)	CKRecord.setParent(_:)	func setParent(_ parentRecordID: CKRecord.ID?)
c:objc(cs)CKRecord(py)creationDate	swift.property	creationDate	CKRecord.creationDate	var creationDate: Date? { get }
c:objc(cs)CKRecord(py)creatorUserRecordID	swift.property	creatorUserRecordID	CKRecord.creatorUserRecordID	@NSCopying var creatorUserRecordID: CKRecord.ID? { get }
c:objc(cs)CKRecord(py)encryptedValues	swift.property	encryptedValues	CKRecord.encryptedValues	@NSCopying var encryptedValues: any CKRecordKeyValueSetting & Sendable { get }
c:objc(cs)CKRecord(py)lastModifiedUserRecordID	swift.property	lastModifiedUserRecordID	CKRecord.lastModifiedUserRecordID	@NSCopying var lastModifiedUserRecordID: CKRecord.ID? { get }
c:objc(cs)CKRecord(py)modificationDate	swift.property	modificationDate	CKRecord.modificationDate	var modificationDate: Date? { get }
c:objc(cs)CKRecord(py)parent	swift.property	parent	CKRecord.parent	@NSCopying var parent: CKRecord.Reference? { get set }
c:objc(cs)CKRecord(py)recordChangeTag	swift.property	recordChangeTag	CKRecord.recordChangeTag	var recordChangeTag: String? { get }
c:objc(cs)CKRecord(py)recordID	swift.property	recordID	CKRecord.recordID	@NSCopying var recordID: CKRecord.ID { get }
c:objc(cs)CKRecord(py)share	swift.property	share	CKRecord.share	@NSCopying var share: CKRecord.Reference? { get }
c:objc(cs)CKRecordID	swift.class	CKRecord.ID	CKRecord.ID	class ID
c:objc(cs)CKRecordID(im)initWithRecordName:	swift.init	init(recordName:)	CKRecord.ID.init(recordName:)	convenience init(recordName: String)
c:objc(cs)CKRecordID(py)recordName	swift.property	recordName	CKRecord.ID.recordName	var recordName: String { get }
c:objc(cs)CKRecordID(py)zoneID	swift.property	zoneID	CKRecord.ID.zoneID	@NSCopying var zoneID: CKRecordZone.ID { get }
c:objc(cs)CKRecordZone	swift.class	CKRecordZone	CKRecordZone	class CKRecordZone
c:objc(cs)CKRecordZone(cm)defaultRecordZone	swift.type.method	default()	CKRecordZone.default()	class func `default`() -> CKRecordZone
c:objc(cs)CKRecordZone(im)initWithZoneID:	swift.init	init(zoneID:)	CKRecordZone.init(zoneID:)	init(zoneID: CKRecordZone.ID)
c:objc(cs)CKRecordZone(im)initWithZoneName:	swift.init	init(zoneName:)	CKRecordZone.init(zoneName:)	init(zoneName: String)
c:objc(cs)CKRecordZone(py)capabilities	swift.property	capabilities	CKRecordZone.capabilities	var capabilities: CKRecordZone.Capabilities { get }
c:objc(cs)CKRecordZone(py)encryptionScope	swift.property	encryptionScope	CKRecordZone.encryptionScope	var encryptionScope: CKRecordZone.EncryptionScope { get set }
c:objc(cs)CKRecordZone(py)share	swift.property	share	CKRecordZone.share	@NSCopying var share: CKRecord.Reference? { get }
c:objc(cs)CKRecordZone(py)zoneID	swift.property	zoneID	CKRecordZone.zoneID	@NSCopying var zoneID: CKRecordZone.ID { get }
c:objc(cs)CKRecordZoneID	swift.class	CKRecordZone.ID	CKRecordZone.ID	class ID
c:objc(cs)CKRecordZoneID(py)ownerName	swift.property	ownerName	CKRecordZone.ID.ownerName	var ownerName: String { get }
c:objc(cs)CKRecordZoneID(py)zoneName	swift.property	zoneName	CKRecordZone.ID.zoneName	var zoneName: String { get }
c:objc(cs)CKRecordZoneNotification	swift.class	CKRecordZoneNotification	CKRecordZoneNotification	class CKRecordZoneNotification
c:objc(cs)CKRecordZoneNotification(py)databaseScope	swift.property	databaseScope	CKRecordZoneNotification.databaseScope	var databaseScope: CKDatabase.Scope { get }
c:objc(cs)CKRecordZoneNotification(py)recordZoneID	swift.property	recordZoneID	CKRecordZoneNotification.recordZoneID	@NSCopying var recordZoneID: CKRecordZone.ID? { get }
c:objc(cs)CKRecordZoneSubscription	swift.class	CKRecordZoneSubscription	CKRecordZoneSubscription	class CKRecordZoneSubscription
c:objc(cs)CKRecordZoneSubscription(im)initWithCoder:	swift.init	init(coder:)	CKRecordZoneSubscription.init(coder:)	init(coder aDecoder: NSCoder)
c:objc(cs)CKRecordZoneSubscription(im)initWithZoneID:	swift.init	init(zoneID:)	CKRecordZoneSubscription.init(zoneID:)	convenience init(zoneID: CKRecordZone.ID)
c:objc(cs)CKRecordZoneSubscription(py)zoneID	swift.property	zoneID	CKRecordZoneSubscription.zoneID	@NSCopying var zoneID: CKRecordZone.ID { get }
c:objc(cs)CKReference	swift.class	CKRecord.Reference	CKRecord.Reference	class Reference
c:objc(cs)CKReference(im)initWithRecord:action:	swift.init	init(record:action:)	CKRecord.Reference.init(record:action:)	convenience init(record: CKRecord, action: CKRecord.ReferenceAction)
c:objc(cs)CKReference(im)initWithRecordID:action:	swift.init	init(recordID:action:)	CKRecord.Reference.init(recordID:action:)	init(recordID: CKRecord.ID, action: CKRecord.ReferenceAction)
c:objc(cs)CKReference(py)recordID	swift.property	recordID	CKRecord.Reference.recordID	@NSCopying var recordID: CKRecord.ID { get }
c:objc(cs)CKReference(py)referenceAction	swift.property	action	CKRecord.Reference.action	var action: CKRecord.ReferenceAction { get }
c:objc(cs)CKServerChangeToken	swift.class	CKServerChangeToken	CKServerChangeToken	class CKServerChangeToken
c:objc(cs)CKShare	swift.class	CKShare	CKShare	class CKShare
c:objc(cs)CKShare(im)addParticipant:	swift.method	addParticipant(_:)	CKShare.addParticipant(_:)	func addParticipant(_ participant: CKShare.Participant)
c:objc(cs)CKShare(im)blockRequesters:	swift.method	blockRequesters(_:)	CKShare.blockRequesters(_:)	func blockRequesters(_ requesters: [CKShare.AccessRequester])
c:objc(cs)CKShare(im)denyRequesters:	swift.method	denyRequesters(_:)	CKShare.denyRequesters(_:)	func denyRequesters(_ requesters: [CKShare.AccessRequester])
c:objc(cs)CKShare(im)initWithCoder:	swift.init	init(coder:)	CKShare.init(coder:)	init(coder aDecoder: NSCoder)
c:objc(cs)CKShare(im)initWithRecordZoneID:	swift.init	init(recordZoneID:)	CKShare.init(recordZoneID:)	init(recordZoneID: CKRecordZone.ID)
c:objc(cs)CKShare(im)initWithRootRecord:	swift.init	init(rootRecord:)	CKShare.init(rootRecord:)	convenience init(rootRecord: CKRecord)
c:objc(cs)CKShare(im)initWithRootRecord:shareID:	swift.init	init(rootRecord:shareID:)	CKShare.init(rootRecord:shareID:)	init(rootRecord: CKRecord, shareID: CKRecord.ID)
c:objc(cs)CKShare(im)initWithRootRecord:shareID:::SYNTHESIZED::c:objc(cs)CKShare	swift.init	init(rootRecord:share:)	CKShare.init(rootRecord:share:)	init(rootRecord: CKRecord, share shareID: CKRecord.ID)
c:objc(cs)CKShare(im)removeParticipant:	swift.method	removeParticipant(_:)	CKShare.removeParticipant(_:)	func removeParticipant(_ participant: CKShare.Participant)
c:objc(cs)CKShare(im)unblockIdentities:	swift.method	unblockIdentities(_:)	CKShare.unblockIdentities(_:)	func unblockIdentities(_ blockedIdentities: [CKShare.BlockedIdentity])
c:objc(cs)CKShare(py)URL	swift.property	url	CKShare.url	var url: URL? { get }
c:objc(cs)CKShare(py)allowsAccessRequests	swift.property	allowsAccessRequests	CKShare.allowsAccessRequests	var allowsAccessRequests: Bool { get set }
c:objc(cs)CKShare(py)blockedIdentities	swift.property	blockedIdentities	CKShare.blockedIdentities	var blockedIdentities: [CKShare.BlockedIdentity] { get }
c:objc(cs)CKShare(py)currentUserParticipant	swift.property	currentUserParticipant	CKShare.currentUserParticipant	@NSCopying var currentUserParticipant: CKShare.Participant? { get }
c:objc(cs)CKShare(py)owner	swift.property	owner	CKShare.owner	@NSCopying var owner: CKShare.Participant { get }
c:objc(cs)CKShare(py)participants	swift.property	participants	CKShare.participants	var participants: [CKShare.Participant] { get }
c:objc(cs)CKShare(py)publicPermission	swift.property	publicPermission	CKShare.publicPermission	var publicPermission: CKShare.ParticipantPermission { get set }
c:objc(cs)CKShare(py)requesters	swift.property	requesters	CKShare.requesters	var requesters: [CKShare.AccessRequester] { get }
c:objc(cs)CKShareAccessRequester	swift.class	CKShare.AccessRequester	CKShare.AccessRequester	class AccessRequester
c:objc(cs)CKShareAccessRequester(py)contact	swift.property	contact	CKShare.AccessRequester.contact	@NSCopying var contact: CNContact { get }
c:objc(cs)CKShareAccessRequester(py)participantLookupInfo	swift.property	participantLookupInfo	CKShare.AccessRequester.participantLookupInfo	@NSCopying var participantLookupInfo: CKUserIdentity.LookupInfo { get }
c:objc(cs)CKShareAccessRequester(py)userIdentity	swift.property	userIdentity	CKShare.AccessRequester.userIdentity	@NSCopying var userIdentity: CKUserIdentity { get }
c:objc(cs)CKShareBlockedIdentity	swift.class	CKShare.BlockedIdentity	CKShare.BlockedIdentity	class BlockedIdentity
c:objc(cs)CKShareBlockedIdentity(py)contact	swift.property	contact	CKShare.BlockedIdentity.contact	@NSCopying var contact: CNContact { get }
c:objc(cs)CKShareBlockedIdentity(py)userIdentity	swift.property	userIdentity	CKShare.BlockedIdentity.userIdentity	@NSCopying var userIdentity: CKUserIdentity { get }
c:objc(cs)CKShareMetadata	swift.class	CKShare.Metadata	CKShare.Metadata	class Metadata
c:objc(cs)CKShareMetadata(py)containerIdentifier	swift.property	containerIdentifier	CKShare.Metadata.containerIdentifier	var containerIdentifier: String { get }
c:objc(cs)CKShareMetadata(py)hierarchicalRootRecordID	swift.property	hierarchicalRootRecordID	CKShare.Metadata.hierarchicalRootRecordID	@NSCopying var hierarchicalRootRecordID: CKRecord.ID? { get }
c:objc(cs)CKShareMetadata(py)ownerIdentity	swift.property	ownerIdentity	CKShare.Metadata.ownerIdentity	@NSCopying var ownerIdentity: CKUserIdentity { get }
c:objc(cs)CKShareMetadata(py)participantPermission	swift.property	participantPermission	CKShare.Metadata.participantPermission	var participantPermission: CKShare.ParticipantPermission { get }
c:objc(cs)CKShareMetadata(py)participantRole	swift.property	participantRole	CKShare.Metadata.participantRole	var participantRole: CKShare.ParticipantRole { get }
c:objc(cs)CKShareMetadata(py)participantStatus	swift.property	participantStatus	CKShare.Metadata.participantStatus	var participantStatus: CKShare.ParticipantAcceptanceStatus { get }
c:objc(cs)CKShareMetadata(py)rootRecord	swift.property	rootRecord	CKShare.Metadata.rootRecord	@NSCopying var rootRecord: CKRecord? { get }
c:objc(cs)CKShareMetadata(py)rootRecordID	swift.property	rootRecordID	CKShare.Metadata.rootRecordID	@NSCopying var rootRecordID: CKRecord.ID { get }
c:objc(cs)CKShareMetadata(py)share	swift.property	share	CKShare.Metadata.share	@NSCopying var share: CKShare { get }
c:objc(cs)CKShareParticipant	swift.class	CKShare.Participant	CKShare.Participant	class Participant
c:objc(cs)CKShareParticipant(cm)oneTimeURLParticipant	swift.type.method	oneTimeURLParticipant()	CKShare.Participant.oneTimeURLParticipant()	class func oneTimeURLParticipant() -> Self
c:objc(cs)CKShareParticipant(py)acceptanceStatus	swift.property	acceptanceStatus	CKShare.Participant.acceptanceStatus	var acceptanceStatus: CKShare.ParticipantAcceptanceStatus { get }
c:objc(cs)CKShareParticipant(py)dateAddedToShare	swift.property	dateAddedToShare	CKShare.Participant.dateAddedToShare	var dateAddedToShare: Date? { get }
c:objc(cs)CKShareParticipant(py)isApprovedRequester	swift.property	isApprovedRequester	CKShare.Participant.isApprovedRequester	var isApprovedRequester: Bool { get }
c:objc(cs)CKShareParticipant(py)permission	swift.property	permission	CKShare.Participant.permission	var permission: CKShare.ParticipantPermission { get set }
c:objc(cs)CKShareParticipant(py)role	swift.property	role	CKShare.Participant.role	var role: CKShare.ParticipantRole { get set }
c:objc(cs)CKShareParticipant(py)userIdentity	swift.property	userIdentity	CKShare.Participant.userIdentity	@NSCopying var userIdentity: CKUserIdentity { get }
c:objc(cs)CKShareRequestAccessOperation	swift.class	CKShareRequestAccessOperation	CKShareRequestAccessOperation	class CKShareRequestAccessOperation
c:objc(cs)CKShareRequestAccessOperation(im)init	swift.init	init()	CKShareRequestAccessOperation.init()	init()
c:objc(cs)CKShareRequestAccessOperation(im)initWithShareURLs:	swift.init	init(shareURLs:)	CKShareRequestAccessOperation.init(shareURLs:)	convenience init(shareURLs: [URL])
c:objc(cs)CKShareRequestAccessOperation(py)shareURLs	swift.property	shareURLs	CKShareRequestAccessOperation.shareURLs	var shareURLs: [URL]? { get set }
c:objc(cs)CKSubscription	swift.class	CKSubscription	CKSubscription	class CKSubscription
c:objc(cs)CKSubscription(py)notificationInfo	swift.property	notificationInfo	CKSubscription.notificationInfo	@NSCopying var notificationInfo: CKSubscription.NotificationInfo? { get set }
c:objc(cs)CKSubscription(py)subscriptionType	swift.property	subscriptionType	CKSubscription.subscriptionType	var subscriptionType: CKSubscription.SubscriptionType { get }
c:objc(cs)CKSystemSharingUIObserver	swift.class	CKSystemSharingUIObserver	CKSystemSharingUIObserver	class CKSystemSharingUIObserver
c:objc(cs)CKSystemSharingUIObserver(im)initWithContainer:	swift.init	init(container:)	CKSystemSharingUIObserver.init(container:)	init(container: CKContainer)
c:objc(cs)CKUserIdentity	swift.class	CKUserIdentity	CKUserIdentity	class CKUserIdentity
c:objc(cs)CKUserIdentity(py)contactIdentifiers	swift.property	contactIdentifiers	CKUserIdentity.contactIdentifiers	var contactIdentifiers: [String] { get }
c:objc(cs)CKUserIdentity(py)hasiCloudAccount	swift.property	hasiCloudAccount	CKUserIdentity.hasiCloudAccount	var hasiCloudAccount: Bool { get }
c:objc(cs)CKUserIdentity(py)lookupInfo	swift.property	lookupInfo	CKUserIdentity.lookupInfo	@NSCopying var lookupInfo: CKUserIdentity.LookupInfo? { get }
c:objc(cs)CKUserIdentity(py)nameComponents	swift.property	nameComponents	CKUserIdentity.nameComponents	var nameComponents: PersonNameComponents? { get }
c:objc(cs)CKUserIdentity(py)userRecordID	swift.property	userRecordID	CKUserIdentity.userRecordID	@NSCopying var userRecordID: CKRecord.ID? { get }
c:objc(cs)CKUserIdentityLookupInfo	swift.class	CKUserIdentity.LookupInfo	CKUserIdentity.LookupInfo	class LookupInfo
c:objc(cs)CKUserIdentityLookupInfo(cm)lookupInfosWithEmails:	swift.type.method	lookupInfos(withEmails:)	CKUserIdentity.LookupInfo.lookupInfos(withEmails:)	class func lookupInfos(withEmails emails: [String]) -> [CKUserIdentity.LookupInfo]
c:objc(cs)CKUserIdentityLookupInfo(cm)lookupInfosWithPhoneNumbers:	swift.type.method	lookupInfos(withPhoneNumbers:)	CKUserIdentity.LookupInfo.lookupInfos(withPhoneNumbers:)	class func lookupInfos(withPhoneNumbers phoneNumbers: [String]) -> [CKUserIdentity.LookupInfo]
c:objc(cs)CKUserIdentityLookupInfo(cm)lookupInfosWithRecordIDs:	swift.type.method	lookupInfos(with:)	CKUserIdentity.LookupInfo.lookupInfos(with:)	class func lookupInfos(with recordIDs: [CKRecord.ID]) -> [CKUserIdentity.LookupInfo]
c:objc(cs)CKUserIdentityLookupInfo(im)initWithEmailAddress:	swift.init	init(emailAddress:)	CKUserIdentity.LookupInfo.init(emailAddress:)	init(emailAddress: String)
c:objc(cs)CKUserIdentityLookupInfo(im)initWithPhoneNumber:	swift.init	init(phoneNumber:)	CKUserIdentity.LookupInfo.init(phoneNumber:)	init(phoneNumber: String)
c:objc(cs)CKUserIdentityLookupInfo(im)initWithUserRecordID:	swift.init	init(userRecordID:)	CKUserIdentity.LookupInfo.init(userRecordID:)	init(userRecordID: CKRecord.ID)
c:objc(cs)CKUserIdentityLookupInfo(py)emailAddress	swift.property	emailAddress	CKUserIdentity.LookupInfo.emailAddress	var emailAddress: String? { get }
c:objc(cs)CKUserIdentityLookupInfo(py)phoneNumber	swift.property	phoneNumber	CKUserIdentity.LookupInfo.phoneNumber	var phoneNumber: String? { get }
c:objc(cs)CKUserIdentityLookupInfo(py)userRecordID	swift.property	userRecordID	CKUserIdentity.LookupInfo.userRecordID	@NSCopying var userRecordID: CKRecord.ID? { get }
c:objc(pl)CKRecordKeyValueSetting	swift.protocol	CKRecordKeyValueSetting	CKRecordKeyValueSetting	protocol CKRecordKeyValueSetting : NSObjectProtocol
c:objc(pl)CKRecordKeyValueSetting(im)allKeys	swift.method	allKeys()	CKRecordKeyValueSetting.allKeys()	func allKeys() -> [String]
c:objc(pl)CKRecordKeyValueSetting(im)changedKeys	swift.method	changedKeys()	CKRecordKeyValueSetting.changedKeys()	func changedKeys() -> [String]
c:objc(pl)CKRecordKeyValueSetting(im)objectForKey:	swift.method	object(forKey:)	CKRecordKeyValueSetting.object(forKey:)	func object(forKey key: String) -> (any __CKRecordObjCValue)?
c:objc(pl)CKRecordKeyValueSetting(im)objectForKeyedSubscript:	swift.subscript	subscript(_:)	CKRecordKeyValueSetting.subscript(_:)	subscript(key: String) -> (any __CKRecordObjCValue)? { get set }
c:objc(pl)CKRecordKeyValueSetting(im)setObject:forKey:	swift.method	setObject(_:forKey:)	CKRecordKeyValueSetting.setObject(_:forKey:)	func setObject(_ object: (any __CKRecordObjCValue)?, forKey key: String)
c:objc(pl)NSCoding(im)initWithCoder:::SYNTHESIZED::c:objc(cs)CKAllowedSharingOptions	swift.init	init(coder:)	CKAllowedSharingOptions.init(coder:)	init?(coder: NSCoder)
c:objc(pl)NSCoding(im)initWithCoder:::SYNTHESIZED::c:objc(cs)CKFetchRecordZoneChangesConfiguration	swift.init	init(coder:)	CKFetchRecordZoneChangesOperation.ZoneConfiguration.init(coder:)	init?(coder: NSCoder)
c:objc(pl)NSCoding(im)initWithCoder:::SYNTHESIZED::c:objc(cs)CKFetchRecordZoneChangesOptions	swift.init	init(coder:)	CKFetchRecordZoneChangesOperation.ZoneOptions.init(coder:)	init?(coder: NSCoder)
c:objc(pl)NSCoding(im)initWithCoder:::SYNTHESIZED::c:objc(cs)CKNotificationID	swift.init	init(coder:)	CKNotification.ID.init(coder:)	init?(coder: NSCoder)
c:objc(pl)NSCoding(im)initWithCoder:::SYNTHESIZED::c:objc(cs)CKNotificationInfo	swift.init	init(coder:)	CKSubscription.NotificationInfo.init(coder:)	init?(coder: NSCoder)
c:objc(pl)NSCoding(im)initWithCoder:::SYNTHESIZED::c:objc(cs)CKQueryCursor	swift.init	init(coder:)	CKQueryOperation.Cursor.init(coder:)	init?(coder: NSCoder)
c:objc(pl)NSCoding(im)initWithCoder:::SYNTHESIZED::c:objc(cs)CKRecord	swift.init	init(coder:)	CKRecord.init(coder:)	init?(coder: NSCoder)
c:objc(pl)NSCoding(im)initWithCoder:::SYNTHESIZED::c:objc(cs)CKRecordID	swift.init	init(coder:)	CKRecord.ID.init(coder:)	init?(coder: NSCoder)
c:objc(pl)NSCoding(im)initWithCoder:::SYNTHESIZED::c:objc(cs)CKRecordZone	swift.init	init(coder:)	CKRecordZone.init(coder:)	init?(coder: NSCoder)
c:objc(pl)NSCoding(im)initWithCoder:::SYNTHESIZED::c:objc(cs)CKRecordZoneID	swift.init	init(coder:)	CKRecordZone.ID.init(coder:)	init?(coder: NSCoder)
c:objc(pl)NSCoding(im)initWithCoder:::SYNTHESIZED::c:objc(cs)CKReference	swift.init	init(coder:)	CKRecord.Reference.init(coder:)	init?(coder: NSCoder)
c:objc(pl)NSCoding(im)initWithCoder:::SYNTHESIZED::c:objc(cs)CKServerChangeToken	swift.init	init(coder:)	CKServerChangeToken.init(coder:)	init?(coder: NSCoder)
c:objc(pl)NSCoding(im)initWithCoder:::SYNTHESIZED::c:objc(cs)CKShareAccessRequester	swift.init	init(coder:)	CKShare.AccessRequester.init(coder:)	init?(coder: NSCoder)
c:objc(pl)NSCoding(im)initWithCoder:::SYNTHESIZED::c:objc(cs)CKShareBlockedIdentity	swift.init	init(coder:)	CKShare.BlockedIdentity.init(coder:)	init?(coder: NSCoder)
c:objc(pl)NSCoding(im)initWithCoder:::SYNTHESIZED::c:objc(cs)CKShareMetadata	swift.init	init(coder:)	CKShare.Metadata.init(coder:)	init?(coder: NSCoder)
c:objc(pl)NSCoding(im)initWithCoder:::SYNTHESIZED::c:objc(cs)CKShareParticipant	swift.init	init(coder:)	CKShare.Participant.init(coder:)	init?(coder: NSCoder)
c:objc(pl)NSCoding(im)initWithCoder:::SYNTHESIZED::c:objc(cs)CKSubscription	swift.init	init(coder:)	CKSubscription.init(coder:)	init?(coder: NSCoder)
c:objc(pl)NSCoding(im)initWithCoder:::SYNTHESIZED::c:objc(cs)CKUserIdentity	swift.init	init(coder:)	CKUserIdentity.init(coder:)	init?(coder: NSCoder)
c:objc(pl)NSCoding(im)initWithCoder:::SYNTHESIZED::c:objc(cs)CKUserIdentityLookupInfo	swift.init	init(coder:)	CKUserIdentity.LookupInfo.init(coder:)	init?(coder: NSCoder)
s:10Foundation12DataProtocolPAAE10firstRange2of2inSny5IndexQzGSgqd___qd_0_tAaBRd__SXRd_0_5BoundQyd_0_AHRSr0_lF::SYNTHESIZED::s:10Foundation4DataV	swift.method	firstRange(of:in:)	Data.firstRange(of:in:)	func firstRange<D, R>(of data: D, in range: R) -> Range<Self.Index>? where D : DataProtocol, R : RangeExpression, Self.Index == R.Bound
s:10Foundation12DataProtocolPAAE10firstRange2ofSny5IndexQzGSgqd___tAaBRd__lF::SYNTHESIZED::s:10Foundation4DataV	swift.method	firstRange(of:)	Data.firstRange(of:)	func firstRange<D>(of data: D) -> Range<Self.Index>? where D : DataProtocol
s:10Foundation12DataProtocolPAAE9copyBytes2toSiSryqd__G_tlF::SYNTHESIZED::s:10Foundation4DataV	swift.method	copyBytes(to:)	Data.copyBytes(to:)	@discardableResult func copyBytes<DestinationType>(to ptr: UnsafeMutableBufferPointer<DestinationType>) -> Int
s:10Foundation12DataProtocolPAAE9copyBytes2toSiSw_tF::SYNTHESIZED::s:10Foundation4DataV	swift.method	copyBytes(to:)	Data.copyBytes(to:)	@discardableResult func copyBytes(to ptr: UnsafeMutableRawBufferPointer) -> Int
s:10Foundation12DataProtocolPAAE9lastRange2of2inSny5IndexQzGSgqd___qd_0_tAaBRd__SXRd_0_5BoundQyd_0_AHRSr0_lF::SYNTHESIZED::s:10Foundation4DataV	swift.method	lastRange(of:in:)	Data.lastRange(of:in:)	func lastRange<D, R>(of data: D, in range: R) -> Range<Self.Index>? where D : DataProtocol, R : RangeExpression, Self.Index == R.Bound
s:10Foundation12DataProtocolPAAE9lastRange2ofSny5IndexQzGSgqd___tAaBRd__lF::SYNTHESIZED::s:10Foundation4DataV	swift.method	lastRange(of:)	Data.lastRange(of:)	func lastRange<D>(of data: D) -> Range<Self.Index>? where D : DataProtocol
s:10Foundation13CustomNSErrorPAAE11errorDomainSSvpZ::SYNTHESIZED::c:@E@CKErrorCode	swift.type.property	errorDomain	CKError.errorDomain	static var errorDomain: String { get }
s:10Foundation13CustomNSErrorPAAE13errorUserInfoSDySSypGvp::SYNTHESIZED::c:@E@CKErrorCode	swift.property	errorUserInfo	CKError.errorUserInfo	var errorUserInfo: [String : Any] { get }
s:10Foundation13CustomNSErrorPAAE9errorCodeSivp::SYNTHESIZED::c:@E@CKErrorCode	swift.property	errorCode	CKError.errorCode	var errorCode: Int { get }
s:10Foundation18_ErrorCodeProtocolPAAE2teoiySbx_s0B0_ptFZ::SYNTHESIZED::c:@E@CKErrorCode	swift.func.op	~=(_:_:)	CKError.Code.~=(_:_:)	static func ~= (match: Self, error: any Error) -> Bool
s:10Foundation19MutableDataProtocolPAAE10resetBytes2inyqd___tSXRd__5BoundQyd__5IndexRtzlF::SYNTHESIZED::s:10Foundation4DataV	swift.method	resetBytes(in:)	Data.resetBytes(in:)	mutating func resetBytes<R>(in range: R) where R : RangeExpression, Self.Index == R.Bound
s:10Foundation21_BridgedStoredNSErrorPAAE13errorUserInfoSDySSypGvp::SYNTHESIZED::c:@E@CKErrorCode	swift.property	errorUserInfo	CKError.errorUserInfo	var errorUserInfo: [String : Any] { get }
s:10Foundation21_BridgedStoredNSErrorPAAE2eeoiySbx_xtFZ::SYNTHESIZED::c:@E@CKErrorCode	swift.func.op	==(_:_:)	CKError.==(_:_:)	static func == (lhs: Self, rhs: Self) -> Bool
s:10Foundation21_BridgedStoredNSErrorPAAE4code4CodeQzvp::SYNTHESIZED::c:@E@CKErrorCode	swift.property	code	CKError.code	var code: Self.Code { get }
s:10Foundation21_BridgedStoredNSErrorPAAE4hash4intoys6HasherVz_tF::SYNTHESIZED::c:@E@CKErrorCode	swift.method	hash(into:)	CKError.hash(into:)	func hash(into hasher: inout Hasher)
s:10Foundation21_BridgedStoredNSErrorPAAE8userInfoSDySSypGvp::SYNTHESIZED::c:@E@CKErrorCode	swift.property	userInfo	CKError.userInfo	var userInfo: [String : Any] { get }
s:10Foundation21_BridgedStoredNSErrorPAAE9errorCodeSivp::SYNTHESIZED::c:@E@CKErrorCode	swift.property	errorCode	CKError.errorCode	var errorCode: Int { get }
s:10Foundation21_BridgedStoredNSErrorPAAE9hashValueSivp::SYNTHESIZED::c:@E@CKErrorCode	swift.property	hashValue	CKError.hashValue	var hashValue: Int { get }
s:10Foundation21_BridgedStoredNSErrorPAAE_8userInfox4CodeQz_SDySSypGtcfc::SYNTHESIZED::c:@E@CKErrorCode	swift.init	init(_:userInfo:)	CKError.init(_:userInfo:)	init(_ code: Self.Code, userInfo: [String : Any] = [:])
s:16CoreTransferable0B0PAAE16withExportedFile11contentType11fileHandlerqd__07UniformG11Identifiers6UTTypeVSg_qd__10Foundation3URLVYaKXEtYaKlF::SYNTHESIZED::s:8CloudKit29CKShareTransferRepresentationV13ExportedShareV	swift.method	withExportedFile(contentType:fileHandler:)	CKShareTransferRepresentation.ExportedShare.withExportedFile(contentType:fileHandler:)	func withExportedFile<Result>(contentType: UTType?, fileHandler: (URL) async throws -> Result) async throws -> Result
s:16CoreTransferable0B0PAAE17suggestedFilenameSSSgvp::SYNTHESIZED::s:8CloudKit29CKShareTransferRepresentationV13ExportedShareV	swift.property	suggestedFilename	CKShareTransferRepresentation.ExportedShare.suggestedFilename	var suggestedFilename: String? { get }
s:16CoreTransferable0B0PAAE20exportedContentTypes10visibilitySay22UniformTypeIdentifiers6UTTypeVGAA32TransferRepresentationVisibilityV_tFZ::SYNTHESIZED::s:8CloudKit29CKShareTransferRepresentationV13ExportedShareV	swift.type.method	exportedContentTypes(visibility:)	CKShareTransferRepresentation.ExportedShare.exportedContentTypes(visibility:)	static func exportedContentTypes(visibility: TransferRepresentationVisibility = .all) -> [UTType]
s:16CoreTransferable0B0PAAE20exportedContentTypesySay22UniformTypeIdentifiers6UTTypeVGAA32TransferRepresentationVisibilityVF::SYNTHESIZED::s:8CloudKit29CKShareTransferRepresentationV13ExportedShareV	swift.method	exportedContentTypes(_:)	CKShareTransferRepresentation.ExportedShare.exportedContentTypes(_:)	func exportedContentTypes(_ visibility: TransferRepresentationVisibility = .all) -> [UTType]
s:16CoreTransferable0B0PAAE20importedContentTypesSay22UniformTypeIdentifiers6UTTypeVGyF::SYNTHESIZED::s:8CloudKit29CKShareTransferRepresentationV13ExportedShareV	swift.method	importedContentTypes()	CKShareTransferRepresentation.ExportedShare.importedContentTypes()	func importedContentTypes() -> [UTType]
s:16CoreTransferable0B0PAAE6export2to11contentType10Foundation3URLVAI_07UniformF11Identifiers6UTTypeVSgtYaKF::SYNTHESIZED::s:8CloudKit29CKShareTransferRepresentationV13ExportedShareV	swift.method	export(to:contentType:)	CKShareTransferRepresentation.ExportedShare.export(to:contentType:)	func export(to destinationDirectory: URL, contentType: UTType?) async throws -> URL
s:16CoreTransferable0B0PAAE8exported2as10Foundation4DataV22UniformTypeIdentifiers6UTTypeVSg_tYaKF::SYNTHESIZED::s:8CloudKit29CKShareTransferRepresentationV13ExportedShareV	swift.method	exported(as:)	CKShareTransferRepresentation.ExportedShare.exported(as:)	func exported(as contentType: UTType?) async throws -> Data
s:16CoreTransferable0B0PAAE9importing11contentTypex10Foundation3URLV_07UniformE11Identifiers6UTTypeVSgtYaKcfc::SYNTHESIZED::s:8CloudKit29CKShareTransferRepresentationV13ExportedShareV	swift.init	init(importing:contentType:)	CKShareTransferRepresentation.ExportedShare.init(importing:contentType:)	init(importing file: URL, contentType: UTType?) async throws
s:16CoreTransferable0B0PAAE9importing11contentTypex10Foundation4DataV_07UniformE11Identifiers6UTTypeVSgtYaKcfc::SYNTHESIZED::s:8CloudKit29CKShareTransferRepresentationV13ExportedShareV	swift.init	init(importing:contentType:)	CKShareTransferRepresentation.ExportedShare.init(importing:contentType:)	init(importing data: Data, contentType: UTType?) async throws
s:16CoreTransferable22TransferRepresentationPAAE10visibilityyQrAA0cD10VisibilityVF::SYNTHESIZED::s:8CloudKit29CKShareTransferRepresentationV	swift.method	visibility(_:)	CKShareTransferRepresentation.visibility(_:)	func visibility(_ visibility: TransferRepresentationVisibility) -> some TransferRepresentation<Self.Item>\n
s:16CoreTransferable22TransferRepresentationPAAE17suggestedFileNameyQrSSF::SYNTHESIZED::s:8CloudKit29CKShareTransferRepresentationV	swift.method	suggestedFileName(_:)	CKShareTransferRepresentation.suggestedFileName(_:)	func suggestedFileName(_ fileName: String) -> some TransferRepresentation<Self.Item>\n
s:16CoreTransferable22TransferRepresentationPAAE17suggestedFileNameyQrSSSg4ItemQzYbcF::SYNTHESIZED::s:8CloudKit29CKShareTransferRepresentationV	swift.method	suggestedFileName(_:)	CKShareTransferRepresentation.suggestedFileName(_:)	func suggestedFileName(_ fileName: @escaping (Self.Item) -> String?) -> some TransferRepresentation<Self.Item>\n
s:16CoreTransferable22TransferRepresentationPAAE18exportingConditionyAA012_ConditionalcD0VyxGSb4ItemQzYbcF::SYNTHESIZED::s:8CloudKit29CKShareTransferRepresentationV	swift.method	exportingCondition(_:)	CKShareTransferRepresentation.exportingCondition(_:)	func exportingCondition(_ condition: @escaping (Self.Item) -> Bool) -> _ConditionalTransferRepresentation<Self>
s:8CloudKit12CKSyncEngineC	swift.class	CKSyncEngine	CKSyncEngine	final class CKSyncEngine
s:8CloudKit12CKSyncEngineC10SyncReasonO	swift.enum	CKSyncEngine.SyncReason	CKSyncEngine.SyncReason	enum SyncReason
s:8CloudKit12CKSyncEngineC10SyncReasonO11descriptionSSvp	swift.property	description	CKSyncEngine.SyncReason.description	var description: String { get }
s:8CloudKit12CKSyncEngineC10SyncReasonO2eeoiySbAE_AEtFZ	swift.func.op	==(_:_:)	CKSyncEngine.SyncReason.==(_:_:)	static func == (a: CKSyncEngine.SyncReason, b: CKSyncEngine.SyncReason) -> Bool
s:8CloudKit12CKSyncEngineC10SyncReasonO4hash4intoys6HasherVz_tF	swift.method	hash(into:)	CKSyncEngine.SyncReason.hash(into:)	func hash(into hasher: inout Hasher)
s:8CloudKit12CKSyncEngineC10SyncReasonO6manualyA2EmF	swift.enum.case	CKSyncEngine.SyncReason.manual	CKSyncEngine.SyncReason.manual	case manual
s:8CloudKit12CKSyncEngineC10SyncReasonO9hashValueSivp	swift.property	hashValue	CKSyncEngine.SyncReason.hashValue	var hashValue: Int { get }
s:8CloudKit12CKSyncEngineC10SyncReasonO9scheduledyA2EmF	swift.enum.case	CKSyncEngine.SyncReason.scheduled	CKSyncEngine.SyncReason.scheduled	case scheduled
s:8CloudKit12CKSyncEngineC11descriptionSSvp	swift.property	description	CKSyncEngine.description	final var description: String { get }
s:8CloudKit12CKSyncEngineC11sendChangesyyAC04SendF7OptionsVYaKF	swift.method	sendChanges(_:)	CKSyncEngine.sendChanges(_:)	final func sendChanges(_ options: CKSyncEngine.SendChangesOptions = .init()) async throws
s:8CloudKit12CKSyncEngineC12fetchChangesyyAC05FetchF7OptionsVYaKF	swift.method	fetchChanges(_:)	CKSyncEngine.fetchChanges(_:)	final func fetchChanges(_ options: CKSyncEngine.FetchChangesOptions = .init()) async throws
s:8CloudKit12CKSyncEngineC13ConfigurationV	swift.struct	CKSyncEngine.Configuration	CKSyncEngine.Configuration	struct Configuration
s:8CloudKit12CKSyncEngineC13ConfigurationV11descriptionSSvp	swift.property	description	CKSyncEngine.Configuration.description	var description: String { get }
s:8CloudKit12CKSyncEngineC13ConfigurationV14subscriptionIDSSSgvp	swift.property	subscriptionID	CKSyncEngine.Configuration.subscriptionID	var subscriptionID: CKSubscription.ID?
s:8CloudKit12CKSyncEngineC13ConfigurationV17automaticallySyncSbvp	swift.property	automaticallySync	CKSyncEngine.Configuration.automaticallySync	var automaticallySync: Bool
s:8CloudKit12CKSyncEngineC13ConfigurationV18stateSerializationAC5StateC0G0VSgvp	swift.property	stateSerialization	CKSyncEngine.Configuration.stateSerialization	var stateSerialization: CKSyncEngine.State.Serialization?
s:8CloudKit12CKSyncEngineC13ConfigurationV8database18stateSerialization8delegateAESo10CKDatabaseC_AC5StateC0H0VSgAA0cD8Delegate_ptcfc	swift.init	init(database:stateSerialization:delegate:)	CKSyncEngine.Configuration.init(database:stateSerialization:delegate:)	init(database: CKDatabase, stateSerialization: CKSyncEngine.State.Serialization?, delegate: any CKSyncEngineDelegate)
s:8CloudKit12CKSyncEngineC13ConfigurationV8databaseSo10CKDatabaseCvp	swift.property	database	CKSyncEngine.Configuration.database	var database: CKDatabase
s:8CloudKit12CKSyncEngineC13ConfigurationV8delegateAA0cD8Delegate_pvp	swift.property	delegate	CKSyncEngine.Configuration.delegate	var delegate: any CKSyncEngineDelegate
s:8CloudKit12CKSyncEngineC16cancelOperationsyyYaF	swift.method	cancelOperations()	CKSyncEngine.cancelOperations()	final func cancelOperations() async
s:8CloudKit12CKSyncEngineC18SendChangesContextV	swift.struct	CKSyncEngine.SendChangesContext	CKSyncEngine.SendChangesContext	struct SendChangesContext
s:8CloudKit12CKSyncEngineC18SendChangesContextV11descriptionSSvp	swift.property	description	CKSyncEngine.SendChangesContext.description	var description: String { get }
s:8CloudKit12CKSyncEngineC18SendChangesContextV6reasonAC10SyncReasonOvp	swift.property	reason	CKSyncEngine.SendChangesContext.reason	let reason: CKSyncEngine.SyncReason
s:8CloudKit12CKSyncEngineC18SendChangesContextV7optionsAC0eF7OptionsVvp	swift.property	options	CKSyncEngine.SendChangesContext.options	let options: CKSyncEngine.SendChangesOptions
s:8CloudKit12CKSyncEngineC18SendChangesOptionsV	swift.struct	CKSyncEngine.SendChangesOptions	CKSyncEngine.SendChangesOptions	struct SendChangesOptions
s:8CloudKit12CKSyncEngineC18SendChangesOptionsV11descriptionSSvp	swift.property	description	CKSyncEngine.SendChangesOptions.description	var description: String { get }
s:8CloudKit12CKSyncEngineC18SendChangesOptionsV14operationGroupSo011CKOperationI0Cvp	swift.property	operationGroup	CKSyncEngine.SendChangesOptions.operationGroup	var operationGroup: CKOperationGroup { get set }
s:8CloudKit12CKSyncEngineC18SendChangesOptionsV5ScopeO	swift.enum	CKSyncEngine.SendChangesOptions.Scope	CKSyncEngine.SendChangesOptions.Scope	enum Scope
s:8CloudKit12CKSyncEngineC18SendChangesOptionsV5ScopeO11descriptionSSvp	swift.property	description	CKSyncEngine.SendChangesOptions.Scope.description	var description: String { get }
s:8CloudKit12CKSyncEngineC18SendChangesOptionsV5ScopeO12allExcludingyAGSaySo14CKRecordZoneIDCGcAGmF	swift.enum.case	CKSyncEngine.SendChangesOptions.Scope.allExcluding(_:)	CKSyncEngine.SendChangesOptions.Scope.allExcluding(_:)	case allExcluding([CKRecordZone.ID])
s:8CloudKit12CKSyncEngineC18SendChangesOptionsV5ScopeO2eeoiySbAG_AGtFZ	swift.func.op	==(_:_:)	CKSyncEngine.SendChangesOptions.Scope.==(_:_:)	static func == (a: CKSyncEngine.SendChangesOptions.Scope, b: CKSyncEngine.SendChangesOptions.Scope) -> Bool
s:8CloudKit12CKSyncEngineC18SendChangesOptionsV5ScopeO3allyA2GmF	swift.enum.case	CKSyncEngine.SendChangesOptions.Scope.all	CKSyncEngine.SendChangesOptions.Scope.all	case all
s:8CloudKit12CKSyncEngineC18SendChangesOptionsV5ScopeO7zoneIDsyAGSaySo14CKRecordZoneIDCGcAGmF	swift.enum.case	CKSyncEngine.SendChangesOptions.Scope.zoneIDs(_:)	CKSyncEngine.SendChangesOptions.Scope.zoneIDs(_:)	case zoneIDs([CKRecordZone.ID])
s:8CloudKit12CKSyncEngineC18SendChangesOptionsV5ScopeO8containsySbAC23PendingRecordZoneChangeOF	swift.method	contains(_:)	CKSyncEngine.SendChangesOptions.Scope.contains(_:)	func contains(_ pendingChange: CKSyncEngine.PendingRecordZoneChange) -> Bool
s:8CloudKit12CKSyncEngineC18SendChangesOptionsV5ScopeO8containsySbSo10CKRecordIDCF	swift.method	contains(_:)	CKSyncEngine.SendChangesOptions.Scope.contains(_:)	func contains(_ recordID: CKRecord.ID) -> Bool
s:8CloudKit12CKSyncEngineC18SendChangesOptionsV5ScopeO9recordIDsyAGSaySo10CKRecordIDCGcAGmF	swift.enum.case	CKSyncEngine.SendChangesOptions.Scope.recordIDs(_:)	CKSyncEngine.SendChangesOptions.Scope.recordIDs(_:)	case recordIDs([CKRecord.ID])
s:8CloudKit12CKSyncEngineC18SendChangesOptionsV5scope14operationGroupA2E5ScopeO_So011CKOperationJ0CSgtcfc	swift.init	init(scope:operationGroup:)	CKSyncEngine.SendChangesOptions.init(scope:operationGroup:)	init(scope: CKSyncEngine.SendChangesOptions.Scope = .all, operationGroup: CKOperationGroup? = nil)
s:8CloudKit12CKSyncEngineC18SendChangesOptionsV5scopeAE5ScopeOvp	swift.property	scope	CKSyncEngine.SendChangesOptions.scope	var scope: CKSyncEngine.SendChangesOptions.Scope { get set }
s:8CloudKit12CKSyncEngineC19FetchChangesContextV	swift.struct	CKSyncEngine.FetchChangesContext	CKSyncEngine.FetchChangesContext	struct FetchChangesContext
s:8CloudKit12CKSyncEngineC19FetchChangesContextV11descriptionSSvp	swift.property	description	CKSyncEngine.FetchChangesContext.description	var description: String { get }
s:8CloudKit12CKSyncEngineC19FetchChangesContextV6reasonAC10SyncReasonOvp	swift.property	reason	CKSyncEngine.FetchChangesContext.reason	let reason: CKSyncEngine.SyncReason
s:8CloudKit12CKSyncEngineC19FetchChangesContextV7optionsAC0eF7OptionsVvp	swift.property	options	CKSyncEngine.FetchChangesContext.options	let options: CKSyncEngine.FetchChangesOptions
s:8CloudKit12CKSyncEngineC19FetchChangesOptionsV	swift.struct	CKSyncEngine.FetchChangesOptions	CKSyncEngine.FetchChangesOptions	struct FetchChangesOptions
s:8CloudKit12CKSyncEngineC19FetchChangesOptionsV11descriptionSSvp	swift.property	description	CKSyncEngine.FetchChangesOptions.description	var description: String { get }
s:8CloudKit12CKSyncEngineC19FetchChangesOptionsV14operationGroupSo011CKOperationI0Cvp	swift.property	operationGroup	CKSyncEngine.FetchChangesOptions.operationGroup	var operationGroup: CKOperationGroup { get set }
s:8CloudKit12CKSyncEngineC19FetchChangesOptionsV18prioritizedZoneIDsSaySo08CKRecordI2IDCGvp	swift.property	prioritizedZoneIDs	CKSyncEngine.FetchChangesOptions.prioritizedZoneIDs	var prioritizedZoneIDs: [CKRecordZone.ID]
s:8CloudKit12CKSyncEngineC19FetchChangesOptionsV5ScopeO	swift.enum	CKSyncEngine.FetchChangesOptions.Scope	CKSyncEngine.FetchChangesOptions.Scope	enum Scope
s:8CloudKit12CKSyncEngineC19FetchChangesOptionsV5ScopeO11descriptionSSvp	swift.property	description	CKSyncEngine.FetchChangesOptions.Scope.description	var description: String { get }
s:8CloudKit12CKSyncEngineC19FetchChangesOptionsV5ScopeO12allExcludingyAGSaySo14CKRecordZoneIDCGcAGmF	swift.enum.case	CKSyncEngine.FetchChangesOptions.Scope.allExcluding(_:)	CKSyncEngine.FetchChangesOptions.Scope.allExcluding(_:)	case allExcluding([CKRecordZone.ID])
s:8CloudKit12CKSyncEngineC19FetchChangesOptionsV5ScopeO2eeoiySbAG_AGtFZ	swift.func.op	==(_:_:)	CKSyncEngine.FetchChangesOptions.Scope.==(_:_:)	static func == (a: CKSyncEngine.FetchChangesOptions.Scope, b: CKSyncEngine.FetchChangesOptions.Scope) -> Bool
s:8CloudKit12CKSyncEngineC19FetchChangesOptionsV5ScopeO3allyA2GmF	swift.enum.case	CKSyncEngine.FetchChangesOptions.Scope.all	CKSyncEngine.FetchChangesOptions.Scope.all	case all
s:8CloudKit12CKSyncEngineC19FetchChangesOptionsV5ScopeO7zoneIDsyAGSaySo14CKRecordZoneIDCGcAGmF	swift.enum.case	CKSyncEngine.FetchChangesOptions.Scope.zoneIDs(_:)	CKSyncEngine.FetchChangesOptions.Scope.zoneIDs(_:)	case zoneIDs([CKRecordZone.ID])
s:8CloudKit12CKSyncEngineC19FetchChangesOptionsV5ScopeO8containsySbSo14CKRecordZoneIDCF	swift.method	contains(_:)	CKSyncEngine.FetchChangesOptions.Scope.contains(_:)	func contains(_ zoneID: CKRecordZone.ID) -> Bool
s:8CloudKit12CKSyncEngineC19FetchChangesOptionsV5scope14operationGroupA2E5ScopeO_So011CKOperationJ0CSgtcfc	swift.init	init(scope:operationGroup:)	CKSyncEngine.FetchChangesOptions.init(scope:operationGroup:)	init(scope: CKSyncEngine.FetchChangesOptions.Scope = .all, operationGroup: CKOperationGroup? = nil)
s:8CloudKit12CKSyncEngineC19FetchChangesOptionsV5scopeAE5ScopeOvp	swift.property	scope	CKSyncEngine.FetchChangesOptions.scope	var scope: CKSyncEngine.FetchChangesOptions.Scope { get set }
s:8CloudKit12CKSyncEngineC21PendingDatabaseChangeO	swift.enum	CKSyncEngine.PendingDatabaseChange	CKSyncEngine.PendingDatabaseChange	enum PendingDatabaseChange
s:8CloudKit12CKSyncEngineC21PendingDatabaseChangeO10deleteZoneyAESo08CKRecordI2IDCcAEmF	swift.enum.case	CKSyncEngine.PendingDatabaseChange.deleteZone(_:)	CKSyncEngine.PendingDatabaseChange.deleteZone(_:)	case deleteZone(CKRecordZone.ID)
s:8CloudKit12CKSyncEngineC21PendingDatabaseChangeO11descriptionSSvp	swift.property	description	CKSyncEngine.PendingDatabaseChange.description	var description: String { get }
s:8CloudKit12CKSyncEngineC21PendingDatabaseChangeO2eeoiySbAE_AEtFZ	swift.func.op	==(_:_:)	CKSyncEngine.PendingDatabaseChange.==(_:_:)	static func == (lhs: CKSyncEngine.PendingDatabaseChange, rhs: CKSyncEngine.PendingDatabaseChange) -> Bool
s:8CloudKit12CKSyncEngineC21PendingDatabaseChangeO4hash4intoys6HasherVz_tF	swift.method	hash(into:)	CKSyncEngine.PendingDatabaseChange.hash(into:)	func hash(into hasher: inout Hasher)
s:8CloudKit12CKSyncEngineC21PendingDatabaseChangeO8saveZoneyAESo08CKRecordI0CcAEmF	swift.enum.case	CKSyncEngine.PendingDatabaseChange.saveZone(_:)	CKSyncEngine.PendingDatabaseChange.saveZone(_:)	case saveZone(CKRecordZone)
s:8CloudKit12CKSyncEngineC21PendingDatabaseChangeO9hashValueSivp	swift.property	hashValue	CKSyncEngine.PendingDatabaseChange.hashValue	var hashValue: Int { get }
s:8CloudKit12CKSyncEngineC21RecordZoneChangeBatchV	swift.struct	CKSyncEngine.RecordZoneChangeBatch	CKSyncEngine.RecordZoneChangeBatch	struct RecordZoneChangeBatch
s:8CloudKit12CKSyncEngineC21RecordZoneChangeBatchV08atomicByF0Sbvp	swift.property	atomicByZone	CKSyncEngine.RecordZoneChangeBatch.atomicByZone	var atomicByZone: Bool
s:8CloudKit12CKSyncEngineC21RecordZoneChangeBatchV11descriptionSSvp	swift.property	description	CKSyncEngine.RecordZoneChangeBatch.description	var description: String { get }
s:8CloudKit12CKSyncEngineC21RecordZoneChangeBatchV13recordsToSave09recordIDsJ6Delete08atomicByF0AESaySo8CKRecordCG_SaySo0Q2IDCGSbtcfc	swift.init	init(recordsToSave:recordIDsToDelete:atomicByZone:)	CKSyncEngine.RecordZoneChangeBatch.init(recordsToSave:recordIDsToDelete:atomicByZone:)	init(recordsToSave: [CKRecord] = [], recordIDsToDelete: [CKRecord.ID] = [], atomicByZone: Bool = false)
s:8CloudKit12CKSyncEngineC21RecordZoneChangeBatchV13recordsToSaveSaySo8CKRecordCGvp	swift.property	recordsToSave	CKSyncEngine.RecordZoneChangeBatch.recordsToSave	var recordsToSave: [CKRecord]
s:8CloudKit12CKSyncEngineC21RecordZoneChangeBatchV14pendingChanges14recordProviderAESgSayAC07PendingefG0OG_So8CKRecordCSgSo0N2IDCYaYbXEtYacfc	swift.init	init(pendingChanges:recordProvider:)	CKSyncEngine.RecordZoneChangeBatch.init(pendingChanges:recordProvider:)	init?(pendingChanges: [CKSyncEngine.PendingRecordZoneChange], recordProvider: (CKRecord.ID) async -> CKRecord?) async
s:8CloudKit12CKSyncEngineC21RecordZoneChangeBatchV17recordIDsToDeleteSaySo10CKRecordIDCGvp	swift.property	recordIDsToDelete	CKSyncEngine.RecordZoneChangeBatch.recordIDsToDelete	var recordIDsToDelete: [CKRecord.ID]
s:8CloudKit12CKSyncEngineC23PendingRecordZoneChangeO	swift.enum	CKSyncEngine.PendingRecordZoneChange	CKSyncEngine.PendingRecordZoneChange	enum PendingRecordZoneChange
s:8CloudKit12CKSyncEngineC23PendingRecordZoneChangeO04saveF0yAESo10CKRecordIDCcAEmF	swift.enum.case	CKSyncEngine.PendingRecordZoneChange.saveRecord(_:)	CKSyncEngine.PendingRecordZoneChange.saveRecord(_:)	case saveRecord(CKRecord.ID)
s:8CloudKit12CKSyncEngineC23PendingRecordZoneChangeO06deleteF0yAESo10CKRecordIDCcAEmF	swift.enum.case	CKSyncEngine.PendingRecordZoneChange.deleteRecord(_:)	CKSyncEngine.PendingRecordZoneChange.deleteRecord(_:)	case deleteRecord(CKRecord.ID)
s:8CloudKit12CKSyncEngineC23PendingRecordZoneChangeO11descriptionSSvp	swift.property	description	CKSyncEngine.PendingRecordZoneChange.description	var description: String { get }
s:8CloudKit12CKSyncEngineC23PendingRecordZoneChangeO2eeoiySbAE_AEtFZ	swift.func.op	==(_:_:)	CKSyncEngine.PendingRecordZoneChange.==(_:_:)	static func == (a: CKSyncEngine.PendingRecordZoneChange, b: CKSyncEngine.PendingRecordZoneChange) -> Bool
s:8CloudKit12CKSyncEngineC23PendingRecordZoneChangeO4hash4intoys6HasherVz_tF	swift.method	hash(into:)	CKSyncEngine.PendingRecordZoneChange.hash(into:)	func hash(into hasher: inout Hasher)
s:8CloudKit12CKSyncEngineC23PendingRecordZoneChangeO9hashValueSivp	swift.property	hashValue	CKSyncEngine.PendingRecordZoneChange.hashValue	var hashValue: Int { get }
s:8CloudKit12CKSyncEngineC5EventO	swift.enum	CKSyncEngine.Event	CKSyncEngine.Event	enum Event
s:8CloudKit12CKSyncEngineC5EventO11StateUpdateV	swift.struct	CKSyncEngine.Event.StateUpdate	CKSyncEngine.Event.StateUpdate	struct StateUpdate
s:8CloudKit12CKSyncEngineC5EventO11StateUpdateV11descriptionSSvp	swift.property	description	CKSyncEngine.Event.StateUpdate.description	var description: String { get }
s:8CloudKit12CKSyncEngineC5EventO11StateUpdateV18stateSerializationAC0F0C0I0Vvp	swift.property	stateSerialization	CKSyncEngine.Event.StateUpdate.stateSerialization	let stateSerialization: CKSyncEngine.State.Serialization
s:8CloudKit12CKSyncEngineC5EventO11descriptionSSvp	swift.property	description	CKSyncEngine.Event.description	var description: String { get }
s:8CloudKit12CKSyncEngineC5EventO11stateUpdateyA2E05StateG0VcAEmF	swift.enum.case	CKSyncEngine.Event.stateUpdate(_:)	CKSyncEngine.Event.stateUpdate(_:)	case stateUpdate(CKSyncEngine.Event.StateUpdate)
s:8CloudKit12CKSyncEngineC5EventO13AccountChangeV	swift.struct	CKSyncEngine.Event.AccountChange	CKSyncEngine.Event.AccountChange	struct AccountChange
s:8CloudKit12CKSyncEngineC5EventO13AccountChangeV0G4TypeO	swift.enum	CKSyncEngine.Event.AccountChange.ChangeType	CKSyncEngine.Event.AccountChange.ChangeType	enum ChangeType
s:8CloudKit12CKSyncEngineC5EventO13AccountChangeV0G4TypeO14switchAccountsyAISo10CKRecordIDC_ALtcAImF	swift.enum.case	CKSyncEngine.Event.AccountChange.ChangeType.switchAccounts(previousUser:currentUser:)	CKSyncEngine.Event.AccountChange.ChangeType.switchAccounts(previousUser:currentUser:)	case switchAccounts(previousUser: CKRecord.ID, currentUser: CKRecord.ID)
s:8CloudKit12CKSyncEngineC5EventO13AccountChangeV0G4TypeO2eeoiySbAI_AItFZ	swift.func.op	==(_:_:)	CKSyncEngine.Event.AccountChange.ChangeType.==(_:_:)	static func == (a: CKSyncEngine.Event.AccountChange.ChangeType, b: CKSyncEngine.Event.AccountChange.ChangeType) -> Bool
s:8CloudKit12CKSyncEngineC5EventO13AccountChangeV0G4TypeO6signInyAISo10CKRecordIDC_tcAImF	swift.enum.case	CKSyncEngine.Event.AccountChange.ChangeType.signIn(currentUser:)	CKSyncEngine.Event.AccountChange.ChangeType.signIn(currentUser:)	case signIn(currentUser: CKRecord.ID)
s:8CloudKit12CKSyncEngineC5EventO13AccountChangeV0G4TypeO7signOutyAISo10CKRecordIDC_tcAImF	swift.enum.case	CKSyncEngine.Event.AccountChange.ChangeType.signOut(previousUser:)	CKSyncEngine.Event.AccountChange.ChangeType.signOut(previousUser:)	case signOut(previousUser: CKRecord.ID)
s:8CloudKit12CKSyncEngineC5EventO13AccountChangeV10changeTypeAG0gI0Ovp	swift.property	changeType	CKSyncEngine.Event.AccountChange.changeType	let changeType: CKSyncEngine.Event.AccountChange.ChangeType
s:8CloudKit12CKSyncEngineC5EventO13AccountChangeV11descriptionSSvp	swift.property	description	CKSyncEngine.Event.AccountChange.description	var description: String { get }
s:8CloudKit12CKSyncEngineC5EventO13accountChangeyA2E07AccountG0VcAEmF	swift.enum.case	CKSyncEngine.Event.accountChange(_:)	CKSyncEngine.Event.accountChange(_:)	case accountChange(CKSyncEngine.Event.AccountChange)
s:8CloudKit12CKSyncEngineC5EventO14DidSendChangesV	swift.struct	CKSyncEngine.Event.DidSendChanges	CKSyncEngine.Event.DidSendChanges	struct DidSendChanges
s:8CloudKit12CKSyncEngineC5EventO14DidSendChangesV11descriptionSSvp	swift.property	description	CKSyncEngine.Event.DidSendChanges.description	var description: String { get }
s:8CloudKit12CKSyncEngineC5EventO14DidSendChangesV7contextAC0gH7ContextVvp	swift.property	context	CKSyncEngine.Event.DidSendChanges.context	let context: CKSyncEngine.SendChangesContext
s:8CloudKit12CKSyncEngineC5EventO14didSendChangesyA2E03DidgH0VcAEmF	swift.enum.case	CKSyncEngine.Event.didSendChanges(_:)	CKSyncEngine.Event.didSendChanges(_:)	case didSendChanges(CKSyncEngine.Event.DidSendChanges)
s:8CloudKit12CKSyncEngineC5EventO15DidFetchChangesV	swift.struct	CKSyncEngine.Event.DidFetchChanges	CKSyncEngine.Event.DidFetchChanges	struct DidFetchChanges
s:8CloudKit12CKSyncEngineC5EventO15DidFetchChangesV11descriptionSSvp	swift.property	description	CKSyncEngine.Event.DidFetchChanges.description	var description: String { get }
s:8CloudKit12CKSyncEngineC5EventO15DidFetchChangesV7contextAC0gH7ContextVvp	swift.property	context	CKSyncEngine.Event.DidFetchChanges.context	let context: CKSyncEngine.FetchChangesContext
s:8CloudKit12CKSyncEngineC5EventO15WillSendChangesV	swift.struct	CKSyncEngine.Event.WillSendChanges	CKSyncEngine.Event.WillSendChanges	struct WillSendChanges
s:8CloudKit12CKSyncEngineC5EventO15WillSendChangesV11descriptionSSvp	swift.property	description	CKSyncEngine.Event.WillSendChanges.description	var description: String { get }
s:8CloudKit12CKSyncEngineC5EventO15WillSendChangesV7contextAC0gH7ContextVvp	swift.property	context	CKSyncEngine.Event.WillSendChanges.context	let context: CKSyncEngine.SendChangesContext
s:8CloudKit12CKSyncEngineC5EventO15didFetchChangesyA2E03DidgH0VcAEmF	swift.enum.case	CKSyncEngine.Event.didFetchChanges(_:)	CKSyncEngine.Event.didFetchChanges(_:)	case didFetchChanges(CKSyncEngine.Event.DidFetchChanges)
s:8CloudKit12CKSyncEngineC5EventO15willSendChangesyA2E04WillgH0VcAEmF	swift.enum.case	CKSyncEngine.Event.willSendChanges(_:)	CKSyncEngine.Event.willSendChanges(_:)	case willSendChanges(CKSyncEngine.Event.WillSendChanges)
s:8CloudKit12CKSyncEngineC5EventO16WillFetchChangesV	swift.struct	CKSyncEngine.Event.WillFetchChanges	CKSyncEngine.Event.WillFetchChanges	struct WillFetchChanges
s:8CloudKit12CKSyncEngineC5EventO16WillFetchChangesV11descriptionSSvp	swift.property	description	CKSyncEngine.Event.WillFetchChanges.description	var description: String { get }
s:8CloudKit12CKSyncEngineC5EventO16WillFetchChangesV7contextAC0gH7ContextVvp	swift.property	context	CKSyncEngine.Event.WillFetchChanges.context	let context: CKSyncEngine.FetchChangesContext
s:8CloudKit12CKSyncEngineC5EventO16willFetchChangesyA2E04WillgH0VcAEmF	swift.enum.case	CKSyncEngine.Event.willFetchChanges(_:)	CKSyncEngine.Event.willFetchChanges(_:)	case willFetchChanges(CKSyncEngine.Event.WillFetchChanges)
s:8CloudKit12CKSyncEngineC5EventO19SentDatabaseChangesV	swift.struct	CKSyncEngine.Event.SentDatabaseChanges	CKSyncEngine.Event.SentDatabaseChanges	struct SentDatabaseChanges
s:8CloudKit12CKSyncEngineC5EventO19SentDatabaseChangesV10savedZonesSaySo12CKRecordZoneCGvp	swift.property	savedZones	CKSyncEngine.Event.SentDatabaseChanges.savedZones	let savedZones: [CKRecordZone]
s:8CloudKit12CKSyncEngineC5EventO19SentDatabaseChangesV11descriptionSSvp	swift.property	description	CKSyncEngine.Event.SentDatabaseChanges.description	var description: String { get }
s:8CloudKit12CKSyncEngineC5EventO19SentDatabaseChangesV14FailedZoneSaveV	swift.struct	CKSyncEngine.Event.SentDatabaseChanges.FailedZoneSave	CKSyncEngine.Event.SentDatabaseChanges.FailedZoneSave	struct FailedZoneSave
s:8CloudKit12CKSyncEngineC5EventO19SentDatabaseChangesV14FailedZoneSaveV11descriptionSSvp	swift.property	description	CKSyncEngine.Event.SentDatabaseChanges.FailedZoneSave.description	var description: String { get }
s:8CloudKit12CKSyncEngineC5EventO19SentDatabaseChangesV14FailedZoneSaveV4zoneSo08CKRecordJ0Cvp	swift.property	zone	CKSyncEngine.Event.SentDatabaseChanges.FailedZoneSave.zone	let zone: CKRecordZone
s:8CloudKit12CKSyncEngineC5EventO19SentDatabaseChangesV14FailedZoneSaveV5errorSC11CKErrorCodeLeVvp	swift.property	error	CKSyncEngine.Event.SentDatabaseChanges.FailedZoneSave.error	let error: CKError
s:8CloudKit12CKSyncEngineC5EventO19SentDatabaseChangesV14deletedZoneIDsSaySo08CKRecordJ2IDCGvp	swift.property	deletedZoneIDs	CKSyncEngine.Event.SentDatabaseChanges.deletedZoneIDs	let deletedZoneIDs: [CKRecordZone.ID]
s:8CloudKit12CKSyncEngineC5EventO19SentDatabaseChangesV15failedZoneSavesSayAG06FailedJ4SaveVGvp	swift.property	failedZoneSaves	CKSyncEngine.Event.SentDatabaseChanges.failedZoneSaves	let failedZoneSaves: [CKSyncEngine.Event.SentDatabaseChanges.FailedZoneSave]
s:8CloudKit12CKSyncEngineC5EventO19SentDatabaseChangesV17failedZoneDeletesSDySo08CKRecordJ2IDCSC11CKErrorCodeLeVGvp	swift.property	failedZoneDeletes	CKSyncEngine.Event.SentDatabaseChanges.failedZoneDeletes	let failedZoneDeletes: [CKRecordZone.ID : CKError]
s:8CloudKit12CKSyncEngineC5EventO19sentDatabaseChangesyA2E04SentgH0VcAEmF	swift.enum.case	CKSyncEngine.Event.sentDatabaseChanges(_:)	CKSyncEngine.Event.sentDatabaseChanges(_:)	case sentDatabaseChanges(CKSyncEngine.Event.SentDatabaseChanges)
s:8CloudKit12CKSyncEngineC5EventO21SentRecordZoneChangesV	swift.struct	CKSyncEngine.Event.SentRecordZoneChanges	CKSyncEngine.Event.SentRecordZoneChanges	struct SentRecordZoneChanges
s:8CloudKit12CKSyncEngineC5EventO21SentRecordZoneChangesV06FailedG4SaveV	swift.struct	CKSyncEngine.Event.SentRecordZoneChanges.FailedRecordSave	CKSyncEngine.Event.SentRecordZoneChanges.FailedRecordSave	struct FailedRecordSave
s:8CloudKit12CKSyncEngineC5EventO21SentRecordZoneChangesV06FailedG4SaveV11descriptionSSvp	swift.property	description	CKSyncEngine.Event.SentRecordZoneChanges.FailedRecordSave.description	var description: String { get }
s:8CloudKit12CKSyncEngineC5EventO21SentRecordZoneChangesV06FailedG4SaveV5errorSC11CKErrorCodeLeVvp	swift.property	error	CKSyncEngine.Event.SentRecordZoneChanges.FailedRecordSave.error	let error: CKError
s:8CloudKit12CKSyncEngineC5EventO21SentRecordZoneChangesV06FailedG4SaveV6recordSo8CKRecordCvp	swift.property	record	CKSyncEngine.Event.SentRecordZoneChanges.FailedRecordSave.record	let record: CKRecord
s:8CloudKit12CKSyncEngineC5EventO21SentRecordZoneChangesV06failedG5SavesSayAG06FailedG4SaveVGvp	swift.property	failedRecordSaves	CKSyncEngine.Event.SentRecordZoneChanges.failedRecordSaves	let failedRecordSaves: [CKSyncEngine.Event.SentRecordZoneChanges.FailedRecordSave]
s:8CloudKit12CKSyncEngineC5EventO21SentRecordZoneChangesV06failedG7DeletesSDySo10CKRecordIDCSC11CKErrorCodeLeVGvp	swift.property	failedRecordDeletes	CKSyncEngine.Event.SentRecordZoneChanges.failedRecordDeletes	let failedRecordDeletes: [CKRecord.ID : CKError]
s:8CloudKit12CKSyncEngineC5EventO21SentRecordZoneChangesV07deletedG3IDsSaySo10CKRecordIDCGvp	swift.property	deletedRecordIDs	CKSyncEngine.Event.SentRecordZoneChanges.deletedRecordIDs	let deletedRecordIDs: [CKRecord.ID]
s:8CloudKit12CKSyncEngineC5EventO21SentRecordZoneChangesV11descriptionSSvp	swift.property	description	CKSyncEngine.Event.SentRecordZoneChanges.description	var description: String { get }
s:8CloudKit12CKSyncEngineC5EventO21SentRecordZoneChangesV12savedRecordsSaySo8CKRecordCGvp	swift.property	savedRecords	CKSyncEngine.Event.SentRecordZoneChanges.savedRecords	let savedRecords: [CKRecord]
s:8CloudKit12CKSyncEngineC5EventO21sentRecordZoneChangesyA2E04SentghI0VcAEmF	swift.enum.case	CKSyncEngine.Event.sentRecordZoneChanges(_:)	CKSyncEngine.Event.sentRecordZoneChanges(_:)	case sentRecordZoneChanges(CKSyncEngine.Event.SentRecordZoneChanges)
s:8CloudKit12CKSyncEngineC5EventO22FetchedDatabaseChangesV	swift.struct	CKSyncEngine.Event.FetchedDatabaseChanges	CKSyncEngine.Event.FetchedDatabaseChanges	struct FetchedDatabaseChanges
s:8CloudKit12CKSyncEngineC5EventO22FetchedDatabaseChangesV11descriptionSSvp	swift.property	description	CKSyncEngine.Event.FetchedDatabaseChanges.description	var description: String { get }
s:8CloudKit12CKSyncEngineC5EventO22FetchedDatabaseChangesV13modificationsSaySo10CKDatabaseCAAE0G6ChangeO12ModificationVGvp	swift.property	modifications	CKSyncEngine.Event.FetchedDatabaseChanges.modifications	let modifications: [CKDatabase.DatabaseChange.Modification]
s:8CloudKit12CKSyncEngineC5EventO22FetchedDatabaseChangesV9deletionsSaySo10CKDatabaseCAAE0G6ChangeO8DeletionVGvp	swift.property	deletions	CKSyncEngine.Event.FetchedDatabaseChanges.deletions	let deletions: [CKDatabase.DatabaseChange.Deletion]
s:8CloudKit12CKSyncEngineC5EventO22fetchedDatabaseChangesyA2E07FetchedgH0VcAEmF	swift.enum.case	CKSyncEngine.Event.fetchedDatabaseChanges(_:)	CKSyncEngine.Event.fetchedDatabaseChanges(_:)	case fetchedDatabaseChanges(CKSyncEngine.Event.FetchedDatabaseChanges)
s:8CloudKit12CKSyncEngineC5EventO24FetchedRecordZoneChangesV	swift.struct	CKSyncEngine.Event.FetchedRecordZoneChanges	CKSyncEngine.Event.FetchedRecordZoneChanges	struct FetchedRecordZoneChanges
s:8CloudKit12CKSyncEngineC5EventO24FetchedRecordZoneChangesV11descriptionSSvp	swift.property	description	CKSyncEngine.Event.FetchedRecordZoneChanges.description	var description: String { get }
s:8CloudKit12CKSyncEngineC5EventO24FetchedRecordZoneChangesV13modificationsSaySo10CKDatabaseCAAE0gH6ChangeO12ModificationVGvp	swift.property	modifications	CKSyncEngine.Event.FetchedRecordZoneChanges.modifications	let modifications: [CKDatabase.RecordZoneChange.Modification]
s:8CloudKit12CKSyncEngineC5EventO24FetchedRecordZoneChangesV9deletionsSaySo10CKDatabaseCAAE0gH6ChangeO8DeletionVGvp	swift.property	deletions	CKSyncEngine.Event.FetchedRecordZoneChanges.deletions	let deletions: [CKDatabase.RecordZoneChange.Deletion]
s:8CloudKit12CKSyncEngineC5EventO24fetchedRecordZoneChangesyA2E07FetchedghI0VcAEmF	swift.enum.case	CKSyncEngine.Event.fetchedRecordZoneChanges(_:)	CKSyncEngine.Event.fetchedRecordZoneChanges(_:)	case fetchedRecordZoneChanges(CKSyncEngine.Event.FetchedRecordZoneChanges)
s:8CloudKit12CKSyncEngineC5EventO25DidFetchRecordZoneChangesV	swift.struct	CKSyncEngine.Event.DidFetchRecordZoneChanges	CKSyncEngine.Event.DidFetchRecordZoneChanges	struct DidFetchRecordZoneChanges
s:8CloudKit12CKSyncEngineC5EventO25DidFetchRecordZoneChangesV11descriptionSSvp	swift.property	description	CKSyncEngine.Event.DidFetchRecordZoneChanges.description	var description: String { get }
s:8CloudKit12CKSyncEngineC5EventO25DidFetchRecordZoneChangesV5errorSC11CKErrorCodeLeVSgvp	swift.property	error	CKSyncEngine.Event.DidFetchRecordZoneChanges.error	let error: CKError?
s:8CloudKit12CKSyncEngineC5EventO25DidFetchRecordZoneChangesV6zoneIDSo08CKRecordiL0Cvp	swift.property	zoneID	CKSyncEngine.Event.DidFetchRecordZoneChanges.zoneID	let zoneID: CKRecordZone.ID
s:8CloudKit12CKSyncEngineC5EventO25didFetchRecordZoneChangesyA2E03DidghiJ0VcAEmF	swift.enum.case	CKSyncEngine.Event.didFetchRecordZoneChanges(_:)	CKSyncEngine.Event.didFetchRecordZoneChanges(_:)	case didFetchRecordZoneChanges(CKSyncEngine.Event.DidFetchRecordZoneChanges)
s:8CloudKit12CKSyncEngineC5EventO26WillFetchRecordZoneChangesV	swift.struct	CKSyncEngine.Event.WillFetchRecordZoneChanges	CKSyncEngine.Event.WillFetchRecordZoneChanges	struct WillFetchRecordZoneChanges
s:8CloudKit12CKSyncEngineC5EventO26WillFetchRecordZoneChangesV11descriptionSSvp	swift.property	description	CKSyncEngine.Event.WillFetchRecordZoneChanges.description	var description: String { get }
s:8CloudKit12CKSyncEngineC5EventO26WillFetchRecordZoneChangesV6zoneIDSo08CKRecordiL0Cvp	swift.property	zoneID	CKSyncEngine.Event.WillFetchRecordZoneChanges.zoneID	let zoneID: CKRecordZone.ID
s:8CloudKit12CKSyncEngineC5EventO26willFetchRecordZoneChangesyA2E04WillghiJ0VcAEmF	swift.enum.case	CKSyncEngine.Event.willFetchRecordZoneChanges(_:)	CKSyncEngine.Event.willFetchRecordZoneChanges(_:)	case willFetchRecordZoneChanges(CKSyncEngine.Event.WillFetchRecordZoneChanges)
s:8CloudKit12CKSyncEngineC5StateC	swift.class	CKSyncEngine.State	CKSyncEngine.State	final class State
s:8CloudKit12CKSyncEngineC5StateC13SerializationV	swift.struct	CKSyncEngine.State.Serialization	CKSyncEngine.State.Serialization	struct Serialization
s:8CloudKit12CKSyncEngineC5StateC13SerializationV4fromAGs7Decoder_p_tKcfc	swift.init	init(from:)	CKSyncEngine.State.Serialization.init(from:)	init(from decoder: any Decoder) throws
s:8CloudKit12CKSyncEngineC5StateC13SerializationV6encode2toys7Encoder_p_tKF	swift.method	encode(to:)	CKSyncEngine.State.Serialization.encode(to:)	func encode(to encoder: any Encoder) throws
s:8CloudKit12CKSyncEngineC5StateC22pendingDatabaseChangesSayAC07PendingG6ChangeOGvp	swift.property	pendingDatabaseChanges	CKSyncEngine.State.pendingDatabaseChanges	final var pendingDatabaseChanges: [CKSyncEngine.PendingDatabaseChange] { get }
s:8CloudKit12CKSyncEngineC5StateC24pendingRecordZoneChangesSayAC07PendinggH6ChangeOGvp	swift.property	pendingRecordZoneChanges	CKSyncEngine.State.pendingRecordZoneChanges	final var pendingRecordZoneChanges: [CKSyncEngine.PendingRecordZoneChange] { get }
s:8CloudKit12CKSyncEngineC5StateC26hasPendingUntrackedChangesSbvp	swift.property	hasPendingUntrackedChanges	CKSyncEngine.State.hasPendingUntrackedChanges	final var hasPendingUntrackedChanges: Bool { get set }
s:8CloudKit12CKSyncEngineC5StateC33zoneIDsWithUnfetchedServerChangesSaySo14CKRecordZoneIDCGvp	swift.property	zoneIDsWithUnfetchedServerChanges	CKSyncEngine.State.zoneIDsWithUnfetchedServerChanges	final var zoneIDsWithUnfetchedServerChanges: [CKRecordZone.ID] { get }
s:8CloudKit12CKSyncEngineC5StateC3add22pendingDatabaseChangesySayAC07PendingH6ChangeOG_tF	swift.method	add(pendingDatabaseChanges:)	CKSyncEngine.State.add(pendingDatabaseChanges:)	final func add(pendingDatabaseChanges: [CKSyncEngine.PendingDatabaseChange])
s:8CloudKit12CKSyncEngineC5StateC3add24pendingRecordZoneChangesySayAC07PendinghI6ChangeOG_tF	swift.method	add(pendingRecordZoneChanges:)	CKSyncEngine.State.add(pendingRecordZoneChanges:)	final func add(pendingRecordZoneChanges: [CKSyncEngine.PendingRecordZoneChange])
s:8CloudKit12CKSyncEngineC5StateC6remove22pendingDatabaseChangesySayAC07PendingH6ChangeOG_tF	swift.method	remove(pendingDatabaseChanges:)	CKSyncEngine.State.remove(pendingDatabaseChanges:)	final func remove(pendingDatabaseChanges: [CKSyncEngine.PendingDatabaseChange])
s:8CloudKit12CKSyncEngineC5StateC6remove24pendingRecordZoneChangesySayAC07PendinghI6ChangeOG_tF	swift.method	remove(pendingRecordZoneChanges:)	CKSyncEngine.State.remove(pendingRecordZoneChanges:)	final func remove(pendingRecordZoneChanges: [CKSyncEngine.PendingRecordZoneChange])
s:8CloudKit12CKSyncEngineC5stateAC5StateCvp	swift.property	state	CKSyncEngine.state	final var state: CKSyncEngine.State { get }
s:8CloudKit12CKSyncEngineC8databaseSo10CKDatabaseCvp	swift.property	database	CKSyncEngine.database	final var database: CKDatabase { get }
s:8CloudKit12CKSyncEngineCyA2C13ConfigurationVcfc	swift.init	init(_:)	CKSyncEngine.init(_:)	init(_ configuration: CKSyncEngine.Configuration)
s:8CloudKit13CKRecordValuea	swift.typealias	CKRecordValue	CKRecordValue	typealias CKRecordValue = __CKRecordObjCValue
s:8CloudKit14CKShareTypeKeySSvp	swift.var	CKShareTypeKey	CKShareTypeKey	@nonobjc let CKShareTypeKey: String
s:8CloudKit15CKShareTitleKeySSvp	swift.var	CKShareTitleKey	CKShareTitleKey	@nonobjc let CKShareTitleKey: String
s:8CloudKit16CKRecordShareKeySSvp	swift.var	CKRecordShareKey	CKRecordShareKey	@nonobjc let CKRecordShareKey: String
s:8CloudKit17CKRecordParentKeySSvp	swift.var	CKRecordParentKey	CKRecordParentKey	@nonobjc let CKRecordParentKey: String
s:8CloudKit17CKRecordTypeShareSSvp	swift.var	CKRecordTypeShare	CKRecordTypeShare	@nonobjc let CKRecordTypeShare: String
s:8CloudKit20CKSyncEngineDelegateP	swift.protocol	CKSyncEngineDelegate	CKSyncEngineDelegate	protocol CKSyncEngineDelegate : AnyObject, Sendable
s:8CloudKit20CKSyncEngineDelegateP11handleEvent_04syncD0yAA0cD0C0G0O_AGtYaF	swift.method	handleEvent(_:syncEngine:)	CKSyncEngineDelegate.handleEvent(_:syncEngine:)	func handleEvent(_ event: CKSyncEngine.Event, syncEngine: CKSyncEngine) async
s:8CloudKit20CKSyncEngineDelegateP23nextFetchChangesOptions_04syncD0AA0cD0C0ghI0VAG0gH7ContextV_AGtYaF	swift.method	nextFetchChangesOptions(_:syncEngine:)	CKSyncEngineDelegate.nextFetchChangesOptions(_:syncEngine:)	func nextFetchChangesOptions(_ context: CKSyncEngine.FetchChangesContext, syncEngine: CKSyncEngine) async -> CKSyncEngine.FetchChangesOptions
s:8CloudKit20CKSyncEngineDelegateP25nextRecordZoneChangeBatch_04syncD0AA0cD0C0ghiJ0VSgAG18SendChangesContextV_AGtYaF	swift.method	nextRecordZoneChangeBatch(_:syncEngine:)	CKSyncEngineDelegate.nextRecordZoneChangeBatch(_:syncEngine:)	func nextRecordZoneChangeBatch(_ context: CKSyncEngine.SendChangesContext, syncEngine: CKSyncEngine) async -> CKSyncEngine.RecordZoneChangeBatch?
s:8CloudKit20CKSyncEngineDelegatePAAE23nextFetchChangesOptions_04syncD0AA0cD0C0ghI0VAG0gH7ContextV_AGtYaF	swift.method	nextFetchChangesOptions(_:syncEngine:)	CKSyncEngineDelegate.nextFetchChangesOptions(_:syncEngine:)	func nextFetchChangesOptions(_ context: CKSyncEngine.FetchChangesContext, syncEngine: CKSyncEngine) async -> CKSyncEngine.FetchChangesOptions
s:8CloudKit21CKRecordValueProtocolP	swift.protocol	CKRecordValueProtocol	CKRecordValueProtocol	protocol CKRecordValueProtocol
s:8CloudKit22CKRecordTypeUserRecordSSvp	swift.var	CKRecordTypeUserRecord	CKRecordTypeUserRecord	@nonobjc let CKRecordTypeUserRecord: String
s:8CloudKit23CKRecordZoneDefaultNameSSvp	swift.var	CKRecordZoneDefaultName	CKRecordZoneDefaultName	@nonobjc let CKRecordZoneDefaultName: String
s:8CloudKit24CKRecordKeyValueIteratorV	swift.struct	CKRecordKeyValueIterator	CKRecordKeyValueIterator	struct CKRecordKeyValueIterator
s:8CloudKit24CKRecordKeyValueIteratorV4nextSS_AA0cE8Protocol_ptSgyF	swift.method	next()	CKRecordKeyValueIterator.next()	mutating func next() -> (CKRecord.FieldKey, any CKRecordValueProtocol)?
s:8CloudKit24CKRecordKeyValueIteratorV7Elementa	swift.typealias	CKRecordKeyValueIterator.Element	CKRecordKeyValueIterator.Element	typealias Element = (CKRecord.FieldKey, any CKRecordValueProtocol)
s:8CloudKit24CKShare_Participant_Rolea	swift.typealias	CKShare_Participant_Role	CKShare_Participant_Role	typealias CKShare_Participant_Role = CKShare.ParticipantRole
s:8CloudKit25CKRecord_Reference_Actiona	swift.typealias	CKRecord_Reference_Action	CKRecord_Reference_Action	typealias CKRecord_Reference_Action = CKRecord.ReferenceAction
s:8CloudKit28CKShareThumbnailImageDataKeySSvp	swift.var	CKShareThumbnailImageDataKey	CKShareThumbnailImageDataKey	@nonobjc let CKShareThumbnailImageDataKey: String
s:8CloudKit29CKShareTransferRepresentationV	swift.struct	CKShareTransferRepresentation	CKShareTransferRepresentation	struct CKShareTransferRepresentation<Item> where Item : Transferable
s:8CloudKit29CKShareTransferRepresentationV13ExportedShareV	swift.struct	CKShareTransferRepresentation.ExportedShare	CKShareTransferRepresentation.ExportedShare	struct ExportedShare
s:8CloudKit29CKShareTransferRepresentationV13ExportedShareV07prepareG09container21allowedSharingOptions18preparationHandlerAEyx_GSo11CKContainerC_So09CKAllowedkL0CSo0C0CyYaYbKctFZ	swift.type.method	prepareShare(container:allowedSharingOptions:preparationHandler:)	CKShareTransferRepresentation.ExportedShare.prepareShare(container:allowedSharingOptions:preparationHandler:)	static func prepareShare(container: CKContainer, allowedSharingOptions: CKAllowedSharingOptions = CKAllowedSharingOptions.standard, preparationHandler: @escaping () async throws -> CKShare) -> CKShareTransferRepresentation<Item>.ExportedShare
s:8CloudKit29CKShareTransferRepresentationV13ExportedShareV08transferE0QrvpZ	swift.type.property	transferRepresentation	CKShareTransferRepresentation.ExportedShare.transferRepresentation	static var transferRepresentation: some TransferRepresentation { get }
s:8CloudKit29CKShareTransferRepresentationV13ExportedShareV0E0a	swift.typealias	CKShareTransferRepresentation.ExportedShare.Representation	CKShareTransferRepresentation.ExportedShare.Representation	typealias Representation = some TransferRepresentation
s:8CloudKit29CKShareTransferRepresentationV13ExportedShareV8existing_9container21allowedSharingOptionsAEyx_GSo0C0C_So11CKContainerCSo09CKAllowedkL0CtFZ	swift.type.method	existing(_:container:allowedSharingOptions:)	CKShareTransferRepresentation.ExportedShare.existing(_:container:allowedSharingOptions:)	static func existing(_ share: CKShare, container: CKContainer, allowedSharingOptions: CKAllowedSharingOptions = CKAllowedSharingOptions.standard) -> CKShareTransferRepresentation<Item>.ExportedShare
s:8CloudKit29CKShareTransferRepresentationV4Bodya	swift.typealias	CKShareTransferRepresentation.Body	CKShareTransferRepresentation.Body	typealias Body = some TransferRepresentation
s:8CloudKit29CKShareTransferRepresentationV4bodyQrvp	swift.property	body	CKShareTransferRepresentation.body	var body: some TransferRepresentation { get }
s:8CloudKit29CKShareTransferRepresentationV8exporterACyxGAC13ExportedShareVyx_GxYbKc_tcfc	swift.init	init(exporter:)	CKShareTransferRepresentation.init(exporter:)	init(exporter: @escaping (Item) throws -> CKShareTransferRepresentation<Item>.ExportedShare)
s:8CloudKit30CKShare_Participant_Permissiona	swift.typealias	CKShare_Participant_Permission	CKShare_Participant_Permission	typealias CKShare_Participant_Permission = CKShare.ParticipantPermission
s:8CloudKit35CKContainer_Application_Permissionsa	swift.typealias	CKContainer_Application_Permissions	CKContainer_Application_Permissions	typealias CKContainer_Application_Permissions = CKContainer.ApplicationPermissions
s:8CloudKit36CKShare_Participant_AcceptanceStatusa	swift.typealias	CKShare_Participant_AcceptanceStatus	CKShare_Participant_AcceptanceStatus	typealias CKShare_Participant_AcceptanceStatus = CKShare.ParticipantAcceptanceStatus
s:8CloudKit39CKContainer_Application_PermissionBlocka	swift.typealias	CKContainer_Application_PermissionBlock	CKContainer_Application_PermissionBlock	typealias CKContainer_Application_PermissionBlock = CKContainer.ApplicationPermissionBlock
s:8CloudKit40CKContainer_Application_PermissionStatusa	swift.typealias	CKContainer_Application_PermissionStatus	CKContainer_Application_PermissionStatus	typealias CKContainer_Application_PermissionStatus = CKContainer.ApplicationPermissionStatus
s:SC11CKErrorCodeLeV	swift.struct	CKError	CKError	struct CKError
s:SC11CKErrorCodeLeV11badDatabaseSoAAVvpZ	swift.type.property	badDatabase	CKError.badDatabase	static var badDatabase: CKError.Code { get }
s:SC11CKErrorCodeLeV11errorDomainSSvpZ	swift.type.property	errorDomain	CKError.errorDomain	static var errorDomain: String { get }
s:SC11CKErrorCodeLeV11unknownItemSoAAVvpZ	swift.type.property	unknownItem	CKError.unknownItem	static var unknownItem: CKError.Code { get }
s:SC11CKErrorCodeLeV12badContainerSoAAVvpZ	swift.type.property	badContainer	CKError.badContainer	static var badContainer: CKError.Code { get }
s:SC11CKErrorCodeLeV12zoneNotFoundSoAAVvpZ	swift.type.property	zoneNotFound	CKError.zoneNotFound	static var zoneNotFound: CKError.Code { get }
s:SC11CKErrorCodeLeV13alreadySharedSoAAVvpZ	swift.type.property	alreadyShared	CKError.alreadyShared	static var alreadyShared: CKError.Code { get }
s:SC11CKErrorCodeLeV13internalErrorSoAAVvpZ	swift.type.property	internalError	CKError.internalError	static var internalError: CKError.Code { get }
s:SC11CKErrorCodeLeV13limitExceededSoAAVvpZ	swift.type.property	limitExceeded	CKError.limitExceeded	static var limitExceeded: CKError.Code { get }
s:SC11CKErrorCodeLeV13quotaExceededSoAAVvpZ	swift.type.property	quotaExceeded	CKError.quotaExceeded	static var quotaExceeded: CKError.Code { get }
s:SC11CKErrorCodeLeV14networkFailureSoAAVvpZ	swift.type.property	networkFailure	CKError.networkFailure	static var networkFailure: CKError.Code { get }
s:SC11CKErrorCodeLeV14partialFailureSoAAVvpZ	swift.type.property	partialFailure	CKError.partialFailure	static var partialFailure: CKError.Code { get }
s:SC11CKErrorCodeLeV15userDeletedZoneSoAAVvpZ	swift.type.property	userDeletedZone	CKError.userDeletedZone	static var userDeletedZone: CKError.Code { get }
s:SC11CKErrorCodeLeV16invalidArgumentsSoAAVvpZ	swift.type.property	invalidArguments	CKError.invalidArguments	static var invalidArguments: CKError.Code { get }
s:SC11CKErrorCodeLeV16notAuthenticatedSoAAVvpZ	swift.type.property	notAuthenticated	CKError.notAuthenticated	static var notAuthenticated: CKError.Code { get }
s:SC11CKErrorCodeLeV16resultsTruncatedSoAAVvpZ	swift.type.property	resultsTruncated	CKError.resultsTruncated	static var resultsTruncated: CKError.Code { get }
s:SC11CKErrorCodeLeV17assetFileModifiedSoAAVvpZ	swift.type.property	assetFileModified	CKError.assetFileModified	static var assetFileModified: CKError.Code { get }
s:SC11CKErrorCodeLeV17assetFileNotFoundSoAAVvpZ	swift.type.property	assetFileNotFound	CKError.assetFileNotFound	static var assetFileNotFound: CKError.Code { get }
s:SC11CKErrorCodeLeV17assetNotAvailableSoAAVvpZ	swift.type.property	assetNotAvailable	CKError.assetNotAvailable	static var assetNotAvailable: CKError.Code { get }
s:SC11CKErrorCodeLeV17permissionFailureSoAAVvpZ	swift.type.property	permissionFailure	CKError.permissionFailure	static var permissionFailure: CKError.Code { get }
s:SC11CKErrorCodeLeV18batchRequestFailedSoAAVvpZ	swift.type.property	batchRequestFailed	CKError.batchRequestFailed	static var batchRequestFailed: CKError.Code { get }
s:SC11CKErrorCodeLeV18changeTokenExpiredSoAAVvpZ	swift.type.property	changeTokenExpired	CKError.changeTokenExpired	static var changeTokenExpired: CKError.Code { get }
s:SC11CKErrorCodeLeV18missingEntitlementSoAAVvpZ	swift.type.property	missingEntitlement	CKError.missingEntitlement	static var missingEntitlement: CKError.Code { get }
s:SC11CKErrorCodeLeV18networkUnavailableSoAAVvpZ	swift.type.property	networkUnavailable	CKError.networkUnavailable	static var networkUnavailable: CKError.Code { get }
s:SC11CKErrorCodeLeV18operationCancelledSoAAVvpZ	swift.type.property	operationCancelled	CKError.operationCancelled	static var operationCancelled: CKError.Code { get }
s:SC11CKErrorCodeLeV18referenceViolationSoAAVvpZ	swift.type.property	referenceViolation	CKError.referenceViolation	static var referenceViolation: CKError.Code { get }
s:SC11CKErrorCodeLeV18requestRateLimitedSoAAVvpZ	swift.type.property	requestRateLimited	CKError.requestRateLimited	static var requestRateLimited: CKError.Code { get }
s:SC11CKErrorCodeLeV18serverResponseLostSoAAVvpZ	swift.type.property	serverResponseLost	CKError.serverResponseLost	static var serverResponseLost: CKError.Code { get }
s:SC11CKErrorCodeLeV18serviceUnavailableSoAAVvpZ	swift.type.property	serviceUnavailable	CKError.serviceUnavailable	static var serviceUnavailable: CKError.Code { get }
s:SC11CKErrorCodeLeV19constraintViolationSoAAVvpZ	swift.type.property	constraintViolation	CKError.constraintViolation	static var constraintViolation: CKError.Code { get }
s:SC11CKErrorCodeLeV19incompatibleVersionSoAAVvpZ	swift.type.property	incompatibleVersion	CKError.incompatibleVersion	static var incompatibleVersion: CKError.Code { get }
s:SC11CKErrorCodeLeV19serverRecordChangedSoAAVvpZ	swift.type.property	serverRecordChanged	CKError.serverRecordChanged	static var serverRecordChanged: CKError.Code { get }
s:SC11CKErrorCodeLeV19tooManyParticipantsSoAAVvpZ	swift.type.property	tooManyParticipants	CKError.tooManyParticipants	static var tooManyParticipants: CKError.Code { get }
s:SC11CKErrorCodeLeV21serverRejectedRequestSoAAVvpZ	swift.type.property	serverRejectedRequest	CKError.serverRejectedRequest	static var serverRejectedRequest: CKError.Code { get }
s:SC11CKErrorCodeLeV24managedAccountRestrictedSoAAVvpZ	swift.type.property	managedAccountRestricted	CKError.managedAccountRestricted	static var managedAccountRestricted: CKError.Code { get }
s:SC11CKErrorCodeLeV25participantAlreadyInvitedSoAAVvpZ	swift.type.property	participantAlreadyInvited	CKError.participantAlreadyInvited	static var participantAlreadyInvited: CKError.Code { get }
s:SC11CKErrorCodeLeV29accountTemporarilyUnavailableSoAAVvpZ	swift.type.property	accountTemporarilyUnavailable	CKError.accountTemporarilyUnavailable	static var accountTemporarilyUnavailable: CKError.Code { get }
s:SC11CKErrorCodeLeV30participantMayNeedVerificationSoAAVvpZ	swift.type.property	participantMayNeedVerification	CKError.participantMayNeedVerification	static var participantMayNeedVerification: CKError.Code { get }
s:SC11CKErrorCodeLeV8CloudKitE12clientRecordSo8CKRecordCSgvp	swift.property	clientRecord	CKError.clientRecord	var clientRecord: CKRecord? { get }
s:SC11CKErrorCodeLeV8CloudKitE12serverRecordSo8CKRecordCSgvp	swift.property	serverRecord	CKError.serverRecord	var serverRecord: CKRecord? { get }
s:SC11CKErrorCodeLeV8CloudKitE14ancestorRecordSo8CKRecordCSgvp	swift.property	ancestorRecord	CKError.ancestorRecord	var ancestorRecord: CKRecord? { get }
s:SC11CKErrorCodeLeV8CloudKitE17retryAfterSecondsSdSgvp	swift.property	retryAfterSeconds	CKError.retryAfterSeconds	var retryAfterSeconds: Double? { get }
s:SC11CKErrorCodeLeV8CloudKitE21partialErrorsByItemIDSDys11AnyHashableVs5Error_pGSgvp	swift.property	partialErrorsByItemID	CKError.partialErrorsByItemID	var partialErrorsByItemID: [AnyHashable : any Error]? { get }
s:SC11CKErrorCodeLeV8zoneBusySoAAVvpZ	swift.type.property	zoneBusy	CKError.zoneBusy	static var zoneBusy: CKError.Code { get }
s:SK17_StringProcessingSL7ElementRpzrlE10firstRange2ofSny5IndexQzGSgqd___tSlRd__ABQyd__ACRSlF::SYNTHESIZED::s:10Foundation4DataV	swift.method	firstRange(of:)	Data.firstRange(of:)	func firstRange<C>(of other: C) -> Range<Self.Index>? where C : Collection, Self.Element == C.Element
s:SKs11SubSequenceQzRszrlE10removeLast7ElementQzyF::SYNTHESIZED::s:10Foundation4DataV	swift.method	removeLast()	Data.removeLast()	@discardableResult mutating func removeLast() -> Self.Element
s:SKs11SubSequenceQzRszrlE10removeLastyySiF::SYNTHESIZED::s:10Foundation4DataV	swift.method	removeLast(_:)	Data.removeLast(_:)	mutating func removeLast(_ k: Int)
s:SKs11SubSequenceQzRszrlE7popLast7ElementQzSgyF::SYNTHESIZED::s:10Foundation4DataV	swift.method	popLast()	Data.popLast()	mutating func popLast() -> Self.Element?
s:SKsE10difference4from2bys20CollectionDifferenceVy7ElementQzGqd___SbAG_AGtXEtSKRd__AFQyd__AGRSlF::SYNTHESIZED::s:10Foundation4DataV	swift.method	difference(from:by:)	Data.difference(from:by:)	func difference<C>(from other: C, by areEquivalent: (C.Element, Self.Element) -> Bool) -> CollectionDifference<Self.Element> where C : BidirectionalCollection, Self.Element == C.Element
s:SKsE4last5where7ElementQzSgSbADKXE_tKF::SYNTHESIZED::s:10Foundation4DataV	swift.method	last(where:)	Data.last(where:)	func last(where predicate: (Self.Element) throws -> Bool) rethrows -> Self.Element?
s:SKsE4last7ElementQzSgvp::SYNTHESIZED::s:10Foundation4DataV	swift.property	last	Data.last	var last: Self.Element? { get }
s:SKsE6suffixy11SubSequenceQzSiF::SYNTHESIZED::s:10Foundation4DataV	swift.method	suffix(_:)	Data.suffix(_:)	func suffix(_ maxLength: Int) -> Self.SubSequence
s:SKsE8dropLasty11SubSequenceQzSiF::SYNTHESIZED::s:10Foundation4DataV	swift.method	dropLast(_:)	Data.dropLast(_:)	func dropLast(_ k: Int) -> Self.SubSequence
s:SKsE8reverseds18ReversedCollectionVyxGyF::SYNTHESIZED::s:10Foundation4DataV	swift.method	reversed()	Data.reversed()	func reversed() -> ReversedCollection<Self>
s:SKsE9formIndex6beforey0B0Qzz_tF::SYNTHESIZED::s:10Foundation4DataV	swift.method	formIndex(before:)	Data.formIndex(before:)	func formIndex(before i: inout Self.Index)
s:SKsE9lastIndex5where0B0QzSgSb7ElementQzKXE_tKF::SYNTHESIZED::s:10Foundation4DataV	swift.method	lastIndex(where:)	Data.lastIndex(where:)	func lastIndex(where predicate: (Self.Element) throws -> Bool) rethrows -> Self.Index?
s:SKsSQ7ElementRpzrlE10difference4froms20CollectionDifferenceVyABGqd___tSKRd__AAQyd__ABRSlF::SYNTHESIZED::s:10Foundation4DataV	swift.method	difference(from:)	Data.difference(from:)	func difference<C>(from other: C) -> CollectionDifference<Self.Element> where C : BidirectionalCollection, Self.Element == C.Element
s:SKsSQ7ElementRpzrlE9lastIndex2of0C0QzSgAB_tF::SYNTHESIZED::s:10Foundation4DataV	swift.method	lastIndex(of:)	Data.lastIndex(of:)	func lastIndex(of element: Self.Element) -> Self.Index?
s:SLsE1goiySbx_xtFZ::SYNTHESIZED::s:10Foundation4DateV	swift.func.op	>(_:_:)	Date.>(_:_:)	static func > (lhs: Self, rhs: Self) -> Bool
s:SLsE1goiySbx_xtFZ::SYNTHESIZED::s:Si	swift.func.op	>(_:_:)	Int.>(_:_:)	static func > (lhs: Self, rhs: Self) -> Bool
s:SLsE1goiySbx_xtFZ::SYNTHESIZED::s:Su	swift.func.op	>(_:_:)	UInt.>(_:_:)	static func > (lhs: Self, rhs: Self) -> Bool
s:SLsE1goiySbx_xtFZ::SYNTHESIZED::s:s4Int8V	swift.func.op	>(_:_:)	Int8.>(_:_:)	static func > (lhs: Self, rhs: Self) -> Bool
s:SLsE1goiySbx_xtFZ::SYNTHESIZED::s:s5Int16V	swift.func.op	>(_:_:)	Int16.>(_:_:)	static func > (lhs: Self, rhs: Self) -> Bool
s:SLsE1goiySbx_xtFZ::SYNTHESIZED::s:s5Int32V	swift.func.op	>(_:_:)	Int32.>(_:_:)	static func > (lhs: Self, rhs: Self) -> Bool
s:SLsE1goiySbx_xtFZ::SYNTHESIZED::s:s5Int64V	swift.func.op	>(_:_:)	Int64.>(_:_:)	static func > (lhs: Self, rhs: Self) -> Bool
s:SLsE1goiySbx_xtFZ::SYNTHESIZED::s:s5UInt8V	swift.func.op	>(_:_:)	UInt8.>(_:_:)	static func > (lhs: Self, rhs: Self) -> Bool
s:SLsE1goiySbx_xtFZ::SYNTHESIZED::s:s6UInt16V	swift.func.op	>(_:_:)	UInt16.>(_:_:)	static func > (lhs: Self, rhs: Self) -> Bool
s:SLsE1goiySbx_xtFZ::SYNTHESIZED::s:s6UInt32V	swift.func.op	>(_:_:)	UInt32.>(_:_:)	static func > (lhs: Self, rhs: Self) -> Bool
s:SLsE1goiySbx_xtFZ::SYNTHESIZED::s:s6UInt64V	swift.func.op	>(_:_:)	UInt64.>(_:_:)	static func > (lhs: Self, rhs: Self) -> Bool
s:SLsE2geoiySbx_xtFZ::SYNTHESIZED::s:10Foundation4DateV	swift.func.op	>=(_:_:)	Date.>=(_:_:)	static func >= (lhs: Self, rhs: Self) -> Bool
s:SLsE2geoiySbx_xtFZ::SYNTHESIZED::s:Si	swift.func.op	>=(_:_:)	Int.>=(_:_:)	static func >= (lhs: Self, rhs: Self) -> Bool
s:SLsE2geoiySbx_xtFZ::SYNTHESIZED::s:Su	swift.func.op	>=(_:_:)	UInt.>=(_:_:)	static func >= (lhs: Self, rhs: Self) -> Bool
s:SLsE2geoiySbx_xtFZ::SYNTHESIZED::s:s4Int8V	swift.func.op	>=(_:_:)	Int8.>=(_:_:)	static func >= (lhs: Self, rhs: Self) -> Bool
s:SLsE2geoiySbx_xtFZ::SYNTHESIZED::s:s5Int16V	swift.func.op	>=(_:_:)	Int16.>=(_:_:)	static func >= (lhs: Self, rhs: Self) -> Bool
s:SLsE2geoiySbx_xtFZ::SYNTHESIZED::s:s5Int32V	swift.func.op	>=(_:_:)	Int32.>=(_:_:)	static func >= (lhs: Self, rhs: Self) -> Bool
s:SLsE2geoiySbx_xtFZ::SYNTHESIZED::s:s5Int64V	swift.func.op	>=(_:_:)	Int64.>=(_:_:)	static func >= (lhs: Self, rhs: Self) -> Bool
s:SLsE2geoiySbx_xtFZ::SYNTHESIZED::s:s5UInt8V	swift.func.op	>=(_:_:)	UInt8.>=(_:_:)	static func >= (lhs: Self, rhs: Self) -> Bool
s:SLsE2geoiySbx_xtFZ::SYNTHESIZED::s:s6UInt16V	swift.func.op	>=(_:_:)	UInt16.>=(_:_:)	static func >= (lhs: Self, rhs: Self) -> Bool
s:SLsE2geoiySbx_xtFZ::SYNTHESIZED::s:s6UInt32V	swift.func.op	>=(_:_:)	UInt32.>=(_:_:)	static func >= (lhs: Self, rhs: Self) -> Bool
s:SLsE2geoiySbx_xtFZ::SYNTHESIZED::s:s6UInt64V	swift.func.op	>=(_:_:)	UInt64.>=(_:_:)	static func >= (lhs: Self, rhs: Self) -> Bool
s:SLsE2leoiySbx_xtFZ::SYNTHESIZED::s:10Foundation4DateV	swift.func.op	<=(_:_:)	Date.<=(_:_:)	static func <= (lhs: Self, rhs: Self) -> Bool
s:SLsE2leoiySbx_xtFZ::SYNTHESIZED::s:Si	swift.func.op	<=(_:_:)	Int.<=(_:_:)	static func <= (lhs: Self, rhs: Self) -> Bool
s:SLsE2leoiySbx_xtFZ::SYNTHESIZED::s:Su	swift.func.op	<=(_:_:)	UInt.<=(_:_:)	static func <= (lhs: Self, rhs: Self) -> Bool
s:SLsE2leoiySbx_xtFZ::SYNTHESIZED::s:s4Int8V	swift.func.op	<=(_:_:)	Int8.<=(_:_:)	static func <= (lhs: Self, rhs: Self) -> Bool
s:SLsE2leoiySbx_xtFZ::SYNTHESIZED::s:s5Int16V	swift.func.op	<=(_:_:)	Int16.<=(_:_:)	static func <= (lhs: Self, rhs: Self) -> Bool
s:SLsE2leoiySbx_xtFZ::SYNTHESIZED::s:s5Int32V	swift.func.op	<=(_:_:)	Int32.<=(_:_:)	static func <= (lhs: Self, rhs: Self) -> Bool
s:SLsE2leoiySbx_xtFZ::SYNTHESIZED::s:s5Int64V	swift.func.op	<=(_:_:)	Int64.<=(_:_:)	static func <= (lhs: Self, rhs: Self) -> Bool
s:SLsE2leoiySbx_xtFZ::SYNTHESIZED::s:s5UInt8V	swift.func.op	<=(_:_:)	UInt8.<=(_:_:)	static func <= (lhs: Self, rhs: Self) -> Bool
s:SLsE2leoiySbx_xtFZ::SYNTHESIZED::s:s6UInt16V	swift.func.op	<=(_:_:)	UInt16.<=(_:_:)	static func <= (lhs: Self, rhs: Self) -> Bool
s:SLsE2leoiySbx_xtFZ::SYNTHESIZED::s:s6UInt32V	swift.func.op	<=(_:_:)	UInt32.<=(_:_:)	static func <= (lhs: Self, rhs: Self) -> Bool
s:SLsE2leoiySbx_xtFZ::SYNTHESIZED::s:s6UInt64V	swift.func.op	<=(_:_:)	UInt64.<=(_:_:)	static func <= (lhs: Self, rhs: Self) -> Bool
s:SLsE3zzloiySnyxGx_xtFZ::SYNTHESIZED::s:10Foundation4DateV	swift.func.op	..<(_:_:)	Date...<(_:_:)	static func ..< (minimum: Self, maximum: Self) -> Range<Self>
s:SLsE3zzloiySnyxGx_xtFZ::SYNTHESIZED::s:Si	swift.func.op	..<(_:_:)	Int...<(_:_:)	static func ..< (minimum: Self, maximum: Self) -> Range<Self>
s:SLsE3zzloiySnyxGx_xtFZ::SYNTHESIZED::s:Su	swift.func.op	..<(_:_:)	UInt...<(_:_:)	static func ..< (minimum: Self, maximum: Self) -> Range<Self>
s:SLsE3zzloiySnyxGx_xtFZ::SYNTHESIZED::s:s4Int8V	swift.func.op	..<(_:_:)	Int8...<(_:_:)	static func ..< (minimum: Self, maximum: Self) -> Range<Self>
s:SLsE3zzloiySnyxGx_xtFZ::SYNTHESIZED::s:s5Int16V	swift.func.op	..<(_:_:)	Int16...<(_:_:)	static func ..< (minimum: Self, maximum: Self) -> Range<Self>
s:SLsE3zzloiySnyxGx_xtFZ::SYNTHESIZED::s:s5Int32V	swift.func.op	..<(_:_:)	Int32...<(_:_:)	static func ..< (minimum: Self, maximum: Self) -> Range<Self>
s:SLsE3zzloiySnyxGx_xtFZ::SYNTHESIZED::s:s5Int64V	swift.func.op	..<(_:_:)	Int64...<(_:_:)	static func ..< (minimum: Self, maximum: Self) -> Range<Self>
s:SLsE3zzloiySnyxGx_xtFZ::SYNTHESIZED::s:s5UInt8V	swift.func.op	..<(_:_:)	UInt8...<(_:_:)	static func ..< (minimum: Self, maximum: Self) -> Range<Self>
s:SLsE3zzloiySnyxGx_xtFZ::SYNTHESIZED::s:s6UInt16V	swift.func.op	..<(_:_:)	UInt16...<(_:_:)	static func ..< (minimum: Self, maximum: Self) -> Range<Self>
s:SLsE3zzloiySnyxGx_xtFZ::SYNTHESIZED::s:s6UInt32V	swift.func.op	..<(_:_:)	UInt32...<(_:_:)	static func ..< (minimum: Self, maximum: Self) -> Range<Self>
s:SLsE3zzloiySnyxGx_xtFZ::SYNTHESIZED::s:s6UInt64V	swift.func.op	..<(_:_:)	UInt64...<(_:_:)	static func ..< (minimum: Self, maximum: Self) -> Range<Self>
s:SLsE3zzlopys16PartialRangeUpToVyxGxFZ::SYNTHESIZED::s:10Foundation4DateV	swift.func.op	..<(_:)	Date...<(_:)	static func ..< (maximum: Self) -> PartialRangeUpTo<Self>
s:SLsE3zzlopys16PartialRangeUpToVyxGxFZ::SYNTHESIZED::s:Si	swift.func.op	..<(_:)	Int...<(_:)	static func ..< (maximum: Self) -> PartialRangeUpTo<Self>
s:SLsE3zzlopys16PartialRangeUpToVyxGxFZ::SYNTHESIZED::s:Su	swift.func.op	..<(_:)	UInt...<(_:)	static func ..< (maximum: Self) -> PartialRangeUpTo<Self>
s:SLsE3zzlopys16PartialRangeUpToVyxGxFZ::SYNTHESIZED::s:s4Int8V	swift.func.op	..<(_:)	Int8...<(_:)	static func ..< (maximum: Self) -> PartialRangeUpTo<Self>
s:SLsE3zzlopys16PartialRangeUpToVyxGxFZ::SYNTHESIZED::s:s5Int16V	swift.func.op	..<(_:)	Int16...<(_:)	static func ..< (maximum: Self) -> PartialRangeUpTo<Self>
s:SLsE3zzlopys16PartialRangeUpToVyxGxFZ::SYNTHESIZED::s:s5Int32V	swift.func.op	..<(_:)	Int32...<(_:)	static func ..< (maximum: Self) -> PartialRangeUpTo<Self>
s:SLsE3zzlopys16PartialRangeUpToVyxGxFZ::SYNTHESIZED::s:s5Int64V	swift.func.op	..<(_:)	Int64...<(_:)	static func ..< (maximum: Self) -> PartialRangeUpTo<Self>
s:SLsE3zzlopys16PartialRangeUpToVyxGxFZ::SYNTHESIZED::s:s5UInt8V	swift.func.op	..<(_:)	UInt8...<(_:)	static func ..< (maximum: Self) -> PartialRangeUpTo<Self>
s:SLsE3zzlopys16PartialRangeUpToVyxGxFZ::SYNTHESIZED::s:s6UInt16V	swift.func.op	..<(_:)	UInt16...<(_:)	static func ..< (maximum: Self) -> PartialRangeUpTo<Self>
s:SLsE3zzlopys16PartialRangeUpToVyxGxFZ::SYNTHESIZED::s:s6UInt32V	swift.func.op	..<(_:)	UInt32...<(_:)	static func ..< (maximum: Self) -> PartialRangeUpTo<Self>
s:SLsE3zzlopys16PartialRangeUpToVyxGxFZ::SYNTHESIZED::s:s6UInt64V	swift.func.op	..<(_:)	UInt64...<(_:)	static func ..< (maximum: Self) -> PartialRangeUpTo<Self>
s:SLsE3zzzoPys16PartialRangeFromVyxGxFZ::SYNTHESIZED::s:10Foundation4DateV	swift.func.op	...(_:)	Date....(_:)	static func ... (minimum: Self) -> PartialRangeFrom<Self>
s:SLsE3zzzoPys16PartialRangeFromVyxGxFZ::SYNTHESIZED::s:Si	swift.func.op	...(_:)	Int....(_:)	static func ... (minimum: Self) -> PartialRangeFrom<Self>
s:SLsE3zzzoPys16PartialRangeFromVyxGxFZ::SYNTHESIZED::s:Su	swift.func.op	...(_:)	UInt....(_:)	static func ... (minimum: Self) -> PartialRangeFrom<Self>
s:SLsE3zzzoPys16PartialRangeFromVyxGxFZ::SYNTHESIZED::s:s4Int8V	swift.func.op	...(_:)	Int8....(_:)	static func ... (minimum: Self) -> PartialRangeFrom<Self>
s:SLsE3zzzoPys16PartialRangeFromVyxGxFZ::SYNTHESIZED::s:s5Int16V	swift.func.op	...(_:)	Int16....(_:)	static func ... (minimum: Self) -> PartialRangeFrom<Self>
s:SLsE3zzzoPys16PartialRangeFromVyxGxFZ::SYNTHESIZED::s:s5Int32V	swift.func.op	...(_:)	Int32....(_:)	static func ... (minimum: Self) -> PartialRangeFrom<Self>
s:SLsE3zzzoPys16PartialRangeFromVyxGxFZ::SYNTHESIZED::s:s5Int64V	swift.func.op	...(_:)	Int64....(_:)	static func ... (minimum: Self) -> PartialRangeFrom<Self>
s:SLsE3zzzoPys16PartialRangeFromVyxGxFZ::SYNTHESIZED::s:s5UInt8V	swift.func.op	...(_:)	UInt8....(_:)	static func ... (minimum: Self) -> PartialRangeFrom<Self>
s:SLsE3zzzoPys16PartialRangeFromVyxGxFZ::SYNTHESIZED::s:s6UInt16V	swift.func.op	...(_:)	UInt16....(_:)	static func ... (minimum: Self) -> PartialRangeFrom<Self>
s:SLsE3zzzoPys16PartialRangeFromVyxGxFZ::SYNTHESIZED::s:s6UInt32V	swift.func.op	...(_:)	UInt32....(_:)	static func ... (minimum: Self) -> PartialRangeFrom<Self>
s:SLsE3zzzoPys16PartialRangeFromVyxGxFZ::SYNTHESIZED::s:s6UInt64V	swift.func.op	...(_:)	UInt64....(_:)	static func ... (minimum: Self) -> PartialRangeFrom<Self>
s:SLsE3zzzoiySNyxGx_xtFZ::SYNTHESIZED::s:10Foundation4DateV	swift.func.op	...(_:_:)	Date....(_:_:)	static func ... (minimum: Self, maximum: Self) -> ClosedRange<Self>
s:SLsE3zzzoiySNyxGx_xtFZ::SYNTHESIZED::s:Si	swift.func.op	...(_:_:)	Int....(_:_:)	static func ... (minimum: Self, maximum: Self) -> ClosedRange<Self>
s:SLsE3zzzoiySNyxGx_xtFZ::SYNTHESIZED::s:Su	swift.func.op	...(_:_:)	UInt....(_:_:)	static func ... (minimum: Self, maximum: Self) -> ClosedRange<Self>
s:SLsE3zzzoiySNyxGx_xtFZ::SYNTHESIZED::s:s4Int8V	swift.func.op	...(_:_:)	Int8....(_:_:)	static func ... (minimum: Self, maximum: Self) -> ClosedRange<Self>
s:SLsE3zzzoiySNyxGx_xtFZ::SYNTHESIZED::s:s5Int16V	swift.func.op	...(_:_:)	Int16....(_:_:)	static func ... (minimum: Self, maximum: Self) -> ClosedRange<Self>
s:SLsE3zzzoiySNyxGx_xtFZ::SYNTHESIZED::s:s5Int32V	swift.func.op	...(_:_:)	Int32....(_:_:)	static func ... (minimum: Self, maximum: Self) -> ClosedRange<Self>
s:SLsE3zzzoiySNyxGx_xtFZ::SYNTHESIZED::s:s5Int64V	swift.func.op	...(_:_:)	Int64....(_:_:)	static func ... (minimum: Self, maximum: Self) -> ClosedRange<Self>
s:SLsE3zzzoiySNyxGx_xtFZ::SYNTHESIZED::s:s5UInt8V	swift.func.op	...(_:_:)	UInt8....(_:_:)	static func ... (minimum: Self, maximum: Self) -> ClosedRange<Self>
s:SLsE3zzzoiySNyxGx_xtFZ::SYNTHESIZED::s:s6UInt16V	swift.func.op	...(_:_:)	UInt16....(_:_:)	static func ... (minimum: Self, maximum: Self) -> ClosedRange<Self>
s:SLsE3zzzoiySNyxGx_xtFZ::SYNTHESIZED::s:s6UInt32V	swift.func.op	...(_:_:)	UInt32....(_:_:)	static func ... (minimum: Self, maximum: Self) -> ClosedRange<Self>
s:SLsE3zzzoiySNyxGx_xtFZ::SYNTHESIZED::s:s6UInt64V	swift.func.op	...(_:_:)	UInt64....(_:_:)	static func ... (minimum: Self, maximum: Self) -> ClosedRange<Self>
s:SLsE3zzzopys19PartialRangeThroughVyxGxFZ::SYNTHESIZED::s:10Foundation4DateV	swift.func.op	...(_:)	Date....(_:)	static func ... (maximum: Self) -> PartialRangeThrough<Self>
s:SLsE3zzzopys19PartialRangeThroughVyxGxFZ::SYNTHESIZED::s:Si	swift.func.op	...(_:)	Int....(_:)	static func ... (maximum: Self) -> PartialRangeThrough<Self>
s:SLsE3zzzopys19PartialRangeThroughVyxGxFZ::SYNTHESIZED::s:Su	swift.func.op	...(_:)	UInt....(_:)	static func ... (maximum: Self) -> PartialRangeThrough<Self>
s:SLsE3zzzopys19PartialRangeThroughVyxGxFZ::SYNTHESIZED::s:s4Int8V	swift.func.op	...(_:)	Int8....(_:)	static func ... (maximum: Self) -> PartialRangeThrough<Self>
s:SLsE3zzzopys19PartialRangeThroughVyxGxFZ::SYNTHESIZED::s:s5Int16V	swift.func.op	...(_:)	Int16....(_:)	static func ... (maximum: Self) -> PartialRangeThrough<Self>
s:SLsE3zzzopys19PartialRangeThroughVyxGxFZ::SYNTHESIZED::s:s5Int32V	swift.func.op	...(_:)	Int32....(_:)	static func ... (maximum: Self) -> PartialRangeThrough<Self>
s:SLsE3zzzopys19PartialRangeThroughVyxGxFZ::SYNTHESIZED::s:s5Int64V	swift.func.op	...(_:)	Int64....(_:)	static func ... (maximum: Self) -> PartialRangeThrough<Self>
s:SLsE3zzzopys19PartialRangeThroughVyxGxFZ::SYNTHESIZED::s:s5UInt8V	swift.func.op	...(_:)	UInt8....(_:)	static func ... (maximum: Self) -> PartialRangeThrough<Self>
s:SLsE3zzzopys19PartialRangeThroughVyxGxFZ::SYNTHESIZED::s:s6UInt16V	swift.func.op	...(_:)	UInt16....(_:)	static func ... (maximum: Self) -> PartialRangeThrough<Self>
s:SLsE3zzzopys19PartialRangeThroughVyxGxFZ::SYNTHESIZED::s:s6UInt32V	swift.func.op	...(_:)	UInt32....(_:)	static func ... (maximum: Self) -> PartialRangeThrough<Self>
s:SLsE3zzzopys19PartialRangeThroughVyxGxFZ::SYNTHESIZED::s:s6UInt64V	swift.func.op	...(_:)	UInt64....(_:)	static func ... (maximum: Self) -> PartialRangeThrough<Self>
s:SM10FoundationSkRzrlE4sort5usingyqd___tAA14SortComparatorRd__8ComparedQyd__7ElementSTRtzlF::SYNTHESIZED::s:10Foundation4DataV	swift.method	sort(using:)	Data.sort(using:)	mutating func sort<Comparator>(using comparator: Comparator) where Comparator : SortComparator, Self.Element == Comparator.Compared
s:SM10FoundationSkRzrlE4sort5usingyqd___tSTRd__AA14SortComparatorRd_0_7ElementQyd__Rsd_0_8ComparedQyd_0_AESTRtzr0_lF::SYNTHESIZED::s:10Foundation4DataV	swift.method	sort(using:)	Data.sort(using:)	mutating func sort<S, Comparator>(using comparators: S) where S : Sequence, Comparator : SortComparator, Comparator == S.Element, Self.Element == Comparator.Compared
s:SMsE13moveSubranges_2toSny5IndexQzGs8RangeSetVyADG_ADtF::SYNTHESIZED::s:10Foundation4DataV	swift.method	moveSubranges(_:to:)	Data.moveSubranges(_:to:)	@discardableResult mutating func moveSubranges(_ subranges: RangeSet<Self.Index>, to insertionPoint: Self.Index) -> Range<Self.Index>
s:SMsE39withContiguousMutableStorageIfAvailableyqd__Sgqd__Sry7ElementQzGzKXEKlF::SYNTHESIZED::s:10Foundation4DataV	swift.method	withContiguousMutableStorageIfAvailable(_:)	Data.withContiguousMutableStorageIfAvailable(_:)	mutating func withContiguousMutableStorageIfAvailable<R>(_ body: (inout UnsafeMutableBufferPointer<Self.Element>) throws -> R) rethrows -> R?
s:SMsE6swapAtyy5IndexQz_ACtF::SYNTHESIZED::s:10Foundation4DataV	swift.method	swapAt(_:_:)	Data.swapAt(_:_:)	mutating func swapAt(_ i: Self.Index, _ j: Self.Index)
s:SMsE9partition2by5IndexQzSb7ElementQzKXE_tKF::SYNTHESIZED::s:10Foundation4DataV	swift.method	partition(by:)	Data.partition(by:)	mutating func partition(by belongsInSecondPartition: (Self.Element) throws -> Bool) rethrows -> Self.Index
s:SMsEy11SubSequenceQzSny5IndexQzGcip::SYNTHESIZED::s:10Foundation4DataV	swift.subscript	subscript(_:)	Data.subscript(_:)	subscript(bounds: Range<Self.Index>) -> Self.SubSequence { get set }
s:SMsEy11SubSequenceQzqd__cSXRd__5BoundQyd__5IndexRtzluip::SYNTHESIZED::s:10Foundation4DataV	swift.subscript	subscript(_:)	Data.subscript(_:)	subscript<R>(r: R) -> Self.SubSequence where R : RangeExpression, Self.Index == R.Bound { get set }
s:SMsEy11SubSequenceQzys15UnboundedRange_OXEcip::SYNTHESIZED::s:10Foundation4DataV	swift.subscript	subscript(_:)	Data.subscript(_:)	subscript(x: (UnboundedRange_) -> ()) -> Self.SubSequence { get set }
s:SMsEys5SliceVyxGSny5IndexQzGcip::SYNTHESIZED::s:10Foundation4DataV	swift.subscript	subscript(_:)	Data.subscript(_:)	subscript(bounds: Range<Self.Index>) -> Slice<Self> { get set }
s:SMsSKRzrlE7reverseyyF::SYNTHESIZED::s:10Foundation4DataV	swift.method	reverse()	Data.reverse()	mutating func reverse()
s:SMsSKRzrlE9partition2by5IndexSlQzSb7ElementSTQzKXE_tKF::SYNTHESIZED::s:10Foundation4DataV	swift.method	partition(by:)	Data.partition(by:)	mutating func partition(by belongsInSecondPartition: (Self.Element) throws -> Bool) rethrows -> Self.Index
s:SMsSkRzSL7ElementSTRpzrlE4sortyyF::SYNTHESIZED::s:10Foundation4DataV	swift.method	sort()	Data.sort()	mutating func sort()
s:SMsSkRzrlE4sort2byySb7ElementSTQz_ADtKXE_tKF::SYNTHESIZED::s:10Foundation4DataV	swift.method	sort(by:)	Data.sort(by:)	mutating func sort(by areInIncreasingOrder: (Self.Element, Self.Element) throws -> Bool) rethrows
s:SMsSkRzrlE7shuffle5usingyqd__z_tSGRd__lF::SYNTHESIZED::s:10Foundation4DataV	swift.method	shuffle(using:)	Data.shuffle(using:)	mutating func shuffle<T>(using generator: inout T) where T : RandomNumberGenerator
s:SMsSkRzrlE7shuffleyyF::SYNTHESIZED::s:10Foundation4DataV	swift.method	shuffle()	Data.shuffle()	mutating func shuffle()
s:SMsSmRzrlE15removeSubrangesyys8RangeSetVy5IndexSlQzGF::SYNTHESIZED::s:10Foundation4DataV	swift.method	removeSubranges(_:)	Data.removeSubranges(_:)	mutating func removeSubranges(_ subranges: RangeSet<Self.Index>)
s:SQsE2neoiySbx_xtFZ::SYNTHESIZED::c:@E@CKAccountStatus	swift.func.op	!=(_:_:)	CKAccountStatus.!=(_:_:)	static func != (lhs: Self, rhs: Self) -> Bool
s:SQsE2neoiySbx_xtFZ::SYNTHESIZED::c:@E@CKApplicationPermissionStatus	swift.func.op	!=(_:_:)	CKContainer.ApplicationPermissionStatus.!=(_:_:)	static func != (lhs: Self, rhs: Self) -> Bool
s:SQsE2neoiySbx_xtFZ::SYNTHESIZED::c:@E@CKApplicationPermissions	swift.func.op	!=(_:_:)	CKContainer.ApplicationPermissions.!=(_:_:)	static func != (lhs: Self, rhs: Self) -> Bool
s:SQsE2neoiySbx_xtFZ::SYNTHESIZED::c:@E@CKDatabaseScope	swift.func.op	!=(_:_:)	CKDatabase.Scope.!=(_:_:)	static func != (lhs: Self, rhs: Self) -> Bool
s:SQsE2neoiySbx_xtFZ::SYNTHESIZED::c:@E@CKErrorCode	swift.func.op	!=(_:_:)	CKError.!=(_:_:)	static func != (lhs: Self, rhs: Self) -> Bool
s:SQsE2neoiySbx_xtFZ::SYNTHESIZED::c:@E@CKNotificationType	swift.func.op	!=(_:_:)	CKNotification.NotificationType.!=(_:_:)	static func != (lhs: Self, rhs: Self) -> Bool
s:SQsE2neoiySbx_xtFZ::SYNTHESIZED::c:@E@CKOperationGroupTransferSize	swift.func.op	!=(_:_:)	CKOperationGroup.TransferSize.!=(_:_:)	static func != (lhs: Self, rhs: Self) -> Bool
s:SQsE2neoiySbx_xtFZ::SYNTHESIZED::c:@E@CKQueryNotificationReason	swift.func.op	!=(_:_:)	CKQueryNotification.Reason.!=(_:_:)	static func != (lhs: Self, rhs: Self) -> Bool
s:SQsE2neoiySbx_xtFZ::SYNTHESIZED::c:@E@CKQuerySubscriptionOptions	swift.func.op	!=(_:_:)	CKQuerySubscription.Options.!=(_:_:)	static func != (lhs: Self, rhs: Self) -> Bool
s:SQsE2neoiySbx_xtFZ::SYNTHESIZED::c:@E@CKRecordSavePolicy	swift.func.op	!=(_:_:)	CKModifyRecordsOperation.RecordSavePolicy.!=(_:_:)	static func != (lhs: Self, rhs: Self) -> Bool
s:SQsE2neoiySbx_xtFZ::SYNTHESIZED::c:@E@CKRecordZoneCapabilities	swift.func.op	!=(_:_:)	CKRecordZone.Capabilities.!=(_:_:)	static func != (lhs: Self, rhs: Self) -> Bool
s:SQsE2neoiySbx_xtFZ::SYNTHESIZED::c:@E@CKRecordZoneEncryptionScope	swift.func.op	!=(_:_:)	CKRecordZone.EncryptionScope.!=(_:_:)	static func != (lhs: Self, rhs: Self) -> Bool
s:SQsE2neoiySbx_xtFZ::SYNTHESIZED::c:@E@CKReferenceAction	swift.func.op	!=(_:_:)	CKRecord.ReferenceAction.!=(_:_:)	static func != (lhs: Self, rhs: Self) -> Bool
s:SQsE2neoiySbx_xtFZ::SYNTHESIZED::c:@E@CKShareParticipantAcceptanceStatus	swift.func.op	!=(_:_:)	CKShare.ParticipantAcceptanceStatus.!=(_:_:)	static func != (lhs: Self, rhs: Self) -> Bool
s:SQsE2neoiySbx_xtFZ::SYNTHESIZED::c:@E@CKShareParticipantPermission	swift.func.op	!=(_:_:)	CKShare.ParticipantPermission.!=(_:_:)	static func != (lhs: Self, rhs: Self) -> Bool
s:SQsE2neoiySbx_xtFZ::SYNTHESIZED::c:@E@CKShareParticipantRole	swift.func.op	!=(_:_:)	CKShare.ParticipantRole.!=(_:_:)	static func != (lhs: Self, rhs: Self) -> Bool
s:SQsE2neoiySbx_xtFZ::SYNTHESIZED::c:@E@CKSharingParticipantAccessOption	swift.func.op	!=(_:_:)	CKSharingParticipantAccessOption.!=(_:_:)	static func != (lhs: Self, rhs: Self) -> Bool
s:SQsE2neoiySbx_xtFZ::SYNTHESIZED::c:@E@CKSharingParticipantPermissionOption	swift.func.op	!=(_:_:)	CKSharingParticipantPermissionOption.!=(_:_:)	static func != (lhs: Self, rhs: Self) -> Bool
s:SQsE2neoiySbx_xtFZ::SYNTHESIZED::c:@E@CKSubscriptionType	swift.func.op	!=(_:_:)	CKSubscription.SubscriptionType.!=(_:_:)	static func != (lhs: Self, rhs: Self) -> Bool
s:SQsE2neoiySbx_xtFZ::SYNTHESIZED::c:@E@CKSyncEngineAccountChangeType	swift.func.op	!=(_:_:)	CKSyncEngineAccountChangeType.!=(_:_:)	static func != (lhs: Self, rhs: Self) -> Bool
s:SQsE2neoiySbx_xtFZ::SYNTHESIZED::c:@E@CKSyncEngineEventType	swift.func.op	!=(_:_:)	CKSyncEngineEventType.!=(_:_:)	static func != (lhs: Self, rhs: Self) -> Bool
s:SQsE2neoiySbx_xtFZ::SYNTHESIZED::c:@E@CKSyncEnginePendingDatabaseChangeType	swift.func.op	!=(_:_:)	CKSyncEnginePendingDatabaseChangeType.!=(_:_:)	static func != (lhs: Self, rhs: Self) -> Bool
s:SQsE2neoiySbx_xtFZ::SYNTHESIZED::c:@E@CKSyncEnginePendingRecordZoneChangeType	swift.func.op	!=(_:_:)	CKSyncEnginePendingRecordZoneChangeType.!=(_:_:)	static func != (lhs: Self, rhs: Self) -> Bool
s:SQsE2neoiySbx_xtFZ::SYNTHESIZED::c:@E@CKSyncEngineSyncReason	swift.func.op	!=(_:_:)	CKSyncEngineSyncReason.!=(_:_:)	static func != (lhs: Self, rhs: Self) -> Bool
s:SQsE2neoiySbx_xtFZ::SYNTHESIZED::c:@E@CKSyncEngineZoneDeletionReason	swift.func.op	!=(_:_:)	CKSyncEngineZoneDeletionReason.!=(_:_:)	static func != (lhs: Self, rhs: Self) -> Bool
s:SQsE2neoiySbx_xtFZ::SYNTHESIZED::s:10Foundation4DataV	swift.func.op	!=(_:_:)	Data.!=(_:_:)	static func != (lhs: Self, rhs: Self) -> Bool
s:SQsE2neoiySbx_xtFZ::SYNTHESIZED::s:10Foundation4DateV	swift.func.op	!=(_:_:)	Date.!=(_:_:)	static func != (lhs: Self, rhs: Self) -> Bool
s:SQsE2neoiySbx_xtFZ::SYNTHESIZED::s:8CloudKit12CKSyncEngineC10SyncReasonO	swift.func.op	!=(_:_:)	CKSyncEngine.SyncReason.!=(_:_:)	static func != (lhs: Self, rhs: Self) -> Bool
s:SQsE2neoiySbx_xtFZ::SYNTHESIZED::s:8CloudKit12CKSyncEngineC18SendChangesOptionsV5ScopeO	swift.func.op	!=(_:_:)	CKSyncEngine.SendChangesOptions.Scope.!=(_:_:)	static func != (lhs: Self, rhs: Self) -> Bool
s:SQsE2neoiySbx_xtFZ::SYNTHESIZED::s:8CloudKit12CKSyncEngineC19FetchChangesOptionsV5ScopeO	swift.func.op	!=(_:_:)	CKSyncEngine.FetchChangesOptions.Scope.!=(_:_:)	static func != (lhs: Self, rhs: Self) -> Bool
s:SQsE2neoiySbx_xtFZ::SYNTHESIZED::s:8CloudKit12CKSyncEngineC21PendingDatabaseChangeO	swift.func.op	!=(_:_:)	CKSyncEngine.PendingDatabaseChange.!=(_:_:)	static func != (lhs: Self, rhs: Self) -> Bool
s:SQsE2neoiySbx_xtFZ::SYNTHESIZED::s:8CloudKit12CKSyncEngineC23PendingRecordZoneChangeO	swift.func.op	!=(_:_:)	CKSyncEngine.PendingRecordZoneChange.!=(_:_:)	static func != (lhs: Self, rhs: Self) -> Bool
s:SQsE2neoiySbx_xtFZ::SYNTHESIZED::s:8CloudKit12CKSyncEngineC5EventO13AccountChangeV0G4TypeO	swift.func.op	!=(_:_:)	CKSyncEngine.Event.AccountChange.ChangeType.!=(_:_:)	static func != (lhs: Self, rhs: Self) -> Bool
s:SQsE2neoiySbx_xtFZ::SYNTHESIZED::s:So10CKDatabaseC8CloudKitE14DatabaseChangeO12ModificationV	swift.func.op	!=(_:_:)	CKDatabase.DatabaseChange.Modification.!=(_:_:)	static func != (lhs: Self, rhs: Self) -> Bool
s:SQsE2neoiySbx_xtFZ::SYNTHESIZED::s:So10CKDatabaseC8CloudKitE14DatabaseChangeO8DeletionV	swift.func.op	!=(_:_:)	CKDatabase.DatabaseChange.Deletion.!=(_:_:)	static func != (lhs: Self, rhs: Self) -> Bool
s:SQsE2neoiySbx_xtFZ::SYNTHESIZED::s:So10CKDatabaseC8CloudKitE14DatabaseChangeO8DeletionV6ReasonO	swift.func.op	!=(_:_:)	CKDatabase.DatabaseChange.Deletion.Reason.!=(_:_:)	static func != (lhs: Self, rhs: Self) -> Bool
s:SQsE2neoiySbx_xtFZ::SYNTHESIZED::s:So10CKDatabaseC8CloudKitE16RecordZoneChangeO12ModificationV	swift.func.op	!=(_:_:)	CKDatabase.RecordZoneChange.Modification.!=(_:_:)	static func != (lhs: Self, rhs: Self) -> Bool
s:SQsE2neoiySbx_xtFZ::SYNTHESIZED::s:So10CKDatabaseC8CloudKitE16RecordZoneChangeO8DeletionV	swift.func.op	!=(_:_:)	CKDatabase.RecordZoneChange.Deletion.!=(_:_:)	static func != (lhs: Self, rhs: Self) -> Bool
s:ST10FoundationE6sorted5usingSay7ElementQzGqd___tAA14SortComparatorRd__8ComparedQyd__AERSlF::SYNTHESIZED::c:objc(cs)CKRecord	swift.method	sorted(using:)	CKRecord.sorted(using:)	func sorted<Comparator>(using comparator: Comparator) -> [Self.Element] where Comparator : SortComparator, Self.Element == Comparator.Compared
s:ST10FoundationE6sorted5usingSay7ElementQzGqd___tAA14SortComparatorRd__8ComparedQyd__AERSlF::SYNTHESIZED::s:10Foundation4DataV	swift.method	sorted(using:)	Data.sorted(using:)	func sorted<Comparator>(using comparator: Comparator) -> [Self.Element] where Comparator : SortComparator, Self.Element == Comparator.Compared
s:ST10FoundationE6sorted5usingSay7ElementQzGqd___tSTRd__AA14SortComparatorRd_0_ADQyd__Rsd_0_8ComparedQyd_0_AERSr0_lF::SYNTHESIZED::c:objc(cs)CKRecord	swift.method	sorted(using:)	CKRecord.sorted(using:)	func sorted<S, Comparator>(using comparators: S) -> [Self.Element] where S : Sequence, Comparator : SortComparator, Comparator == S.Element, Self.Element == Comparator.Compared
s:ST10FoundationE6sorted5usingSay7ElementQzGqd___tSTRd__AA14SortComparatorRd_0_ADQyd__Rsd_0_8ComparedQyd_0_AERSr0_lF::SYNTHESIZED::s:10Foundation4DataV	swift.method	sorted(using:)	Data.sorted(using:)	func sorted<S, Comparator>(using comparators: S) -> [Self.Element] where S : Sequence, Comparator : SortComparator, Comparator == S.Element, Self.Element == Comparator.Compared
s:ST10FoundationE7compareySo18NSComparisonResultV8ComparedQyd___AFtAA14SortComparatorRd__7ElementQzRsd__lF::SYNTHESIZED::c:objc(cs)CKRecord	swift.method	compare(_:_:)	CKRecord.compare(_:_:)	func compare<Comparator>(_ lhs: Comparator.Compared, _ rhs: Comparator.Compared) -> ComparisonResult where Comparator : SortComparator, Comparator == Self.Element
s:ST10FoundationE7compareySo18NSComparisonResultV8ComparedQyd___AFtAA14SortComparatorRd__7ElementQzRsd__lF::SYNTHESIZED::s:10Foundation4DataV	swift.method	compare(_:_:)	Data.compare(_:_:)	func compare<Comparator>(_ lhs: Comparator.Compared, _ rhs: Comparator.Compared) -> ComparisonResult where Comparator : SortComparator, Comparator == Self.Element
s:ST10FoundationE9formattedy12FormatOutputQyd__qd__0C5InputQyd__RszAA0C5StyleRd__lF::SYNTHESIZED::c:objc(cs)CKRecord	swift.method	formatted(_:)	CKRecord.formatted(_:)	func formatted<S>(_ style: S) -> S.FormatOutput where Self == S.FormatInput, S : FormatStyle
s:ST10FoundationE9formattedy12FormatOutputQyd__qd__0C5InputQyd__RszAA0C5StyleRd__lF::SYNTHESIZED::s:10Foundation4DataV	swift.method	formatted(_:)	Data.formatted(_:)	func formatted<S>(_ style: S) -> S.FormatOutput where Self == S.FormatInput, S : FormatStyle
s:ST7CombineE9publisherAA10PublishersO8SequenceVy_xs5NeverOGvp::SYNTHESIZED::c:objc(cs)CKRecord	swift.property	publisher	CKRecord.publisher	var publisher: Publishers.Sequence<Self, Never> { get }
s:ST7CombineE9publisherAA10PublishersO8SequenceVy_xs5NeverOGvp::SYNTHESIZED::s:10Foundation4DataV	swift.property	publisher	Data.publisher	var publisher: Publishers.Sequence<Self, Never> { get }
s:STsE10allSatisfyyS2b7ElementQzKXEKF::SYNTHESIZED::c:objc(cs)CKRecord	swift.method	allSatisfy(_:)	CKRecord.allSatisfy(_:)	func allSatisfy(_ predicate: (Self.Element) throws -> Bool) rethrows -> Bool
s:STsE10allSatisfyyS2b7ElementQzKXEKF::SYNTHESIZED::s:10Foundation4DataV	swift.method	allSatisfy(_:)	Data.allSatisfy(_:)	func allSatisfy(_ predicate: (Self.Element) throws -> Bool) rethrows -> Bool
s:STsE10compactMapySayqd__Gqd__Sg7ElementQzKXEKlF::SYNTHESIZED::c:objc(cs)CKRecord	swift.method	compactMap(_:)	CKRecord.compactMap(_:)	func compactMap<ElementOfResult>(_ transform: (Self.Element) throws -> ElementOfResult?) rethrows -> [ElementOfResult]
s:STsE10compactMapySayqd__Gqd__Sg7ElementQzKXEKlF::SYNTHESIZED::s:10Foundation4DataV	swift.method	compactMap(_:)	Data.compactMap(_:)	func compactMap<ElementOfResult>(_ transform: (Self.Element) throws -> ElementOfResult?) rethrows -> [ElementOfResult]
s:STsE10enumerateds18EnumeratedSequenceVyxGyF::SYNTHESIZED::c:objc(cs)CKRecord	swift.method	enumerated()	CKRecord.enumerated()	func enumerated() -> EnumeratedSequence<Self>
s:STsE10enumerateds18EnumeratedSequenceVyxGyF::SYNTHESIZED::s:10Foundation4DataV	swift.method	enumerated()	Data.enumerated()	func enumerated() -> EnumeratedSequence<Self>
s:STsE13elementsEqual_2bySbqd___Sb7ElementQz_ACQyd__tKXEtKSTRd__lF::SYNTHESIZED::c:objc(cs)CKRecord	swift.method	elementsEqual(_:by:)	CKRecord.elementsEqual(_:by:)	func elementsEqual<OtherSequence>(_ other: OtherSequence, by areEquivalent: (Self.Element, OtherSequence.Element) throws -> Bool) rethrows -> Bool where OtherSequence : Sequence
s:STsE13elementsEqual_2bySbqd___Sb7ElementQz_ACQyd__tKXEtKSTRd__lF::SYNTHESIZED::s:10Foundation4DataV	swift.method	elementsEqual(_:by:)	Data.elementsEqual(_:by:)	func elementsEqual<OtherSequence>(_ other: OtherSequence, by areEquivalent: (Self.Element, OtherSequence.Element) throws -> Bool) rethrows -> Bool where OtherSequence : Sequence
s:STsE19underestimatedCountSivp::SYNTHESIZED::c:objc(cs)CKRecord	swift.property	underestimatedCount	CKRecord.underestimatedCount	var underestimatedCount: Int { get }
s:STsE25lexicographicallyPrecedes_2bySbqd___Sb7ElementQz_ADtKXEtKSTRd__ACQyd__ADRSlF::SYNTHESIZED::c:objc(cs)CKRecord	swift.method	lexicographicallyPrecedes(_:by:)	CKRecord.lexicographicallyPrecedes(_:by:)	func lexicographicallyPrecedes<OtherSequence>(_ other: OtherSequence, by areInIncreasingOrder: (Self.Element, Self.Element) throws -> Bool) rethrows -> Bool where OtherSequence : Sequence, Self.Element == OtherSequence.Element
s:STsE25lexicographicallyPrecedes_2bySbqd___Sb7ElementQz_ADtKXEtKSTRd__ACQyd__ADRSlF::SYNTHESIZED::s:10Foundation4DataV	swift.method	lexicographicallyPrecedes(_:by:)	Data.lexicographicallyPrecedes(_:by:)	func lexicographicallyPrecedes<OtherSequence>(_ other: OtherSequence, by areInIncreasingOrder: (Self.Element, Self.Element) throws -> Bool) rethrows -> Bool where OtherSequence : Sequence, Self.Element == OtherSequence.Element
s:STsE32withContiguousStorageIfAvailableyqd__Sgqd__SRy7ElementQzGKXEKlF::SYNTHESIZED::c:objc(cs)CKRecord	swift.method	withContiguousStorageIfAvailable(_:)	CKRecord.withContiguousStorageIfAvailable(_:)	func withContiguousStorageIfAvailable<R>(_ body: (UnsafeBufferPointer<Self.Element>) throws -> R) rethrows -> R?
s:STsE32withContiguousStorageIfAvailableyqd__Sgqd__SRy7ElementQzGKXEKlF::SYNTHESIZED::s:10Foundation4DataV	swift.method	withContiguousStorageIfAvailable(_:)	Data.withContiguousStorageIfAvailable(_:)	func withContiguousStorageIfAvailable<R>(_ body: (UnsafeBufferPointer<Self.Element>) throws -> R) rethrows -> R?
s:STsE3mapySayqd__Gqd__7ElementQzqd_0_YKXEqd_0_YKs5ErrorRd_0_r0_lF::SYNTHESIZED::c:objc(cs)CKRecord	swift.method	map(_:)	CKRecord.map(_:)	func map<T, E>(_ transform: (Self.Element) throws(E) -> T) throws(E) -> [T] where E : Error
s:STsE3mapySayqd__Gqd__7ElementQzqd_0_YKXEqd_0_YKs5ErrorRd_0_r0_lF::SYNTHESIZED::s:10Foundation4DataV	swift.method	map(_:)	Data.map(_:)	func map<T, E>(_ transform: (Self.Element) throws(E) -> T) throws(E) -> [T] where E : Error
s:STsE3max2by7ElementQzSgSbAD_ADtKXE_tKF::SYNTHESIZED::c:objc(cs)CKRecord	swift.method	max(by:)	CKRecord.max(by:)	@warn_unqualified_access func max(by areInIncreasingOrder: (Self.Element, Self.Element) throws -> Bool) rethrows -> Self.Element?
s:STsE3max2by7ElementQzSgSbAD_ADtKXE_tKF::SYNTHESIZED::s:10Foundation4DataV	swift.method	max(by:)	Data.max(by:)	@warn_unqualified_access func max(by areInIncreasingOrder: (Self.Element, Self.Element) throws -> Bool) rethrows -> Self.Element?
s:STsE3min2by7ElementQzSgSbAD_ADtKXE_tKF::SYNTHESIZED::c:objc(cs)CKRecord	swift.method	min(by:)	CKRecord.min(by:)	@warn_unqualified_access func min(by areInIncreasingOrder: (Self.Element, Self.Element) throws -> Bool) rethrows -> Self.Element?
s:STsE3min2by7ElementQzSgSbAD_ADtKXE_tKF::SYNTHESIZED::s:10Foundation4DataV	swift.method	min(by:)	Data.min(by:)	@warn_unqualified_access func min(by areInIncreasingOrder: (Self.Element, Self.Element) throws -> Bool) rethrows -> Self.Element?
s:STsE4drop5whiles17DropWhileSequenceVyxGSb7ElementQzKXE_tKF::SYNTHESIZED::c:objc(cs)CKRecord	swift.method	drop(while:)	CKRecord.drop(while:)	func drop(while predicate: (Self.Element) throws -> Bool) rethrows -> DropWhileSequence<Self>
s:STsE4lazys12LazySequenceVyxGvp::SYNTHESIZED::c:objc(cs)CKRecord	swift.property	lazy	CKRecord.lazy	var lazy: LazySequence<Self> { get }
s:STsE4lazys12LazySequenceVyxGvp::SYNTHESIZED::s:10Foundation4DataV	swift.property	lazy	Data.lazy	var lazy: LazySequence<Self> { get }
s:STsE5count5whereSiSb7ElementQzqd__YKXE_tqd__YKs5ErrorRd__lF::SYNTHESIZED::c:objc(cs)CKRecord	swift.method	count(where:)	CKRecord.count(where:)	func count<E>(where predicate: (Self.Element) throws(E) -> Bool) throws(E) -> Int where E : Error
s:STsE5count5whereSiSb7ElementQzqd__YKXE_tqd__YKs5ErrorRd__lF::SYNTHESIZED::s:10Foundation4DataV	swift.method	count(where:)	Data.count(where:)	func count<E>(where predicate: (Self.Element) throws(E) -> Bool) throws(E) -> Int where E : Error
s:STsE5first5where7ElementQzSgSbADKXE_tKF::SYNTHESIZED::c:objc(cs)CKRecord	swift.method	first(where:)	CKRecord.first(where:)	func first(where predicate: (Self.Element) throws -> Bool) rethrows -> Self.Element?
s:STsE5first5where7ElementQzSgSbADKXE_tKF::SYNTHESIZED::s:10Foundation4DataV	swift.method	first(where:)	Data.first(where:)	func first(where predicate: (Self.Element) throws -> Bool) rethrows -> Self.Element?
s:STsE5split9maxSplits25omittingEmptySubsequences14whereSeparatorSays10ArraySliceVy7ElementQzGGSi_S2bAHKXEtKF::SYNTHESIZED::c:objc(cs)CKRecord	swift.method	split(maxSplits:omittingEmptySubsequences:whereSeparator:)	CKRecord.split(maxSplits:omittingEmptySubsequences:whereSeparator:)	func split(maxSplits: Int = Int.max, omittingEmptySubsequences: Bool = true, whereSeparator isSeparator: (Self.Element) throws -> Bool) rethrows -> [ArraySlice<Self.Element>]
s:STsE6filterySay7ElementQzGSbACKXEKF::SYNTHESIZED::c:objc(cs)CKRecord	swift.method	filter(_:)	CKRecord.filter(_:)	func filter(_ isIncluded: (Self.Element) throws -> Bool) rethrows -> [Self.Element]
s:STsE6prefix5whileSay7ElementQzGSbADKXE_tKF::SYNTHESIZED::c:objc(cs)CKRecord	swift.method	prefix(while:)	CKRecord.prefix(while:)	func prefix(while predicate: (Self.Element) throws -> Bool) rethrows -> [Self.Element]
s:STsE6prefixys14PrefixSequenceVyxGSiF::SYNTHESIZED::c:objc(cs)CKRecord	swift.method	prefix(_:)	CKRecord.prefix(_:)	func prefix(_ maxLength: Int) -> PrefixSequence<Self>
s:STsE6reduce4into_qd__qd__n_yqd__z_7ElementQztKXEtKlF::SYNTHESIZED::c:objc(cs)CKRecord	swift.method	reduce(into:_:)	CKRecord.reduce(into:_:)	func reduce<Result>(into initialResult: Result, _ updateAccumulatingResult: (inout Result, Self.Element) throws -> ()) rethrows -> Result
s:STsE6reduce4into_qd__qd__n_yqd__z_7ElementQztKXEtKlF::SYNTHESIZED::s:10Foundation4DataV	swift.method	reduce(into:_:)	Data.reduce(into:_:)	func reduce<Result>(into initialResult: Result, _ updateAccumulatingResult: (inout Result, Self.Element) throws -> ()) rethrows -> Result
s:STsE6reduceyqd__qd___qd__qd___7ElementQztKXEtKlF::SYNTHESIZED::c:objc(cs)CKRecord	swift.method	reduce(_:_:)	CKRecord.reduce(_:_:)	func reduce<Result>(_ initialResult: Result, _ nextPartialResult: (Result, Self.Element) throws -> Result) rethrows -> Result
s:STsE6reduceyqd__qd___qd__qd___7ElementQztKXEtKlF::SYNTHESIZED::s:10Foundation4DataV	swift.method	reduce(_:_:)	Data.reduce(_:_:)	func reduce<Result>(_ initialResult: Result, _ nextPartialResult: (Result, Self.Element) throws -> Result) rethrows -> Result
s:STsE6sorted2bySay7ElementQzGSbAD_ADtKXE_tKF::SYNTHESIZED::c:objc(cs)CKRecord	swift.method	sorted(by:)	CKRecord.sorted(by:)	func sorted(by areInIncreasingOrder: (Self.Element, Self.Element) throws -> Bool) rethrows -> [Self.Element]
s:STsE6sorted2bySay7ElementQzGSbAD_ADtKXE_tKF::SYNTHESIZED::s:10Foundation4DataV	swift.method	sorted(by:)	Data.sorted(by:)	func sorted(by areInIncreasingOrder: (Self.Element, Self.Element) throws -> Bool) rethrows -> [Self.Element]
s:STsE6starts4with2bySbqd___Sb7ElementQz_ADQyd__tKXEtKSTRd__lF::SYNTHESIZED::c:objc(cs)CKRecord	swift.method	starts(with:by:)	CKRecord.starts(with:by:)	func starts<PossiblePrefix>(with possiblePrefix: PossiblePrefix, by areEquivalent: (Self.Element, PossiblePrefix.Element) throws -> Bool) rethrows -> Bool where PossiblePrefix : Sequence
s:STsE6starts4with2bySbqd___Sb7ElementQz_ADQyd__tKXEtKSTRd__lF::SYNTHESIZED::s:10Foundation4DataV	swift.method	starts(with:by:)	Data.starts(with:by:)	func starts<PossiblePrefix>(with possiblePrefix: PossiblePrefix, by areEquivalent: (Self.Element, PossiblePrefix.Element) throws -> Bool) rethrows -> Bool where PossiblePrefix : Sequence
s:STsE6suffixySay7ElementQzGSiF::SYNTHESIZED::c:objc(cs)CKRecord	swift.method	suffix(_:)	CKRecord.suffix(_:)	func suffix(_ maxLength: Int) -> [Self.Element]
s:STsE7flatMapySay7ElementQyd__Gqd__ABQzKXEKSTRd__lF::SYNTHESIZED::c:objc(cs)CKRecord	swift.method	flatMap(_:)	CKRecord.flatMap(_:)	func flatMap<SegmentOfResult>(_ transform: (Self.Element) throws -> SegmentOfResult) rethrows -> [SegmentOfResult.Element] where SegmentOfResult : Sequence
s:STsE7flatMapySay7ElementQyd__Gqd__ABQzKXEKSTRd__lF::SYNTHESIZED::s:10Foundation4DataV	swift.method	flatMap(_:)	Data.flatMap(_:)	func flatMap<SegmentOfResult>(_ transform: (Self.Element) throws -> SegmentOfResult) rethrows -> [SegmentOfResult.Element] where SegmentOfResult : Sequence
s:STsE7flatMapySayqd__Gqd__Sg7ElementQzKXEKlF::SYNTHESIZED::c:objc(cs)CKRecord	swift.method	flatMap(_:)	CKRecord.flatMap(_:)	func flatMap<ElementOfResult>(_ transform: (Self.Element) throws -> ElementOfResult?) rethrows -> [ElementOfResult]
s:STsE7flatMapySayqd__Gqd__Sg7ElementQzKXEKlF::SYNTHESIZED::s:10Foundation4DataV	swift.method	flatMap(_:)	Data.flatMap(_:)	func flatMap<ElementOfResult>(_ transform: (Self.Element) throws -> ElementOfResult?) rethrows -> [ElementOfResult]
s:STsE7forEachyyy7ElementQzKXEKF::SYNTHESIZED::c:objc(cs)CKRecord	swift.method	forEach(_:)	CKRecord.forEach(_:)	func forEach(_ body: (Self.Element) throws -> Void) rethrows
s:STsE7forEachyyy7ElementQzKXEKF::SYNTHESIZED::s:10Foundation4DataV	swift.method	forEach(_:)	Data.forEach(_:)	func forEach(_ body: (Self.Element) throws -> Void) rethrows
s:STsE8contains5whereS2b7ElementQzKXE_tKF::SYNTHESIZED::c:objc(cs)CKRecord	swift.method	contains(where:)	CKRecord.contains(where:)	func contains(where predicate: (Self.Element) throws -> Bool) rethrows -> Bool
s:STsE8contains5whereS2b7ElementQzKXE_tKF::SYNTHESIZED::s:10Foundation4DataV	swift.method	contains(where:)	Data.contains(where:)	func contains(where predicate: (Self.Element) throws -> Bool) rethrows -> Bool
s:STsE8dropLastySay7ElementQzGSiF::SYNTHESIZED::c:objc(cs)CKRecord	swift.method	dropLast(_:)	CKRecord.dropLast(_:)	func dropLast(_ k: Int = 1) -> [Self.Element]
s:STsE8reversedSay7ElementQzGyF::SYNTHESIZED::c:objc(cs)CKRecord	swift.method	reversed()	CKRecord.reversed()	func reversed() -> [Self.Element]
s:STsE8shuffled5usingSay7ElementQzGqd__z_tSGRd__lF::SYNTHESIZED::c:objc(cs)CKRecord	swift.method	shuffled(using:)	CKRecord.shuffled(using:)	func shuffled<T>(using generator: inout T) -> [Self.Element] where T : RandomNumberGenerator
s:STsE8shuffled5usingSay7ElementQzGqd__z_tSGRd__lF::SYNTHESIZED::s:10Foundation4DataV	swift.method	shuffled(using:)	Data.shuffled(using:)	func shuffled<T>(using generator: inout T) -> [Self.Element] where T : RandomNumberGenerator
s:STsE8shuffledSay7ElementQzGyF::SYNTHESIZED::c:objc(cs)CKRecord	swift.method	shuffled()	CKRecord.shuffled()	func shuffled() -> [Self.Element]
s:STsE8shuffledSay7ElementQzGyF::SYNTHESIZED::s:10Foundation4DataV	swift.method	shuffled()	Data.shuffled()	func shuffled() -> [Self.Element]
s:STsE9dropFirstys04DropB8SequenceVyxGSiF::SYNTHESIZED::c:objc(cs)CKRecord	swift.method	dropFirst(_:)	CKRecord.dropFirst(_:)	func dropFirst(_ k: Int = 1) -> DropFirstSequence<Self>
s:STsSL7ElementRpzrlE25lexicographicallyPrecedesySbqd__STRd__AAQyd__ABRSlF::SYNTHESIZED::s:10Foundation4DataV	swift.method	lexicographicallyPrecedes(_:)	Data.lexicographicallyPrecedes(_:)	func lexicographicallyPrecedes<OtherSequence>(_ other: OtherSequence) -> Bool where OtherSequence : Sequence, Self.Element == OtherSequence.Element
s:STsSL7ElementRpzrlE3maxABSgyF::SYNTHESIZED::s:10Foundation4DataV	swift.method	max()	Data.max()	@warn_unqualified_access func max() -> Self.Element?
s:STsSL7ElementRpzrlE3minABSgyF::SYNTHESIZED::s:10Foundation4DataV	swift.method	min()	Data.min()	@warn_unqualified_access func min() -> Self.Element?
s:STsSL7ElementRpzrlE6sortedSayABGyF::SYNTHESIZED::s:10Foundation4DataV	swift.method	sorted()	Data.sorted()	func sorted() -> [Self.Element]
s:STsSQ7ElementRpzrlE13elementsEqualySbqd__STRd__AAQyd__ABRSlF::SYNTHESIZED::s:10Foundation4DataV	swift.method	elementsEqual(_:)	Data.elementsEqual(_:)	func elementsEqual<OtherSequence>(_ other: OtherSequence) -> Bool where OtherSequence : Sequence, Self.Element == OtherSequence.Element
s:STsSQ7ElementRpzrlE6starts4withSbqd___tSTRd__AAQyd__ABRSlF::SYNTHESIZED::s:10Foundation4DataV	swift.method	starts(with:)	Data.starts(with:)	func starts<PossiblePrefix>(with possiblePrefix: PossiblePrefix) -> Bool where PossiblePrefix : Sequence, Self.Element == PossiblePrefix.Element
s:STsSQ7ElementRpzrlE8containsySbABF::SYNTHESIZED::s:10Foundation4DataV	swift.method	contains(_:)	Data.contains(_:)	func contains(_ element: Self.Element) -> Bool
s:SUsE8isSignedSbvpZ::SYNTHESIZED::s:Su	swift.type.property	isSigned	UInt.isSigned	static var isSigned: Bool { get }
s:SUsE8isSignedSbvpZ::SYNTHESIZED::s:s5UInt8V	swift.type.property	isSigned	UInt8.isSigned	static var isSigned: Bool { get }
s:SUsE8isSignedSbvpZ::SYNTHESIZED::s:s6UInt16V	swift.type.property	isSigned	UInt16.isSigned	static var isSigned: Bool { get }
s:SUsE8isSignedSbvpZ::SYNTHESIZED::s:s6UInt32V	swift.type.property	isSigned	UInt32.isSigned	static var isSigned: Bool { get }
s:SUsE8isSignedSbvpZ::SYNTHESIZED::s:s6UInt64V	swift.type.property	isSigned	UInt64.isSigned	static var isSigned: Bool { get }
s:SUsE9magnitudexvp::SYNTHESIZED::s:Su	swift.property	magnitude	UInt.magnitude	var magnitude: Self { get }
s:SUsE9magnitudexvp::SYNTHESIZED::s:s5UInt8V	swift.property	magnitude	UInt8.magnitude	var magnitude: Self { get }
s:SUsE9magnitudexvp::SYNTHESIZED::s:s6UInt16V	swift.property	magnitude	UInt16.magnitude	var magnitude: Self { get }
s:SUsE9magnitudexvp::SYNTHESIZED::s:s6UInt32V	swift.property	magnitude	UInt32.magnitude	var magnitude: Self { get }
s:SUsE9magnitudexvp::SYNTHESIZED::s:s6UInt64V	swift.property	magnitude	UInt64.magnitude	var magnitude: Self { get }
s:SUss17FixedWidthIntegerRzrlE3maxxvpZ::SYNTHESIZED::s:Su	swift.type.property	max	UInt.max	static var max: Self { get }
s:SUss17FixedWidthIntegerRzrlE3maxxvpZ::SYNTHESIZED::s:s5UInt8V	swift.type.property	max	UInt8.max	static var max: Self { get }
s:SUss17FixedWidthIntegerRzrlE3maxxvpZ::SYNTHESIZED::s:s6UInt16V	swift.type.property	max	UInt16.max	static var max: Self { get }
s:SUss17FixedWidthIntegerRzrlE3maxxvpZ::SYNTHESIZED::s:s6UInt32V	swift.type.property	max	UInt32.max	static var max: Self { get }
s:SUss17FixedWidthIntegerRzrlE3maxxvpZ::SYNTHESIZED::s:s6UInt64V	swift.type.property	max	UInt64.max	static var max: Self { get }
s:SUss17FixedWidthIntegerRzrlE3minxvpZ::SYNTHESIZED::s:Su	swift.type.property	min	UInt.min	static var min: Self { get }
s:SUss17FixedWidthIntegerRzrlE3minxvpZ::SYNTHESIZED::s:s5UInt8V	swift.type.property	min	UInt8.min	static var min: Self { get }
s:SUss17FixedWidthIntegerRzrlE3minxvpZ::SYNTHESIZED::s:s6UInt16V	swift.type.property	min	UInt16.min	static var min: Self { get }
s:SUss17FixedWidthIntegerRzrlE3minxvpZ::SYNTHESIZED::s:s6UInt32V	swift.type.property	min	UInt32.min	static var min: Self { get }
s:SUss17FixedWidthIntegerRzrlE3minxvpZ::SYNTHESIZED::s:s6UInt64V	swift.type.property	min	UInt64.min	static var min: Self { get }
s:SUss17FixedWidthIntegerRzrlE7exactlyxSgqd___tcSzRd__lufc::SYNTHESIZED::s:Su	swift.init	init(exactly:)	UInt.init(exactly:)	init?<T>(exactly source: T) where T : BinaryInteger
s:SUss17FixedWidthIntegerRzrlE7exactlyxSgqd___tcSzRd__lufc::SYNTHESIZED::s:s5UInt8V	swift.init	init(exactly:)	UInt8.init(exactly:)	init?<T>(exactly source: T) where T : BinaryInteger
s:SUss17FixedWidthIntegerRzrlE7exactlyxSgqd___tcSzRd__lufc::SYNTHESIZED::s:s6UInt16V	swift.init	init(exactly:)	UInt16.init(exactly:)	init?<T>(exactly source: T) where T : BinaryInteger
s:SUss17FixedWidthIntegerRzrlE7exactlyxSgqd___tcSzRd__lufc::SYNTHESIZED::s:s6UInt32V	swift.init	init(exactly:)	UInt32.init(exactly:)	init?<T>(exactly source: T) where T : BinaryInteger
s:SUss17FixedWidthIntegerRzrlE7exactlyxSgqd___tcSzRd__lufc::SYNTHESIZED::s:s6UInt64V	swift.init	init(exactly:)	UInt64.init(exactly:)	init?<T>(exactly source: T) where T : BinaryInteger
s:SUss17FixedWidthIntegerRzrlEyxqd__cSzRd__lufc::SYNTHESIZED::s:Su	swift.init	init(_:)	UInt.init(_:)	init<T>(_ source: T) where T : BinaryInteger
s:SUss17FixedWidthIntegerRzrlEyxqd__cSzRd__lufc::SYNTHESIZED::s:s5UInt8V	swift.init	init(_:)	UInt8.init(_:)	init<T>(_ source: T) where T : BinaryInteger
s:SUss17FixedWidthIntegerRzrlEyxqd__cSzRd__lufc::SYNTHESIZED::s:s6UInt16V	swift.init	init(_:)	UInt16.init(_:)	init<T>(_ source: T) where T : BinaryInteger
s:SUss17FixedWidthIntegerRzrlEyxqd__cSzRd__lufc::SYNTHESIZED::s:s6UInt32V	swift.init	init(_:)	UInt32.init(_:)	init<T>(_ source: T) where T : BinaryInteger
s:SUss17FixedWidthIntegerRzrlEyxqd__cSzRd__lufc::SYNTHESIZED::s:s6UInt64V	swift.init	init(_:)	UInt64.init(_:)	init<T>(_ source: T) where T : BinaryInteger
s:SYsSHRzSH8RawValueSYRpzrlE04hashB0Sivp::SYNTHESIZED::c:@E@CKAccountStatus	swift.property	hashValue	CKAccountStatus.hashValue	var hashValue: Int { get }
s:SYsSHRzSH8RawValueSYRpzrlE04hashB0Sivp::SYNTHESIZED::c:@E@CKApplicationPermissionStatus	swift.property	hashValue	CKContainer.ApplicationPermissionStatus.hashValue	var hashValue: Int { get }
s:SYsSHRzSH8RawValueSYRpzrlE04hashB0Sivp::SYNTHESIZED::c:@E@CKDatabaseScope	swift.property	hashValue	CKDatabase.Scope.hashValue	var hashValue: Int { get }
s:SYsSHRzSH8RawValueSYRpzrlE04hashB0Sivp::SYNTHESIZED::c:@E@CKErrorCode	swift.property	hashValue	CKError.Code.hashValue	var hashValue: Int { get }
s:SYsSHRzSH8RawValueSYRpzrlE04hashB0Sivp::SYNTHESIZED::c:@E@CKNotificationType	swift.property	hashValue	CKNotification.NotificationType.hashValue	var hashValue: Int { get }
s:SYsSHRzSH8RawValueSYRpzrlE04hashB0Sivp::SYNTHESIZED::c:@E@CKOperationGroupTransferSize	swift.property	hashValue	CKOperationGroup.TransferSize.hashValue	var hashValue: Int { get }
s:SYsSHRzSH8RawValueSYRpzrlE04hashB0Sivp::SYNTHESIZED::c:@E@CKQueryNotificationReason	swift.property	hashValue	CKQueryNotification.Reason.hashValue	var hashValue: Int { get }
s:SYsSHRzSH8RawValueSYRpzrlE04hashB0Sivp::SYNTHESIZED::c:@E@CKRecordSavePolicy	swift.property	hashValue	CKModifyRecordsOperation.RecordSavePolicy.hashValue	var hashValue: Int { get }
s:SYsSHRzSH8RawValueSYRpzrlE04hashB0Sivp::SYNTHESIZED::c:@E@CKRecordZoneEncryptionScope	swift.property	hashValue	CKRecordZone.EncryptionScope.hashValue	var hashValue: Int { get }
s:SYsSHRzSH8RawValueSYRpzrlE04hashB0Sivp::SYNTHESIZED::c:@E@CKReferenceAction	swift.property	hashValue	CKRecord.ReferenceAction.hashValue	var hashValue: Int { get }
s:SYsSHRzSH8RawValueSYRpzrlE04hashB0Sivp::SYNTHESIZED::c:@E@CKShareParticipantAcceptanceStatus	swift.property	hashValue	CKShare.ParticipantAcceptanceStatus.hashValue	var hashValue: Int { get }
s:SYsSHRzSH8RawValueSYRpzrlE04hashB0Sivp::SYNTHESIZED::c:@E@CKShareParticipantPermission	swift.property	hashValue	CKShare.ParticipantPermission.hashValue	var hashValue: Int { get }
s:SYsSHRzSH8RawValueSYRpzrlE04hashB0Sivp::SYNTHESIZED::c:@E@CKShareParticipantRole	swift.property	hashValue	CKShare.ParticipantRole.hashValue	var hashValue: Int { get }
s:SYsSHRzSH8RawValueSYRpzrlE04hashB0Sivp::SYNTHESIZED::c:@E@CKSubscriptionType	swift.property	hashValue	CKSubscription.SubscriptionType.hashValue	var hashValue: Int { get }
s:SYsSHRzSH8RawValueSYRpzrlE04hashB0Sivp::SYNTHESIZED::c:@E@CKSyncEngineAccountChangeType	swift.property	hashValue	CKSyncEngineAccountChangeType.hashValue	var hashValue: Int { get }
s:SYsSHRzSH8RawValueSYRpzrlE04hashB0Sivp::SYNTHESIZED::c:@E@CKSyncEngineEventType	swift.property	hashValue	CKSyncEngineEventType.hashValue	var hashValue: Int { get }
s:SYsSHRzSH8RawValueSYRpzrlE04hashB0Sivp::SYNTHESIZED::c:@E@CKSyncEnginePendingDatabaseChangeType	swift.property	hashValue	CKSyncEnginePendingDatabaseChangeType.hashValue	var hashValue: Int { get }
s:SYsSHRzSH8RawValueSYRpzrlE04hashB0Sivp::SYNTHESIZED::c:@E@CKSyncEnginePendingRecordZoneChangeType	swift.property	hashValue	CKSyncEnginePendingRecordZoneChangeType.hashValue	var hashValue: Int { get }
s:SYsSHRzSH8RawValueSYRpzrlE04hashB0Sivp::SYNTHESIZED::c:@E@CKSyncEngineSyncReason	swift.property	hashValue	CKSyncEngineSyncReason.hashValue	var hashValue: Int { get }
s:SYsSHRzSH8RawValueSYRpzrlE04hashB0Sivp::SYNTHESIZED::c:@E@CKSyncEngineZoneDeletionReason	swift.property	hashValue	CKSyncEngineZoneDeletionReason.hashValue	var hashValue: Int { get }
s:SYsSHRzSH8RawValueSYRpzrlE4hash4intoys6HasherVz_tF::SYNTHESIZED::c:@E@CKAccountStatus	swift.method	hash(into:)	CKAccountStatus.hash(into:)	func hash(into hasher: inout Hasher)
s:SYsSHRzSH8RawValueSYRpzrlE4hash4intoys6HasherVz_tF::SYNTHESIZED::c:@E@CKApplicationPermissionStatus	swift.method	hash(into:)	CKContainer.ApplicationPermissionStatus.hash(into:)	func hash(into hasher: inout Hasher)
s:SYsSHRzSH8RawValueSYRpzrlE4hash4intoys6HasherVz_tF::SYNTHESIZED::c:@E@CKDatabaseScope	swift.method	hash(into:)	CKDatabase.Scope.hash(into:)	func hash(into hasher: inout Hasher)
s:SYsSHRzSH8RawValueSYRpzrlE4hash4intoys6HasherVz_tF::SYNTHESIZED::c:@E@CKErrorCode	swift.method	hash(into:)	CKError.Code.hash(into:)	func hash(into hasher: inout Hasher)
s:SYsSHRzSH8RawValueSYRpzrlE4hash4intoys6HasherVz_tF::SYNTHESIZED::c:@E@CKNotificationType	swift.method	hash(into:)	CKNotification.NotificationType.hash(into:)	func hash(into hasher: inout Hasher)
s:SYsSHRzSH8RawValueSYRpzrlE4hash4intoys6HasherVz_tF::SYNTHESIZED::c:@E@CKOperationGroupTransferSize	swift.method	hash(into:)	CKOperationGroup.TransferSize.hash(into:)	func hash(into hasher: inout Hasher)
s:SYsSHRzSH8RawValueSYRpzrlE4hash4intoys6HasherVz_tF::SYNTHESIZED::c:@E@CKQueryNotificationReason	swift.method	hash(into:)	CKQueryNotification.Reason.hash(into:)	func hash(into hasher: inout Hasher)
s:SYsSHRzSH8RawValueSYRpzrlE4hash4intoys6HasherVz_tF::SYNTHESIZED::c:@E@CKRecordSavePolicy	swift.method	hash(into:)	CKModifyRecordsOperation.RecordSavePolicy.hash(into:)	func hash(into hasher: inout Hasher)
s:SYsSHRzSH8RawValueSYRpzrlE4hash4intoys6HasherVz_tF::SYNTHESIZED::c:@E@CKRecordZoneEncryptionScope	swift.method	hash(into:)	CKRecordZone.EncryptionScope.hash(into:)	func hash(into hasher: inout Hasher)
s:SYsSHRzSH8RawValueSYRpzrlE4hash4intoys6HasherVz_tF::SYNTHESIZED::c:@E@CKReferenceAction	swift.method	hash(into:)	CKRecord.ReferenceAction.hash(into:)	func hash(into hasher: inout Hasher)
s:SYsSHRzSH8RawValueSYRpzrlE4hash4intoys6HasherVz_tF::SYNTHESIZED::c:@E@CKShareParticipantAcceptanceStatus	swift.method	hash(into:)	CKShare.ParticipantAcceptanceStatus.hash(into:)	func hash(into hasher: inout Hasher)
s:SYsSHRzSH8RawValueSYRpzrlE4hash4intoys6HasherVz_tF::SYNTHESIZED::c:@E@CKShareParticipantPermission	swift.method	hash(into:)	CKShare.ParticipantPermission.hash(into:)	func hash(into hasher: inout Hasher)
s:SYsSHRzSH8RawValueSYRpzrlE4hash4intoys6HasherVz_tF::SYNTHESIZED::c:@E@CKShareParticipantRole	swift.method	hash(into:)	CKShare.ParticipantRole.hash(into:)	func hash(into hasher: inout Hasher)
s:SYsSHRzSH8RawValueSYRpzrlE4hash4intoys6HasherVz_tF::SYNTHESIZED::c:@E@CKSubscriptionType	swift.method	hash(into:)	CKSubscription.SubscriptionType.hash(into:)	func hash(into hasher: inout Hasher)
s:SYsSHRzSH8RawValueSYRpzrlE4hash4intoys6HasherVz_tF::SYNTHESIZED::c:@E@CKSyncEngineAccountChangeType	swift.method	hash(into:)	CKSyncEngineAccountChangeType.hash(into:)	func hash(into hasher: inout Hasher)
s:SYsSHRzSH8RawValueSYRpzrlE4hash4intoys6HasherVz_tF::SYNTHESIZED::c:@E@CKSyncEngineEventType	swift.method	hash(into:)	CKSyncEngineEventType.hash(into:)	func hash(into hasher: inout Hasher)
s:SYsSHRzSH8RawValueSYRpzrlE4hash4intoys6HasherVz_tF::SYNTHESIZED::c:@E@CKSyncEnginePendingDatabaseChangeType	swift.method	hash(into:)	CKSyncEnginePendingDatabaseChangeType.hash(into:)	func hash(into hasher: inout Hasher)
s:SYsSHRzSH8RawValueSYRpzrlE4hash4intoys6HasherVz_tF::SYNTHESIZED::c:@E@CKSyncEnginePendingRecordZoneChangeType	swift.method	hash(into:)	CKSyncEnginePendingRecordZoneChangeType.hash(into:)	func hash(into hasher: inout Hasher)
s:SYsSHRzSH8RawValueSYRpzrlE4hash4intoys6HasherVz_tF::SYNTHESIZED::c:@E@CKSyncEngineSyncReason	swift.method	hash(into:)	CKSyncEngineSyncReason.hash(into:)	func hash(into hasher: inout Hasher)
s:SYsSHRzSH8RawValueSYRpzrlE4hash4intoys6HasherVz_tF::SYNTHESIZED::c:@E@CKSyncEngineZoneDeletionReason	swift.method	hash(into:)	CKSyncEngineZoneDeletionReason.hash(into:)	func hash(into hasher: inout Hasher)
s:SZsE8isSignedSbvpZ::SYNTHESIZED::s:Si	swift.type.property	isSigned	Int.isSigned	static var isSigned: Bool { get }
s:SZsE8isSignedSbvpZ::SYNTHESIZED::s:s4Int8V	swift.type.property	isSigned	Int8.isSigned	static var isSigned: Bool { get }
s:SZsE8isSignedSbvpZ::SYNTHESIZED::s:s5Int16V	swift.type.property	isSigned	Int16.isSigned	static var isSigned: Bool { get }
s:SZsE8isSignedSbvpZ::SYNTHESIZED::s:s5Int32V	swift.type.property	isSigned	Int32.isSigned	static var isSigned: Bool { get }
s:SZsE8isSignedSbvpZ::SYNTHESIZED::s:s5Int64V	swift.type.property	isSigned	Int64.isSigned	static var isSigned: Bool { get }
s:SZss17FixedWidthIntegerRzrlE10isMultiple2ofSbx_tF::SYNTHESIZED::s:Si	swift.method	isMultiple(of:)	Int.isMultiple(of:)	func isMultiple(of other: Self) -> Bool
s:SZss17FixedWidthIntegerRzrlE10isMultiple2ofSbx_tF::SYNTHESIZED::s:s4Int8V	swift.method	isMultiple(of:)	Int8.isMultiple(of:)	func isMultiple(of other: Self) -> Bool
s:SZss17FixedWidthIntegerRzrlE10isMultiple2ofSbx_tF::SYNTHESIZED::s:s5Int16V	swift.method	isMultiple(of:)	Int16.isMultiple(of:)	func isMultiple(of other: Self) -> Bool
s:SZss17FixedWidthIntegerRzrlE10isMultiple2ofSbx_tF::SYNTHESIZED::s:s5Int32V	swift.method	isMultiple(of:)	Int32.isMultiple(of:)	func isMultiple(of other: Self) -> Bool
s:SZss17FixedWidthIntegerRzrlE10isMultiple2ofSbx_tF::SYNTHESIZED::s:s5Int64V	swift.method	isMultiple(of:)	Int64.isMultiple(of:)	func isMultiple(of other: Self) -> Bool
s:SZss17FixedWidthIntegerRzrlE3maxxvpZ::SYNTHESIZED::s:Si	swift.type.property	max	Int.max	static var max: Self { get }
s:SZss17FixedWidthIntegerRzrlE3maxxvpZ::SYNTHESIZED::s:s4Int8V	swift.type.property	max	Int8.max	static var max: Self { get }
s:SZss17FixedWidthIntegerRzrlE3maxxvpZ::SYNTHESIZED::s:s5Int16V	swift.type.property	max	Int16.max	static var max: Self { get }
s:SZss17FixedWidthIntegerRzrlE3maxxvpZ::SYNTHESIZED::s:s5Int32V	swift.type.property	max	Int32.max	static var max: Self { get }
s:SZss17FixedWidthIntegerRzrlE3maxxvpZ::SYNTHESIZED::s:s5Int64V	swift.type.property	max	Int64.max	static var max: Self { get }
s:SZss17FixedWidthIntegerRzrlE3minxvpZ::SYNTHESIZED::s:Si	swift.type.property	min	Int.min	static var min: Self { get }
s:SZss17FixedWidthIntegerRzrlE3minxvpZ::SYNTHESIZED::s:s4Int8V	swift.type.property	min	Int8.min	static var min: Self { get }
s:SZss17FixedWidthIntegerRzrlE3minxvpZ::SYNTHESIZED::s:s5Int16V	swift.type.property	min	Int16.min	static var min: Self { get }
s:SZss17FixedWidthIntegerRzrlE3minxvpZ::SYNTHESIZED::s:s5Int32V	swift.type.property	min	Int32.min	static var min: Self { get }
s:SZss17FixedWidthIntegerRzrlE3minxvpZ::SYNTHESIZED::s:s5Int64V	swift.type.property	min	Int64.min	static var min: Self { get }
s:SZss17FixedWidthIntegerRzrlE7exactlyxSgqd___tcSzRd__lufc::SYNTHESIZED::s:Si	swift.init	init(exactly:)	Int.init(exactly:)	init?<T>(exactly source: T) where T : BinaryInteger
s:SZss17FixedWidthIntegerRzrlE7exactlyxSgqd___tcSzRd__lufc::SYNTHESIZED::s:s4Int8V	swift.init	init(exactly:)	Int8.init(exactly:)	init?<T>(exactly source: T) where T : BinaryInteger
s:SZss17FixedWidthIntegerRzrlE7exactlyxSgqd___tcSzRd__lufc::SYNTHESIZED::s:s5Int16V	swift.init	init(exactly:)	Int16.init(exactly:)	init?<T>(exactly source: T) where T : BinaryInteger
s:SZss17FixedWidthIntegerRzrlE7exactlyxSgqd___tcSzRd__lufc::SYNTHESIZED::s:s5Int32V	swift.init	init(exactly:)	Int32.init(exactly:)	init?<T>(exactly source: T) where T : BinaryInteger
s:SZss17FixedWidthIntegerRzrlE7exactlyxSgqd___tcSzRd__lufc::SYNTHESIZED::s:s5Int64V	swift.init	init(exactly:)	Int64.init(exactly:)	init?<T>(exactly source: T) where T : BinaryInteger
s:SZss17FixedWidthIntegerRzrlEyxqd__cSzRd__lufc::SYNTHESIZED::s:Si	swift.init	init(_:)	Int.init(_:)	init<T>(_ source: T) where T : BinaryInteger
s:SZss17FixedWidthIntegerRzrlEyxqd__cSzRd__lufc::SYNTHESIZED::s:s4Int8V	swift.init	init(_:)	Int8.init(_:)	init<T>(_ source: T) where T : BinaryInteger
s:SZss17FixedWidthIntegerRzrlEyxqd__cSzRd__lufc::SYNTHESIZED::s:s5Int16V	swift.init	init(_:)	Int16.init(_:)	init<T>(_ source: T) where T : BinaryInteger
s:SZss17FixedWidthIntegerRzrlEyxqd__cSzRd__lufc::SYNTHESIZED::s:s5Int32V	swift.init	init(_:)	Int32.init(_:)	init<T>(_ source: T) where T : BinaryInteger
s:SZss17FixedWidthIntegerRzrlEyxqd__cSzRd__lufc::SYNTHESIZED::s:s5Int64V	swift.init	init(_:)	Int64.init(_:)	init<T>(_ source: T) where T : BinaryInteger
s:SksE5index_8offsetBy07limitedC05IndexQzSgAE_SiAEtF::SYNTHESIZED::s:10Foundation4DataV	swift.method	index(_:offsetBy:limitedBy:)	Data.index(_:offsetBy:limitedBy:)	func index(_ i: Self.Index, offsetBy distance: Int, limitedBy limit: Self.Index) -> Self.Index?
s:Sl17_StringProcessing11SubSequenceQzRszSQ7ElementRpzrlE10trimPrefixyyqd__STRd__ADQyd__AERSlF::SYNTHESIZED::s:10Foundation4DataV	swift.method	trimPrefix(_:)	Data.trimPrefix(_:)	mutating func trimPrefix<Prefix>(_ prefix: Prefix) where Prefix : Sequence, Self.Element == Prefix.Element
s:Sl17_StringProcessing11SubSequenceQzRszrlE10trimPrefix5whileySb7ElementQzKXE_tKF::SYNTHESIZED::s:10Foundation4DataV	swift.method	trimPrefix(while:)	Data.trimPrefix(while:)	mutating func trimPrefix(while predicate: (Self.Element) throws -> Bool) throws
s:Sl17_StringProcessingE14trimmingPrefix5while11SubSequenceQzSb7ElementQzKXE_tKF::SYNTHESIZED::s:10Foundation4DataV	swift.method	trimmingPrefix(while:)	Data.trimmingPrefix(while:)	func trimmingPrefix(while predicate: (Self.Element) throws -> Bool) rethrows -> Self.SubSequence
s:Sl17_StringProcessingSQ7ElementRpzrlE10firstRange2ofSny5IndexQzGSgqd___tSlRd__ABQyd__ACRSlF::SYNTHESIZED::s:10Foundation4DataV	swift.method	firstRange(of:)	Data.firstRange(of:)	func firstRange<C>(of other: C) -> Range<Self.Index>? where C : Collection, Self.Element == C.Element
s:Sl17_StringProcessingSQ7ElementRpzrlE14trimmingPrefixy11SubSequenceQzqd__STRd__ABQyd__ACRSlF::SYNTHESIZED::s:10Foundation4DataV	swift.method	trimmingPrefix(_:)	Data.trimmingPrefix(_:)	func trimmingPrefix<Prefix>(_ prefix: Prefix) -> Self.SubSequence where Prefix : Sequence, Self.Element == Prefix.Element
s:Sl17_StringProcessingSQ7ElementRpzrlE6ranges2ofSaySny5IndexQzGGqd___tSlRd__ABQyd__ACRSlF::SYNTHESIZED::s:10Foundation4DataV	swift.method	ranges(of:)	Data.ranges(of:)	func ranges<C>(of other: C) -> [Range<Self.Index>] where C : Collection, Self.Element == C.Element
s:Sls11SubSequenceQzRszrlE11removeFirst7ElementQzyF::SYNTHESIZED::s:10Foundation4DataV	swift.method	removeFirst()	Data.removeFirst()	@discardableResult mutating func removeFirst() -> Self.Element
s:Sls11SubSequenceQzRszrlE11removeFirstyySiF::SYNTHESIZED::s:10Foundation4DataV	swift.method	removeFirst(_:)	Data.removeFirst(_:)	mutating func removeFirst(_ k: Int)
s:Sls11SubSequenceQzRszrlE8popFirst7ElementQzSgyF::SYNTHESIZED::s:10Foundation4DataV	swift.method	popFirst()	Data.popFirst()	mutating func popFirst() -> Self.Element?
s:SlsE10firstIndex5where0B0QzSgSb7ElementQzKXE_tKF::SYNTHESIZED::s:10Foundation4DataV	swift.method	firstIndex(where:)	Data.firstIndex(where:)	func firstIndex(where predicate: (Self.Element) throws -> Bool) rethrows -> Self.Index?
s:SlsE13randomElement0B0QzSgyF::SYNTHESIZED::s:10Foundation4DataV	swift.method	randomElement()	Data.randomElement()	func randomElement() -> Self.Element?
s:SlsE13randomElement5using0B0QzSgqd__z_tSGRd__lF::SYNTHESIZED::s:10Foundation4DataV	swift.method	randomElement(using:)	Data.randomElement(using:)	func randomElement<T>(using generator: inout T) -> Self.Element? where T : RandomNumberGenerator
s:SlsE17removingSubrangesys18DiscontiguousSliceVyxGs8RangeSetVy5IndexQzGF::SYNTHESIZED::s:10Foundation4DataV	swift.method	removingSubranges(_:)	Data.removingSubranges(_:)	func removingSubranges(_ subranges: RangeSet<Self.Index>) -> DiscontiguousSlice<Self>
s:SlsE19underestimatedCountSivp::SYNTHESIZED::s:10Foundation4DataV	swift.property	underestimatedCount	Data.underestimatedCount	var underestimatedCount: Int { get }
s:SlsE3mapySayqd__Gqd__7ElementQzqd_0_YKXEqd_0_YKs5ErrorRd_0_r0_lF::SYNTHESIZED::s:10Foundation4DataV	swift.method	map(_:)	Data.map(_:)	func map<T, E>(_ transform: (Self.Element) throws(E) -> T) throws(E) -> [T] where E : Error
s:SlsE4drop5while11SubSequenceQzSb7ElementQzKXE_tKF::SYNTHESIZED::s:10Foundation4DataV	swift.method	drop(while:)	Data.drop(while:)	func drop(while predicate: (Self.Element) throws -> Bool) rethrows -> Self.SubSequence
s:SlsE5first7ElementQzSgvp::SYNTHESIZED::s:10Foundation4DataV	swift.property	first	Data.first	var first: Self.Element? { get }
s:SlsE5split9maxSplits25omittingEmptySubsequences14whereSeparatorSay11SubSequenceQzGSi_S2b7ElementQzKXEtKF::SYNTHESIZED::s:10Foundation4DataV	swift.method	split(maxSplits:omittingEmptySubsequences:whereSeparator:)	Data.split(maxSplits:omittingEmptySubsequences:whereSeparator:)	func split(maxSplits: Int = Int.max, omittingEmptySubsequences: Bool = true, whereSeparator isSeparator: (Self.Element) throws -> Bool) rethrows -> [Self.SubSequence]
s:SlsE6prefix4upTo11SubSequenceQz5IndexQz_tF::SYNTHESIZED::s:10Foundation4DataV	swift.method	prefix(upTo:)	Data.prefix(upTo:)	func prefix(upTo end: Self.Index) -> Self.SubSequence
s:SlsE6prefix5while11SubSequenceQzSb7ElementQzKXE_tKF::SYNTHESIZED::s:10Foundation4DataV	swift.method	prefix(while:)	Data.prefix(while:)	func prefix(while predicate: (Self.Element) throws -> Bool) rethrows -> Self.SubSequence
s:SlsE6prefix7through11SubSequenceQz5IndexQz_tF::SYNTHESIZED::s:10Foundation4DataV	swift.method	prefix(through:)	Data.prefix(through:)	func prefix(through position: Self.Index) -> Self.SubSequence
s:SlsE6prefixy11SubSequenceQzSiF::SYNTHESIZED::s:10Foundation4DataV	swift.method	prefix(_:)	Data.prefix(_:)	func prefix(_ maxLength: Int) -> Self.SubSequence
s:SlsE6suffix4from11SubSequenceQz5IndexQz_tF::SYNTHESIZED::s:10Foundation4DataV	swift.method	suffix(from:)	Data.suffix(from:)	func suffix(from start: Self.Index) -> Self.SubSequence
s:SlsE7indices5wheres8RangeSetVy5IndexQzGSb7ElementQzKXE_tKF::SYNTHESIZED::s:10Foundation4DataV	swift.method	indices(where:)	Data.indices(where:)	func indices(where predicate: (Self.Element) throws -> Bool) rethrows -> RangeSet<Self.Index>
s:SlsE7isEmptySbvp::SYNTHESIZED::s:10Foundation4DataV	swift.property	isEmpty	Data.isEmpty	var isEmpty: Bool { get }
s:SlsE9dropFirsty11SubSequenceQzSiF::SYNTHESIZED::s:10Foundation4DataV	swift.method	dropFirst(_:)	Data.dropFirst(_:)	func dropFirst(_ k: Int = 1) -> Self.SubSequence
s:SlsE9formIndex5aftery0B0Qzz_tF::SYNTHESIZED::s:10Foundation4DataV	swift.method	formIndex(after:)	Data.formIndex(after:)	func formIndex(after i: inout Self.Index)
s:SlsE9formIndex_8offsetBy07limitedD0Sb0B0Qzz_SiAEtF::SYNTHESIZED::s:10Foundation4DataV	swift.method	formIndex(_:offsetBy:limitedBy:)	Data.formIndex(_:offsetBy:limitedBy:)	func formIndex(_ i: inout Self.Index, offsetBy distance: Int, limitedBy limit: Self.Index) -> Bool
s:SlsE9formIndex_8offsetByy0B0Qzz_SitF::SYNTHESIZED::s:10Foundation4DataV	swift.method	formIndex(_:offsetBy:)	Data.formIndex(_:offsetBy:)	func formIndex(_ i: inout Self.Index, offsetBy distance: Int)
s:SlsEy11SubSequenceQzqd__cSXRd__5BoundQyd__5IndexRtzluip::SYNTHESIZED::s:10Foundation4DataV	swift.subscript	subscript(_:)	Data.subscript(_:)	subscript<R>(r: R) -> Self.SubSequence where R : RangeExpression, Self.Index == R.Bound { get }
s:SlsEy11SubSequenceQzys15UnboundedRange_OXEcip::SYNTHESIZED::s:10Foundation4DataV	swift.subscript	subscript(_:)	Data.subscript(_:)	subscript(x: (UnboundedRange_) -> ()) -> Self.SubSequence { get }
s:SlsEys18DiscontiguousSliceVyxGs8RangeSetVy5IndexQzGcip::SYNTHESIZED::s:10Foundation4DataV	swift.subscript	subscript(_:)	Data.subscript(_:)	subscript(subranges: RangeSet<Self.Index>) -> DiscontiguousSlice<Self> { get }
s:SlsSQ7ElementRpzrlE10firstIndex2of0C0QzSgAB_tF::SYNTHESIZED::s:10Foundation4DataV	swift.method	firstIndex(of:)	Data.firstIndex(of:)	func firstIndex(of element: Self.Element) -> Self.Index?
s:SlsSQ7ElementRpzrlE5index2of5IndexQzSgAB_tF::SYNTHESIZED::s:10Foundation4DataV	swift.method	index(of:)	Data.index(of:)	func index(of element: Self.Element) -> Self.Index?
s:SlsSQ7ElementRpzrlE5split9separator9maxSplits25omittingEmptySubsequencesSay11SubSequenceQzGAB_SiSbtF::SYNTHESIZED::s:10Foundation4DataV	swift.method	split(separator:maxSplits:omittingEmptySubsequences:)	Data.split(separator:maxSplits:omittingEmptySubsequences:)	func split(separator: Self.Element, maxSplits: Int = Int.max, omittingEmptySubsequences: Bool = true) -> [Self.SubSequence]
s:SlsSQ7ElementRpzrlE7indices2ofs8RangeSetVy5IndexQzGAB_tF::SYNTHESIZED::s:10Foundation4DataV	swift.method	indices(of:)	Data.indices(of:)	func indices(of element: Self.Element) -> RangeSet<Self.Index>
s:Sm17_StringProcessingE10trimPrefix5whileySb7ElementQzKXE_tKF::SYNTHESIZED::s:10Foundation4DataV	swift.method	trimPrefix(while:)	Data.trimPrefix(while:)	mutating func trimPrefix(while predicate: (Self.Element) throws -> Bool) rethrows
s:Sm17_StringProcessingSQ7ElementRpzrlE10trimPrefixyyqd__STRd__ABQyd__ACRSlF::SYNTHESIZED::s:10Foundation4DataV	swift.method	trimPrefix(_:)	Data.trimPrefix(_:)	mutating func trimPrefix<Prefix>(_ prefix: Prefix) where Prefix : Sequence, Self.Element == Prefix.Element
s:Sm17_StringProcessingSQ7ElementRpzrlE7replace_4with15maxReplacementsyqd___qd_0_SitSlRd__SlRd_0_ABQyd__ACRSABQyd_0_AGRSr0_lF::SYNTHESIZED::s:10Foundation4DataV	swift.method	replace(_:with:maxReplacements:)	Data.replace(_:with:maxReplacements:)	mutating func replace<C, Replacement>(_ other: C, with replacement: Replacement, maxReplacements: Int = .max) where C : Collection, Replacement : Collection, Self.Element == C.Element, C.Element == Replacement.Element
s:Sm17_StringProcessingSQ7ElementRpzrlE9replacing_4with15maxReplacementsxqd___qd_0_SitSlRd__SlRd_0_ABQyd__ACRSABQyd_0_AGRSr0_lF::SYNTHESIZED::s:10Foundation4DataV	swift.method	replacing(_:with:maxReplacements:)	Data.replacing(_:with:maxReplacements:)	func replacing<C, Replacement>(_ other: C, with replacement: Replacement, maxReplacements: Int = .max) -> Self where C : Collection, Replacement : Collection, Self.Element == C.Element, C.Element == Replacement.Element
s:Sm17_StringProcessingSQ7ElementRpzrlE9replacing_4with8subrange15maxReplacementsxqd___qd_0_Sny5IndexQzGSitSlRd__SlRd_0_ABQyd__ACRSABQyd_0_AKRSr0_lF::SYNTHESIZED::s:10Foundation4DataV	swift.method	replacing(_:with:subrange:maxReplacements:)	Data.replacing(_:with:subrange:maxReplacements:)	func replacing<C, Replacement>(_ other: C, with replacement: Replacement, subrange: Range<Self.Index>, maxReplacements: Int = .max) -> Self where C : Collection, Replacement : Collection, Self.Element == C.Element, C.Element == Replacement.Element
s:Sms11SubSequenceQzRszrlE11removeFirst7ElementQzyF::SYNTHESIZED::s:10Foundation4DataV	swift.method	removeFirst()	Data.removeFirst()	@discardableResult mutating func removeFirst() -> Self.Element
s:Sms11SubSequenceQzRszrlE11removeFirstyySiF::SYNTHESIZED::s:10Foundation4DataV	swift.method	removeFirst(_:)	Data.removeFirst(_:)	mutating func removeFirst(_ k: Int)
s:SmsE11removeFirst7ElementQzyF::SYNTHESIZED::s:10Foundation4DataV	swift.method	removeFirst()	Data.removeFirst()	@discardableResult mutating func removeFirst() -> Self.Element
s:SmsE11removeFirstyySiF::SYNTHESIZED::s:10Foundation4DataV	swift.method	removeFirst(_:)	Data.removeFirst(_:)	mutating func removeFirst(_ k: Int)
s:SmsE14removeSubrangeyySny5IndexQzGF::SYNTHESIZED::s:10Foundation4DataV	swift.method	removeSubrange(_:)	Data.removeSubrange(_:)	mutating func removeSubrange(_ bounds: Range<Self.Index>)
s:SmsE14removeSubrangeyyqd__SXRd__5BoundQyd__5IndexRtzlF::SYNTHESIZED::s:10Foundation4DataV	swift.method	removeSubrange(_:)	Data.removeSubrange(_:)	mutating func removeSubrange<R>(_ bounds: R) where R : RangeExpression, Self.Index == R.Bound
s:SmsE15removeSubrangesyys8RangeSetVy5IndexQzGF::SYNTHESIZED::s:10Foundation4DataV	swift.method	removeSubranges(_:)	Data.removeSubranges(_:)	mutating func removeSubranges(_ subranges: RangeSet<Self.Index>)
s:SmsE15replaceSubrange_4withySny5IndexQzG_qd__tSlRd__7ElementQyd__AFRtzlF::SYNTHESIZED::s:10Foundation4DataV	swift.method	replaceSubrange(_:with:)	Data.replaceSubrange(_:with:)	mutating func replaceSubrange<C>(_ subrange: Range<Self.Index>, with newElements: C) where C : Collection, Self.Element == C.Element
s:SmsE15replaceSubrange_4withyqd_0__qd__ntSlRd__SXRd_0_7ElementQyd__ACRtz5BoundQyd_0_5IndexRtzr0_lF::SYNTHESIZED::s:10Foundation4DataV	swift.method	replaceSubrange(_:with:)	Data.replaceSubrange(_:with:)	mutating func replaceSubrange<C, R>(_ subrange: R, with newElements: C) where C : Collection, R : RangeExpression, Self.Element == C.Element, Self.Index == R.Bound
s:SmsE15reserveCapacityyySiF::SYNTHESIZED::s:10Foundation4DataV	swift.method	reserveCapacity(_:)	Data.reserveCapacity(_:)	mutating func reserveCapacity(_ n: Int)
s:SmsE1poiyxqd___xtSTRd__7ElementQyd__ABRtzlFZ::SYNTHESIZED::s:10Foundation4DataV	swift.func.op	+(_:_:)	Data.+(_:_:)	static func + <Other>(lhs: Other, rhs: Self) -> Self where Other : Sequence, Self.Element == Other.Element
s:SmsE1poiyxx_qd__tSTRd__7ElementQyd__ABRtzlFZ::SYNTHESIZED::s:10Foundation4DataV	swift.func.op	+(_:_:)	Data.+(_:_:)	static func + <Other>(lhs: Self, rhs: Other) -> Self where Other : Sequence, Self.Element == Other.Element
s:SmsE1poiyxx_qd__tSmRd__7ElementQyd__ABRtzlFZ::SYNTHESIZED::s:10Foundation4DataV	swift.func.op	+(_:_:)	Data.+(_:_:)	static func + <Other>(lhs: Self, rhs: Other) -> Self where Other : RangeReplaceableCollection, Self.Element == Other.Element
s:SmsE2peoiyyxz_qd__tSTRd__7ElementQyd__ABRtzlFZ::SYNTHESIZED::s:10Foundation4DataV	swift.func.op	+=(_:_:)	Data.+=(_:_:)	static func += <Other>(lhs: inout Self, rhs: Other) where Other : Sequence, Self.Element == Other.Element
s:SmsE6append10contentsOfyqd__n_tSTRd__7ElementQyd__ACRtzlF::SYNTHESIZED::s:10Foundation4DataV	swift.method	append(contentsOf:)	Data.append(contentsOf:)	mutating func append<S>(contentsOf newElements: S) where S : Sequence, Self.Element == S.Element
s:SmsE6appendyy7ElementQznF::SYNTHESIZED::s:10Foundation4DataV	swift.method	append(_:)	Data.append(_:)	mutating func append(_ newElement: Self.Element)
s:SmsE6filteryxSb7ElementQzKXEKF::SYNTHESIZED::s:10Foundation4DataV	swift.method	filter(_:)	Data.filter(_:)	func filter(_ isIncluded: (Self.Element) throws -> Bool) rethrows -> Self
s:SmsE6insert10contentsOf2atyqd__n_5IndexQztSlRd__7ElementQyd__AFRtzlF::SYNTHESIZED::s:10Foundation4DataV	swift.method	insert(contentsOf:at:)	Data.insert(contentsOf:at:)	mutating func insert<C>(contentsOf newElements: C, at i: Self.Index) where C : Collection, Self.Element == C.Element
s:SmsE6insert_2aty7ElementQzn_5IndexQztF::SYNTHESIZED::s:10Foundation4DataV	swift.method	insert(_:at:)	Data.insert(_:at:)	mutating func insert(_ newElement: Self.Element, at i: Self.Index)
s:SmsE6remove2at7ElementQz5IndexQz_tF::SYNTHESIZED::s:10Foundation4DataV	swift.method	remove(at:)	Data.remove(at:)	@discardableResult mutating func remove(at position: Self.Index) -> Self.Element
s:SmsE8applyingyxSgs20CollectionDifferenceVy7ElementQzGF::SYNTHESIZED::s:10Foundation4DataV	swift.method	applying(_:)	Data.applying(_:)	func applying(_ difference: CollectionDifference<Self.Element>) -> Self?
s:SmsE9removeAll15keepingCapacityySb_tF::SYNTHESIZED::s:10Foundation4DataV	swift.method	removeAll(keepingCapacity:)	Data.removeAll(keepingCapacity:)	mutating func removeAll(keepingCapacity keepCapacity: Bool = false)
s:SmsE9removeAll5whereySb7ElementQzKXE_tKF::SYNTHESIZED::s:10Foundation4DataV	swift.method	removeAll(where:)	Data.removeAll(where:)	mutating func removeAll(where shouldBeRemoved: (Self.Element) throws -> Bool) rethrows
s:SmsE9repeating5countx7ElementQz_Sitcfc::SYNTHESIZED::s:10Foundation4DataV	swift.init	init(repeating:count:)	Data.init(repeating:count:)	init(repeating repeatedValue: Self.Element, count: Int)
s:SmsEyxqd__cSTRd__7ElementQyd__AARtzlufc::SYNTHESIZED::s:10Foundation4DataV	swift.init	init(_:)	Data.init(_:)	init<S>(_ elements: S) where S : Sequence, Self.Element == S.Element
s:SmsSKRz11SubSequenceSlQzRszrlE10removeLast7ElementSTQzyF::SYNTHESIZED::s:10Foundation4DataV	swift.method	removeLast()	Data.removeLast()	@discardableResult mutating func removeLast() -> Self.Element
s:SmsSKRz11SubSequenceSlQzRszrlE10removeLastyySiF::SYNTHESIZED::s:10Foundation4DataV	swift.method	removeLast(_:)	Data.removeLast(_:)	mutating func removeLast(_ k: Int)
s:SmsSKRz11SubSequenceSlQzRszrlE7popLast7ElementSTQzSgyF::SYNTHESIZED::s:10Foundation4DataV	swift.method	popLast()	Data.popLast()	mutating func popLast() -> Self.Element?
s:SmsSKRzrlE10removeLast7ElementSTQzyF::SYNTHESIZED::s:10Foundation4DataV	swift.method	removeLast()	Data.removeLast()	@discardableResult mutating func removeLast() -> Self.Element
s:SmsSKRzrlE10removeLastyySiF::SYNTHESIZED::s:10Foundation4DataV	swift.method	removeLast(_:)	Data.removeLast(_:)	mutating func removeLast(_ k: Int)
s:SmsSKRzrlE7popLast7ElementSTQzSgyF::SYNTHESIZED::s:10Foundation4DataV	swift.method	popLast()	Data.popLast()	mutating func popLast() -> Self.Element?
s:SmsSMRzrlE9removeAll5whereySb7ElementSTQzKXE_tKF::SYNTHESIZED::s:10Foundation4DataV	swift.method	removeAll(where:)	Data.removeAll(where:)	mutating func removeAll(where shouldBeRemoved: (Self.Element) throws -> Bool) rethrows
s:So10CKDatabaseC8CloudKitE11recordZones3forSDySo14CKRecordZoneIDCs6ResultOySo0gH0Cs5Error_pGGSayAGG_tYaKF	swift.method	recordZones(for:)	CKDatabase.recordZones(for:)	func recordZones(for ids: [CKRecordZone.ID]) async throws -> [CKRecordZone.ID : Result<CKRecordZone, any Error>]
s:So10CKDatabaseC8CloudKitE12subscription3forSo14CKSubscriptionCSS_tYaKF	swift.method	subscription(for:)	CKDatabase.subscription(for:)	func subscription(for subscriptionID: CKSubscription.ID) async throws -> CKSubscription
s:So10CKDatabaseC8CloudKitE13modifyRecords6saving8deleting10savePolicy10atomically17completionHandlerySaySo8CKRecordCG_SaySo0M2IDCGSo0m4SaveI0VSbys6ResultOySDyAnSyAKs5Error_pGG0H7Results_SDyAnSyytsAT_pGG06deleteR0tsAT_pGctF	swift.method	modifyRecords(saving:deleting:savePolicy:atomically:completionHandler:)	CKDatabase.modifyRecords(saving:deleting:savePolicy:atomically:completionHandler:)	@preconcurrency func modifyRecords(saving recordsToSave: [CKRecord], deleting recordIDsToDelete: [CKRecord.ID], savePolicy: CKModifyRecordsOperation.RecordSavePolicy = .ifServerRecordUnchanged, atomically: Bool = true, completionHandler: @escaping (Result<(saveResults: [CKRecord.ID : Result<CKRecord, any Error>], deleteResults: [CKRecord.ID : Result<Void, any Error>]), any Error>) -> Void)
s:So10CKDatabaseC8CloudKitE13modifyRecords6saving8deleting10savePolicy10atomicallySDySo10CKRecordIDCs6ResultOySo0K0Cs5Error_pGG0H7Results_SDyAjLyytsAO_pGG06deleteO0tSayANG_SayAJGSo0k4SaveI0VSbtYaKF	swift.method	modifyRecords(saving:deleting:savePolicy:atomically:)	CKDatabase.modifyRecords(saving:deleting:savePolicy:atomically:)	func modifyRecords(saving recordsToSave: [CKRecord], deleting recordIDsToDelete: [CKRecord.ID], savePolicy: CKModifyRecordsOperation.RecordSavePolicy = .ifServerRecordUnchanged, atomically: Bool = true) async throws -> (saveResults: [CKRecord.ID : Result<CKRecord, any Error>], deleteResults: [CKRecord.ID : Result<Void, any Error>])
s:So10CKDatabaseC8CloudKitE13subscriptions3forSDySSs6ResultOySo14CKSubscriptionCs5Error_pGGSaySSG_tYaKF	swift.method	subscriptions(for:)	CKDatabase.subscriptions(for:)	func subscriptions(for ids: [CKSubscription.ID]) async throws -> [CKSubscription.ID : Result<CKSubscription, any Error>]
s:So10CKDatabaseC8CloudKitE14DatabaseChangeO	swift.enum	CKDatabase.DatabaseChange	CKDatabase.DatabaseChange	enum DatabaseChange
s:So10CKDatabaseC8CloudKitE14DatabaseChangeO12ModificationV	swift.struct	CKDatabase.DatabaseChange.Modification	CKDatabase.DatabaseChange.Modification	struct Modification
s:So10CKDatabaseC8CloudKitE14DatabaseChangeO12ModificationV2eeoiySbAG_AGtFZ	swift.func.op	==(_:_:)	CKDatabase.DatabaseChange.Modification.==(_:_:)	static func == (a: CKDatabase.DatabaseChange.Modification, b: CKDatabase.DatabaseChange.Modification) -> Bool
s:So10CKDatabaseC8CloudKitE14DatabaseChangeO12ModificationV4hash4intoys6HasherVz_tF	swift.method	hash(into:)	CKDatabase.DatabaseChange.Modification.hash(into:)	func hash(into hasher: inout Hasher)
s:So10CKDatabaseC8CloudKitE14DatabaseChangeO12ModificationV6zoneIDSo012CKRecordZoneH0Cvp	swift.property	zoneID	CKDatabase.DatabaseChange.Modification.zoneID	var zoneID: CKRecordZone.ID { get }
s:So10CKDatabaseC8CloudKitE14DatabaseChangeO12ModificationV9hashValueSivp	swift.property	hashValue	CKDatabase.DatabaseChange.Modification.hashValue	var hashValue: Int { get }
s:So10CKDatabaseC8CloudKitE14DatabaseChangeO8DeletionV	swift.struct	CKDatabase.DatabaseChange.Deletion	CKDatabase.DatabaseChange.Deletion	struct Deletion
s:So10CKDatabaseC8CloudKitE14DatabaseChangeO8DeletionV2eeoiySbAG_AGtFZ	swift.func.op	==(_:_:)	CKDatabase.DatabaseChange.Deletion.==(_:_:)	static func == (a: CKDatabase.DatabaseChange.Deletion, b: CKDatabase.DatabaseChange.Deletion) -> Bool
s:So10CKDatabaseC8CloudKitE14DatabaseChangeO8DeletionV4hash4intoys6HasherVz_tF	swift.method	hash(into:)	CKDatabase.DatabaseChange.Deletion.hash(into:)	func hash(into hasher: inout Hasher)
s:So10CKDatabaseC8CloudKitE14DatabaseChangeO8DeletionV6ReasonO	swift.enum	CKDatabase.DatabaseChange.Deletion.Reason	CKDatabase.DatabaseChange.Deletion.Reason	enum Reason
s:So10CKDatabaseC8CloudKitE14DatabaseChangeO8DeletionV6ReasonO18encryptedDataResetyA2ImF	swift.enum.case	CKDatabase.DatabaseChange.Deletion.Reason.encryptedDataReset	CKDatabase.DatabaseChange.Deletion.Reason.encryptedDataReset	case encryptedDataReset
s:So10CKDatabaseC8CloudKitE14DatabaseChangeO8DeletionV6ReasonO2eeoiySbAI_AItFZ	swift.func.op	==(_:_:)	CKDatabase.DatabaseChange.Deletion.Reason.==(_:_:)	static func == (a: CKDatabase.DatabaseChange.Deletion.Reason, b: CKDatabase.DatabaseChange.Deletion.Reason) -> Bool
s:So10CKDatabaseC8CloudKitE14DatabaseChangeO8DeletionV6ReasonO4hash4intoys6HasherVz_tF	swift.method	hash(into:)	CKDatabase.DatabaseChange.Deletion.Reason.hash(into:)	func hash(into hasher: inout Hasher)
s:So10CKDatabaseC8CloudKitE14DatabaseChangeO8DeletionV6ReasonO6purgedyA2ImF	swift.enum.case	CKDatabase.DatabaseChange.Deletion.Reason.purged	CKDatabase.DatabaseChange.Deletion.Reason.purged	case purged
s:So10CKDatabaseC8CloudKitE14DatabaseChangeO8DeletionV6ReasonO7deletedyA2ImF	swift.enum.case	CKDatabase.DatabaseChange.Deletion.Reason.deleted	CKDatabase.DatabaseChange.Deletion.Reason.deleted	case deleted
s:So10CKDatabaseC8CloudKitE14DatabaseChangeO8DeletionV6ReasonO9hashValueSivp	swift.property	hashValue	CKDatabase.DatabaseChange.Deletion.Reason.hashValue	var hashValue: Int { get }
s:So10CKDatabaseC8CloudKitE14DatabaseChangeO8DeletionV6purgedSbvp	swift.property	purged	CKDatabase.DatabaseChange.Deletion.purged	var purged: Bool { get }
s:So10CKDatabaseC8CloudKitE14DatabaseChangeO8DeletionV6reasonAG6ReasonOvp	swift.property	reason	CKDatabase.DatabaseChange.Deletion.reason	var reason: CKDatabase.DatabaseChange.Deletion.Reason { get }
s:So10CKDatabaseC8CloudKitE14DatabaseChangeO8DeletionV6zoneIDSo012CKRecordZoneH0Cvp	swift.property	zoneID	CKDatabase.DatabaseChange.Deletion.zoneID	var zoneID: CKRecordZone.ID { get }
s:So10CKDatabaseC8CloudKitE14DatabaseChangeO8DeletionV9hashValueSivp	swift.property	hashValue	CKDatabase.DatabaseChange.Deletion.hashValue	var hashValue: Int { get }
s:So10CKDatabaseC8CloudKitE14configuredWith13configuration5group4bodyxSo24CKOperationConfigurationCSg_So0I5GroupCSgxABKXEtKlF	swift.method	configuredWith(configuration:group:body:)	CKDatabase.configuredWith(configuration:group:body:)	@discardableResult func configuredWith<R>(configuration: CKOperation.Configuration? = nil, group: CKOperationGroup? = nil, body: (CKDatabase) throws -> R) rethrows -> R
s:So10CKDatabaseC8CloudKitE14configuredWith13configuration5group4bodyxSo24CKOperationConfigurationCSg_So0I5GroupCSgxABYaKXEtYaKlF	swift.method	configuredWith(configuration:group:body:)	CKDatabase.configuredWith(configuration:group:body:)	@discardableResult @preconcurrency func configuredWith<R>(configuration: CKOperation.Configuration? = nil, group: CKOperationGroup? = nil, body: (CKDatabase) async throws -> R) async rethrows -> R
s:So10CKDatabaseC8CloudKitE15databaseChanges5since12resultsLimitSayAbCE14DatabaseChangeO12ModificationVG13modifications_SayAH8DeletionVG9deletionsSo08CKServerJ5TokenC06changeP0Sb10moreComingtARSg_SiSgtYaKF	swift.method	databaseChanges(since:resultsLimit:)	CKDatabase.databaseChanges(since:resultsLimit:)	func databaseChanges(since changeToken: CKServerChangeToken?, resultsLimit: Int? = nil) async throws -> (modifications: [CKDatabase.DatabaseChange.Modification], deletions: [CKDatabase.DatabaseChange.Deletion], changeToken: CKServerChangeToken, moreComing: Bool)
s:So10CKDatabaseC8CloudKitE16RecordZoneChangeO	swift.enum	CKDatabase.RecordZoneChange	CKDatabase.RecordZoneChange	enum RecordZoneChange
s:So10CKDatabaseC8CloudKitE16RecordZoneChangeO12ModificationV	swift.struct	CKDatabase.RecordZoneChange.Modification	CKDatabase.RecordZoneChange.Modification	struct Modification
s:So10CKDatabaseC8CloudKitE16RecordZoneChangeO12ModificationV2eeoiySbAG_AGtFZ	swift.func.op	==(_:_:)	CKDatabase.RecordZoneChange.Modification.==(_:_:)	static func == (a: CKDatabase.RecordZoneChange.Modification, b: CKDatabase.RecordZoneChange.Modification) -> Bool
s:So10CKDatabaseC8CloudKitE16RecordZoneChangeO12ModificationV4hash4intoys6HasherVz_tF	swift.method	hash(into:)	CKDatabase.RecordZoneChange.Modification.hash(into:)	func hash(into hasher: inout Hasher)
s:So10CKDatabaseC8CloudKitE16RecordZoneChangeO12ModificationV6recordSo8CKRecordCvp	swift.property	record	CKDatabase.RecordZoneChange.Modification.record	var record: CKRecord { get }
s:So10CKDatabaseC8CloudKitE16RecordZoneChangeO12ModificationV9hashValueSivp	swift.property	hashValue	CKDatabase.RecordZoneChange.Modification.hashValue	var hashValue: Int { get }
s:So10CKDatabaseC8CloudKitE16RecordZoneChangeO8DeletionV	swift.struct	CKDatabase.RecordZoneChange.Deletion	CKDatabase.RecordZoneChange.Deletion	struct Deletion
s:So10CKDatabaseC8CloudKitE16RecordZoneChangeO8DeletionV10recordTypeSSvp	swift.property	recordType	CKDatabase.RecordZoneChange.Deletion.recordType	var recordType: CKRecord.RecordType { get }
s:So10CKDatabaseC8CloudKitE16RecordZoneChangeO8DeletionV2eeoiySbAG_AGtFZ	swift.func.op	==(_:_:)	CKDatabase.RecordZoneChange.Deletion.==(_:_:)	static func == (a: CKDatabase.RecordZoneChange.Deletion, b: CKDatabase.RecordZoneChange.Deletion) -> Bool
s:So10CKDatabaseC8CloudKitE16RecordZoneChangeO8DeletionV4hash4intoys6HasherVz_tF	swift.method	hash(into:)	CKDatabase.RecordZoneChange.Deletion.hash(into:)	func hash(into hasher: inout Hasher)
s:So10CKDatabaseC8CloudKitE16RecordZoneChangeO8DeletionV8recordIDSo08CKRecordI0Cvp	swift.property	recordID	CKDatabase.RecordZoneChange.Deletion.recordID	var recordID: CKRecord.ID { get }
s:So10CKDatabaseC8CloudKitE16RecordZoneChangeO8DeletionV9hashValueSivp	swift.property	hashValue	CKDatabase.RecordZoneChange.Deletion.hashValue	var hashValue: Int { get }
s:So10CKDatabaseC8CloudKitE17modifyRecordZones6saving8deleting17completionHandlerySaySo12CKRecordZoneCG_SaySo0kL2IDCGys6ResultOySDyAlOyAIs5Error_pGG11saveResults_SDyAlOyytsAP_pGG06deleteQ0tsAP_pGctF	swift.method	modifyRecordZones(saving:deleting:completionHandler:)	CKDatabase.modifyRecordZones(saving:deleting:completionHandler:)	@preconcurrency func modifyRecordZones(saving recordZonesToSave: [CKRecordZone], deleting recordZoneIDsToDelete: [CKRecordZone.ID], completionHandler: @escaping (Result<(saveResults: [CKRecordZone.ID : Result<CKRecordZone, any Error>], deleteResults: [CKRecordZone.ID : Result<Void, any Error>]), any Error>) -> Void)
s:So10CKDatabaseC8CloudKitE17modifyRecordZones6saving8deletingSDySo14CKRecordZoneIDCs6ResultOySo0iJ0Cs5Error_pGG11saveResults_SDyAhJyytsAM_pGG06deleteO0tSayALG_SayAHGtYaKF	swift.method	modifyRecordZones(saving:deleting:)	CKDatabase.modifyRecordZones(saving:deleting:)	func modifyRecordZones(saving recordZonesToSave: [CKRecordZone], deleting recordZoneIDsToDelete: [CKRecordZone.ID]) async throws -> (saveResults: [CKRecordZone.ID : Result<CKRecordZone, any Error>], deleteResults: [CKRecordZone.ID : Result<Void, any Error>])
s:So10CKDatabaseC8CloudKitE17recordZoneChanges02inE4With5since11desiredKeys12resultsLimitSDySo10CKRecordIDCs6ResultOyAbCE06RecordE6ChangeO12ModificationVs5Error_pGG021modificationResultsByO0_SayAN8DeletionVG9deletionsSo08CKServerR5TokenC11changeTokenSb10moreComingtSo0neO0C_AZSgSaySSGSgSiSgtYaKF	swift.method	recordZoneChanges(inZoneWith:since:desiredKeys:resultsLimit:)	CKDatabase.recordZoneChanges(inZoneWith:since:desiredKeys:resultsLimit:)	func recordZoneChanges(inZoneWith zoneID: CKRecordZone.ID, since changeToken: CKServerChangeToken?, desiredKeys: [CKRecord.FieldKey]? = nil, resultsLimit: Int? = nil) async throws -> (modificationResultsByID: [CKRecord.ID : Result<CKDatabase.RecordZoneChange.Modification, any Error>], deletions: [CKDatabase.RecordZoneChange.Deletion], changeToken: CKServerChangeToken, moreComing: Bool)
s:So10CKDatabaseC8CloudKitE18deleteSubscription6withIDS2S_tYaKF	swift.method	deleteSubscription(withID:)	CKDatabase.deleteSubscription(withID:)	@discardableResult func deleteSubscription(withID subscriptionID: CKSubscription.ID) async throws -> CKSubscription.ID
s:So10CKDatabaseC8CloudKitE19modifySubscriptions6saving8deleting17completionHandlerySaySo14CKSubscriptionCG_SaySSGys6ResultOySDySSAMyAIs5Error_pGG11saveResults_SDySSAMyytsAN_pGG06deleteN0tsAN_pGctF	swift.method	modifySubscriptions(saving:deleting:completionHandler:)	CKDatabase.modifySubscriptions(saving:deleting:completionHandler:)	@preconcurrency func modifySubscriptions(saving subscriptionsToSave: [CKSubscription], deleting subscriptionIDsToDelete: [CKSubscription.ID], completionHandler: @escaping (Result<(saveResults: [CKSubscription.ID : Result<CKSubscription, any Error>], deleteResults: [CKSubscription.ID : Result<Void, any Error>]), any Error>) -> Void)
s:So10CKDatabaseC8CloudKitE19modifySubscriptions6saving8deletingSDySSs6ResultOySo14CKSubscriptionCs5Error_pGG11saveResults_SDySSAHyytsAK_pGG06deleteL0tSayAJG_SaySSGtYaKF	swift.method	modifySubscriptions(saving:deleting:)	CKDatabase.modifySubscriptions(saving:deleting:)	func modifySubscriptions(saving subscriptionsToSave: [CKSubscription], deleting subscriptionIDsToDelete: [CKSubscription.ID]) async throws -> (saveResults: [CKSubscription.ID : Result<CKSubscription, any Error>], deleteResults: [CKSubscription.ID : Result<Void, any Error>])
s:So10CKDatabaseC8CloudKitE20fetchDatabaseChanges5since12resultsLimit17completionHandlerySo19CKServerChangeTokenCSg_SiSgys6ResultOySayAbCE0eM0O12ModificationVG13modifications_SayAO8DeletionVG9deletionsAI06changeN0Sb10moreComingts5Error_pGctF	swift.method	fetchDatabaseChanges(since:resultsLimit:completionHandler:)	CKDatabase.fetchDatabaseChanges(since:resultsLimit:completionHandler:)	@preconcurrency func fetchDatabaseChanges(since changeToken: CKServerChangeToken?, resultsLimit: Int? = nil, completionHandler: @escaping (Result<(modifications: [CKDatabase.DatabaseChange.Modification], deletions: [CKDatabase.DatabaseChange.Deletion], changeToken: CKServerChangeToken, moreComing: Bool), any Error>) -> Void)
s:So10CKDatabaseC8CloudKitE22fetchRecordZoneChanges02inF4With5since11desiredKeys12resultsLimit17completionHandlerySo08CKRecordF2IDC_So19CKServerChangeTokenCSgSaySSGSgSiSgys6ResultOySDySo0qR0CASyAbCE0efT0O12ModificationVs5Error_pGG021modificationResultsByR0_SayAW8DeletionVG9deletionsAM06changeU0Sb10moreComingtsAZ_pGctF	swift.method	fetchRecordZoneChanges(inZoneWith:since:desiredKeys:resultsLimit:completionHandler:)	CKDatabase.fetchRecordZoneChanges(inZoneWith:since:desiredKeys:resultsLimit:completionHandler:)	@preconcurrency func fetchRecordZoneChanges(inZoneWith zoneID: CKRecordZone.ID, since changeToken: CKServerChangeToken?, desiredKeys: [CKRecord.FieldKey]? = nil, resultsLimit: Int? = nil, completionHandler: @escaping (Result<(modificationResultsByID: [CKRecord.ID : Result<CKDatabase.RecordZoneChange.Modification, any Error>], deletions: [CKDatabase.RecordZoneChange.Deletion], changeToken: CKServerChangeToken, moreComing: Bool), any Error>) -> Void)
s:So10CKDatabaseC8CloudKitE5fetch10withCursor11desiredKeys12resultsLimit17completionHandlerySo07CKQueryF0C_SaySSGSgSiys6ResultOySaySo10CKRecordIDC_ANySo0O0Cs5Error_pGtG12matchResults_AJSg05queryF0tsAS_pGctF	swift.method	fetch(withCursor:desiredKeys:resultsLimit:completionHandler:)	CKDatabase.fetch(withCursor:desiredKeys:resultsLimit:completionHandler:)	@preconcurrency func fetch(withCursor queryCursor: CKQueryOperation.Cursor, desiredKeys: [CKRecord.FieldKey]? = nil, resultsLimit: Int = CKQueryOperation.maximumResults, completionHandler: @escaping (Result<(matchResults: [(CKRecord.ID, Result<CKRecord, any Error>)], queryCursor: CKQueryOperation.Cursor?), any Error>) -> Void)
s:So10CKDatabaseC8CloudKitE5fetch13withRecordIDs11desiredKeys17completionHandlerySaySo10CKRecordIDCG_SaySSGSgys6ResultOySDyAiNySo0L0Cs5Error_pGGsAQ_pGctF	swift.method	fetch(withRecordIDs:desiredKeys:completionHandler:)	CKDatabase.fetch(withRecordIDs:desiredKeys:completionHandler:)	@preconcurrency func fetch(withRecordIDs recordIDs: [CKRecord.ID], desiredKeys: [CKRecord.FieldKey]? = nil, completionHandler: @escaping (Result<[CKRecord.ID : Result<CKRecord, any Error>], any Error>) -> Void)
s:So10CKDatabaseC8CloudKitE5fetch17withRecordZoneIDs17completionHandlerySaySo08CKRecordG2IDCG_ys6ResultOySDyAhKySo0kG0Cs5Error_pGGsAN_pGctF	swift.method	fetch(withRecordZoneIDs:completionHandler:)	CKDatabase.fetch(withRecordZoneIDs:completionHandler:)	@preconcurrency func fetch(withRecordZoneIDs zoneIDs: [CKRecordZone.ID], completionHandler: @escaping (Result<[CKRecordZone.ID : Result<CKRecordZone, any Error>], any Error>) -> Void)
s:So10CKDatabaseC8CloudKitE5fetch18withSubscriptionID17completionHandlerySS_ySo14CKSubscriptionCSg_s5Error_pSgtctF	swift.method	fetch(withSubscriptionID:completionHandler:)	CKDatabase.fetch(withSubscriptionID:completionHandler:)	@preconcurrency func fetch(withSubscriptionID subscriptionID: CKSubscription.ID, completionHandler: @escaping (CKSubscription?, (any Error)?) -> Void)
s:So10CKDatabaseC8CloudKitE5fetch19withSubscriptionIDs17completionHandlerySaySSG_ys6ResultOySDySSAIySo14CKSubscriptionCs5Error_pGGsAL_pGctF	swift.method	fetch(withSubscriptionIDs:completionHandler:)	CKDatabase.fetch(withSubscriptionIDs:completionHandler:)	@preconcurrency func fetch(withSubscriptionIDs subscriptionIDs: [CKSubscription.ID], completionHandler: @escaping (Result<[CKSubscription.ID : Result<CKSubscription, any Error>], any Error>) -> Void)
s:So10CKDatabaseC8CloudKitE5fetch9withQuery10inZoneWith11desiredKeys12resultsLimit17completionHandlerySo7CKQueryC_So08CKRecordH2IDCSgSaySSGSgSiys6ResultOySaySo0qR0C_ARySo0Q0Cs5Error_pGtG12matchResults_So0P6CursorCSg05queryW0tsAW_pGctF	swift.method	fetch(withQuery:inZoneWith:desiredKeys:resultsLimit:completionHandler:)	CKDatabase.fetch(withQuery:inZoneWith:desiredKeys:resultsLimit:completionHandler:)	@preconcurrency func fetch(withQuery query: CKQuery, inZoneWith zoneID: CKRecordZone.ID? = nil, desiredKeys: [CKRecord.FieldKey]? = nil, resultsLimit: Int = CKQueryOperation.maximumResults, completionHandler: @escaping (Result<(matchResults: [(CKRecord.ID, Result<CKRecord, any Error>)], queryCursor: CKQueryOperation.Cursor?), any Error>) -> Void)
s:So10CKDatabaseC8CloudKitE6delete18withSubscriptionID17completionHandlerySS_ySSSg_s5Error_pSgtctF	swift.method	delete(withSubscriptionID:completionHandler:)	CKDatabase.delete(withSubscriptionID:completionHandler:)	@preconcurrency func delete(withSubscriptionID subscriptionID: CKSubscription.ID, completionHandler: @escaping (String?, (any Error)?) -> Void)
s:So10CKDatabaseC8CloudKitE7records19continuingMatchFrom11desiredKeys12resultsLimitSaySo10CKRecordIDC_s6ResultOySo0L0Cs5Error_pGtG12matchResults_So13CKQueryCursorCSg05queryS0tAS_SaySSGSgSitYaKF	swift.method	records(continuingMatchFrom:desiredKeys:resultsLimit:)	CKDatabase.records(continuingMatchFrom:desiredKeys:resultsLimit:)	func records(continuingMatchFrom queryCursor: CKQueryOperation.Cursor, desiredKeys: [CKRecord.FieldKey]? = nil, resultsLimit: Int = CKQueryOperation.maximumResults) async throws -> (matchResults: [(CKRecord.ID, Result<CKRecord, any Error>)], queryCursor: CKQueryOperation.Cursor?)
s:So10CKDatabaseC8CloudKitE7records3for11desiredKeysSDySo10CKRecordIDCs6ResultOySo0H0Cs5Error_pGGSayAHG_SaySSGSgtYaKF	swift.method	records(for:desiredKeys:)	CKDatabase.records(for:desiredKeys:)	func records(for ids: [CKRecord.ID], desiredKeys: [CKRecord.FieldKey]? = nil) async throws -> [CKRecord.ID : Result<CKRecord, any Error>]
s:So10CKDatabaseC8CloudKitE7records8matching10inZoneWith11desiredKeys12resultsLimitSaySo10CKRecordIDC_s6ResultOySo0M0Cs5Error_pGtG12matchResults_So13CKQueryCursorCSg05queryT0tSo0S0C_So0mgN0CSgSaySSGSgSitYaKF	swift.method	records(matching:inZoneWith:desiredKeys:resultsLimit:)	CKDatabase.records(matching:inZoneWith:desiredKeys:resultsLimit:)	func records(matching query: CKQuery, inZoneWith zoneID: CKRecordZone.ID? = nil, desiredKeys: [CKRecord.FieldKey]? = nil, resultsLimit: Int = CKQueryOperation.maximumResults) async throws -> (matchResults: [(CKRecord.ID, Result<CKRecord, any Error>)], queryCursor: CKQueryOperation.Cursor?)
s:So10CKDatabaseC8CloudKitE7records8matching10inZoneWithSaySo8CKRecordCGSo7CKQueryC_So0iG2IDCSgtYaKF	swift.method	records(matching:inZoneWith:)	CKDatabase.records(matching:inZoneWith:)	func records(matching query: CKQuery, inZoneWith zoneID: CKRecordZone.ID?) async throws -> [CKRecord]
s:So10CKRecordIDC8CloudKitE10recordName04zoneB0ABSS_So0a4ZoneB0Ctcfc	swift.init	init(recordName:zoneID:)	CKRecord.ID.init(recordName:zoneID:)	convenience init(recordName: String = UUID().uuidString, zoneID: CKRecordZone.ID = CKRecordZone.ID.default)
s:So11CKContainerC8CloudKitE11ApplicationO	swift.enum	CKContainer.Application	CKContainer.Application	enum Application
s:So11CKContainerC8CloudKitE11ApplicationO11Permissionsa	swift.typealias	CKContainer.Application.Permissions	CKContainer.Application.Permissions	typealias Permissions = CKContainer.ApplicationPermissions
s:So11CKContainerC8CloudKitE11ApplicationO15PermissionBlocka	swift.typealias	CKContainer.Application.PermissionBlock	CKContainer.Application.PermissionBlock	typealias PermissionBlock = CKContainer.ApplicationPermissionBlock
s:So11CKContainerC8CloudKitE11ApplicationO16PermissionStatusa	swift.typealias	CKContainer.Application.PermissionStatus	CKContainer.Application.PermissionStatus	typealias PermissionStatus = CKContainer.ApplicationPermissionStatus
s:So11CKContainerC8CloudKitE14configuredWith13configuration5group4bodyxSo24CKOperationConfigurationCSg_So0I5GroupCSgxABKXEtKlF	swift.method	configuredWith(configuration:group:body:)	CKContainer.configuredWith(configuration:group:body:)	@discardableResult func configuredWith<R>(configuration: CKOperation.Configuration? = nil, group: CKOperationGroup? = nil, body: (CKContainer) throws -> R) rethrows -> R
s:So11CKContainerC8CloudKitE14configuredWith13configuration5group4bodyxSo24CKOperationConfigurationCSg_So0I5GroupCSgxABYaKXEtYaKlF	swift.method	configuredWith(configuration:group:body:)	CKContainer.configuredWith(configuration:group:body:)	@discardableResult @preconcurrency func configuredWith<R>(configuration: CKOperation.Configuration? = nil, group: CKOperationGroup? = nil, body: (CKContainer) async throws -> R) async rethrows -> R
s:So11CKContainerC8CloudKitE14shareMetadatas3forSDy10Foundation3URLVs6ResultOySo15CKShareMetadataCs5Error_pGGSayAHG_tYaKF	swift.method	shareMetadatas(for:)	CKContainer.shareMetadatas(for:)	func shareMetadatas(for urls: [URL]) async throws -> [URL : Result<CKShare.Metadata, any Error>]
s:So11CKContainerC8CloudKitE14userIdentities15forPhoneNumbersSDySSSo14CKUserIdentityCGSaySSG_tYaKF	swift.method	userIdentities(forPhoneNumbers:)	CKContainer.userIdentities(forPhoneNumbers:)	func userIdentities(forPhoneNumbers phoneNumbers: [String]) async throws -> [String : CKUserIdentity]
s:So11CKContainerC8CloudKitE14userIdentities16forUserRecordIDsSDySo10CKRecordIDCSo14CKUserIdentityCGSayAGG_tYaKF	swift.method	userIdentities(forUserRecordIDs:)	CKContainer.userIdentities(forUserRecordIDs:)	func userIdentities(forUserRecordIDs userRecordIDs: [CKRecord.ID]) async throws -> [CKRecord.ID : CKUserIdentity]
s:So11CKContainerC8CloudKitE14userIdentities17forEmailAddressesSDySSSo14CKUserIdentityCGSaySSG_tYaKF	swift.method	userIdentities(forEmailAddresses:)	CKContainer.userIdentities(forEmailAddresses:)	func userIdentities(forEmailAddresses emails: [String]) async throws -> [String : CKUserIdentity]
s:So11CKContainerC8CloudKitE17shareParticipants15forPhoneNumbersSDySSs6ResultOySo18CKShareParticipantCs5Error_pGGSaySSG_tYaKF	swift.method	shareParticipants(forPhoneNumbers:)	CKContainer.shareParticipants(forPhoneNumbers:)	func shareParticipants(forPhoneNumbers phoneNumbers: [String]) async throws -> [String : Result<CKShare.Participant, any Error>]
s:So11CKContainerC8CloudKitE17shareParticipants16forUserRecordIDsSDySo10CKRecordIDCs6ResultOySo18CKShareParticipantCs5Error_pGGSayAGG_tYaKF	swift.method	shareParticipants(forUserRecordIDs:)	CKContainer.shareParticipants(forUserRecordIDs:)	func shareParticipants(forUserRecordIDs userRecordIDs: [CKRecord.ID]) async throws -> [CKRecord.ID : Result<CKShare.Participant, any Error>]
s:So11CKContainerC8CloudKitE17shareParticipants17forEmailAddressesSDySSs6ResultOySo18CKShareParticipantCs5Error_pGGSaySSG_tYaKF	swift.method	shareParticipants(forEmailAddresses:)	CKContainer.shareParticipants(forEmailAddresses:)	func shareParticipants(forEmailAddresses emails: [String]) async throws -> [String : Result<CKShare.Participant, any Error>]
s:So11CKContainerC8CloudKitE17shareParticipants3forSDySo24CKUserIdentityLookupInfoCs6ResultOySo18CKShareParticipantCs5Error_pGGSayAGG_tYaKF	swift.method	shareParticipants(for:)	CKContainer.shareParticipants(for:)	func shareParticipants(for lookupInfos: [CKUserIdentity.LookupInfo]) async throws -> [CKUserIdentity.LookupInfo : Result<CKShare.Participant, any Error>]
s:So11CKContainerC8CloudKitE18longLivedOperation3forSo11CKOperationCSgSS_tYaKF	swift.method	longLivedOperation(for:)	CKContainer.longLivedOperation(for:)	func longLivedOperation(for operationID: CKOperation.ID) async throws -> CKOperation?
s:So11CKContainerC8CloudKitE18requestShareAccess3forSDy10Foundation3URLVs6ResultOyyts5Error_pGGSayAHG_tYaKF	swift.method	requestShareAccess(for:)	CKContainer.requestShareAccess(for:)	func requestShareAccess(for urls: [URL]) async throws -> [URL : Result<Void, any Error>]
s:So11CKContainerC8CloudKitE19fetchShareMetadatas3for17completionHandlerySay10Foundation3URLVG_ys6ResultOySDyAiLySo15CKShareMetadataCs5Error_pGGsAO_pGctF	swift.method	fetchShareMetadatas(for:completionHandler:)	CKContainer.fetchShareMetadatas(for:completionHandler:)	@preconcurrency func fetchShareMetadatas(for urls: [URL], completionHandler: @escaping (Result<[URL : Result<CKShare.Metadata, any Error>], any Error>) -> Void)
s:So11CKContainerC8CloudKitE22discoverUserIdentities03forE9RecordIDs17completionHandlerySaySo10CKRecordIDCG_ys6ResultOySDyAHSo14CKUserIdentityCGs5Error_pGctF	swift.method	discoverUserIdentities(forUserRecordIDs:completionHandler:)	CKContainer.discoverUserIdentities(forUserRecordIDs:completionHandler:)	@preconcurrency func discoverUserIdentities(forUserRecordIDs userRecordIDs: [CKRecord.ID], completionHandler: @escaping (Result<[CKRecord.ID : CKUserIdentity], any Error>) -> Void)
s:So11CKContainerC8CloudKitE22discoverUserIdentities15forPhoneNumbers17completionHandlerySaySSG_ys6ResultOySDySSSo14CKUserIdentityCGs5Error_pGctF	swift.method	discoverUserIdentities(forPhoneNumbers:completionHandler:)	CKContainer.discoverUserIdentities(forPhoneNumbers:completionHandler:)	@preconcurrency func discoverUserIdentities(forPhoneNumbers phoneNumbers: [String], completionHandler: @escaping (Result<[String : CKUserIdentity], any Error>) -> Void)
s:So11CKContainerC8CloudKitE22discoverUserIdentities17forEmailAddresses17completionHandlerySaySSG_ys6ResultOySDySSSo14CKUserIdentityCGs5Error_pGctF	swift.method	discoverUserIdentities(forEmailAddresses:completionHandler:)	CKContainer.discoverUserIdentities(forEmailAddresses:completionHandler:)	@preconcurrency func discoverUserIdentities(forEmailAddresses emails: [String], completionHandler: @escaping (Result<[String : CKUserIdentity], any Error>) -> Void)
s:So11CKContainerC8CloudKitE22fetchShareParticipants15forPhoneNumbers17completionHandlerySaySSG_ys6ResultOySDySSAIySo18CKShareParticipantCs5Error_pGGsAL_pGctF	swift.method	fetchShareParticipants(forPhoneNumbers:completionHandler:)	CKContainer.fetchShareParticipants(forPhoneNumbers:completionHandler:)	@preconcurrency func fetchShareParticipants(forPhoneNumbers phoneNumbers: [String], completionHandler: @escaping (Result<[String : Result<CKShare.Participant, any Error>], any Error>) -> Void)
s:So11CKContainerC8CloudKitE22fetchShareParticipants16forUserRecordIDs17completionHandlerySaySo10CKRecordIDCG_ys6ResultOySDyAhKySo18CKShareParticipantCs5Error_pGGsAN_pGctF	swift.method	fetchShareParticipants(forUserRecordIDs:completionHandler:)	CKContainer.fetchShareParticipants(forUserRecordIDs:completionHandler:)	@preconcurrency func fetchShareParticipants(forUserRecordIDs userRecordIDs: [CKRecord.ID], completionHandler: @escaping (Result<[CKRecord.ID : Result<CKShare.Participant, any Error>], any Error>) -> Void)
s:So11CKContainerC8CloudKitE22fetchShareParticipants17forEmailAddresses17completionHandlerySaySSG_ys6ResultOySDySSAIySo18CKShareParticipantCs5Error_pGGsAL_pGctF	swift.method	fetchShareParticipants(forEmailAddresses:completionHandler:)	CKContainer.fetchShareParticipants(forEmailAddresses:completionHandler:)	@preconcurrency func fetchShareParticipants(forEmailAddresses emails: [String], completionHandler: @escaping (Result<[String : Result<CKShare.Participant, any Error>], any Error>) -> Void)
s:So11CKContainerC8CloudKitE23fetchLongLivedOperation6withID17completionHandlerySS_ySo11CKOperationCSg_s5Error_pSgtctF	swift.method	fetchLongLivedOperation(withID:completionHandler:)	CKContainer.fetchLongLivedOperation(withID:completionHandler:)	@preconcurrency func fetchLongLivedOperation(withID operationID: CKOperation.ID, completionHandler: @escaping (CKOperation?, (any Error)?) -> Void)
s:So11CKContainerC8CloudKitE24allLongLivedOperationIDsSaySSGyYaKF	swift.method	allLongLivedOperationIDs()	CKContainer.allLongLivedOperationIDs()	func allLongLivedOperationIDs() async throws -> [CKOperation.ID]
s:So11CKContainerC8CloudKitE29fetchAllLongLivedOperationIDs17completionHandleryySaySSGSg_s5Error_pSgtc_tF	swift.method	fetchAllLongLivedOperationIDs(completionHandler:)	CKContainer.fetchAllLongLivedOperationIDs(completionHandler:)	@preconcurrency func fetchAllLongLivedOperationIDs(completionHandler: @escaping ([CKOperation.ID]?, (any Error)?) -> Void)
s:So11CKContainerC8CloudKitE6accept_17completionHandlerySaySo15CKShareMetadataCG_ys6ResultOySDyAgJySo0G0Cs5Error_pGGsAM_pGctF	swift.method	accept(_:completionHandler:)	CKContainer.accept(_:completionHandler:)	@preconcurrency func accept(_ metadatas: [CKShare.Metadata], completionHandler: @escaping (Result<[CKShare.Metadata : Result<CKShare, any Error>], any Error>) -> Void)
s:So11CKContainerC8CloudKitE6acceptySDySo15CKShareMetadataCs6ResultOySo0E0Cs5Error_pGGSayAFGYaKF	swift.method	accept(_:)	CKContainer.accept(_:)	func accept(_ metadatas: [CKShare.Metadata]) async throws -> [CKShare.Metadata : Result<CKShare, any Error>]
s:So11CKErrorCodeV8rawValueABSgSi_tcfc	swift.init	init(rawValue:)	CKError.Code.init(rawValue:)	init?(rawValue: Int)
s:So11CKOperationC8CloudKitE11operationIDSSvp	swift.property	operationID	CKOperation.operationID	var operationID: CKOperation.ID { get }
s:So11CKOperationC8CloudKitE2IDa	swift.typealias	CKOperation.ID	CKOperation.ID	typealias ID = String
s:So11CKReferenceC8CloudKitE6Actiona	swift.typealias	CKRecord.Reference.Action	CKRecord.Reference.Action	typealias Action = CKRecord.ReferenceAction
s:So14CKNotificationC8CloudKitE14subscriptionIDSSSgvp	swift.property	subscriptionID	CKNotification.subscriptionID	var subscriptionID: CKSubscription.ID? { get }
s:So14CKRecordZoneIDC8CloudKitE07defaultB4NameSSvpZ	swift.type.property	defaultZoneName	CKRecordZone.ID.defaultZoneName	static let defaultZoneName: String
s:So14CKRecordZoneIDC8CloudKitE7defaultABvpZ	swift.type.property	default	CKRecordZone.ID.default	static let `default`: CKRecordZone.ID
s:So14CKRecordZoneIDC8CloudKitE8zoneName05ownerG0ABSS_SSSgtcfc	swift.init	init(zoneName:ownerName:)	CKRecordZone.ID.init(zoneName:ownerName:)	convenience init(zoneName: String = CKRecordZone.ID.defaultZoneName, ownerName: String? = CKOwnerDefaultName)
s:So14CKRecordZoneIDC8CloudKitE8zoneName05ownerG0ABSS_SStcfc	swift.init	init(zoneName:ownerName:)	CKRecordZone.ID.init(zoneName:ownerName:)	convenience init(zoneName: String = CKRecordZone.ID.defaultZoneName, ownerName: String = CKCurrentUserDefaultName)
s:So14CKSubscriptionC8CloudKitE14subscriptionIDSSvp	swift.property	subscriptionID	CKSubscription.subscriptionID	var subscriptionID: CKSubscription.ID { get }
s:So14CKSubscriptionC8CloudKitE2IDa	swift.typealias	CKSubscription.ID	CKSubscription.ID	typealias ID = String
s:So14NSItemProviderC8CloudKitE15registerCKShare9container21allowedSharingOptions18preparationHandlerySo11CKContainerC_So09CKAllowediJ0CSo0F0CyYaYbKctF	swift.method	registerCKShare(container:allowedSharingOptions:preparationHandler:)	NSItemProvider.registerCKShare(container:allowedSharingOptions:preparationHandler:)	func registerCKShare(container: CKContainer, allowedSharingOptions: CKAllowedSharingOptions = CKAllowedSharingOptions.standard, preparationHandler: @escaping () async throws -> CKShare)
s:So14NSItemProviderC8CloudKitE15registerCKShare_9container21allowedSharingOptionsySo0F0C_So11CKContainerCSo09CKAllowediJ0CtF	swift.method	registerCKShare(_:container:allowedSharingOptions:)	NSItemProvider.registerCKShare(_:container:allowedSharingOptions:)	func registerCKShare(_ share: CKShare, container: CKContainer, allowedSharingOptions: CKAllowedSharingOptions = CKAllowedSharingOptions.standard)
s:So15CKAccountStatusV8rawValueABSgSi_tcfc	swift.init	init(rawValue:)	CKAccountStatus.init(rawValue:)	init?(rawValue: Int)
s:So15CKDatabaseScopeV8rawValueABSgSi_tcfc	swift.init	init(rawValue:)	CKDatabase.Scope.init(rawValue:)	init?(rawValue: Int)
s:So16CKQueryOperationC8CloudKitE11desiredKeysSaySSGSgvp	swift.property	desiredKeys	CKQueryOperation.desiredKeys	var desiredKeys: [CKRecord.FieldKey]? { get set }
s:So16CKQueryOperationC8CloudKitE16queryResultBlockys0F0OySo0A6CursorCSgs5Error_pGcSgvp	swift.property	queryResultBlock	CKQueryOperation.queryResultBlock	var queryResultBlock: ((Result<CKQueryOperation.Cursor?, any Error>) -> Void)? { get set }
s:So16CKQueryOperationC8CloudKitE18recordMatchedBlockySo10CKRecordIDC_s6ResultOySo0H0Cs5Error_pGtcSgvp	swift.property	recordMatchedBlock	CKQueryOperation.recordMatchedBlock	var recordMatchedBlock: ((CKRecord.ID, Result<CKRecord, any Error>) -> Void)? { get set }
s:So17CKReferenceActionV8rawValueABSgSu_tcfc	swift.init	init(rawValue:)	CKRecord.ReferenceAction.init(rawValue:)	init?(rawValue: UInt)
s:So18CKNotificationInfoC8CloudKitE11desiredKeysSaySSGSgvp	swift.property	desiredKeys	CKSubscription.NotificationInfo.desiredKeys	var desiredKeys: [CKRecord.FieldKey]? { get set }
s:So18CKNotificationInfoC8CloudKitE21alertLocalizationArgsSaySSGSgvp	swift.property	alertLocalizationArgs	CKSubscription.NotificationInfo.alertLocalizationArgs	var alertLocalizationArgs: [CKRecord.FieldKey]? { get set }
s:So18CKNotificationInfoC8CloudKitE21titleLocalizationArgsSaySSGSgvp	swift.property	titleLocalizationArgs	CKSubscription.NotificationInfo.titleLocalizationArgs	var titleLocalizationArgs: [CKRecord.FieldKey]? { get set }
s:So18CKNotificationInfoC8CloudKitE24subtitleLocalizationArgsSaySSGSgvp	swift.property	subtitleLocalizationArgs	CKSubscription.NotificationInfo.subtitleLocalizationArgs	var subtitleLocalizationArgs: [CKRecord.FieldKey]? { get set }
s:So18CKNotificationInfoC8CloudKitE9alertBody0E15LocalizationKey0eG4Args5title0jgH00jgI08subtitle0kgH00kgI00e6ActiongH00E11LaunchImage9soundName11desiredKeys11shouldBadge0S20SendContentAvailable0su7MutableV08category13collapseIDKeyABSSSg_AVSaySSGA2vw2vw3vWS3bA2Vtcfc	swift.init	init(alertBody:alertLocalizationKey:alertLocalizationArgs:title:titleLocalizationKey:titleLocalizationArgs:subtitle:subtitleLocalizationKey:subtitleLocalizationArgs:alertActionLocalizationKey:alertLaunchImage:soundName:desiredKeys:shouldBadge:shouldSendContentAvailable:shouldSendMutableContent:category:collapseIDKey:)	CKSubscription.NotificationInfo.init(alertBody:alertLocalizationKey:alertLocalizationArgs:title:titleLocalizationKey:titleLocalizationArgs:subtitle:subtitleLocalizationKey:subtitleLocalizationArgs:alertActionLocalizationKey:alertLaunchImage:soundName:desiredKeys:shouldBadge:shouldSendContentAvailable:shouldSendMutableContent:category:collapseIDKey:)	convenience init(alertBody: String? = nil, alertLocalizationKey: String? = nil, alertLocalizationArgs: [CKRecord.FieldKey] = [], title: String? = nil, titleLocalizationKey: String? = nil, titleLocalizationArgs: [CKRecord.FieldKey] = [], subtitle: String? = nil, subtitleLocalizationKey: String? = nil, subtitleLocalizationArgs: [CKRecord.FieldKey] = [], alertActionLocalizationKey: String? = nil, alertLaunchImage: String? = nil, soundName: String? = nil, desiredKeys: [CKRecord.FieldKey] = [], shouldBadge: Bool = false, shouldSendContentAvailable: Bool = false, shouldSendMutableContent: Bool = false, category: String? = nil, collapseIDKey: String? = nil)
s:So18CKNotificationTypeV8rawValueABSgSi_tcfc	swift.init	init(rawValue:)	CKNotification.NotificationType.init(rawValue:)	init?(rawValue: Int)
s:So18CKRecordSavePolicyV8rawValueABSgSi_tcfc	swift.init	init(rawValue:)	CKModifyRecordsOperation.RecordSavePolicy.init(rawValue:)	init?(rawValue: Int)
s:So18CKShareParticipantC8CloudKitE10Permissiona	swift.typealias	CKShare.Participant.Permission	CKShare.Participant.Permission	typealias Permission = CKShare.ParticipantPermission
s:So18CKShareParticipantC8CloudKitE13participantIDSSvp	swift.property	participantID	CKShare.Participant.participantID	@backDeployed(before: macOS 15.0, iOS 18.0, tvOS 18.0, watchOS 11.0, visionOS 2.0)\nfinal var participantID: CKShare.Participant.ID { get }
s:So18CKShareParticipantC8CloudKitE16AcceptanceStatusa	swift.typealias	CKShare.Participant.AcceptanceStatus	CKShare.Participant.AcceptanceStatus	typealias AcceptanceStatus = CKShare.ParticipantAcceptanceStatus
s:So18CKShareParticipantC8CloudKitE2IDa	swift.typealias	CKShare.Participant.ID	CKShare.Participant.ID	typealias ID = String
s:So18CKShareParticipantC8CloudKitE4Rolea	swift.typealias	CKShare.Participant.Role	CKShare.Participant.Role	typealias Role = CKShare.ParticipantRole
s:So18CKSubscriptionTypeV8rawValueABSgSi_tcfc	swift.init	init(rawValue:)	CKSubscription.SubscriptionType.init(rawValue:)	init?(rawValue: Int)
s:So19CKQuerySubscriptionC8CloudKitE10recordType9predicate14subscriptionID7optionsABSS_So11NSPredicateCSSSo0aB7OptionsVtcfc	swift.init	init(recordType:predicate:subscriptionID:options:)	CKQuerySubscription.init(recordType:predicate:subscriptionID:options:)	convenience init(recordType: CKRecord.RecordType, predicate: NSPredicate, subscriptionID: CKSubscription.ID, options querySubscriptionOptions: CKQuerySubscription.Options = [.firesOnRecordCreation, .firesOnRecordUpdate, .firesOnRecordDeletion])
s:So19CKQuerySubscriptionC8CloudKitE10recordType9predicate7optionsABSS_So11NSPredicateCSo0aB7OptionsVtcfc	swift.init	init(recordType:predicate:options:)	CKQuerySubscription.init(recordType:predicate:options:)	convenience init(recordType: CKRecord.RecordType, predicate: NSPredicate, options querySubscriptionOptions: CKQuerySubscription.Options = [.firesOnRecordCreation, .firesOnRecordUpdate, .firesOnRecordDeletion])
s:So19CKQuerySubscriptionC8CloudKitE10recordTypeSSSgvp	swift.property	recordType	CKQuerySubscription.recordType	var recordType: CKRecord.RecordType? { get }
s:So21CKSyncEngineEventTypeV8rawValueABSgSi_tcfc	swift.init	init(rawValue:)	CKSyncEngineEventType.init(rawValue:)	init?(rawValue: Int)
s:So22CKDatabaseSubscriptionC8CloudKitE10recordTypeSSSgvp	swift.property	recordType	CKDatabaseSubscription.recordType	var recordType: CKRecord.RecordType? { get set }
s:So22CKDatabaseSubscriptionC8CloudKitE14subscriptionIDABSS_tcfc	swift.init	init(subscriptionID:)	CKDatabaseSubscription.init(subscriptionID:)	convenience init(subscriptionID: CKSubscription.ID)
s:So22CKShareParticipantRoleV8rawValueABSgSi_tcfc	swift.init	init(rawValue:)	CKShare.ParticipantRole.init(rawValue:)	init?(rawValue: Int)
s:So22CKSyncEngineSyncReasonV8rawValueABSgSi_tcfc	swift.init	init(rawValue:)	CKSyncEngineSyncReason.init(rawValue:)	init?(rawValue: Int)
s:So23CKAcceptSharesOperationC8CloudKitE06acceptB11ResultBlockys0G0Oyyts5Error_pGcSgvp	swift.property	acceptSharesResultBlock	CKAcceptSharesOperation.acceptSharesResultBlock	var acceptSharesResultBlock: ((Result<Void, any Error>) -> Void)? { get set }
s:So23CKAcceptSharesOperationC8CloudKitE19perShareResultBlockySo15CKShareMetadataC_s0H0OySo0J0Cs5Error_pGtcSgvp	swift.property	perShareResultBlock	CKAcceptSharesOperation.perShareResultBlock	var perShareResultBlock: ((CKShare.Metadata, Result<CKShare, any Error>) -> Void)? { get set }
s:So23CKFetchRecordsOperationC8CloudKitE05fetchB11ResultBlockys0G0Oyyts5Error_pGcSgvp	swift.property	fetchRecordsResultBlock	CKFetchRecordsOperation.fetchRecordsResultBlock	var fetchRecordsResultBlock: ((Result<Void, any Error>) -> Void)? { get set }
s:So23CKFetchRecordsOperationC8CloudKitE11desiredKeysSaySSGSgvp	swift.property	desiredKeys	CKFetchRecordsOperation.desiredKeys	var desiredKeys: [CKRecord.FieldKey]? { get set }
s:So23CKFetchRecordsOperationC8CloudKitE20perRecordResultBlockySo10CKRecordIDC_s0H0OySo0J0Cs5Error_pGtcSgvp	swift.property	perRecordResultBlock	CKFetchRecordsOperation.perRecordResultBlock	var perRecordResultBlock: ((CKRecord.ID, Result<CKRecord, any Error>) -> Void)? { get set }
s:So23CKRecordKeyValueSettingP8CloudKitEyAC0aC8Protocol_pSgSScip	swift.subscript	subscript(_:)	CKRecordKeyValueSetting.subscript(_:)	@nonobjc subscript(key: CKRecord.FieldKey) -> (any CKRecordValueProtocol)? { get set }
s:So23CKRecordKeyValueSettingP8CloudKitEyqd__SgSScAC0aC8ProtocolRd__luip	swift.subscript	subscript(_:)	CKRecordKeyValueSetting.subscript(_:)	@nonobjc subscript<T>(key: CKRecord.FieldKey) -> T? where T : CKRecordValueProtocol { get set }
s:So24CKApplicationPermissionsV8rawValueABSu_tcfc	swift.init	init(rawValue:)	CKContainer.ApplicationPermissions.init(rawValue:)	init(rawValue: UInt)
s:So24CKModifyRecordsOperationC8CloudKitE06modifyB11ResultBlockys0G0Oyyts5Error_pGcSgvp	swift.property	modifyRecordsResultBlock	CKModifyRecordsOperation.modifyRecordsResultBlock	var modifyRecordsResultBlock: ((Result<Void, any Error>) -> Void)? { get set }
s:So24CKModifyRecordsOperationC8CloudKitE13recordsToSave09recordIDsG6DeleteABSaySo8CKRecordCGSg_SaySo0L2IDCGSgtcfc	swift.init	init(recordsToSave:recordIDsToDelete:)	CKModifyRecordsOperation.init(recordsToSave:recordIDsToDelete:)	convenience init(recordsToSave: [CKRecord]? = nil, recordIDsToDelete: [CKRecord.ID]? = nil)
s:So24CKModifyRecordsOperationC8CloudKitE18perRecordSaveBlockySo10CKRecordIDC_s6ResultOySo0J0Cs5Error_pGtcSgvp	swift.property	perRecordSaveBlock	CKModifyRecordsOperation.perRecordSaveBlock	var perRecordSaveBlock: ((CKRecord.ID, Result<CKRecord, any Error>) -> Void)? { get set }
s:So24CKModifyRecordsOperationC8CloudKitE20perRecordDeleteBlockySo10CKRecordIDC_s6ResultOyyts5Error_pGtcSgvp	swift.property	perRecordDeleteBlock	CKModifyRecordsOperation.perRecordDeleteBlock	var perRecordDeleteBlock: ((CKRecord.ID, Result<Void, any Error>) -> Void)? { get set }
s:So24CKRecordZoneCapabilitiesV8rawValueABSu_tcfc	swift.init	init(rawValue:)	CKRecordZone.Capabilities.init(rawValue:)	init(rawValue: UInt)
s:So24CKRecordZoneSubscriptionC8CloudKitE10recordTypeSSSgvp	swift.property	recordType	CKRecordZoneSubscription.recordType	var recordType: CKRecord.RecordType? { get set }
s:So24CKRecordZoneSubscriptionC8CloudKitE6zoneID012subscriptionG0ABSo0abG0C_SStcfc	swift.init	init(zoneID:subscriptionID:)	CKRecordZoneSubscription.init(zoneID:subscriptionID:)	convenience init(zoneID: CKRecordZone.ID, subscriptionID: CKSubscription.ID)
s:So25CKQueryNotificationReasonV8rawValueABSgSi_tcfc	swift.init	init(rawValue:)	CKQueryNotification.Reason.init(rawValue:)	init?(rawValue: Int)
s:So25CKSystemSharingUIObserverC8CloudKitE06systemB19UIDidSaveShareBlockySo10CKRecordIDC_s6ResultOySo7CKShareCs5Error_pGtcSgvp	swift.property	systemSharingUIDidSaveShareBlock	CKSystemSharingUIObserver.systemSharingUIDidSaveShareBlock	@preconcurrency var systemSharingUIDidSaveShareBlock: ((CKRecord.ID, Result<CKShare, any Error>) -> Void)? { get set }
s:So25CKSystemSharingUIObserverC8CloudKitE06systemb9UIDidStopB5BlockySo10CKRecordIDC_s6ResultOyyts5Error_pGtcSgvp	swift.property	systemSharingUIDidStopSharingBlock	CKSystemSharingUIObserver.systemSharingUIDidStopSharingBlock	@preconcurrency var systemSharingUIDidStopSharingBlock: ((CKRecord.ID, Result<Void, any Error>) -> Void)? { get set }
s:So26CKQuerySubscriptionOptionsV8rawValueABSu_tcfc	swift.init	init(rawValue:)	CKQuerySubscription.Options.init(rawValue:)	init(rawValue: UInt)
s:So27CKFetchRecordZonesOperationC8CloudKitE03perB15ZoneResultBlockySo08CKRecordH2IDC_s0I0OySo0kH0Cs5Error_pGtcSgvp	swift.property	perRecordZoneResultBlock	CKFetchRecordZonesOperation.perRecordZoneResultBlock	var perRecordZoneResultBlock: ((CKRecordZone.ID, Result<CKRecordZone, any Error>) -> Void)? { get set }
s:So27CKFetchRecordZonesOperationC8CloudKitE05fetchbC11ResultBlockys0H0Oyyts5Error_pGcSgvp	swift.property	fetchRecordZonesResultBlock	CKFetchRecordZonesOperation.fetchRecordZonesResultBlock	var fetchRecordZonesResultBlock: ((Result<Void, any Error>) -> Void)? { get set }
s:So27CKRecordZoneEncryptionScopeV8rawValueABSgSi_tcfc	swift.init	init(rawValue:)	CKRecordZone.EncryptionScope.init(rawValue:)	init?(rawValue: Int)
s:So28CKFetchWebAuthTokenOperationC8CloudKitE05fetchbcD11ResultBlockys0I0OySSs5Error_pGcSgvp	swift.property	fetchWebAuthTokenResultBlock	CKFetchWebAuthTokenOperation.fetchWebAuthTokenResultBlock	var fetchWebAuthTokenResultBlock: ((Result<String, any Error>) -> Void)? { get set }
s:So28CKModifyRecordZonesOperationC8CloudKitE03perB13ZoneSaveBlockySo08CKRecordH2IDC_s6ResultOySo0kH0Cs5Error_pGtcSgvp	swift.property	perRecordZoneSaveBlock	CKModifyRecordZonesOperation.perRecordZoneSaveBlock	var perRecordZoneSaveBlock: ((CKRecordZone.ID, Result<CKRecordZone, any Error>) -> Void)? { get set }
s:So28CKModifyRecordZonesOperationC8CloudKitE03perB15ZoneDeleteBlockySo08CKRecordH2IDC_s6ResultOyyts5Error_pGtcSgvp	swift.property	perRecordZoneDeleteBlock	CKModifyRecordZonesOperation.perRecordZoneDeleteBlock	var perRecordZoneDeleteBlock: ((CKRecordZone.ID, Result<Void, any Error>) -> Void)? { get set }
s:So28CKModifyRecordZonesOperationC8CloudKitE06modifybC11ResultBlockys0H0Oyyts5Error_pGcSgvp	swift.property	modifyRecordZonesResultBlock	CKModifyRecordZonesOperation.modifyRecordZonesResultBlock	var modifyRecordZonesResultBlock: ((Result<Void, any Error>) -> Void)? { get set }
s:So28CKModifyRecordZonesOperationC8CloudKitE06recordC6ToSave0g7ZoneIDsH6DeleteABSaySo08CKRecordJ0CGSg_SaySo0mJ2IDCGSgtcfc	swift.init	init(recordZonesToSave:recordZoneIDsToDelete:)	CKModifyRecordZonesOperation.init(recordZonesToSave:recordZoneIDsToDelete:)	convenience init(recordZonesToSave: [CKRecordZone]? = nil, recordZoneIDsToDelete: [CKRecordZone.ID]? = nil)
s:So28CKOperationGroupTransferSizeV8rawValueABSgSi_tcfc	swift.init	init(rawValue:)	CKOperationGroup.TransferSize.init(rawValue:)	init?(rawValue: Int)
s:So28CKShareParticipantPermissionV8rawValueABSgSi_tcfc	swift.init	init(rawValue:)	CKShare.ParticipantPermission.init(rawValue:)	init?(rawValue: Int)
s:So29CKApplicationPermissionStatusV8rawValueABSgSi_tcfc	swift.init	init(rawValue:)	CKContainer.ApplicationPermissionStatus.init(rawValue:)	init?(rawValue: Int)
s:So29CKFetchShareMetadataOperationC8CloudKitE03perbC11ResultBlocky10Foundation3URLV_s0H0OySo07CKShareC0Cs5Error_pGtcSgvp	swift.property	perShareMetadataResultBlock	CKFetchShareMetadataOperation.perShareMetadataResultBlock	var perShareMetadataResultBlock: ((URL, Result<CKShare.Metadata, any Error>) -> Void)? { get set }
s:So29CKFetchShareMetadataOperationC8CloudKitE05fetchbC11ResultBlockys0H0Oyyts5Error_pGcSgvp	swift.property	fetchShareMetadataResultBlock	CKFetchShareMetadataOperation.fetchShareMetadataResultBlock	var fetchShareMetadataResultBlock: ((Result<Void, any Error>) -> Void)? { get set }
s:So29CKFetchShareMetadataOperationC8CloudKitE21rootRecordDesiredKeysSaySSGSgvp	swift.property	rootRecordDesiredKeys	CKFetchShareMetadataOperation.rootRecordDesiredKeys	var rootRecordDesiredKeys: [CKRecord.FieldKey]? { get set }
s:So29CKFetchSubscriptionsOperationC8CloudKitE05fetchB11ResultBlockys0G0Oyyts5Error_pGcSgvp	swift.property	fetchSubscriptionsResultBlock	CKFetchSubscriptionsOperation.fetchSubscriptionsResultBlock	var fetchSubscriptionsResultBlock: ((Result<Void, any Error>) -> Void)? { get set }
s:So29CKFetchSubscriptionsOperationC8CloudKitE15subscriptionIDsABSaySSG_tcfc	swift.init	init(subscriptionIDs:)	CKFetchSubscriptionsOperation.init(subscriptionIDs:)	convenience init(subscriptionIDs: [CKSubscription.ID])
s:So29CKFetchSubscriptionsOperationC8CloudKitE15subscriptionIDsSaySSGSgvp	swift.property	subscriptionIDs	CKFetchSubscriptionsOperation.subscriptionIDs	var subscriptionIDs: [CKSubscription.ID]? { get set }
s:So29CKFetchSubscriptionsOperationC8CloudKitE26perSubscriptionResultBlockySS_s0H0OySo14CKSubscriptionCs5Error_pGtcSgvp	swift.property	perSubscriptionResultBlock	CKFetchSubscriptionsOperation.perSubscriptionResultBlock	var perSubscriptionResultBlock: ((CKSubscription.ID, Result<CKSubscription, any Error>) -> Void)? { get set }
s:So29CKFetchSubscriptionsOperationC8CloudKitE32fetchSubscriptionCompletionBlockySDySSSo14CKSubscriptionCGSg_s5Error_pSgtcSgvp	swift.property	fetchSubscriptionCompletionBlock	CKFetchSubscriptionsOperation.fetchSubscriptionCompletionBlock	var fetchSubscriptionCompletionBlock: (([CKSubscription.ID : CKSubscription]?, (any Error)?) -> Void)? { get set }
s:So29CKShareRequestAccessOperationC8CloudKitE05sharecB11ResultBlockys0H0Oyyts5Error_pGcSgvp	swift.property	shareAccessRequestResultBlock	CKShareRequestAccessOperation.shareAccessRequestResultBlock	var shareAccessRequestResultBlock: ((Result<Void, any Error>) -> Void)? { get set }
s:So29CKShareRequestAccessOperationC8CloudKitE08perSharecB11ResultBlocky10Foundation3URLV_s0I0Oyyts5Error_pGtcSgvp	swift.property	perShareAccessRequestResultBlock	CKShareRequestAccessOperation.perShareAccessRequestResultBlock	var perShareAccessRequestResultBlock: ((URL, Result<Void, any Error>) -> Void)? { get set }
s:So29CKSyncEngineAccountChangeTypeV8rawValueABSgSi_tcfc	swift.init	init(rawValue:)	CKSyncEngineAccountChangeType.init(rawValue:)	init?(rawValue: Int)
s:So30CKModifySubscriptionsOperationC8CloudKitE06modifyB11ResultBlockys0G0Oyyts5Error_pGcSgvp	swift.property	modifySubscriptionsResultBlock	CKModifySubscriptionsOperation.modifySubscriptionsResultBlock	var modifySubscriptionsResultBlock: ((Result<Void, any Error>) -> Void)? { get set }
s:So30CKModifySubscriptionsOperationC8CloudKitE06modifyB15CompletionBlockySaySo14CKSubscriptionCGSg_SaySSGSgs5Error_pSgtcSgvp	swift.property	modifySubscriptionsCompletionBlock	CKModifySubscriptionsOperation.modifySubscriptionsCompletionBlock	var modifySubscriptionsCompletionBlock: (([CKSubscription]?, [CKSubscription.ID]?, (any Error)?) -> Void)? { get set }
s:So30CKModifySubscriptionsOperationC8CloudKitE19subscriptionsToSave015subscriptionIDsG6DeleteABSaySo14CKSubscriptionCGSg_SaySSGSgtcfc	swift.init	init(subscriptionsToSave:subscriptionIDsToDelete:)	CKModifySubscriptionsOperation.init(subscriptionsToSave:subscriptionIDsToDelete:)	convenience init(subscriptionsToSave: [CKSubscription]? = nil, subscriptionIDsToDelete: [CKSubscription.ID]? = nil)
s:So30CKModifySubscriptionsOperationC8CloudKitE23subscriptionIDsToDeleteSaySSGSgvp	swift.property	subscriptionIDsToDelete	CKModifySubscriptionsOperation.subscriptionIDsToDelete	var subscriptionIDsToDelete: [CKSubscription.ID]? { get set }
s:So30CKModifySubscriptionsOperationC8CloudKitE24perSubscriptionSaveBlockySS_s6ResultOySo14CKSubscriptionCs5Error_pGtcSgvp	swift.property	perSubscriptionSaveBlock	CKModifySubscriptionsOperation.perSubscriptionSaveBlock	var perSubscriptionSaveBlock: ((CKSubscription.ID, Result<CKSubscription, any Error>) -> Void)? { get set }
s:So30CKModifySubscriptionsOperationC8CloudKitE26perSubscriptionDeleteBlockySS_s6ResultOyyts5Error_pGtcSgvp	swift.property	perSubscriptionDeleteBlock	CKModifySubscriptionsOperation.perSubscriptionDeleteBlock	var perSubscriptionDeleteBlock: ((CKSubscription.ID, Result<Void, any Error>) -> Void)? { get set }
s:So30CKSyncEngineZoneDeletionReasonV8rawValueABSgSi_tcfc	swift.init	init(rawValue:)	CKSyncEngineZoneDeletionReason.init(rawValue:)	init?(rawValue: Int)
s:So31CKFetchDatabaseChangesOperationC8CloudKitE05fetchbC11ResultBlockys0H0OySo19CKServerChangeTokenC06serverkL0_Sb10moreComingts5Error_pGcSgvp	swift.property	fetchDatabaseChangesResultBlock	CKFetchDatabaseChangesOperation.fetchDatabaseChangesResultBlock	var fetchDatabaseChangesResultBlock: ((Result<(serverChangeToken: CKServerChangeToken, moreComing: Bool), any Error>) -> Void)? { get set }
s:So32CKSharingParticipantAccessOptionV8rawValueABSu_tcfc	swift.init	init(rawValue:)	CKSharingParticipantAccessOption.init(rawValue:)	init(rawValue: UInt)
s:So33CKDiscoverUserIdentitiesOperationC8CloudKitE08discoverbC11ResultBlockys0H0Oyyts5Error_pGcSgvp	swift.property	discoverUserIdentitiesResultBlock	CKDiscoverUserIdentitiesOperation.discoverUserIdentitiesResultBlock	var discoverUserIdentitiesResultBlock: ((Result<Void, any Error>) -> Void)? { get set }
s:So33CKFetchRecordZoneChangesOperationC8CloudKitE05fetchbcD11ResultBlockys0I0Oyyts5Error_pGcSgvp	swift.property	fetchRecordZoneChangesResultBlock	CKFetchRecordZoneChangesOperation.fetchRecordZoneChangesResultBlock	var fetchRecordZoneChangesResultBlock: ((Result<Void, any Error>) -> Void)? { get set }
s:So33CKFetchRecordZoneChangesOperationC8CloudKitE06recordC16FetchResultBlockySo08CKRecordC2IDC_s0J0OySo19CKServerChangeTokenC06serveroP0_10Foundation4DataVSg06clientopS0Sb10moreComingts5Error_pGtcSgvp	swift.property	recordZoneFetchResultBlock	CKFetchRecordZoneChangesOperation.recordZoneFetchResultBlock	var recordZoneFetchResultBlock: ((CKRecordZone.ID, Result<(serverChangeToken: CKServerChangeToken, clientChangeTokenData: Data?, moreComing: Bool), any Error>) -> Void)? { get set }
s:So33CKFetchRecordZoneChangesOperationC8CloudKitE06recordC3IDs016configurationsBybC2IDABSaySo08CKRecordcL0CGSg_SDyAGSo0abcD13ConfigurationCGSgtcfc	swift.init	init(recordZoneIDs:configurationsByRecordZoneID:)	CKFetchRecordZoneChangesOperation.init(recordZoneIDs:configurationsByRecordZoneID:)	convenience init(recordZoneIDs: [CKRecordZone.ID]? = nil, configurationsByRecordZoneID: [CKRecordZone.ID : CKFetchRecordZoneChangesOperation.ZoneConfiguration]? = nil)
s:So33CKFetchRecordZoneChangesOperationC8CloudKitE21recordWasChangedBlockySo10CKRecordIDC_s6ResultOySo0L0Cs5Error_pGtcSgvp	swift.property	recordWasChangedBlock	CKFetchRecordZoneChangesOperation.recordWasChangedBlock	var recordWasChangedBlock: ((CKRecord.ID, Result<CKRecord, any Error>) -> Void)? { get set }
s:So33CKFetchRecordZoneChangesOperationC8CloudKitE27recordWithIDWasDeletedBlockySo10CKRecordIDC_SStcSgvp	swift.property	recordWithIDWasDeletedBlock	CKFetchRecordZoneChangesOperation.recordWithIDWasDeletedBlock	var recordWithIDWasDeletedBlock: ((CKRecord.ID, CKRecord.RecordType) -> Void)? { get set }
s:So33CKFetchShareParticipantsOperationC8CloudKitE03perB22ParticipantResultBlockySo24CKUserIdentityLookupInfoC_s0I0OySo07CKShareH0Cs5Error_pGtcSgvp	swift.property	perShareParticipantResultBlock	CKFetchShareParticipantsOperation.perShareParticipantResultBlock	var perShareParticipantResultBlock: ((CKUserIdentity.LookupInfo, Result<CKShare.Participant, any Error>) -> Void)? { get set }
s:So33CKFetchShareParticipantsOperationC8CloudKitE05fetchbC11ResultBlockys0H0Oyyts5Error_pGcSgvp	swift.property	fetchShareParticipantsResultBlock	CKFetchShareParticipantsOperation.fetchShareParticipantsResultBlock	var fetchShareParticipantsResultBlock: ((Result<Void, any Error>) -> Void)? { get set }
s:So34CKShareParticipantAcceptanceStatusV8rawValueABSgSi_tcfc	swift.init	init(rawValue:)	CKShare.ParticipantAcceptanceStatus.init(rawValue:)	init?(rawValue: Int)
s:So36CKDiscoverAllUserIdentitiesOperationC8CloudKitE08discoverbcD11ResultBlockys0I0Oyyts5Error_pGcSgvp	swift.property	discoverAllUserIdentitiesResultBlock	CKDiscoverAllUserIdentitiesOperation.discoverAllUserIdentitiesResultBlock	var discoverAllUserIdentitiesResultBlock: ((Result<Void, any Error>) -> Void)? { get set }
s:So36CKSharingParticipantPermissionOptionV8rawValueABSu_tcfc	swift.init	init(rawValue:)	CKSharingParticipantPermissionOption.init(rawValue:)	init(rawValue: UInt)
s:So37CKFetchRecordZoneChangesConfigurationC8CloudKitE11desiredKeysSaySSGSgvp	swift.property	desiredKeys	CKFetchRecordZoneChangesOperation.ZoneConfiguration.desiredKeys	var desiredKeys: [CKRecord.FieldKey]? { get set }
s:So37CKFetchRecordZoneChangesConfigurationC8CloudKitE25previousServerChangeToken12resultsLimit11desiredKeysABSo08CKServerjK0CSg_SiSgSaySSGSgtcfc	swift.init	init(previousServerChangeToken:resultsLimit:desiredKeys:)	CKFetchRecordZoneChangesOperation.ZoneConfiguration.init(previousServerChangeToken:resultsLimit:desiredKeys:)	convenience init(previousServerChangeToken: CKServerChangeToken? = nil, resultsLimit: Int? = nil, desiredKeys: [CKRecord.FieldKey]? = nil)
s:So37CKSyncEnginePendingDatabaseChangeTypeV8rawValueABSgSi_tcfc	swift.init	init(rawValue:)	CKSyncEnginePendingDatabaseChangeType.init(rawValue:)	init?(rawValue: Int)
s:So39CKSyncEnginePendingRecordZoneChangeTypeV8rawValueABSgSi_tcfc	swift.init	init(rawValue:)	CKSyncEnginePendingRecordZoneChangeType.init(rawValue:)	init?(rawValue: Int)
s:So7CKQueryC8CloudKitE10recordType9predicateABSS_So11NSPredicateCtcfc	swift.init	init(recordType:predicate:)	CKQuery.init(recordType:predicate:)	convenience init(recordType: CKRecord.RecordType, predicate: NSPredicate)
s:So7CKQueryC8CloudKitE10recordTypeSSvp	swift.property	recordType	CKQuery.recordType	var recordType: CKRecord.RecordType { get }
s:So7CKShareC8CloudKitE10oneTimeURL3for10Foundation0F0VSgSS_tF	swift.method	oneTimeURL(for:)	CKShare.oneTimeURL(for:)	func oneTimeURL(for participantID: CKShare.Participant.ID) -> URL?
s:So7CKShareC8CloudKitE14SystemFieldKeyO	swift.enum	CKShare.SystemFieldKey	CKShare.SystemFieldKey	enum SystemFieldKey
s:So7CKShareC8CloudKitE14SystemFieldKeyO18thumbnailImageDataSSvpZ	swift.type.property	thumbnailImageData	CKShare.SystemFieldKey.thumbnailImageData	static let thumbnailImageData: CKRecord.FieldKey
s:So7CKShareC8CloudKitE14SystemFieldKeyO5titleSSvpZ	swift.type.property	title	CKShare.SystemFieldKey.title	static let title: CKRecord.FieldKey
s:So7CKShareC8CloudKitE14SystemFieldKeyO9shareTypeSSvpZ	swift.type.property	shareType	CKShare.SystemFieldKey.shareType	static let shareType: CKRecord.FieldKey
s:So8CKRecordC8CloudKitE10RecordTypea	swift.typealias	CKRecord.RecordType	CKRecord.RecordType	typealias RecordType = String
s:So8CKRecordC8CloudKitE10SystemTypeO	swift.enum	CKRecord.SystemType	CKRecord.SystemType	enum SystemType
s:So8CKRecordC8CloudKitE10SystemTypeO10userRecordSSvpZ	swift.type.property	userRecord	CKRecord.SystemType.userRecord	static let userRecord: CKRecord.RecordType
s:So8CKRecordC8CloudKitE10SystemTypeO5shareSSvpZ	swift.type.property	share	CKRecord.SystemType.share	static let share: CKRecord.RecordType
s:So8CKRecordC8CloudKitE10recordType0D2IDABSS_So0aF0Ctcfc	swift.init	init(recordType:recordID:)	CKRecord.init(recordType:recordID:)	convenience init(recordType: CKRecord.RecordType, recordID: CKRecord.ID = CKRecord.ID())
s:So8CKRecordC8CloudKitE10recordType6zoneIDABSS_So0a4ZoneG0Ctcfc	swift.init	init(recordType:zoneID:)	CKRecord.init(recordType:zoneID:)	convenience init(recordType: CKRecord.RecordType, zoneID: CKRecordZone.ID)
s:So8CKRecordC8CloudKitE10recordTypeSSvp	swift.property	recordType	CKRecord.recordType	var recordType: CKRecord.RecordType { get }
s:So8CKRecordC8CloudKitE11changedKeysSaySSGyF	swift.method	changedKeys()	CKRecord.changedKeys()	func changedKeys() -> [CKRecord.FieldKey]
s:So8CKRecordC8CloudKitE12makeIteratorAC0a8KeyValueE0VyF	swift.method	makeIterator()	CKRecord.makeIterator()	func makeIterator() -> CKRecordKeyValueIterator
s:So8CKRecordC8CloudKitE14SystemFieldKeyO	swift.enum	CKRecord.SystemFieldKey	CKRecord.SystemFieldKey	enum SystemFieldKey
s:So8CKRecordC8CloudKitE14SystemFieldKeyO12creationDateSSvpZ	swift.type.property	creationDate	CKRecord.SystemFieldKey.creationDate	@backDeployed(before: macOS 14.0, iOS 17.0, tvOS 17.0, watchOS 10.0)\nstatic var creationDate: CKRecord.FieldKey { get }
s:So8CKRecordC8CloudKitE14SystemFieldKeyO16modificationDateSSvpZ	swift.type.property	modificationDate	CKRecord.SystemFieldKey.modificationDate	@backDeployed(before: macOS 14.0, iOS 17.0, tvOS 17.0, watchOS 10.0)\nstatic var modificationDate: CKRecord.FieldKey { get }
s:So8CKRecordC8CloudKitE14SystemFieldKeyO19creatorUserRecordIDSSvpZ	swift.type.property	creatorUserRecordID	CKRecord.SystemFieldKey.creatorUserRecordID	@backDeployed(before: macOS 14.0, iOS 17.0, tvOS 17.0, watchOS 10.0)\nstatic var creatorUserRecordID: CKRecord.FieldKey { get }
s:So8CKRecordC8CloudKitE14SystemFieldKeyO24lastModifiedUserRecordIDSSvpZ	swift.type.property	lastModifiedUserRecordID	CKRecord.SystemFieldKey.lastModifiedUserRecordID	@backDeployed(before: macOS 14.0, iOS 17.0, tvOS 17.0, watchOS 10.0)\nstatic var lastModifiedUserRecordID: CKRecord.FieldKey { get }
s:So8CKRecordC8CloudKitE14SystemFieldKeyO5shareSSvpZ	swift.type.property	share	CKRecord.SystemFieldKey.share	static let share: CKRecord.FieldKey
s:So8CKRecordC8CloudKitE14SystemFieldKeyO6parentSSvpZ	swift.type.property	parent	CKRecord.SystemFieldKey.parent	static let parent: CKRecord.FieldKey
s:So8CKRecordC8CloudKitE14SystemFieldKeyO8recordIDSSvpZ	swift.type.property	recordID	CKRecord.SystemFieldKey.recordID	@backDeployed(before: macOS 14.0, iOS 17.0, tvOS 17.0, watchOS 10.0)\nstatic var recordID: CKRecord.FieldKey { get }
s:So8CKRecordC8CloudKitE6object6forKeySo0A5Value_pSgSS_tF	swift.method	object(forKey:)	CKRecord.object(forKey:)	func object(forKey key: CKRecord.FieldKey) -> (any __CKRecordObjCValue)?
s:So8CKRecordC8CloudKitE7Elementa	swift.typealias	CKRecord.Element	CKRecord.Element	typealias Element = (CKRecord.FieldKey, any CKRecordValueProtocol)
s:So8CKRecordC8CloudKitE7allKeysSaySSGyF	swift.method	allKeys()	CKRecord.allKeys()	func allKeys() -> [CKRecord.FieldKey]
s:So8CKRecordC8CloudKitE8FieldKeya	swift.typealias	CKRecord.FieldKey	CKRecord.FieldKey	typealias FieldKey = String
s:So8CKRecordC8CloudKitE8Iteratora	swift.typealias	CKRecord.Iterator	CKRecord.Iterator	typealias Iterator = CKRecordKeyValueIterator
s:So8CKRecordC8CloudKitE9setObject_6forKeyySo0A5Value_pSg_SStF	swift.method	setObject(_:forKey:)	CKRecord.setObject(_:forKey:)	func setObject(_ object: (any __CKRecordObjCValue)?, forKey key: CKRecord.FieldKey)
s:So8CKRecordC8CloudKitEySo0A5Value_pSgSScip	swift.subscript	subscript(_:)	CKRecord.subscript(_:)	subscript(key: CKRecord.FieldKey) -> (any __CKRecordObjCValue)? { get set }
s:SxsE1loiySbx_xtFZ::SYNTHESIZED::s:Si	swift.func.op	<(_:_:)	Int.<(_:_:)	static func < (x: Self, y: Self) -> Bool
s:SxsE1loiySbx_xtFZ::SYNTHESIZED::s:Su	swift.func.op	<(_:_:)	UInt.<(_:_:)	static func < (x: Self, y: Self) -> Bool
s:SxsE1loiySbx_xtFZ::SYNTHESIZED::s:s4Int8V	swift.func.op	<(_:_:)	Int8.<(_:_:)	static func < (x: Self, y: Self) -> Bool
s:SxsE1loiySbx_xtFZ::SYNTHESIZED::s:s5Int16V	swift.func.op	<(_:_:)	Int16.<(_:_:)	static func < (x: Self, y: Self) -> Bool
s:SxsE1loiySbx_xtFZ::SYNTHESIZED::s:s5Int32V	swift.func.op	<(_:_:)	Int32.<(_:_:)	static func < (x: Self, y: Self) -> Bool
s:SxsE1loiySbx_xtFZ::SYNTHESIZED::s:s5Int64V	swift.func.op	<(_:_:)	Int64.<(_:_:)	static func < (x: Self, y: Self) -> Bool
s:SxsE1loiySbx_xtFZ::SYNTHESIZED::s:s5UInt8V	swift.func.op	<(_:_:)	UInt8.<(_:_:)	static func < (x: Self, y: Self) -> Bool
s:SxsE1loiySbx_xtFZ::SYNTHESIZED::s:s6UInt16V	swift.func.op	<(_:_:)	UInt16.<(_:_:)	static func < (x: Self, y: Self) -> Bool
s:SxsE1loiySbx_xtFZ::SYNTHESIZED::s:s6UInt32V	swift.func.op	<(_:_:)	UInt32.<(_:_:)	static func < (x: Self, y: Self) -> Bool
s:SxsE1loiySbx_xtFZ::SYNTHESIZED::s:s6UInt64V	swift.func.op	<(_:_:)	UInt64.<(_:_:)	static func < (x: Self, y: Self) -> Bool
s:SxsE2eeoiySbx_xtFZ::SYNTHESIZED::s:Si	swift.func.op	==(_:_:)	Int.==(_:_:)	static func == (x: Self, y: Self) -> Bool
s:SxsE2eeoiySbx_xtFZ::SYNTHESIZED::s:Su	swift.func.op	==(_:_:)	UInt.==(_:_:)	static func == (x: Self, y: Self) -> Bool
s:SxsE2eeoiySbx_xtFZ::SYNTHESIZED::s:s4Int8V	swift.func.op	==(_:_:)	Int8.==(_:_:)	static func == (x: Self, y: Self) -> Bool
s:SxsE2eeoiySbx_xtFZ::SYNTHESIZED::s:s5Int16V	swift.func.op	==(_:_:)	Int16.==(_:_:)	static func == (x: Self, y: Self) -> Bool
s:SxsE2eeoiySbx_xtFZ::SYNTHESIZED::s:s5Int32V	swift.func.op	==(_:_:)	Int32.==(_:_:)	static func == (x: Self, y: Self) -> Bool
s:SxsE2eeoiySbx_xtFZ::SYNTHESIZED::s:s5Int64V	swift.func.op	==(_:_:)	Int64.==(_:_:)	static func == (x: Self, y: Self) -> Bool
s:SxsE2eeoiySbx_xtFZ::SYNTHESIZED::s:s5UInt8V	swift.func.op	==(_:_:)	UInt8.==(_:_:)	static func == (x: Self, y: Self) -> Bool
s:SxsE2eeoiySbx_xtFZ::SYNTHESIZED::s:s6UInt16V	swift.func.op	==(_:_:)	UInt16.==(_:_:)	static func == (x: Self, y: Self) -> Bool
s:SxsE2eeoiySbx_xtFZ::SYNTHESIZED::s:s6UInt32V	swift.func.op	==(_:_:)	UInt32.==(_:_:)	static func == (x: Self, y: Self) -> Bool
s:SxsE2eeoiySbx_xtFZ::SYNTHESIZED::s:s6UInt64V	swift.func.op	==(_:_:)	UInt64.==(_:_:)	static func == (x: Self, y: Self) -> Bool
s:Sz10FoundationE9formattedSSyF::SYNTHESIZED::s:Si	swift.method	formatted()	Int.formatted()	func formatted() -> String
s:Sz10FoundationE9formattedSSyF::SYNTHESIZED::s:Su	swift.method	formatted()	UInt.formatted()	func formatted() -> String
s:Sz10FoundationE9formattedSSyF::SYNTHESIZED::s:s4Int8V	swift.method	formatted()	Int8.formatted()	func formatted() -> String
s:Sz10FoundationE9formattedSSyF::SYNTHESIZED::s:s5Int16V	swift.method	formatted()	Int16.formatted()	func formatted() -> String
s:Sz10FoundationE9formattedSSyF::SYNTHESIZED::s:s5Int32V	swift.method	formatted()	Int32.formatted()	func formatted() -> String
s:Sz10FoundationE9formattedSSyF::SYNTHESIZED::s:s5Int64V	swift.method	formatted()	Int64.formatted()	func formatted() -> String
s:Sz10FoundationE9formattedSSyF::SYNTHESIZED::s:s5UInt8V	swift.method	formatted()	UInt8.formatted()	func formatted() -> String
s:Sz10FoundationE9formattedSSyF::SYNTHESIZED::s:s6UInt16V	swift.method	formatted()	UInt16.formatted()	func formatted() -> String
s:Sz10FoundationE9formattedSSyF::SYNTHESIZED::s:s6UInt32V	swift.method	formatted()	UInt32.formatted()	func formatted() -> String
s:Sz10FoundationE9formattedSSyF::SYNTHESIZED::s:s6UInt64V	swift.method	formatted()	UInt64.formatted()	func formatted() -> String
s:Sz10FoundationE9formattedy12FormatOutputQyd__qd__0C5InputQyd__RszAA0C5StyleRd__lF::SYNTHESIZED::s:Si	swift.method	formatted(_:)	Int.formatted(_:)	func formatted<S>(_ format: S) -> S.FormatOutput where Self == S.FormatInput, S : FormatStyle
s:Sz10FoundationE9formattedy12FormatOutputQyd__qd__0C5InputQyd__RszAA0C5StyleRd__lF::SYNTHESIZED::s:Su	swift.method	formatted(_:)	UInt.formatted(_:)	func formatted<S>(_ format: S) -> S.FormatOutput where Self == S.FormatInput, S : FormatStyle
s:Sz10FoundationE9formattedy12FormatOutputQyd__qd__0C5InputQyd__RszAA0C5StyleRd__lF::SYNTHESIZED::s:s4Int8V	swift.method	formatted(_:)	Int8.formatted(_:)	func formatted<S>(_ format: S) -> S.FormatOutput where Self == S.FormatInput, S : FormatStyle
s:Sz10FoundationE9formattedy12FormatOutputQyd__qd__0C5InputQyd__RszAA0C5StyleRd__lF::SYNTHESIZED::s:s5Int16V	swift.method	formatted(_:)	Int16.formatted(_:)	func formatted<S>(_ format: S) -> S.FormatOutput where Self == S.FormatInput, S : FormatStyle
s:Sz10FoundationE9formattedy12FormatOutputQyd__qd__0C5InputQyd__RszAA0C5StyleRd__lF::SYNTHESIZED::s:s5Int32V	swift.method	formatted(_:)	Int32.formatted(_:)	func formatted<S>(_ format: S) -> S.FormatOutput where Self == S.FormatInput, S : FormatStyle
s:Sz10FoundationE9formattedy12FormatOutputQyd__qd__0C5InputQyd__RszAA0C5StyleRd__lF::SYNTHESIZED::s:s5Int64V	swift.method	formatted(_:)	Int64.formatted(_:)	func formatted<S>(_ format: S) -> S.FormatOutput where Self == S.FormatInput, S : FormatStyle
s:Sz10FoundationE9formattedy12FormatOutputQyd__qd__0C5InputQyd__RszAA0C5StyleRd__lF::SYNTHESIZED::s:s5UInt8V	swift.method	formatted(_:)	UInt8.formatted(_:)	func formatted<S>(_ format: S) -> S.FormatOutput where Self == S.FormatInput, S : FormatStyle
s:Sz10FoundationE9formattedy12FormatOutputQyd__qd__0C5InputQyd__RszAA0C5StyleRd__lF::SYNTHESIZED::s:s6UInt16V	swift.method	formatted(_:)	UInt16.formatted(_:)	func formatted<S>(_ format: S) -> S.FormatOutput where Self == S.FormatInput, S : FormatStyle
s:Sz10FoundationE9formattedy12FormatOutputQyd__qd__0C5InputQyd__RszAA0C5StyleRd__lF::SYNTHESIZED::s:s6UInt32V	swift.method	formatted(_:)	UInt32.formatted(_:)	func formatted<S>(_ format: S) -> S.FormatOutput where Self == S.FormatInput, S : FormatStyle
s:Sz10FoundationE9formattedy12FormatOutputQyd__qd__0C5InputQyd__RszAA0C5StyleRd__lF::SYNTHESIZED::s:s6UInt64V	swift.method	formatted(_:)	UInt64.formatted(_:)	func formatted<S>(_ format: S) -> S.FormatOutput where Self == S.FormatInput, S : FormatStyle
s:Sz10FoundationE9formattedy12FormatOutputQyd__qd__AA0C5StyleRd__Sz0C5InputRpd__lF::SYNTHESIZED::s:Si	swift.method	formatted(_:)	Int.formatted(_:)	func formatted<S>(_ format: S) -> S.FormatOutput where S : FormatStyle, S.FormatInput : BinaryInteger
s:Sz10FoundationE9formattedy12FormatOutputQyd__qd__AA0C5StyleRd__Sz0C5InputRpd__lF::SYNTHESIZED::s:Su	swift.method	formatted(_:)	UInt.formatted(_:)	func formatted<S>(_ format: S) -> S.FormatOutput where S : FormatStyle, S.FormatInput : BinaryInteger
s:Sz10FoundationE9formattedy12FormatOutputQyd__qd__AA0C5StyleRd__Sz0C5InputRpd__lF::SYNTHESIZED::s:s4Int8V	swift.method	formatted(_:)	Int8.formatted(_:)	func formatted<S>(_ format: S) -> S.FormatOutput where S : FormatStyle, S.FormatInput : BinaryInteger
s:Sz10FoundationE9formattedy12FormatOutputQyd__qd__AA0C5StyleRd__Sz0C5InputRpd__lF::SYNTHESIZED::s:s5Int16V	swift.method	formatted(_:)	Int16.formatted(_:)	func formatted<S>(_ format: S) -> S.FormatOutput where S : FormatStyle, S.FormatInput : BinaryInteger
s:Sz10FoundationE9formattedy12FormatOutputQyd__qd__AA0C5StyleRd__Sz0C5InputRpd__lF::SYNTHESIZED::s:s5Int32V	swift.method	formatted(_:)	Int32.formatted(_:)	func formatted<S>(_ format: S) -> S.FormatOutput where S : FormatStyle, S.FormatInput : BinaryInteger
s:Sz10FoundationE9formattedy12FormatOutputQyd__qd__AA0C5StyleRd__Sz0C5InputRpd__lF::SYNTHESIZED::s:s5Int64V	swift.method	formatted(_:)	Int64.formatted(_:)	func formatted<S>(_ format: S) -> S.FormatOutput where S : FormatStyle, S.FormatInput : BinaryInteger
s:Sz10FoundationE9formattedy12FormatOutputQyd__qd__AA0C5StyleRd__Sz0C5InputRpd__lF::SYNTHESIZED::s:s5UInt8V	swift.method	formatted(_:)	UInt8.formatted(_:)	func formatted<S>(_ format: S) -> S.FormatOutput where S : FormatStyle, S.FormatInput : BinaryInteger
s:Sz10FoundationE9formattedy12FormatOutputQyd__qd__AA0C5StyleRd__Sz0C5InputRpd__lF::SYNTHESIZED::s:s6UInt16V	swift.method	formatted(_:)	UInt16.formatted(_:)	func formatted<S>(_ format: S) -> S.FormatOutput where S : FormatStyle, S.FormatInput : BinaryInteger
s:Sz10FoundationE9formattedy12FormatOutputQyd__qd__AA0C5StyleRd__Sz0C5InputRpd__lF::SYNTHESIZED::s:s6UInt32V	swift.method	formatted(_:)	UInt32.formatted(_:)	func formatted<S>(_ format: S) -> S.FormatOutput where S : FormatStyle, S.FormatInput : BinaryInteger
s:Sz10FoundationE9formattedy12FormatOutputQyd__qd__AA0C5StyleRd__Sz0C5InputRpd__lF::SYNTHESIZED::s:s6UInt64V	swift.method	formatted(_:)	UInt64.formatted(_:)	func formatted<S>(_ format: S) -> S.FormatOutput where S : FormatStyle, S.FormatInput : BinaryInteger
s:Sz10FoundationE_6format7lenientxSS_AA18IntegerFormatStyleV7PercentVyx_GSbtKcfc::SYNTHESIZED::s:Si	swift.init	init(_:format:lenient:)	Int.init(_:format:lenient:)	init(_ value: String, format: IntegerFormatStyle<Self>.Percent, lenient: Bool = true) throws
s:Sz10FoundationE_6format7lenientxSS_AA18IntegerFormatStyleV7PercentVyx_GSbtKcfc::SYNTHESIZED::s:Su	swift.init	init(_:format:lenient:)	UInt.init(_:format:lenient:)	init(_ value: String, format: IntegerFormatStyle<Self>.Percent, lenient: Bool = true) throws
s:Sz10FoundationE_6format7lenientxSS_AA18IntegerFormatStyleV7PercentVyx_GSbtKcfc::SYNTHESIZED::s:s4Int8V	swift.init	init(_:format:lenient:)	Int8.init(_:format:lenient:)	init(_ value: String, format: IntegerFormatStyle<Self>.Percent, lenient: Bool = true) throws
s:Sz10FoundationE_6format7lenientxSS_AA18IntegerFormatStyleV7PercentVyx_GSbtKcfc::SYNTHESIZED::s:s5Int16V	swift.init	init(_:format:lenient:)	Int16.init(_:format:lenient:)	init(_ value: String, format: IntegerFormatStyle<Self>.Percent, lenient: Bool = true) throws
s:Sz10FoundationE_6format7lenientxSS_AA18IntegerFormatStyleV7PercentVyx_GSbtKcfc::SYNTHESIZED::s:s5Int32V	swift.init	init(_:format:lenient:)	Int32.init(_:format:lenient:)	init(_ value: String, format: IntegerFormatStyle<Self>.Percent, lenient: Bool = true) throws
s:Sz10FoundationE_6format7lenientxSS_AA18IntegerFormatStyleV7PercentVyx_GSbtKcfc::SYNTHESIZED::s:s5Int64V	swift.init	init(_:format:lenient:)	Int64.init(_:format:lenient:)	init(_ value: String, format: IntegerFormatStyle<Self>.Percent, lenient: Bool = true) throws
s:Sz10FoundationE_6format7lenientxSS_AA18IntegerFormatStyleV7PercentVyx_GSbtKcfc::SYNTHESIZED::s:s5UInt8V	swift.init	init(_:format:lenient:)	UInt8.init(_:format:lenient:)	init(_ value: String, format: IntegerFormatStyle<Self>.Percent, lenient: Bool = true) throws
s:Sz10FoundationE_6format7lenientxSS_AA18IntegerFormatStyleV7PercentVyx_GSbtKcfc::SYNTHESIZED::s:s6UInt16V	swift.init	init(_:format:lenient:)	UInt16.init(_:format:lenient:)	init(_ value: String, format: IntegerFormatStyle<Self>.Percent, lenient: Bool = true) throws
s:Sz10FoundationE_6format7lenientxSS_AA18IntegerFormatStyleV7PercentVyx_GSbtKcfc::SYNTHESIZED::s:s6UInt32V	swift.init	init(_:format:lenient:)	UInt32.init(_:format:lenient:)	init(_ value: String, format: IntegerFormatStyle<Self>.Percent, lenient: Bool = true) throws
s:Sz10FoundationE_6format7lenientxSS_AA18IntegerFormatStyleV7PercentVyx_GSbtKcfc::SYNTHESIZED::s:s6UInt64V	swift.init	init(_:format:lenient:)	UInt64.init(_:format:lenient:)	init(_ value: String, format: IntegerFormatStyle<Self>.Percent, lenient: Bool = true) throws
s:Sz10FoundationE_6format7lenientxSS_AA18IntegerFormatStyleV8CurrencyVyx_GSbtKcfc::SYNTHESIZED::s:Si	swift.init	init(_:format:lenient:)	Int.init(_:format:lenient:)	init(_ value: String, format: IntegerFormatStyle<Self>.Currency, lenient: Bool = true) throws
s:Sz10FoundationE_6format7lenientxSS_AA18IntegerFormatStyleV8CurrencyVyx_GSbtKcfc::SYNTHESIZED::s:Su	swift.init	init(_:format:lenient:)	UInt.init(_:format:lenient:)	init(_ value: String, format: IntegerFormatStyle<Self>.Currency, lenient: Bool = true) throws
s:Sz10FoundationE_6format7lenientxSS_AA18IntegerFormatStyleV8CurrencyVyx_GSbtKcfc::SYNTHESIZED::s:s4Int8V	swift.init	init(_:format:lenient:)	Int8.init(_:format:lenient:)	init(_ value: String, format: IntegerFormatStyle<Self>.Currency, lenient: Bool = true) throws
s:Sz10FoundationE_6format7lenientxSS_AA18IntegerFormatStyleV8CurrencyVyx_GSbtKcfc::SYNTHESIZED::s:s5Int16V	swift.init	init(_:format:lenient:)	Int16.init(_:format:lenient:)	init(_ value: String, format: IntegerFormatStyle<Self>.Currency, lenient: Bool = true) throws
s:Sz10FoundationE_6format7lenientxSS_AA18IntegerFormatStyleV8CurrencyVyx_GSbtKcfc::SYNTHESIZED::s:s5Int32V	swift.init	init(_:format:lenient:)	Int32.init(_:format:lenient:)	init(_ value: String, format: IntegerFormatStyle<Self>.Currency, lenient: Bool = true) throws
s:Sz10FoundationE_6format7lenientxSS_AA18IntegerFormatStyleV8CurrencyVyx_GSbtKcfc::SYNTHESIZED::s:s5Int64V	swift.init	init(_:format:lenient:)	Int64.init(_:format:lenient:)	init(_ value: String, format: IntegerFormatStyle<Self>.Currency, lenient: Bool = true) throws
s:Sz10FoundationE_6format7lenientxSS_AA18IntegerFormatStyleV8CurrencyVyx_GSbtKcfc::SYNTHESIZED::s:s5UInt8V	swift.init	init(_:format:lenient:)	UInt8.init(_:format:lenient:)	init(_ value: String, format: IntegerFormatStyle<Self>.Currency, lenient: Bool = true) throws
s:Sz10FoundationE_6format7lenientxSS_AA18IntegerFormatStyleV8CurrencyVyx_GSbtKcfc::SYNTHESIZED::s:s6UInt16V	swift.init	init(_:format:lenient:)	UInt16.init(_:format:lenient:)	init(_ value: String, format: IntegerFormatStyle<Self>.Currency, lenient: Bool = true) throws
s:Sz10FoundationE_6format7lenientxSS_AA18IntegerFormatStyleV8CurrencyVyx_GSbtKcfc::SYNTHESIZED::s:s6UInt32V	swift.init	init(_:format:lenient:)	UInt32.init(_:format:lenient:)	init(_ value: String, format: IntegerFormatStyle<Self>.Currency, lenient: Bool = true) throws
s:Sz10FoundationE_6format7lenientxSS_AA18IntegerFormatStyleV8CurrencyVyx_GSbtKcfc::SYNTHESIZED::s:s6UInt64V	swift.init	init(_:format:lenient:)	UInt64.init(_:format:lenient:)	init(_ value: String, format: IntegerFormatStyle<Self>.Currency, lenient: Bool = true) throws
s:Sz10FoundationE_6format7lenientxSS_AA18IntegerFormatStyleVyxGSbtKcfc::SYNTHESIZED::s:Si	swift.init	init(_:format:lenient:)	Int.init(_:format:lenient:)	init(_ value: String, format: IntegerFormatStyle<Self>, lenient: Bool = true) throws
s:Sz10FoundationE_6format7lenientxSS_AA18IntegerFormatStyleVyxGSbtKcfc::SYNTHESIZED::s:Su	swift.init	init(_:format:lenient:)	UInt.init(_:format:lenient:)	init(_ value: String, format: IntegerFormatStyle<Self>, lenient: Bool = true) throws
s:Sz10FoundationE_6format7lenientxSS_AA18IntegerFormatStyleVyxGSbtKcfc::SYNTHESIZED::s:s4Int8V	swift.init	init(_:format:lenient:)	Int8.init(_:format:lenient:)	init(_ value: String, format: IntegerFormatStyle<Self>, lenient: Bool = true) throws
s:Sz10FoundationE_6format7lenientxSS_AA18IntegerFormatStyleVyxGSbtKcfc::SYNTHESIZED::s:s5Int16V	swift.init	init(_:format:lenient:)	Int16.init(_:format:lenient:)	init(_ value: String, format: IntegerFormatStyle<Self>, lenient: Bool = true) throws
s:Sz10FoundationE_6format7lenientxSS_AA18IntegerFormatStyleVyxGSbtKcfc::SYNTHESIZED::s:s5Int32V	swift.init	init(_:format:lenient:)	Int32.init(_:format:lenient:)	init(_ value: String, format: IntegerFormatStyle<Self>, lenient: Bool = true) throws
s:Sz10FoundationE_6format7lenientxSS_AA18IntegerFormatStyleVyxGSbtKcfc::SYNTHESIZED::s:s5Int64V	swift.init	init(_:format:lenient:)	Int64.init(_:format:lenient:)	init(_ value: String, format: IntegerFormatStyle<Self>, lenient: Bool = true) throws
s:Sz10FoundationE_6format7lenientxSS_AA18IntegerFormatStyleVyxGSbtKcfc::SYNTHESIZED::s:s5UInt8V	swift.init	init(_:format:lenient:)	UInt8.init(_:format:lenient:)	init(_ value: String, format: IntegerFormatStyle<Self>, lenient: Bool = true) throws
s:Sz10FoundationE_6format7lenientxSS_AA18IntegerFormatStyleVyxGSbtKcfc::SYNTHESIZED::s:s6UInt16V	swift.init	init(_:format:lenient:)	UInt16.init(_:format:lenient:)	init(_ value: String, format: IntegerFormatStyle<Self>, lenient: Bool = true) throws
s:Sz10FoundationE_6format7lenientxSS_AA18IntegerFormatStyleVyxGSbtKcfc::SYNTHESIZED::s:s6UInt32V	swift.init	init(_:format:lenient:)	UInt32.init(_:format:lenient:)	init(_ value: String, format: IntegerFormatStyle<Self>, lenient: Bool = true) throws
s:Sz10FoundationE_6format7lenientxSS_AA18IntegerFormatStyleVyxGSbtKcfc::SYNTHESIZED::s:s6UInt64V	swift.init	init(_:format:lenient:)	UInt64.init(_:format:lenient:)	init(_ value: String, format: IntegerFormatStyle<Self>, lenient: Bool = true) throws
s:Sz10FoundationE_8strategyx10ParseInputQyd___qd__tKc0C6OutputQyd__RszAA0C8StrategyRd__lufc::SYNTHESIZED::s:Si	swift.init	init(_:strategy:)	Int.init(_:strategy:)	init<S>(_ value: S.ParseInput, strategy: S) throws where Self == S.ParseOutput, S : ParseStrategy
s:Sz10FoundationE_8strategyx10ParseInputQyd___qd__tKc0C6OutputQyd__RszAA0C8StrategyRd__lufc::SYNTHESIZED::s:Su	swift.init	init(_:strategy:)	UInt.init(_:strategy:)	init<S>(_ value: S.ParseInput, strategy: S) throws where Self == S.ParseOutput, S : ParseStrategy
s:Sz10FoundationE_8strategyx10ParseInputQyd___qd__tKc0C6OutputQyd__RszAA0C8StrategyRd__lufc::SYNTHESIZED::s:s4Int8V	swift.init	init(_:strategy:)	Int8.init(_:strategy:)	init<S>(_ value: S.ParseInput, strategy: S) throws where Self == S.ParseOutput, S : ParseStrategy
s:Sz10FoundationE_8strategyx10ParseInputQyd___qd__tKc0C6OutputQyd__RszAA0C8StrategyRd__lufc::SYNTHESIZED::s:s5Int16V	swift.init	init(_:strategy:)	Int16.init(_:strategy:)	init<S>(_ value: S.ParseInput, strategy: S) throws where Self == S.ParseOutput, S : ParseStrategy
s:Sz10FoundationE_8strategyx10ParseInputQyd___qd__tKc0C6OutputQyd__RszAA0C8StrategyRd__lufc::SYNTHESIZED::s:s5Int32V	swift.init	init(_:strategy:)	Int32.init(_:strategy:)	init<S>(_ value: S.ParseInput, strategy: S) throws where Self == S.ParseOutput, S : ParseStrategy
s:Sz10FoundationE_8strategyx10ParseInputQyd___qd__tKc0C6OutputQyd__RszAA0C8StrategyRd__lufc::SYNTHESIZED::s:s5Int64V	swift.init	init(_:strategy:)	Int64.init(_:strategy:)	init<S>(_ value: S.ParseInput, strategy: S) throws where Self == S.ParseOutput, S : ParseStrategy
s:Sz10FoundationE_8strategyx10ParseInputQyd___qd__tKc0C6OutputQyd__RszAA0C8StrategyRd__lufc::SYNTHESIZED::s:s5UInt8V	swift.init	init(_:strategy:)	UInt8.init(_:strategy:)	init<S>(_ value: S.ParseInput, strategy: S) throws where Self == S.ParseOutput, S : ParseStrategy
s:Sz10FoundationE_8strategyx10ParseInputQyd___qd__tKc0C6OutputQyd__RszAA0C8StrategyRd__lufc::SYNTHESIZED::s:s6UInt16V	swift.init	init(_:strategy:)	UInt16.init(_:strategy:)	init<S>(_ value: S.ParseInput, strategy: S) throws where Self == S.ParseOutput, S : ParseStrategy
s:Sz10FoundationE_8strategyx10ParseInputQyd___qd__tKc0C6OutputQyd__RszAA0C8StrategyRd__lufc::SYNTHESIZED::s:s6UInt32V	swift.init	init(_:strategy:)	UInt32.init(_:strategy:)	init<S>(_ value: S.ParseInput, strategy: S) throws where Self == S.ParseOutput, S : ParseStrategy
s:Sz10FoundationE_8strategyx10ParseInputQyd___qd__tKc0C6OutputQyd__RszAA0C8StrategyRd__lufc::SYNTHESIZED::s:s6UInt64V	swift.init	init(_:strategy:)	UInt64.init(_:strategy:)	init<S>(_ value: S.ParseInput, strategy: S) throws where Self == S.ParseOutput, S : ParseStrategy
s:Sz10FoundationE_8strategyx10ParseInputQyd___qd__tKcAA0C8StrategyRd__Sz0C6OutputRpd__lufc::SYNTHESIZED::s:Si	swift.init	init(_:strategy:)	Int.init(_:strategy:)	init<S>(_ value: S.ParseInput, strategy: S) throws where S : ParseStrategy, S.ParseOutput : BinaryInteger
s:Sz10FoundationE_8strategyx10ParseInputQyd___qd__tKcAA0C8StrategyRd__Sz0C6OutputRpd__lufc::SYNTHESIZED::s:Su	swift.init	init(_:strategy:)	UInt.init(_:strategy:)	init<S>(_ value: S.ParseInput, strategy: S) throws where S : ParseStrategy, S.ParseOutput : BinaryInteger
s:Sz10FoundationE_8strategyx10ParseInputQyd___qd__tKcAA0C8StrategyRd__Sz0C6OutputRpd__lufc::SYNTHESIZED::s:s4Int8V	swift.init	init(_:strategy:)	Int8.init(_:strategy:)	init<S>(_ value: S.ParseInput, strategy: S) throws where S : ParseStrategy, S.ParseOutput : BinaryInteger
s:Sz10FoundationE_8strategyx10ParseInputQyd___qd__tKcAA0C8StrategyRd__Sz0C6OutputRpd__lufc::SYNTHESIZED::s:s5Int16V	swift.init	init(_:strategy:)	Int16.init(_:strategy:)	init<S>(_ value: S.ParseInput, strategy: S) throws where S : ParseStrategy, S.ParseOutput : BinaryInteger
s:Sz10FoundationE_8strategyx10ParseInputQyd___qd__tKcAA0C8StrategyRd__Sz0C6OutputRpd__lufc::SYNTHESIZED::s:s5Int32V	swift.init	init(_:strategy:)	Int32.init(_:strategy:)	init<S>(_ value: S.ParseInput, strategy: S) throws where S : ParseStrategy, S.ParseOutput : BinaryInteger
s:Sz10FoundationE_8strategyx10ParseInputQyd___qd__tKcAA0C8StrategyRd__Sz0C6OutputRpd__lufc::SYNTHESIZED::s:s5Int64V	swift.init	init(_:strategy:)	Int64.init(_:strategy:)	init<S>(_ value: S.ParseInput, strategy: S) throws where S : ParseStrategy, S.ParseOutput : BinaryInteger
s:Sz10FoundationE_8strategyx10ParseInputQyd___qd__tKcAA0C8StrategyRd__Sz0C6OutputRpd__lufc::SYNTHESIZED::s:s5UInt8V	swift.init	init(_:strategy:)	UInt8.init(_:strategy:)	init<S>(_ value: S.ParseInput, strategy: S) throws where S : ParseStrategy, S.ParseOutput : BinaryInteger
s:Sz10FoundationE_8strategyx10ParseInputQyd___qd__tKcAA0C8StrategyRd__Sz0C6OutputRpd__lufc::SYNTHESIZED::s:s6UInt16V	swift.init	init(_:strategy:)	UInt16.init(_:strategy:)	init<S>(_ value: S.ParseInput, strategy: S) throws where S : ParseStrategy, S.ParseOutput : BinaryInteger
s:Sz10FoundationE_8strategyx10ParseInputQyd___qd__tKcAA0C8StrategyRd__Sz0C6OutputRpd__lufc::SYNTHESIZED::s:s6UInt32V	swift.init	init(_:strategy:)	UInt32.init(_:strategy:)	init<S>(_ value: S.ParseInput, strategy: S) throws where S : ParseStrategy, S.ParseOutput : BinaryInteger
s:Sz10FoundationE_8strategyx10ParseInputQyd___qd__tKcAA0C8StrategyRd__Sz0C6OutputRpd__lufc::SYNTHESIZED::s:s6UInt64V	swift.init	init(_:strategy:)	UInt64.init(_:strategy:)	init<S>(_ value: S.ParseInput, strategy: S) throws where S : ParseStrategy, S.ParseOutput : BinaryInteger
s:SzsE10isMultiple2ofSbx_tF::SYNTHESIZED::s:Su	swift.method	isMultiple(of:)	UInt.isMultiple(of:)	func isMultiple(of other: Self) -> Bool
s:SzsE10isMultiple2ofSbx_tF::SYNTHESIZED::s:s5UInt8V	swift.method	isMultiple(of:)	UInt8.isMultiple(of:)	func isMultiple(of other: Self) -> Bool
s:SzsE10isMultiple2ofSbx_tF::SYNTHESIZED::s:s6UInt16V	swift.method	isMultiple(of:)	UInt16.isMultiple(of:)	func isMultiple(of other: Self) -> Bool
s:SzsE10isMultiple2ofSbx_tF::SYNTHESIZED::s:s6UInt32V	swift.method	isMultiple(of:)	UInt32.isMultiple(of:)	func isMultiple(of other: Self) -> Bool
s:SzsE10isMultiple2ofSbx_tF::SYNTHESIZED::s:s6UInt64V	swift.method	isMultiple(of:)	UInt64.isMultiple(of:)	func isMultiple(of other: Self) -> Bool
s:SzsE11descriptionSSvp::SYNTHESIZED::s:Si	swift.property	description	Int.description	var description: String { get }
s:SzsE11descriptionSSvp::SYNTHESIZED::s:Su	swift.property	description	UInt.description	var description: String { get }
s:SzsE11descriptionSSvp::SYNTHESIZED::s:s4Int8V	swift.property	description	Int8.description	var description: String { get }
s:SzsE11descriptionSSvp::SYNTHESIZED::s:s5Int16V	swift.property	description	Int16.description	var description: String { get }
s:SzsE11descriptionSSvp::SYNTHESIZED::s:s5Int32V	swift.property	description	Int32.description	var description: String { get }
s:SzsE11descriptionSSvp::SYNTHESIZED::s:s5Int64V	swift.property	description	Int64.description	var description: String { get }
s:SzsE11descriptionSSvp::SYNTHESIZED::s:s5UInt8V	swift.property	description	UInt8.description	var description: String { get }
s:SzsE11descriptionSSvp::SYNTHESIZED::s:s6UInt16V	swift.property	description	UInt16.description	var description: String { get }
s:SzsE11descriptionSSvp::SYNTHESIZED::s:s6UInt32V	swift.property	description	UInt32.description	var description: String { get }
s:SzsE11descriptionSSvp::SYNTHESIZED::s:s6UInt64V	swift.property	description	UInt64.description	var description: String { get }
s:SzsE1aoiyxx_xtFZ::SYNTHESIZED::s:Si	swift.func.op	&(_:_:)	Int.&(_:_:)	static func & (lhs: Self, rhs: Self) -> Self
s:SzsE1aoiyxx_xtFZ::SYNTHESIZED::s:Su	swift.func.op	&(_:_:)	UInt.&(_:_:)	static func & (lhs: Self, rhs: Self) -> Self
s:SzsE1aoiyxx_xtFZ::SYNTHESIZED::s:s4Int8V	swift.func.op	&(_:_:)	Int8.&(_:_:)	static func & (lhs: Self, rhs: Self) -> Self
s:SzsE1aoiyxx_xtFZ::SYNTHESIZED::s:s5Int16V	swift.func.op	&(_:_:)	Int16.&(_:_:)	static func & (lhs: Self, rhs: Self) -> Self
s:SzsE1aoiyxx_xtFZ::SYNTHESIZED::s:s5Int32V	swift.func.op	&(_:_:)	Int32.&(_:_:)	static func & (lhs: Self, rhs: Self) -> Self
s:SzsE1aoiyxx_xtFZ::SYNTHESIZED::s:s5Int64V	swift.func.op	&(_:_:)	Int64.&(_:_:)	static func & (lhs: Self, rhs: Self) -> Self
s:SzsE1aoiyxx_xtFZ::SYNTHESIZED::s:s5UInt8V	swift.func.op	&(_:_:)	UInt8.&(_:_:)	static func & (lhs: Self, rhs: Self) -> Self
s:SzsE1aoiyxx_xtFZ::SYNTHESIZED::s:s6UInt16V	swift.func.op	&(_:_:)	UInt16.&(_:_:)	static func & (lhs: Self, rhs: Self) -> Self
s:SzsE1aoiyxx_xtFZ::SYNTHESIZED::s:s6UInt32V	swift.func.op	&(_:_:)	UInt32.&(_:_:)	static func & (lhs: Self, rhs: Self) -> Self
s:SzsE1aoiyxx_xtFZ::SYNTHESIZED::s:s6UInt64V	swift.func.op	&(_:_:)	UInt64.&(_:_:)	static func & (lhs: Self, rhs: Self) -> Self
s:SzsE1goiySbx_qd__tSzRd__lFZ::SYNTHESIZED::s:Si	swift.func.op	>(_:_:)	Int.>(_:_:)	static func > <Other>(lhs: Self, rhs: Other) -> Bool where Other : BinaryInteger
s:SzsE1goiySbx_qd__tSzRd__lFZ::SYNTHESIZED::s:Su	swift.func.op	>(_:_:)	UInt.>(_:_:)	static func > <Other>(lhs: Self, rhs: Other) -> Bool where Other : BinaryInteger
s:SzsE1goiySbx_qd__tSzRd__lFZ::SYNTHESIZED::s:s4Int8V	swift.func.op	>(_:_:)	Int8.>(_:_:)	static func > <Other>(lhs: Self, rhs: Other) -> Bool where Other : BinaryInteger
s:SzsE1goiySbx_qd__tSzRd__lFZ::SYNTHESIZED::s:s5Int16V	swift.func.op	>(_:_:)	Int16.>(_:_:)	static func > <Other>(lhs: Self, rhs: Other) -> Bool where Other : BinaryInteger
s:SzsE1goiySbx_qd__tSzRd__lFZ::SYNTHESIZED::s:s5Int32V	swift.func.op	>(_:_:)	Int32.>(_:_:)	static func > <Other>(lhs: Self, rhs: Other) -> Bool where Other : BinaryInteger
s:SzsE1goiySbx_qd__tSzRd__lFZ::SYNTHESIZED::s:s5Int64V	swift.func.op	>(_:_:)	Int64.>(_:_:)	static func > <Other>(lhs: Self, rhs: Other) -> Bool where Other : BinaryInteger
s:SzsE1goiySbx_qd__tSzRd__lFZ::SYNTHESIZED::s:s5UInt8V	swift.func.op	>(_:_:)	UInt8.>(_:_:)	static func > <Other>(lhs: Self, rhs: Other) -> Bool where Other : BinaryInteger
s:SzsE1goiySbx_qd__tSzRd__lFZ::SYNTHESIZED::s:s6UInt16V	swift.func.op	>(_:_:)	UInt16.>(_:_:)	static func > <Other>(lhs: Self, rhs: Other) -> Bool where Other : BinaryInteger
s:SzsE1goiySbx_qd__tSzRd__lFZ::SYNTHESIZED::s:s6UInt32V	swift.func.op	>(_:_:)	UInt32.>(_:_:)	static func > <Other>(lhs: Self, rhs: Other) -> Bool where Other : BinaryInteger
s:SzsE1goiySbx_qd__tSzRd__lFZ::SYNTHESIZED::s:s6UInt64V	swift.func.op	>(_:_:)	UInt64.>(_:_:)	static func > <Other>(lhs: Self, rhs: Other) -> Bool where Other : BinaryInteger
s:SzsE1goiySbx_xtFZ::SYNTHESIZED::s:Si	swift.func.op	>(_:_:)	Int.>(_:_:)	static func > (lhs: Self, rhs: Self) -> Bool
s:SzsE1goiySbx_xtFZ::SYNTHESIZED::s:Su	swift.func.op	>(_:_:)	UInt.>(_:_:)	static func > (lhs: Self, rhs: Self) -> Bool
s:SzsE1goiySbx_xtFZ::SYNTHESIZED::s:s4Int8V	swift.func.op	>(_:_:)	Int8.>(_:_:)	static func > (lhs: Self, rhs: Self) -> Bool
s:SzsE1goiySbx_xtFZ::SYNTHESIZED::s:s5Int16V	swift.func.op	>(_:_:)	Int16.>(_:_:)	static func > (lhs: Self, rhs: Self) -> Bool
s:SzsE1goiySbx_xtFZ::SYNTHESIZED::s:s5Int32V	swift.func.op	>(_:_:)	Int32.>(_:_:)	static func > (lhs: Self, rhs: Self) -> Bool
s:SzsE1goiySbx_xtFZ::SYNTHESIZED::s:s5Int64V	swift.func.op	>(_:_:)	Int64.>(_:_:)	static func > (lhs: Self, rhs: Self) -> Bool
s:SzsE1goiySbx_xtFZ::SYNTHESIZED::s:s5UInt8V	swift.func.op	>(_:_:)	UInt8.>(_:_:)	static func > (lhs: Self, rhs: Self) -> Bool
s:SzsE1goiySbx_xtFZ::SYNTHESIZED::s:s6UInt16V	swift.func.op	>(_:_:)	UInt16.>(_:_:)	static func > (lhs: Self, rhs: Self) -> Bool
s:SzsE1goiySbx_xtFZ::SYNTHESIZED::s:s6UInt32V	swift.func.op	>(_:_:)	UInt32.>(_:_:)	static func > (lhs: Self, rhs: Self) -> Bool
s:SzsE1goiySbx_xtFZ::SYNTHESIZED::s:s6UInt64V	swift.func.op	>(_:_:)	UInt64.>(_:_:)	static func > (lhs: Self, rhs: Self) -> Bool
s:SzsE1loiySbx_qd__tSzRd__lFZ::SYNTHESIZED::s:Si	swift.func.op	<(_:_:)	Int.<(_:_:)	static func < <Other>(lhs: Self, rhs: Other) -> Bool where Other : BinaryInteger
s:SzsE1loiySbx_qd__tSzRd__lFZ::SYNTHESIZED::s:Su	swift.func.op	<(_:_:)	UInt.<(_:_:)	static func < <Other>(lhs: Self, rhs: Other) -> Bool where Other : BinaryInteger
s:SzsE1loiySbx_qd__tSzRd__lFZ::SYNTHESIZED::s:s4Int8V	swift.func.op	<(_:_:)	Int8.<(_:_:)	static func < <Other>(lhs: Self, rhs: Other) -> Bool where Other : BinaryInteger
s:SzsE1loiySbx_qd__tSzRd__lFZ::SYNTHESIZED::s:s5Int16V	swift.func.op	<(_:_:)	Int16.<(_:_:)	static func < <Other>(lhs: Self, rhs: Other) -> Bool where Other : BinaryInteger
s:SzsE1loiySbx_qd__tSzRd__lFZ::SYNTHESIZED::s:s5Int32V	swift.func.op	<(_:_:)	Int32.<(_:_:)	static func < <Other>(lhs: Self, rhs: Other) -> Bool where Other : BinaryInteger
s:SzsE1loiySbx_qd__tSzRd__lFZ::SYNTHESIZED::s:s5Int64V	swift.func.op	<(_:_:)	Int64.<(_:_:)	static func < <Other>(lhs: Self, rhs: Other) -> Bool where Other : BinaryInteger
s:SzsE1loiySbx_qd__tSzRd__lFZ::SYNTHESIZED::s:s5UInt8V	swift.func.op	<(_:_:)	UInt8.<(_:_:)	static func < <Other>(lhs: Self, rhs: Other) -> Bool where Other : BinaryInteger
s:SzsE1loiySbx_qd__tSzRd__lFZ::SYNTHESIZED::s:s6UInt16V	swift.func.op	<(_:_:)	UInt16.<(_:_:)	static func < <Other>(lhs: Self, rhs: Other) -> Bool where Other : BinaryInteger
s:SzsE1loiySbx_qd__tSzRd__lFZ::SYNTHESIZED::s:s6UInt32V	swift.func.op	<(_:_:)	UInt32.<(_:_:)	static func < <Other>(lhs: Self, rhs: Other) -> Bool where Other : BinaryInteger
s:SzsE1loiySbx_qd__tSzRd__lFZ::SYNTHESIZED::s:s6UInt64V	swift.func.op	<(_:_:)	UInt64.<(_:_:)	static func < <Other>(lhs: Self, rhs: Other) -> Bool where Other : BinaryInteger
s:SzsE1ooiyxx_xtFZ::SYNTHESIZED::s:Si	swift.func.op	|(_:_:)	Int.|(_:_:)	static func | (lhs: Self, rhs: Self) -> Self
s:SzsE1ooiyxx_xtFZ::SYNTHESIZED::s:Su	swift.func.op	|(_:_:)	UInt.|(_:_:)	static func | (lhs: Self, rhs: Self) -> Self
s:SzsE1ooiyxx_xtFZ::SYNTHESIZED::s:s4Int8V	swift.func.op	|(_:_:)	Int8.|(_:_:)	static func | (lhs: Self, rhs: Self) -> Self
s:SzsE1ooiyxx_xtFZ::SYNTHESIZED::s:s5Int16V	swift.func.op	|(_:_:)	Int16.|(_:_:)	static func | (lhs: Self, rhs: Self) -> Self
s:SzsE1ooiyxx_xtFZ::SYNTHESIZED::s:s5Int32V	swift.func.op	|(_:_:)	Int32.|(_:_:)	static func | (lhs: Self, rhs: Self) -> Self
s:SzsE1ooiyxx_xtFZ::SYNTHESIZED::s:s5Int64V	swift.func.op	|(_:_:)	Int64.|(_:_:)	static func | (lhs: Self, rhs: Self) -> Self
s:SzsE1ooiyxx_xtFZ::SYNTHESIZED::s:s5UInt8V	swift.func.op	|(_:_:)	UInt8.|(_:_:)	static func | (lhs: Self, rhs: Self) -> Self
s:SzsE1ooiyxx_xtFZ::SYNTHESIZED::s:s6UInt16V	swift.func.op	|(_:_:)	UInt16.|(_:_:)	static func | (lhs: Self, rhs: Self) -> Self
s:SzsE1ooiyxx_xtFZ::SYNTHESIZED::s:s6UInt32V	swift.func.op	|(_:_:)	UInt32.|(_:_:)	static func | (lhs: Self, rhs: Self) -> Self
s:SzsE1ooiyxx_xtFZ::SYNTHESIZED::s:s6UInt64V	swift.func.op	|(_:_:)	UInt64.|(_:_:)	static func | (lhs: Self, rhs: Self) -> Self
s:SzsE1xoiyxx_xtFZ::SYNTHESIZED::s:Si	swift.func.op	^(_:_:)	Int.^(_:_:)	static func ^ (lhs: Self, rhs: Self) -> Self
s:SzsE1xoiyxx_xtFZ::SYNTHESIZED::s:Su	swift.func.op	^(_:_:)	UInt.^(_:_:)	static func ^ (lhs: Self, rhs: Self) -> Self
s:SzsE1xoiyxx_xtFZ::SYNTHESIZED::s:s4Int8V	swift.func.op	^(_:_:)	Int8.^(_:_:)	static func ^ (lhs: Self, rhs: Self) -> Self
s:SzsE1xoiyxx_xtFZ::SYNTHESIZED::s:s5Int16V	swift.func.op	^(_:_:)	Int16.^(_:_:)	static func ^ (lhs: Self, rhs: Self) -> Self
s:SzsE1xoiyxx_xtFZ::SYNTHESIZED::s:s5Int32V	swift.func.op	^(_:_:)	Int32.^(_:_:)	static func ^ (lhs: Self, rhs: Self) -> Self
s:SzsE1xoiyxx_xtFZ::SYNTHESIZED::s:s5Int64V	swift.func.op	^(_:_:)	Int64.^(_:_:)	static func ^ (lhs: Self, rhs: Self) -> Self
s:SzsE1xoiyxx_xtFZ::SYNTHESIZED::s:s5UInt8V	swift.func.op	^(_:_:)	UInt8.^(_:_:)	static func ^ (lhs: Self, rhs: Self) -> Self
s:SzsE1xoiyxx_xtFZ::SYNTHESIZED::s:s6UInt16V	swift.func.op	^(_:_:)	UInt16.^(_:_:)	static func ^ (lhs: Self, rhs: Self) -> Self
s:SzsE1xoiyxx_xtFZ::SYNTHESIZED::s:s6UInt32V	swift.func.op	^(_:_:)	UInt32.^(_:_:)	static func ^ (lhs: Self, rhs: Self) -> Self
s:SzsE1xoiyxx_xtFZ::SYNTHESIZED::s:s6UInt64V	swift.func.op	^(_:_:)	UInt64.^(_:_:)	static func ^ (lhs: Self, rhs: Self) -> Self
s:SzsE20quotientAndRemainder10dividingByx0A0_x9remaindertx_tF::SYNTHESIZED::s:Si	swift.method	quotientAndRemainder(dividingBy:)	Int.quotientAndRemainder(dividingBy:)	func quotientAndRemainder(dividingBy rhs: Self) -> (quotient: Self, remainder: Self)
s:SzsE20quotientAndRemainder10dividingByx0A0_x9remaindertx_tF::SYNTHESIZED::s:Su	swift.method	quotientAndRemainder(dividingBy:)	UInt.quotientAndRemainder(dividingBy:)	func quotientAndRemainder(dividingBy rhs: Self) -> (quotient: Self, remainder: Self)
s:SzsE20quotientAndRemainder10dividingByx0A0_x9remaindertx_tF::SYNTHESIZED::s:s4Int8V	swift.method	quotientAndRemainder(dividingBy:)	Int8.quotientAndRemainder(dividingBy:)	func quotientAndRemainder(dividingBy rhs: Self) -> (quotient: Self, remainder: Self)
s:SzsE20quotientAndRemainder10dividingByx0A0_x9remaindertx_tF::SYNTHESIZED::s:s5Int16V	swift.method	quotientAndRemainder(dividingBy:)	Int16.quotientAndRemainder(dividingBy:)	func quotientAndRemainder(dividingBy rhs: Self) -> (quotient: Self, remainder: Self)
s:SzsE20quotientAndRemainder10dividingByx0A0_x9remaindertx_tF::SYNTHESIZED::s:s5Int32V	swift.method	quotientAndRemainder(dividingBy:)	Int32.quotientAndRemainder(dividingBy:)	func quotientAndRemainder(dividingBy rhs: Self) -> (quotient: Self, remainder: Self)
s:SzsE20quotientAndRemainder10dividingByx0A0_x9remaindertx_tF::SYNTHESIZED::s:s5Int64V	swift.method	quotientAndRemainder(dividingBy:)	Int64.quotientAndRemainder(dividingBy:)	func quotientAndRemainder(dividingBy rhs: Self) -> (quotient: Self, remainder: Self)
s:SzsE20quotientAndRemainder10dividingByx0A0_x9remaindertx_tF::SYNTHESIZED::s:s5UInt8V	swift.method	quotientAndRemainder(dividingBy:)	UInt8.quotientAndRemainder(dividingBy:)	func quotientAndRemainder(dividingBy rhs: Self) -> (quotient: Self, remainder: Self)
s:SzsE20quotientAndRemainder10dividingByx0A0_x9remaindertx_tF::SYNTHESIZED::s:s6UInt16V	swift.method	quotientAndRemainder(dividingBy:)	UInt16.quotientAndRemainder(dividingBy:)	func quotientAndRemainder(dividingBy rhs: Self) -> (quotient: Self, remainder: Self)
s:SzsE20quotientAndRemainder10dividingByx0A0_x9remaindertx_tF::SYNTHESIZED::s:s6UInt32V	swift.method	quotientAndRemainder(dividingBy:)	UInt32.quotientAndRemainder(dividingBy:)	func quotientAndRemainder(dividingBy rhs: Self) -> (quotient: Self, remainder: Self)
s:SzsE20quotientAndRemainder10dividingByx0A0_x9remaindertx_tF::SYNTHESIZED::s:s6UInt64V	swift.method	quotientAndRemainder(dividingBy:)	UInt64.quotientAndRemainder(dividingBy:)	func quotientAndRemainder(dividingBy rhs: Self) -> (quotient: Self, remainder: Self)
s:SzsE2eeoiySbx_qd__tSzRd__lFZ::SYNTHESIZED::s:Si	swift.func.op	==(_:_:)	Int.==(_:_:)	static func == <Other>(lhs: Self, rhs: Other) -> Bool where Other : BinaryInteger
s:SzsE2eeoiySbx_qd__tSzRd__lFZ::SYNTHESIZED::s:Su	swift.func.op	==(_:_:)	UInt.==(_:_:)	static func == <Other>(lhs: Self, rhs: Other) -> Bool where Other : BinaryInteger
s:SzsE2eeoiySbx_qd__tSzRd__lFZ::SYNTHESIZED::s:s4Int8V	swift.func.op	==(_:_:)	Int8.==(_:_:)	static func == <Other>(lhs: Self, rhs: Other) -> Bool where Other : BinaryInteger
s:SzsE2eeoiySbx_qd__tSzRd__lFZ::SYNTHESIZED::s:s5Int16V	swift.func.op	==(_:_:)	Int16.==(_:_:)	static func == <Other>(lhs: Self, rhs: Other) -> Bool where Other : BinaryInteger
s:SzsE2eeoiySbx_qd__tSzRd__lFZ::SYNTHESIZED::s:s5Int32V	swift.func.op	==(_:_:)	Int32.==(_:_:)	static func == <Other>(lhs: Self, rhs: Other) -> Bool where Other : BinaryInteger
s:SzsE2eeoiySbx_qd__tSzRd__lFZ::SYNTHESIZED::s:s5Int64V	swift.func.op	==(_:_:)	Int64.==(_:_:)	static func == <Other>(lhs: Self, rhs: Other) -> Bool where Other : BinaryInteger
s:SzsE2eeoiySbx_qd__tSzRd__lFZ::SYNTHESIZED::s:s5UInt8V	swift.func.op	==(_:_:)	UInt8.==(_:_:)	static func == <Other>(lhs: Self, rhs: Other) -> Bool where Other : BinaryInteger
s:SzsE2eeoiySbx_qd__tSzRd__lFZ::SYNTHESIZED::s:s6UInt16V	swift.func.op	==(_:_:)	UInt16.==(_:_:)	static func == <Other>(lhs: Self, rhs: Other) -> Bool where Other : BinaryInteger
s:SzsE2eeoiySbx_qd__tSzRd__lFZ::SYNTHESIZED::s:s6UInt32V	swift.func.op	==(_:_:)	UInt32.==(_:_:)	static func == <Other>(lhs: Self, rhs: Other) -> Bool where Other : BinaryInteger
s:SzsE2eeoiySbx_qd__tSzRd__lFZ::SYNTHESIZED::s:s6UInt64V	swift.func.op	==(_:_:)	UInt64.==(_:_:)	static func == <Other>(lhs: Self, rhs: Other) -> Bool where Other : BinaryInteger
s:SzsE2geoiySbx_qd__tSzRd__lFZ::SYNTHESIZED::s:Si	swift.func.op	>=(_:_:)	Int.>=(_:_:)	static func >= <Other>(lhs: Self, rhs: Other) -> Bool where Other : BinaryInteger
s:SzsE2geoiySbx_qd__tSzRd__lFZ::SYNTHESIZED::s:Su	swift.func.op	>=(_:_:)	UInt.>=(_:_:)	static func >= <Other>(lhs: Self, rhs: Other) -> Bool where Other : BinaryInteger
s:SzsE2geoiySbx_qd__tSzRd__lFZ::SYNTHESIZED::s:s4Int8V	swift.func.op	>=(_:_:)	Int8.>=(_:_:)	static func >= <Other>(lhs: Self, rhs: Other) -> Bool where Other : BinaryInteger
s:SzsE2geoiySbx_qd__tSzRd__lFZ::SYNTHESIZED::s:s5Int16V	swift.func.op	>=(_:_:)	Int16.>=(_:_:)	static func >= <Other>(lhs: Self, rhs: Other) -> Bool where Other : BinaryInteger
s:SzsE2geoiySbx_qd__tSzRd__lFZ::SYNTHESIZED::s:s5Int32V	swift.func.op	>=(_:_:)	Int32.>=(_:_:)	static func >= <Other>(lhs: Self, rhs: Other) -> Bool where Other : BinaryInteger
s:SzsE2geoiySbx_qd__tSzRd__lFZ::SYNTHESIZED::s:s5Int64V	swift.func.op	>=(_:_:)	Int64.>=(_:_:)	static func >= <Other>(lhs: Self, rhs: Other) -> Bool where Other : BinaryInteger
s:SzsE2geoiySbx_qd__tSzRd__lFZ::SYNTHESIZED::s:s5UInt8V	swift.func.op	>=(_:_:)	UInt8.>=(_:_:)	static func >= <Other>(lhs: Self, rhs: Other) -> Bool where Other : BinaryInteger
s:SzsE2geoiySbx_qd__tSzRd__lFZ::SYNTHESIZED::s:s6UInt16V	swift.func.op	>=(_:_:)	UInt16.>=(_:_:)	static func >= <Other>(lhs: Self, rhs: Other) -> Bool where Other : BinaryInteger
s:SzsE2geoiySbx_qd__tSzRd__lFZ::SYNTHESIZED::s:s6UInt32V	swift.func.op	>=(_:_:)	UInt32.>=(_:_:)	static func >= <Other>(lhs: Self, rhs: Other) -> Bool where Other : BinaryInteger
s:SzsE2geoiySbx_qd__tSzRd__lFZ::SYNTHESIZED::s:s6UInt64V	swift.func.op	>=(_:_:)	UInt64.>=(_:_:)	static func >= <Other>(lhs: Self, rhs: Other) -> Bool where Other : BinaryInteger
s:SzsE2geoiySbx_xtFZ::SYNTHESIZED::s:Si	swift.func.op	>=(_:_:)	Int.>=(_:_:)	static func >= (lhs: Self, rhs: Self) -> Bool
s:SzsE2geoiySbx_xtFZ::SYNTHESIZED::s:Su	swift.func.op	>=(_:_:)	UInt.>=(_:_:)	static func >= (lhs: Self, rhs: Self) -> Bool
s:SzsE2geoiySbx_xtFZ::SYNTHESIZED::s:s4Int8V	swift.func.op	>=(_:_:)	Int8.>=(_:_:)	static func >= (lhs: Self, rhs: Self) -> Bool
s:SzsE2geoiySbx_xtFZ::SYNTHESIZED::s:s5Int16V	swift.func.op	>=(_:_:)	Int16.>=(_:_:)	static func >= (lhs: Self, rhs: Self) -> Bool
s:SzsE2geoiySbx_xtFZ::SYNTHESIZED::s:s5Int32V	swift.func.op	>=(_:_:)	Int32.>=(_:_:)	static func >= (lhs: Self, rhs: Self) -> Bool
s:SzsE2geoiySbx_xtFZ::SYNTHESIZED::s:s5Int64V	swift.func.op	>=(_:_:)	Int64.>=(_:_:)	static func >= (lhs: Self, rhs: Self) -> Bool
s:SzsE2geoiySbx_xtFZ::SYNTHESIZED::s:s5UInt8V	swift.func.op	>=(_:_:)	UInt8.>=(_:_:)	static func >= (lhs: Self, rhs: Self) -> Bool
s:SzsE2geoiySbx_xtFZ::SYNTHESIZED::s:s6UInt16V	swift.func.op	>=(_:_:)	UInt16.>=(_:_:)	static func >= (lhs: Self, rhs: Self) -> Bool
s:SzsE2geoiySbx_xtFZ::SYNTHESIZED::s:s6UInt32V	swift.func.op	>=(_:_:)	UInt32.>=(_:_:)	static func >= (lhs: Self, rhs: Self) -> Bool
s:SzsE2geoiySbx_xtFZ::SYNTHESIZED::s:s6UInt64V	swift.func.op	>=(_:_:)	UInt64.>=(_:_:)	static func >= (lhs: Self, rhs: Self) -> Bool
s:SzsE2ggoiyxx_qd__tSzRd__lFZ::SYNTHESIZED::s:Si	swift.func.op	>>(_:_:)	Int.>>(_:_:)	static func >> <RHS>(lhs: Self, rhs: RHS) -> Self where RHS : BinaryInteger
s:SzsE2ggoiyxx_qd__tSzRd__lFZ::SYNTHESIZED::s:Su	swift.func.op	>>(_:_:)	UInt.>>(_:_:)	static func >> <RHS>(lhs: Self, rhs: RHS) -> Self where RHS : BinaryInteger
s:SzsE2ggoiyxx_qd__tSzRd__lFZ::SYNTHESIZED::s:s4Int8V	swift.func.op	>>(_:_:)	Int8.>>(_:_:)	static func >> <RHS>(lhs: Self, rhs: RHS) -> Self where RHS : BinaryInteger
s:SzsE2ggoiyxx_qd__tSzRd__lFZ::SYNTHESIZED::s:s5Int16V	swift.func.op	>>(_:_:)	Int16.>>(_:_:)	static func >> <RHS>(lhs: Self, rhs: RHS) -> Self where RHS : BinaryInteger
s:SzsE2ggoiyxx_qd__tSzRd__lFZ::SYNTHESIZED::s:s5Int32V	swift.func.op	>>(_:_:)	Int32.>>(_:_:)	static func >> <RHS>(lhs: Self, rhs: RHS) -> Self where RHS : BinaryInteger
s:SzsE2ggoiyxx_qd__tSzRd__lFZ::SYNTHESIZED::s:s5Int64V	swift.func.op	>>(_:_:)	Int64.>>(_:_:)	static func >> <RHS>(lhs: Self, rhs: RHS) -> Self where RHS : BinaryInteger
s:SzsE2ggoiyxx_qd__tSzRd__lFZ::SYNTHESIZED::s:s5UInt8V	swift.func.op	>>(_:_:)	UInt8.>>(_:_:)	static func >> <RHS>(lhs: Self, rhs: RHS) -> Self where RHS : BinaryInteger
s:SzsE2ggoiyxx_qd__tSzRd__lFZ::SYNTHESIZED::s:s6UInt16V	swift.func.op	>>(_:_:)	UInt16.>>(_:_:)	static func >> <RHS>(lhs: Self, rhs: RHS) -> Self where RHS : BinaryInteger
s:SzsE2ggoiyxx_qd__tSzRd__lFZ::SYNTHESIZED::s:s6UInt32V	swift.func.op	>>(_:_:)	UInt32.>>(_:_:)	static func >> <RHS>(lhs: Self, rhs: RHS) -> Self where RHS : BinaryInteger
s:SzsE2ggoiyxx_qd__tSzRd__lFZ::SYNTHESIZED::s:s6UInt64V	swift.func.op	>>(_:_:)	UInt64.>>(_:_:)	static func >> <RHS>(lhs: Self, rhs: RHS) -> Self where RHS : BinaryInteger
s:SzsE2leoiySbx_qd__tSzRd__lFZ::SYNTHESIZED::s:Si	swift.func.op	<=(_:_:)	Int.<=(_:_:)	static func <= <Other>(lhs: Self, rhs: Other) -> Bool where Other : BinaryInteger
s:SzsE2leoiySbx_qd__tSzRd__lFZ::SYNTHESIZED::s:Su	swift.func.op	<=(_:_:)	UInt.<=(_:_:)	static func <= <Other>(lhs: Self, rhs: Other) -> Bool where Other : BinaryInteger
s:SzsE2leoiySbx_qd__tSzRd__lFZ::SYNTHESIZED::s:s4Int8V	swift.func.op	<=(_:_:)	Int8.<=(_:_:)	static func <= <Other>(lhs: Self, rhs: Other) -> Bool where Other : BinaryInteger
s:SzsE2leoiySbx_qd__tSzRd__lFZ::SYNTHESIZED::s:s5Int16V	swift.func.op	<=(_:_:)	Int16.<=(_:_:)	static func <= <Other>(lhs: Self, rhs: Other) -> Bool where Other : BinaryInteger
s:SzsE2leoiySbx_qd__tSzRd__lFZ::SYNTHESIZED::s:s5Int32V	swift.func.op	<=(_:_:)	Int32.<=(_:_:)	static func <= <Other>(lhs: Self, rhs: Other) -> Bool where Other : BinaryInteger
s:SzsE2leoiySbx_qd__tSzRd__lFZ::SYNTHESIZED::s:s5Int64V	swift.func.op	<=(_:_:)	Int64.<=(_:_:)	static func <= <Other>(lhs: Self, rhs: Other) -> Bool where Other : BinaryInteger
s:SzsE2leoiySbx_qd__tSzRd__lFZ::SYNTHESIZED::s:s5UInt8V	swift.func.op	<=(_:_:)	UInt8.<=(_:_:)	static func <= <Other>(lhs: Self, rhs: Other) -> Bool where Other : BinaryInteger
s:SzsE2leoiySbx_qd__tSzRd__lFZ::SYNTHESIZED::s:s6UInt16V	swift.func.op	<=(_:_:)	UInt16.<=(_:_:)	static func <= <Other>(lhs: Self, rhs: Other) -> Bool where Other : BinaryInteger
s:SzsE2leoiySbx_qd__tSzRd__lFZ::SYNTHESIZED::s:s6UInt32V	swift.func.op	<=(_:_:)	UInt32.<=(_:_:)	static func <= <Other>(lhs: Self, rhs: Other) -> Bool where Other : BinaryInteger
s:SzsE2leoiySbx_qd__tSzRd__lFZ::SYNTHESIZED::s:s6UInt64V	swift.func.op	<=(_:_:)	UInt64.<=(_:_:)	static func <= <Other>(lhs: Self, rhs: Other) -> Bool where Other : BinaryInteger
s:SzsE2leoiySbx_xtFZ::SYNTHESIZED::s:Si	swift.func.op	<=(_:_:)	Int.<=(_:_:)	static func <= (lhs: Self, rhs: Self) -> Bool
s:SzsE2leoiySbx_xtFZ::SYNTHESIZED::s:Su	swift.func.op	<=(_:_:)	UInt.<=(_:_:)	static func <= (lhs: Self, rhs: Self) -> Bool
s:SzsE2leoiySbx_xtFZ::SYNTHESIZED::s:s4Int8V	swift.func.op	<=(_:_:)	Int8.<=(_:_:)	static func <= (lhs: Self, rhs: Self) -> Bool
s:SzsE2leoiySbx_xtFZ::SYNTHESIZED::s:s5Int16V	swift.func.op	<=(_:_:)	Int16.<=(_:_:)	static func <= (lhs: Self, rhs: Self) -> Bool
s:SzsE2leoiySbx_xtFZ::SYNTHESIZED::s:s5Int32V	swift.func.op	<=(_:_:)	Int32.<=(_:_:)	static func <= (lhs: Self, rhs: Self) -> Bool
s:SzsE2leoiySbx_xtFZ::SYNTHESIZED::s:s5Int64V	swift.func.op	<=(_:_:)	Int64.<=(_:_:)	static func <= (lhs: Self, rhs: Self) -> Bool
s:SzsE2leoiySbx_xtFZ::SYNTHESIZED::s:s5UInt8V	swift.func.op	<=(_:_:)	UInt8.<=(_:_:)	static func <= (lhs: Self, rhs: Self) -> Bool
s:SzsE2leoiySbx_xtFZ::SYNTHESIZED::s:s6UInt16V	swift.func.op	<=(_:_:)	UInt16.<=(_:_:)	static func <= (lhs: Self, rhs: Self) -> Bool
s:SzsE2leoiySbx_xtFZ::SYNTHESIZED::s:s6UInt32V	swift.func.op	<=(_:_:)	UInt32.<=(_:_:)	static func <= (lhs: Self, rhs: Self) -> Bool
s:SzsE2leoiySbx_xtFZ::SYNTHESIZED::s:s6UInt64V	swift.func.op	<=(_:_:)	UInt64.<=(_:_:)	static func <= (lhs: Self, rhs: Self) -> Bool
s:SzsE2lloiyxx_qd__tSzRd__lFZ::SYNTHESIZED::s:Si	swift.func.op	<<(_:_:)	Int.<<(_:_:)	static func << <RHS>(lhs: Self, rhs: RHS) -> Self where RHS : BinaryInteger
s:SzsE2lloiyxx_qd__tSzRd__lFZ::SYNTHESIZED::s:Su	swift.func.op	<<(_:_:)	UInt.<<(_:_:)	static func << <RHS>(lhs: Self, rhs: RHS) -> Self where RHS : BinaryInteger
s:SzsE2lloiyxx_qd__tSzRd__lFZ::SYNTHESIZED::s:s4Int8V	swift.func.op	<<(_:_:)	Int8.<<(_:_:)	static func << <RHS>(lhs: Self, rhs: RHS) -> Self where RHS : BinaryInteger
s:SzsE2lloiyxx_qd__tSzRd__lFZ::SYNTHESIZED::s:s5Int16V	swift.func.op	<<(_:_:)	Int16.<<(_:_:)	static func << <RHS>(lhs: Self, rhs: RHS) -> Self where RHS : BinaryInteger
s:SzsE2lloiyxx_qd__tSzRd__lFZ::SYNTHESIZED::s:s5Int32V	swift.func.op	<<(_:_:)	Int32.<<(_:_:)	static func << <RHS>(lhs: Self, rhs: RHS) -> Self where RHS : BinaryInteger
s:SzsE2lloiyxx_qd__tSzRd__lFZ::SYNTHESIZED::s:s5Int64V	swift.func.op	<<(_:_:)	Int64.<<(_:_:)	static func << <RHS>(lhs: Self, rhs: RHS) -> Self where RHS : BinaryInteger
s:SzsE2lloiyxx_qd__tSzRd__lFZ::SYNTHESIZED::s:s5UInt8V	swift.func.op	<<(_:_:)	UInt8.<<(_:_:)	static func << <RHS>(lhs: Self, rhs: RHS) -> Self where RHS : BinaryInteger
s:SzsE2lloiyxx_qd__tSzRd__lFZ::SYNTHESIZED::s:s6UInt16V	swift.func.op	<<(_:_:)	UInt16.<<(_:_:)	static func << <RHS>(lhs: Self, rhs: RHS) -> Self where RHS : BinaryInteger
s:SzsE2lloiyxx_qd__tSzRd__lFZ::SYNTHESIZED::s:s6UInt32V	swift.func.op	<<(_:_:)	UInt32.<<(_:_:)	static func << <RHS>(lhs: Self, rhs: RHS) -> Self where RHS : BinaryInteger
s:SzsE2lloiyxx_qd__tSzRd__lFZ::SYNTHESIZED::s:s6UInt64V	swift.func.op	<<(_:_:)	UInt64.<<(_:_:)	static func << <RHS>(lhs: Self, rhs: RHS) -> Self where RHS : BinaryInteger
s:SzsE2neoiySbx_qd__tSzRd__lFZ::SYNTHESIZED::s:Si	swift.func.op	!=(_:_:)	Int.!=(_:_:)	static func != <Other>(lhs: Self, rhs: Other) -> Bool where Other : BinaryInteger
s:SzsE2neoiySbx_qd__tSzRd__lFZ::SYNTHESIZED::s:Su	swift.func.op	!=(_:_:)	UInt.!=(_:_:)	static func != <Other>(lhs: Self, rhs: Other) -> Bool where Other : BinaryInteger
s:SzsE2neoiySbx_qd__tSzRd__lFZ::SYNTHESIZED::s:s4Int8V	swift.func.op	!=(_:_:)	Int8.!=(_:_:)	static func != <Other>(lhs: Self, rhs: Other) -> Bool where Other : BinaryInteger
s:SzsE2neoiySbx_qd__tSzRd__lFZ::SYNTHESIZED::s:s5Int16V	swift.func.op	!=(_:_:)	Int16.!=(_:_:)	static func != <Other>(lhs: Self, rhs: Other) -> Bool where Other : BinaryInteger
s:SzsE2neoiySbx_qd__tSzRd__lFZ::SYNTHESIZED::s:s5Int32V	swift.func.op	!=(_:_:)	Int32.!=(_:_:)	static func != <Other>(lhs: Self, rhs: Other) -> Bool where Other : BinaryInteger
s:SzsE2neoiySbx_qd__tSzRd__lFZ::SYNTHESIZED::s:s5Int64V	swift.func.op	!=(_:_:)	Int64.!=(_:_:)	static func != <Other>(lhs: Self, rhs: Other) -> Bool where Other : BinaryInteger
s:SzsE2neoiySbx_qd__tSzRd__lFZ::SYNTHESIZED::s:s5UInt8V	swift.func.op	!=(_:_:)	UInt8.!=(_:_:)	static func != <Other>(lhs: Self, rhs: Other) -> Bool where Other : BinaryInteger
s:SzsE2neoiySbx_qd__tSzRd__lFZ::SYNTHESIZED::s:s6UInt16V	swift.func.op	!=(_:_:)	UInt16.!=(_:_:)	static func != <Other>(lhs: Self, rhs: Other) -> Bool where Other : BinaryInteger
s:SzsE2neoiySbx_qd__tSzRd__lFZ::SYNTHESIZED::s:s6UInt32V	swift.func.op	!=(_:_:)	UInt32.!=(_:_:)	static func != <Other>(lhs: Self, rhs: Other) -> Bool where Other : BinaryInteger
s:SzsE2neoiySbx_qd__tSzRd__lFZ::SYNTHESIZED::s:s6UInt64V	swift.func.op	!=(_:_:)	UInt64.!=(_:_:)	static func != <Other>(lhs: Self, rhs: Other) -> Bool where Other : BinaryInteger
s:SzsE2neoiySbx_xtFZ::SYNTHESIZED::s:Si	swift.func.op	!=(_:_:)	Int.!=(_:_:)	static func != (lhs: Self, rhs: Self) -> Bool
s:SzsE2neoiySbx_xtFZ::SYNTHESIZED::s:Su	swift.func.op	!=(_:_:)	UInt.!=(_:_:)	static func != (lhs: Self, rhs: Self) -> Bool
s:SzsE2neoiySbx_xtFZ::SYNTHESIZED::s:s4Int8V	swift.func.op	!=(_:_:)	Int8.!=(_:_:)	static func != (lhs: Self, rhs: Self) -> Bool
s:SzsE2neoiySbx_xtFZ::SYNTHESIZED::s:s5Int16V	swift.func.op	!=(_:_:)	Int16.!=(_:_:)	static func != (lhs: Self, rhs: Self) -> Bool
s:SzsE2neoiySbx_xtFZ::SYNTHESIZED::s:s5Int32V	swift.func.op	!=(_:_:)	Int32.!=(_:_:)	static func != (lhs: Self, rhs: Self) -> Bool
s:SzsE2neoiySbx_xtFZ::SYNTHESIZED::s:s5Int64V	swift.func.op	!=(_:_:)	Int64.!=(_:_:)	static func != (lhs: Self, rhs: Self) -> Bool
s:SzsE2neoiySbx_xtFZ::SYNTHESIZED::s:s5UInt8V	swift.func.op	!=(_:_:)	UInt8.!=(_:_:)	static func != (lhs: Self, rhs: Self) -> Bool
s:SzsE2neoiySbx_xtFZ::SYNTHESIZED::s:s6UInt16V	swift.func.op	!=(_:_:)	UInt16.!=(_:_:)	static func != (lhs: Self, rhs: Self) -> Bool
s:SzsE2neoiySbx_xtFZ::SYNTHESIZED::s:s6UInt32V	swift.func.op	!=(_:_:)	UInt32.!=(_:_:)	static func != (lhs: Self, rhs: Self) -> Bool
s:SzsE2neoiySbx_xtFZ::SYNTHESIZED::s:s6UInt64V	swift.func.op	!=(_:_:)	UInt64.!=(_:_:)	static func != (lhs: Self, rhs: Self) -> Bool
s:SzsE8advanced2byxSi_tF::SYNTHESIZED::s:Su	swift.method	advanced(by:)	UInt.advanced(by:)	func advanced(by n: Int) -> Self
s:SzsE8advanced2byxSi_tF::SYNTHESIZED::s:s4Int8V	swift.method	advanced(by:)	Int8.advanced(by:)	func advanced(by n: Int) -> Self
s:SzsE8advanced2byxSi_tF::SYNTHESIZED::s:s5Int16V	swift.method	advanced(by:)	Int16.advanced(by:)	func advanced(by n: Int) -> Self
s:SzsE8advanced2byxSi_tF::SYNTHESIZED::s:s5Int32V	swift.method	advanced(by:)	Int32.advanced(by:)	func advanced(by n: Int) -> Self
s:SzsE8advanced2byxSi_tF::SYNTHESIZED::s:s5Int64V	swift.method	advanced(by:)	Int64.advanced(by:)	func advanced(by n: Int) -> Self
s:SzsE8advanced2byxSi_tF::SYNTHESIZED::s:s5UInt8V	swift.method	advanced(by:)	UInt8.advanced(by:)	func advanced(by n: Int) -> Self
s:SzsE8advanced2byxSi_tF::SYNTHESIZED::s:s6UInt16V	swift.method	advanced(by:)	UInt16.advanced(by:)	func advanced(by n: Int) -> Self
s:SzsE8advanced2byxSi_tF::SYNTHESIZED::s:s6UInt32V	swift.method	advanced(by:)	UInt32.advanced(by:)	func advanced(by n: Int) -> Self
s:SzsE8advanced2byxSi_tF::SYNTHESIZED::s:s6UInt64V	swift.method	advanced(by:)	UInt64.advanced(by:)	func advanced(by n: Int) -> Self
s:SzsE8distance2toSix_tF::SYNTHESIZED::s:Su	swift.method	distance(to:)	UInt.distance(to:)	func distance(to other: Self) -> Int
s:SzsE8distance2toSix_tF::SYNTHESIZED::s:s4Int8V	swift.method	distance(to:)	Int8.distance(to:)	func distance(to other: Self) -> Int
s:SzsE8distance2toSix_tF::SYNTHESIZED::s:s5Int16V	swift.method	distance(to:)	Int16.distance(to:)	func distance(to other: Self) -> Int
s:SzsE8distance2toSix_tF::SYNTHESIZED::s:s5Int32V	swift.method	distance(to:)	Int32.distance(to:)	func distance(to other: Self) -> Int
s:SzsE8distance2toSix_tF::SYNTHESIZED::s:s5Int64V	swift.method	distance(to:)	Int64.distance(to:)	func distance(to other: Self) -> Int
s:SzsE8distance2toSix_tF::SYNTHESIZED::s:s5UInt8V	swift.method	distance(to:)	UInt8.distance(to:)	func distance(to other: Self) -> Int
s:SzsE8distance2toSix_tF::SYNTHESIZED::s:s6UInt16V	swift.method	distance(to:)	UInt16.distance(to:)	func distance(to other: Self) -> Int
s:SzsE8distance2toSix_tF::SYNTHESIZED::s:s6UInt32V	swift.method	distance(to:)	UInt32.distance(to:)	func distance(to other: Self) -> Int
s:SzsE8distance2toSix_tF::SYNTHESIZED::s:s6UInt64V	swift.method	distance(to:)	UInt64.distance(to:)	func distance(to other: Self) -> Int
s:SzsExycfc::SYNTHESIZED::s:Si	swift.init	init()	Int.init()	init()
s:SzsExycfc::SYNTHESIZED::s:Su	swift.init	init()	UInt.init()	init()
s:SzsExycfc::SYNTHESIZED::s:s4Int8V	swift.init	init()	Int8.init()	init()
s:SzsExycfc::SYNTHESIZED::s:s5Int16V	swift.init	init()	Int16.init()	init()
s:SzsExycfc::SYNTHESIZED::s:s5Int32V	swift.init	init()	Int32.init()	init()
s:SzsExycfc::SYNTHESIZED::s:s5Int64V	swift.init	init()	Int64.init()	init()
s:SzsExycfc::SYNTHESIZED::s:s5UInt8V	swift.init	init()	UInt8.init()	init()
s:SzsExycfc::SYNTHESIZED::s:s6UInt16V	swift.init	init()	UInt16.init()	init()
s:SzsExycfc::SYNTHESIZED::s:s6UInt32V	swift.init	init()	UInt32.init()	init()
s:SzsExycfc::SYNTHESIZED::s:s6UInt64V	swift.init	init()	UInt64.init()	init()
s:s10SetAlgebraPs7ElementQz012ArrayLiteralC0RtzrlE05arrayE0xAFd_tcfc::SYNTHESIZED::c:@E@CKApplicationPermissions	swift.init	init(arrayLiteral:)	CKContainer.ApplicationPermissions.init(arrayLiteral:)	init(arrayLiteral: Self.Element...)
s:s10SetAlgebraPs7ElementQz012ArrayLiteralC0RtzrlE05arrayE0xAFd_tcfc::SYNTHESIZED::c:@E@CKQuerySubscriptionOptions	swift.init	init(arrayLiteral:)	CKQuerySubscription.Options.init(arrayLiteral:)	init(arrayLiteral: Self.Element...)
s:s10SetAlgebraPs7ElementQz012ArrayLiteralC0RtzrlE05arrayE0xAFd_tcfc::SYNTHESIZED::c:@E@CKRecordZoneCapabilities	swift.init	init(arrayLiteral:)	CKRecordZone.Capabilities.init(arrayLiteral:)	init(arrayLiteral: Self.Element...)
s:s10SetAlgebraPs7ElementQz012ArrayLiteralC0RtzrlE05arrayE0xAFd_tcfc::SYNTHESIZED::c:@E@CKSharingParticipantAccessOption	swift.init	init(arrayLiteral:)	CKSharingParticipantAccessOption.init(arrayLiteral:)	init(arrayLiteral: Self.Element...)
s:s10SetAlgebraPs7ElementQz012ArrayLiteralC0RtzrlE05arrayE0xAFd_tcfc::SYNTHESIZED::c:@E@CKSharingParticipantPermissionOption	swift.init	init(arrayLiteral:)	CKSharingParticipantPermissionOption.init(arrayLiteral:)	init(arrayLiteral: Self.Element...)
s:s10SetAlgebraPsE10isDisjoint4withSbx_tF::SYNTHESIZED::c:@E@CKApplicationPermissions	swift.method	isDisjoint(with:)	CKContainer.ApplicationPermissions.isDisjoint(with:)	func isDisjoint(with other: Self) -> Bool
s:s10SetAlgebraPsE10isDisjoint4withSbx_tF::SYNTHESIZED::c:@E@CKQuerySubscriptionOptions	swift.method	isDisjoint(with:)	CKQuerySubscription.Options.isDisjoint(with:)	func isDisjoint(with other: Self) -> Bool
s:s10SetAlgebraPsE10isDisjoint4withSbx_tF::SYNTHESIZED::c:@E@CKRecordZoneCapabilities	swift.method	isDisjoint(with:)	CKRecordZone.Capabilities.isDisjoint(with:)	func isDisjoint(with other: Self) -> Bool
s:s10SetAlgebraPsE10isDisjoint4withSbx_tF::SYNTHESIZED::c:@E@CKSharingParticipantAccessOption	swift.method	isDisjoint(with:)	CKSharingParticipantAccessOption.isDisjoint(with:)	func isDisjoint(with other: Self) -> Bool
s:s10SetAlgebraPsE10isDisjoint4withSbx_tF::SYNTHESIZED::c:@E@CKSharingParticipantPermissionOption	swift.method	isDisjoint(with:)	CKSharingParticipantPermissionOption.isDisjoint(with:)	func isDisjoint(with other: Self) -> Bool
s:s10SetAlgebraPsE10isSuperset2ofSbx_tF::SYNTHESIZED::c:@E@CKApplicationPermissions	swift.method	isSuperset(of:)	CKContainer.ApplicationPermissions.isSuperset(of:)	func isSuperset(of other: Self) -> Bool
s:s10SetAlgebraPsE10isSuperset2ofSbx_tF::SYNTHESIZED::c:@E@CKQuerySubscriptionOptions	swift.method	isSuperset(of:)	CKQuerySubscription.Options.isSuperset(of:)	func isSuperset(of other: Self) -> Bool
s:s10SetAlgebraPsE10isSuperset2ofSbx_tF::SYNTHESIZED::c:@E@CKRecordZoneCapabilities	swift.method	isSuperset(of:)	CKRecordZone.Capabilities.isSuperset(of:)	func isSuperset(of other: Self) -> Bool
s:s10SetAlgebraPsE10isSuperset2ofSbx_tF::SYNTHESIZED::c:@E@CKSharingParticipantAccessOption	swift.method	isSuperset(of:)	CKSharingParticipantAccessOption.isSuperset(of:)	func isSuperset(of other: Self) -> Bool
s:s10SetAlgebraPsE10isSuperset2ofSbx_tF::SYNTHESIZED::c:@E@CKSharingParticipantPermissionOption	swift.method	isSuperset(of:)	CKSharingParticipantPermissionOption.isSuperset(of:)	func isSuperset(of other: Self) -> Bool
s:s10SetAlgebraPsE11subtractingyxxF::SYNTHESIZED::c:@E@CKApplicationPermissions	swift.method	subtracting(_:)	CKContainer.ApplicationPermissions.subtracting(_:)	func subtracting(_ other: Self) -> Self
s:s10SetAlgebraPsE11subtractingyxxF::SYNTHESIZED::c:@E@CKQuerySubscriptionOptions	swift.method	subtracting(_:)	CKQuerySubscription.Options.subtracting(_:)	func subtracting(_ other: Self) -> Self
s:s10SetAlgebraPsE11subtractingyxxF::SYNTHESIZED::c:@E@CKRecordZoneCapabilities	swift.method	subtracting(_:)	CKRecordZone.Capabilities.subtracting(_:)	func subtracting(_ other: Self) -> Self
s:s10SetAlgebraPsE11subtractingyxxF::SYNTHESIZED::c:@E@CKSharingParticipantAccessOption	swift.method	subtracting(_:)	CKSharingParticipantAccessOption.subtracting(_:)	func subtracting(_ other: Self) -> Self
s:s10SetAlgebraPsE11subtractingyxxF::SYNTHESIZED::c:@E@CKSharingParticipantPermissionOption	swift.method	subtracting(_:)	CKSharingParticipantPermissionOption.subtracting(_:)	func subtracting(_ other: Self) -> Self
s:s10SetAlgebraPsE14isStrictSubset2ofSbx_tF::SYNTHESIZED::c:@E@CKApplicationPermissions	swift.method	isStrictSubset(of:)	CKContainer.ApplicationPermissions.isStrictSubset(of:)	func isStrictSubset(of other: Self) -> Bool
s:s10SetAlgebraPsE14isStrictSubset2ofSbx_tF::SYNTHESIZED::c:@E@CKQuerySubscriptionOptions	swift.method	isStrictSubset(of:)	CKQuerySubscription.Options.isStrictSubset(of:)	func isStrictSubset(of other: Self) -> Bool
s:s10SetAlgebraPsE14isStrictSubset2ofSbx_tF::SYNTHESIZED::c:@E@CKRecordZoneCapabilities	swift.method	isStrictSubset(of:)	CKRecordZone.Capabilities.isStrictSubset(of:)	func isStrictSubset(of other: Self) -> Bool
s:s10SetAlgebraPsE14isStrictSubset2ofSbx_tF::SYNTHESIZED::c:@E@CKSharingParticipantAccessOption	swift.method	isStrictSubset(of:)	CKSharingParticipantAccessOption.isStrictSubset(of:)	func isStrictSubset(of other: Self) -> Bool
s:s10SetAlgebraPsE14isStrictSubset2ofSbx_tF::SYNTHESIZED::c:@E@CKSharingParticipantPermissionOption	swift.method	isStrictSubset(of:)	CKSharingParticipantPermissionOption.isStrictSubset(of:)	func isStrictSubset(of other: Self) -> Bool
s:s10SetAlgebraPsE16isStrictSuperset2ofSbx_tF::SYNTHESIZED::c:@E@CKApplicationPermissions	swift.method	isStrictSuperset(of:)	CKContainer.ApplicationPermissions.isStrictSuperset(of:)	func isStrictSuperset(of other: Self) -> Bool
s:s10SetAlgebraPsE16isStrictSuperset2ofSbx_tF::SYNTHESIZED::c:@E@CKQuerySubscriptionOptions	swift.method	isStrictSuperset(of:)	CKQuerySubscription.Options.isStrictSuperset(of:)	func isStrictSuperset(of other: Self) -> Bool
s:s10SetAlgebraPsE16isStrictSuperset2ofSbx_tF::SYNTHESIZED::c:@E@CKRecordZoneCapabilities	swift.method	isStrictSuperset(of:)	CKRecordZone.Capabilities.isStrictSuperset(of:)	func isStrictSuperset(of other: Self) -> Bool
s:s10SetAlgebraPsE16isStrictSuperset2ofSbx_tF::SYNTHESIZED::c:@E@CKSharingParticipantAccessOption	swift.method	isStrictSuperset(of:)	CKSharingParticipantAccessOption.isStrictSuperset(of:)	func isStrictSuperset(of other: Self) -> Bool
s:s10SetAlgebraPsE16isStrictSuperset2ofSbx_tF::SYNTHESIZED::c:@E@CKSharingParticipantPermissionOption	swift.method	isStrictSuperset(of:)	CKSharingParticipantPermissionOption.isStrictSuperset(of:)	func isStrictSuperset(of other: Self) -> Bool
s:s10SetAlgebraPsE7isEmptySbvp::SYNTHESIZED::c:@E@CKApplicationPermissions	swift.property	isEmpty	CKContainer.ApplicationPermissions.isEmpty	var isEmpty: Bool { get }
s:s10SetAlgebraPsE7isEmptySbvp::SYNTHESIZED::c:@E@CKQuerySubscriptionOptions	swift.property	isEmpty	CKQuerySubscription.Options.isEmpty	var isEmpty: Bool { get }
s:s10SetAlgebraPsE7isEmptySbvp::SYNTHESIZED::c:@E@CKRecordZoneCapabilities	swift.property	isEmpty	CKRecordZone.Capabilities.isEmpty	var isEmpty: Bool { get }
s:s10SetAlgebraPsE7isEmptySbvp::SYNTHESIZED::c:@E@CKSharingParticipantAccessOption	swift.property	isEmpty	CKSharingParticipantAccessOption.isEmpty	var isEmpty: Bool { get }
s:s10SetAlgebraPsE7isEmptySbvp::SYNTHESIZED::c:@E@CKSharingParticipantPermissionOption	swift.property	isEmpty	CKSharingParticipantPermissionOption.isEmpty	var isEmpty: Bool { get }
s:s10SetAlgebraPsE8isSubset2ofSbx_tF::SYNTHESIZED::c:@E@CKApplicationPermissions	swift.method	isSubset(of:)	CKContainer.ApplicationPermissions.isSubset(of:)	func isSubset(of other: Self) -> Bool
s:s10SetAlgebraPsE8isSubset2ofSbx_tF::SYNTHESIZED::c:@E@CKQuerySubscriptionOptions	swift.method	isSubset(of:)	CKQuerySubscription.Options.isSubset(of:)	func isSubset(of other: Self) -> Bool
s:s10SetAlgebraPsE8isSubset2ofSbx_tF::SYNTHESIZED::c:@E@CKRecordZoneCapabilities	swift.method	isSubset(of:)	CKRecordZone.Capabilities.isSubset(of:)	func isSubset(of other: Self) -> Bool
s:s10SetAlgebraPsE8isSubset2ofSbx_tF::SYNTHESIZED::c:@E@CKSharingParticipantAccessOption	swift.method	isSubset(of:)	CKSharingParticipantAccessOption.isSubset(of:)	func isSubset(of other: Self) -> Bool
s:s10SetAlgebraPsE8isSubset2ofSbx_tF::SYNTHESIZED::c:@E@CKSharingParticipantPermissionOption	swift.method	isSubset(of:)	CKSharingParticipantPermissionOption.isSubset(of:)	func isSubset(of other: Self) -> Bool
s:s10SetAlgebraPsE8subtractyyxF::SYNTHESIZED::c:@E@CKApplicationPermissions	swift.method	subtract(_:)	CKContainer.ApplicationPermissions.subtract(_:)	mutating func subtract(_ other: Self)
s:s10SetAlgebraPsE8subtractyyxF::SYNTHESIZED::c:@E@CKQuerySubscriptionOptions	swift.method	subtract(_:)	CKQuerySubscription.Options.subtract(_:)	mutating func subtract(_ other: Self)
s:s10SetAlgebraPsE8subtractyyxF::SYNTHESIZED::c:@E@CKRecordZoneCapabilities	swift.method	subtract(_:)	CKRecordZone.Capabilities.subtract(_:)	mutating func subtract(_ other: Self)
s:s10SetAlgebraPsE8subtractyyxF::SYNTHESIZED::c:@E@CKSharingParticipantAccessOption	swift.method	subtract(_:)	CKSharingParticipantAccessOption.subtract(_:)	mutating func subtract(_ other: Self)
s:s10SetAlgebraPsE8subtractyyxF::SYNTHESIZED::c:@E@CKSharingParticipantPermissionOption	swift.method	subtract(_:)	CKSharingParticipantPermissionOption.subtract(_:)	mutating func subtract(_ other: Self)
s:s10SetAlgebraPsEyxqd__ncSTRd__7ElementQyd__ACRtzlufc::SYNTHESIZED::c:@E@CKApplicationPermissions	swift.init	init(_:)	CKContainer.ApplicationPermissions.init(_:)	init<S>(_ sequence: S) where S : Sequence, Self.Element == S.Element
s:s10SetAlgebraPsEyxqd__ncSTRd__7ElementQyd__ACRtzlufc::SYNTHESIZED::c:@E@CKQuerySubscriptionOptions	swift.init	init(_:)	CKQuerySubscription.Options.init(_:)	init<S>(_ sequence: S) where S : Sequence, Self.Element == S.Element
s:s10SetAlgebraPsEyxqd__ncSTRd__7ElementQyd__ACRtzlufc::SYNTHESIZED::c:@E@CKRecordZoneCapabilities	swift.init	init(_:)	CKRecordZone.Capabilities.init(_:)	init<S>(_ sequence: S) where S : Sequence, Self.Element == S.Element
s:s10SetAlgebraPsEyxqd__ncSTRd__7ElementQyd__ACRtzlufc::SYNTHESIZED::c:@E@CKSharingParticipantAccessOption	swift.init	init(_:)	CKSharingParticipantAccessOption.init(_:)	init<S>(_ sequence: S) where S : Sequence, Self.Element == S.Element
s:s10SetAlgebraPsEyxqd__ncSTRd__7ElementQyd__ACRtzlufc::SYNTHESIZED::c:@E@CKSharingParticipantPermissionOption	swift.init	init(_:)	CKSharingParticipantPermissionOption.init(_:)	init<S>(_ sequence: S) where S : Sequence, Self.Element == S.Element
s:s13SignedNumericPsE1sopyxxFZ::SYNTHESIZED::s:Si	swift.func.op	-(_:)	Int.-(_:)	static func - (operand: Self) -> Self
s:s13SignedNumericPsE1sopyxxFZ::SYNTHESIZED::s:s4Int8V	swift.func.op	-(_:)	Int8.-(_:)	static func - (operand: Self) -> Self
s:s13SignedNumericPsE1sopyxxFZ::SYNTHESIZED::s:s5Int16V	swift.func.op	-(_:)	Int16.-(_:)	static func - (operand: Self) -> Self
s:s13SignedNumericPsE1sopyxxFZ::SYNTHESIZED::s:s5Int32V	swift.func.op	-(_:)	Int32.-(_:)	static func - (operand: Self) -> Self
s:s13SignedNumericPsE1sopyxxFZ::SYNTHESIZED::s:s5Int64V	swift.func.op	-(_:)	Int64.-(_:)	static func - (operand: Self) -> Self
s:s13SignedNumericPsE6negateyyF::SYNTHESIZED::s:Si	swift.method	negate()	Int.negate()	mutating func negate()
s:s13SignedNumericPsE6negateyyF::SYNTHESIZED::s:s4Int8V	swift.method	negate()	Int8.negate()	mutating func negate()
s:s13SignedNumericPsE6negateyyF::SYNTHESIZED::s:s5Int16V	swift.method	negate()	Int16.negate()	mutating func negate()
s:s13SignedNumericPsE6negateyyF::SYNTHESIZED::s:s5Int32V	swift.method	negate()	Int32.negate()	mutating func negate()
s:s13SignedNumericPsE6negateyyF::SYNTHESIZED::s:s5Int64V	swift.method	negate()	Int64.negate()	mutating func negate()
s:s17FixedWidthIntegerPsE03bitB0Sivp::SYNTHESIZED::s:Si	swift.property	bitWidth	Int.bitWidth	var bitWidth: Int { get }
s:s17FixedWidthIntegerPsE03bitB0Sivp::SYNTHESIZED::s:Su	swift.property	bitWidth	UInt.bitWidth	var bitWidth: Int { get }
s:s17FixedWidthIntegerPsE03bitB0Sivp::SYNTHESIZED::s:s4Int8V	swift.property	bitWidth	Int8.bitWidth	var bitWidth: Int { get }
s:s17FixedWidthIntegerPsE03bitB0Sivp::SYNTHESIZED::s:s5Int16V	swift.property	bitWidth	Int16.bitWidth	var bitWidth: Int { get }
s:s17FixedWidthIntegerPsE03bitB0Sivp::SYNTHESIZED::s:s5Int32V	swift.property	bitWidth	Int32.bitWidth	var bitWidth: Int { get }
s:s17FixedWidthIntegerPsE03bitB0Sivp::SYNTHESIZED::s:s5Int64V	swift.property	bitWidth	Int64.bitWidth	var bitWidth: Int { get }
s:s17FixedWidthIntegerPsE03bitB0Sivp::SYNTHESIZED::s:s5UInt8V	swift.property	bitWidth	UInt8.bitWidth	var bitWidth: Int { get }
s:s17FixedWidthIntegerPsE03bitB0Sivp::SYNTHESIZED::s:s6UInt16V	swift.property	bitWidth	UInt16.bitWidth	var bitWidth: Int { get }
s:s17FixedWidthIntegerPsE03bitB0Sivp::SYNTHESIZED::s:s6UInt32V	swift.property	bitWidth	UInt32.bitWidth	var bitWidth: Int { get }
s:s17FixedWidthIntegerPsE03bitB0Sivp::SYNTHESIZED::s:s6UInt64V	swift.property	bitWidth	UInt64.bitWidth	var bitWidth: Int { get }
s:s17FixedWidthIntegerPsE12littleEndianxvp::SYNTHESIZED::s:Si	swift.property	littleEndian	Int.littleEndian	var littleEndian: Self { get }
s:s17FixedWidthIntegerPsE12littleEndianxvp::SYNTHESIZED::s:Su	swift.property	littleEndian	UInt.littleEndian	var littleEndian: Self { get }
s:s17FixedWidthIntegerPsE12littleEndianxvp::SYNTHESIZED::s:s4Int8V	swift.property	littleEndian	Int8.littleEndian	var littleEndian: Self { get }
s:s17FixedWidthIntegerPsE12littleEndianxvp::SYNTHESIZED::s:s5Int16V	swift.property	littleEndian	Int16.littleEndian	var littleEndian: Self { get }
s:s17FixedWidthIntegerPsE12littleEndianxvp::SYNTHESIZED::s:s5Int32V	swift.property	littleEndian	Int32.littleEndian	var littleEndian: Self { get }
s:s17FixedWidthIntegerPsE12littleEndianxvp::SYNTHESIZED::s:s5Int64V	swift.property	littleEndian	Int64.littleEndian	var littleEndian: Self { get }
s:s17FixedWidthIntegerPsE12littleEndianxvp::SYNTHESIZED::s:s5UInt8V	swift.property	littleEndian	UInt8.littleEndian	var littleEndian: Self { get }
s:s17FixedWidthIntegerPsE12littleEndianxvp::SYNTHESIZED::s:s6UInt16V	swift.property	littleEndian	UInt16.littleEndian	var littleEndian: Self { get }
s:s17FixedWidthIntegerPsE12littleEndianxvp::SYNTHESIZED::s:s6UInt32V	swift.property	littleEndian	UInt32.littleEndian	var littleEndian: Self { get }
s:s17FixedWidthIntegerPsE12littleEndianxvp::SYNTHESIZED::s:s6UInt64V	swift.property	littleEndian	UInt64.littleEndian	var littleEndian: Self { get }
s:s17FixedWidthIntegerPsE12littleEndianxx_tcfc::SYNTHESIZED::s:Si	swift.init	init(littleEndian:)	Int.init(littleEndian:)	init(littleEndian value: Self)
s:s17FixedWidthIntegerPsE12littleEndianxx_tcfc::SYNTHESIZED::s:Su	swift.init	init(littleEndian:)	UInt.init(littleEndian:)	init(littleEndian value: Self)
s:s17FixedWidthIntegerPsE12littleEndianxx_tcfc::SYNTHESIZED::s:s4Int8V	swift.init	init(littleEndian:)	Int8.init(littleEndian:)	init(littleEndian value: Self)
s:s17FixedWidthIntegerPsE12littleEndianxx_tcfc::SYNTHESIZED::s:s5Int16V	swift.init	init(littleEndian:)	Int16.init(littleEndian:)	init(littleEndian value: Self)
s:s17FixedWidthIntegerPsE12littleEndianxx_tcfc::SYNTHESIZED::s:s5Int32V	swift.init	init(littleEndian:)	Int32.init(littleEndian:)	init(littleEndian value: Self)
s:s17FixedWidthIntegerPsE12littleEndianxx_tcfc::SYNTHESIZED::s:s5Int64V	swift.init	init(littleEndian:)	Int64.init(littleEndian:)	init(littleEndian value: Self)
s:s17FixedWidthIntegerPsE12littleEndianxx_tcfc::SYNTHESIZED::s:s5UInt8V	swift.init	init(littleEndian:)	UInt8.init(littleEndian:)	init(littleEndian value: Self)
s:s17FixedWidthIntegerPsE12littleEndianxx_tcfc::SYNTHESIZED::s:s6UInt16V	swift.init	init(littleEndian:)	UInt16.init(littleEndian:)	init(littleEndian value: Self)
s:s17FixedWidthIntegerPsE12littleEndianxx_tcfc::SYNTHESIZED::s:s6UInt32V	swift.init	init(littleEndian:)	UInt32.init(littleEndian:)	init(littleEndian value: Self)
s:s17FixedWidthIntegerPsE12littleEndianxx_tcfc::SYNTHESIZED::s:s6UInt64V	swift.init	init(littleEndian:)	UInt64.init(littleEndian:)	init(littleEndian value: Self)
s:s17FixedWidthIntegerPsE18truncatingIfNeededxqd___tcSzRd__lufc::SYNTHESIZED::s:Si	swift.init	init(truncatingIfNeeded:)	Int.init(truncatingIfNeeded:)	init<T>(truncatingIfNeeded source: T) where T : BinaryInteger
s:s17FixedWidthIntegerPsE18truncatingIfNeededxqd___tcSzRd__lufc::SYNTHESIZED::s:Su	swift.init	init(truncatingIfNeeded:)	UInt.init(truncatingIfNeeded:)	init<T>(truncatingIfNeeded source: T) where T : BinaryInteger
s:s17FixedWidthIntegerPsE18truncatingIfNeededxqd___tcSzRd__lufc::SYNTHESIZED::s:s4Int8V	swift.init	init(truncatingIfNeeded:)	Int8.init(truncatingIfNeeded:)	init<T>(truncatingIfNeeded source: T) where T : BinaryInteger
s:s17FixedWidthIntegerPsE18truncatingIfNeededxqd___tcSzRd__lufc::SYNTHESIZED::s:s5Int16V	swift.init	init(truncatingIfNeeded:)	Int16.init(truncatingIfNeeded:)	init<T>(truncatingIfNeeded source: T) where T : BinaryInteger
s:s17FixedWidthIntegerPsE18truncatingIfNeededxqd___tcSzRd__lufc::SYNTHESIZED::s:s5Int32V	swift.init	init(truncatingIfNeeded:)	Int32.init(truncatingIfNeeded:)	init<T>(truncatingIfNeeded source: T) where T : BinaryInteger
s:s17FixedWidthIntegerPsE18truncatingIfNeededxqd___tcSzRd__lufc::SYNTHESIZED::s:s5Int64V	swift.init	init(truncatingIfNeeded:)	Int64.init(truncatingIfNeeded:)	init<T>(truncatingIfNeeded source: T) where T : BinaryInteger
s:s17FixedWidthIntegerPsE18truncatingIfNeededxqd___tcSzRd__lufc::SYNTHESIZED::s:s5UInt8V	swift.init	init(truncatingIfNeeded:)	UInt8.init(truncatingIfNeeded:)	init<T>(truncatingIfNeeded source: T) where T : BinaryInteger
s:s17FixedWidthIntegerPsE18truncatingIfNeededxqd___tcSzRd__lufc::SYNTHESIZED::s:s6UInt16V	swift.init	init(truncatingIfNeeded:)	UInt16.init(truncatingIfNeeded:)	init<T>(truncatingIfNeeded source: T) where T : BinaryInteger
s:s17FixedWidthIntegerPsE18truncatingIfNeededxqd___tcSzRd__lufc::SYNTHESIZED::s:s6UInt32V	swift.init	init(truncatingIfNeeded:)	UInt32.init(truncatingIfNeeded:)	init<T>(truncatingIfNeeded source: T) where T : BinaryInteger
s:s17FixedWidthIntegerPsE18truncatingIfNeededxqd___tcSzRd__lufc::SYNTHESIZED::s:s6UInt64V	swift.init	init(truncatingIfNeeded:)	UInt64.init(truncatingIfNeeded:)	init<T>(truncatingIfNeeded source: T) where T : BinaryInteger
s:s17FixedWidthIntegerPsE1topyxxFZ::SYNTHESIZED::s:Si	swift.func.op	~(_:)	Int.~(_:)	static func ~ (x: Self) -> Self
s:s17FixedWidthIntegerPsE1topyxxFZ::SYNTHESIZED::s:Su	swift.func.op	~(_:)	UInt.~(_:)	static func ~ (x: Self) -> Self
s:s17FixedWidthIntegerPsE1topyxxFZ::SYNTHESIZED::s:s4Int8V	swift.func.op	~(_:)	Int8.~(_:)	static func ~ (x: Self) -> Self
s:s17FixedWidthIntegerPsE1topyxxFZ::SYNTHESIZED::s:s5Int16V	swift.func.op	~(_:)	Int16.~(_:)	static func ~ (x: Self) -> Self
s:s17FixedWidthIntegerPsE1topyxxFZ::SYNTHESIZED::s:s5Int32V	swift.func.op	~(_:)	Int32.~(_:)	static func ~ (x: Self) -> Self
s:s17FixedWidthIntegerPsE1topyxxFZ::SYNTHESIZED::s:s5Int64V	swift.func.op	~(_:)	Int64.~(_:)	static func ~ (x: Self) -> Self
s:s17FixedWidthIntegerPsE1topyxxFZ::SYNTHESIZED::s:s5UInt8V	swift.func.op	~(_:)	UInt8.~(_:)	static func ~ (x: Self) -> Self
s:s17FixedWidthIntegerPsE1topyxxFZ::SYNTHESIZED::s:s6UInt16V	swift.func.op	~(_:)	UInt16.~(_:)	static func ~ (x: Self) -> Self
s:s17FixedWidthIntegerPsE1topyxxFZ::SYNTHESIZED::s:s6UInt32V	swift.func.op	~(_:)	UInt32.~(_:)	static func ~ (x: Self) -> Self
s:s17FixedWidthIntegerPsE1topyxxFZ::SYNTHESIZED::s:s6UInt64V	swift.func.op	~(_:)	UInt64.~(_:)	static func ~ (x: Self) -> Self
s:s17FixedWidthIntegerPsE2amoiyxx_xtFZ::SYNTHESIZED::s:Si	swift.func.op	&*(_:_:)	Int.&*(_:_:)	static func &* (lhs: Self, rhs: Self) -> Self
s:s17FixedWidthIntegerPsE2amoiyxx_xtFZ::SYNTHESIZED::s:Su	swift.func.op	&*(_:_:)	UInt.&*(_:_:)	static func &* (lhs: Self, rhs: Self) -> Self
s:s17FixedWidthIntegerPsE2amoiyxx_xtFZ::SYNTHESIZED::s:s4Int8V	swift.func.op	&*(_:_:)	Int8.&*(_:_:)	static func &* (lhs: Self, rhs: Self) -> Self
s:s17FixedWidthIntegerPsE2amoiyxx_xtFZ::SYNTHESIZED::s:s5Int16V	swift.func.op	&*(_:_:)	Int16.&*(_:_:)	static func &* (lhs: Self, rhs: Self) -> Self
s:s17FixedWidthIntegerPsE2amoiyxx_xtFZ::SYNTHESIZED::s:s5Int32V	swift.func.op	&*(_:_:)	Int32.&*(_:_:)	static func &* (lhs: Self, rhs: Self) -> Self
s:s17FixedWidthIntegerPsE2amoiyxx_xtFZ::SYNTHESIZED::s:s5Int64V	swift.func.op	&*(_:_:)	Int64.&*(_:_:)	static func &* (lhs: Self, rhs: Self) -> Self
s:s17FixedWidthIntegerPsE2amoiyxx_xtFZ::SYNTHESIZED::s:s5UInt8V	swift.func.op	&*(_:_:)	UInt8.&*(_:_:)	static func &* (lhs: Self, rhs: Self) -> Self
s:s17FixedWidthIntegerPsE2amoiyxx_xtFZ::SYNTHESIZED::s:s6UInt16V	swift.func.op	&*(_:_:)	UInt16.&*(_:_:)	static func &* (lhs: Self, rhs: Self) -> Self
s:s17FixedWidthIntegerPsE2amoiyxx_xtFZ::SYNTHESIZED::s:s6UInt32V	swift.func.op	&*(_:_:)	UInt32.&*(_:_:)	static func &* (lhs: Self, rhs: Self) -> Self
s:s17FixedWidthIntegerPsE2amoiyxx_xtFZ::SYNTHESIZED::s:s6UInt64V	swift.func.op	&*(_:_:)	UInt64.&*(_:_:)	static func &* (lhs: Self, rhs: Self) -> Self
s:s17FixedWidthIntegerPsE2apoiyxx_xtFZ::SYNTHESIZED::s:Si	swift.func.op	&+(_:_:)	Int.&+(_:_:)	static func &+ (lhs: Self, rhs: Self) -> Self
s:s17FixedWidthIntegerPsE2apoiyxx_xtFZ::SYNTHESIZED::s:Su	swift.func.op	&+(_:_:)	UInt.&+(_:_:)	static func &+ (lhs: Self, rhs: Self) -> Self
s:s17FixedWidthIntegerPsE2apoiyxx_xtFZ::SYNTHESIZED::s:s4Int8V	swift.func.op	&+(_:_:)	Int8.&+(_:_:)	static func &+ (lhs: Self, rhs: Self) -> Self
s:s17FixedWidthIntegerPsE2apoiyxx_xtFZ::SYNTHESIZED::s:s5Int16V	swift.func.op	&+(_:_:)	Int16.&+(_:_:)	static func &+ (lhs: Self, rhs: Self) -> Self
s:s17FixedWidthIntegerPsE2apoiyxx_xtFZ::SYNTHESIZED::s:s5Int32V	swift.func.op	&+(_:_:)	Int32.&+(_:_:)	static func &+ (lhs: Self, rhs: Self) -> Self
s:s17FixedWidthIntegerPsE2apoiyxx_xtFZ::SYNTHESIZED::s:s5Int64V	swift.func.op	&+(_:_:)	Int64.&+(_:_:)	static func &+ (lhs: Self, rhs: Self) -> Self
s:s17FixedWidthIntegerPsE2apoiyxx_xtFZ::SYNTHESIZED::s:s5UInt8V	swift.func.op	&+(_:_:)	UInt8.&+(_:_:)	static func &+ (lhs: Self, rhs: Self) -> Self
s:s17FixedWidthIntegerPsE2apoiyxx_xtFZ::SYNTHESIZED::s:s6UInt16V	swift.func.op	&+(_:_:)	UInt16.&+(_:_:)	static func &+ (lhs: Self, rhs: Self) -> Self
s:s17FixedWidthIntegerPsE2apoiyxx_xtFZ::SYNTHESIZED::s:s6UInt32V	swift.func.op	&+(_:_:)	UInt32.&+(_:_:)	static func &+ (lhs: Self, rhs: Self) -> Self
s:s17FixedWidthIntegerPsE2apoiyxx_xtFZ::SYNTHESIZED::s:s6UInt64V	swift.func.op	&+(_:_:)	UInt64.&+(_:_:)	static func &+ (lhs: Self, rhs: Self) -> Self
s:s17FixedWidthIntegerPsE2asoiyxx_xtFZ::SYNTHESIZED::s:Si	swift.func.op	&-(_:_:)	Int.&-(_:_:)	static func &- (lhs: Self, rhs: Self) -> Self
s:s17FixedWidthIntegerPsE2asoiyxx_xtFZ::SYNTHESIZED::s:Su	swift.func.op	&-(_:_:)	UInt.&-(_:_:)	static func &- (lhs: Self, rhs: Self) -> Self
s:s17FixedWidthIntegerPsE2asoiyxx_xtFZ::SYNTHESIZED::s:s4Int8V	swift.func.op	&-(_:_:)	Int8.&-(_:_:)	static func &- (lhs: Self, rhs: Self) -> Self
s:s17FixedWidthIntegerPsE2asoiyxx_xtFZ::SYNTHESIZED::s:s5Int16V	swift.func.op	&-(_:_:)	Int16.&-(_:_:)	static func &- (lhs: Self, rhs: Self) -> Self
s:s17FixedWidthIntegerPsE2asoiyxx_xtFZ::SYNTHESIZED::s:s5Int32V	swift.func.op	&-(_:_:)	Int32.&-(_:_:)	static func &- (lhs: Self, rhs: Self) -> Self
s:s17FixedWidthIntegerPsE2asoiyxx_xtFZ::SYNTHESIZED::s:s5Int64V	swift.func.op	&-(_:_:)	Int64.&-(_:_:)	static func &- (lhs: Self, rhs: Self) -> Self
s:s17FixedWidthIntegerPsE2asoiyxx_xtFZ::SYNTHESIZED::s:s5UInt8V	swift.func.op	&-(_:_:)	UInt8.&-(_:_:)	static func &- (lhs: Self, rhs: Self) -> Self
s:s17FixedWidthIntegerPsE2asoiyxx_xtFZ::SYNTHESIZED::s:s6UInt16V	swift.func.op	&-(_:_:)	UInt16.&-(_:_:)	static func &- (lhs: Self, rhs: Self) -> Self
s:s17FixedWidthIntegerPsE2asoiyxx_xtFZ::SYNTHESIZED::s:s6UInt32V	swift.func.op	&-(_:_:)	UInt32.&-(_:_:)	static func &- (lhs: Self, rhs: Self) -> Self
s:s17FixedWidthIntegerPsE2asoiyxx_xtFZ::SYNTHESIZED::s:s6UInt64V	swift.func.op	&-(_:_:)	UInt64.&-(_:_:)	static func &- (lhs: Self, rhs: Self) -> Self
s:s17FixedWidthIntegerPsE2ggoiyxx_qd__tSzRd__lFZ::SYNTHESIZED::s:Si	swift.func.op	>>(_:_:)	Int.>>(_:_:)	static func >> <Other>(lhs: Self, rhs: Other) -> Self where Other : BinaryInteger
s:s17FixedWidthIntegerPsE2ggoiyxx_qd__tSzRd__lFZ::SYNTHESIZED::s:Su	swift.func.op	>>(_:_:)	UInt.>>(_:_:)	static func >> <Other>(lhs: Self, rhs: Other) -> Self where Other : BinaryInteger
s:s17FixedWidthIntegerPsE2ggoiyxx_qd__tSzRd__lFZ::SYNTHESIZED::s:s4Int8V	swift.func.op	>>(_:_:)	Int8.>>(_:_:)	static func >> <Other>(lhs: Self, rhs: Other) -> Self where Other : BinaryInteger
s:s17FixedWidthIntegerPsE2ggoiyxx_qd__tSzRd__lFZ::SYNTHESIZED::s:s5Int16V	swift.func.op	>>(_:_:)	Int16.>>(_:_:)	static func >> <Other>(lhs: Self, rhs: Other) -> Self where Other : BinaryInteger
s:s17FixedWidthIntegerPsE2ggoiyxx_qd__tSzRd__lFZ::SYNTHESIZED::s:s5Int32V	swift.func.op	>>(_:_:)	Int32.>>(_:_:)	static func >> <Other>(lhs: Self, rhs: Other) -> Self where Other : BinaryInteger
s:s17FixedWidthIntegerPsE2ggoiyxx_qd__tSzRd__lFZ::SYNTHESIZED::s:s5Int64V	swift.func.op	>>(_:_:)	Int64.>>(_:_:)	static func >> <Other>(lhs: Self, rhs: Other) -> Self where Other : BinaryInteger
s:s17FixedWidthIntegerPsE2ggoiyxx_qd__tSzRd__lFZ::SYNTHESIZED::s:s5UInt8V	swift.func.op	>>(_:_:)	UInt8.>>(_:_:)	static func >> <Other>(lhs: Self, rhs: Other) -> Self where Other : BinaryInteger
s:s17FixedWidthIntegerPsE2ggoiyxx_qd__tSzRd__lFZ::SYNTHESIZED::s:s6UInt16V	swift.func.op	>>(_:_:)	UInt16.>>(_:_:)	static func >> <Other>(lhs: Self, rhs: Other) -> Self where Other : BinaryInteger
s:s17FixedWidthIntegerPsE2ggoiyxx_qd__tSzRd__lFZ::SYNTHESIZED::s:s6UInt32V	swift.func.op	>>(_:_:)	UInt32.>>(_:_:)	static func >> <Other>(lhs: Self, rhs: Other) -> Self where Other : BinaryInteger
s:s17FixedWidthIntegerPsE2ggoiyxx_qd__tSzRd__lFZ::SYNTHESIZED::s:s6UInt64V	swift.func.op	>>(_:_:)	UInt64.>>(_:_:)	static func >> <Other>(lhs: Self, rhs: Other) -> Self where Other : BinaryInteger
s:s17FixedWidthIntegerPsE2lloiyxx_qd__tSzRd__lFZ::SYNTHESIZED::s:Si	swift.func.op	<<(_:_:)	Int.<<(_:_:)	static func << <Other>(lhs: Self, rhs: Other) -> Self where Other : BinaryInteger
s:s17FixedWidthIntegerPsE2lloiyxx_qd__tSzRd__lFZ::SYNTHESIZED::s:Su	swift.func.op	<<(_:_:)	UInt.<<(_:_:)	static func << <Other>(lhs: Self, rhs: Other) -> Self where Other : BinaryInteger
s:s17FixedWidthIntegerPsE2lloiyxx_qd__tSzRd__lFZ::SYNTHESIZED::s:s4Int8V	swift.func.op	<<(_:_:)	Int8.<<(_:_:)	static func << <Other>(lhs: Self, rhs: Other) -> Self where Other : BinaryInteger
s:s17FixedWidthIntegerPsE2lloiyxx_qd__tSzRd__lFZ::SYNTHESIZED::s:s5Int16V	swift.func.op	<<(_:_:)	Int16.<<(_:_:)	static func << <Other>(lhs: Self, rhs: Other) -> Self where Other : BinaryInteger
s:s17FixedWidthIntegerPsE2lloiyxx_qd__tSzRd__lFZ::SYNTHESIZED::s:s5Int32V	swift.func.op	<<(_:_:)	Int32.<<(_:_:)	static func << <Other>(lhs: Self, rhs: Other) -> Self where Other : BinaryInteger
s:s17FixedWidthIntegerPsE2lloiyxx_qd__tSzRd__lFZ::SYNTHESIZED::s:s5Int64V	swift.func.op	<<(_:_:)	Int64.<<(_:_:)	static func << <Other>(lhs: Self, rhs: Other) -> Self where Other : BinaryInteger
s:s17FixedWidthIntegerPsE2lloiyxx_qd__tSzRd__lFZ::SYNTHESIZED::s:s5UInt8V	swift.func.op	<<(_:_:)	UInt8.<<(_:_:)	static func << <Other>(lhs: Self, rhs: Other) -> Self where Other : BinaryInteger
s:s17FixedWidthIntegerPsE2lloiyxx_qd__tSzRd__lFZ::SYNTHESIZED::s:s6UInt16V	swift.func.op	<<(_:_:)	UInt16.<<(_:_:)	static func << <Other>(lhs: Self, rhs: Other) -> Self where Other : BinaryInteger
s:s17FixedWidthIntegerPsE2lloiyxx_qd__tSzRd__lFZ::SYNTHESIZED::s:s6UInt32V	swift.func.op	<<(_:_:)	UInt32.<<(_:_:)	static func << <Other>(lhs: Self, rhs: Other) -> Self where Other : BinaryInteger
s:s17FixedWidthIntegerPsE2lloiyxx_qd__tSzRd__lFZ::SYNTHESIZED::s:s6UInt64V	swift.func.op	<<(_:_:)	UInt64.<<(_:_:)	static func << <Other>(lhs: Self, rhs: Other) -> Self where Other : BinaryInteger
s:s17FixedWidthIntegerPsE3aggoiyxx_qd__tSzRd__lFZ::SYNTHESIZED::s:Si	swift.func.op	&>>(_:_:)	Int.&>>(_:_:)	static func &>> <Other>(lhs: Self, rhs: Other) -> Self where Other : BinaryInteger
s:s17FixedWidthIntegerPsE3aggoiyxx_qd__tSzRd__lFZ::SYNTHESIZED::s:Su	swift.func.op	&>>(_:_:)	UInt.&>>(_:_:)	static func &>> <Other>(lhs: Self, rhs: Other) -> Self where Other : BinaryInteger
s:s17FixedWidthIntegerPsE3aggoiyxx_qd__tSzRd__lFZ::SYNTHESIZED::s:s4Int8V	swift.func.op	&>>(_:_:)	Int8.&>>(_:_:)	static func &>> <Other>(lhs: Self, rhs: Other) -> Self where Other : BinaryInteger
s:s17FixedWidthIntegerPsE3aggoiyxx_qd__tSzRd__lFZ::SYNTHESIZED::s:s5Int16V	swift.func.op	&>>(_:_:)	Int16.&>>(_:_:)	static func &>> <Other>(lhs: Self, rhs: Other) -> Self where Other : BinaryInteger
s:s17FixedWidthIntegerPsE3aggoiyxx_qd__tSzRd__lFZ::SYNTHESIZED::s:s5Int32V	swift.func.op	&>>(_:_:)	Int32.&>>(_:_:)	static func &>> <Other>(lhs: Self, rhs: Other) -> Self where Other : BinaryInteger
s:s17FixedWidthIntegerPsE3aggoiyxx_qd__tSzRd__lFZ::SYNTHESIZED::s:s5Int64V	swift.func.op	&>>(_:_:)	Int64.&>>(_:_:)	static func &>> <Other>(lhs: Self, rhs: Other) -> Self where Other : BinaryInteger
s:s17FixedWidthIntegerPsE3aggoiyxx_qd__tSzRd__lFZ::SYNTHESIZED::s:s5UInt8V	swift.func.op	&>>(_:_:)	UInt8.&>>(_:_:)	static func &>> <Other>(lhs: Self, rhs: Other) -> Self where Other : BinaryInteger
s:s17FixedWidthIntegerPsE3aggoiyxx_qd__tSzRd__lFZ::SYNTHESIZED::s:s6UInt16V	swift.func.op	&>>(_:_:)	UInt16.&>>(_:_:)	static func &>> <Other>(lhs: Self, rhs: Other) -> Self where Other : BinaryInteger
s:s17FixedWidthIntegerPsE3aggoiyxx_qd__tSzRd__lFZ::SYNTHESIZED::s:s6UInt32V	swift.func.op	&>>(_:_:)	UInt32.&>>(_:_:)	static func &>> <Other>(lhs: Self, rhs: Other) -> Self where Other : BinaryInteger
s:s17FixedWidthIntegerPsE3aggoiyxx_qd__tSzRd__lFZ::SYNTHESIZED::s:s6UInt64V	swift.func.op	&>>(_:_:)	UInt64.&>>(_:_:)	static func &>> <Other>(lhs: Self, rhs: Other) -> Self where Other : BinaryInteger
s:s17FixedWidthIntegerPsE3aggoiyxx_xtFZ::SYNTHESIZED::s:Si	swift.func.op	&>>(_:_:)	Int.&>>(_:_:)	static func &>> (lhs: Self, rhs: Self) -> Self
s:s17FixedWidthIntegerPsE3aggoiyxx_xtFZ::SYNTHESIZED::s:Su	swift.func.op	&>>(_:_:)	UInt.&>>(_:_:)	static func &>> (lhs: Self, rhs: Self) -> Self
s:s17FixedWidthIntegerPsE3aggoiyxx_xtFZ::SYNTHESIZED::s:s4Int8V	swift.func.op	&>>(_:_:)	Int8.&>>(_:_:)	static func &>> (lhs: Self, rhs: Self) -> Self
s:s17FixedWidthIntegerPsE3aggoiyxx_xtFZ::SYNTHESIZED::s:s5Int16V	swift.func.op	&>>(_:_:)	Int16.&>>(_:_:)	static func &>> (lhs: Self, rhs: Self) -> Self
s:s17FixedWidthIntegerPsE3aggoiyxx_xtFZ::SYNTHESIZED::s:s5Int32V	swift.func.op	&>>(_:_:)	Int32.&>>(_:_:)	static func &>> (lhs: Self, rhs: Self) -> Self
s:s17FixedWidthIntegerPsE3aggoiyxx_xtFZ::SYNTHESIZED::s:s5Int64V	swift.func.op	&>>(_:_:)	Int64.&>>(_:_:)	static func &>> (lhs: Self, rhs: Self) -> Self
s:s17FixedWidthIntegerPsE3aggoiyxx_xtFZ::SYNTHESIZED::s:s5UInt8V	swift.func.op	&>>(_:_:)	UInt8.&>>(_:_:)	static func &>> (lhs: Self, rhs: Self) -> Self
s:s17FixedWidthIntegerPsE3aggoiyxx_xtFZ::SYNTHESIZED::s:s6UInt16V	swift.func.op	&>>(_:_:)	UInt16.&>>(_:_:)	static func &>> (lhs: Self, rhs: Self) -> Self
s:s17FixedWidthIntegerPsE3aggoiyxx_xtFZ::SYNTHESIZED::s:s6UInt32V	swift.func.op	&>>(_:_:)	UInt32.&>>(_:_:)	static func &>> (lhs: Self, rhs: Self) -> Self
s:s17FixedWidthIntegerPsE3aggoiyxx_xtFZ::SYNTHESIZED::s:s6UInt64V	swift.func.op	&>>(_:_:)	UInt64.&>>(_:_:)	static func &>> (lhs: Self, rhs: Self) -> Self
s:s17FixedWidthIntegerPsE3alloiyxx_qd__tSzRd__lFZ::SYNTHESIZED::s:Si	swift.func.op	&<<(_:_:)	Int.&<<(_:_:)	static func &<< <Other>(lhs: Self, rhs: Other) -> Self where Other : BinaryInteger
s:s17FixedWidthIntegerPsE3alloiyxx_qd__tSzRd__lFZ::SYNTHESIZED::s:Su	swift.func.op	&<<(_:_:)	UInt.&<<(_:_:)	static func &<< <Other>(lhs: Self, rhs: Other) -> Self where Other : BinaryInteger
s:s17FixedWidthIntegerPsE3alloiyxx_qd__tSzRd__lFZ::SYNTHESIZED::s:s4Int8V	swift.func.op	&<<(_:_:)	Int8.&<<(_:_:)	static func &<< <Other>(lhs: Self, rhs: Other) -> Self where Other : BinaryInteger
s:s17FixedWidthIntegerPsE3alloiyxx_qd__tSzRd__lFZ::SYNTHESIZED::s:s5Int16V	swift.func.op	&<<(_:_:)	Int16.&<<(_:_:)	static func &<< <Other>(lhs: Self, rhs: Other) -> Self where Other : BinaryInteger
s:s17FixedWidthIntegerPsE3alloiyxx_qd__tSzRd__lFZ::SYNTHESIZED::s:s5Int32V	swift.func.op	&<<(_:_:)	Int32.&<<(_:_:)	static func &<< <Other>(lhs: Self, rhs: Other) -> Self where Other : BinaryInteger
s:s17FixedWidthIntegerPsE3alloiyxx_qd__tSzRd__lFZ::SYNTHESIZED::s:s5Int64V	swift.func.op	&<<(_:_:)	Int64.&<<(_:_:)	static func &<< <Other>(lhs: Self, rhs: Other) -> Self where Other : BinaryInteger
s:s17FixedWidthIntegerPsE3alloiyxx_qd__tSzRd__lFZ::SYNTHESIZED::s:s5UInt8V	swift.func.op	&<<(_:_:)	UInt8.&<<(_:_:)	static func &<< <Other>(lhs: Self, rhs: Other) -> Self where Other : BinaryInteger
s:s17FixedWidthIntegerPsE3alloiyxx_qd__tSzRd__lFZ::SYNTHESIZED::s:s6UInt16V	swift.func.op	&<<(_:_:)	UInt16.&<<(_:_:)	static func &<< <Other>(lhs: Self, rhs: Other) -> Self where Other : BinaryInteger
s:s17FixedWidthIntegerPsE3alloiyxx_qd__tSzRd__lFZ::SYNTHESIZED::s:s6UInt32V	swift.func.op	&<<(_:_:)	UInt32.&<<(_:_:)	static func &<< <Other>(lhs: Self, rhs: Other) -> Self where Other : BinaryInteger
s:s17FixedWidthIntegerPsE3alloiyxx_qd__tSzRd__lFZ::SYNTHESIZED::s:s6UInt64V	swift.func.op	&<<(_:_:)	UInt64.&<<(_:_:)	static func &<< <Other>(lhs: Self, rhs: Other) -> Self where Other : BinaryInteger
s:s17FixedWidthIntegerPsE3alloiyxx_xtFZ::SYNTHESIZED::s:Si	swift.func.op	&<<(_:_:)	Int.&<<(_:_:)	static func &<< (lhs: Self, rhs: Self) -> Self
s:s17FixedWidthIntegerPsE3alloiyxx_xtFZ::SYNTHESIZED::s:Su	swift.func.op	&<<(_:_:)	UInt.&<<(_:_:)	static func &<< (lhs: Self, rhs: Self) -> Self
s:s17FixedWidthIntegerPsE3alloiyxx_xtFZ::SYNTHESIZED::s:s4Int8V	swift.func.op	&<<(_:_:)	Int8.&<<(_:_:)	static func &<< (lhs: Self, rhs: Self) -> Self
s:s17FixedWidthIntegerPsE3alloiyxx_xtFZ::SYNTHESIZED::s:s5Int16V	swift.func.op	&<<(_:_:)	Int16.&<<(_:_:)	static func &<< (lhs: Self, rhs: Self) -> Self
s:s17FixedWidthIntegerPsE3alloiyxx_xtFZ::SYNTHESIZED::s:s5Int32V	swift.func.op	&<<(_:_:)	Int32.&<<(_:_:)	static func &<< (lhs: Self, rhs: Self) -> Self
s:s17FixedWidthIntegerPsE3alloiyxx_xtFZ::SYNTHESIZED::s:s5Int64V	swift.func.op	&<<(_:_:)	Int64.&<<(_:_:)	static func &<< (lhs: Self, rhs: Self) -> Self
s:s17FixedWidthIntegerPsE3alloiyxx_xtFZ::SYNTHESIZED::s:s5UInt8V	swift.func.op	&<<(_:_:)	UInt8.&<<(_:_:)	static func &<< (lhs: Self, rhs: Self) -> Self
s:s17FixedWidthIntegerPsE3alloiyxx_xtFZ::SYNTHESIZED::s:s6UInt16V	swift.func.op	&<<(_:_:)	UInt16.&<<(_:_:)	static func &<< (lhs: Self, rhs: Self) -> Self
s:s17FixedWidthIntegerPsE3alloiyxx_xtFZ::SYNTHESIZED::s:s6UInt32V	swift.func.op	&<<(_:_:)	UInt32.&<<(_:_:)	static func &<< (lhs: Self, rhs: Self) -> Self
s:s17FixedWidthIntegerPsE3alloiyxx_xtFZ::SYNTHESIZED::s:s6UInt64V	swift.func.op	&<<(_:_:)	UInt64.&<<(_:_:)	static func &<< (lhs: Self, rhs: Self) -> Self
s:s17FixedWidthIntegerPsE3ameoiyyxz_xtFZ::SYNTHESIZED::s:Si	swift.func.op	&*=(_:_:)	Int.&*=(_:_:)	static func &*= (lhs: inout Self, rhs: Self)
s:s17FixedWidthIntegerPsE3ameoiyyxz_xtFZ::SYNTHESIZED::s:Su	swift.func.op	&*=(_:_:)	UInt.&*=(_:_:)	static func &*= (lhs: inout Self, rhs: Self)
s:s17FixedWidthIntegerPsE3ameoiyyxz_xtFZ::SYNTHESIZED::s:s4Int8V	swift.func.op	&*=(_:_:)	Int8.&*=(_:_:)	static func &*= (lhs: inout Self, rhs: Self)
s:s17FixedWidthIntegerPsE3ameoiyyxz_xtFZ::SYNTHESIZED::s:s5Int16V	swift.func.op	&*=(_:_:)	Int16.&*=(_:_:)	static func &*= (lhs: inout Self, rhs: Self)
s:s17FixedWidthIntegerPsE3ameoiyyxz_xtFZ::SYNTHESIZED::s:s5Int32V	swift.func.op	&*=(_:_:)	Int32.&*=(_:_:)	static func &*= (lhs: inout Self, rhs: Self)
s:s17FixedWidthIntegerPsE3ameoiyyxz_xtFZ::SYNTHESIZED::s:s5Int64V	swift.func.op	&*=(_:_:)	Int64.&*=(_:_:)	static func &*= (lhs: inout Self, rhs: Self)
s:s17FixedWidthIntegerPsE3ameoiyyxz_xtFZ::SYNTHESIZED::s:s5UInt8V	swift.func.op	&*=(_:_:)	UInt8.&*=(_:_:)	static func &*= (lhs: inout Self, rhs: Self)
s:s17FixedWidthIntegerPsE3ameoiyyxz_xtFZ::SYNTHESIZED::s:s6UInt16V	swift.func.op	&*=(_:_:)	UInt16.&*=(_:_:)	static func &*= (lhs: inout Self, rhs: Self)
s:s17FixedWidthIntegerPsE3ameoiyyxz_xtFZ::SYNTHESIZED::s:s6UInt32V	swift.func.op	&*=(_:_:)	UInt32.&*=(_:_:)	static func &*= (lhs: inout Self, rhs: Self)
s:s17FixedWidthIntegerPsE3ameoiyyxz_xtFZ::SYNTHESIZED::s:s6UInt64V	swift.func.op	&*=(_:_:)	UInt64.&*=(_:_:)	static func &*= (lhs: inout Self, rhs: Self)
s:s17FixedWidthIntegerPsE3apeoiyyxz_xtFZ::SYNTHESIZED::s:Si	swift.func.op	&+=(_:_:)	Int.&+=(_:_:)	static func &+= (lhs: inout Self, rhs: Self)
s:s17FixedWidthIntegerPsE3apeoiyyxz_xtFZ::SYNTHESIZED::s:Su	swift.func.op	&+=(_:_:)	UInt.&+=(_:_:)	static func &+= (lhs: inout Self, rhs: Self)
s:s17FixedWidthIntegerPsE3apeoiyyxz_xtFZ::SYNTHESIZED::s:s4Int8V	swift.func.op	&+=(_:_:)	Int8.&+=(_:_:)	static func &+= (lhs: inout Self, rhs: Self)
s:s17FixedWidthIntegerPsE3apeoiyyxz_xtFZ::SYNTHESIZED::s:s5Int16V	swift.func.op	&+=(_:_:)	Int16.&+=(_:_:)	static func &+= (lhs: inout Self, rhs: Self)
s:s17FixedWidthIntegerPsE3apeoiyyxz_xtFZ::SYNTHESIZED::s:s5Int32V	swift.func.op	&+=(_:_:)	Int32.&+=(_:_:)	static func &+= (lhs: inout Self, rhs: Self)
s:s17FixedWidthIntegerPsE3apeoiyyxz_xtFZ::SYNTHESIZED::s:s5Int64V	swift.func.op	&+=(_:_:)	Int64.&+=(_:_:)	static func &+= (lhs: inout Self, rhs: Self)
s:s17FixedWidthIntegerPsE3apeoiyyxz_xtFZ::SYNTHESIZED::s:s5UInt8V	swift.func.op	&+=(_:_:)	UInt8.&+=(_:_:)	static func &+= (lhs: inout Self, rhs: Self)
s:s17FixedWidthIntegerPsE3apeoiyyxz_xtFZ::SYNTHESIZED::s:s6UInt16V	swift.func.op	&+=(_:_:)	UInt16.&+=(_:_:)	static func &+= (lhs: inout Self, rhs: Self)
s:s17FixedWidthIntegerPsE3apeoiyyxz_xtFZ::SYNTHESIZED::s:s6UInt32V	swift.func.op	&+=(_:_:)	UInt32.&+=(_:_:)	static func &+= (lhs: inout Self, rhs: Self)
s:s17FixedWidthIntegerPsE3apeoiyyxz_xtFZ::SYNTHESIZED::s:s6UInt64V	swift.func.op	&+=(_:_:)	UInt64.&+=(_:_:)	static func &+= (lhs: inout Self, rhs: Self)
s:s17FixedWidthIntegerPsE3aseoiyyxz_xtFZ::SYNTHESIZED::s:Si	swift.func.op	&-=(_:_:)	Int.&-=(_:_:)	static func &-= (lhs: inout Self, rhs: Self)
s:s17FixedWidthIntegerPsE3aseoiyyxz_xtFZ::SYNTHESIZED::s:Su	swift.func.op	&-=(_:_:)	UInt.&-=(_:_:)	static func &-= (lhs: inout Self, rhs: Self)
s:s17FixedWidthIntegerPsE3aseoiyyxz_xtFZ::SYNTHESIZED::s:s4Int8V	swift.func.op	&-=(_:_:)	Int8.&-=(_:_:)	static func &-= (lhs: inout Self, rhs: Self)
s:s17FixedWidthIntegerPsE3aseoiyyxz_xtFZ::SYNTHESIZED::s:s5Int16V	swift.func.op	&-=(_:_:)	Int16.&-=(_:_:)	static func &-= (lhs: inout Self, rhs: Self)
s:s17FixedWidthIntegerPsE3aseoiyyxz_xtFZ::SYNTHESIZED::s:s5Int32V	swift.func.op	&-=(_:_:)	Int32.&-=(_:_:)	static func &-= (lhs: inout Self, rhs: Self)
s:s17FixedWidthIntegerPsE3aseoiyyxz_xtFZ::SYNTHESIZED::s:s5Int64V	swift.func.op	&-=(_:_:)	Int64.&-=(_:_:)	static func &-= (lhs: inout Self, rhs: Self)
s:s17FixedWidthIntegerPsE3aseoiyyxz_xtFZ::SYNTHESIZED::s:s5UInt8V	swift.func.op	&-=(_:_:)	UInt8.&-=(_:_:)	static func &-= (lhs: inout Self, rhs: Self)
s:s17FixedWidthIntegerPsE3aseoiyyxz_xtFZ::SYNTHESIZED::s:s6UInt16V	swift.func.op	&-=(_:_:)	UInt16.&-=(_:_:)	static func &-= (lhs: inout Self, rhs: Self)
s:s17FixedWidthIntegerPsE3aseoiyyxz_xtFZ::SYNTHESIZED::s:s6UInt32V	swift.func.op	&-=(_:_:)	UInt32.&-=(_:_:)	static func &-= (lhs: inout Self, rhs: Self)
s:s17FixedWidthIntegerPsE3aseoiyyxz_xtFZ::SYNTHESIZED::s:s6UInt64V	swift.func.op	&-=(_:_:)	UInt64.&-=(_:_:)	static func &-= (lhs: inout Self, rhs: Self)
s:s17FixedWidthIntegerPsE3ggeoiyyxz_qd__tSzRd__lFZ::SYNTHESIZED::s:Si	swift.func.op	>>=(_:_:)	Int.>>=(_:_:)	static func >>= <Other>(lhs: inout Self, rhs: Other) where Other : BinaryInteger
s:s17FixedWidthIntegerPsE3ggeoiyyxz_qd__tSzRd__lFZ::SYNTHESIZED::s:Su	swift.func.op	>>=(_:_:)	UInt.>>=(_:_:)	static func >>= <Other>(lhs: inout Self, rhs: Other) where Other : BinaryInteger
s:s17FixedWidthIntegerPsE3ggeoiyyxz_qd__tSzRd__lFZ::SYNTHESIZED::s:s4Int8V	swift.func.op	>>=(_:_:)	Int8.>>=(_:_:)	static func >>= <Other>(lhs: inout Self, rhs: Other) where Other : BinaryInteger
s:s17FixedWidthIntegerPsE3ggeoiyyxz_qd__tSzRd__lFZ::SYNTHESIZED::s:s5Int16V	swift.func.op	>>=(_:_:)	Int16.>>=(_:_:)	static func >>= <Other>(lhs: inout Self, rhs: Other) where Other : BinaryInteger
s:s17FixedWidthIntegerPsE3ggeoiyyxz_qd__tSzRd__lFZ::SYNTHESIZED::s:s5Int32V	swift.func.op	>>=(_:_:)	Int32.>>=(_:_:)	static func >>= <Other>(lhs: inout Self, rhs: Other) where Other : BinaryInteger
s:s17FixedWidthIntegerPsE3ggeoiyyxz_qd__tSzRd__lFZ::SYNTHESIZED::s:s5Int64V	swift.func.op	>>=(_:_:)	Int64.>>=(_:_:)	static func >>= <Other>(lhs: inout Self, rhs: Other) where Other : BinaryInteger
s:s17FixedWidthIntegerPsE3ggeoiyyxz_qd__tSzRd__lFZ::SYNTHESIZED::s:s5UInt8V	swift.func.op	>>=(_:_:)	UInt8.>>=(_:_:)	static func >>= <Other>(lhs: inout Self, rhs: Other) where Other : BinaryInteger
s:s17FixedWidthIntegerPsE3ggeoiyyxz_qd__tSzRd__lFZ::SYNTHESIZED::s:s6UInt16V	swift.func.op	>>=(_:_:)	UInt16.>>=(_:_:)	static func >>= <Other>(lhs: inout Self, rhs: Other) where Other : BinaryInteger
s:s17FixedWidthIntegerPsE3ggeoiyyxz_qd__tSzRd__lFZ::SYNTHESIZED::s:s6UInt32V	swift.func.op	>>=(_:_:)	UInt32.>>=(_:_:)	static func >>= <Other>(lhs: inout Self, rhs: Other) where Other : BinaryInteger
s:s17FixedWidthIntegerPsE3ggeoiyyxz_qd__tSzRd__lFZ::SYNTHESIZED::s:s6UInt64V	swift.func.op	>>=(_:_:)	UInt64.>>=(_:_:)	static func >>= <Other>(lhs: inout Self, rhs: Other) where Other : BinaryInteger
s:s17FixedWidthIntegerPsE3lleoiyyxz_qd__tSzRd__lFZ::SYNTHESIZED::s:Si	swift.func.op	<<=(_:_:)	Int.<<=(_:_:)	static func <<= <Other>(lhs: inout Self, rhs: Other) where Other : BinaryInteger
s:s17FixedWidthIntegerPsE3lleoiyyxz_qd__tSzRd__lFZ::SYNTHESIZED::s:Su	swift.func.op	<<=(_:_:)	UInt.<<=(_:_:)	static func <<= <Other>(lhs: inout Self, rhs: Other) where Other : BinaryInteger
s:s17FixedWidthIntegerPsE3lleoiyyxz_qd__tSzRd__lFZ::SYNTHESIZED::s:s4Int8V	swift.func.op	<<=(_:_:)	Int8.<<=(_:_:)	static func <<= <Other>(lhs: inout Self, rhs: Other) where Other : BinaryInteger
s:s17FixedWidthIntegerPsE3lleoiyyxz_qd__tSzRd__lFZ::SYNTHESIZED::s:s5Int16V	swift.func.op	<<=(_:_:)	Int16.<<=(_:_:)	static func <<= <Other>(lhs: inout Self, rhs: Other) where Other : BinaryInteger
s:s17FixedWidthIntegerPsE3lleoiyyxz_qd__tSzRd__lFZ::SYNTHESIZED::s:s5Int32V	swift.func.op	<<=(_:_:)	Int32.<<=(_:_:)	static func <<= <Other>(lhs: inout Self, rhs: Other) where Other : BinaryInteger
s:s17FixedWidthIntegerPsE3lleoiyyxz_qd__tSzRd__lFZ::SYNTHESIZED::s:s5Int64V	swift.func.op	<<=(_:_:)	Int64.<<=(_:_:)	static func <<= <Other>(lhs: inout Self, rhs: Other) where Other : BinaryInteger
s:s17FixedWidthIntegerPsE3lleoiyyxz_qd__tSzRd__lFZ::SYNTHESIZED::s:s5UInt8V	swift.func.op	<<=(_:_:)	UInt8.<<=(_:_:)	static func <<= <Other>(lhs: inout Self, rhs: Other) where Other : BinaryInteger
s:s17FixedWidthIntegerPsE3lleoiyyxz_qd__tSzRd__lFZ::SYNTHESIZED::s:s6UInt16V	swift.func.op	<<=(_:_:)	UInt16.<<=(_:_:)	static func <<= <Other>(lhs: inout Self, rhs: Other) where Other : BinaryInteger
s:s17FixedWidthIntegerPsE3lleoiyyxz_qd__tSzRd__lFZ::SYNTHESIZED::s:s6UInt32V	swift.func.op	<<=(_:_:)	UInt32.<<=(_:_:)	static func <<= <Other>(lhs: inout Self, rhs: Other) where Other : BinaryInteger
s:s17FixedWidthIntegerPsE3lleoiyyxz_qd__tSzRd__lFZ::SYNTHESIZED::s:s6UInt64V	swift.func.op	<<=(_:_:)	UInt64.<<=(_:_:)	static func <<= <Other>(lhs: inout Self, rhs: Other) where Other : BinaryInteger
s:s17FixedWidthIntegerPsE4aggeoiyyxz_qd__tSzRd__lFZ::SYNTHESIZED::s:Si	swift.func.op	&>>=(_:_:)	Int.&>>=(_:_:)	static func &>>= <Other>(lhs: inout Self, rhs: Other) where Other : BinaryInteger
s:s17FixedWidthIntegerPsE4aggeoiyyxz_qd__tSzRd__lFZ::SYNTHESIZED::s:Su	swift.func.op	&>>=(_:_:)	UInt.&>>=(_:_:)	static func &>>= <Other>(lhs: inout Self, rhs: Other) where Other : BinaryInteger
s:s17FixedWidthIntegerPsE4aggeoiyyxz_qd__tSzRd__lFZ::SYNTHESIZED::s:s4Int8V	swift.func.op	&>>=(_:_:)	Int8.&>>=(_:_:)	static func &>>= <Other>(lhs: inout Self, rhs: Other) where Other : BinaryInteger
s:s17FixedWidthIntegerPsE4aggeoiyyxz_qd__tSzRd__lFZ::SYNTHESIZED::s:s5Int16V	swift.func.op	&>>=(_:_:)	Int16.&>>=(_:_:)	static func &>>= <Other>(lhs: inout Self, rhs: Other) where Other : BinaryInteger
s:s17FixedWidthIntegerPsE4aggeoiyyxz_qd__tSzRd__lFZ::SYNTHESIZED::s:s5Int32V	swift.func.op	&>>=(_:_:)	Int32.&>>=(_:_:)	static func &>>= <Other>(lhs: inout Self, rhs: Other) where Other : BinaryInteger
s:s17FixedWidthIntegerPsE4aggeoiyyxz_qd__tSzRd__lFZ::SYNTHESIZED::s:s5Int64V	swift.func.op	&>>=(_:_:)	Int64.&>>=(_:_:)	static func &>>= <Other>(lhs: inout Self, rhs: Other) where Other : BinaryInteger
s:s17FixedWidthIntegerPsE4aggeoiyyxz_qd__tSzRd__lFZ::SYNTHESIZED::s:s5UInt8V	swift.func.op	&>>=(_:_:)	UInt8.&>>=(_:_:)	static func &>>= <Other>(lhs: inout Self, rhs: Other) where Other : BinaryInteger
s:s17FixedWidthIntegerPsE4aggeoiyyxz_qd__tSzRd__lFZ::SYNTHESIZED::s:s6UInt16V	swift.func.op	&>>=(_:_:)	UInt16.&>>=(_:_:)	static func &>>= <Other>(lhs: inout Self, rhs: Other) where Other : BinaryInteger
s:s17FixedWidthIntegerPsE4aggeoiyyxz_qd__tSzRd__lFZ::SYNTHESIZED::s:s6UInt32V	swift.func.op	&>>=(_:_:)	UInt32.&>>=(_:_:)	static func &>>= <Other>(lhs: inout Self, rhs: Other) where Other : BinaryInteger
s:s17FixedWidthIntegerPsE4aggeoiyyxz_qd__tSzRd__lFZ::SYNTHESIZED::s:s6UInt64V	swift.func.op	&>>=(_:_:)	UInt64.&>>=(_:_:)	static func &>>= <Other>(lhs: inout Self, rhs: Other) where Other : BinaryInteger
s:s17FixedWidthIntegerPsE4alleoiyyxz_qd__tSzRd__lFZ::SYNTHESIZED::s:Si	swift.func.op	&<<=(_:_:)	Int.&<<=(_:_:)	static func &<<= <Other>(lhs: inout Self, rhs: Other) where Other : BinaryInteger
s:s17FixedWidthIntegerPsE4alleoiyyxz_qd__tSzRd__lFZ::SYNTHESIZED::s:Su	swift.func.op	&<<=(_:_:)	UInt.&<<=(_:_:)	static func &<<= <Other>(lhs: inout Self, rhs: Other) where Other : BinaryInteger
s:s17FixedWidthIntegerPsE4alleoiyyxz_qd__tSzRd__lFZ::SYNTHESIZED::s:s4Int8V	swift.func.op	&<<=(_:_:)	Int8.&<<=(_:_:)	static func &<<= <Other>(lhs: inout Self, rhs: Other) where Other : BinaryInteger
s:s17FixedWidthIntegerPsE4alleoiyyxz_qd__tSzRd__lFZ::SYNTHESIZED::s:s5Int16V	swift.func.op	&<<=(_:_:)	Int16.&<<=(_:_:)	static func &<<= <Other>(lhs: inout Self, rhs: Other) where Other : BinaryInteger
s:s17FixedWidthIntegerPsE4alleoiyyxz_qd__tSzRd__lFZ::SYNTHESIZED::s:s5Int32V	swift.func.op	&<<=(_:_:)	Int32.&<<=(_:_:)	static func &<<= <Other>(lhs: inout Self, rhs: Other) where Other : BinaryInteger
s:s17FixedWidthIntegerPsE4alleoiyyxz_qd__tSzRd__lFZ::SYNTHESIZED::s:s5Int64V	swift.func.op	&<<=(_:_:)	Int64.&<<=(_:_:)	static func &<<= <Other>(lhs: inout Self, rhs: Other) where Other : BinaryInteger
s:s17FixedWidthIntegerPsE4alleoiyyxz_qd__tSzRd__lFZ::SYNTHESIZED::s:s5UInt8V	swift.func.op	&<<=(_:_:)	UInt8.&<<=(_:_:)	static func &<<= <Other>(lhs: inout Self, rhs: Other) where Other : BinaryInteger
s:s17FixedWidthIntegerPsE4alleoiyyxz_qd__tSzRd__lFZ::SYNTHESIZED::s:s6UInt16V	swift.func.op	&<<=(_:_:)	UInt16.&<<=(_:_:)	static func &<<= <Other>(lhs: inout Self, rhs: Other) where Other : BinaryInteger
s:s17FixedWidthIntegerPsE4alleoiyyxz_qd__tSzRd__lFZ::SYNTHESIZED::s:s6UInt32V	swift.func.op	&<<=(_:_:)	UInt32.&<<=(_:_:)	static func &<<= <Other>(lhs: inout Self, rhs: Other) where Other : BinaryInteger
s:s17FixedWidthIntegerPsE4alleoiyyxz_qd__tSzRd__lFZ::SYNTHESIZED::s:s6UInt64V	swift.func.op	&<<=(_:_:)	UInt64.&<<=(_:_:)	static func &<<= <Other>(lhs: inout Self, rhs: Other) where Other : BinaryInteger
s:s17FixedWidthIntegerPsE6random2in5usingxSNyxG_qd__ztSGRd__lFZ::SYNTHESIZED::s:Si	swift.type.method	random(in:using:)	Int.random(in:using:)	static func random<T>(in range: ClosedRange<Self>, using generator: inout T) -> Self where T : RandomNumberGenerator
s:s17FixedWidthIntegerPsE6random2in5usingxSNyxG_qd__ztSGRd__lFZ::SYNTHESIZED::s:Su	swift.type.method	random(in:using:)	UInt.random(in:using:)	static func random<T>(in range: ClosedRange<Self>, using generator: inout T) -> Self where T : RandomNumberGenerator
s:s17FixedWidthIntegerPsE6random2in5usingxSNyxG_qd__ztSGRd__lFZ::SYNTHESIZED::s:s4Int8V	swift.type.method	random(in:using:)	Int8.random(in:using:)	static func random<T>(in range: ClosedRange<Self>, using generator: inout T) -> Self where T : RandomNumberGenerator
s:s17FixedWidthIntegerPsE6random2in5usingxSNyxG_qd__ztSGRd__lFZ::SYNTHESIZED::s:s5Int16V	swift.type.method	random(in:using:)	Int16.random(in:using:)	static func random<T>(in range: ClosedRange<Self>, using generator: inout T) -> Self where T : RandomNumberGenerator
s:s17FixedWidthIntegerPsE6random2in5usingxSNyxG_qd__ztSGRd__lFZ::SYNTHESIZED::s:s5Int32V	swift.type.method	random(in:using:)	Int32.random(in:using:)	static func random<T>(in range: ClosedRange<Self>, using generator: inout T) -> Self where T : RandomNumberGenerator
s:s17FixedWidthIntegerPsE6random2in5usingxSNyxG_qd__ztSGRd__lFZ::SYNTHESIZED::s:s5Int64V	swift.type.method	random(in:using:)	Int64.random(in:using:)	static func random<T>(in range: ClosedRange<Self>, using generator: inout T) -> Self where T : RandomNumberGenerator
s:s17FixedWidthIntegerPsE6random2in5usingxSNyxG_qd__ztSGRd__lFZ::SYNTHESIZED::s:s5UInt8V	swift.type.method	random(in:using:)	UInt8.random(in:using:)	static func random<T>(in range: ClosedRange<Self>, using generator: inout T) -> Self where T : RandomNumberGenerator
s:s17FixedWidthIntegerPsE6random2in5usingxSNyxG_qd__ztSGRd__lFZ::SYNTHESIZED::s:s6UInt16V	swift.type.method	random(in:using:)	UInt16.random(in:using:)	static func random<T>(in range: ClosedRange<Self>, using generator: inout T) -> Self where T : RandomNumberGenerator
s:s17FixedWidthIntegerPsE6random2in5usingxSNyxG_qd__ztSGRd__lFZ::SYNTHESIZED::s:s6UInt32V	swift.type.method	random(in:using:)	UInt32.random(in:using:)	static func random<T>(in range: ClosedRange<Self>, using generator: inout T) -> Self where T : RandomNumberGenerator
s:s17FixedWidthIntegerPsE6random2in5usingxSNyxG_qd__ztSGRd__lFZ::SYNTHESIZED::s:s6UInt64V	swift.type.method	random(in:using:)	UInt64.random(in:using:)	static func random<T>(in range: ClosedRange<Self>, using generator: inout T) -> Self where T : RandomNumberGenerator
s:s17FixedWidthIntegerPsE6random2in5usingxSnyxG_qd__ztSGRd__lFZ::SYNTHESIZED::s:Si	swift.type.method	random(in:using:)	Int.random(in:using:)	static func random<T>(in range: Range<Self>, using generator: inout T) -> Self where T : RandomNumberGenerator
s:s17FixedWidthIntegerPsE6random2in5usingxSnyxG_qd__ztSGRd__lFZ::SYNTHESIZED::s:Su	swift.type.method	random(in:using:)	UInt.random(in:using:)	static func random<T>(in range: Range<Self>, using generator: inout T) -> Self where T : RandomNumberGenerator
s:s17FixedWidthIntegerPsE6random2in5usingxSnyxG_qd__ztSGRd__lFZ::SYNTHESIZED::s:s4Int8V	swift.type.method	random(in:using:)	Int8.random(in:using:)	static func random<T>(in range: Range<Self>, using generator: inout T) -> Self where T : RandomNumberGenerator
s:s17FixedWidthIntegerPsE6random2in5usingxSnyxG_qd__ztSGRd__lFZ::SYNTHESIZED::s:s5Int16V	swift.type.method	random(in:using:)	Int16.random(in:using:)	static func random<T>(in range: Range<Self>, using generator: inout T) -> Self where T : RandomNumberGenerator
s:s17FixedWidthIntegerPsE6random2in5usingxSnyxG_qd__ztSGRd__lFZ::SYNTHESIZED::s:s5Int32V	swift.type.method	random(in:using:)	Int32.random(in:using:)	static func random<T>(in range: Range<Self>, using generator: inout T) -> Self where T : RandomNumberGenerator
s:s17FixedWidthIntegerPsE6random2in5usingxSnyxG_qd__ztSGRd__lFZ::SYNTHESIZED::s:s5Int64V	swift.type.method	random(in:using:)	Int64.random(in:using:)	static func random<T>(in range: Range<Self>, using generator: inout T) -> Self where T : RandomNumberGenerator
s:s17FixedWidthIntegerPsE6random2in5usingxSnyxG_qd__ztSGRd__lFZ::SYNTHESIZED::s:s5UInt8V	swift.type.method	random(in:using:)	UInt8.random(in:using:)	static func random<T>(in range: Range<Self>, using generator: inout T) -> Self where T : RandomNumberGenerator
s:s17FixedWidthIntegerPsE6random2in5usingxSnyxG_qd__ztSGRd__lFZ::SYNTHESIZED::s:s6UInt16V	swift.type.method	random(in:using:)	UInt16.random(in:using:)	static func random<T>(in range: Range<Self>, using generator: inout T) -> Self where T : RandomNumberGenerator
s:s17FixedWidthIntegerPsE6random2in5usingxSnyxG_qd__ztSGRd__lFZ::SYNTHESIZED::s:s6UInt32V	swift.type.method	random(in:using:)	UInt32.random(in:using:)	static func random<T>(in range: Range<Self>, using generator: inout T) -> Self where T : RandomNumberGenerator
s:s17FixedWidthIntegerPsE6random2in5usingxSnyxG_qd__ztSGRd__lFZ::SYNTHESIZED::s:s6UInt64V	swift.type.method	random(in:using:)	UInt64.random(in:using:)	static func random<T>(in range: Range<Self>, using generator: inout T) -> Self where T : RandomNumberGenerator
s:s17FixedWidthIntegerPsE6random2inxSNyxG_tFZ::SYNTHESIZED::s:Si	swift.type.method	random(in:)	Int.random(in:)	static func random(in range: ClosedRange<Self>) -> Self
s:s17FixedWidthIntegerPsE6random2inxSNyxG_tFZ::SYNTHESIZED::s:Su	swift.type.method	random(in:)	UInt.random(in:)	static func random(in range: ClosedRange<Self>) -> Self
s:s17FixedWidthIntegerPsE6random2inxSNyxG_tFZ::SYNTHESIZED::s:s4Int8V	swift.type.method	random(in:)	Int8.random(in:)	static func random(in range: ClosedRange<Self>) -> Self
s:s17FixedWidthIntegerPsE6random2inxSNyxG_tFZ::SYNTHESIZED::s:s5Int16V	swift.type.method	random(in:)	Int16.random(in:)	static func random(in range: ClosedRange<Self>) -> Self
s:s17FixedWidthIntegerPsE6random2inxSNyxG_tFZ::SYNTHESIZED::s:s5Int32V	swift.type.method	random(in:)	Int32.random(in:)	static func random(in range: ClosedRange<Self>) -> Self
s:s17FixedWidthIntegerPsE6random2inxSNyxG_tFZ::SYNTHESIZED::s:s5Int64V	swift.type.method	random(in:)	Int64.random(in:)	static func random(in range: ClosedRange<Self>) -> Self
s:s17FixedWidthIntegerPsE6random2inxSNyxG_tFZ::SYNTHESIZED::s:s5UInt8V	swift.type.method	random(in:)	UInt8.random(in:)	static func random(in range: ClosedRange<Self>) -> Self
s:s17FixedWidthIntegerPsE6random2inxSNyxG_tFZ::SYNTHESIZED::s:s6UInt16V	swift.type.method	random(in:)	UInt16.random(in:)	static func random(in range: ClosedRange<Self>) -> Self
s:s17FixedWidthIntegerPsE6random2inxSNyxG_tFZ::SYNTHESIZED::s:s6UInt32V	swift.type.method	random(in:)	UInt32.random(in:)	static func random(in range: ClosedRange<Self>) -> Self
s:s17FixedWidthIntegerPsE6random2inxSNyxG_tFZ::SYNTHESIZED::s:s6UInt64V	swift.type.method	random(in:)	UInt64.random(in:)	static func random(in range: ClosedRange<Self>) -> Self
s:s17FixedWidthIntegerPsE6random2inxSnyxG_tFZ::SYNTHESIZED::s:Si	swift.type.method	random(in:)	Int.random(in:)	static func random(in range: Range<Self>) -> Self
s:s17FixedWidthIntegerPsE6random2inxSnyxG_tFZ::SYNTHESIZED::s:Su	swift.type.method	random(in:)	UInt.random(in:)	static func random(in range: Range<Self>) -> Self
s:s17FixedWidthIntegerPsE6random2inxSnyxG_tFZ::SYNTHESIZED::s:s4Int8V	swift.type.method	random(in:)	Int8.random(in:)	static func random(in range: Range<Self>) -> Self
s:s17FixedWidthIntegerPsE6random2inxSnyxG_tFZ::SYNTHESIZED::s:s5Int16V	swift.type.method	random(in:)	Int16.random(in:)	static func random(in range: Range<Self>) -> Self
s:s17FixedWidthIntegerPsE6random2inxSnyxG_tFZ::SYNTHESIZED::s:s5Int32V	swift.type.method	random(in:)	Int32.random(in:)	static func random(in range: Range<Self>) -> Self
s:s17FixedWidthIntegerPsE6random2inxSnyxG_tFZ::SYNTHESIZED::s:s5Int64V	swift.type.method	random(in:)	Int64.random(in:)	static func random(in range: Range<Self>) -> Self
s:s17FixedWidthIntegerPsE6random2inxSnyxG_tFZ::SYNTHESIZED::s:s5UInt8V	swift.type.method	random(in:)	UInt8.random(in:)	static func random(in range: Range<Self>) -> Self
s:s17FixedWidthIntegerPsE6random2inxSnyxG_tFZ::SYNTHESIZED::s:s6UInt16V	swift.type.method	random(in:)	UInt16.random(in:)	static func random(in range: Range<Self>) -> Self
s:s17FixedWidthIntegerPsE6random2inxSnyxG_tFZ::SYNTHESIZED::s:s6UInt32V	swift.type.method	random(in:)	UInt32.random(in:)	static func random(in range: Range<Self>) -> Self
s:s17FixedWidthIntegerPsE6random2inxSnyxG_tFZ::SYNTHESIZED::s:s6UInt64V	swift.type.method	random(in:)	UInt64.random(in:)	static func random(in range: Range<Self>) -> Self
s:s17FixedWidthIntegerPsE7exactlyxSgqd___tcSBRd__lufc::SYNTHESIZED::s:Si	swift.init	init(exactly:)	Int.init(exactly:)	init?<T>(exactly source: T) where T : BinaryFloatingPoint
s:s17FixedWidthIntegerPsE7exactlyxSgqd___tcSBRd__lufc::SYNTHESIZED::s:Su	swift.init	init(exactly:)	UInt.init(exactly:)	init?<T>(exactly source: T) where T : BinaryFloatingPoint
s:s17FixedWidthIntegerPsE7exactlyxSgqd___tcSBRd__lufc::SYNTHESIZED::s:s4Int8V	swift.init	init(exactly:)	Int8.init(exactly:)	init?<T>(exactly source: T) where T : BinaryFloatingPoint
s:s17FixedWidthIntegerPsE7exactlyxSgqd___tcSBRd__lufc::SYNTHESIZED::s:s5Int16V	swift.init	init(exactly:)	Int16.init(exactly:)	init?<T>(exactly source: T) where T : BinaryFloatingPoint
s:s17FixedWidthIntegerPsE7exactlyxSgqd___tcSBRd__lufc::SYNTHESIZED::s:s5Int32V	swift.init	init(exactly:)	Int32.init(exactly:)	init?<T>(exactly source: T) where T : BinaryFloatingPoint
s:s17FixedWidthIntegerPsE7exactlyxSgqd___tcSBRd__lufc::SYNTHESIZED::s:s5Int64V	swift.init	init(exactly:)	Int64.init(exactly:)	init?<T>(exactly source: T) where T : BinaryFloatingPoint
s:s17FixedWidthIntegerPsE7exactlyxSgqd___tcSBRd__lufc::SYNTHESIZED::s:s5UInt8V	swift.init	init(exactly:)	UInt8.init(exactly:)	init?<T>(exactly source: T) where T : BinaryFloatingPoint
s:s17FixedWidthIntegerPsE7exactlyxSgqd___tcSBRd__lufc::SYNTHESIZED::s:s6UInt16V	swift.init	init(exactly:)	UInt16.init(exactly:)	init?<T>(exactly source: T) where T : BinaryFloatingPoint
s:s17FixedWidthIntegerPsE7exactlyxSgqd___tcSBRd__lufc::SYNTHESIZED::s:s6UInt32V	swift.init	init(exactly:)	UInt32.init(exactly:)	init?<T>(exactly source: T) where T : BinaryFloatingPoint
s:s17FixedWidthIntegerPsE7exactlyxSgqd___tcSBRd__lufc::SYNTHESIZED::s:s6UInt64V	swift.init	init(exactly:)	UInt64.init(exactly:)	init?<T>(exactly source: T) where T : BinaryFloatingPoint
s:s17FixedWidthIntegerPsE8clampingxqd___tcSzRd__lufc::SYNTHESIZED::s:Si	swift.init	init(clamping:)	Int.init(clamping:)	init<Other>(clamping source: Other) where Other : BinaryInteger
s:s17FixedWidthIntegerPsE8clampingxqd___tcSzRd__lufc::SYNTHESIZED::s:Su	swift.init	init(clamping:)	UInt.init(clamping:)	init<Other>(clamping source: Other) where Other : BinaryInteger
s:s17FixedWidthIntegerPsE8clampingxqd___tcSzRd__lufc::SYNTHESIZED::s:s4Int8V	swift.init	init(clamping:)	Int8.init(clamping:)	init<Other>(clamping source: Other) where Other : BinaryInteger
s:s17FixedWidthIntegerPsE8clampingxqd___tcSzRd__lufc::SYNTHESIZED::s:s5Int16V	swift.init	init(clamping:)	Int16.init(clamping:)	init<Other>(clamping source: Other) where Other : BinaryInteger
s:s17FixedWidthIntegerPsE8clampingxqd___tcSzRd__lufc::SYNTHESIZED::s:s5Int32V	swift.init	init(clamping:)	Int32.init(clamping:)	init<Other>(clamping source: Other) where Other : BinaryInteger
s:s17FixedWidthIntegerPsE8clampingxqd___tcSzRd__lufc::SYNTHESIZED::s:s5Int64V	swift.init	init(clamping:)	Int64.init(clamping:)	init<Other>(clamping source: Other) where Other : BinaryInteger
s:s17FixedWidthIntegerPsE8clampingxqd___tcSzRd__lufc::SYNTHESIZED::s:s5UInt8V	swift.init	init(clamping:)	UInt8.init(clamping:)	init<Other>(clamping source: Other) where Other : BinaryInteger
s:s17FixedWidthIntegerPsE8clampingxqd___tcSzRd__lufc::SYNTHESIZED::s:s6UInt16V	swift.init	init(clamping:)	UInt16.init(clamping:)	init<Other>(clamping source: Other) where Other : BinaryInteger
s:s17FixedWidthIntegerPsE8clampingxqd___tcSzRd__lufc::SYNTHESIZED::s:s6UInt32V	swift.init	init(clamping:)	UInt32.init(clamping:)	init<Other>(clamping source: Other) where Other : BinaryInteger
s:s17FixedWidthIntegerPsE8clampingxqd___tcSzRd__lufc::SYNTHESIZED::s:s6UInt64V	swift.init	init(clamping:)	UInt64.init(clamping:)	init<Other>(clamping source: Other) where Other : BinaryInteger
s:s17FixedWidthIntegerPsE9bigEndianxvp::SYNTHESIZED::s:Si	swift.property	bigEndian	Int.bigEndian	var bigEndian: Self { get }
s:s17FixedWidthIntegerPsE9bigEndianxvp::SYNTHESIZED::s:Su	swift.property	bigEndian	UInt.bigEndian	var bigEndian: Self { get }
s:s17FixedWidthIntegerPsE9bigEndianxvp::SYNTHESIZED::s:s4Int8V	swift.property	bigEndian	Int8.bigEndian	var bigEndian: Self { get }
s:s17FixedWidthIntegerPsE9bigEndianxvp::SYNTHESIZED::s:s5Int16V	swift.property	bigEndian	Int16.bigEndian	var bigEndian: Self { get }
s:s17FixedWidthIntegerPsE9bigEndianxvp::SYNTHESIZED::s:s5Int32V	swift.property	bigEndian	Int32.bigEndian	var bigEndian: Self { get }
s:s17FixedWidthIntegerPsE9bigEndianxvp::SYNTHESIZED::s:s5Int64V	swift.property	bigEndian	Int64.bigEndian	var bigEndian: Self { get }
s:s17FixedWidthIntegerPsE9bigEndianxvp::SYNTHESIZED::s:s5UInt8V	swift.property	bigEndian	UInt8.bigEndian	var bigEndian: Self { get }
s:s17FixedWidthIntegerPsE9bigEndianxvp::SYNTHESIZED::s:s6UInt16V	swift.property	bigEndian	UInt16.bigEndian	var bigEndian: Self { get }
s:s17FixedWidthIntegerPsE9bigEndianxvp::SYNTHESIZED::s:s6UInt32V	swift.property	bigEndian	UInt32.bigEndian	var bigEndian: Self { get }
s:s17FixedWidthIntegerPsE9bigEndianxvp::SYNTHESIZED::s:s6UInt64V	swift.property	bigEndian	UInt64.bigEndian	var bigEndian: Self { get }
s:s17FixedWidthIntegerPsE9bigEndianxx_tcfc::SYNTHESIZED::s:Si	swift.init	init(bigEndian:)	Int.init(bigEndian:)	init(bigEndian value: Self)
s:s17FixedWidthIntegerPsE9bigEndianxx_tcfc::SYNTHESIZED::s:Su	swift.init	init(bigEndian:)	UInt.init(bigEndian:)	init(bigEndian value: Self)
s:s17FixedWidthIntegerPsE9bigEndianxx_tcfc::SYNTHESIZED::s:s4Int8V	swift.init	init(bigEndian:)	Int8.init(bigEndian:)	init(bigEndian value: Self)
s:s17FixedWidthIntegerPsE9bigEndianxx_tcfc::SYNTHESIZED::s:s5Int16V	swift.init	init(bigEndian:)	Int16.init(bigEndian:)	init(bigEndian value: Self)
s:s17FixedWidthIntegerPsE9bigEndianxx_tcfc::SYNTHESIZED::s:s5Int32V	swift.init	init(bigEndian:)	Int32.init(bigEndian:)	init(bigEndian value: Self)
s:s17FixedWidthIntegerPsE9bigEndianxx_tcfc::SYNTHESIZED::s:s5Int64V	swift.init	init(bigEndian:)	Int64.init(bigEndian:)	init(bigEndian value: Self)
s:s17FixedWidthIntegerPsE9bigEndianxx_tcfc::SYNTHESIZED::s:s5UInt8V	swift.init	init(bigEndian:)	UInt8.init(bigEndian:)	init(bigEndian value: Self)
s:s17FixedWidthIntegerPsE9bigEndianxx_tcfc::SYNTHESIZED::s:s6UInt16V	swift.init	init(bigEndian:)	UInt16.init(bigEndian:)	init(bigEndian value: Self)
s:s17FixedWidthIntegerPsE9bigEndianxx_tcfc::SYNTHESIZED::s:s6UInt32V	swift.init	init(bigEndian:)	UInt32.init(bigEndian:)	init(bigEndian value: Self)
s:s17FixedWidthIntegerPsE9bigEndianxx_tcfc::SYNTHESIZED::s:s6UInt64V	swift.init	init(bigEndian:)	UInt64.init(bigEndian:)	init(bigEndian value: Self)
s:s17FixedWidthIntegerPsE_5radixxSgqd___SitcSyRd__lufc::SYNTHESIZED::s:Si	swift.init	init(_:radix:)	Int.init(_:radix:)	init?<S>(_ text: S, radix: Int = 10) where S : StringProtocol
s:s17FixedWidthIntegerPsE_5radixxSgqd___SitcSyRd__lufc::SYNTHESIZED::s:Su	swift.init	init(_:radix:)	UInt.init(_:radix:)	init?<S>(_ text: S, radix: Int = 10) where S : StringProtocol
s:s17FixedWidthIntegerPsE_5radixxSgqd___SitcSyRd__lufc::SYNTHESIZED::s:s4Int8V	swift.init	init(_:radix:)	Int8.init(_:radix:)	init?<S>(_ text: S, radix: Int = 10) where S : StringProtocol
s:s17FixedWidthIntegerPsE_5radixxSgqd___SitcSyRd__lufc::SYNTHESIZED::s:s5Int16V	swift.init	init(_:radix:)	Int16.init(_:radix:)	init?<S>(_ text: S, radix: Int = 10) where S : StringProtocol
s:s17FixedWidthIntegerPsE_5radixxSgqd___SitcSyRd__lufc::SYNTHESIZED::s:s5Int32V	swift.init	init(_:radix:)	Int32.init(_:radix:)	init?<S>(_ text: S, radix: Int = 10) where S : StringProtocol
s:s17FixedWidthIntegerPsE_5radixxSgqd___SitcSyRd__lufc::SYNTHESIZED::s:s5Int64V	swift.init	init(_:radix:)	Int64.init(_:radix:)	init?<S>(_ text: S, radix: Int = 10) where S : StringProtocol
s:s17FixedWidthIntegerPsE_5radixxSgqd___SitcSyRd__lufc::SYNTHESIZED::s:s5UInt8V	swift.init	init(_:radix:)	UInt8.init(_:radix:)	init?<S>(_ text: S, radix: Int = 10) where S : StringProtocol
s:s17FixedWidthIntegerPsE_5radixxSgqd___SitcSyRd__lufc::SYNTHESIZED::s:s6UInt16V	swift.init	init(_:radix:)	UInt16.init(_:radix:)	init?<S>(_ text: S, radix: Int = 10) where S : StringProtocol
s:s17FixedWidthIntegerPsE_5radixxSgqd___SitcSyRd__lufc::SYNTHESIZED::s:s6UInt32V	swift.init	init(_:radix:)	UInt32.init(_:radix:)	init?<S>(_ text: S, radix: Int = 10) where S : StringProtocol
s:s17FixedWidthIntegerPsE_5radixxSgqd___SitcSyRd__lufc::SYNTHESIZED::s:s6UInt64V	swift.init	init(_:radix:)	UInt64.init(_:radix:)	init?<S>(_ text: S, radix: Int = 10) where S : StringProtocol
s:s17FixedWidthIntegerPsEyxSgSScfc::SYNTHESIZED::s:Si	swift.init	init(_:)	Int.init(_:)	init?(_ description: String)
s:s17FixedWidthIntegerPsEyxSgSScfc::SYNTHESIZED::s:Su	swift.init	init(_:)	UInt.init(_:)	init?(_ description: String)
s:s17FixedWidthIntegerPsEyxSgSScfc::SYNTHESIZED::s:s4Int8V	swift.init	init(_:)	Int8.init(_:)	init?(_ description: String)
s:s17FixedWidthIntegerPsEyxSgSScfc::SYNTHESIZED::s:s5Int16V	swift.init	init(_:)	Int16.init(_:)	init?(_ description: String)
s:s17FixedWidthIntegerPsEyxSgSScfc::SYNTHESIZED::s:s5Int32V	swift.init	init(_:)	Int32.init(_:)	init?(_ description: String)
s:s17FixedWidthIntegerPsEyxSgSScfc::SYNTHESIZED::s:s5Int64V	swift.init	init(_:)	Int64.init(_:)	init?(_ description: String)
s:s17FixedWidthIntegerPsEyxSgSScfc::SYNTHESIZED::s:s5UInt8V	swift.init	init(_:)	UInt8.init(_:)	init?(_ description: String)
s:s17FixedWidthIntegerPsEyxSgSScfc::SYNTHESIZED::s:s6UInt16V	swift.init	init(_:)	UInt16.init(_:)	init?(_ description: String)
s:s17FixedWidthIntegerPsEyxSgSScfc::SYNTHESIZED::s:s6UInt32V	swift.init	init(_:)	UInt32.init(_:)	init?(_ description: String)
s:s17FixedWidthIntegerPsEyxSgSScfc::SYNTHESIZED::s:s6UInt64V	swift.init	init(_:)	UInt64.init(_:)	init?(_ description: String)
s:s17FixedWidthIntegerPsEyxqd__cSBRd__lufc::SYNTHESIZED::s:Si	swift.init	init(_:)	Int.init(_:)	init<T>(_ source: T) where T : BinaryFloatingPoint
s:s17FixedWidthIntegerPsEyxqd__cSBRd__lufc::SYNTHESIZED::s:Su	swift.init	init(_:)	UInt.init(_:)	init<T>(_ source: T) where T : BinaryFloatingPoint
s:s17FixedWidthIntegerPsEyxqd__cSBRd__lufc::SYNTHESIZED::s:s4Int8V	swift.init	init(_:)	Int8.init(_:)	init<T>(_ source: T) where T : BinaryFloatingPoint
s:s17FixedWidthIntegerPsEyxqd__cSBRd__lufc::SYNTHESIZED::s:s5Int16V	swift.init	init(_:)	Int16.init(_:)	init<T>(_ source: T) where T : BinaryFloatingPoint
s:s17FixedWidthIntegerPsEyxqd__cSBRd__lufc::SYNTHESIZED::s:s5Int32V	swift.init	init(_:)	Int32.init(_:)	init<T>(_ source: T) where T : BinaryFloatingPoint
s:s17FixedWidthIntegerPsEyxqd__cSBRd__lufc::SYNTHESIZED::s:s5Int64V	swift.init	init(_:)	Int64.init(_:)	init<T>(_ source: T) where T : BinaryFloatingPoint
s:s17FixedWidthIntegerPsEyxqd__cSBRd__lufc::SYNTHESIZED::s:s5UInt8V	swift.init	init(_:)	UInt8.init(_:)	init<T>(_ source: T) where T : BinaryFloatingPoint
s:s17FixedWidthIntegerPsEyxqd__cSBRd__lufc::SYNTHESIZED::s:s6UInt16V	swift.init	init(_:)	UInt16.init(_:)	init<T>(_ source: T) where T : BinaryFloatingPoint
s:s17FixedWidthIntegerPsEyxqd__cSBRd__lufc::SYNTHESIZED::s:s6UInt32V	swift.init	init(_:)	UInt32.init(_:)	init<T>(_ source: T) where T : BinaryFloatingPoint
s:s17FixedWidthIntegerPsEyxqd__cSBRd__lufc::SYNTHESIZED::s:s6UInt64V	swift.init	init(_:)	UInt64.init(_:)	init<T>(_ source: T) where T : BinaryFloatingPoint
s:s18AdditiveArithmeticPsE1popyxxFZ::SYNTHESIZED::s:Si	swift.func.op	+(_:)	Int.+(_:)	static func + (x: Self) -> Self
s:s18AdditiveArithmeticPsE1popyxxFZ::SYNTHESIZED::s:Su	swift.func.op	+(_:)	UInt.+(_:)	static func + (x: Self) -> Self
s:s18AdditiveArithmeticPsE1popyxxFZ::SYNTHESIZED::s:s4Int8V	swift.func.op	+(_:)	Int8.+(_:)	static func + (x: Self) -> Self
s:s18AdditiveArithmeticPsE1popyxxFZ::SYNTHESIZED::s:s5Int16V	swift.func.op	+(_:)	Int16.+(_:)	static func + (x: Self) -> Self
s:s18AdditiveArithmeticPsE1popyxxFZ::SYNTHESIZED::s:s5Int32V	swift.func.op	+(_:)	Int32.+(_:)	static func + (x: Self) -> Self
s:s18AdditiveArithmeticPsE1popyxxFZ::SYNTHESIZED::s:s5Int64V	swift.func.op	+(_:)	Int64.+(_:)	static func + (x: Self) -> Self
s:s18AdditiveArithmeticPsE1popyxxFZ::SYNTHESIZED::s:s5UInt8V	swift.func.op	+(_:)	UInt8.+(_:)	static func + (x: Self) -> Self
s:s18AdditiveArithmeticPsE1popyxxFZ::SYNTHESIZED::s:s6UInt16V	swift.func.op	+(_:)	UInt16.+(_:)	static func + (x: Self) -> Self
s:s18AdditiveArithmeticPsE1popyxxFZ::SYNTHESIZED::s:s6UInt32V	swift.func.op	+(_:)	UInt32.+(_:)	static func + (x: Self) -> Self
s:s18AdditiveArithmeticPsE1popyxxFZ::SYNTHESIZED::s:s6UInt64V	swift.func.op	+(_:)	UInt64.+(_:)	static func + (x: Self) -> Self
s:s18AdditiveArithmeticPsE2peoiyyxz_xtFZ::SYNTHESIZED::s:Si	swift.func.op	+=(_:_:)	Int.+=(_:_:)	static func += (lhs: inout Self, rhs: Self)
s:s18AdditiveArithmeticPsE2peoiyyxz_xtFZ::SYNTHESIZED::s:Su	swift.func.op	+=(_:_:)	UInt.+=(_:_:)	static func += (lhs: inout Self, rhs: Self)
s:s18AdditiveArithmeticPsE2peoiyyxz_xtFZ::SYNTHESIZED::s:s4Int8V	swift.func.op	+=(_:_:)	Int8.+=(_:_:)	static func += (lhs: inout Self, rhs: Self)
s:s18AdditiveArithmeticPsE2peoiyyxz_xtFZ::SYNTHESIZED::s:s5Int16V	swift.func.op	+=(_:_:)	Int16.+=(_:_:)	static func += (lhs: inout Self, rhs: Self)
s:s18AdditiveArithmeticPsE2peoiyyxz_xtFZ::SYNTHESIZED::s:s5Int32V	swift.func.op	+=(_:_:)	Int32.+=(_:_:)	static func += (lhs: inout Self, rhs: Self)
s:s18AdditiveArithmeticPsE2peoiyyxz_xtFZ::SYNTHESIZED::s:s5Int64V	swift.func.op	+=(_:_:)	Int64.+=(_:_:)	static func += (lhs: inout Self, rhs: Self)
s:s18AdditiveArithmeticPsE2peoiyyxz_xtFZ::SYNTHESIZED::s:s5UInt8V	swift.func.op	+=(_:_:)	UInt8.+=(_:_:)	static func += (lhs: inout Self, rhs: Self)
s:s18AdditiveArithmeticPsE2peoiyyxz_xtFZ::SYNTHESIZED::s:s6UInt16V	swift.func.op	+=(_:_:)	UInt16.+=(_:_:)	static func += (lhs: inout Self, rhs: Self)
s:s18AdditiveArithmeticPsE2peoiyyxz_xtFZ::SYNTHESIZED::s:s6UInt32V	swift.func.op	+=(_:_:)	UInt32.+=(_:_:)	static func += (lhs: inout Self, rhs: Self)
s:s18AdditiveArithmeticPsE2peoiyyxz_xtFZ::SYNTHESIZED::s:s6UInt64V	swift.func.op	+=(_:_:)	UInt64.+=(_:_:)	static func += (lhs: inout Self, rhs: Self)
s:s18AdditiveArithmeticPsE2seoiyyxz_xtFZ::SYNTHESIZED::s:Si	swift.func.op	-=(_:_:)	Int.-=(_:_:)	static func -= (lhs: inout Self, rhs: Self)
s:s18AdditiveArithmeticPsE2seoiyyxz_xtFZ::SYNTHESIZED::s:Su	swift.func.op	-=(_:_:)	UInt.-=(_:_:)	static func -= (lhs: inout Self, rhs: Self)
s:s18AdditiveArithmeticPsE2seoiyyxz_xtFZ::SYNTHESIZED::s:s4Int8V	swift.func.op	-=(_:_:)	Int8.-=(_:_:)	static func -= (lhs: inout Self, rhs: Self)
s:s18AdditiveArithmeticPsE2seoiyyxz_xtFZ::SYNTHESIZED::s:s5Int16V	swift.func.op	-=(_:_:)	Int16.-=(_:_:)	static func -= (lhs: inout Self, rhs: Self)
s:s18AdditiveArithmeticPsE2seoiyyxz_xtFZ::SYNTHESIZED::s:s5Int32V	swift.func.op	-=(_:_:)	Int32.-=(_:_:)	static func -= (lhs: inout Self, rhs: Self)
s:s18AdditiveArithmeticPsE2seoiyyxz_xtFZ::SYNTHESIZED::s:s5Int64V	swift.func.op	-=(_:_:)	Int64.-=(_:_:)	static func -= (lhs: inout Self, rhs: Self)
s:s18AdditiveArithmeticPsE2seoiyyxz_xtFZ::SYNTHESIZED::s:s5UInt8V	swift.func.op	-=(_:_:)	UInt8.-=(_:_:)	static func -= (lhs: inout Self, rhs: Self)
s:s18AdditiveArithmeticPsE2seoiyyxz_xtFZ::SYNTHESIZED::s:s6UInt16V	swift.func.op	-=(_:_:)	UInt16.-=(_:_:)	static func -= (lhs: inout Self, rhs: Self)
s:s18AdditiveArithmeticPsE2seoiyyxz_xtFZ::SYNTHESIZED::s:s6UInt32V	swift.func.op	-=(_:_:)	UInt32.-=(_:_:)	static func -= (lhs: inout Self, rhs: Self)
s:s18AdditiveArithmeticPsE2seoiyyxz_xtFZ::SYNTHESIZED::s:s6UInt64V	swift.func.op	-=(_:_:)	UInt64.-=(_:_:)	static func -= (lhs: inout Self, rhs: Self)
s:s18AdditiveArithmeticPss27ExpressibleByIntegerLiteralRzrlE4zeroxvpZ::SYNTHESIZED::s:Si	swift.type.property	zero	Int.zero	static var zero: Self { get }
s:s18AdditiveArithmeticPss27ExpressibleByIntegerLiteralRzrlE4zeroxvpZ::SYNTHESIZED::s:Su	swift.type.property	zero	UInt.zero	static var zero: Self { get }
s:s18AdditiveArithmeticPss27ExpressibleByIntegerLiteralRzrlE4zeroxvpZ::SYNTHESIZED::s:s4Int8V	swift.type.property	zero	Int8.zero	static var zero: Self { get }
s:s18AdditiveArithmeticPss27ExpressibleByIntegerLiteralRzrlE4zeroxvpZ::SYNTHESIZED::s:s5Int16V	swift.type.property	zero	Int16.zero	static var zero: Self { get }
s:s18AdditiveArithmeticPss27ExpressibleByIntegerLiteralRzrlE4zeroxvpZ::SYNTHESIZED::s:s5Int32V	swift.type.property	zero	Int32.zero	static var zero: Self { get }
s:s18AdditiveArithmeticPss27ExpressibleByIntegerLiteralRzrlE4zeroxvpZ::SYNTHESIZED::s:s5Int64V	swift.type.property	zero	Int64.zero	static var zero: Self { get }
s:s18AdditiveArithmeticPss27ExpressibleByIntegerLiteralRzrlE4zeroxvpZ::SYNTHESIZED::s:s5UInt8V	swift.type.property	zero	UInt8.zero	static var zero: Self { get }
s:s18AdditiveArithmeticPss27ExpressibleByIntegerLiteralRzrlE4zeroxvpZ::SYNTHESIZED::s:s6UInt16V	swift.type.property	zero	UInt16.zero	static var zero: Self { get }
s:s18AdditiveArithmeticPss27ExpressibleByIntegerLiteralRzrlE4zeroxvpZ::SYNTHESIZED::s:s6UInt32V	swift.type.property	zero	UInt32.zero	static var zero: Self { get }
s:s18AdditiveArithmeticPss27ExpressibleByIntegerLiteralRzrlE4zeroxvpZ::SYNTHESIZED::s:s6UInt64V	swift.type.property	zero	UInt64.zero	static var zero: Self { get }
s:s27ExpressibleByIntegerLiteralPss01_ab7BuiltincD0RzrlE07integerD0xx_tcfc::SYNTHESIZED::s:Si	swift.init	init(integerLiteral:)	Int.init(integerLiteral:)	init(integerLiteral value: Self)
s:s27ExpressibleByIntegerLiteralPss01_ab7BuiltincD0RzrlE07integerD0xx_tcfc::SYNTHESIZED::s:Su	swift.init	init(integerLiteral:)	UInt.init(integerLiteral:)	init(integerLiteral value: Self)
s:s27ExpressibleByIntegerLiteralPss01_ab7BuiltincD0RzrlE07integerD0xx_tcfc::SYNTHESIZED::s:s4Int8V	swift.init	init(integerLiteral:)	Int8.init(integerLiteral:)	init(integerLiteral value: Self)
s:s27ExpressibleByIntegerLiteralPss01_ab7BuiltincD0RzrlE07integerD0xx_tcfc::SYNTHESIZED::s:s5Int16V	swift.init	init(integerLiteral:)	Int16.init(integerLiteral:)	init(integerLiteral value: Self)
s:s27ExpressibleByIntegerLiteralPss01_ab7BuiltincD0RzrlE07integerD0xx_tcfc::SYNTHESIZED::s:s5Int32V	swift.init	init(integerLiteral:)	Int32.init(integerLiteral:)	init(integerLiteral value: Self)
s:s27ExpressibleByIntegerLiteralPss01_ab7BuiltincD0RzrlE07integerD0xx_tcfc::SYNTHESIZED::s:s5Int64V	swift.init	init(integerLiteral:)	Int64.init(integerLiteral:)	init(integerLiteral value: Self)
s:s27ExpressibleByIntegerLiteralPss01_ab7BuiltincD0RzrlE07integerD0xx_tcfc::SYNTHESIZED::s:s5UInt8V	swift.init	init(integerLiteral:)	UInt8.init(integerLiteral:)	init(integerLiteral value: Self)
s:s27ExpressibleByIntegerLiteralPss01_ab7BuiltincD0RzrlE07integerD0xx_tcfc::SYNTHESIZED::s:s6UInt16V	swift.init	init(integerLiteral:)	UInt16.init(integerLiteral:)	init(integerLiteral value: Self)
s:s27ExpressibleByIntegerLiteralPss01_ab7BuiltincD0RzrlE07integerD0xx_tcfc::SYNTHESIZED::s:s6UInt32V	swift.init	init(integerLiteral:)	UInt32.init(integerLiteral:)	init(integerLiteral value: Self)
s:s27ExpressibleByIntegerLiteralPss01_ab7BuiltincD0RzrlE07integerD0xx_tcfc::SYNTHESIZED::s:s6UInt64V	swift.init	init(integerLiteral:)	UInt64.init(integerLiteral:)	init(integerLiteral value: Self)
s:s5ErrorP10FoundationE20localizedDescriptionSSvp::SYNTHESIZED::c:@E@CKErrorCode	swift.property	localizedDescription	CKError.localizedDescription	var localizedDescription: String { get }
s:s9OptionSetPs7ElementQzRszrlE6insertySb8inserted_x17memberAfterInserttxF::SYNTHESIZED::c:@E@CKApplicationPermissions	swift.method	insert(_:)	CKContainer.ApplicationPermissions.insert(_:)	@discardableResult mutating func insert(_ newMember: Self.Element) -> (inserted: Bool, memberAfterInsert: Self.Element)
s:s9OptionSetPs7ElementQzRszrlE6insertySb8inserted_x17memberAfterInserttxF::SYNTHESIZED::c:@E@CKQuerySubscriptionOptions	swift.method	insert(_:)	CKQuerySubscription.Options.insert(_:)	@discardableResult mutating func insert(_ newMember: Self.Element) -> (inserted: Bool, memberAfterInsert: Self.Element)
s:s9OptionSetPs7ElementQzRszrlE6insertySb8inserted_x17memberAfterInserttxF::SYNTHESIZED::c:@E@CKRecordZoneCapabilities	swift.method	insert(_:)	CKRecordZone.Capabilities.insert(_:)	@discardableResult mutating func insert(_ newMember: Self.Element) -> (inserted: Bool, memberAfterInsert: Self.Element)
s:s9OptionSetPs7ElementQzRszrlE6insertySb8inserted_x17memberAfterInserttxF::SYNTHESIZED::c:@E@CKSharingParticipantAccessOption	swift.method	insert(_:)	CKSharingParticipantAccessOption.insert(_:)	@discardableResult mutating func insert(_ newMember: Self.Element) -> (inserted: Bool, memberAfterInsert: Self.Element)
s:s9OptionSetPs7ElementQzRszrlE6insertySb8inserted_x17memberAfterInserttxF::SYNTHESIZED::c:@E@CKSharingParticipantPermissionOption	swift.method	insert(_:)	CKSharingParticipantPermissionOption.insert(_:)	@discardableResult mutating func insert(_ newMember: Self.Element) -> (inserted: Bool, memberAfterInsert: Self.Element)
s:s9OptionSetPs7ElementQzRszrlE6removeyxSgxF::SYNTHESIZED::c:@E@CKApplicationPermissions	swift.method	remove(_:)	CKContainer.ApplicationPermissions.remove(_:)	@discardableResult mutating func remove(_ member: Self.Element) -> Self.Element?
s:s9OptionSetPs7ElementQzRszrlE6removeyxSgxF::SYNTHESIZED::c:@E@CKQuerySubscriptionOptions	swift.method	remove(_:)	CKQuerySubscription.Options.remove(_:)	@discardableResult mutating func remove(_ member: Self.Element) -> Self.Element?
s:s9OptionSetPs7ElementQzRszrlE6removeyxSgxF::SYNTHESIZED::c:@E@CKRecordZoneCapabilities	swift.method	remove(_:)	CKRecordZone.Capabilities.remove(_:)	@discardableResult mutating func remove(_ member: Self.Element) -> Self.Element?
s:s9OptionSetPs7ElementQzRszrlE6removeyxSgxF::SYNTHESIZED::c:@E@CKSharingParticipantAccessOption	swift.method	remove(_:)	CKSharingParticipantAccessOption.remove(_:)	@discardableResult mutating func remove(_ member: Self.Element) -> Self.Element?
s:s9OptionSetPs7ElementQzRszrlE6removeyxSgxF::SYNTHESIZED::c:@E@CKSharingParticipantPermissionOption	swift.method	remove(_:)	CKSharingParticipantPermissionOption.remove(_:)	@discardableResult mutating func remove(_ member: Self.Element) -> Self.Element?
s:s9OptionSetPs7ElementQzRszrlE6update4withxSgx_tF::SYNTHESIZED::c:@E@CKApplicationPermissions	swift.method	update(with:)	CKContainer.ApplicationPermissions.update(with:)	@discardableResult mutating func update(with newMember: Self.Element) -> Self.Element?
s:s9OptionSetPs7ElementQzRszrlE6update4withxSgx_tF::SYNTHESIZED::c:@E@CKQuerySubscriptionOptions	swift.method	update(with:)	CKQuerySubscription.Options.update(with:)	@discardableResult mutating func update(with newMember: Self.Element) -> Self.Element?
s:s9OptionSetPs7ElementQzRszrlE6update4withxSgx_tF::SYNTHESIZED::c:@E@CKRecordZoneCapabilities	swift.method	update(with:)	CKRecordZone.Capabilities.update(with:)	@discardableResult mutating func update(with newMember: Self.Element) -> Self.Element?
s:s9OptionSetPs7ElementQzRszrlE6update4withxSgx_tF::SYNTHESIZED::c:@E@CKSharingParticipantAccessOption	swift.method	update(with:)	CKSharingParticipantAccessOption.update(with:)	@discardableResult mutating func update(with newMember: Self.Element) -> Self.Element?
s:s9OptionSetPs7ElementQzRszrlE6update4withxSgx_tF::SYNTHESIZED::c:@E@CKSharingParticipantPermissionOption	swift.method	update(with:)	CKSharingParticipantPermissionOption.update(with:)	@discardableResult mutating func update(with newMember: Self.Element) -> Self.Element?
s:s9OptionSetPs7ElementQzRszrlE8containsySbxF::SYNTHESIZED::c:@E@CKApplicationPermissions	swift.method	contains(_:)	CKContainer.ApplicationPermissions.contains(_:)	func contains(_ member: Self) -> Bool
s:s9OptionSetPs7ElementQzRszrlE8containsySbxF::SYNTHESIZED::c:@E@CKQuerySubscriptionOptions	swift.method	contains(_:)	CKQuerySubscription.Options.contains(_:)	func contains(_ member: Self) -> Bool
s:s9OptionSetPs7ElementQzRszrlE8containsySbxF::SYNTHESIZED::c:@E@CKRecordZoneCapabilities	swift.method	contains(_:)	CKRecordZone.Capabilities.contains(_:)	func contains(_ member: Self) -> Bool
s:s9OptionSetPs7ElementQzRszrlE8containsySbxF::SYNTHESIZED::c:@E@CKSharingParticipantAccessOption	swift.method	contains(_:)	CKSharingParticipantAccessOption.contains(_:)	func contains(_ member: Self) -> Bool
s:s9OptionSetPs7ElementQzRszrlE8containsySbxF::SYNTHESIZED::c:@E@CKSharingParticipantPermissionOption	swift.method	contains(_:)	CKSharingParticipantPermissionOption.contains(_:)	func contains(_ member: Self) -> Bool
s:s9OptionSetPsE12intersectionyxxF::SYNTHESIZED::c:@E@CKApplicationPermissions	swift.method	intersection(_:)	CKContainer.ApplicationPermissions.intersection(_:)	func intersection(_ other: Self) -> Self
s:s9OptionSetPsE12intersectionyxxF::SYNTHESIZED::c:@E@CKQuerySubscriptionOptions	swift.method	intersection(_:)	CKQuerySubscription.Options.intersection(_:)	func intersection(_ other: Self) -> Self
s:s9OptionSetPsE12intersectionyxxF::SYNTHESIZED::c:@E@CKRecordZoneCapabilities	swift.method	intersection(_:)	CKRecordZone.Capabilities.intersection(_:)	func intersection(_ other: Self) -> Self
s:s9OptionSetPsE12intersectionyxxF::SYNTHESIZED::c:@E@CKSharingParticipantAccessOption	swift.method	intersection(_:)	CKSharingParticipantAccessOption.intersection(_:)	func intersection(_ other: Self) -> Self
s:s9OptionSetPsE12intersectionyxxF::SYNTHESIZED::c:@E@CKSharingParticipantPermissionOption	swift.method	intersection(_:)	CKSharingParticipantPermissionOption.intersection(_:)	func intersection(_ other: Self) -> Self
s:s9OptionSetPsE19symmetricDifferenceyxxF::SYNTHESIZED::c:@E@CKApplicationPermissions	swift.method	symmetricDifference(_:)	CKContainer.ApplicationPermissions.symmetricDifference(_:)	func symmetricDifference(_ other: Self) -> Self
s:s9OptionSetPsE19symmetricDifferenceyxxF::SYNTHESIZED::c:@E@CKQuerySubscriptionOptions	swift.method	symmetricDifference(_:)	CKQuerySubscription.Options.symmetricDifference(_:)	func symmetricDifference(_ other: Self) -> Self
s:s9OptionSetPsE19symmetricDifferenceyxxF::SYNTHESIZED::c:@E@CKRecordZoneCapabilities	swift.method	symmetricDifference(_:)	CKRecordZone.Capabilities.symmetricDifference(_:)	func symmetricDifference(_ other: Self) -> Self
s:s9OptionSetPsE19symmetricDifferenceyxxF::SYNTHESIZED::c:@E@CKSharingParticipantAccessOption	swift.method	symmetricDifference(_:)	CKSharingParticipantAccessOption.symmetricDifference(_:)	func symmetricDifference(_ other: Self) -> Self
s:s9OptionSetPsE19symmetricDifferenceyxxF::SYNTHESIZED::c:@E@CKSharingParticipantPermissionOption	swift.method	symmetricDifference(_:)	CKSharingParticipantPermissionOption.symmetricDifference(_:)	func symmetricDifference(_ other: Self) -> Self
s:s9OptionSetPsE5unionyxxF::SYNTHESIZED::c:@E@CKApplicationPermissions	swift.method	union(_:)	CKContainer.ApplicationPermissions.union(_:)	func union(_ other: Self) -> Self
s:s9OptionSetPsE5unionyxxF::SYNTHESIZED::c:@E@CKQuerySubscriptionOptions	swift.method	union(_:)	CKQuerySubscription.Options.union(_:)	func union(_ other: Self) -> Self
s:s9OptionSetPsE5unionyxxF::SYNTHESIZED::c:@E@CKRecordZoneCapabilities	swift.method	union(_:)	CKRecordZone.Capabilities.union(_:)	func union(_ other: Self) -> Self
s:s9OptionSetPsE5unionyxxF::SYNTHESIZED::c:@E@CKSharingParticipantAccessOption	swift.method	union(_:)	CKSharingParticipantAccessOption.union(_:)	func union(_ other: Self) -> Self
s:s9OptionSetPsE5unionyxxF::SYNTHESIZED::c:@E@CKSharingParticipantPermissionOption	swift.method	union(_:)	CKSharingParticipantPermissionOption.union(_:)	func union(_ other: Self) -> Self
s:s9OptionSetPss17FixedWidthInteger8RawValueRpzrlE16formIntersectionyyxF::SYNTHESIZED::c:@E@CKApplicationPermissions	swift.method	formIntersection(_:)	CKContainer.ApplicationPermissions.formIntersection(_:)	mutating func formIntersection(_ other: Self)
s:s9OptionSetPss17FixedWidthInteger8RawValueRpzrlE16formIntersectionyyxF::SYNTHESIZED::c:@E@CKQuerySubscriptionOptions	swift.method	formIntersection(_:)	CKQuerySubscription.Options.formIntersection(_:)	mutating func formIntersection(_ other: Self)
s:s9OptionSetPss17FixedWidthInteger8RawValueRpzrlE16formIntersectionyyxF::SYNTHESIZED::c:@E@CKRecordZoneCapabilities	swift.method	formIntersection(_:)	CKRecordZone.Capabilities.formIntersection(_:)	mutating func formIntersection(_ other: Self)
s:s9OptionSetPss17FixedWidthInteger8RawValueRpzrlE16formIntersectionyyxF::SYNTHESIZED::c:@E@CKSharingParticipantAccessOption	swift.method	formIntersection(_:)	CKSharingParticipantAccessOption.formIntersection(_:)	mutating func formIntersection(_ other: Self)
s:s9OptionSetPss17FixedWidthInteger8RawValueRpzrlE16formIntersectionyyxF::SYNTHESIZED::c:@E@CKSharingParticipantPermissionOption	swift.method	formIntersection(_:)	CKSharingParticipantPermissionOption.formIntersection(_:)	mutating func formIntersection(_ other: Self)
s:s9OptionSetPss17FixedWidthInteger8RawValueRpzrlE23formSymmetricDifferenceyyxF::SYNTHESIZED::c:@E@CKApplicationPermissions	swift.method	formSymmetricDifference(_:)	CKContainer.ApplicationPermissions.formSymmetricDifference(_:)	mutating func formSymmetricDifference(_ other: Self)
s:s9OptionSetPss17FixedWidthInteger8RawValueRpzrlE23formSymmetricDifferenceyyxF::SYNTHESIZED::c:@E@CKQuerySubscriptionOptions	swift.method	formSymmetricDifference(_:)	CKQuerySubscription.Options.formSymmetricDifference(_:)	mutating func formSymmetricDifference(_ other: Self)
s:s9OptionSetPss17FixedWidthInteger8RawValueRpzrlE23formSymmetricDifferenceyyxF::SYNTHESIZED::c:@E@CKRecordZoneCapabilities	swift.method	formSymmetricDifference(_:)	CKRecordZone.Capabilities.formSymmetricDifference(_:)	mutating func formSymmetricDifference(_ other: Self)
s:s9OptionSetPss17FixedWidthInteger8RawValueRpzrlE23formSymmetricDifferenceyyxF::SYNTHESIZED::c:@E@CKSharingParticipantAccessOption	swift.method	formSymmetricDifference(_:)	CKSharingParticipantAccessOption.formSymmetricDifference(_:)	mutating func formSymmetricDifference(_ other: Self)
s:s9OptionSetPss17FixedWidthInteger8RawValueRpzrlE23formSymmetricDifferenceyyxF::SYNTHESIZED::c:@E@CKSharingParticipantPermissionOption	swift.method	formSymmetricDifference(_:)	CKSharingParticipantPermissionOption.formSymmetricDifference(_:)	mutating func formSymmetricDifference(_ other: Self)
s:s9OptionSetPss17FixedWidthInteger8RawValueRpzrlE9formUnionyyxF::SYNTHESIZED::c:@E@CKApplicationPermissions	swift.method	formUnion(_:)	CKContainer.ApplicationPermissions.formUnion(_:)	mutating func formUnion(_ other: Self)
s:s9OptionSetPss17FixedWidthInteger8RawValueRpzrlE9formUnionyyxF::SYNTHESIZED::c:@E@CKQuerySubscriptionOptions	swift.method	formUnion(_:)	CKQuerySubscription.Options.formUnion(_:)	mutating func formUnion(_ other: Self)
s:s9OptionSetPss17FixedWidthInteger8RawValueRpzrlE9formUnionyyxF::SYNTHESIZED::c:@E@CKRecordZoneCapabilities	swift.method	formUnion(_:)	CKRecordZone.Capabilities.formUnion(_:)	mutating func formUnion(_ other: Self)
s:s9OptionSetPss17FixedWidthInteger8RawValueRpzrlE9formUnionyyxF::SYNTHESIZED::c:@E@CKSharingParticipantAccessOption	swift.method	formUnion(_:)	CKSharingParticipantAccessOption.formUnion(_:)	mutating func formUnion(_ other: Self)
s:s9OptionSetPss17FixedWidthInteger8RawValueRpzrlE9formUnionyyxF::SYNTHESIZED::c:@E@CKSharingParticipantPermissionOption	swift.method	formUnion(_:)	CKSharingParticipantPermissionOption.formUnion(_:)	mutating func formUnion(_ other: Self)
s:s9OptionSetPss17FixedWidthInteger8RawValueRpzrlExycfc::SYNTHESIZED::c:@E@CKApplicationPermissions	swift.init	init()	CKContainer.ApplicationPermissions.init()	init()
s:s9OptionSetPss17FixedWidthInteger8RawValueRpzrlExycfc::SYNTHESIZED::c:@E@CKQuerySubscriptionOptions	swift.init	init()	CKQuerySubscription.Options.init()	init()
s:s9OptionSetPss17FixedWidthInteger8RawValueRpzrlExycfc::SYNTHESIZED::c:@E@CKRecordZoneCapabilities	swift.init	init()	CKRecordZone.Capabilities.init()	init()
s:s9OptionSetPss17FixedWidthInteger8RawValueRpzrlExycfc::SYNTHESIZED::c:@E@CKSharingParticipantAccessOption	swift.init	init()	CKSharingParticipantAccessOption.init()	init()
s:s9OptionSetPss17FixedWidthInteger8RawValueRpzrlExycfc::SYNTHESIZED::c:@E@CKSharingParticipantPermissionOption	swift.init	init()	CKSharingParticipantPermissionOption.init()	init()
