precise	graphKind	graphPath	status	basis	rawCandidateCount	compatibleCandidateCount	selectedNodePath	candidateNodePaths
c:@E@ICDeviceLocationType	swift.enum	["ICDeviceLocationType"]	unmatched	none	0	0		[]
c:@E@ICDeviceLocationType@ICDeviceLocationTypeBluetooth	swift.enum.case	["ICDeviceLocationType","bluetooth"]	unmatched	none	0	0		[]
c:@E@ICDeviceLocationType@ICDeviceLocationTypeBonjour	swift.enum.case	["ICDeviceLocationType","bonjour"]	unmatched	none	0	0		[]
c:@E@ICDeviceLocationType@ICDeviceLocationTypeLocal	swift.enum.case	["ICDeviceLocationType","local"]	unmatched	none	0	0		[]
c:@E@ICDeviceLocationType@ICDeviceLocationTypeShared	swift.enum.case	["ICDeviceLocationType","shared"]	unmatched	none	0	0		[]
c:@E@ICDeviceLocationTypeMask	swift.enum	["ICDeviceLocationTypeMask"]	unmatched	none	0	0		[]
c:@E@ICDeviceLocationTypeMask@ICDeviceLocationTypeMaskBluetooth	swift.enum.case	["ICDeviceLocationTypeMask","bluetooth"]	unmatched	none	0	0		[]
c:@E@ICDeviceLocationTypeMask@ICDeviceLocationTypeMaskBonjour	swift.enum.case	["ICDeviceLocationTypeMask","bonjour"]	unmatched	none	0	0		[]
c:@E@ICDeviceLocationTypeMask@ICDeviceLocationTypeMaskLocal	swift.enum.case	["ICDeviceLocationTypeMask","local"]	unmatched	none	0	0		[]
c:@E@ICDeviceLocationTypeMask@ICDeviceLocationTypeMaskRemote	swift.enum.case	["ICDeviceLocationTypeMask","remote"]	unmatched	none	0	0		[]
c:@E@ICDeviceLocationTypeMask@ICDeviceLocationTypeMaskShared	swift.enum.case	["ICDeviceLocationTypeMask","shared"]	unmatched	none	0	0		[]
c:@E@ICDeviceType	swift.enum	["ICDeviceType"]	unmatched	none	0	0		[]
c:@E@ICDeviceType@ICDeviceTypeCamera	swift.enum.case	["ICDeviceType","camera"]	unmatched	none	0	0		[]
c:@E@ICDeviceType@ICDeviceTypeScanner	swift.enum.case	["ICDeviceType","scanner"]	unmatched	none	0	0		[]
c:@E@ICDeviceTypeMask	swift.enum	["ICDeviceTypeMask"]	unmatched	none	0	0		[]
c:@E@ICDeviceTypeMask@ICDeviceTypeMaskCamera	swift.enum.case	["ICDeviceTypeMask","camera"]	unmatched	none	0	0		[]
c:@E@ICDeviceTypeMask@ICDeviceTypeMaskScanner	swift.enum.case	["ICDeviceTypeMask","scanner"]	unmatched	none	0	0		[]
c:@E@ICEXIFOrientationType	swift.enum	["ICEXIFOrientationType"]	unmatched	none	0	0		[]
c:@E@ICEXIFOrientationType@ICEXIFOrientation1	swift.enum.case	["ICEXIFOrientationType","orientation1"]	unmatched	none	0	0		[]
c:@E@ICEXIFOrientationType@ICEXIFOrientation2	swift.enum.case	["ICEXIFOrientationType","orientation2"]	unmatched	none	0	0		[]
c:@E@ICEXIFOrientationType@ICEXIFOrientation3	swift.enum.case	["ICEXIFOrientationType","orientation3"]	unmatched	none	0	0		[]
c:@E@ICEXIFOrientationType@ICEXIFOrientation4	swift.enum.case	["ICEXIFOrientationType","orientation4"]	unmatched	none	0	0		[]
c:@E@ICEXIFOrientationType@ICEXIFOrientation5	swift.enum.case	["ICEXIFOrientationType","orientation5"]	unmatched	none	0	0		[]
c:@E@ICEXIFOrientationType@ICEXIFOrientation6	swift.enum.case	["ICEXIFOrientationType","orientation6"]	unmatched	none	0	0		[]
c:@E@ICEXIFOrientationType@ICEXIFOrientation7	swift.enum.case	["ICEXIFOrientationType","orientation7"]	unmatched	none	0	0		[]
c:@E@ICEXIFOrientationType@ICEXIFOrientation8	swift.enum.case	["ICEXIFOrientationType","orientation8"]	unmatched	none	0	0		[]
c:@E@ICLegacyReturnCode	swift.enum	["ICLegacyReturn","Code"]	exact-usr	exact-usr	3	1	/ABIRoot/children/10/children/3	["/ABIRoot/children/10","/ABIRoot/children/10/children/3","/ABIRoot/children/10/children/3/children/3"]
c:@E@ICLegacyReturnCode@ICLegacyReturnCodeCannotYieldDevice	swift.enum.case	["ICLegacyReturn","Code","cannotYieldDevice"]	exact-usr	exact-usr	2	1	/ABIRoot/children/10/children/3/children/13	["/ABIRoot/children/10/children/13","/ABIRoot/children/10/children/3/children/13"]
c:@E@ICLegacyReturnCode@ICLegacyReturnCodeCommunicationErr	swift.enum.case	["ICLegacyReturn","Code","communicationErr"]	exact-usr	exact-usr	2	1	/ABIRoot/children/10/children/3/children/4	["/ABIRoot/children/10/children/3/children/4","/ABIRoot/children/10/children/4"]
c:@E@ICLegacyReturnCode@ICLegacyReturnCodeDataTypeNotFoundErr	swift.enum.case	["ICLegacyReturn","Code","dataTypeNotFoundErr"]	exact-usr	exact-usr	2	1	/ABIRoot/children/10/children/3/children/14	["/ABIRoot/children/10/children/14","/ABIRoot/children/10/children/3/children/14"]
c:@E@ICLegacyReturnCode@ICLegacyReturnCodeDeviceAlreadyOpenErr	swift.enum.case	["ICLegacyReturn","Code","deviceAlreadyOpenErr"]	exact-usr	exact-usr	2	1	/ABIRoot/children/10/children/3/children/18	["/ABIRoot/children/10/children/18","/ABIRoot/children/10/children/3/children/18"]
c:@E@ICLegacyReturnCode@ICLegacyReturnCodeDeviceGUIDNotFoundErr	swift.enum.case	["ICLegacyReturn","Code","deviceGUIDNotFoundErr"]	exact-usr	exact-usr	2	1	/ABIRoot/children/10/children/3/children/20	["/ABIRoot/children/10/children/20","/ABIRoot/children/10/children/3/children/20"]
c:@E@ICLegacyReturnCode@ICLegacyReturnCodeDeviceIOServicePathNotFoundErr	swift.enum.case	["ICLegacyReturn","Code","deviceIOServicePathNotFoundErr"]	exact-usr	exact-usr	2	1	/ABIRoot/children/10/children/3/children/21	["/ABIRoot/children/10/children/21","/ABIRoot/children/10/children/3/children/21"]
c:@E@ICLegacyReturnCode@ICLegacyReturnCodeDeviceInternalErr	swift.enum.case	["ICLegacyReturn","Code","deviceInternalErr"]	exact-usr	exact-usr	2	1	/ABIRoot/children/10/children/3/children/16	["/ABIRoot/children/10/children/16","/ABIRoot/children/10/children/3/children/16"]
c:@E@ICLegacyReturnCode@ICLegacyReturnCodeDeviceInvalidParamErr	swift.enum.case	["ICLegacyReturn","Code","deviceInvalidParamErr"]	exact-usr	exact-usr	2	1	/ABIRoot/children/10/children/3/children/17	["/ABIRoot/children/10/children/17","/ABIRoot/children/10/children/3/children/17"]
c:@E@ICLegacyReturnCode@ICLegacyReturnCodeDeviceLocationIDNotFoundErr	swift.enum.case	["ICLegacyReturn","Code","deviceLocationIDNotFoundErr"]	exact-usr	exact-usr	2	1	/ABIRoot/children/10/children/3/children/19	["/ABIRoot/children/10/children/19","/ABIRoot/children/10/children/3/children/19"]
c:@E@ICLegacyReturnCode@ICLegacyReturnCodeDeviceMemoryAllocationErr	swift.enum.case	["ICLegacyReturn","Code","deviceMemoryAllocationErr"]	exact-usr	exact-usr	2	1	/ABIRoot/children/10/children/3/children/15	["/ABIRoot/children/10/children/15","/ABIRoot/children/10/children/3/children/15"]
c:@E@ICLegacyReturnCode@ICLegacyReturnCodeDeviceNotFoundErr	swift.enum.case	["ICLegacyReturn","Code","deviceNotFoundErr"]	exact-usr	exact-usr	2	1	/ABIRoot/children/10/children/3/children/5	["/ABIRoot/children/10/children/3/children/5","/ABIRoot/children/10/children/5"]
c:@E@ICLegacyReturnCode@ICLegacyReturnCodeDeviceNotOpenErr	swift.enum.case	["ICLegacyReturn","Code","deviceNotOpenErr"]	exact-usr	exact-usr	2	1	/ABIRoot/children/10/children/3/children/6	["/ABIRoot/children/10/children/3/children/6","/ABIRoot/children/10/children/6"]
c:@E@ICLegacyReturnCode@ICLegacyReturnCodeDeviceUnsupportedErr	swift.enum.case	["ICLegacyReturn","Code","deviceUnsupportedErr"]	exact-usr	exact-usr	2	1	/ABIRoot/children/10/children/3/children/22	["/ABIRoot/children/10/children/22","/ABIRoot/children/10/children/3/children/22"]
c:@E@ICLegacyReturnCode@ICLegacyReturnCodeExtensionInternalErr	swift.enum.case	["ICLegacyReturn","Code","extensionInternalErr"]	exact-usr	exact-usr	2	1	/ABIRoot/children/10/children/3/children/24	["/ABIRoot/children/10/children/24","/ABIRoot/children/10/children/3/children/24"]
c:@E@ICLegacyReturnCode@ICLegacyReturnCodeFileCorruptedErr	swift.enum.case	["ICLegacyReturn","Code","fileCorruptedErr"]	exact-usr	exact-usr	2	1	/ABIRoot/children/10/children/3/children/7	["/ABIRoot/children/10/children/3/children/7","/ABIRoot/children/10/children/7"]
c:@E@ICLegacyReturnCode@ICLegacyReturnCodeFrameworkInternalErr	swift.enum.case	["ICLegacyReturn","Code","frameworkInternalErr"]	exact-usr	exact-usr	2	1	/ABIRoot/children/10/children/3/children/23	["/ABIRoot/children/10/children/23","/ABIRoot/children/10/children/3/children/23"]
c:@E@ICLegacyReturnCode@ICLegacyReturnCodeIOPendingErr	swift.enum.case	["ICLegacyReturn","Code","ioPendingErr"]	exact-usr	exact-usr	2	1	/ABIRoot/children/10/children/3/children/8	["/ABIRoot/children/10/children/3/children/8","/ABIRoot/children/10/children/8"]
c:@E@ICLegacyReturnCode@ICLegacyReturnCodeIndexOutOfRangeErr	swift.enum.case	["ICLegacyReturn","Code","indexOutOfRangeErr"]	exact-usr	exact-usr	2	1	/ABIRoot/children/10/children/3/children/11	["/ABIRoot/children/10/children/11","/ABIRoot/children/10/children/3/children/11"]
c:@E@ICLegacyReturnCode@ICLegacyReturnCodeInvalidObjectErr	swift.enum.case	["ICLegacyReturn","Code","invalidObjectErr"]	exact-usr	exact-usr	2	1	/ABIRoot/children/10/children/3/children/9	["/ABIRoot/children/10/children/3/children/9","/ABIRoot/children/10/children/9"]
c:@E@ICLegacyReturnCode@ICLegacyReturnCodeInvalidPropertyErr	swift.enum.case	["ICLegacyReturn","Code","invalidPropertyErr"]	exact-usr	exact-usr	2	1	/ABIRoot/children/10/children/3/children/10	["/ABIRoot/children/10/children/10","/ABIRoot/children/10/children/3/children/10"]
c:@E@ICLegacyReturnCode@ICLegacyReturnCodeInvalidSessionErr	swift.enum.case	["ICLegacyReturn","Code","invalidSessionErr"]	exact-usr	exact-usr	2	1	/ABIRoot/children/10/children/3/children/25	["/ABIRoot/children/10/children/25","/ABIRoot/children/10/children/3/children/25"]
c:@E@ICLegacyReturnCode@ICLegacyReturnCodePropertyTypeNotFoundErr	swift.enum.case	["ICLegacyReturn","Code","propertyTypeNotFoundErr"]	exact-usr	exact-usr	2	1	/ABIRoot/children/10/children/3/children/12	["/ABIRoot/children/10/children/12","/ABIRoot/children/10/children/3/children/12"]
c:@E@ICMediaPresentation	swift.enum	["ICMediaPresentation"]	unmatched	none	0	0		[]
c:@E@ICMediaPresentation@ICMediaPresentationConvertedAssets	swift.enum.case	["ICMediaPresentation","convertedAssets"]	unmatched	none	0	0		[]
c:@E@ICMediaPresentation@ICMediaPresentationOriginalAssets	swift.enum.case	["ICMediaPresentation","originalAssets"]	unmatched	none	0	0		[]
c:@E@ICReturnCode	swift.enum	["ICReturn","Code"]	exact-usr	exact-usr	3	1	/ABIRoot/children/11/children/3	["/ABIRoot/children/11","/ABIRoot/children/11/children/3","/ABIRoot/children/11/children/3/children/3"]
c:@E@ICReturnCode@ICReturnCommunicationTimedOut	swift.enum.case	["ICReturn","Code","communicationTimedOut"]	exact-usr	exact-usr	2	1	/ABIRoot/children/11/children/3/children/6	["/ABIRoot/children/11/children/3/children/6","/ABIRoot/children/11/children/6"]
c:@E@ICReturnCode@ICReturnDeleteFilesCanceled	swift.enum.case	["ICReturn","Code","deleteFilesCanceled"]	exact-usr	exact-usr	2	1	/ABIRoot/children/11/children/3/children/25	["/ABIRoot/children/11/children/25","/ABIRoot/children/11/children/3/children/25"]
c:@E@ICReturnCode@ICReturnDeleteFilesFailed	swift.enum.case	["ICReturn","Code","deleteFilesFailed"]	exact-usr	exact-usr	2	1	/ABIRoot/children/11/children/3/children/24	["/ABIRoot/children/11/children/24","/ABIRoot/children/11/children/3/children/24"]
c:@E@ICReturnCode@ICReturnDeviceCommandGeneralFailure	swift.enum.case	["ICReturn","Code","deviceCommandGeneralFailure"]	exact-usr	exact-usr	2	1	/ABIRoot/children/11/children/3/children/38	["/ABIRoot/children/11/children/3/children/38","/ABIRoot/children/11/children/38"]
c:@E@ICReturnCode@ICReturnDeviceCouldNotPair	swift.enum.case	["ICReturn","Code","deviceCouldNotPair"]	exact-usr	exact-usr	2	1	/ABIRoot/children/11/children/3/children/34	["/ABIRoot/children/11/children/3/children/34","/ABIRoot/children/11/children/34"]
c:@E@ICReturnCode@ICReturnDeviceCouldNotUnpair	swift.enum.case	["ICReturn","Code","deviceCouldNotUnpair"]	exact-usr	exact-usr	2	1	/ABIRoot/children/11/children/3/children/35	["/ABIRoot/children/11/children/3/children/35","/ABIRoot/children/11/children/35"]
c:@E@ICReturnCode@ICReturnDeviceFailedToCloseSession	swift.enum.case	["ICReturn","Code","deviceFailedToCloseSession"]	exact-usr	exact-usr	2	1	/ABIRoot/children/11/children/3/children/11	["/ABIRoot/children/11/children/11","/ABIRoot/children/11/children/3/children/11"]
c:@E@ICReturnCode@ICReturnDeviceFailedToCompleteTransfer	swift.enum.case	["ICReturn","Code","deviceFailedToCompleteTransfer"]	exact-usr	exact-usr	2	1	/ABIRoot/children/11/children/3/children/39	["/ABIRoot/children/11/children/3/children/39","/ABIRoot/children/11/children/39"]
c:@E@ICReturnCode@ICReturnDeviceFailedToOpenSession	swift.enum.case	["ICReturn","Code","deviceFailedToOpenSession"]	exact-usr	exact-usr	2	1	/ABIRoot/children/11/children/3/children/10	["/ABIRoot/children/11/children/10","/ABIRoot/children/11/children/3/children/10"]
c:@E@ICReturnCode@ICReturnDeviceFailedToSendData	swift.enum.case	["ICReturn","Code","deviceFailedToSendData"]	exact-usr	exact-usr	2	1	/ABIRoot/children/11/children/3/children/40	["/ABIRoot/children/11/children/3/children/40","/ABIRoot/children/11/children/40"]
c:@E@ICReturnCode@ICReturnDeviceFailedToTakePicture	swift.enum.case	["ICReturn","Code","deviceFailedToTakePicture"]	exact-usr	exact-usr	2	1	/ABIRoot/children/11/children/3/children/27	["/ABIRoot/children/11/children/27","/ABIRoot/children/11/children/3/children/27"]
c:@E@ICReturnCode@ICReturnDeviceIsBusyEnumerating	swift.enum.case	["ICReturn","Code","deviceIsBusyEnumerating"]	exact-usr	exact-usr	2	1	/ABIRoot/children/11/children/3/children/37	["/ABIRoot/children/11/children/3/children/37","/ABIRoot/children/11/children/37"]
c:@E@ICReturnCode@ICReturnDeviceIsPasscodeLocked	swift.enum.case	["ICReturn","Code","deviceIsPasscodeLocked"]	exact-usr	exact-usr	2	1	/ABIRoot/children/11/children/3/children/26	["/ABIRoot/children/11/children/26","/ABIRoot/children/11/children/3/children/26"]
c:@E@ICReturnCode@ICReturnDeviceNeedsCredentials	swift.enum.case	["ICReturn","Code","deviceNeedsCredentials"]	exact-usr	exact-usr	2	1	/ABIRoot/children/11/children/3/children/36	["/ABIRoot/children/11/children/3/children/36","/ABIRoot/children/11/children/36"]
c:@E@ICReturnCode@ICReturnDeviceSoftwareInstallationCanceled	swift.enum.case	["ICReturn","Code","deviceSoftwareInstallationCanceled"]	exact-usr	exact-usr	2	1	/ABIRoot/children/11/children/3/children/31	["/ABIRoot/children/11/children/3/children/31","/ABIRoot/children/11/children/31"]
c:@E@ICReturnCode@ICReturnDeviceSoftwareInstallationCompleted	swift.enum.case	["ICReturn","Code","deviceSoftwareInstallationCompleted"]	exact-usr	exact-usr	2	1	/ABIRoot/children/11/children/3/children/30	["/ABIRoot/children/11/children/3/children/30","/ABIRoot/children/11/children/30"]
c:@E@ICReturnCode@ICReturnDeviceSoftwareInstallationFailed	swift.enum.case	["ICReturn","Code","deviceSoftwareInstallationFailed"]	exact-usr	exact-usr	2	1	/ABIRoot/children/11/children/3/children/32	["/ABIRoot/children/11/children/3/children/32","/ABIRoot/children/11/children/32"]
c:@E@ICReturnCode@ICReturnDeviceSoftwareIsBeingInstalled	swift.enum.case	["ICReturn","Code","deviceSoftwareIsBeingInstalled"]	exact-usr	exact-usr	2	1	/ABIRoot/children/11/children/3/children/29	["/ABIRoot/children/11/children/29","/ABIRoot/children/11/children/3/children/29"]
c:@E@ICReturnCode@ICReturnDeviceSoftwareNotAvailable	swift.enum.case	["ICReturn","Code","deviceSoftwareNotAvailable"]	exact-usr	exact-usr	2	1	/ABIRoot/children/11/children/3/children/33	["/ABIRoot/children/11/children/3/children/33","/ABIRoot/children/11/children/33"]
c:@E@ICReturnCode@ICReturnDeviceSoftwareNotInstalled	swift.enum.case	["ICReturn","Code","deviceSoftwareNotInstalled"]	exact-usr	exact-usr	2	1	/ABIRoot/children/11/children/3/children/28	["/ABIRoot/children/11/children/28","/ABIRoot/children/11/children/3/children/28"]
c:@E@ICReturnCode@ICReturnDownloadCanceled	swift.enum.case	["ICReturn","Code","downloadCanceled"]	exact-usr	exact-usr	2	1	/ABIRoot/children/11/children/3/children/20	["/ABIRoot/children/11/children/20","/ABIRoot/children/11/children/3/children/20"]
c:@E@ICReturnCode@ICReturnDownloadFailed	swift.enum.case	["ICReturn","Code","downloadFailed"]	exact-usr	exact-usr	2	1	/ABIRoot/children/11/children/3/children/17	["/ABIRoot/children/11/children/17","/ABIRoot/children/11/children/3/children/17"]
c:@E@ICReturnCode@ICReturnExFATVolumeInvalid	swift.enum.case	["ICReturn","Code","exFATVolumeInvalid"]	exact-usr	exact-usr	2	1	/ABIRoot/children/11/children/3/children/42	["/ABIRoot/children/11/children/3/children/42","/ABIRoot/children/11/children/42"]
c:@E@ICReturnCode@ICReturnFailedToCompletePassThroughCommand	swift.enum.case	["ICReturn","Code","failedToCompletePassThroughCommand"]	exact-usr	exact-usr	2	1	/ABIRoot/children/11/children/3/children/19	["/ABIRoot/children/11/children/19","/ABIRoot/children/11/children/3/children/19"]
c:@E@ICReturnCode@ICReturnFailedToCompleteSendMessageRequest	swift.enum.case	["ICReturn","Code","failedToCompleteSendMessageRequest"]	exact-usr	exact-usr	2	1	/ABIRoot/children/11/children/3/children/23	["/ABIRoot/children/11/children/23","/ABIRoot/children/11/children/3/children/23"]
c:@E@ICReturnCode@ICReturnFailedToDisabeTethering	swift.enum.case	["ICReturn","Code","failedToDisabeTethering"]	exact-usr	exact-usr	2	1	/ABIRoot/children/11/children/3/children/22	["/ABIRoot/children/11/children/22","/ABIRoot/children/11/children/3/children/22"]
c:@E@ICReturnCode@ICReturnFailedToEnabeTethering	swift.enum.case	["ICReturn","Code","failedToEnabeTethering"]	exact-usr	exact-usr	2	1	/ABIRoot/children/11/children/3/children/21	["/ABIRoot/children/11/children/21","/ABIRoot/children/11/children/3/children/21"]
c:@E@ICReturnCode@ICReturnInvalidParam	swift.enum.case	["ICReturn","Code","invalidParam"]	exact-usr	exact-usr	2	1	/ABIRoot/children/11/children/3/children/5	["/ABIRoot/children/11/children/3/children/5","/ABIRoot/children/11/children/5"]
c:@E@ICReturnCode@ICReturnMultiErrorDictionary	swift.enum.case	["ICReturn","Code","multiErrorDictionary"]	exact-usr	exact-usr	2	1	/ABIRoot/children/11/children/3/children/43	["/ABIRoot/children/11/children/3/children/43","/ABIRoot/children/11/children/43"]
c:@E@ICReturnCode@ICReturnReceivedUnsolicitedScannerErrorInfo	swift.enum.case	["ICReturn","Code","receivedUnsolicitedScannerErrorInfo"]	exact-usr	exact-usr	2	1	/ABIRoot/children/11/children/3/children/16	["/ABIRoot/children/11/children/16","/ABIRoot/children/11/children/3/children/16"]
c:@E@ICReturnCode@ICReturnReceivedUnsolicitedScannerStatusInfo	swift.enum.case	["ICReturn","Code","receivedUnsolicitedScannerStatusInfo"]	exact-usr	exact-usr	2	1	/ABIRoot/children/11/children/3/children/15	["/ABIRoot/children/11/children/15","/ABIRoot/children/11/children/3/children/15"]
c:@E@ICReturnCode@ICReturnScanOperationCanceled	swift.enum.case	["ICReturn","Code","scanOperationCanceled"]	exact-usr	exact-usr	2	1	/ABIRoot/children/11/children/3/children/7	["/ABIRoot/children/11/children/3/children/7","/ABIRoot/children/11/children/7"]
c:@E@ICReturnCode@ICReturnScannerFailedToCompleteOverviewScan	swift.enum.case	["ICReturn","Code","scannerFailedToCompleteOverviewScan"]	exact-usr	exact-usr	2	1	/ABIRoot/children/11/children/3/children/13	["/ABIRoot/children/11/children/13","/ABIRoot/children/11/children/3/children/13"]
c:@E@ICReturnCode@ICReturnScannerFailedToCompleteScan	swift.enum.case	["ICReturn","Code","scannerFailedToCompleteScan"]	exact-usr	exact-usr	2	1	/ABIRoot/children/11/children/3/children/14	["/ABIRoot/children/11/children/14","/ABIRoot/children/11/children/3/children/14"]
c:@E@ICReturnCode@ICReturnScannerFailedToSelectFunctionalUnit	swift.enum.case	["ICReturn","Code","scannerFailedToSelectFunctionalUnit"]	exact-usr	exact-usr	2	1	/ABIRoot/children/11/children/3/children/12	["/ABIRoot/children/11/children/12","/ABIRoot/children/11/children/3/children/12"]
c:@E@ICReturnCode@ICReturnScannerInUseByLocalUser	swift.enum.case	["ICReturn","Code","scannerInUseByLocalUser"]	exact-usr	exact-usr	2	1	/ABIRoot/children/11/children/3/children/8	["/ABIRoot/children/11/children/3/children/8","/ABIRoot/children/11/children/8"]
c:@E@ICReturnCode@ICReturnScannerInUseByRemoteUser	swift.enum.case	["ICReturn","Code","scannerInUseByRemoteUser"]	exact-usr	exact-usr	2	1	/ABIRoot/children/11/children/3/children/9	["/ABIRoot/children/11/children/3/children/9","/ABIRoot/children/11/children/9"]
c:@E@ICReturnCode@ICReturnSessionNotOpened	swift.enum.case	["ICReturn","Code","sessionNotOpened"]	exact-usr	exact-usr	2	1	/ABIRoot/children/11/children/3/children/41	["/ABIRoot/children/11/children/3/children/41","/ABIRoot/children/11/children/41"]
c:@E@ICReturnCode@ICReturnSuccess	swift.enum.case	["ICReturn","Code","success"]	exact-usr	exact-usr	2	1	/ABIRoot/children/11/children/3/children/4	["/ABIRoot/children/11/children/3/children/4","/ABIRoot/children/11/children/4"]
c:@E@ICReturnCode@ICReturnUploadFailed	swift.enum.case	["ICReturn","Code","uploadFailed"]	exact-usr	exact-usr	2	1	/ABIRoot/children/11/children/3/children/18	["/ABIRoot/children/11/children/18","/ABIRoot/children/11/children/3/children/18"]
c:@E@ICReturnConnectionErrorCode	swift.enum	["ICReturnConnectionError","Code"]	exact-usr	exact-usr	3	1	/ABIRoot/children/12/children/3	["/ABIRoot/children/12","/ABIRoot/children/12/children/3","/ABIRoot/children/12/children/3/children/3"]
c:@E@ICReturnConnectionErrorCode@ICReturnConnectionClosedSessionSuddenly	swift.enum.case	["ICReturnConnectionError","Code","closedSessionSuddenly"]	exact-usr	exact-usr	2	1	/ABIRoot/children/12/children/3/children/5	["/ABIRoot/children/12/children/3/children/5","/ABIRoot/children/12/children/5"]
c:@E@ICReturnConnectionErrorCode@ICReturnConnectionDriverExited	swift.enum.case	["ICReturnConnectionError","Code","driverExited"]	exact-usr	exact-usr	2	1	/ABIRoot/children/12/children/3/children/4	["/ABIRoot/children/12/children/3/children/4","/ABIRoot/children/12/children/4"]
c:@E@ICReturnConnectionErrorCode@ICReturnConnectionEjectFailed	swift.enum.case	["ICReturnConnectionError","Code","ejectFailed"]	exact-usr	exact-usr	2	1	/ABIRoot/children/12/children/3/children/8	["/ABIRoot/children/12/children/3/children/8","/ABIRoot/children/12/children/8"]
c:@E@ICReturnConnectionErrorCode@ICReturnConnectionEjectedSuddenly	swift.enum.case	["ICReturnConnectionError","Code","ejectedSuddenly"]	exact-usr	exact-usr	2	1	/ABIRoot/children/12/children/3/children/6	["/ABIRoot/children/12/children/3/children/6","/ABIRoot/children/12/children/6"]
c:@E@ICReturnConnectionErrorCode@ICReturnConnectionFailedToOpen	swift.enum.case	["ICReturnConnectionError","Code","failedToOpen"]	exact-usr	exact-usr	2	1	/ABIRoot/children/12/children/3/children/9	["/ABIRoot/children/12/children/3/children/9","/ABIRoot/children/12/children/9"]
c:@E@ICReturnConnectionErrorCode@ICReturnConnectionFailedToOpenDevice	swift.enum.case	["ICReturnConnectionError","Code","failedToOpenDevice"]	exact-usr	exact-usr	2	1	/ABIRoot/children/12/children/3/children/10	["/ABIRoot/children/12/children/10","/ABIRoot/children/12/children/3/children/10"]
c:@E@ICReturnConnectionErrorCode@ICReturnConnectionNotAuthorizedToOpenDevice	swift.enum.case	["ICReturnConnectionError","Code","notAuthorizedToOpenDevice"]	exact-usr	exact-usr	2	1	/ABIRoot/children/12/children/3/children/11	["/ABIRoot/children/12/children/11","/ABIRoot/children/12/children/3/children/11"]
c:@E@ICReturnConnectionErrorCode@ICReturnConnectionSessionAlreadyOpen	swift.enum.case	["ICReturnConnectionError","Code","sessionAlreadyOpen"]	exact-usr	exact-usr	2	1	/ABIRoot/children/12/children/3/children/7	["/ABIRoot/children/12/children/3/children/7","/ABIRoot/children/12/children/7"]
c:@E@ICReturnDownloadErrorCode	swift.enum	["ICReturnDownloadError","Code"]	exact-usr	exact-usr	3	1	/ABIRoot/children/13/children/3	["/ABIRoot/children/13","/ABIRoot/children/13/children/3","/ABIRoot/children/13/children/3/children/3"]
c:@E@ICReturnDownloadErrorCode@ICReturnDownloadFileWritable	swift.enum.case	["ICReturnDownloadError","Code","fileWritable"]	exact-usr	exact-usr	2	1	/ABIRoot/children/13/children/3/children/5	["/ABIRoot/children/13/children/3/children/5","/ABIRoot/children/13/children/5"]
c:@E@ICReturnDownloadErrorCode@ICReturnDownloadPathInvalid	swift.enum.case	["ICReturnDownloadError","Code","pathInvalid"]	exact-usr	exact-usr	2	1	/ABIRoot/children/13/children/3/children/4	["/ABIRoot/children/13/children/3/children/4","/ABIRoot/children/13/children/4"]
c:@E@ICReturnMetadataErrorCode	swift.enum	["ICReturnMetadataError","Code"]	exact-usr	exact-usr	3	1	/ABIRoot/children/14/children/3	["/ABIRoot/children/14","/ABIRoot/children/14/children/3","/ABIRoot/children/14/children/3/children/3"]
c:@E@ICReturnMetadataErrorCode@ICReturnMetadataAlreadyFetching	swift.enum.case	["ICReturnMetadataError","Code","alreadyFetching"]	exact-usr	exact-usr	2	1	/ABIRoot/children/14/children/3/children/5	["/ABIRoot/children/14/children/3/children/5","/ABIRoot/children/14/children/5"]
c:@E@ICReturnMetadataErrorCode@ICReturnMetadataCanceled	swift.enum.case	["ICReturnMetadataError","Code","canceled"]	exact-usr	exact-usr	2	1	/ABIRoot/children/14/children/3/children/6	["/ABIRoot/children/14/children/3/children/6","/ABIRoot/children/14/children/6"]
c:@E@ICReturnMetadataErrorCode@ICReturnMetadataInvalid	swift.enum.case	["ICReturnMetadataError","Code","invalid"]	exact-usr	exact-usr	2	1	/ABIRoot/children/14/children/3/children/7	["/ABIRoot/children/14/children/3/children/7","/ABIRoot/children/14/children/7"]
c:@E@ICReturnMetadataErrorCode@ICReturnMetadataNotAvailable	swift.enum.case	["ICReturnMetadataError","Code","notAvailable"]	exact-usr	exact-usr	2	1	/ABIRoot/children/14/children/3/children/4	["/ABIRoot/children/14/children/3/children/4","/ABIRoot/children/14/children/4"]
c:@E@ICReturnObjectErrorCode	swift.enum	["ICReturnObjectError","Code"]	exact-usr	exact-usr	3	1	/ABIRoot/children/15/children/3	["/ABIRoot/children/15","/ABIRoot/children/15/children/3","/ABIRoot/children/15/children/3/children/3"]
c:@E@ICReturnObjectErrorCode@ICReturnCodeObjectCouldNotBeRead	swift.enum.case	["ICReturnObjectError","Code","codeObjectCouldNotBeRead"]	exact-usr	exact-usr	2	1	/ABIRoot/children/15/children/3/children/6	["/ABIRoot/children/15/children/3/children/6","/ABIRoot/children/15/children/6"]
c:@E@ICReturnObjectErrorCode@ICReturnCodeObjectDataEmpty	swift.enum.case	["ICReturnObjectError","Code","codeObjectDataEmpty"]	exact-usr	exact-usr	2	1	/ABIRoot/children/15/children/3/children/7	["/ABIRoot/children/15/children/3/children/7","/ABIRoot/children/15/children/7"]
c:@E@ICReturnObjectErrorCode@ICReturnCodeObjectDataOffsetInvalid	swift.enum.case	["ICReturnObjectError","Code","codeObjectDataOffsetInvalid"]	exact-usr	exact-usr	2	1	/ABIRoot/children/15/children/3/children/5	["/ABIRoot/children/15/children/3/children/5","/ABIRoot/children/15/children/5"]
c:@E@ICReturnObjectErrorCode@ICReturnCodeObjectDataRequestTooLarge	swift.enum.case	["ICReturnObjectError","Code","codeObjectDataRequestTooLarge"]	exact-usr	exact-usr	2	1	/ABIRoot/children/15/children/3/children/8	["/ABIRoot/children/15/children/3/children/8","/ABIRoot/children/15/children/8"]
c:@E@ICReturnObjectErrorCode@ICReturnCodeObjectDoesNotExist	swift.enum.case	["ICReturnObjectError","Code","codeObjectDoesNotExist"]	exact-usr	exact-usr	2	1	/ABIRoot/children/15/children/3/children/4	["/ABIRoot/children/15/children/3/children/4","/ABIRoot/children/15/children/4"]
c:@E@ICReturnPTPDeviceErrorCode	swift.enum	["ICReturnPTPDeviceError","Code"]	exact-usr	exact-usr	3	1	/ABIRoot/children/16/children/3	["/ABIRoot/children/16","/ABIRoot/children/16/children/3","/ABIRoot/children/16/children/3/children/3"]
c:@E@ICReturnPTPDeviceErrorCode@ICReturnPTPFailedToSendCommand	swift.enum.case	["ICReturnPTPDeviceError","Code","failedToSendCommand"]	exact-usr	exact-usr	2	1	/ABIRoot/children/16/children/3/children/4	["/ABIRoot/children/16/children/3/children/4","/ABIRoot/children/16/children/4"]
c:@E@ICReturnPTPDeviceErrorCode@ICReturnPTPNotAuthorizedToSendCommand	swift.enum.case	["ICReturnPTPDeviceError","Code","notAuthorizedToSendCommand"]	exact-usr	exact-usr	2	1	/ABIRoot/children/16/children/3/children/5	["/ABIRoot/children/16/children/3/children/5","/ABIRoot/children/16/children/5"]
c:@E@ICReturnThumbnailErrorCode	swift.enum	["ICReturnThumbnailError","Code"]	exact-usr	exact-usr	3	1	/ABIRoot/children/17/children/3	["/ABIRoot/children/17","/ABIRoot/children/17/children/3","/ABIRoot/children/17/children/3/children/3"]
c:@E@ICReturnThumbnailErrorCode@ICReturnThumbnailAlreadyFetching	swift.enum.case	["ICReturnThumbnailError","Code","alreadyFetching"]	exact-usr	exact-usr	2	1	/ABIRoot/children/17/children/3/children/5	["/ABIRoot/children/17/children/3/children/5","/ABIRoot/children/17/children/5"]
c:@E@ICReturnThumbnailErrorCode@ICReturnThumbnailCanceled	swift.enum.case	["ICReturnThumbnailError","Code","canceled"]	exact-usr	exact-usr	2	1	/ABIRoot/children/17/children/3/children/6	["/ABIRoot/children/17/children/3/children/6","/ABIRoot/children/17/children/6"]
c:@E@ICReturnThumbnailErrorCode@ICReturnThumbnailInvalid	swift.enum.case	["ICReturnThumbnailError","Code","invalid"]	exact-usr	exact-usr	2	1	/ABIRoot/children/17/children/3/children/7	["/ABIRoot/children/17/children/3/children/7","/ABIRoot/children/17/children/7"]
c:@E@ICReturnThumbnailErrorCode@ICReturnThumbnailNotAvailable	swift.enum.case	["ICReturnThumbnailError","Code","notAvailable"]	exact-usr	exact-usr	2	1	/ABIRoot/children/17/children/3/children/4	["/ABIRoot/children/17/children/3/children/4","/ABIRoot/children/17/children/4"]
c:@EA@ICReturnCodeOffset	swift.enum	["ICReturnCodeOffset"]	unmatched	none	0	0		[]
c:@EA@ICReturnCodeOffset@ICReturnCodeDeleteOffset	swift.enum.case	["ICReturnCodeOffset","deleteOffset"]	unmatched	none	0	0		[]
c:@EA@ICReturnCodeOffset@ICReturnCodeDeviceConnection	swift.enum.case	["ICReturnCodeOffset","deviceConnection"]	unmatched	none	0	0		[]
c:@EA@ICReturnCodeOffset@ICReturnCodeDeviceOffset	swift.enum.case	["ICReturnCodeOffset","deviceOffset"]	unmatched	none	0	0		[]
c:@EA@ICReturnCodeOffset@ICReturnCodeDownloadOffset	swift.enum.case	["ICReturnCodeOffset","downloadOffset"]	unmatched	none	0	0		[]
c:@EA@ICReturnCodeOffset@ICReturnCodeExFATOffset	swift.enum.case	["ICReturnCodeOffset","exFATOffset"]	unmatched	none	0	0		[]
c:@EA@ICReturnCodeOffset@ICReturnCodeMetadataOffset	swift.enum.case	["ICReturnCodeOffset","metadataOffset"]	unmatched	none	0	0		[]
c:@EA@ICReturnCodeOffset@ICReturnCodeObjectOffset	swift.enum.case	["ICReturnCodeOffset","objectOffset"]	unmatched	none	0	0		[]
c:@EA@ICReturnCodeOffset@ICReturnCodePTPOffset	swift.enum.case	["ICReturnCodeOffset","ptpOffset"]	unmatched	none	0	0		[]
c:@EA@ICReturnCodeOffset@ICReturnCodeSystemOffset	swift.enum.case	["ICReturnCodeOffset","systemOffset"]	unmatched	none	0	0		[]
c:@EA@ICReturnCodeOffset@ICReturnCodeThumbnailOffset	swift.enum.case	["ICReturnCodeOffset","thumbnailOffset"]	unmatched	none	0	0		[]
c:@ICAuthorizationStatusAuthorized	swift.type.property	["ICAuthorizationStatus","authorized"]	unmatched	none	0	0		[]
c:@ICAuthorizationStatusDenied	swift.type.property	["ICAuthorizationStatus","denied"]	unmatched	none	0	0		[]
c:@ICAuthorizationStatusNotDetermined	swift.type.property	["ICAuthorizationStatus","notDetermined"]	unmatched	none	0	0		[]
c:@ICAuthorizationStatusRestricted	swift.type.property	["ICAuthorizationStatus","restricted"]	unmatched	none	0	0		[]
c:@ICCameraDeviceCanAcceptPTPCommands	swift.type.property	["ICDeviceCapability","cameraDeviceCanAcceptPTPCommands"]	unmatched	none	0	0		[]
c:@ICCameraDeviceCanDeleteAllFiles	swift.type.property	["ICDeviceCapability","cameraDeviceCanDeleteAllFiles"]	unmatched	none	0	0		[]
c:@ICCameraDeviceCanDeleteOneFile	swift.type.property	["ICDeviceCapability","cameraDeviceCanDeleteOneFile"]	unmatched	none	0	0		[]
c:@ICCameraDeviceCanReceiveFile	swift.type.property	["ICDeviceCapability","cameraDeviceCanReceiveFile"]	unmatched	none	0	0		[]
c:@ICCameraDeviceCanSyncClock	swift.type.property	["ICDeviceCapability","cameraDeviceCanSyncClock"]	unmatched	none	0	0		[]
c:@ICCameraDeviceCanTakePicture	swift.type.property	["ICDeviceCapability","cameraDeviceCanTakePicture"]	unmatched	none	0	0		[]
c:@ICCameraDeviceCanTakePictureUsingShutterReleaseOnCamera	swift.type.property	["ICDeviceCapability","cameraDeviceCanTakePictureUsingShutterReleaseOnCamera"]	unmatched	none	0	0		[]
c:@ICCameraDeviceSupportsHEIF	swift.type.property	["ICDeviceCapability","cameraDeviceSupportsHEIF"]	unmatched	none	0	0		[]
c:@ICDeleteAfterSuccessfulDownload	swift.type.property	["ICDownloadOption","deleteAfterSuccessfulDownload"]	unmatched	none	0	0		[]
c:@ICDeleteCanceled	swift.type.property	["ICDeleteResult","canceled"]	unmatched	none	0	0		[]
c:@ICDeleteErrorCanceled	swift.type.property	["ICDeleteError","canceled"]	unmatched	none	0	0		[]
c:@ICDeleteErrorDeviceMissing	swift.type.property	["ICDeleteError","deviceMissing"]	unmatched	none	0	0		[]
c:@ICDeleteErrorFileMissing	swift.type.property	["ICDeleteError","fileMissing"]	unmatched	none	0	0		[]
c:@ICDeleteErrorReadOnly	swift.type.property	["ICDeleteError","readOnly"]	unmatched	none	0	0		[]
c:@ICDeleteFailed	swift.type.property	["ICDeleteResult","failed"]	unmatched	none	0	0		[]
c:@ICDeleteSuccessful	swift.type.property	["ICDeleteResult","successful"]	unmatched	none	0	0		[]
c:@ICDeviceCanEjectOrDisconnect	swift.type.property	["ICDeviceCapability","canEjectOrDisconnect"]	unmatched	none	0	0		[]
c:@ICDeviceLocationDescriptionBluetooth	swift.type.property	["ICDeviceLocationOptions","descriptionBluetooth"]	unmatched	none	0	0		[]
c:@ICDeviceLocationDescriptionFireWire	swift.type.property	["ICDeviceLocationOptions","descriptionFireWire"]	unmatched	none	0	0		[]
c:@ICDeviceLocationDescriptionMassStorage	swift.type.property	["ICDeviceLocationOptions","descriptionMassStorage"]	unmatched	none	0	0		[]
c:@ICDeviceLocationDescriptionUSB	swift.type.property	["ICDeviceLocationOptions","descriptionUSB"]	unmatched	none	0	0		[]
c:@ICDownloadSidecarFiles	swift.type.property	["ICDownloadOption","sidecarFiles"]	unmatched	none	0	0		[]
c:@ICDownloadsDirectoryURL	swift.type.property	["ICDownloadOption","downloadsDirectoryURL"]	unmatched	none	0	0		[]
c:@ICEnumerationChronologicalOrder	swift.type.property	["ICSessionOptions","enumerationChronologicalOrder"]	unmatched	none	0	0		[]
c:@ICErrorDomain	swift.var	["ICErrorDomain"]	unmatched	none	0	0		[]
c:@ICImageSourceShouldCache	swift.type.property	["ICCameraItemThumbnailOption","imageSourceShouldCache"]	unmatched	none	0	0		[]
c:@ICImageSourceThumbnailMaxPixelSize	swift.type.property	["ICCameraItemThumbnailOption","imageSourceThumbnailMaxPixelSize"]	unmatched	none	0	0		[]
c:@ICOverwrite	swift.type.property	["ICDownloadOption","overwrite"]	unmatched	none	0	0		[]
c:@ICSaveAsFilename	swift.type.property	["ICDownloadOption","saveAsFilename"]	unmatched	none	0	0		[]
c:@ICSavedAncillaryFiles	swift.type.property	["ICDownloadOption","savedAncillaryFiles"]	unmatched	none	0	0		[]
c:@ICSavedFilename	swift.type.property	["ICDownloadOption","savedFilename"]	unmatched	none	0	0		[]
c:@ICStatusNotificationKey	swift.type.property	["ICDeviceStatus","statusNotificationKey"]	unmatched	none	0	0		[]
c:@ICTransportTypeExFAT	swift.type.property	["ICDeviceTransport","transportTypeExFAT"]	unmatched	none	0	0		[]
c:@ICTransportTypeMassStorage	swift.type.property	["ICDeviceTransport","transportTypeMassStorage"]	unmatched	none	0	0		[]
c:@ICTransportTypeProximity	swift.type.property	["ICDeviceTransport","transportTypeProximity"]	unmatched	none	0	0		[]
c:@ICTransportTypeTCPIP	swift.type.property	["ICDeviceTransport","transportTypeTCPIP"]	unmatched	none	0	0		[]
c:@ICTransportTypeUSB	swift.type.property	["ICDeviceTransport","transportTypeUSB"]	unmatched	none	0	0		[]
c:@ICTruncateAfterSuccessfulDownload	swift.type.property	["ICDownloadOption","truncateAfterSuccessfulDownload"]	unmatched	none	0	0		[]
c:@T@ICAuthorizationStatus	swift.struct	["ICAuthorizationStatus"]	unmatched	none	0	0		[]
c:@T@ICCameraItemMetadataOption	swift.struct	["ICCameraItemMetadataOption"]	unmatched	none	0	0		[]
c:@T@ICCameraItemThumbnailOption	swift.struct	["ICCameraItemThumbnailOption"]	unmatched	none	0	0		[]
c:@T@ICDeleteError	swift.struct	["ICDeleteError"]	unmatched	none	0	0		[]
c:@T@ICDeleteResult	swift.struct	["ICDeleteResult"]	unmatched	none	0	0		[]
c:@T@ICDeviceCapability	swift.struct	["ICDeviceCapability"]	unmatched	none	0	0		[]
c:@T@ICDeviceLocationOptions	swift.struct	["ICDeviceLocationOptions"]	unmatched	none	0	0		[]
c:@T@ICDeviceStatus	swift.struct	["ICDeviceStatus"]	unmatched	none	0	0		[]
c:@T@ICDeviceTransport	swift.struct	["ICDeviceTransport"]	unmatched	none	0	0		[]
c:@T@ICDownloadOption	swift.struct	["ICDownloadOption"]	unmatched	none	0	0		[]
c:@T@ICSessionOptions	swift.struct	["ICSessionOptions"]	unmatched	none	0	0		[]
c:@T@ICUploadOption	swift.struct	["ICUploadOption"]	unmatched	none	0	0		[]
c:objc(cs)ICCameraDevice	swift.class	["ICCameraDevice"]	import-name	exported-import-name	1	1	/ABIRoot/children/5	["/ABIRoot/children/5"]
c:objc(cs)ICCameraDevice(im)filesOfType:	swift.method	["ICCameraDevice","files(ofType:)"]	unmatched	none	0	0		[]
c:objc(cs)ICCameraDevice(im)requestDeleteFiles:	swift.method	["ICCameraDevice","requestDeleteFiles(_:)"]	unmatched	none	0	0		[]
c:objc(cs)ICCameraDevice(im)requestDeleteFiles:deleteFailed:completion:	swift.method	["ICCameraDevice","requestDeleteFiles(_:deleteFailed:completion:)"]	unmatched	none	0	0		[]
c:objc(cs)ICCameraDevice(im)requestDownloadFile:options:downloadDelegate:didDownloadSelector:contextInfo:	swift.method	["ICCameraDevice","requestDownloadFile(_:options:downloadDelegate:didDownloadSelector:contextInfo:)"]	unmatched	none	0	0		[]
c:objc(cs)ICCameraDevice(im)requestReadDataFromFile:atOffset:length:readDelegate:didReadDataSelector:contextInfo:	swift.method	["ICCameraDevice","requestReadData(from:atOffset:length:readDelegate:didReadDataSelector:contextInfo:)"]	unmatched	none	0	0		[]
c:objc(cs)ICCameraDevice(im)requestSendPTPCommand:outData:completion:	swift.method	["ICCameraDevice","requestSendPTPCommand(_:outData:)"]	unmatched	none	0	0		[]
c:objc(cs)ICCameraDevice(im)requestSendPTPCommand:outData:sendCommandDelegate:didSendCommandSelector:contextInfo:	swift.method	["ICCameraDevice","requestSendPTPCommand(_:outData:sendCommandDelegate:didSendCommand:contextInfo:)"]	unmatched	none	0	0		[]
c:objc(cs)ICCameraDevice(py)accessRestrictedAppleDevice	swift.property	["ICCameraDevice","isAccessRestrictedAppleDevice"]	unmatched	none	0	0		[]
c:objc(cs)ICCameraDevice(py)batteryLevel	swift.property	["ICCameraDevice","batteryLevel"]	unmatched	none	0	0		[]
c:objc(cs)ICCameraDevice(py)batteryLevelAvailable	swift.property	["ICCameraDevice","batteryLevelAvailable"]	unmatched	none	0	0		[]
c:objc(cs)ICCameraDevice(py)contentCatalogPercentCompleted	swift.property	["ICCameraDevice","contentCatalogPercentCompleted"]	unmatched	none	0	0		[]
c:objc(cs)ICCameraDevice(py)contents	swift.property	["ICCameraDevice","contents"]	unmatched	none	0	0		[]
c:objc(cs)ICCameraDevice(py)ejectable	swift.property	["ICCameraDevice","isEjectable"]	unmatched	none	0	0		[]
c:objc(cs)ICCameraDevice(py)iCloudPhotosEnabled	swift.property	["ICCameraDevice","iCloudPhotosEnabled"]	unmatched	none	0	0		[]
c:objc(cs)ICCameraDevice(py)locked	swift.property	["ICCameraDevice","isLocked"]	unmatched	none	0	0		[]
c:objc(cs)ICCameraDevice(py)mediaFiles	swift.property	["ICCameraDevice","mediaFiles"]	unmatched	none	0	0		[]
c:objc(cs)ICCameraDevice(py)mediaPresentation	swift.property	["ICCameraDevice","mediaPresentation"]	unmatched	none	0	0		[]
c:objc(cs)ICCameraDevice(py)ptpEventHandler	swift.property	["ICCameraDevice","ptpEventHandler"]	unmatched	none	0	0		[]
c:objc(cs)ICCameraDevice(py)tetheredCaptureEnabled	swift.property	["ICCameraDevice","tetheredCaptureEnabled"]	unmatched	none	0	0		[]
c:objc(cs)ICCameraDevice(py)timeOffset	swift.property	["ICCameraDevice","timeOffset"]	unmatched	none	0	0		[]
c:objc(cs)ICCameraFile	swift.class	["ICCameraFile"]	import-name	exported-import-name	1	1	/ABIRoot/children/3	["/ABIRoot/children/3"]
c:objc(cs)ICCameraFile(cm)fingerprintForFileAtURL:	swift.type.method	["ICCameraFile","fingerprintForFile(at:)"]	unmatched	none	0	0		[]
c:objc(cs)ICCameraFile(im)requestDownloadWithOptions:completion:	swift.method	["ICCameraFile","requestDownload(options:completion:)"]	unmatched	none	0	0		[]
c:objc(cs)ICCameraFile(im)requestFingerprintWithCompletion:	swift.method	["ICCameraFile","requestFingerprint(completion:)"]	unmatched	none	0	0		[]
c:objc(cs)ICCameraFile(im)requestMetadataDictionaryWithOptions:completion:	swift.method	["ICCameraFile","requestMetadataDictionary(options:)"]	unmatched	none	0	0		[]
c:objc(cs)ICCameraFile(im)requestReadDataAtOffset:length:completion:	swift.method	["ICCameraFile","requestReadData(atOffset:length:)"]	unmatched	none	0	0		[]
c:objc(cs)ICCameraFile(im)requestSecurityScopedURLWithCompletion:	swift.method	["ICCameraFile","requestSecurityScopedURL(completion:)"]	unmatched	none	0	0		[]
c:objc(cs)ICCameraFile(im)requestThumbnailDataWithOptions:completion:	swift.method	["ICCameraFile","requestThumbnailData(options:)"]	unmatched	none	0	0		[]
c:objc(cs)ICCameraFile(py)burstFavorite	swift.property	["ICCameraFile","burstFavorite"]	unmatched	none	0	0		[]
c:objc(cs)ICCameraFile(py)burstPicked	swift.property	["ICCameraFile","burstPicked"]	unmatched	none	0	0		[]
c:objc(cs)ICCameraFile(py)burstUUID	swift.property	["ICCameraFile","burstUUID"]	unmatched	none	0	0		[]
c:objc(cs)ICCameraFile(py)createdFilename	swift.property	["ICCameraFile","createdFilename"]	unmatched	none	0	0		[]
c:objc(cs)ICCameraFile(py)duration	swift.property	["ICCameraFile","duration"]	unmatched	none	0	0		[]
c:objc(cs)ICCameraFile(py)exifCreationDate	swift.property	["ICCameraFile","exifCreationDate"]	unmatched	none	0	0		[]
c:objc(cs)ICCameraFile(py)exifModificationDate	swift.property	["ICCameraFile","exifModificationDate"]	unmatched	none	0	0		[]
c:objc(cs)ICCameraFile(py)fileCreationDate	swift.property	["ICCameraFile","fileCreationDate"]	unmatched	none	0	0		[]
c:objc(cs)ICCameraFile(py)fileModificationDate	swift.property	["ICCameraFile","fileModificationDate"]	unmatched	none	0	0		[]
c:objc(cs)ICCameraFile(py)fileSize	swift.property	["ICCameraFile","fileSize"]	unmatched	none	0	0		[]
c:objc(cs)ICCameraFile(py)fingerprint	swift.property	["ICCameraFile","fingerprint"]	unmatched	none	0	0		[]
c:objc(cs)ICCameraFile(py)firstPicked	swift.property	["ICCameraFile","firstPicked"]	unmatched	none	0	0		[]
c:objc(cs)ICCameraFile(py)gpsString	swift.property	["ICCameraFile","gpsString"]	unmatched	none	0	0		[]
c:objc(cs)ICCameraFile(py)groupUUID	swift.property	["ICCameraFile","groupUUID"]	unmatched	none	0	0		[]
c:objc(cs)ICCameraFile(py)height	swift.property	["ICCameraFile","height"]	unmatched	none	0	0		[]
c:objc(cs)ICCameraFile(py)highFramerate	swift.property	["ICCameraFile","highFramerate"]	unmatched	none	0	0		[]
c:objc(cs)ICCameraFile(py)orientation	swift.property	["ICCameraFile","orientation"]	unmatched	none	0	0		[]
c:objc(cs)ICCameraFile(py)originalFilename	swift.property	["ICCameraFile","originalFilename"]	unmatched	none	0	0		[]
c:objc(cs)ICCameraFile(py)originatingAssetID	swift.property	["ICCameraFile","originatingAssetID"]	unmatched	none	0	0		[]
c:objc(cs)ICCameraFile(py)pairedRawImage	swift.property	["ICCameraFile","pairedRawImage"]	unmatched	none	0	0		[]
c:objc(cs)ICCameraFile(py)relatedUUID	swift.property	["ICCameraFile","relatedUUID"]	unmatched	none	0	0		[]
c:objc(cs)ICCameraFile(py)sidecarFiles	swift.property	["ICCameraFile","sidecarFiles"]	unmatched	none	0	0		[]
c:objc(cs)ICCameraFile(py)timeLapse	swift.property	["ICCameraFile","timeLapse"]	unmatched	none	0	0		[]
c:objc(cs)ICCameraFile(py)width	swift.property	["ICCameraFile","width"]	unmatched	none	0	0		[]
c:objc(cs)ICCameraFolder	swift.class	["ICCameraFolder"]	import-name	exported-import-name	1	1	/ABIRoot/children/4	["/ABIRoot/children/4"]
c:objc(cs)ICCameraFolder(py)contents	swift.property	["ICCameraFolder","contents"]	unmatched	none	0	0		[]
c:objc(cs)ICCameraItem	swift.class	["ICCameraItem"]	import-name	exported-import-name	1	1	/ABIRoot/children/2	["/ABIRoot/children/2"]
c:objc(cs)ICCameraItem(im)flushMetadataCache	swift.method	["ICCameraItem","flushMetadataCache()"]	unmatched	none	0	0		[]
c:objc(cs)ICCameraItem(im)flushThumbnailCache	swift.method	["ICCameraItem","flushThumbnailCache()"]	unmatched	none	0	0		[]
c:objc(cs)ICCameraItem(im)requestMetadata	swift.method	["ICCameraItem","requestMetadata()"]	unmatched	none	0	0		[]
c:objc(cs)ICCameraItem(im)requestThumbnail	swift.method	["ICCameraItem","requestThumbnail()"]	unmatched	none	0	0		[]
c:objc(cs)ICCameraItem(py)UTI	swift.property	["ICCameraItem","uti"]	unmatched	none	0	0		[]
c:objc(cs)ICCameraItem(py)addedAfterContentCatalogCompleted	swift.property	["ICCameraItem","wasAddedAfterContentCatalogCompleted"]	unmatched	none	0	0		[]
c:objc(cs)ICCameraItem(py)creationDate	swift.property	["ICCameraItem","creationDate"]	unmatched	none	0	0		[]
c:objc(cs)ICCameraItem(py)device	swift.property	["ICCameraItem","device"]	unmatched	none	0	0		[]
c:objc(cs)ICCameraItem(py)inTemporaryStore	swift.property	["ICCameraItem","isInTemporaryStore"]	unmatched	none	0	0		[]
c:objc(cs)ICCameraItem(py)largeThumbnailIfAvailable	swift.property	["ICCameraItem","largeThumbnailIfAvailable"]	unmatched	none	0	0		[]
c:objc(cs)ICCameraItem(py)locked	swift.property	["ICCameraItem","isLocked"]	unmatched	none	0	0		[]
c:objc(cs)ICCameraItem(py)metadata	swift.property	["ICCameraItem","metadata"]	unmatched	none	0	0		[]
c:objc(cs)ICCameraItem(py)metadataIfAvailable	swift.property	["ICCameraItem","metadataIfAvailable"]	unmatched	none	0	0		[]
c:objc(cs)ICCameraItem(py)modificationDate	swift.property	["ICCameraItem","modificationDate"]	unmatched	none	0	0		[]
c:objc(cs)ICCameraItem(py)name	swift.property	["ICCameraItem","name"]	unmatched	none	0	0		[]
c:objc(cs)ICCameraItem(py)parentFolder	swift.property	["ICCameraItem","parentFolder"]	unmatched	none	0	0		[]
c:objc(cs)ICCameraItem(py)ptpObjectHandle	swift.property	["ICCameraItem","ptpObjectHandle"]	unmatched	none	0	0		[]
c:objc(cs)ICCameraItem(py)raw	swift.property	["ICCameraItem","isRaw"]	unmatched	none	0	0		[]
c:objc(cs)ICCameraItem(py)thumbnail	swift.property	["ICCameraItem","thumbnail"]	unmatched	none	0	0		[]
c:objc(cs)ICCameraItem(py)thumbnailIfAvailable	swift.property	["ICCameraItem","thumbnailIfAvailable"]	unmatched	none	0	0		[]
c:objc(cs)ICCameraItem(py)userData	swift.property	["ICCameraItem","userData"]	unmatched	none	0	0		[]
c:objc(cs)ICDevice	swift.class	["ICDevice"]	import-name	exported-import-name	1	1	/ABIRoot/children/1	["/ABIRoot/children/1"]
c:objc(cs)ICDevice(im)requestCloseSession	swift.method	["ICDevice","requestCloseSession()"]	unmatched	none	0	0		[]
c:objc(cs)ICDevice(im)requestCloseSessionWithOptions:completion:	swift.method	["ICDevice","requestCloseSession(options:)"]	unmatched	none	0	0		[]
c:objc(cs)ICDevice(im)requestEject	swift.method	["ICDevice","requestEject()"]	unmatched	none	0	0		[]
c:objc(cs)ICDevice(im)requestEjectWithCompletion:	swift.method	["ICDevice","requestEject(completion:)"]	unmatched	none	0	0		[]
c:objc(cs)ICDevice(im)requestOpenSession	swift.method	["ICDevice","requestOpenSession()"]	unmatched	none	0	0		[]
c:objc(cs)ICDevice(im)requestOpenSessionWithOptions:completion:	swift.method	["ICDevice","requestOpenSession(options:)"]	unmatched	none	0	0		[]
c:objc(cs)ICDevice(py)UUIDString	swift.property	["ICDevice","uuidString"]	unmatched	none	0	0		[]
c:objc(cs)ICDevice(py)capabilities	swift.property	["ICDevice","capabilities"]	unmatched	none	0	0		[]
c:objc(cs)ICDevice(py)delegate	swift.property	["ICDevice","delegate"]	unmatched	none	0	0		[]
c:objc(cs)ICDevice(py)hasOpenSession	swift.property	["ICDevice","hasOpenSession"]	unmatched	none	0	0		[]
c:objc(cs)ICDevice(py)icon	swift.property	["ICDevice","icon"]	unmatched	none	0	0		[]
c:objc(cs)ICDevice(py)name	swift.property	["ICDevice","name"]	unmatched	none	0	0		[]
c:objc(cs)ICDevice(py)productKind	swift.property	["ICDevice","productKind"]	unmatched	none	0	0		[]
c:objc(cs)ICDevice(py)systemSymbolName	swift.property	["ICDevice","systemSymbolName"]	unmatched	none	0	0		[]
c:objc(cs)ICDevice(py)transportType	swift.property	["ICDevice","transportType"]	unmatched	none	0	0		[]
c:objc(cs)ICDevice(py)type	swift.property	["ICDevice","type"]	unmatched	none	0	0		[]
c:objc(cs)ICDevice(py)usbLocationID	swift.property	["ICDevice","usbLocationID"]	unmatched	none	0	0		[]
c:objc(cs)ICDevice(py)usbProductID	swift.property	["ICDevice","usbProductID"]	unmatched	none	0	0		[]
c:objc(cs)ICDevice(py)usbVendorID	swift.property	["ICDevice","usbVendorID"]	unmatched	none	0	0		[]
c:objc(cs)ICDevice(py)userData	swift.property	["ICDevice","userData"]	unmatched	none	0	0		[]
c:objc(cs)ICDeviceBrowser	swift.class	["ICDeviceBrowser"]	import-name	exported-import-name	1	1	/ABIRoot/children/6	["/ABIRoot/children/6"]
c:objc(cs)ICDeviceBrowser(im)init	swift.init	["ICDeviceBrowser","init()"]	unmatched	none	0	0		[]
c:objc(cs)ICDeviceBrowser(im)requestContentsAuthorizationWithCompletion:	swift.method	["ICDeviceBrowser","requestContentsAuthorization(completion:)"]	unmatched	none	0	0		[]
c:objc(cs)ICDeviceBrowser(im)requestControlAuthorizationWithCompletion:	swift.method	["ICDeviceBrowser","requestControlAuthorization(completion:)"]	unmatched	none	0	0		[]
c:objc(cs)ICDeviceBrowser(im)resetContentsAuthorizationWithCompletion:	swift.method	["ICDeviceBrowser","resetContentsAuthorization(completion:)"]	unmatched	none	0	0		[]
c:objc(cs)ICDeviceBrowser(im)resetControlAuthorizationWithCompletion:	swift.method	["ICDeviceBrowser","resetControlAuthorization(completion:)"]	unmatched	none	0	0		[]
c:objc(cs)ICDeviceBrowser(im)start	swift.method	["ICDeviceBrowser","start()"]	unmatched	none	0	0		[]
c:objc(cs)ICDeviceBrowser(im)stop	swift.method	["ICDeviceBrowser","stop()"]	unmatched	none	0	0		[]
c:objc(cs)ICDeviceBrowser(py)browsedDeviceTypeMask	swift.property	["ICDeviceBrowser","browsedDeviceTypeMask"]	unmatched	none	0	0		[]
c:objc(cs)ICDeviceBrowser(py)browsing	swift.property	["ICDeviceBrowser","isBrowsing"]	unmatched	none	0	0		[]
c:objc(cs)ICDeviceBrowser(py)contentsAuthorizationStatus	swift.property	["ICDeviceBrowser","contentsAuthorizationStatus"]	unmatched	none	0	0		[]
c:objc(cs)ICDeviceBrowser(py)controlAuthorizationStatus	swift.property	["ICDeviceBrowser","controlAuthorizationStatus"]	unmatched	none	0	0		[]
c:objc(cs)ICDeviceBrowser(py)delegate	swift.property	["ICDeviceBrowser","delegate"]	unmatched	none	0	0		[]
c:objc(cs)ICDeviceBrowser(py)devices	swift.property	["ICDeviceBrowser","devices"]	unmatched	none	0	0		[]
c:objc(cs)ICDeviceBrowser(py)suspended	swift.property	["ICDeviceBrowser","isSuspended"]	unmatched	none	0	0		[]
c:objc(pl)ICCameraDeviceDelegate	swift.protocol	["ICCameraDeviceDelegate"]	unmatched	none	0	0		[]
c:objc(pl)ICCameraDeviceDelegate(im)cameraDevice:didAddItem:	swift.method	["ICCameraDeviceDelegate","cameraDevice(_:didAdd:)"]	unmatched	none	0	0		[]
c:objc(pl)ICCameraDeviceDelegate(im)cameraDevice:didAddItems:	swift.method	["ICCameraDeviceDelegate","cameraDevice(_:didAdd:)"]	unmatched	none	0	0		[]
c:objc(pl)ICCameraDeviceDelegate(im)cameraDevice:didCompleteDeleteFilesWithError:	swift.method	["ICCameraDeviceDelegate","cameraDevice(_:didCompleteDeleteFilesWithError:)"]	unmatched	none	0	0		[]
c:objc(pl)ICCameraDeviceDelegate(im)cameraDevice:didReceiveMetadata:forItem:error:	swift.method	["ICCameraDeviceDelegate","cameraDevice(_:didReceiveMetadata:for:error:)"]	unmatched	none	0	0		[]
c:objc(pl)ICCameraDeviceDelegate(im)cameraDevice:didReceiveMetadataForItem:	swift.method	["ICCameraDeviceDelegate","cameraDevice(_:didReceiveMetadataFor:)"]	unmatched	none	0	0		[]
c:objc(pl)ICCameraDeviceDelegate(im)cameraDevice:didReceivePTPEvent:	swift.method	["ICCameraDeviceDelegate","cameraDevice(_:didReceivePTPEvent:)"]	unmatched	none	0	0		[]
c:objc(pl)ICCameraDeviceDelegate(im)cameraDevice:didReceiveThumbnail:forItem:error:	swift.method	["ICCameraDeviceDelegate","cameraDevice(_:didReceiveThumbnail:for:error:)"]	unmatched	none	0	0		[]
c:objc(pl)ICCameraDeviceDelegate(im)cameraDevice:didReceiveThumbnailForItem:	swift.method	["ICCameraDeviceDelegate","cameraDevice(_:didReceiveThumbnailFor:)"]	unmatched	none	0	0		[]
c:objc(pl)ICCameraDeviceDelegate(im)cameraDevice:didRemoveItem:	swift.method	["ICCameraDeviceDelegate","cameraDevice(_:didRemove:)"]	unmatched	none	0	0		[]
c:objc(pl)ICCameraDeviceDelegate(im)cameraDevice:didRemoveItems:	swift.method	["ICCameraDeviceDelegate","cameraDevice(_:didRemove:)"]	unmatched	none	0	0		[]
c:objc(pl)ICCameraDeviceDelegate(im)cameraDevice:didRenameItems:	swift.method	["ICCameraDeviceDelegate","cameraDevice(_:didRenameItems:)"]	unmatched	none	0	0		[]
c:objc(pl)ICCameraDeviceDelegate(im)cameraDevice:shouldGetMetadataOfItem:	swift.method	["ICCameraDeviceDelegate","cameraDevice(_:shouldGetMetadataOf:)"]	unmatched	none	0	0		[]
c:objc(pl)ICCameraDeviceDelegate(im)cameraDevice:shouldGetThumbnailOfItem:	swift.method	["ICCameraDeviceDelegate","cameraDevice(_:shouldGetThumbnailOf:)"]	unmatched	none	0	0		[]
c:objc(pl)ICCameraDeviceDelegate(im)cameraDeviceDidChangeCapability:	swift.method	["ICCameraDeviceDelegate","cameraDeviceDidChangeCapability(_:)"]	unmatched	none	0	0		[]
c:objc(pl)ICCameraDeviceDelegate(im)cameraDeviceDidEnableAccessRestriction:	swift.method	["ICCameraDeviceDelegate","cameraDeviceDidEnableAccessRestriction(_:)"]	unmatched	none	0	0		[]
c:objc(pl)ICCameraDeviceDelegate(im)cameraDeviceDidRemoveAccessRestriction:	swift.method	["ICCameraDeviceDelegate","cameraDeviceDidRemoveAccessRestriction(_:)"]	unmatched	none	0	0		[]
c:objc(pl)ICCameraDeviceDelegate(im)deviceDidBecomeReadyWithCompleteContentCatalog:	swift.method	["ICCameraDeviceDelegate","deviceDidBecomeReady(withCompleteContentCatalog:)"]	unmatched	none	0	0		[]
c:objc(pl)ICCameraDeviceDownloadDelegate	swift.protocol	["ICCameraDeviceDownloadDelegate"]	unmatched	none	0	0		[]
c:objc(pl)ICCameraDeviceDownloadDelegate(im)didDownloadFile:error:options:contextInfo:	swift.method	["ICCameraDeviceDownloadDelegate","didDownloadFile(_:error:options:contextInfo:)"]	unmatched	none	0	0		[]
c:objc(pl)ICCameraDeviceDownloadDelegate(im)didReceiveDownloadProgressForFile:downloadedBytes:maxBytes:	swift.method	["ICCameraDeviceDownloadDelegate","didReceiveDownloadProgress(for:downloadedBytes:maxBytes:)"]	unmatched	none	0	0		[]
c:objc(pl)ICDeviceBrowserDelegate	swift.protocol	["ICDeviceBrowserDelegate"]	unmatched	none	0	0		[]
c:objc(pl)ICDeviceBrowserDelegate(im)deviceBrowser:deviceDidChangeName:	swift.method	["ICDeviceBrowserDelegate","deviceBrowser(_:deviceDidChangeName:)"]	unmatched	none	0	0		[]
c:objc(pl)ICDeviceBrowserDelegate(im)deviceBrowser:deviceDidChangeSharingState:	swift.method	["ICDeviceBrowserDelegate","deviceBrowser(_:deviceDidChangeSharingState:)"]	unmatched	none	0	0		[]
c:objc(pl)ICDeviceBrowserDelegate(im)deviceBrowser:didAddDevice:moreComing:	swift.method	["ICDeviceBrowserDelegate","deviceBrowser(_:didAdd:moreComing:)"]	unmatched	none	0	0		[]
c:objc(pl)ICDeviceBrowserDelegate(im)deviceBrowser:didRemoveDevice:moreGoing:	swift.method	["ICDeviceBrowserDelegate","deviceBrowser(_:didRemove:moreGoing:)"]	unmatched	none	0	0		[]
c:objc(pl)ICDeviceBrowserDelegate(im)deviceBrowserDidCancelSuspendOperations:	swift.method	["ICDeviceBrowserDelegate","deviceBrowserDidCancelSuspendOperations(_:)"]	unmatched	none	0	0		[]
c:objc(pl)ICDeviceBrowserDelegate(im)deviceBrowserDidResumeOperations:	swift.method	["ICDeviceBrowserDelegate","deviceBrowserDidResumeOperations(_:)"]	unmatched	none	0	0		[]
c:objc(pl)ICDeviceBrowserDelegate(im)deviceBrowserDidSuspendOperations:	swift.method	["ICDeviceBrowserDelegate","deviceBrowserDidSuspendOperations(_:)"]	unmatched	none	0	0		[]
c:objc(pl)ICDeviceBrowserDelegate(im)deviceBrowserWillSuspendOperations:	swift.method	["ICDeviceBrowserDelegate","deviceBrowserWillSuspendOperations(_:)"]	unmatched	none	0	0		[]
c:objc(pl)ICDeviceDelegate	swift.protocol	["ICDeviceDelegate"]	unmatched	none	0	0		[]
c:objc(pl)ICDeviceDelegate(im)device:didCloseSessionWithError:	swift.method	["ICDeviceDelegate","device(_:didCloseSessionWithError:)"]	unmatched	none	0	0		[]
c:objc(pl)ICDeviceDelegate(im)device:didEjectWithError:	swift.method	["ICDeviceDelegate","device(_:didEjectWithError:)"]	unmatched	none	0	0		[]
c:objc(pl)ICDeviceDelegate(im)device:didEncounterError:	swift.method	["ICDeviceDelegate","device(_:didEncounterError:)"]	unmatched	none	0	0		[]
c:objc(pl)ICDeviceDelegate(im)device:didOpenSessionWithError:	swift.method	["ICDeviceDelegate","device(_:didOpenSessionWithError:)"]	unmatched	none	0	0		[]
c:objc(pl)ICDeviceDelegate(im)device:didReceiveStatusInformation:	swift.method	["ICDeviceDelegate","device(_:didReceiveStatusInformation:)"]	unmatched	none	0	0		[]
c:objc(pl)ICDeviceDelegate(im)deviceDidBecomeReady:	swift.method	["ICDeviceDelegate","deviceDidBecomeReady(_:)"]	unmatched	none	0	0		[]
c:objc(pl)ICDeviceDelegate(im)didRemoveDevice:	swift.method	["ICDeviceDelegate","didRemove(_:)"]	unmatched	none	0	0		[]
s:10Foundation13CustomNSErrorPAAE11errorDomainSSvpZ::SYNTHESIZED::c:@E@ICLegacyReturnCode	swift.type.property	["ICLegacyReturn","errorDomain"]	unmatched	none	0	0		[]
s:10Foundation13CustomNSErrorPAAE11errorDomainSSvpZ::SYNTHESIZED::c:@E@ICReturnCode	swift.type.property	["ICReturn","errorDomain"]	unmatched	none	0	0		[]
s:10Foundation13CustomNSErrorPAAE11errorDomainSSvpZ::SYNTHESIZED::c:@E@ICReturnConnectionErrorCode	swift.type.property	["ICReturnConnectionError","errorDomain"]	unmatched	none	0	0		[]
s:10Foundation13CustomNSErrorPAAE11errorDomainSSvpZ::SYNTHESIZED::c:@E@ICReturnDownloadErrorCode	swift.type.property	["ICReturnDownloadError","errorDomain"]	unmatched	none	0	0		[]
s:10Foundation13CustomNSErrorPAAE11errorDomainSSvpZ::SYNTHESIZED::c:@E@ICReturnMetadataErrorCode	swift.type.property	["ICReturnMetadataError","errorDomain"]	unmatched	none	0	0		[]
s:10Foundation13CustomNSErrorPAAE11errorDomainSSvpZ::SYNTHESIZED::c:@E@ICReturnObjectErrorCode	swift.type.property	["ICReturnObjectError","errorDomain"]	unmatched	none	0	0		[]
s:10Foundation13CustomNSErrorPAAE11errorDomainSSvpZ::SYNTHESIZED::c:@E@ICReturnPTPDeviceErrorCode	swift.type.property	["ICReturnPTPDeviceError","errorDomain"]	unmatched	none	0	0		[]
s:10Foundation13CustomNSErrorPAAE11errorDomainSSvpZ::SYNTHESIZED::c:@E@ICReturnThumbnailErrorCode	swift.type.property	["ICReturnThumbnailError","errorDomain"]	unmatched	none	0	0		[]
s:10Foundation13CustomNSErrorPAAE13errorUserInfoSDySSypGvp::SYNTHESIZED::c:@E@ICLegacyReturnCode	swift.property	["ICLegacyReturn","errorUserInfo"]	unmatched	none	0	0		[]
s:10Foundation13CustomNSErrorPAAE13errorUserInfoSDySSypGvp::SYNTHESIZED::c:@E@ICReturnCode	swift.property	["ICReturn","errorUserInfo"]	unmatched	none	0	0		[]
s:10Foundation13CustomNSErrorPAAE13errorUserInfoSDySSypGvp::SYNTHESIZED::c:@E@ICReturnConnectionErrorCode	swift.property	["ICReturnConnectionError","errorUserInfo"]	unmatched	none	0	0		[]
s:10Foundation13CustomNSErrorPAAE13errorUserInfoSDySSypGvp::SYNTHESIZED::c:@E@ICReturnDownloadErrorCode	swift.property	["ICReturnDownloadError","errorUserInfo"]	unmatched	none	0	0		[]
s:10Foundation13CustomNSErrorPAAE13errorUserInfoSDySSypGvp::SYNTHESIZED::c:@E@ICReturnMetadataErrorCode	swift.property	["ICReturnMetadataError","errorUserInfo"]	unmatched	none	0	0		[]
s:10Foundation13CustomNSErrorPAAE13errorUserInfoSDySSypGvp::SYNTHESIZED::c:@E@ICReturnObjectErrorCode	swift.property	["ICReturnObjectError","errorUserInfo"]	unmatched	none	0	0		[]
s:10Foundation13CustomNSErrorPAAE13errorUserInfoSDySSypGvp::SYNTHESIZED::c:@E@ICReturnPTPDeviceErrorCode	swift.property	["ICReturnPTPDeviceError","errorUserInfo"]	unmatched	none	0	0		[]
s:10Foundation13CustomNSErrorPAAE13errorUserInfoSDySSypGvp::SYNTHESIZED::c:@E@ICReturnThumbnailErrorCode	swift.property	["ICReturnThumbnailError","errorUserInfo"]	unmatched	none	0	0		[]
s:10Foundation13CustomNSErrorPAAE9errorCodeSivp::SYNTHESIZED::c:@E@ICLegacyReturnCode	swift.property	["ICLegacyReturn","errorCode"]	unmatched	none	0	0		[]
s:10Foundation13CustomNSErrorPAAE9errorCodeSivp::SYNTHESIZED::c:@E@ICReturnCode	swift.property	["ICReturn","errorCode"]	unmatched	none	0	0		[]
s:10Foundation13CustomNSErrorPAAE9errorCodeSivp::SYNTHESIZED::c:@E@ICReturnConnectionErrorCode	swift.property	["ICReturnConnectionError","errorCode"]	unmatched	none	0	0		[]
s:10Foundation13CustomNSErrorPAAE9errorCodeSivp::SYNTHESIZED::c:@E@ICReturnDownloadErrorCode	swift.property	["ICReturnDownloadError","errorCode"]	unmatched	none	0	0		[]
s:10Foundation13CustomNSErrorPAAE9errorCodeSivp::SYNTHESIZED::c:@E@ICReturnMetadataErrorCode	swift.property	["ICReturnMetadataError","errorCode"]	unmatched	none	0	0		[]
s:10Foundation13CustomNSErrorPAAE9errorCodeSivp::SYNTHESIZED::c:@E@ICReturnObjectErrorCode	swift.property	["ICReturnObjectError","errorCode"]	unmatched	none	0	0		[]
s:10Foundation13CustomNSErrorPAAE9errorCodeSivp::SYNTHESIZED::c:@E@ICReturnPTPDeviceErrorCode	swift.property	["ICReturnPTPDeviceError","errorCode"]	unmatched	none	0	0		[]
s:10Foundation13CustomNSErrorPAAE9errorCodeSivp::SYNTHESIZED::c:@E@ICReturnThumbnailErrorCode	swift.property	["ICReturnThumbnailError","errorCode"]	unmatched	none	0	0		[]
s:10Foundation18_ErrorCodeProtocolPAAE2teoiySbx_s0B0_ptFZ::SYNTHESIZED::c:@E@ICLegacyReturnCode	swift.func.op	["ICLegacyReturn","Code","~=(_:_:)"]	unmatched	none	0	0		[]
s:10Foundation18_ErrorCodeProtocolPAAE2teoiySbx_s0B0_ptFZ::SYNTHESIZED::c:@E@ICReturnCode	swift.func.op	["ICReturn","Code","~=(_:_:)"]	unmatched	none	0	0		[]
s:10Foundation18_ErrorCodeProtocolPAAE2teoiySbx_s0B0_ptFZ::SYNTHESIZED::c:@E@ICReturnConnectionErrorCode	swift.func.op	["ICReturnConnectionError","Code","~=(_:_:)"]	unmatched	none	0	0		[]
s:10Foundation18_ErrorCodeProtocolPAAE2teoiySbx_s0B0_ptFZ::SYNTHESIZED::c:@E@ICReturnDownloadErrorCode	swift.func.op	["ICReturnDownloadError","Code","~=(_:_:)"]	unmatched	none	0	0		[]
s:10Foundation18_ErrorCodeProtocolPAAE2teoiySbx_s0B0_ptFZ::SYNTHESIZED::c:@E@ICReturnMetadataErrorCode	swift.func.op	["ICReturnMetadataError","Code","~=(_:_:)"]	unmatched	none	0	0		[]
s:10Foundation18_ErrorCodeProtocolPAAE2teoiySbx_s0B0_ptFZ::SYNTHESIZED::c:@E@ICReturnObjectErrorCode	swift.func.op	["ICReturnObjectError","Code","~=(_:_:)"]	unmatched	none	0	0		[]
s:10Foundation18_ErrorCodeProtocolPAAE2teoiySbx_s0B0_ptFZ::SYNTHESIZED::c:@E@ICReturnPTPDeviceErrorCode	swift.func.op	["ICReturnPTPDeviceError","Code","~=(_:_:)"]	unmatched	none	0	0		[]
s:10Foundation18_ErrorCodeProtocolPAAE2teoiySbx_s0B0_ptFZ::SYNTHESIZED::c:@E@ICReturnThumbnailErrorCode	swift.func.op	["ICReturnThumbnailError","Code","~=(_:_:)"]	unmatched	none	0	0		[]
s:10Foundation21_BridgedStoredNSErrorPAAE13errorUserInfoSDySSypGvp::SYNTHESIZED::c:@E@ICLegacyReturnCode	swift.property	["ICLegacyReturn","errorUserInfo"]	unmatched	none	0	0		[]
s:10Foundation21_BridgedStoredNSErrorPAAE13errorUserInfoSDySSypGvp::SYNTHESIZED::c:@E@ICReturnCode	swift.property	["ICReturn","errorUserInfo"]	unmatched	none	0	0		[]
s:10Foundation21_BridgedStoredNSErrorPAAE13errorUserInfoSDySSypGvp::SYNTHESIZED::c:@E@ICReturnConnectionErrorCode	swift.property	["ICReturnConnectionError","errorUserInfo"]	unmatched	none	0	0		[]
s:10Foundation21_BridgedStoredNSErrorPAAE13errorUserInfoSDySSypGvp::SYNTHESIZED::c:@E@ICReturnDownloadErrorCode	swift.property	["ICReturnDownloadError","errorUserInfo"]	unmatched	none	0	0		[]
s:10Foundation21_BridgedStoredNSErrorPAAE13errorUserInfoSDySSypGvp::SYNTHESIZED::c:@E@ICReturnMetadataErrorCode	swift.property	["ICReturnMetadataError","errorUserInfo"]	unmatched	none	0	0		[]
s:10Foundation21_BridgedStoredNSErrorPAAE13errorUserInfoSDySSypGvp::SYNTHESIZED::c:@E@ICReturnObjectErrorCode	swift.property	["ICReturnObjectError","errorUserInfo"]	unmatched	none	0	0		[]
s:10Foundation21_BridgedStoredNSErrorPAAE13errorUserInfoSDySSypGvp::SYNTHESIZED::c:@E@ICReturnPTPDeviceErrorCode	swift.property	["ICReturnPTPDeviceError","errorUserInfo"]	unmatched	none	0	0		[]
s:10Foundation21_BridgedStoredNSErrorPAAE13errorUserInfoSDySSypGvp::SYNTHESIZED::c:@E@ICReturnThumbnailErrorCode	swift.property	["ICReturnThumbnailError","errorUserInfo"]	unmatched	none	0	0		[]
s:10Foundation21_BridgedStoredNSErrorPAAE2eeoiySbx_xtFZ::SYNTHESIZED::c:@E@ICLegacyReturnCode	swift.func.op	["ICLegacyReturn","==(_:_:)"]	unmatched	none	0	0		[]
s:10Foundation21_BridgedStoredNSErrorPAAE2eeoiySbx_xtFZ::SYNTHESIZED::c:@E@ICReturnCode	swift.func.op	["ICReturn","==(_:_:)"]	unmatched	none	0	0		[]
s:10Foundation21_BridgedStoredNSErrorPAAE2eeoiySbx_xtFZ::SYNTHESIZED::c:@E@ICReturnConnectionErrorCode	swift.func.op	["ICReturnConnectionError","==(_:_:)"]	unmatched	none	0	0		[]
s:10Foundation21_BridgedStoredNSErrorPAAE2eeoiySbx_xtFZ::SYNTHESIZED::c:@E@ICReturnDownloadErrorCode	swift.func.op	["ICReturnDownloadError","==(_:_:)"]	unmatched	none	0	0		[]
s:10Foundation21_BridgedStoredNSErrorPAAE2eeoiySbx_xtFZ::SYNTHESIZED::c:@E@ICReturnMetadataErrorCode	swift.func.op	["ICReturnMetadataError","==(_:_:)"]	unmatched	none	0	0		[]
s:10Foundation21_BridgedStoredNSErrorPAAE2eeoiySbx_xtFZ::SYNTHESIZED::c:@E@ICReturnObjectErrorCode	swift.func.op	["ICReturnObjectError","==(_:_:)"]	unmatched	none	0	0		[]
s:10Foundation21_BridgedStoredNSErrorPAAE2eeoiySbx_xtFZ::SYNTHESIZED::c:@E@ICReturnPTPDeviceErrorCode	swift.func.op	["ICReturnPTPDeviceError","==(_:_:)"]	unmatched	none	0	0		[]
s:10Foundation21_BridgedStoredNSErrorPAAE2eeoiySbx_xtFZ::SYNTHESIZED::c:@E@ICReturnThumbnailErrorCode	swift.func.op	["ICReturnThumbnailError","==(_:_:)"]	unmatched	none	0	0		[]
s:10Foundation21_BridgedStoredNSErrorPAAE4code4CodeQzvp::SYNTHESIZED::c:@E@ICLegacyReturnCode	swift.property	["ICLegacyReturn","code"]	unmatched	none	0	0		[]
s:10Foundation21_BridgedStoredNSErrorPAAE4code4CodeQzvp::SYNTHESIZED::c:@E@ICReturnCode	swift.property	["ICReturn","code"]	unmatched	none	0	0		[]
s:10Foundation21_BridgedStoredNSErrorPAAE4code4CodeQzvp::SYNTHESIZED::c:@E@ICReturnConnectionErrorCode	swift.property	["ICReturnConnectionError","code"]	unmatched	none	0	0		[]
s:10Foundation21_BridgedStoredNSErrorPAAE4code4CodeQzvp::SYNTHESIZED::c:@E@ICReturnDownloadErrorCode	swift.property	["ICReturnDownloadError","code"]	unmatched	none	0	0		[]
s:10Foundation21_BridgedStoredNSErrorPAAE4code4CodeQzvp::SYNTHESIZED::c:@E@ICReturnMetadataErrorCode	swift.property	["ICReturnMetadataError","code"]	unmatched	none	0	0		[]
s:10Foundation21_BridgedStoredNSErrorPAAE4code4CodeQzvp::SYNTHESIZED::c:@E@ICReturnObjectErrorCode	swift.property	["ICReturnObjectError","code"]	unmatched	none	0	0		[]
s:10Foundation21_BridgedStoredNSErrorPAAE4code4CodeQzvp::SYNTHESIZED::c:@E@ICReturnPTPDeviceErrorCode	swift.property	["ICReturnPTPDeviceError","code"]	unmatched	none	0	0		[]
s:10Foundation21_BridgedStoredNSErrorPAAE4code4CodeQzvp::SYNTHESIZED::c:@E@ICReturnThumbnailErrorCode	swift.property	["ICReturnThumbnailError","code"]	unmatched	none	0	0		[]
s:10Foundation21_BridgedStoredNSErrorPAAE4hash4intoys6HasherVz_tF::SYNTHESIZED::c:@E@ICLegacyReturnCode	swift.method	["ICLegacyReturn","hash(into:)"]	unmatched	none	0	0		[]
s:10Foundation21_BridgedStoredNSErrorPAAE4hash4intoys6HasherVz_tF::SYNTHESIZED::c:@E@ICReturnCode	swift.method	["ICReturn","hash(into:)"]	unmatched	none	0	0		[]
s:10Foundation21_BridgedStoredNSErrorPAAE4hash4intoys6HasherVz_tF::SYNTHESIZED::c:@E@ICReturnConnectionErrorCode	swift.method	["ICReturnConnectionError","hash(into:)"]	unmatched	none	0	0		[]
s:10Foundation21_BridgedStoredNSErrorPAAE4hash4intoys6HasherVz_tF::SYNTHESIZED::c:@E@ICReturnDownloadErrorCode	swift.method	["ICReturnDownloadError","hash(into:)"]	unmatched	none	0	0		[]
s:10Foundation21_BridgedStoredNSErrorPAAE4hash4intoys6HasherVz_tF::SYNTHESIZED::c:@E@ICReturnMetadataErrorCode	swift.method	["ICReturnMetadataError","hash(into:)"]	unmatched	none	0	0		[]
s:10Foundation21_BridgedStoredNSErrorPAAE4hash4intoys6HasherVz_tF::SYNTHESIZED::c:@E@ICReturnObjectErrorCode	swift.method	["ICReturnObjectError","hash(into:)"]	unmatched	none	0	0		[]
s:10Foundation21_BridgedStoredNSErrorPAAE4hash4intoys6HasherVz_tF::SYNTHESIZED::c:@E@ICReturnPTPDeviceErrorCode	swift.method	["ICReturnPTPDeviceError","hash(into:)"]	unmatched	none	0	0		[]
s:10Foundation21_BridgedStoredNSErrorPAAE4hash4intoys6HasherVz_tF::SYNTHESIZED::c:@E@ICReturnThumbnailErrorCode	swift.method	["ICReturnThumbnailError","hash(into:)"]	unmatched	none	0	0		[]
s:10Foundation21_BridgedStoredNSErrorPAAE8userInfoSDySSypGvp::SYNTHESIZED::c:@E@ICLegacyReturnCode	swift.property	["ICLegacyReturn","userInfo"]	unmatched	none	0	0		[]
s:10Foundation21_BridgedStoredNSErrorPAAE8userInfoSDySSypGvp::SYNTHESIZED::c:@E@ICReturnCode	swift.property	["ICReturn","userInfo"]	unmatched	none	0	0		[]
s:10Foundation21_BridgedStoredNSErrorPAAE8userInfoSDySSypGvp::SYNTHESIZED::c:@E@ICReturnConnectionErrorCode	swift.property	["ICReturnConnectionError","userInfo"]	unmatched	none	0	0		[]
s:10Foundation21_BridgedStoredNSErrorPAAE8userInfoSDySSypGvp::SYNTHESIZED::c:@E@ICReturnDownloadErrorCode	swift.property	["ICReturnDownloadError","userInfo"]	unmatched	none	0	0		[]
s:10Foundation21_BridgedStoredNSErrorPAAE8userInfoSDySSypGvp::SYNTHESIZED::c:@E@ICReturnMetadataErrorCode	swift.property	["ICReturnMetadataError","userInfo"]	unmatched	none	0	0		[]
s:10Foundation21_BridgedStoredNSErrorPAAE8userInfoSDySSypGvp::SYNTHESIZED::c:@E@ICReturnObjectErrorCode	swift.property	["ICReturnObjectError","userInfo"]	unmatched	none	0	0		[]
s:10Foundation21_BridgedStoredNSErrorPAAE8userInfoSDySSypGvp::SYNTHESIZED::c:@E@ICReturnPTPDeviceErrorCode	swift.property	["ICReturnPTPDeviceError","userInfo"]	unmatched	none	0	0		[]
s:10Foundation21_BridgedStoredNSErrorPAAE8userInfoSDySSypGvp::SYNTHESIZED::c:@E@ICReturnThumbnailErrorCode	swift.property	["ICReturnThumbnailError","userInfo"]	unmatched	none	0	0		[]
s:10Foundation21_BridgedStoredNSErrorPAAE9errorCodeSivp::SYNTHESIZED::c:@E@ICLegacyReturnCode	swift.property	["ICLegacyReturn","errorCode"]	unmatched	none	0	0		[]
s:10Foundation21_BridgedStoredNSErrorPAAE9errorCodeSivp::SYNTHESIZED::c:@E@ICReturnCode	swift.property	["ICReturn","errorCode"]	unmatched	none	0	0		[]
s:10Foundation21_BridgedStoredNSErrorPAAE9errorCodeSivp::SYNTHESIZED::c:@E@ICReturnConnectionErrorCode	swift.property	["ICReturnConnectionError","errorCode"]	unmatched	none	0	0		[]
s:10Foundation21_BridgedStoredNSErrorPAAE9errorCodeSivp::SYNTHESIZED::c:@E@ICReturnDownloadErrorCode	swift.property	["ICReturnDownloadError","errorCode"]	unmatched	none	0	0		[]
s:10Foundation21_BridgedStoredNSErrorPAAE9errorCodeSivp::SYNTHESIZED::c:@E@ICReturnMetadataErrorCode	swift.property	["ICReturnMetadataError","errorCode"]	unmatched	none	0	0		[]
s:10Foundation21_BridgedStoredNSErrorPAAE9errorCodeSivp::SYNTHESIZED::c:@E@ICReturnObjectErrorCode	swift.property	["ICReturnObjectError","errorCode"]	unmatched	none	0	0		[]
s:10Foundation21_BridgedStoredNSErrorPAAE9errorCodeSivp::SYNTHESIZED::c:@E@ICReturnPTPDeviceErrorCode	swift.property	["ICReturnPTPDeviceError","errorCode"]	unmatched	none	0	0		[]
s:10Foundation21_BridgedStoredNSErrorPAAE9errorCodeSivp::SYNTHESIZED::c:@E@ICReturnThumbnailErrorCode	swift.property	["ICReturnThumbnailError","errorCode"]	unmatched	none	0	0		[]
s:10Foundation21_BridgedStoredNSErrorPAAE9hashValueSivp::SYNTHESIZED::c:@E@ICLegacyReturnCode	swift.property	["ICLegacyReturn","hashValue"]	unmatched	none	0	0		[]
s:10Foundation21_BridgedStoredNSErrorPAAE9hashValueSivp::SYNTHESIZED::c:@E@ICReturnCode	swift.property	["ICReturn","hashValue"]	unmatched	none	0	0		[]
s:10Foundation21_BridgedStoredNSErrorPAAE9hashValueSivp::SYNTHESIZED::c:@E@ICReturnConnectionErrorCode	swift.property	["ICReturnConnectionError","hashValue"]	unmatched	none	0	0		[]
s:10Foundation21_BridgedStoredNSErrorPAAE9hashValueSivp::SYNTHESIZED::c:@E@ICReturnDownloadErrorCode	swift.property	["ICReturnDownloadError","hashValue"]	unmatched	none	0	0		[]
s:10Foundation21_BridgedStoredNSErrorPAAE9hashValueSivp::SYNTHESIZED::c:@E@ICReturnMetadataErrorCode	swift.property	["ICReturnMetadataError","hashValue"]	unmatched	none	0	0		[]
s:10Foundation21_BridgedStoredNSErrorPAAE9hashValueSivp::SYNTHESIZED::c:@E@ICReturnObjectErrorCode	swift.property	["ICReturnObjectError","hashValue"]	unmatched	none	0	0		[]
s:10Foundation21_BridgedStoredNSErrorPAAE9hashValueSivp::SYNTHESIZED::c:@E@ICReturnPTPDeviceErrorCode	swift.property	["ICReturnPTPDeviceError","hashValue"]	unmatched	none	0	0		[]
s:10Foundation21_BridgedStoredNSErrorPAAE9hashValueSivp::SYNTHESIZED::c:@E@ICReturnThumbnailErrorCode	swift.property	["ICReturnThumbnailError","hashValue"]	unmatched	none	0	0		[]
s:10Foundation21_BridgedStoredNSErrorPAAE_8userInfox4CodeQz_SDySSypGtcfc::SYNTHESIZED::c:@E@ICLegacyReturnCode	swift.init	["ICLegacyReturn","init(_:userInfo:)"]	unmatched	none	0	0		[]
s:10Foundation21_BridgedStoredNSErrorPAAE_8userInfox4CodeQz_SDySSypGtcfc::SYNTHESIZED::c:@E@ICReturnCode	swift.init	["ICReturn","init(_:userInfo:)"]	unmatched	none	0	0		[]
s:10Foundation21_BridgedStoredNSErrorPAAE_8userInfox4CodeQz_SDySSypGtcfc::SYNTHESIZED::c:@E@ICReturnConnectionErrorCode	swift.init	["ICReturnConnectionError","init(_:userInfo:)"]	unmatched	none	0	0		[]
s:10Foundation21_BridgedStoredNSErrorPAAE_8userInfox4CodeQz_SDySSypGtcfc::SYNTHESIZED::c:@E@ICReturnDownloadErrorCode	swift.init	["ICReturnDownloadError","init(_:userInfo:)"]	unmatched	none	0	0		[]
s:10Foundation21_BridgedStoredNSErrorPAAE_8userInfox4CodeQz_SDySSypGtcfc::SYNTHESIZED::c:@E@ICReturnMetadataErrorCode	swift.init	["ICReturnMetadataError","init(_:userInfo:)"]	unmatched	none	0	0		[]
s:10Foundation21_BridgedStoredNSErrorPAAE_8userInfox4CodeQz_SDySSypGtcfc::SYNTHESIZED::c:@E@ICReturnObjectErrorCode	swift.init	["ICReturnObjectError","init(_:userInfo:)"]	unmatched	none	0	0		[]
s:10Foundation21_BridgedStoredNSErrorPAAE_8userInfox4CodeQz_SDySSypGtcfc::SYNTHESIZED::c:@E@ICReturnPTPDeviceErrorCode	swift.init	["ICReturnPTPDeviceError","init(_:userInfo:)"]	unmatched	none	0	0		[]
s:10Foundation21_BridgedStoredNSErrorPAAE_8userInfox4CodeQz_SDySSypGtcfc::SYNTHESIZED::c:@E@ICReturnThumbnailErrorCode	swift.init	["ICReturnThumbnailError","init(_:userInfo:)"]	unmatched	none	0	0		[]
s:SC12ICReturnCodeLeV	swift.struct	["ICReturn"]	unmatched	none	0	0		[]
s:SC12ICReturnCodeLeV11errorDomainSSvpZ	swift.type.property	["ICReturn","errorDomain"]	exact-usr	exact-usr	1	1	/ABIRoot/children/11/children/2	["/ABIRoot/children/11/children/2"]
s:SC12ICReturnCodeLeV12invalidParamSoAAVvpZ	swift.type.property	["ICReturn","invalidParam"]	unmatched	none	0	0		[]
s:SC12ICReturnCodeLeV12uploadFailedSoAAVvpZ	swift.type.property	["ICReturn","uploadFailed"]	unmatched	none	0	0		[]
s:SC12ICReturnCodeLeV14downloadFailedSoAAVvpZ	swift.type.property	["ICReturn","downloadFailed"]	unmatched	none	0	0		[]
s:SC12ICReturnCodeLeV16downloadCanceledSoAAVvpZ	swift.type.property	["ICReturn","downloadCanceled"]	unmatched	none	0	0		[]
s:SC12ICReturnCodeLeV16sessionNotOpenedSoAAVvpZ	swift.type.property	["ICReturn","sessionNotOpened"]	unmatched	none	0	0		[]
s:SC12ICReturnCodeLeV17deleteFilesFailedSoAAVvpZ	swift.type.property	["ICReturn","deleteFilesFailed"]	unmatched	none	0	0		[]
s:SC12ICReturnCodeLeV18deviceCouldNotPairSoAAVvpZ	swift.type.property	["ICReturn","deviceCouldNotPair"]	unmatched	none	0	0		[]
s:SC12ICReturnCodeLeV18exFATVolumeInvalidSoAAVvpZ	swift.type.property	["ICReturn","exFATVolumeInvalid"]	unmatched	none	0	0		[]
s:SC12ICReturnCodeLeV19deleteFilesCanceledSoAAVvpZ	swift.type.property	["ICReturn","deleteFilesCanceled"]	unmatched	none	0	0		[]
s:SC12ICReturnCodeLeV20deviceCouldNotUnpairSoAAVvpZ	swift.type.property	["ICReturn","deviceCouldNotUnpair"]	unmatched	none	0	0		[]
s:SC12ICReturnCodeLeV20multiErrorDictionarySoAAVvpZ	swift.type.property	["ICReturn","multiErrorDictionary"]	unmatched	none	0	0		[]
s:SC12ICReturnCodeLeV21communicationTimedOutSoAAVvpZ	swift.type.property	["ICReturn","communicationTimedOut"]	unmatched	none	0	0		[]
s:SC12ICReturnCodeLeV21scanOperationCanceledSoAAVvpZ	swift.type.property	["ICReturn","scanOperationCanceled"]	unmatched	none	0	0		[]
s:SC12ICReturnCodeLeV22deviceFailedToSendDataSoAAVvpZ	swift.type.property	["ICReturn","deviceFailedToSendData"]	unmatched	none	0	0		[]
s:SC12ICReturnCodeLeV22deviceIsPasscodeLockedSoAAVvpZ	swift.type.property	["ICReturn","deviceIsPasscodeLocked"]	unmatched	none	0	0		[]
s:SC12ICReturnCodeLeV22deviceNeedsCredentialsSoAAVvpZ	swift.type.property	["ICReturn","deviceNeedsCredentials"]	unmatched	none	0	0		[]
s:SC12ICReturnCodeLeV22failedToEnabeTetheringSoAAVvpZ	swift.type.property	["ICReturn","failedToEnabeTethering"]	unmatched	none	0	0		[]
s:SC12ICReturnCodeLeV23deviceIsBusyEnumeratingSoAAVvpZ	swift.type.property	["ICReturn","deviceIsBusyEnumerating"]	unmatched	none	0	0		[]
s:SC12ICReturnCodeLeV23failedToDisabeTetheringSoAAVvpZ	swift.type.property	["ICReturn","failedToDisabeTethering"]	unmatched	none	0	0		[]
s:SC12ICReturnCodeLeV23scannerInUseByLocalUserSoAAVvpZ	swift.type.property	["ICReturn","scannerInUseByLocalUser"]	unmatched	none	0	0		[]
s:SC12ICReturnCodeLeV24scannerInUseByRemoteUserSoAAVvpZ	swift.type.property	["ICReturn","scannerInUseByRemoteUser"]	unmatched	none	0	0		[]
s:SC12ICReturnCodeLeV25deviceFailedToOpenSessionSoAAVvpZ	swift.type.property	["ICReturn","deviceFailedToOpenSession"]	unmatched	none	0	0		[]
s:SC12ICReturnCodeLeV25deviceFailedToTakePictureSoAAVvpZ	swift.type.property	["ICReturn","deviceFailedToTakePicture"]	unmatched	none	0	0		[]
s:SC12ICReturnCodeLeV26deviceFailedToCloseSessionSoAAVvpZ	swift.type.property	["ICReturn","deviceFailedToCloseSession"]	unmatched	none	0	0		[]
s:SC12ICReturnCodeLeV26deviceSoftwareNotAvailableSoAAVvpZ	swift.type.property	["ICReturn","deviceSoftwareNotAvailable"]	unmatched	none	0	0		[]
s:SC12ICReturnCodeLeV26deviceSoftwareNotInstalledSoAAVvpZ	swift.type.property	["ICReturn","deviceSoftwareNotInstalled"]	unmatched	none	0	0		[]
s:SC12ICReturnCodeLeV27deviceCommandGeneralFailureSoAAVvpZ	swift.type.property	["ICReturn","deviceCommandGeneralFailure"]	unmatched	none	0	0		[]
s:SC12ICReturnCodeLeV27scannerFailedToCompleteScanSoAAVvpZ	swift.type.property	["ICReturn","scannerFailedToCompleteScan"]	unmatched	none	0	0		[]
s:SC12ICReturnCodeLeV30deviceFailedToCompleteTransferSoAAVvpZ	swift.type.property	["ICReturn","deviceFailedToCompleteTransfer"]	unmatched	none	0	0		[]
s:SC12ICReturnCodeLeV30deviceSoftwareIsBeingInstalledSoAAVvpZ	swift.type.property	["ICReturn","deviceSoftwareIsBeingInstalled"]	unmatched	none	0	0		[]
s:SC12ICReturnCodeLeV32deviceSoftwareInstallationFailedSoAAVvpZ	swift.type.property	["ICReturn","deviceSoftwareInstallationFailed"]	unmatched	none	0	0		[]
s:SC12ICReturnCodeLeV34deviceSoftwareInstallationCanceledSoAAVvpZ	swift.type.property	["ICReturn","deviceSoftwareInstallationCanceled"]	unmatched	none	0	0		[]
s:SC12ICReturnCodeLeV34failedToCompletePassThroughCommandSoAAVvpZ	swift.type.property	["ICReturn","failedToCompletePassThroughCommand"]	unmatched	none	0	0		[]
s:SC12ICReturnCodeLeV34failedToCompleteSendMessageRequestSoAAVvpZ	swift.type.property	["ICReturn","failedToCompleteSendMessageRequest"]	unmatched	none	0	0		[]
s:SC12ICReturnCodeLeV35deviceSoftwareInstallationCompletedSoAAVvpZ	swift.type.property	["ICReturn","deviceSoftwareInstallationCompleted"]	unmatched	none	0	0		[]
s:SC12ICReturnCodeLeV35receivedUnsolicitedScannerErrorInfoSoAAVvpZ	swift.type.property	["ICReturn","receivedUnsolicitedScannerErrorInfo"]	unmatched	none	0	0		[]
s:SC12ICReturnCodeLeV35scannerFailedToCompleteOverviewScanSoAAVvpZ	swift.type.property	["ICReturn","scannerFailedToCompleteOverviewScan"]	unmatched	none	0	0		[]
s:SC12ICReturnCodeLeV35scannerFailedToSelectFunctionalUnitSoAAVvpZ	swift.type.property	["ICReturn","scannerFailedToSelectFunctionalUnit"]	unmatched	none	0	0		[]
s:SC12ICReturnCodeLeV36receivedUnsolicitedScannerStatusInfoSoAAVvpZ	swift.type.property	["ICReturn","receivedUnsolicitedScannerStatusInfo"]	unmatched	none	0	0		[]
s:SC12ICReturnCodeLeV7successSoAAVvpZ	swift.type.property	["ICReturn","success"]	unmatched	none	0	0		[]
s:SC18ICLegacyReturnCodeLeV	swift.struct	["ICLegacyReturn"]	unmatched	none	0	0		[]
s:SC18ICLegacyReturnCodeLeV11errorDomainSSvpZ	swift.type.property	["ICLegacyReturn","errorDomain"]	exact-usr	exact-usr	1	1	/ABIRoot/children/10/children/2	["/ABIRoot/children/10/children/2"]
s:SC18ICLegacyReturnCodeLeV12ioPendingErrSoAAVvpZ	swift.type.property	["ICLegacyReturn","ioPendingErr"]	unmatched	none	0	0		[]
s:SC18ICLegacyReturnCodeLeV16communicationErrSoAAVvpZ	swift.type.property	["ICLegacyReturn","communicationErr"]	unmatched	none	0	0		[]
s:SC18ICLegacyReturnCodeLeV16deviceNotOpenErrSoAAVvpZ	swift.type.property	["ICLegacyReturn","deviceNotOpenErr"]	unmatched	none	0	0		[]
s:SC18ICLegacyReturnCodeLeV16fileCorruptedErrSoAAVvpZ	swift.type.property	["ICLegacyReturn","fileCorruptedErr"]	unmatched	none	0	0		[]
s:SC18ICLegacyReturnCodeLeV16invalidObjectErrSoAAVvpZ	swift.type.property	["ICLegacyReturn","invalidObjectErr"]	unmatched	none	0	0		[]
s:SC18ICLegacyReturnCodeLeV17cannotYieldDeviceSoAAVvpZ	swift.type.property	["ICLegacyReturn","cannotYieldDevice"]	unmatched	none	0	0		[]
s:SC18ICLegacyReturnCodeLeV17deviceInternalErrSoAAVvpZ	swift.type.property	["ICLegacyReturn","deviceInternalErr"]	unmatched	none	0	0		[]
s:SC18ICLegacyReturnCodeLeV17deviceNotFoundErrSoAAVvpZ	swift.type.property	["ICLegacyReturn","deviceNotFoundErr"]	unmatched	none	0	0		[]
s:SC18ICLegacyReturnCodeLeV17invalidSessionErrSoAAVvpZ	swift.type.property	["ICLegacyReturn","invalidSessionErr"]	unmatched	none	0	0		[]
s:SC18ICLegacyReturnCodeLeV18indexOutOfRangeErrSoAAVvpZ	swift.type.property	["ICLegacyReturn","indexOutOfRangeErr"]	unmatched	none	0	0		[]
s:SC18ICLegacyReturnCodeLeV18invalidPropertyErrSoAAVvpZ	swift.type.property	["ICLegacyReturn","invalidPropertyErr"]	unmatched	none	0	0		[]
s:SC18ICLegacyReturnCodeLeV19dataTypeNotFoundErrSoAAVvpZ	swift.type.property	["ICLegacyReturn","dataTypeNotFoundErr"]	unmatched	none	0	0		[]
s:SC18ICLegacyReturnCodeLeV20deviceAlreadyOpenErrSoAAVvpZ	swift.type.property	["ICLegacyReturn","deviceAlreadyOpenErr"]	unmatched	none	0	0		[]
s:SC18ICLegacyReturnCodeLeV20deviceUnsupportedErrSoAAVvpZ	swift.type.property	["ICLegacyReturn","deviceUnsupportedErr"]	unmatched	none	0	0		[]
s:SC18ICLegacyReturnCodeLeV20extensionInternalErrSoAAVvpZ	swift.type.property	["ICLegacyReturn","extensionInternalErr"]	unmatched	none	0	0		[]
s:SC18ICLegacyReturnCodeLeV20frameworkInternalErrSoAAVvpZ	swift.type.property	["ICLegacyReturn","frameworkInternalErr"]	unmatched	none	0	0		[]
s:SC18ICLegacyReturnCodeLeV21deviceGUIDNotFoundErrSoAAVvpZ	swift.type.property	["ICLegacyReturn","deviceGUIDNotFoundErr"]	unmatched	none	0	0		[]
s:SC18ICLegacyReturnCodeLeV21deviceInvalidParamErrSoAAVvpZ	swift.type.property	["ICLegacyReturn","deviceInvalidParamErr"]	unmatched	none	0	0		[]
s:SC18ICLegacyReturnCodeLeV23propertyTypeNotFoundErrSoAAVvpZ	swift.type.property	["ICLegacyReturn","propertyTypeNotFoundErr"]	unmatched	none	0	0		[]
s:SC18ICLegacyReturnCodeLeV25deviceMemoryAllocationErrSoAAVvpZ	swift.type.property	["ICLegacyReturn","deviceMemoryAllocationErr"]	unmatched	none	0	0		[]
s:SC18ICLegacyReturnCodeLeV27deviceLocationIDNotFoundErrSoAAVvpZ	swift.type.property	["ICLegacyReturn","deviceLocationIDNotFoundErr"]	unmatched	none	0	0		[]
s:SC18ICLegacyReturnCodeLeV30deviceIOServicePathNotFoundErrSoAAVvpZ	swift.type.property	["ICLegacyReturn","deviceIOServicePathNotFoundErr"]	unmatched	none	0	0		[]
s:SC23ICReturnObjectErrorCodeLeV	swift.struct	["ICReturnObjectError"]	unmatched	none	0	0		[]
s:SC23ICReturnObjectErrorCodeLeV04codeB12DoesNotExistSoAAVvpZ	swift.type.property	["ICReturnObjectError","codeObjectDoesNotExist"]	unmatched	none	0	0		[]
s:SC23ICReturnObjectErrorCodeLeV04codeB14CouldNotBeReadSoAAVvpZ	swift.type.property	["ICReturnObjectError","codeObjectCouldNotBeRead"]	unmatched	none	0	0		[]
s:SC23ICReturnObjectErrorCodeLeV04codeB17DataOffsetInvalidSoAAVvpZ	swift.type.property	["ICReturnObjectError","codeObjectDataOffsetInvalid"]	unmatched	none	0	0		[]
s:SC23ICReturnObjectErrorCodeLeV04codeB19DataRequestTooLargeSoAAVvpZ	swift.type.property	["ICReturnObjectError","codeObjectDataRequestTooLarge"]	unmatched	none	0	0		[]
s:SC23ICReturnObjectErrorCodeLeV04codeB9DataEmptySoAAVvpZ	swift.type.property	["ICReturnObjectError","codeObjectDataEmpty"]	unmatched	none	0	0		[]
s:SC23ICReturnObjectErrorCodeLeV11errorDomainSSvpZ	swift.type.property	["ICReturnObjectError","errorDomain"]	exact-usr	exact-usr	1	1	/ABIRoot/children/15/children/2	["/ABIRoot/children/15/children/2"]
s:SC25ICReturnDownloadErrorCodeLeV	swift.struct	["ICReturnDownloadError"]	unmatched	none	0	0		[]
s:SC25ICReturnDownloadErrorCodeLeV11errorDomainSSvpZ	swift.type.property	["ICReturnDownloadError","errorDomain"]	exact-usr	exact-usr	1	1	/ABIRoot/children/13/children/2	["/ABIRoot/children/13/children/2"]
s:SC25ICReturnDownloadErrorCodeLeV11pathInvalidSoAAVvpZ	swift.type.property	["ICReturnDownloadError","pathInvalid"]	unmatched	none	0	0		[]
s:SC25ICReturnDownloadErrorCodeLeV12fileWritableSoAAVvpZ	swift.type.property	["ICReturnDownloadError","fileWritable"]	unmatched	none	0	0		[]
s:SC25ICReturnMetadataErrorCodeLeV	swift.struct	["ICReturnMetadataError"]	unmatched	none	0	0		[]
s:SC25ICReturnMetadataErrorCodeLeV11errorDomainSSvpZ	swift.type.property	["ICReturnMetadataError","errorDomain"]	exact-usr	exact-usr	1	1	/ABIRoot/children/14/children/2	["/ABIRoot/children/14/children/2"]
s:SC25ICReturnMetadataErrorCodeLeV12notAvailableSoAAVvpZ	swift.type.property	["ICReturnMetadataError","notAvailable"]	unmatched	none	0	0		[]
s:SC25ICReturnMetadataErrorCodeLeV15alreadyFetchingSoAAVvpZ	swift.type.property	["ICReturnMetadataError","alreadyFetching"]	unmatched	none	0	0		[]
s:SC25ICReturnMetadataErrorCodeLeV7invalidSoAAVvpZ	swift.type.property	["ICReturnMetadataError","invalid"]	unmatched	none	0	0		[]
s:SC25ICReturnMetadataErrorCodeLeV8canceledSoAAVvpZ	swift.type.property	["ICReturnMetadataError","canceled"]	unmatched	none	0	0		[]
s:SC26ICReturnPTPDeviceErrorCodeLeV	swift.struct	["ICReturnPTPDeviceError"]	unmatched	none	0	0		[]
s:SC26ICReturnPTPDeviceErrorCodeLeV11errorDomainSSvpZ	swift.type.property	["ICReturnPTPDeviceError","errorDomain"]	exact-usr	exact-usr	1	1	/ABIRoot/children/16/children/2	["/ABIRoot/children/16/children/2"]
s:SC26ICReturnPTPDeviceErrorCodeLeV19failedToSendCommandSoAAVvpZ	swift.type.property	["ICReturnPTPDeviceError","failedToSendCommand"]	unmatched	none	0	0		[]
s:SC26ICReturnPTPDeviceErrorCodeLeV26notAuthorizedToSendCommandSoAAVvpZ	swift.type.property	["ICReturnPTPDeviceError","notAuthorizedToSendCommand"]	unmatched	none	0	0		[]
s:SC26ICReturnThumbnailErrorCodeLeV	swift.struct	["ICReturnThumbnailError"]	unmatched	none	0	0		[]
s:SC26ICReturnThumbnailErrorCodeLeV11errorDomainSSvpZ	swift.type.property	["ICReturnThumbnailError","errorDomain"]	exact-usr	exact-usr	1	1	/ABIRoot/children/17/children/2	["/ABIRoot/children/17/children/2"]
s:SC26ICReturnThumbnailErrorCodeLeV12notAvailableSoAAVvpZ	swift.type.property	["ICReturnThumbnailError","notAvailable"]	unmatched	none	0	0		[]
s:SC26ICReturnThumbnailErrorCodeLeV15alreadyFetchingSoAAVvpZ	swift.type.property	["ICReturnThumbnailError","alreadyFetching"]	unmatched	none	0	0		[]
s:SC26ICReturnThumbnailErrorCodeLeV7invalidSoAAVvpZ	swift.type.property	["ICReturnThumbnailError","invalid"]	unmatched	none	0	0		[]
s:SC26ICReturnThumbnailErrorCodeLeV8canceledSoAAVvpZ	swift.type.property	["ICReturnThumbnailError","canceled"]	unmatched	none	0	0		[]
s:SC27ICReturnConnectionErrorCodeLeV	swift.struct	["ICReturnConnectionError"]	unmatched	none	0	0		[]
s:SC27ICReturnConnectionErrorCodeLeV11ejectFailedSoAAVvpZ	swift.type.property	["ICReturnConnectionError","ejectFailed"]	unmatched	none	0	0		[]
s:SC27ICReturnConnectionErrorCodeLeV11errorDomainSSvpZ	swift.type.property	["ICReturnConnectionError","errorDomain"]	exact-usr	exact-usr	1	1	/ABIRoot/children/12/children/2	["/ABIRoot/children/12/children/2"]
s:SC27ICReturnConnectionErrorCodeLeV12driverExitedSoAAVvpZ	swift.type.property	["ICReturnConnectionError","driverExited"]	unmatched	none	0	0		[]
s:SC27ICReturnConnectionErrorCodeLeV12failedToOpenSoAAVvpZ	swift.type.property	["ICReturnConnectionError","failedToOpen"]	unmatched	none	0	0		[]
s:SC27ICReturnConnectionErrorCodeLeV15ejectedSuddenlySoAAVvpZ	swift.type.property	["ICReturnConnectionError","ejectedSuddenly"]	unmatched	none	0	0		[]
s:SC27ICReturnConnectionErrorCodeLeV18failedToOpenDeviceSoAAVvpZ	swift.type.property	["ICReturnConnectionError","failedToOpenDevice"]	unmatched	none	0	0		[]
s:SC27ICReturnConnectionErrorCodeLeV18sessionAlreadyOpenSoAAVvpZ	swift.type.property	["ICReturnConnectionError","sessionAlreadyOpen"]	unmatched	none	0	0		[]
s:SC27ICReturnConnectionErrorCodeLeV21closedSessionSuddenlySoAAVvpZ	swift.type.property	["ICReturnConnectionError","closedSessionSuddenly"]	unmatched	none	0	0		[]
s:SC27ICReturnConnectionErrorCodeLeV25notAuthorizedToOpenDeviceSoAAVvpZ	swift.type.property	["ICReturnConnectionError","notAuthorizedToOpenDevice"]	unmatched	none	0	0		[]
s:SQsE2neoiySbx_xtFZ::SYNTHESIZED::c:@E@ICDeviceLocationType	swift.func.op	["ICDeviceLocationType","!=(_:_:)"]	unmatched	none	0	0		[]
s:SQsE2neoiySbx_xtFZ::SYNTHESIZED::c:@E@ICDeviceLocationTypeMask	swift.func.op	["ICDeviceLocationTypeMask","!=(_:_:)"]	unmatched	none	0	0		[]
s:SQsE2neoiySbx_xtFZ::SYNTHESIZED::c:@E@ICDeviceType	swift.func.op	["ICDeviceType","!=(_:_:)"]	unmatched	none	0	0		[]
s:SQsE2neoiySbx_xtFZ::SYNTHESIZED::c:@E@ICDeviceTypeMask	swift.func.op	["ICDeviceTypeMask","!=(_:_:)"]	unmatched	none	0	0		[]
s:SQsE2neoiySbx_xtFZ::SYNTHESIZED::c:@E@ICEXIFOrientationType	swift.func.op	["ICEXIFOrientationType","!=(_:_:)"]	unmatched	none	0	0		[]
s:SQsE2neoiySbx_xtFZ::SYNTHESIZED::c:@E@ICLegacyReturnCode	swift.func.op	["ICLegacyReturn","!=(_:_:)"]	unmatched	none	0	0		[]
s:SQsE2neoiySbx_xtFZ::SYNTHESIZED::c:@E@ICMediaPresentation	swift.func.op	["ICMediaPresentation","!=(_:_:)"]	unmatched	none	0	0		[]
s:SQsE2neoiySbx_xtFZ::SYNTHESIZED::c:@E@ICReturnCode	swift.func.op	["ICReturn","!=(_:_:)"]	unmatched	none	0	0		[]
s:SQsE2neoiySbx_xtFZ::SYNTHESIZED::c:@E@ICReturnConnectionErrorCode	swift.func.op	["ICReturnConnectionError","!=(_:_:)"]	unmatched	none	0	0		[]
s:SQsE2neoiySbx_xtFZ::SYNTHESIZED::c:@E@ICReturnDownloadErrorCode	swift.func.op	["ICReturnDownloadError","!=(_:_:)"]	unmatched	none	0	0		[]
s:SQsE2neoiySbx_xtFZ::SYNTHESIZED::c:@E@ICReturnMetadataErrorCode	swift.func.op	["ICReturnMetadataError","!=(_:_:)"]	unmatched	none	0	0		[]
s:SQsE2neoiySbx_xtFZ::SYNTHESIZED::c:@E@ICReturnObjectErrorCode	swift.func.op	["ICReturnObjectError","!=(_:_:)"]	unmatched	none	0	0		[]
s:SQsE2neoiySbx_xtFZ::SYNTHESIZED::c:@E@ICReturnPTPDeviceErrorCode	swift.func.op	["ICReturnPTPDeviceError","!=(_:_:)"]	unmatched	none	0	0		[]
s:SQsE2neoiySbx_xtFZ::SYNTHESIZED::c:@E@ICReturnThumbnailErrorCode	swift.func.op	["ICReturnThumbnailError","!=(_:_:)"]	unmatched	none	0	0		[]
s:SQsE2neoiySbx_xtFZ::SYNTHESIZED::c:@EA@ICReturnCodeOffset	swift.func.op	["ICReturnCodeOffset","!=(_:_:)"]	unmatched	none	0	0		[]
s:SQsE2neoiySbx_xtFZ::SYNTHESIZED::c:@T@ICAuthorizationStatus	swift.func.op	["ICAuthorizationStatus","!=(_:_:)"]	unmatched	none	0	0		[]
s:SQsE2neoiySbx_xtFZ::SYNTHESIZED::c:@T@ICCameraItemMetadataOption	swift.func.op	["ICCameraItemMetadataOption","!=(_:_:)"]	unmatched	none	0	0		[]
s:SQsE2neoiySbx_xtFZ::SYNTHESIZED::c:@T@ICCameraItemThumbnailOption	swift.func.op	["ICCameraItemThumbnailOption","!=(_:_:)"]	unmatched	none	0	0		[]
s:SQsE2neoiySbx_xtFZ::SYNTHESIZED::c:@T@ICDeleteError	swift.func.op	["ICDeleteError","!=(_:_:)"]	unmatched	none	0	0		[]
s:SQsE2neoiySbx_xtFZ::SYNTHESIZED::c:@T@ICDeleteResult	swift.func.op	["ICDeleteResult","!=(_:_:)"]	unmatched	none	0	0		[]
s:SQsE2neoiySbx_xtFZ::SYNTHESIZED::c:@T@ICDeviceCapability	swift.func.op	["ICDeviceCapability","!=(_:_:)"]	unmatched	none	0	0		[]
s:SQsE2neoiySbx_xtFZ::SYNTHESIZED::c:@T@ICDeviceLocationOptions	swift.func.op	["ICDeviceLocationOptions","!=(_:_:)"]	unmatched	none	0	0		[]
s:SQsE2neoiySbx_xtFZ::SYNTHESIZED::c:@T@ICDeviceStatus	swift.func.op	["ICDeviceStatus","!=(_:_:)"]	unmatched	none	0	0		[]
s:SQsE2neoiySbx_xtFZ::SYNTHESIZED::c:@T@ICDeviceTransport	swift.func.op	["ICDeviceTransport","!=(_:_:)"]	unmatched	none	0	0		[]
s:SQsE2neoiySbx_xtFZ::SYNTHESIZED::c:@T@ICDownloadOption	swift.func.op	["ICDownloadOption","!=(_:_:)"]	unmatched	none	0	0		[]
s:SQsE2neoiySbx_xtFZ::SYNTHESIZED::c:@T@ICSessionOptions	swift.func.op	["ICSessionOptions","!=(_:_:)"]	unmatched	none	0	0		[]
s:SQsE2neoiySbx_xtFZ::SYNTHESIZED::c:@T@ICUploadOption	swift.func.op	["ICUploadOption","!=(_:_:)"]	unmatched	none	0	0		[]
s:SYsSHRzSH8RawValueSYRpzrlE04hashB0Sivp::SYNTHESIZED::c:@E@ICDeviceLocationType	swift.property	["ICDeviceLocationType","hashValue"]	unmatched	none	0	0		[]
s:SYsSHRzSH8RawValueSYRpzrlE04hashB0Sivp::SYNTHESIZED::c:@E@ICDeviceLocationTypeMask	swift.property	["ICDeviceLocationTypeMask","hashValue"]	unmatched	none	0	0		[]
s:SYsSHRzSH8RawValueSYRpzrlE04hashB0Sivp::SYNTHESIZED::c:@E@ICDeviceType	swift.property	["ICDeviceType","hashValue"]	unmatched	none	0	0		[]
s:SYsSHRzSH8RawValueSYRpzrlE04hashB0Sivp::SYNTHESIZED::c:@E@ICDeviceTypeMask	swift.property	["ICDeviceTypeMask","hashValue"]	unmatched	none	0	0		[]
s:SYsSHRzSH8RawValueSYRpzrlE04hashB0Sivp::SYNTHESIZED::c:@E@ICEXIFOrientationType	swift.property	["ICEXIFOrientationType","hashValue"]	unmatched	none	0	0		[]
s:SYsSHRzSH8RawValueSYRpzrlE04hashB0Sivp::SYNTHESIZED::c:@E@ICLegacyReturnCode	swift.property	["ICLegacyReturn","Code","hashValue"]	unmatched	none	0	0		[]
s:SYsSHRzSH8RawValueSYRpzrlE04hashB0Sivp::SYNTHESIZED::c:@E@ICMediaPresentation	swift.property	["ICMediaPresentation","hashValue"]	unmatched	none	0	0		[]
s:SYsSHRzSH8RawValueSYRpzrlE04hashB0Sivp::SYNTHESIZED::c:@E@ICReturnCode	swift.property	["ICReturn","Code","hashValue"]	unmatched	none	0	0		[]
s:SYsSHRzSH8RawValueSYRpzrlE04hashB0Sivp::SYNTHESIZED::c:@E@ICReturnConnectionErrorCode	swift.property	["ICReturnConnectionError","Code","hashValue"]	unmatched	none	0	0		[]
s:SYsSHRzSH8RawValueSYRpzrlE04hashB0Sivp::SYNTHESIZED::c:@E@ICReturnDownloadErrorCode	swift.property	["ICReturnDownloadError","Code","hashValue"]	unmatched	none	0	0		[]
s:SYsSHRzSH8RawValueSYRpzrlE04hashB0Sivp::SYNTHESIZED::c:@E@ICReturnMetadataErrorCode	swift.property	["ICReturnMetadataError","Code","hashValue"]	unmatched	none	0	0		[]
s:SYsSHRzSH8RawValueSYRpzrlE04hashB0Sivp::SYNTHESIZED::c:@E@ICReturnObjectErrorCode	swift.property	["ICReturnObjectError","Code","hashValue"]	unmatched	none	0	0		[]
s:SYsSHRzSH8RawValueSYRpzrlE04hashB0Sivp::SYNTHESIZED::c:@E@ICReturnPTPDeviceErrorCode	swift.property	["ICReturnPTPDeviceError","Code","hashValue"]	unmatched	none	0	0		[]
s:SYsSHRzSH8RawValueSYRpzrlE04hashB0Sivp::SYNTHESIZED::c:@E@ICReturnThumbnailErrorCode	swift.property	["ICReturnThumbnailError","Code","hashValue"]	unmatched	none	0	0		[]
s:SYsSHRzSH8RawValueSYRpzrlE04hashB0Sivp::SYNTHESIZED::c:@EA@ICReturnCodeOffset	swift.property	["ICReturnCodeOffset","hashValue"]	unmatched	none	0	0		[]
s:SYsSHRzSH8RawValueSYRpzrlE4hash4intoys6HasherVz_tF::SYNTHESIZED::c:@E@ICDeviceLocationType	swift.method	["ICDeviceLocationType","hash(into:)"]	unmatched	none	0	0		[]
s:SYsSHRzSH8RawValueSYRpzrlE4hash4intoys6HasherVz_tF::SYNTHESIZED::c:@E@ICDeviceLocationTypeMask	swift.method	["ICDeviceLocationTypeMask","hash(into:)"]	unmatched	none	0	0		[]
s:SYsSHRzSH8RawValueSYRpzrlE4hash4intoys6HasherVz_tF::SYNTHESIZED::c:@E@ICDeviceType	swift.method	["ICDeviceType","hash(into:)"]	unmatched	none	0	0		[]
s:SYsSHRzSH8RawValueSYRpzrlE4hash4intoys6HasherVz_tF::SYNTHESIZED::c:@E@ICDeviceTypeMask	swift.method	["ICDeviceTypeMask","hash(into:)"]	unmatched	none	0	0		[]
s:SYsSHRzSH8RawValueSYRpzrlE4hash4intoys6HasherVz_tF::SYNTHESIZED::c:@E@ICEXIFOrientationType	swift.method	["ICEXIFOrientationType","hash(into:)"]	unmatched	none	0	0		[]
s:SYsSHRzSH8RawValueSYRpzrlE4hash4intoys6HasherVz_tF::SYNTHESIZED::c:@E@ICLegacyReturnCode	swift.method	["ICLegacyReturn","Code","hash(into:)"]	unmatched	none	0	0		[]
s:SYsSHRzSH8RawValueSYRpzrlE4hash4intoys6HasherVz_tF::SYNTHESIZED::c:@E@ICMediaPresentation	swift.method	["ICMediaPresentation","hash(into:)"]	unmatched	none	0	0		[]
s:SYsSHRzSH8RawValueSYRpzrlE4hash4intoys6HasherVz_tF::SYNTHESIZED::c:@E@ICReturnCode	swift.method	["ICReturn","Code","hash(into:)"]	unmatched	none	0	0		[]
s:SYsSHRzSH8RawValueSYRpzrlE4hash4intoys6HasherVz_tF::SYNTHESIZED::c:@E@ICReturnConnectionErrorCode	swift.method	["ICReturnConnectionError","Code","hash(into:)"]	unmatched	none	0	0		[]
s:SYsSHRzSH8RawValueSYRpzrlE4hash4intoys6HasherVz_tF::SYNTHESIZED::c:@E@ICReturnDownloadErrorCode	swift.method	["ICReturnDownloadError","Code","hash(into:)"]	unmatched	none	0	0		[]
s:SYsSHRzSH8RawValueSYRpzrlE4hash4intoys6HasherVz_tF::SYNTHESIZED::c:@E@ICReturnMetadataErrorCode	swift.method	["ICReturnMetadataError","Code","hash(into:)"]	unmatched	none	0	0		[]
s:SYsSHRzSH8RawValueSYRpzrlE4hash4intoys6HasherVz_tF::SYNTHESIZED::c:@E@ICReturnObjectErrorCode	swift.method	["ICReturnObjectError","Code","hash(into:)"]	unmatched	none	0	0		[]
s:SYsSHRzSH8RawValueSYRpzrlE4hash4intoys6HasherVz_tF::SYNTHESIZED::c:@E@ICReturnPTPDeviceErrorCode	swift.method	["ICReturnPTPDeviceError","Code","hash(into:)"]	unmatched	none	0	0		[]
s:SYsSHRzSH8RawValueSYRpzrlE4hash4intoys6HasherVz_tF::SYNTHESIZED::c:@E@ICReturnThumbnailErrorCode	swift.method	["ICReturnThumbnailError","Code","hash(into:)"]	unmatched	none	0	0		[]
s:SYsSHRzSH8RawValueSYRpzrlE4hash4intoys6HasherVz_tF::SYNTHESIZED::c:@EA@ICReturnCodeOffset	swift.method	["ICReturnCodeOffset","hash(into:)"]	unmatched	none	0	0		[]
s:So12ICDeviceTypeV8rawValueABSgSu_tcfc	swift.init	["ICDeviceType","init(rawValue:)"]	unmatched	none	0	0		[]
s:So12ICReturnCodeV8rawValueABSgSi_tcfc	swift.init	["ICReturn","Code","init(rawValue:)"]	exact-usr	exact-usr	1	1	/ABIRoot/children/11/children/3/children/0	["/ABIRoot/children/11/children/3/children/0"]
s:So13ICDeleteErrora8rawValueABSS_tcfc	swift.init	["ICDeleteError","init(rawValue:)"]	unmatched	none	0	0		[]
s:So14ICDeleteResulta8rawValueABSS_tcfc	swift.init	["ICDeleteResult","init(rawValue:)"]	unmatched	none	0	0		[]
s:So14ICDeviceStatusa8rawValueABSS_tcfc	swift.init	["ICDeviceStatus","init(rawValue:)"]	unmatched	none	0	0		[]
s:So14ICUploadOptiona8rawValueABSS_tcfc	swift.init	["ICUploadOption","init(rawValue:)"]	unmatched	none	0	0		[]
s:So16ICDeviceTypeMaskV8rawValueABSgSu_tcfc	swift.init	["ICDeviceTypeMask","init(rawValue:)"]	unmatched	none	0	0		[]
s:So16ICDownloadOptiona8rawValueABSS_tcfc	swift.init	["ICDownloadOption","init(rawValue:)"]	unmatched	none	0	0		[]
s:So16ICSessionOptionsa8rawValueABSS_tcfc	swift.init	["ICSessionOptions","init(rawValue:)"]	unmatched	none	0	0		[]
s:So17ICDeviceTransporta8rawValueABSS_tcfc	swift.init	["ICDeviceTransport","init(rawValue:)"]	unmatched	none	0	0		[]
s:So18ICDeviceCapabilitya8rawValueABSS_tcfc	swift.init	["ICDeviceCapability","init(rawValue:)"]	unmatched	none	0	0		[]
s:So18ICLegacyReturnCodeV8rawValueABSgSi_tcfc	swift.init	["ICLegacyReturn","Code","init(rawValue:)"]	exact-usr	exact-usr	1	1	/ABIRoot/children/10/children/3/children/0	["/ABIRoot/children/10/children/3/children/0"]
s:So18ICReturnCodeOffseta8rawValueABSgSi_tcfc	swift.init	["ICReturnCodeOffset","init(rawValue:)"]	unmatched	none	0	0		[]
s:So19ICMediaPresentationV8rawValueABSgSu_tcfc	swift.init	["ICMediaPresentation","init(rawValue:)"]	unmatched	none	0	0		[]
s:So20ICDeviceLocationTypeV8rawValueABSgSu_tcfc	swift.init	["ICDeviceLocationType","init(rawValue:)"]	unmatched	none	0	0		[]
s:So21ICAuthorizationStatusa8rawValueABSS_tcfc	swift.init	["ICAuthorizationStatus","init(rawValue:)"]	unmatched	none	0	0		[]
s:So21ICEXIFOrientationTypeV8rawValueABSgSu_tcfc	swift.init	["ICEXIFOrientationType","init(rawValue:)"]	unmatched	none	0	0		[]
s:So23ICDeviceLocationOptionsa8rawValueABSS_tcfc	swift.init	["ICDeviceLocationOptions","init(rawValue:)"]	unmatched	none	0	0		[]
s:So23ICReturnObjectErrorCodeV8rawValueABSgSi_tcfc	swift.init	["ICReturnObjectError","Code","init(rawValue:)"]	exact-usr	exact-usr	1	1	/ABIRoot/children/15/children/3/children/0	["/ABIRoot/children/15/children/3/children/0"]
s:So24ICDeviceLocationTypeMaskV8rawValueABSgSu_tcfc	swift.init	["ICDeviceLocationTypeMask","init(rawValue:)"]	unmatched	none	0	0		[]
s:So25ICReturnDownloadErrorCodeV8rawValueABSgSi_tcfc	swift.init	["ICReturnDownloadError","Code","init(rawValue:)"]	exact-usr	exact-usr	1	1	/ABIRoot/children/13/children/3/children/0	["/ABIRoot/children/13/children/3/children/0"]
s:So25ICReturnMetadataErrorCodeV8rawValueABSgSi_tcfc	swift.init	["ICReturnMetadataError","Code","init(rawValue:)"]	exact-usr	exact-usr	1	1	/ABIRoot/children/14/children/3/children/0	["/ABIRoot/children/14/children/3/children/0"]
s:So26ICCameraItemMetadataOptiona8rawValueABSS_tcfc	swift.init	["ICCameraItemMetadataOption","init(rawValue:)"]	unmatched	none	0	0		[]
s:So26ICReturnPTPDeviceErrorCodeV8rawValueABSgSi_tcfc	swift.init	["ICReturnPTPDeviceError","Code","init(rawValue:)"]	exact-usr	exact-usr	1	1	/ABIRoot/children/16/children/3/children/0	["/ABIRoot/children/16/children/3/children/0"]
s:So26ICReturnThumbnailErrorCodeV8rawValueABSgSi_tcfc	swift.init	["ICReturnThumbnailError","Code","init(rawValue:)"]	exact-usr	exact-usr	1	1	/ABIRoot/children/17/children/3/children/0	["/ABIRoot/children/17/children/3/children/0"]
s:So27ICCameraItemThumbnailOptiona8rawValueABSS_tcfc	swift.init	["ICCameraItemThumbnailOption","init(rawValue:)"]	unmatched	none	0	0		[]
s:So27ICReturnConnectionErrorCodeV8rawValueABSgSi_tcfc	swift.init	["ICReturnConnectionError","Code","init(rawValue:)"]	exact-usr	exact-usr	1	1	/ABIRoot/children/12/children/3/children/0	["/ABIRoot/children/12/children/3/children/0"]
s:s20_SwiftNewtypeWrapperPsSHRzSH8RawValueSYRpzrlE04hashE0Sivp::SYNTHESIZED::c:@T@ICAuthorizationStatus	swift.property	["ICAuthorizationStatus","hashValue"]	unmatched	none	0	0		[]
s:s20_SwiftNewtypeWrapperPsSHRzSH8RawValueSYRpzrlE04hashE0Sivp::SYNTHESIZED::c:@T@ICCameraItemMetadataOption	swift.property	["ICCameraItemMetadataOption","hashValue"]	unmatched	none	0	0		[]
s:s20_SwiftNewtypeWrapperPsSHRzSH8RawValueSYRpzrlE04hashE0Sivp::SYNTHESIZED::c:@T@ICCameraItemThumbnailOption	swift.property	["ICCameraItemThumbnailOption","hashValue"]	unmatched	none	0	0		[]
s:s20_SwiftNewtypeWrapperPsSHRzSH8RawValueSYRpzrlE04hashE0Sivp::SYNTHESIZED::c:@T@ICDeleteError	swift.property	["ICDeleteError","hashValue"]	unmatched	none	0	0		[]
s:s20_SwiftNewtypeWrapperPsSHRzSH8RawValueSYRpzrlE04hashE0Sivp::SYNTHESIZED::c:@T@ICDeleteResult	swift.property	["ICDeleteResult","hashValue"]	unmatched	none	0	0		[]
s:s20_SwiftNewtypeWrapperPsSHRzSH8RawValueSYRpzrlE04hashE0Sivp::SYNTHESIZED::c:@T@ICDeviceCapability	swift.property	["ICDeviceCapability","hashValue"]	unmatched	none	0	0		[]
s:s20_SwiftNewtypeWrapperPsSHRzSH8RawValueSYRpzrlE04hashE0Sivp::SYNTHESIZED::c:@T@ICDeviceLocationOptions	swift.property	["ICDeviceLocationOptions","hashValue"]	unmatched	none	0	0		[]
s:s20_SwiftNewtypeWrapperPsSHRzSH8RawValueSYRpzrlE04hashE0Sivp::SYNTHESIZED::c:@T@ICDeviceStatus	swift.property	["ICDeviceStatus","hashValue"]	unmatched	none	0	0		[]
s:s20_SwiftNewtypeWrapperPsSHRzSH8RawValueSYRpzrlE04hashE0Sivp::SYNTHESIZED::c:@T@ICDeviceTransport	swift.property	["ICDeviceTransport","hashValue"]	unmatched	none	0	0		[]
s:s20_SwiftNewtypeWrapperPsSHRzSH8RawValueSYRpzrlE04hashE0Sivp::SYNTHESIZED::c:@T@ICDownloadOption	swift.property	["ICDownloadOption","hashValue"]	unmatched	none	0	0		[]
s:s20_SwiftNewtypeWrapperPsSHRzSH8RawValueSYRpzrlE04hashE0Sivp::SYNTHESIZED::c:@T@ICSessionOptions	swift.property	["ICSessionOptions","hashValue"]	unmatched	none	0	0		[]
s:s20_SwiftNewtypeWrapperPsSHRzSH8RawValueSYRpzrlE04hashE0Sivp::SYNTHESIZED::c:@T@ICUploadOption	swift.property	["ICUploadOption","hashValue"]	unmatched	none	0	0		[]
s:s20_SwiftNewtypeWrapperPsSHRzSH8RawValueSYRpzrlE4hash4intoys6HasherVz_tF::SYNTHESIZED::c:@T@ICAuthorizationStatus	swift.method	["ICAuthorizationStatus","hash(into:)"]	unmatched	none	0	0		[]
s:s20_SwiftNewtypeWrapperPsSHRzSH8RawValueSYRpzrlE4hash4intoys6HasherVz_tF::SYNTHESIZED::c:@T@ICCameraItemMetadataOption	swift.method	["ICCameraItemMetadataOption","hash(into:)"]	unmatched	none	0	0		[]
s:s20_SwiftNewtypeWrapperPsSHRzSH8RawValueSYRpzrlE4hash4intoys6HasherVz_tF::SYNTHESIZED::c:@T@ICCameraItemThumbnailOption	swift.method	["ICCameraItemThumbnailOption","hash(into:)"]	unmatched	none	0	0		[]
s:s20_SwiftNewtypeWrapperPsSHRzSH8RawValueSYRpzrlE4hash4intoys6HasherVz_tF::SYNTHESIZED::c:@T@ICDeleteError	swift.method	["ICDeleteError","hash(into:)"]	unmatched	none	0	0		[]
s:s20_SwiftNewtypeWrapperPsSHRzSH8RawValueSYRpzrlE4hash4intoys6HasherVz_tF::SYNTHESIZED::c:@T@ICDeleteResult	swift.method	["ICDeleteResult","hash(into:)"]	unmatched	none	0	0		[]
s:s20_SwiftNewtypeWrapperPsSHRzSH8RawValueSYRpzrlE4hash4intoys6HasherVz_tF::SYNTHESIZED::c:@T@ICDeviceCapability	swift.method	["ICDeviceCapability","hash(into:)"]	unmatched	none	0	0		[]
s:s20_SwiftNewtypeWrapperPsSHRzSH8RawValueSYRpzrlE4hash4intoys6HasherVz_tF::SYNTHESIZED::c:@T@ICDeviceLocationOptions	swift.method	["ICDeviceLocationOptions","hash(into:)"]	unmatched	none	0	0		[]
s:s20_SwiftNewtypeWrapperPsSHRzSH8RawValueSYRpzrlE4hash4intoys6HasherVz_tF::SYNTHESIZED::c:@T@ICDeviceStatus	swift.method	["ICDeviceStatus","hash(into:)"]	unmatched	none	0	0		[]
s:s20_SwiftNewtypeWrapperPsSHRzSH8RawValueSYRpzrlE4hash4intoys6HasherVz_tF::SYNTHESIZED::c:@T@ICDeviceTransport	swift.method	["ICDeviceTransport","hash(into:)"]	unmatched	none	0	0		[]
s:s20_SwiftNewtypeWrapperPsSHRzSH8RawValueSYRpzrlE4hash4intoys6HasherVz_tF::SYNTHESIZED::c:@T@ICDownloadOption	swift.method	["ICDownloadOption","hash(into:)"]	unmatched	none	0	0		[]
s:s20_SwiftNewtypeWrapperPsSHRzSH8RawValueSYRpzrlE4hash4intoys6HasherVz_tF::SYNTHESIZED::c:@T@ICSessionOptions	swift.method	["ICSessionOptions","hash(into:)"]	unmatched	none	0	0		[]
s:s20_SwiftNewtypeWrapperPsSHRzSH8RawValueSYRpzrlE4hash4intoys6HasherVz_tF::SYNTHESIZED::c:@T@ICUploadOption	swift.method	["ICUploadOption","hash(into:)"]	unmatched	none	0	0		[]
s:s5ErrorP10FoundationE20localizedDescriptionSSvp::SYNTHESIZED::c:@E@ICLegacyReturnCode	swift.property	["ICLegacyReturn","localizedDescription"]	unmatched	none	0	0		[]
s:s5ErrorP10FoundationE20localizedDescriptionSSvp::SYNTHESIZED::c:@E@ICReturnCode	swift.property	["ICReturn","localizedDescription"]	unmatched	none	0	0		[]
s:s5ErrorP10FoundationE20localizedDescriptionSSvp::SYNTHESIZED::c:@E@ICReturnConnectionErrorCode	swift.property	["ICReturnConnectionError","localizedDescription"]	unmatched	none	0	0		[]
s:s5ErrorP10FoundationE20localizedDescriptionSSvp::SYNTHESIZED::c:@E@ICReturnDownloadErrorCode	swift.property	["ICReturnDownloadError","localizedDescription"]	unmatched	none	0	0		[]
s:s5ErrorP10FoundationE20localizedDescriptionSSvp::SYNTHESIZED::c:@E@ICReturnMetadataErrorCode	swift.property	["ICReturnMetadataError","localizedDescription"]	unmatched	none	0	0		[]
s:s5ErrorP10FoundationE20localizedDescriptionSSvp::SYNTHESIZED::c:@E@ICReturnObjectErrorCode	swift.property	["ICReturnObjectError","localizedDescription"]	unmatched	none	0	0		[]
s:s5ErrorP10FoundationE20localizedDescriptionSSvp::SYNTHESIZED::c:@E@ICReturnPTPDeviceErrorCode	swift.property	["ICReturnPTPDeviceError","localizedDescription"]	unmatched	none	0	0		[]
s:s5ErrorP10FoundationE20localizedDescriptionSSvp::SYNTHESIZED::c:@E@ICReturnThumbnailErrorCode	swift.property	["ICReturnThumbnailError","localizedDescription"]	unmatched	none	0	0		[]
