precise	status	evidence	notes
c:@E@AVAudioSessionErrorCode	deferred		Requires the canonical AVAudioSession parent from AVFAudio/AVFoundation; CoreAudioTypes must not invent that dependency-owned type.
c:@E@AVAudioSessionErrorCode@AVAudioSessionErrorCodeBadParam	deferred		Requires the canonical AVAudioSession parent from AVFAudio/AVFoundation; CoreAudioTypes must not invent that dependency-owned type.
c:@E@AVAudioSessionErrorCode@AVAudioSessionErrorCodeCannotInterruptOthers	deferred		Requires the canonical AVAudioSession parent from AVFAudio/AVFoundation; CoreAudioTypes must not invent that dependency-owned type.
c:@E@AVAudioSessionErrorCode@AVAudioSessionErrorCodeCannotStartPlaying	deferred		Requires the canonical AVAudioSession parent from AVFAudio/AVFoundation; CoreAudioTypes must not invent that dependency-owned type.
c:@E@AVAudioSessionErrorCode@AVAudioSessionErrorCodeCannotStartRecording	deferred		Requires the canonical AVAudioSession parent from AVFAudio/AVFoundation; CoreAudioTypes must not invent that dependency-owned type.
c:@E@AVAudioSessionErrorCode@AVAudioSessionErrorCodeExpiredSession	deferred		Requires the canonical AVAudioSession parent from AVFAudio/AVFoundation; CoreAudioTypes must not invent that dependency-owned type.
c:@E@AVAudioSessionErrorCode@AVAudioSessionErrorCodeIncompatibleCategory	deferred		Requires the canonical AVAudioSession parent from AVFAudio/AVFoundation; CoreAudioTypes must not invent that dependency-owned type.
c:@E@AVAudioSessionErrorCode@AVAudioSessionErrorCodeInsufficientPriority	deferred		Requires the canonical AVAudioSession parent from AVFAudio/AVFoundation; CoreAudioTypes must not invent that dependency-owned type.
c:@E@AVAudioSessionErrorCode@AVAudioSessionErrorCodeIsBusy	deferred		Requires the canonical AVAudioSession parent from AVFAudio/AVFoundation; CoreAudioTypes must not invent that dependency-owned type.
c:@E@AVAudioSessionErrorCode@AVAudioSessionErrorCodeMediaServicesFailed	deferred		Requires the canonical AVAudioSession parent from AVFAudio/AVFoundation; CoreAudioTypes must not invent that dependency-owned type.
c:@E@AVAudioSessionErrorCode@AVAudioSessionErrorCodeMissingEntitlement	deferred		Requires the canonical AVAudioSession parent from AVFAudio/AVFoundation; CoreAudioTypes must not invent that dependency-owned type.
c:@E@AVAudioSessionErrorCode@AVAudioSessionErrorCodeNone	deferred		Requires the canonical AVAudioSession parent from AVFAudio/AVFoundation; CoreAudioTypes must not invent that dependency-owned type.
c:@E@AVAudioSessionErrorCode@AVAudioSessionErrorCodeResourceNotAvailable	deferred		Requires the canonical AVAudioSession parent from AVFAudio/AVFoundation; CoreAudioTypes must not invent that dependency-owned type.
c:@E@AVAudioSessionErrorCode@AVAudioSessionErrorCodeSessionNotActive	deferred		Requires the canonical AVAudioSession parent from AVFAudio/AVFoundation; CoreAudioTypes must not invent that dependency-owned type.
c:@E@AVAudioSessionErrorCode@AVAudioSessionErrorCodeSiriIsRecording	deferred		Requires the canonical AVAudioSession parent from AVFAudio/AVFoundation; CoreAudioTypes must not invent that dependency-owned type.
c:@E@AVAudioSessionErrorCode@AVAudioSessionErrorCodeUnspecified	deferred		Requires the canonical AVAudioSession parent from AVFAudio/AVFoundation; CoreAudioTypes must not invent that dependency-owned type.
c:@E@AudioChannelBitmap	implemented	tests/agent/CoreAudioTypesRuntime.swift:optionSet	OptionSet raw-value round trip and set algebra exercised.
c:@E@AudioChannelBitmap@kAudioChannelBit_Center	implemented	tests/agent/CoreAudioTypesAppleOracleRuntime.swift:value	Xcode 26.1 iPhoneOS oracle raw value is asserted by the ordinary-import runtime.
c:@E@AudioChannelBitmap@kAudioChannelBit_CenterSurround	implemented	tests/agent/CoreAudioTypesAppleOracleRuntime.swift:value	Xcode 26.1 iPhoneOS oracle raw value is asserted by the ordinary-import runtime.
c:@E@AudioChannelBitmap@kAudioChannelBit_CenterTopFront	implemented	tests/agent/CoreAudioTypesAppleOracleRuntime.swift:value	Xcode 26.1 iPhoneOS oracle raw value is asserted by the ordinary-import runtime.
c:@E@AudioChannelBitmap@kAudioChannelBit_CenterTopMiddle	implemented	tests/agent/CoreAudioTypesAppleOracleRuntime.swift:value	Xcode 26.1 iPhoneOS oracle raw value is asserted by the ordinary-import runtime.
c:@E@AudioChannelBitmap@kAudioChannelBit_CenterTopRear	implemented	tests/agent/CoreAudioTypesAppleOracleRuntime.swift:value	Xcode 26.1 iPhoneOS oracle raw value is asserted by the ordinary-import runtime.
c:@E@AudioChannelBitmap@kAudioChannelBit_LFEScreen	implemented	tests/agent/CoreAudioTypesAppleOracleRuntime.swift:value	Xcode 26.1 iPhoneOS oracle raw value is asserted by the ordinary-import runtime.
c:@E@AudioChannelBitmap@kAudioChannelBit_Left	implemented	tests/agent/CoreAudioTypesAppleOracleRuntime.swift:value	Xcode 26.1 iPhoneOS oracle raw value is asserted by the ordinary-import runtime.
c:@E@AudioChannelBitmap@kAudioChannelBit_LeftCenter	implemented	tests/agent/CoreAudioTypesAppleOracleRuntime.swift:value	Xcode 26.1 iPhoneOS oracle raw value is asserted by the ordinary-import runtime.
c:@E@AudioChannelBitmap@kAudioChannelBit_LeftSurround	implemented	tests/agent/CoreAudioTypesAppleOracleRuntime.swift:value	Xcode 26.1 iPhoneOS oracle raw value is asserted by the ordinary-import runtime.
c:@E@AudioChannelBitmap@kAudioChannelBit_LeftSurroundDirect	implemented	tests/agent/CoreAudioTypesAppleOracleRuntime.swift:value	Xcode 26.1 iPhoneOS oracle raw value is asserted by the ordinary-import runtime.
c:@E@AudioChannelBitmap@kAudioChannelBit_LeftTopFront	implemented	tests/agent/CoreAudioTypesAppleOracleRuntime.swift:value	Xcode 26.1 iPhoneOS oracle raw value is asserted by the ordinary-import runtime.
c:@E@AudioChannelBitmap@kAudioChannelBit_LeftTopMiddle	implemented	tests/agent/CoreAudioTypesAppleOracleRuntime.swift:value	Xcode 26.1 iPhoneOS oracle raw value is asserted by the ordinary-import runtime.
c:@E@AudioChannelBitmap@kAudioChannelBit_LeftTopRear	implemented	tests/agent/CoreAudioTypesAppleOracleRuntime.swift:value	Xcode 26.1 iPhoneOS oracle raw value is asserted by the ordinary-import runtime.
c:@E@AudioChannelBitmap@kAudioChannelBit_Right	implemented	tests/agent/CoreAudioTypesAppleOracleRuntime.swift:value	Xcode 26.1 iPhoneOS oracle raw value is asserted by the ordinary-import runtime.
c:@E@AudioChannelBitmap@kAudioChannelBit_RightCenter	implemented	tests/agent/CoreAudioTypesAppleOracleRuntime.swift:value	Xcode 26.1 iPhoneOS oracle raw value is asserted by the ordinary-import runtime.
c:@E@AudioChannelBitmap@kAudioChannelBit_RightSurround	implemented	tests/agent/CoreAudioTypesAppleOracleRuntime.swift:value	Xcode 26.1 iPhoneOS oracle raw value is asserted by the ordinary-import runtime.
c:@E@AudioChannelBitmap@kAudioChannelBit_RightSurroundDirect	implemented	tests/agent/CoreAudioTypesAppleOracleRuntime.swift:value	Xcode 26.1 iPhoneOS oracle raw value is asserted by the ordinary-import runtime.
c:@E@AudioChannelBitmap@kAudioChannelBit_RightTopFront	implemented	tests/agent/CoreAudioTypesAppleOracleRuntime.swift:value	Xcode 26.1 iPhoneOS oracle raw value is asserted by the ordinary-import runtime.
c:@E@AudioChannelBitmap@kAudioChannelBit_RightTopMiddle	implemented	tests/agent/CoreAudioTypesAppleOracleRuntime.swift:value	Xcode 26.1 iPhoneOS oracle raw value is asserted by the ordinary-import runtime.
c:@E@AudioChannelBitmap@kAudioChannelBit_RightTopRear	implemented	tests/agent/CoreAudioTypesAppleOracleRuntime.swift:value	Xcode 26.1 iPhoneOS oracle raw value is asserted by the ordinary-import runtime.
c:@E@AudioChannelBitmap@kAudioChannelBit_TopBackCenter	implemented	tests/agent/CoreAudioTypesAppleOracleRuntime.swift:value	Xcode 26.1 iPhoneOS oracle raw value is asserted by the ordinary-import runtime.
c:@E@AudioChannelBitmap@kAudioChannelBit_TopBackLeft	implemented	tests/agent/CoreAudioTypesAppleOracleRuntime.swift:value	Xcode 26.1 iPhoneOS oracle raw value is asserted by the ordinary-import runtime.
c:@E@AudioChannelBitmap@kAudioChannelBit_TopBackRight	implemented	tests/agent/CoreAudioTypesAppleOracleRuntime.swift:value	Xcode 26.1 iPhoneOS oracle raw value is asserted by the ordinary-import runtime.
c:@E@AudioChannelBitmap@kAudioChannelBit_TopCenterSurround	implemented	tests/agent/CoreAudioTypesAppleOracleRuntime.swift:value	Xcode 26.1 iPhoneOS oracle raw value is asserted by the ordinary-import runtime.
c:@E@AudioChannelBitmap@kAudioChannelBit_VerticalHeightCenter	implemented	tests/agent/CoreAudioTypesAppleOracleRuntime.swift:value	Xcode 26.1 iPhoneOS oracle raw value is asserted by the ordinary-import runtime.
c:@E@AudioChannelBitmap@kAudioChannelBit_VerticalHeightLeft	implemented	tests/agent/CoreAudioTypesAppleOracleRuntime.swift:value	Xcode 26.1 iPhoneOS oracle raw value is asserted by the ordinary-import runtime.
c:@E@AudioChannelBitmap@kAudioChannelBit_VerticalHeightRight	implemented	tests/agent/CoreAudioTypesAppleOracleRuntime.swift:value	Xcode 26.1 iPhoneOS oracle raw value is asserted by the ordinary-import runtime.
c:@E@AudioChannelCoordinateIndex	implemented	tests/agent/CoreAudioTypesRuntime.swift:enum	Enum type identity, Equatable, and Hashable exercised.
c:@E@AudioChannelCoordinateIndex@kAudioChannelCoordinates_Azimuth	implemented	tests/agent/CoreAudioTypesRuntime.swift:enum	Alias identity tested against the matching enum case.
c:@E@AudioChannelCoordinateIndex@kAudioChannelCoordinates_BackFront	implemented	tests/agent/CoreAudioTypesRuntime.swift:enum	Case identity and UInt32 raw-value 0/1/2 round trip tested.
c:@E@AudioChannelCoordinateIndex@kAudioChannelCoordinates_Distance	implemented	tests/agent/CoreAudioTypesRuntime.swift:enum	Alias identity tested against the matching enum case.
c:@E@AudioChannelCoordinateIndex@kAudioChannelCoordinates_DownUp	implemented	tests/agent/CoreAudioTypesRuntime.swift:enum	Case identity and UInt32 raw-value 0/1/2 round trip tested.
c:@E@AudioChannelCoordinateIndex@kAudioChannelCoordinates_Elevation	implemented	tests/agent/CoreAudioTypesRuntime.swift:enum	Alias identity tested against the matching enum case.
c:@E@AudioChannelCoordinateIndex@kAudioChannelCoordinates_LeftRight	implemented	tests/agent/CoreAudioTypesRuntime.swift:enum	Case identity and UInt32 raw-value 0/1/2 round trip tested.
c:@E@AudioChannelFlags	implemented	tests/agent/CoreAudioTypesRuntime.swift:optionSet	OptionSet raw-value round trip and set algebra exercised.
c:@E@AudioChannelFlags@kAudioChannelFlags_Meters	implemented	tests/agent/CoreAudioTypesAppleOracleRuntime.swift:value	Xcode 26.1 iPhoneOS oracle raw value is asserted by the ordinary-import runtime.
c:@E@AudioChannelFlags@kAudioChannelFlags_RectangularCoordinates	implemented	tests/agent/CoreAudioTypesAppleOracleRuntime.swift:value	Xcode 26.1 iPhoneOS oracle raw value is asserted by the ordinary-import runtime.
c:@E@AudioChannelFlags@kAudioChannelFlags_SphericalCoordinates	implemented	tests/agent/CoreAudioTypesAppleOracleRuntime.swift:value	Xcode 26.1 iPhoneOS oracle raw value is asserted by the ordinary-import runtime.
c:@E@AudioTimeStampFlags	implemented	tests/agent/CoreAudioTypesRuntime.swift:optionSet	OptionSet raw-value round trip and set algebra exercised.
c:@E@AudioTimeStampFlags@kAudioTimeStampHostTimeValid	implemented	tests/agent/CoreAudioTypesAppleOracleRuntime.swift:value	Xcode 26.1 iPhoneOS oracle raw value is asserted by the ordinary-import runtime.
c:@E@AudioTimeStampFlags@kAudioTimeStampRateScalarValid	implemented	tests/agent/CoreAudioTypesAppleOracleRuntime.swift:value	Xcode 26.1 iPhoneOS oracle raw value is asserted by the ordinary-import runtime.
c:@E@AudioTimeStampFlags@kAudioTimeStampSMPTETimeValid	implemented	tests/agent/CoreAudioTypesAppleOracleRuntime.swift:value	Xcode 26.1 iPhoneOS oracle raw value is asserted by the ordinary-import runtime.
c:@E@AudioTimeStampFlags@kAudioTimeStampSampleHostTimeValid	implemented	tests/agent/CoreAudioTypesAppleOracleRuntime.swift:value	Xcode 26.1 iPhoneOS oracle raw value is asserted by the ordinary-import runtime.
c:@E@AudioTimeStampFlags@kAudioTimeStampSampleTimeValid	implemented	tests/agent/CoreAudioTypesAppleOracleRuntime.swift:value	Xcode 26.1 iPhoneOS oracle raw value is asserted by the ordinary-import runtime.
c:@E@AudioTimeStampFlags@kAudioTimeStampWordClockTimeValid	implemented	tests/agent/CoreAudioTypesAppleOracleRuntime.swift:value	Xcode 26.1 iPhoneOS oracle raw value is asserted by the ordinary-import runtime.
c:@E@MPEG4ObjectID	implemented	tests/agent/CoreAudioTypesRuntime.swift:enum	Enum type identity, Equatable, and Hashable exercised.
c:@E@MPEG4ObjectID@kMPEG4Object_AAC_LC	implemented	tests/agent/CoreAudioTypesAppleOracleRuntime.swift:value	Xcode 26.1 iPhoneOS oracle raw value is asserted by the ordinary-import runtime.
c:@E@MPEG4ObjectID@kMPEG4Object_AAC_LTP	implemented	tests/agent/CoreAudioTypesAppleOracleRuntime.swift:value	Xcode 26.1 iPhoneOS oracle raw value is asserted by the ordinary-import runtime.
c:@E@MPEG4ObjectID@kMPEG4Object_AAC_Main	implemented	tests/agent/CoreAudioTypesAppleOracleRuntime.swift:value	Xcode 26.1 iPhoneOS oracle raw value is asserted by the ordinary-import runtime.
c:@E@MPEG4ObjectID@kMPEG4Object_AAC_SBR	implemented	tests/agent/CoreAudioTypesAppleOracleRuntime.swift:value	Xcode 26.1 iPhoneOS oracle raw value is asserted by the ordinary-import runtime.
c:@E@MPEG4ObjectID@kMPEG4Object_AAC_SSR	implemented	tests/agent/CoreAudioTypesAppleOracleRuntime.swift:value	Xcode 26.1 iPhoneOS oracle raw value is asserted by the ordinary-import runtime.
c:@E@MPEG4ObjectID@kMPEG4Object_AAC_Scalable	implemented	tests/agent/CoreAudioTypesAppleOracleRuntime.swift:value	Xcode 26.1 iPhoneOS oracle raw value is asserted by the ordinary-import runtime.
c:@E@MPEG4ObjectID@kMPEG4Object_CELP	implemented	tests/agent/CoreAudioTypesAppleOracleRuntime.swift:value	Xcode 26.1 iPhoneOS oracle raw value is asserted by the ordinary-import runtime.
c:@E@MPEG4ObjectID@kMPEG4Object_HVXC	implemented	tests/agent/CoreAudioTypesAppleOracleRuntime.swift:value	Xcode 26.1 iPhoneOS oracle raw value is asserted by the ordinary-import runtime.
c:@E@MPEG4ObjectID@kMPEG4Object_TwinVQ	implemented	tests/agent/CoreAudioTypesAppleOracleRuntime.swift:value	Xcode 26.1 iPhoneOS oracle raw value is asserted by the ordinary-import runtime.
c:@E@SMPTETimeFlags	implemented	tests/agent/CoreAudioTypesRuntime.swift:optionSet	OptionSet raw-value round trip and set algebra exercised.
c:@E@SMPTETimeFlags@kSMPTETimeRunning	implemented	tests/agent/CoreAudioTypesAppleOracleRuntime.swift:value	Xcode 26.1 iPhoneOS oracle raw value is asserted by the ordinary-import runtime.
c:@E@SMPTETimeFlags@kSMPTETimeValid	implemented	tests/agent/CoreAudioTypesAppleOracleRuntime.swift:value	Xcode 26.1 iPhoneOS oracle raw value is asserted by the ordinary-import runtime.
c:@E@SMPTETimeType	implemented	tests/agent/CoreAudioTypesRuntime.swift:enum	Enum type identity, Equatable, and Hashable exercised.
c:@E@SMPTETimeType@kSMPTETimeType2398	implemented	tests/agent/CoreAudioTypesAppleOracleRuntime.swift:value	Xcode 26.1 iPhoneOS oracle raw value is asserted by the ordinary-import runtime.
c:@E@SMPTETimeType@kSMPTETimeType24	implemented	tests/agent/CoreAudioTypesAppleOracleRuntime.swift:value	Xcode 26.1 iPhoneOS oracle raw value is asserted by the ordinary-import runtime.
c:@E@SMPTETimeType@kSMPTETimeType25	implemented	tests/agent/CoreAudioTypesAppleOracleRuntime.swift:value	Xcode 26.1 iPhoneOS oracle raw value is asserted by the ordinary-import runtime.
c:@E@SMPTETimeType@kSMPTETimeType2997	implemented	tests/agent/CoreAudioTypesAppleOracleRuntime.swift:value	Xcode 26.1 iPhoneOS oracle raw value is asserted by the ordinary-import runtime.
c:@E@SMPTETimeType@kSMPTETimeType2997Drop	implemented	tests/agent/CoreAudioTypesAppleOracleRuntime.swift:value	Xcode 26.1 iPhoneOS oracle raw value is asserted by the ordinary-import runtime.
c:@E@SMPTETimeType@kSMPTETimeType30	implemented	tests/agent/CoreAudioTypesAppleOracleRuntime.swift:value	Xcode 26.1 iPhoneOS oracle raw value is asserted by the ordinary-import runtime.
c:@E@SMPTETimeType@kSMPTETimeType30Drop	implemented	tests/agent/CoreAudioTypesAppleOracleRuntime.swift:value	Xcode 26.1 iPhoneOS oracle raw value is asserted by the ordinary-import runtime.
c:@E@SMPTETimeType@kSMPTETimeType50	implemented	tests/agent/CoreAudioTypesAppleOracleRuntime.swift:value	Xcode 26.1 iPhoneOS oracle raw value is asserted by the ordinary-import runtime.
c:@E@SMPTETimeType@kSMPTETimeType5994	implemented	tests/agent/CoreAudioTypesAppleOracleRuntime.swift:value	Xcode 26.1 iPhoneOS oracle raw value is asserted by the ordinary-import runtime.
c:@E@SMPTETimeType@kSMPTETimeType5994Drop	implemented	tests/agent/CoreAudioTypesAppleOracleRuntime.swift:value	Xcode 26.1 iPhoneOS oracle raw value is asserted by the ordinary-import runtime.
c:@E@SMPTETimeType@kSMPTETimeType60	implemented	tests/agent/CoreAudioTypesAppleOracleRuntime.swift:value	Xcode 26.1 iPhoneOS oracle raw value is asserted by the ordinary-import runtime.
c:@E@SMPTETimeType@kSMPTETimeType60Drop	implemented	tests/agent/CoreAudioTypesAppleOracleRuntime.swift:value	Xcode 26.1 iPhoneOS oracle raw value is asserted by the ordinary-import runtime.
c:@Ea@AVAudioSessionErrorInsufficientPriority@AVAudioSessionErrorInsufficientPriority	implemented	tests/agent/CoreAudioTypesAppleOracleRuntime.swift:value	Xcode 26.1 iPhoneOS oracle raw value is asserted by the ordinary-import runtime.
c:@Ea@kAudioChannelLabel_Unknown@kAudioChannelLabel_Ambisonic_W	implemented	tests/agent/CoreAudioTypesAppleOracleRuntime.swift:value	Xcode 26.1 iPhoneOS oracle raw value is asserted by the ordinary-import runtime.
c:@Ea@kAudioChannelLabel_Unknown@kAudioChannelLabel_Ambisonic_X	implemented	tests/agent/CoreAudioTypesAppleOracleRuntime.swift:value	Xcode 26.1 iPhoneOS oracle raw value is asserted by the ordinary-import runtime.
c:@Ea@kAudioChannelLabel_Unknown@kAudioChannelLabel_Ambisonic_Y	implemented	tests/agent/CoreAudioTypesAppleOracleRuntime.swift:value	Xcode 26.1 iPhoneOS oracle raw value is asserted by the ordinary-import runtime.
c:@Ea@kAudioChannelLabel_Unknown@kAudioChannelLabel_Ambisonic_Z	implemented	tests/agent/CoreAudioTypesAppleOracleRuntime.swift:value	Xcode 26.1 iPhoneOS oracle raw value is asserted by the ordinary-import runtime.
c:@Ea@kAudioChannelLabel_Unknown@kAudioChannelLabel_BeginReserved	implemented	tests/agent/CoreAudioTypesAppleOracleRuntime.swift:value	Xcode 26.1 iPhoneOS oracle raw value is asserted by the ordinary-import runtime.
c:@Ea@kAudioChannelLabel_Unknown@kAudioChannelLabel_BinauralLeft	implemented	tests/agent/CoreAudioTypesAppleOracleRuntime.swift:value	Xcode 26.1 iPhoneOS oracle raw value is asserted by the ordinary-import runtime.
c:@Ea@kAudioChannelLabel_Unknown@kAudioChannelLabel_BinauralRight	implemented	tests/agent/CoreAudioTypesAppleOracleRuntime.swift:value	Xcode 26.1 iPhoneOS oracle raw value is asserted by the ordinary-import runtime.
c:@Ea@kAudioChannelLabel_Unknown@kAudioChannelLabel_Center	implemented	tests/agent/CoreAudioTypesAppleOracleRuntime.swift:value	Xcode 26.1 iPhoneOS oracle raw value is asserted by the ordinary-import runtime.
c:@Ea@kAudioChannelLabel_Unknown@kAudioChannelLabel_CenterBottom	implemented	tests/agent/CoreAudioTypesAppleOracleRuntime.swift:value	Xcode 26.1 iPhoneOS oracle raw value is asserted by the ordinary-import runtime.
c:@Ea@kAudioChannelLabel_Unknown@kAudioChannelLabel_CenterSurround	implemented	tests/agent/CoreAudioTypesAppleOracleRuntime.swift:value	Xcode 26.1 iPhoneOS oracle raw value is asserted by the ordinary-import runtime.
c:@Ea@kAudioChannelLabel_Unknown@kAudioChannelLabel_CenterSurroundDirect	implemented	tests/agent/CoreAudioTypesAppleOracleRuntime.swift:value	Xcode 26.1 iPhoneOS oracle raw value is asserted by the ordinary-import runtime.
c:@Ea@kAudioChannelLabel_Unknown@kAudioChannelLabel_CenterTopFront	implemented	tests/agent/CoreAudioTypesAppleOracleRuntime.swift:value	Xcode 26.1 iPhoneOS oracle raw value is asserted by the ordinary-import runtime.
c:@Ea@kAudioChannelLabel_Unknown@kAudioChannelLabel_CenterTopMiddle	implemented	tests/agent/CoreAudioTypesAppleOracleRuntime.swift:value	Xcode 26.1 iPhoneOS oracle raw value is asserted by the ordinary-import runtime.
c:@Ea@kAudioChannelLabel_Unknown@kAudioChannelLabel_CenterTopRear	implemented	tests/agent/CoreAudioTypesAppleOracleRuntime.swift:value	Xcode 26.1 iPhoneOS oracle raw value is asserted by the ordinary-import runtime.
c:@Ea@kAudioChannelLabel_Unknown@kAudioChannelLabel_ClickTrack	implemented	tests/agent/CoreAudioTypesAppleOracleRuntime.swift:value	Xcode 26.1 iPhoneOS oracle raw value is asserted by the ordinary-import runtime.
c:@Ea@kAudioChannelLabel_Unknown@kAudioChannelLabel_DialogCentricMix	implemented	tests/agent/CoreAudioTypesAppleOracleRuntime.swift:value	Xcode 26.1 iPhoneOS oracle raw value is asserted by the ordinary-import runtime.
c:@Ea@kAudioChannelLabel_Unknown@kAudioChannelLabel_Discrete	implemented	tests/agent/CoreAudioTypesAppleOracleRuntime.swift:value	Xcode 26.1 iPhoneOS oracle raw value is asserted by the ordinary-import runtime.
c:@Ea@kAudioChannelLabel_Unknown@kAudioChannelLabel_Discrete_0	implemented	tests/agent/CoreAudioTypesAppleOracleRuntime.swift:value	Xcode 26.1 iPhoneOS oracle raw value is asserted by the ordinary-import runtime.
c:@Ea@kAudioChannelLabel_Unknown@kAudioChannelLabel_Discrete_1	implemented	tests/agent/CoreAudioTypesAppleOracleRuntime.swift:value	Xcode 26.1 iPhoneOS oracle raw value is asserted by the ordinary-import runtime.
c:@Ea@kAudioChannelLabel_Unknown@kAudioChannelLabel_Discrete_10	implemented	tests/agent/CoreAudioTypesAppleOracleRuntime.swift:value	Xcode 26.1 iPhoneOS oracle raw value is asserted by the ordinary-import runtime.
c:@Ea@kAudioChannelLabel_Unknown@kAudioChannelLabel_Discrete_11	implemented	tests/agent/CoreAudioTypesAppleOracleRuntime.swift:value	Xcode 26.1 iPhoneOS oracle raw value is asserted by the ordinary-import runtime.
c:@Ea@kAudioChannelLabel_Unknown@kAudioChannelLabel_Discrete_12	implemented	tests/agent/CoreAudioTypesAppleOracleRuntime.swift:value	Xcode 26.1 iPhoneOS oracle raw value is asserted by the ordinary-import runtime.
c:@Ea@kAudioChannelLabel_Unknown@kAudioChannelLabel_Discrete_13	implemented	tests/agent/CoreAudioTypesAppleOracleRuntime.swift:value	Xcode 26.1 iPhoneOS oracle raw value is asserted by the ordinary-import runtime.
c:@Ea@kAudioChannelLabel_Unknown@kAudioChannelLabel_Discrete_14	implemented	tests/agent/CoreAudioTypesAppleOracleRuntime.swift:value	Xcode 26.1 iPhoneOS oracle raw value is asserted by the ordinary-import runtime.
c:@Ea@kAudioChannelLabel_Unknown@kAudioChannelLabel_Discrete_15	implemented	tests/agent/CoreAudioTypesAppleOracleRuntime.swift:value	Xcode 26.1 iPhoneOS oracle raw value is asserted by the ordinary-import runtime.
c:@Ea@kAudioChannelLabel_Unknown@kAudioChannelLabel_Discrete_2	implemented	tests/agent/CoreAudioTypesAppleOracleRuntime.swift:value	Xcode 26.1 iPhoneOS oracle raw value is asserted by the ordinary-import runtime.
c:@Ea@kAudioChannelLabel_Unknown@kAudioChannelLabel_Discrete_3	implemented	tests/agent/CoreAudioTypesAppleOracleRuntime.swift:value	Xcode 26.1 iPhoneOS oracle raw value is asserted by the ordinary-import runtime.
c:@Ea@kAudioChannelLabel_Unknown@kAudioChannelLabel_Discrete_4	implemented	tests/agent/CoreAudioTypesAppleOracleRuntime.swift:value	Xcode 26.1 iPhoneOS oracle raw value is asserted by the ordinary-import runtime.
c:@Ea@kAudioChannelLabel_Unknown@kAudioChannelLabel_Discrete_5	implemented	tests/agent/CoreAudioTypesAppleOracleRuntime.swift:value	Xcode 26.1 iPhoneOS oracle raw value is asserted by the ordinary-import runtime.
c:@Ea@kAudioChannelLabel_Unknown@kAudioChannelLabel_Discrete_6	implemented	tests/agent/CoreAudioTypesAppleOracleRuntime.swift:value	Xcode 26.1 iPhoneOS oracle raw value is asserted by the ordinary-import runtime.
c:@Ea@kAudioChannelLabel_Unknown@kAudioChannelLabel_Discrete_65535	implemented	tests/agent/CoreAudioTypesAppleOracleRuntime.swift:value	Xcode 26.1 iPhoneOS oracle raw value is asserted by the ordinary-import runtime.
c:@Ea@kAudioChannelLabel_Unknown@kAudioChannelLabel_Discrete_7	implemented	tests/agent/CoreAudioTypesAppleOracleRuntime.swift:value	Xcode 26.1 iPhoneOS oracle raw value is asserted by the ordinary-import runtime.
c:@Ea@kAudioChannelLabel_Unknown@kAudioChannelLabel_Discrete_8	implemented	tests/agent/CoreAudioTypesAppleOracleRuntime.swift:value	Xcode 26.1 iPhoneOS oracle raw value is asserted by the ordinary-import runtime.
c:@Ea@kAudioChannelLabel_Unknown@kAudioChannelLabel_Discrete_9	implemented	tests/agent/CoreAudioTypesAppleOracleRuntime.swift:value	Xcode 26.1 iPhoneOS oracle raw value is asserted by the ordinary-import runtime.
c:@Ea@kAudioChannelLabel_Unknown@kAudioChannelLabel_EndReserved	implemented	tests/agent/CoreAudioTypesAppleOracleRuntime.swift:value	Xcode 26.1 iPhoneOS oracle raw value is asserted by the ordinary-import runtime.
c:@Ea@kAudioChannelLabel_Unknown@kAudioChannelLabel_ForeignLanguage	implemented	tests/agent/CoreAudioTypesAppleOracleRuntime.swift:value	Xcode 26.1 iPhoneOS oracle raw value is asserted by the ordinary-import runtime.
c:@Ea@kAudioChannelLabel_Unknown@kAudioChannelLabel_HOA_ACN	implemented	tests/agent/CoreAudioTypesAppleOracleRuntime.swift:value	Xcode 26.1 iPhoneOS oracle raw value is asserted by the ordinary-import runtime.
c:@Ea@kAudioChannelLabel_Unknown@kAudioChannelLabel_HOA_ACN_0	implemented	tests/agent/CoreAudioTypesAppleOracleRuntime.swift:value	Xcode 26.1 iPhoneOS oracle raw value is asserted by the ordinary-import runtime.
c:@Ea@kAudioChannelLabel_Unknown@kAudioChannelLabel_HOA_ACN_1	implemented	tests/agent/CoreAudioTypesAppleOracleRuntime.swift:value	Xcode 26.1 iPhoneOS oracle raw value is asserted by the ordinary-import runtime.
c:@Ea@kAudioChannelLabel_Unknown@kAudioChannelLabel_HOA_ACN_10	implemented	tests/agent/CoreAudioTypesAppleOracleRuntime.swift:value	Xcode 26.1 iPhoneOS oracle raw value is asserted by the ordinary-import runtime.
c:@Ea@kAudioChannelLabel_Unknown@kAudioChannelLabel_HOA_ACN_11	implemented	tests/agent/CoreAudioTypesAppleOracleRuntime.swift:value	Xcode 26.1 iPhoneOS oracle raw value is asserted by the ordinary-import runtime.
c:@Ea@kAudioChannelLabel_Unknown@kAudioChannelLabel_HOA_ACN_12	implemented	tests/agent/CoreAudioTypesAppleOracleRuntime.swift:value	Xcode 26.1 iPhoneOS oracle raw value is asserted by the ordinary-import runtime.
c:@Ea@kAudioChannelLabel_Unknown@kAudioChannelLabel_HOA_ACN_13	implemented	tests/agent/CoreAudioTypesAppleOracleRuntime.swift:value	Xcode 26.1 iPhoneOS oracle raw value is asserted by the ordinary-import runtime.
c:@Ea@kAudioChannelLabel_Unknown@kAudioChannelLabel_HOA_ACN_14	implemented	tests/agent/CoreAudioTypesAppleOracleRuntime.swift:value	Xcode 26.1 iPhoneOS oracle raw value is asserted by the ordinary-import runtime.
c:@Ea@kAudioChannelLabel_Unknown@kAudioChannelLabel_HOA_ACN_15	implemented	tests/agent/CoreAudioTypesAppleOracleRuntime.swift:value	Xcode 26.1 iPhoneOS oracle raw value is asserted by the ordinary-import runtime.
c:@Ea@kAudioChannelLabel_Unknown@kAudioChannelLabel_HOA_ACN_2	implemented	tests/agent/CoreAudioTypesAppleOracleRuntime.swift:value	Xcode 26.1 iPhoneOS oracle raw value is asserted by the ordinary-import runtime.
c:@Ea@kAudioChannelLabel_Unknown@kAudioChannelLabel_HOA_ACN_3	implemented	tests/agent/CoreAudioTypesAppleOracleRuntime.swift:value	Xcode 26.1 iPhoneOS oracle raw value is asserted by the ordinary-import runtime.
c:@Ea@kAudioChannelLabel_Unknown@kAudioChannelLabel_HOA_ACN_4	implemented	tests/agent/CoreAudioTypesAppleOracleRuntime.swift:value	Xcode 26.1 iPhoneOS oracle raw value is asserted by the ordinary-import runtime.
c:@Ea@kAudioChannelLabel_Unknown@kAudioChannelLabel_HOA_ACN_5	implemented	tests/agent/CoreAudioTypesAppleOracleRuntime.swift:value	Xcode 26.1 iPhoneOS oracle raw value is asserted by the ordinary-import runtime.
c:@Ea@kAudioChannelLabel_Unknown@kAudioChannelLabel_HOA_ACN_6	implemented	tests/agent/CoreAudioTypesAppleOracleRuntime.swift:value	Xcode 26.1 iPhoneOS oracle raw value is asserted by the ordinary-import runtime.
c:@Ea@kAudioChannelLabel_Unknown@kAudioChannelLabel_HOA_ACN_65024	implemented	tests/agent/CoreAudioTypesAppleOracleRuntime.swift:value	Xcode 26.1 iPhoneOS oracle raw value is asserted by the ordinary-import runtime.
c:@Ea@kAudioChannelLabel_Unknown@kAudioChannelLabel_HOA_ACN_7	implemented	tests/agent/CoreAudioTypesAppleOracleRuntime.swift:value	Xcode 26.1 iPhoneOS oracle raw value is asserted by the ordinary-import runtime.
c:@Ea@kAudioChannelLabel_Unknown@kAudioChannelLabel_HOA_ACN_8	implemented	tests/agent/CoreAudioTypesAppleOracleRuntime.swift:value	Xcode 26.1 iPhoneOS oracle raw value is asserted by the ordinary-import runtime.
c:@Ea@kAudioChannelLabel_Unknown@kAudioChannelLabel_HOA_ACN_9	implemented	tests/agent/CoreAudioTypesAppleOracleRuntime.swift:value	Xcode 26.1 iPhoneOS oracle raw value is asserted by the ordinary-import runtime.
c:@Ea@kAudioChannelLabel_Unknown@kAudioChannelLabel_HOA_N3D	implemented	tests/agent/CoreAudioTypesAppleOracleRuntime.swift:value	Xcode 26.1 iPhoneOS oracle raw value is asserted by the ordinary-import runtime.
c:@Ea@kAudioChannelLabel_Unknown@kAudioChannelLabel_HOA_SN3D	implemented	tests/agent/CoreAudioTypesAppleOracleRuntime.swift:value	Xcode 26.1 iPhoneOS oracle raw value is asserted by the ordinary-import runtime.
c:@Ea@kAudioChannelLabel_Unknown@kAudioChannelLabel_Haptic	implemented	tests/agent/CoreAudioTypesAppleOracleRuntime.swift:value	Xcode 26.1 iPhoneOS oracle raw value is asserted by the ordinary-import runtime.
c:@Ea@kAudioChannelLabel_Unknown@kAudioChannelLabel_HeadphonesLeft	implemented	tests/agent/CoreAudioTypesAppleOracleRuntime.swift:value	Xcode 26.1 iPhoneOS oracle raw value is asserted by the ordinary-import runtime.
c:@Ea@kAudioChannelLabel_Unknown@kAudioChannelLabel_HeadphonesRight	implemented	tests/agent/CoreAudioTypesAppleOracleRuntime.swift:value	Xcode 26.1 iPhoneOS oracle raw value is asserted by the ordinary-import runtime.
c:@Ea@kAudioChannelLabel_Unknown@kAudioChannelLabel_HearingImpaired	implemented	tests/agent/CoreAudioTypesAppleOracleRuntime.swift:value	Xcode 26.1 iPhoneOS oracle raw value is asserted by the ordinary-import runtime.
c:@Ea@kAudioChannelLabel_Unknown@kAudioChannelLabel_LFE2	implemented	tests/agent/CoreAudioTypesAppleOracleRuntime.swift:value	Xcode 26.1 iPhoneOS oracle raw value is asserted by the ordinary-import runtime.
c:@Ea@kAudioChannelLabel_Unknown@kAudioChannelLabel_LFE3	implemented	tests/agent/CoreAudioTypesAppleOracleRuntime.swift:value	Xcode 26.1 iPhoneOS oracle raw value is asserted by the ordinary-import runtime.
c:@Ea@kAudioChannelLabel_Unknown@kAudioChannelLabel_LFEScreen	implemented	tests/agent/CoreAudioTypesAppleOracleRuntime.swift:value	Xcode 26.1 iPhoneOS oracle raw value is asserted by the ordinary-import runtime.
c:@Ea@kAudioChannelLabel_Unknown@kAudioChannelLabel_Left	implemented	tests/agent/CoreAudioTypesAppleOracleRuntime.swift:value	Xcode 26.1 iPhoneOS oracle raw value is asserted by the ordinary-import runtime.
c:@Ea@kAudioChannelLabel_Unknown@kAudioChannelLabel_LeftBackSurround	implemented	tests/agent/CoreAudioTypesAppleOracleRuntime.swift:value	Xcode 26.1 iPhoneOS oracle raw value is asserted by the ordinary-import runtime.
c:@Ea@kAudioChannelLabel_Unknown@kAudioChannelLabel_LeftBottom	implemented	tests/agent/CoreAudioTypesAppleOracleRuntime.swift:value	Xcode 26.1 iPhoneOS oracle raw value is asserted by the ordinary-import runtime.
c:@Ea@kAudioChannelLabel_Unknown@kAudioChannelLabel_LeftCenter	implemented	tests/agent/CoreAudioTypesAppleOracleRuntime.swift:value	Xcode 26.1 iPhoneOS oracle raw value is asserted by the ordinary-import runtime.
c:@Ea@kAudioChannelLabel_Unknown@kAudioChannelLabel_LeftEdgeOfScreen	implemented	tests/agent/CoreAudioTypesAppleOracleRuntime.swift:value	Xcode 26.1 iPhoneOS oracle raw value is asserted by the ordinary-import runtime.
c:@Ea@kAudioChannelLabel_Unknown@kAudioChannelLabel_LeftSideSurround	implemented	tests/agent/CoreAudioTypesAppleOracleRuntime.swift:value	Xcode 26.1 iPhoneOS oracle raw value is asserted by the ordinary-import runtime.
c:@Ea@kAudioChannelLabel_Unknown@kAudioChannelLabel_LeftSurround	implemented	tests/agent/CoreAudioTypesAppleOracleRuntime.swift:value	Xcode 26.1 iPhoneOS oracle raw value is asserted by the ordinary-import runtime.
c:@Ea@kAudioChannelLabel_Unknown@kAudioChannelLabel_LeftSurroundDirect	implemented	tests/agent/CoreAudioTypesAppleOracleRuntime.swift:value	Xcode 26.1 iPhoneOS oracle raw value is asserted by the ordinary-import runtime.
c:@Ea@kAudioChannelLabel_Unknown@kAudioChannelLabel_LeftTopFront	implemented	tests/agent/CoreAudioTypesAppleOracleRuntime.swift:value	Xcode 26.1 iPhoneOS oracle raw value is asserted by the ordinary-import runtime.
c:@Ea@kAudioChannelLabel_Unknown@kAudioChannelLabel_LeftTopMiddle	implemented	tests/agent/CoreAudioTypesAppleOracleRuntime.swift:value	Xcode 26.1 iPhoneOS oracle raw value is asserted by the ordinary-import runtime.
c:@Ea@kAudioChannelLabel_Unknown@kAudioChannelLabel_LeftTopRear	implemented	tests/agent/CoreAudioTypesAppleOracleRuntime.swift:value	Xcode 26.1 iPhoneOS oracle raw value is asserted by the ordinary-import runtime.
c:@Ea@kAudioChannelLabel_Unknown@kAudioChannelLabel_LeftTopSurround	implemented	tests/agent/CoreAudioTypesAppleOracleRuntime.swift:value	Xcode 26.1 iPhoneOS oracle raw value is asserted by the ordinary-import runtime.
c:@Ea@kAudioChannelLabel_Unknown@kAudioChannelLabel_LeftTotal	implemented	tests/agent/CoreAudioTypesAppleOracleRuntime.swift:value	Xcode 26.1 iPhoneOS oracle raw value is asserted by the ordinary-import runtime.
c:@Ea@kAudioChannelLabel_Unknown@kAudioChannelLabel_LeftWide	implemented	tests/agent/CoreAudioTypesAppleOracleRuntime.swift:value	Xcode 26.1 iPhoneOS oracle raw value is asserted by the ordinary-import runtime.
c:@Ea@kAudioChannelLabel_Unknown@kAudioChannelLabel_MS_Mid	implemented	tests/agent/CoreAudioTypesAppleOracleRuntime.swift:value	Xcode 26.1 iPhoneOS oracle raw value is asserted by the ordinary-import runtime.
c:@Ea@kAudioChannelLabel_Unknown@kAudioChannelLabel_MS_Side	implemented	tests/agent/CoreAudioTypesAppleOracleRuntime.swift:value	Xcode 26.1 iPhoneOS oracle raw value is asserted by the ordinary-import runtime.
c:@Ea@kAudioChannelLabel_Unknown@kAudioChannelLabel_Mono	implemented	tests/agent/CoreAudioTypesAppleOracleRuntime.swift:value	Xcode 26.1 iPhoneOS oracle raw value is asserted by the ordinary-import runtime.
c:@Ea@kAudioChannelLabel_Unknown@kAudioChannelLabel_Narration	implemented	tests/agent/CoreAudioTypesAppleOracleRuntime.swift:value	Xcode 26.1 iPhoneOS oracle raw value is asserted by the ordinary-import runtime.
c:@Ea@kAudioChannelLabel_Unknown@kAudioChannelLabel_Object	implemented	tests/agent/CoreAudioTypesAppleOracleRuntime.swift:value	Xcode 26.1 iPhoneOS oracle raw value is asserted by the ordinary-import runtime.
c:@Ea@kAudioChannelLabel_Unknown@kAudioChannelLabel_RearSurroundLeft	implemented	tests/agent/CoreAudioTypesAppleOracleRuntime.swift:value	Xcode 26.1 iPhoneOS oracle raw value is asserted by the ordinary-import runtime.
c:@Ea@kAudioChannelLabel_Unknown@kAudioChannelLabel_RearSurroundRight	implemented	tests/agent/CoreAudioTypesAppleOracleRuntime.swift:value	Xcode 26.1 iPhoneOS oracle raw value is asserted by the ordinary-import runtime.
c:@Ea@kAudioChannelLabel_Unknown@kAudioChannelLabel_Right	implemented	tests/agent/CoreAudioTypesAppleOracleRuntime.swift:value	Xcode 26.1 iPhoneOS oracle raw value is asserted by the ordinary-import runtime.
c:@Ea@kAudioChannelLabel_Unknown@kAudioChannelLabel_RightBackSurround	implemented	tests/agent/CoreAudioTypesAppleOracleRuntime.swift:value	Xcode 26.1 iPhoneOS oracle raw value is asserted by the ordinary-import runtime.
c:@Ea@kAudioChannelLabel_Unknown@kAudioChannelLabel_RightBottom	implemented	tests/agent/CoreAudioTypesAppleOracleRuntime.swift:value	Xcode 26.1 iPhoneOS oracle raw value is asserted by the ordinary-import runtime.
c:@Ea@kAudioChannelLabel_Unknown@kAudioChannelLabel_RightCenter	implemented	tests/agent/CoreAudioTypesAppleOracleRuntime.swift:value	Xcode 26.1 iPhoneOS oracle raw value is asserted by the ordinary-import runtime.
c:@Ea@kAudioChannelLabel_Unknown@kAudioChannelLabel_RightEdgeOfScreen	implemented	tests/agent/CoreAudioTypesAppleOracleRuntime.swift:value	Xcode 26.1 iPhoneOS oracle raw value is asserted by the ordinary-import runtime.
c:@Ea@kAudioChannelLabel_Unknown@kAudioChannelLabel_RightSideSurround	implemented	tests/agent/CoreAudioTypesAppleOracleRuntime.swift:value	Xcode 26.1 iPhoneOS oracle raw value is asserted by the ordinary-import runtime.
c:@Ea@kAudioChannelLabel_Unknown@kAudioChannelLabel_RightSurround	implemented	tests/agent/CoreAudioTypesAppleOracleRuntime.swift:value	Xcode 26.1 iPhoneOS oracle raw value is asserted by the ordinary-import runtime.
c:@Ea@kAudioChannelLabel_Unknown@kAudioChannelLabel_RightSurroundDirect	implemented	tests/agent/CoreAudioTypesAppleOracleRuntime.swift:value	Xcode 26.1 iPhoneOS oracle raw value is asserted by the ordinary-import runtime.
c:@Ea@kAudioChannelLabel_Unknown@kAudioChannelLabel_RightTopFront	implemented	tests/agent/CoreAudioTypesAppleOracleRuntime.swift:value	Xcode 26.1 iPhoneOS oracle raw value is asserted by the ordinary-import runtime.
c:@Ea@kAudioChannelLabel_Unknown@kAudioChannelLabel_RightTopMiddle	implemented	tests/agent/CoreAudioTypesAppleOracleRuntime.swift:value	Xcode 26.1 iPhoneOS oracle raw value is asserted by the ordinary-import runtime.
c:@Ea@kAudioChannelLabel_Unknown@kAudioChannelLabel_RightTopRear	implemented	tests/agent/CoreAudioTypesAppleOracleRuntime.swift:value	Xcode 26.1 iPhoneOS oracle raw value is asserted by the ordinary-import runtime.
c:@Ea@kAudioChannelLabel_Unknown@kAudioChannelLabel_RightTopSurround	implemented	tests/agent/CoreAudioTypesAppleOracleRuntime.swift:value	Xcode 26.1 iPhoneOS oracle raw value is asserted by the ordinary-import runtime.
c:@Ea@kAudioChannelLabel_Unknown@kAudioChannelLabel_RightTotal	implemented	tests/agent/CoreAudioTypesAppleOracleRuntime.swift:value	Xcode 26.1 iPhoneOS oracle raw value is asserted by the ordinary-import runtime.
c:@Ea@kAudioChannelLabel_Unknown@kAudioChannelLabel_RightWide	implemented	tests/agent/CoreAudioTypesAppleOracleRuntime.swift:value	Xcode 26.1 iPhoneOS oracle raw value is asserted by the ordinary-import runtime.
c:@Ea@kAudioChannelLabel_Unknown@kAudioChannelLabel_TopBackCenter	implemented	tests/agent/CoreAudioTypesAppleOracleRuntime.swift:value	Xcode 26.1 iPhoneOS oracle raw value is asserted by the ordinary-import runtime.
c:@Ea@kAudioChannelLabel_Unknown@kAudioChannelLabel_TopBackLeft	implemented	tests/agent/CoreAudioTypesAppleOracleRuntime.swift:value	Xcode 26.1 iPhoneOS oracle raw value is asserted by the ordinary-import runtime.
c:@Ea@kAudioChannelLabel_Unknown@kAudioChannelLabel_TopBackRight	implemented	tests/agent/CoreAudioTypesAppleOracleRuntime.swift:value	Xcode 26.1 iPhoneOS oracle raw value is asserted by the ordinary-import runtime.
c:@Ea@kAudioChannelLabel_Unknown@kAudioChannelLabel_TopCenterSurround	implemented	tests/agent/CoreAudioTypesAppleOracleRuntime.swift:value	Xcode 26.1 iPhoneOS oracle raw value is asserted by the ordinary-import runtime.
c:@Ea@kAudioChannelLabel_Unknown@kAudioChannelLabel_Unknown	implemented	tests/agent/CoreAudioTypesAppleOracleRuntime.swift:value	Xcode 26.1 iPhoneOS oracle raw value is asserted by the ordinary-import runtime.
c:@Ea@kAudioChannelLabel_Unknown@kAudioChannelLabel_Unused	implemented	tests/agent/CoreAudioTypesAppleOracleRuntime.swift:value	Xcode 26.1 iPhoneOS oracle raw value is asserted by the ordinary-import runtime.
c:@Ea@kAudioChannelLabel_Unknown@kAudioChannelLabel_UseCoordinates	implemented	tests/agent/CoreAudioTypesAppleOracleRuntime.swift:value	Xcode 26.1 iPhoneOS oracle raw value is asserted by the ordinary-import runtime.
c:@Ea@kAudioChannelLabel_Unknown@kAudioChannelLabel_VerticalHeightCenter	implemented	tests/agent/CoreAudioTypesAppleOracleRuntime.swift:value	Xcode 26.1 iPhoneOS oracle raw value is asserted by the ordinary-import runtime.
c:@Ea@kAudioChannelLabel_Unknown@kAudioChannelLabel_VerticalHeightLeft	implemented	tests/agent/CoreAudioTypesAppleOracleRuntime.swift:value	Xcode 26.1 iPhoneOS oracle raw value is asserted by the ordinary-import runtime.
c:@Ea@kAudioChannelLabel_Unknown@kAudioChannelLabel_VerticalHeightRight	implemented	tests/agent/CoreAudioTypesAppleOracleRuntime.swift:value	Xcode 26.1 iPhoneOS oracle raw value is asserted by the ordinary-import runtime.
c:@Ea@kAudioChannelLabel_Unknown@kAudioChannelLabel_XY_X	implemented	tests/agent/CoreAudioTypesAppleOracleRuntime.swift:value	Xcode 26.1 iPhoneOS oracle raw value is asserted by the ordinary-import runtime.
c:@Ea@kAudioChannelLabel_Unknown@kAudioChannelLabel_XY_Y	implemented	tests/agent/CoreAudioTypesAppleOracleRuntime.swift:value	Xcode 26.1 iPhoneOS oracle raw value is asserted by the ordinary-import runtime.
c:@Ea@kAudioChannelLayoutTag_UseChannelDescriptions@kAudioChannelLayoutTag_AAC_3_0	implemented	tests/agent/CoreAudioTypesAppleOracleRuntime.swift:value	Xcode 26.1 iPhoneOS oracle raw value is asserted by the ordinary-import runtime.
c:@Ea@kAudioChannelLayoutTag_UseChannelDescriptions@kAudioChannelLayoutTag_AAC_4_0	implemented	tests/agent/CoreAudioTypesAppleOracleRuntime.swift:value	Xcode 26.1 iPhoneOS oracle raw value is asserted by the ordinary-import runtime.
c:@Ea@kAudioChannelLayoutTag_UseChannelDescriptions@kAudioChannelLayoutTag_AAC_5_0	implemented	tests/agent/CoreAudioTypesAppleOracleRuntime.swift:value	Xcode 26.1 iPhoneOS oracle raw value is asserted by the ordinary-import runtime.
c:@Ea@kAudioChannelLayoutTag_UseChannelDescriptions@kAudioChannelLayoutTag_AAC_5_1	implemented	tests/agent/CoreAudioTypesAppleOracleRuntime.swift:value	Xcode 26.1 iPhoneOS oracle raw value is asserted by the ordinary-import runtime.
c:@Ea@kAudioChannelLayoutTag_UseChannelDescriptions@kAudioChannelLayoutTag_AAC_6_0	implemented	tests/agent/CoreAudioTypesAppleOracleRuntime.swift:value	Xcode 26.1 iPhoneOS oracle raw value is asserted by the ordinary-import runtime.
c:@Ea@kAudioChannelLayoutTag_UseChannelDescriptions@kAudioChannelLayoutTag_AAC_6_1	implemented	tests/agent/CoreAudioTypesAppleOracleRuntime.swift:value	Xcode 26.1 iPhoneOS oracle raw value is asserted by the ordinary-import runtime.
c:@Ea@kAudioChannelLayoutTag_UseChannelDescriptions@kAudioChannelLayoutTag_AAC_7_0	implemented	tests/agent/CoreAudioTypesAppleOracleRuntime.swift:value	Xcode 26.1 iPhoneOS oracle raw value is asserted by the ordinary-import runtime.
c:@Ea@kAudioChannelLayoutTag_UseChannelDescriptions@kAudioChannelLayoutTag_AAC_7_1	implemented	tests/agent/CoreAudioTypesAppleOracleRuntime.swift:value	Xcode 26.1 iPhoneOS oracle raw value is asserted by the ordinary-import runtime.
c:@Ea@kAudioChannelLayoutTag_UseChannelDescriptions@kAudioChannelLayoutTag_AAC_7_1_B	implemented	tests/agent/CoreAudioTypesAppleOracleRuntime.swift:value	Xcode 26.1 iPhoneOS oracle raw value is asserted by the ordinary-import runtime.
c:@Ea@kAudioChannelLayoutTag_UseChannelDescriptions@kAudioChannelLayoutTag_AAC_7_1_C	implemented	tests/agent/CoreAudioTypesAppleOracleRuntime.swift:value	Xcode 26.1 iPhoneOS oracle raw value is asserted by the ordinary-import runtime.
c:@Ea@kAudioChannelLayoutTag_UseChannelDescriptions@kAudioChannelLayoutTag_AAC_Octagonal	implemented	tests/agent/CoreAudioTypesAppleOracleRuntime.swift:value	Xcode 26.1 iPhoneOS oracle raw value is asserted by the ordinary-import runtime.
c:@Ea@kAudioChannelLayoutTag_UseChannelDescriptions@kAudioChannelLayoutTag_AAC_Quadraphonic	implemented	tests/agent/CoreAudioTypesAppleOracleRuntime.swift:value	Xcode 26.1 iPhoneOS oracle raw value is asserted by the ordinary-import runtime.
c:@Ea@kAudioChannelLayoutTag_UseChannelDescriptions@kAudioChannelLayoutTag_AC3_1_0_1	implemented	tests/agent/CoreAudioTypesAppleOracleRuntime.swift:value	Xcode 26.1 iPhoneOS oracle raw value is asserted by the ordinary-import runtime.
c:@Ea@kAudioChannelLayoutTag_UseChannelDescriptions@kAudioChannelLayoutTag_AC3_2_1_1	implemented	tests/agent/CoreAudioTypesAppleOracleRuntime.swift:value	Xcode 26.1 iPhoneOS oracle raw value is asserted by the ordinary-import runtime.
c:@Ea@kAudioChannelLayoutTag_UseChannelDescriptions@kAudioChannelLayoutTag_AC3_3_0	implemented	tests/agent/CoreAudioTypesAppleOracleRuntime.swift:value	Xcode 26.1 iPhoneOS oracle raw value is asserted by the ordinary-import runtime.
c:@Ea@kAudioChannelLayoutTag_UseChannelDescriptions@kAudioChannelLayoutTag_AC3_3_0_1	implemented	tests/agent/CoreAudioTypesAppleOracleRuntime.swift:value	Xcode 26.1 iPhoneOS oracle raw value is asserted by the ordinary-import runtime.
c:@Ea@kAudioChannelLayoutTag_UseChannelDescriptions@kAudioChannelLayoutTag_AC3_3_1	implemented	tests/agent/CoreAudioTypesAppleOracleRuntime.swift:value	Xcode 26.1 iPhoneOS oracle raw value is asserted by the ordinary-import runtime.
c:@Ea@kAudioChannelLayoutTag_UseChannelDescriptions@kAudioChannelLayoutTag_AC3_3_1_1	implemented	tests/agent/CoreAudioTypesAppleOracleRuntime.swift:value	Xcode 26.1 iPhoneOS oracle raw value is asserted by the ordinary-import runtime.
c:@Ea@kAudioChannelLayoutTag_UseChannelDescriptions@kAudioChannelLayoutTag_Ambisonic_B_Format	implemented	tests/agent/CoreAudioTypesAppleOracleRuntime.swift:value	Xcode 26.1 iPhoneOS oracle raw value is asserted by the ordinary-import runtime.
c:@Ea@kAudioChannelLayoutTag_UseChannelDescriptions@kAudioChannelLayoutTag_Atmos_5_1_2	implemented	tests/agent/CoreAudioTypesAppleOracleRuntime.swift:value	Xcode 26.1 iPhoneOS oracle raw value is asserted by the ordinary-import runtime.
c:@Ea@kAudioChannelLayoutTag_UseChannelDescriptions@kAudioChannelLayoutTag_Atmos_5_1_4	implemented	tests/agent/CoreAudioTypesAppleOracleRuntime.swift:value	Xcode 26.1 iPhoneOS oracle raw value is asserted by the ordinary-import runtime.
c:@Ea@kAudioChannelLayoutTag_UseChannelDescriptions@kAudioChannelLayoutTag_Atmos_7_1_2	implemented	tests/agent/CoreAudioTypesAppleOracleRuntime.swift:value	Xcode 26.1 iPhoneOS oracle raw value is asserted by the ordinary-import runtime.
c:@Ea@kAudioChannelLayoutTag_UseChannelDescriptions@kAudioChannelLayoutTag_Atmos_7_1_4	implemented	tests/agent/CoreAudioTypesAppleOracleRuntime.swift:value	Xcode 26.1 iPhoneOS oracle raw value is asserted by the ordinary-import runtime.
c:@Ea@kAudioChannelLayoutTag_UseChannelDescriptions@kAudioChannelLayoutTag_Atmos_9_1_6	implemented	tests/agent/CoreAudioTypesAppleOracleRuntime.swift:value	Xcode 26.1 iPhoneOS oracle raw value is asserted by the ordinary-import runtime.
c:@Ea@kAudioChannelLayoutTag_UseChannelDescriptions@kAudioChannelLayoutTag_AudioUnit_4	implemented	tests/agent/CoreAudioTypesAppleOracleRuntime.swift:value	Xcode 26.1 iPhoneOS oracle raw value is asserted by the ordinary-import runtime.
c:@Ea@kAudioChannelLayoutTag_UseChannelDescriptions@kAudioChannelLayoutTag_AudioUnit_5	implemented	tests/agent/CoreAudioTypesAppleOracleRuntime.swift:value	Xcode 26.1 iPhoneOS oracle raw value is asserted by the ordinary-import runtime.
c:@Ea@kAudioChannelLayoutTag_UseChannelDescriptions@kAudioChannelLayoutTag_AudioUnit_5_0	implemented	tests/agent/CoreAudioTypesAppleOracleRuntime.swift:value	Xcode 26.1 iPhoneOS oracle raw value is asserted by the ordinary-import runtime.
c:@Ea@kAudioChannelLayoutTag_UseChannelDescriptions@kAudioChannelLayoutTag_AudioUnit_5_1	implemented	tests/agent/CoreAudioTypesAppleOracleRuntime.swift:value	Xcode 26.1 iPhoneOS oracle raw value is asserted by the ordinary-import runtime.
c:@Ea@kAudioChannelLayoutTag_UseChannelDescriptions@kAudioChannelLayoutTag_AudioUnit_6	implemented	tests/agent/CoreAudioTypesAppleOracleRuntime.swift:value	Xcode 26.1 iPhoneOS oracle raw value is asserted by the ordinary-import runtime.
c:@Ea@kAudioChannelLayoutTag_UseChannelDescriptions@kAudioChannelLayoutTag_AudioUnit_6_0	implemented	tests/agent/CoreAudioTypesAppleOracleRuntime.swift:value	Xcode 26.1 iPhoneOS oracle raw value is asserted by the ordinary-import runtime.
c:@Ea@kAudioChannelLayoutTag_UseChannelDescriptions@kAudioChannelLayoutTag_AudioUnit_6_1	implemented	tests/agent/CoreAudioTypesAppleOracleRuntime.swift:value	Xcode 26.1 iPhoneOS oracle raw value is asserted by the ordinary-import runtime.
c:@Ea@kAudioChannelLayoutTag_UseChannelDescriptions@kAudioChannelLayoutTag_AudioUnit_7_0	implemented	tests/agent/CoreAudioTypesAppleOracleRuntime.swift:value	Xcode 26.1 iPhoneOS oracle raw value is asserted by the ordinary-import runtime.
c:@Ea@kAudioChannelLayoutTag_UseChannelDescriptions@kAudioChannelLayoutTag_AudioUnit_7_0_Front	implemented	tests/agent/CoreAudioTypesAppleOracleRuntime.swift:value	Xcode 26.1 iPhoneOS oracle raw value is asserted by the ordinary-import runtime.
c:@Ea@kAudioChannelLayoutTag_UseChannelDescriptions@kAudioChannelLayoutTag_AudioUnit_7_1	implemented	tests/agent/CoreAudioTypesAppleOracleRuntime.swift:value	Xcode 26.1 iPhoneOS oracle raw value is asserted by the ordinary-import runtime.
c:@Ea@kAudioChannelLayoutTag_UseChannelDescriptions@kAudioChannelLayoutTag_AudioUnit_7_1_Front	implemented	tests/agent/CoreAudioTypesAppleOracleRuntime.swift:value	Xcode 26.1 iPhoneOS oracle raw value is asserted by the ordinary-import runtime.
c:@Ea@kAudioChannelLayoutTag_UseChannelDescriptions@kAudioChannelLayoutTag_AudioUnit_8	implemented	tests/agent/CoreAudioTypesAppleOracleRuntime.swift:value	Xcode 26.1 iPhoneOS oracle raw value is asserted by the ordinary-import runtime.
c:@Ea@kAudioChannelLayoutTag_UseChannelDescriptions@kAudioChannelLayoutTag_BeginReserved	implemented	tests/agent/CoreAudioTypesAppleOracleRuntime.swift:value	Xcode 26.1 iPhoneOS oracle raw value is asserted by the ordinary-import runtime.
c:@Ea@kAudioChannelLayoutTag_UseChannelDescriptions@kAudioChannelLayoutTag_Binaural	implemented	tests/agent/CoreAudioTypesAppleOracleRuntime.swift:value	Xcode 26.1 iPhoneOS oracle raw value is asserted by the ordinary-import runtime.
c:@Ea@kAudioChannelLayoutTag_UseChannelDescriptions@kAudioChannelLayoutTag_CICP_1	implemented	tests/agent/CoreAudioTypesAppleOracleRuntime.swift:value	Xcode 26.1 iPhoneOS oracle raw value is asserted by the ordinary-import runtime.
c:@Ea@kAudioChannelLayoutTag_UseChannelDescriptions@kAudioChannelLayoutTag_CICP_10	implemented	tests/agent/CoreAudioTypesAppleOracleRuntime.swift:value	Xcode 26.1 iPhoneOS oracle raw value is asserted by the ordinary-import runtime.
c:@Ea@kAudioChannelLayoutTag_UseChannelDescriptions@kAudioChannelLayoutTag_CICP_11	implemented	tests/agent/CoreAudioTypesAppleOracleRuntime.swift:value	Xcode 26.1 iPhoneOS oracle raw value is asserted by the ordinary-import runtime.
c:@Ea@kAudioChannelLayoutTag_UseChannelDescriptions@kAudioChannelLayoutTag_CICP_12	implemented	tests/agent/CoreAudioTypesAppleOracleRuntime.swift:value	Xcode 26.1 iPhoneOS oracle raw value is asserted by the ordinary-import runtime.
c:@Ea@kAudioChannelLayoutTag_UseChannelDescriptions@kAudioChannelLayoutTag_CICP_13	implemented	tests/agent/CoreAudioTypesAppleOracleRuntime.swift:value	Xcode 26.1 iPhoneOS oracle raw value is asserted by the ordinary-import runtime.
c:@Ea@kAudioChannelLayoutTag_UseChannelDescriptions@kAudioChannelLayoutTag_CICP_14	implemented	tests/agent/CoreAudioTypesAppleOracleRuntime.swift:value	Xcode 26.1 iPhoneOS oracle raw value is asserted by the ordinary-import runtime.
c:@Ea@kAudioChannelLayoutTag_UseChannelDescriptions@kAudioChannelLayoutTag_CICP_15	implemented	tests/agent/CoreAudioTypesAppleOracleRuntime.swift:value	Xcode 26.1 iPhoneOS oracle raw value is asserted by the ordinary-import runtime.
c:@Ea@kAudioChannelLayoutTag_UseChannelDescriptions@kAudioChannelLayoutTag_CICP_16	implemented	tests/agent/CoreAudioTypesAppleOracleRuntime.swift:value	Xcode 26.1 iPhoneOS oracle raw value is asserted by the ordinary-import runtime.
c:@Ea@kAudioChannelLayoutTag_UseChannelDescriptions@kAudioChannelLayoutTag_CICP_17	implemented	tests/agent/CoreAudioTypesAppleOracleRuntime.swift:value	Xcode 26.1 iPhoneOS oracle raw value is asserted by the ordinary-import runtime.
c:@Ea@kAudioChannelLayoutTag_UseChannelDescriptions@kAudioChannelLayoutTag_CICP_18	implemented	tests/agent/CoreAudioTypesAppleOracleRuntime.swift:value	Xcode 26.1 iPhoneOS oracle raw value is asserted by the ordinary-import runtime.
c:@Ea@kAudioChannelLayoutTag_UseChannelDescriptions@kAudioChannelLayoutTag_CICP_19	implemented	tests/agent/CoreAudioTypesAppleOracleRuntime.swift:value	Xcode 26.1 iPhoneOS oracle raw value is asserted by the ordinary-import runtime.
c:@Ea@kAudioChannelLayoutTag_UseChannelDescriptions@kAudioChannelLayoutTag_CICP_2	implemented	tests/agent/CoreAudioTypesAppleOracleRuntime.swift:value	Xcode 26.1 iPhoneOS oracle raw value is asserted by the ordinary-import runtime.
c:@Ea@kAudioChannelLayoutTag_UseChannelDescriptions@kAudioChannelLayoutTag_CICP_20	implemented	tests/agent/CoreAudioTypesAppleOracleRuntime.swift:value	Xcode 26.1 iPhoneOS oracle raw value is asserted by the ordinary-import runtime.
c:@Ea@kAudioChannelLayoutTag_UseChannelDescriptions@kAudioChannelLayoutTag_CICP_3	implemented	tests/agent/CoreAudioTypesAppleOracleRuntime.swift:value	Xcode 26.1 iPhoneOS oracle raw value is asserted by the ordinary-import runtime.
c:@Ea@kAudioChannelLayoutTag_UseChannelDescriptions@kAudioChannelLayoutTag_CICP_4	implemented	tests/agent/CoreAudioTypesAppleOracleRuntime.swift:value	Xcode 26.1 iPhoneOS oracle raw value is asserted by the ordinary-import runtime.
c:@Ea@kAudioChannelLayoutTag_UseChannelDescriptions@kAudioChannelLayoutTag_CICP_5	implemented	tests/agent/CoreAudioTypesAppleOracleRuntime.swift:value	Xcode 26.1 iPhoneOS oracle raw value is asserted by the ordinary-import runtime.
c:@Ea@kAudioChannelLayoutTag_UseChannelDescriptions@kAudioChannelLayoutTag_CICP_6	implemented	tests/agent/CoreAudioTypesAppleOracleRuntime.swift:value	Xcode 26.1 iPhoneOS oracle raw value is asserted by the ordinary-import runtime.
c:@Ea@kAudioChannelLayoutTag_UseChannelDescriptions@kAudioChannelLayoutTag_CICP_7	implemented	tests/agent/CoreAudioTypesAppleOracleRuntime.swift:value	Xcode 26.1 iPhoneOS oracle raw value is asserted by the ordinary-import runtime.
c:@Ea@kAudioChannelLayoutTag_UseChannelDescriptions@kAudioChannelLayoutTag_CICP_9	implemented	tests/agent/CoreAudioTypesAppleOracleRuntime.swift:value	Xcode 26.1 iPhoneOS oracle raw value is asserted by the ordinary-import runtime.
c:@Ea@kAudioChannelLayoutTag_UseChannelDescriptions@kAudioChannelLayoutTag_Cube	implemented	tests/agent/CoreAudioTypesAppleOracleRuntime.swift:value	Xcode 26.1 iPhoneOS oracle raw value is asserted by the ordinary-import runtime.
c:@Ea@kAudioChannelLayoutTag_UseChannelDescriptions@kAudioChannelLayoutTag_DTS_3_1	implemented	tests/agent/CoreAudioTypesAppleOracleRuntime.swift:value	Xcode 26.1 iPhoneOS oracle raw value is asserted by the ordinary-import runtime.
c:@Ea@kAudioChannelLayoutTag_UseChannelDescriptions@kAudioChannelLayoutTag_DTS_4_1	implemented	tests/agent/CoreAudioTypesAppleOracleRuntime.swift:value	Xcode 26.1 iPhoneOS oracle raw value is asserted by the ordinary-import runtime.
c:@Ea@kAudioChannelLayoutTag_UseChannelDescriptions@kAudioChannelLayoutTag_DTS_6_0_A	implemented	tests/agent/CoreAudioTypesAppleOracleRuntime.swift:value	Xcode 26.1 iPhoneOS oracle raw value is asserted by the ordinary-import runtime.
c:@Ea@kAudioChannelLayoutTag_UseChannelDescriptions@kAudioChannelLayoutTag_DTS_6_0_B	implemented	tests/agent/CoreAudioTypesAppleOracleRuntime.swift:value	Xcode 26.1 iPhoneOS oracle raw value is asserted by the ordinary-import runtime.
c:@Ea@kAudioChannelLayoutTag_UseChannelDescriptions@kAudioChannelLayoutTag_DTS_6_0_C	implemented	tests/agent/CoreAudioTypesAppleOracleRuntime.swift:value	Xcode 26.1 iPhoneOS oracle raw value is asserted by the ordinary-import runtime.
c:@Ea@kAudioChannelLayoutTag_UseChannelDescriptions@kAudioChannelLayoutTag_DTS_6_1_A	implemented	tests/agent/CoreAudioTypesAppleOracleRuntime.swift:value	Xcode 26.1 iPhoneOS oracle raw value is asserted by the ordinary-import runtime.
c:@Ea@kAudioChannelLayoutTag_UseChannelDescriptions@kAudioChannelLayoutTag_DTS_6_1_B	implemented	tests/agent/CoreAudioTypesAppleOracleRuntime.swift:value	Xcode 26.1 iPhoneOS oracle raw value is asserted by the ordinary-import runtime.
c:@Ea@kAudioChannelLayoutTag_UseChannelDescriptions@kAudioChannelLayoutTag_DTS_6_1_C	implemented	tests/agent/CoreAudioTypesAppleOracleRuntime.swift:value	Xcode 26.1 iPhoneOS oracle raw value is asserted by the ordinary-import runtime.
c:@Ea@kAudioChannelLayoutTag_UseChannelDescriptions@kAudioChannelLayoutTag_DTS_6_1_D	implemented	tests/agent/CoreAudioTypesAppleOracleRuntime.swift:value	Xcode 26.1 iPhoneOS oracle raw value is asserted by the ordinary-import runtime.
c:@Ea@kAudioChannelLayoutTag_UseChannelDescriptions@kAudioChannelLayoutTag_DTS_7_0	implemented	tests/agent/CoreAudioTypesAppleOracleRuntime.swift:value	Xcode 26.1 iPhoneOS oracle raw value is asserted by the ordinary-import runtime.
c:@Ea@kAudioChannelLayoutTag_UseChannelDescriptions@kAudioChannelLayoutTag_DTS_7_1	implemented	tests/agent/CoreAudioTypesAppleOracleRuntime.swift:value	Xcode 26.1 iPhoneOS oracle raw value is asserted by the ordinary-import runtime.
c:@Ea@kAudioChannelLayoutTag_UseChannelDescriptions@kAudioChannelLayoutTag_DTS_8_0_A	implemented	tests/agent/CoreAudioTypesAppleOracleRuntime.swift:value	Xcode 26.1 iPhoneOS oracle raw value is asserted by the ordinary-import runtime.
c:@Ea@kAudioChannelLayoutTag_UseChannelDescriptions@kAudioChannelLayoutTag_DTS_8_0_B	implemented	tests/agent/CoreAudioTypesAppleOracleRuntime.swift:value	Xcode 26.1 iPhoneOS oracle raw value is asserted by the ordinary-import runtime.
c:@Ea@kAudioChannelLayoutTag_UseChannelDescriptions@kAudioChannelLayoutTag_DTS_8_1_A	implemented	tests/agent/CoreAudioTypesAppleOracleRuntime.swift:value	Xcode 26.1 iPhoneOS oracle raw value is asserted by the ordinary-import runtime.
c:@Ea@kAudioChannelLayoutTag_UseChannelDescriptions@kAudioChannelLayoutTag_DTS_8_1_B	implemented	tests/agent/CoreAudioTypesAppleOracleRuntime.swift:value	Xcode 26.1 iPhoneOS oracle raw value is asserted by the ordinary-import runtime.
c:@Ea@kAudioChannelLayoutTag_UseChannelDescriptions@kAudioChannelLayoutTag_DVD_0	implemented	tests/agent/CoreAudioTypesAppleOracleRuntime.swift:value	Xcode 26.1 iPhoneOS oracle raw value is asserted by the ordinary-import runtime.
c:@Ea@kAudioChannelLayoutTag_UseChannelDescriptions@kAudioChannelLayoutTag_DVD_1	implemented	tests/agent/CoreAudioTypesAppleOracleRuntime.swift:value	Xcode 26.1 iPhoneOS oracle raw value is asserted by the ordinary-import runtime.
c:@Ea@kAudioChannelLayoutTag_UseChannelDescriptions@kAudioChannelLayoutTag_DVD_10	implemented	tests/agent/CoreAudioTypesAppleOracleRuntime.swift:value	Xcode 26.1 iPhoneOS oracle raw value is asserted by the ordinary-import runtime.
c:@Ea@kAudioChannelLayoutTag_UseChannelDescriptions@kAudioChannelLayoutTag_DVD_11	implemented	tests/agent/CoreAudioTypesAppleOracleRuntime.swift:value	Xcode 26.1 iPhoneOS oracle raw value is asserted by the ordinary-import runtime.
c:@Ea@kAudioChannelLayoutTag_UseChannelDescriptions@kAudioChannelLayoutTag_DVD_12	implemented	tests/agent/CoreAudioTypesAppleOracleRuntime.swift:value	Xcode 26.1 iPhoneOS oracle raw value is asserted by the ordinary-import runtime.
c:@Ea@kAudioChannelLayoutTag_UseChannelDescriptions@kAudioChannelLayoutTag_DVD_13	implemented	tests/agent/CoreAudioTypesAppleOracleRuntime.swift:value	Xcode 26.1 iPhoneOS oracle raw value is asserted by the ordinary-import runtime.
c:@Ea@kAudioChannelLayoutTag_UseChannelDescriptions@kAudioChannelLayoutTag_DVD_14	implemented	tests/agent/CoreAudioTypesAppleOracleRuntime.swift:value	Xcode 26.1 iPhoneOS oracle raw value is asserted by the ordinary-import runtime.
c:@Ea@kAudioChannelLayoutTag_UseChannelDescriptions@kAudioChannelLayoutTag_DVD_15	implemented	tests/agent/CoreAudioTypesAppleOracleRuntime.swift:value	Xcode 26.1 iPhoneOS oracle raw value is asserted by the ordinary-import runtime.
c:@Ea@kAudioChannelLayoutTag_UseChannelDescriptions@kAudioChannelLayoutTag_DVD_16	implemented	tests/agent/CoreAudioTypesAppleOracleRuntime.swift:value	Xcode 26.1 iPhoneOS oracle raw value is asserted by the ordinary-import runtime.
c:@Ea@kAudioChannelLayoutTag_UseChannelDescriptions@kAudioChannelLayoutTag_DVD_17	implemented	tests/agent/CoreAudioTypesAppleOracleRuntime.swift:value	Xcode 26.1 iPhoneOS oracle raw value is asserted by the ordinary-import runtime.
c:@Ea@kAudioChannelLayoutTag_UseChannelDescriptions@kAudioChannelLayoutTag_DVD_18	implemented	tests/agent/CoreAudioTypesAppleOracleRuntime.swift:value	Xcode 26.1 iPhoneOS oracle raw value is asserted by the ordinary-import runtime.
c:@Ea@kAudioChannelLayoutTag_UseChannelDescriptions@kAudioChannelLayoutTag_DVD_19	implemented	tests/agent/CoreAudioTypesAppleOracleRuntime.swift:value	Xcode 26.1 iPhoneOS oracle raw value is asserted by the ordinary-import runtime.
c:@Ea@kAudioChannelLayoutTag_UseChannelDescriptions@kAudioChannelLayoutTag_DVD_2	implemented	tests/agent/CoreAudioTypesAppleOracleRuntime.swift:value	Xcode 26.1 iPhoneOS oracle raw value is asserted by the ordinary-import runtime.
c:@Ea@kAudioChannelLayoutTag_UseChannelDescriptions@kAudioChannelLayoutTag_DVD_20	implemented	tests/agent/CoreAudioTypesAppleOracleRuntime.swift:value	Xcode 26.1 iPhoneOS oracle raw value is asserted by the ordinary-import runtime.
c:@Ea@kAudioChannelLayoutTag_UseChannelDescriptions@kAudioChannelLayoutTag_DVD_3	implemented	tests/agent/CoreAudioTypesAppleOracleRuntime.swift:value	Xcode 26.1 iPhoneOS oracle raw value is asserted by the ordinary-import runtime.
c:@Ea@kAudioChannelLayoutTag_UseChannelDescriptions@kAudioChannelLayoutTag_DVD_4	implemented	tests/agent/CoreAudioTypesAppleOracleRuntime.swift:value	Xcode 26.1 iPhoneOS oracle raw value is asserted by the ordinary-import runtime.
c:@Ea@kAudioChannelLayoutTag_UseChannelDescriptions@kAudioChannelLayoutTag_DVD_5	implemented	tests/agent/CoreAudioTypesAppleOracleRuntime.swift:value	Xcode 26.1 iPhoneOS oracle raw value is asserted by the ordinary-import runtime.
c:@Ea@kAudioChannelLayoutTag_UseChannelDescriptions@kAudioChannelLayoutTag_DVD_6	implemented	tests/agent/CoreAudioTypesAppleOracleRuntime.swift:value	Xcode 26.1 iPhoneOS oracle raw value is asserted by the ordinary-import runtime.
c:@Ea@kAudioChannelLayoutTag_UseChannelDescriptions@kAudioChannelLayoutTag_DVD_7	implemented	tests/agent/CoreAudioTypesAppleOracleRuntime.swift:value	Xcode 26.1 iPhoneOS oracle raw value is asserted by the ordinary-import runtime.
c:@Ea@kAudioChannelLayoutTag_UseChannelDescriptions@kAudioChannelLayoutTag_DVD_8	implemented	tests/agent/CoreAudioTypesAppleOracleRuntime.swift:value	Xcode 26.1 iPhoneOS oracle raw value is asserted by the ordinary-import runtime.
c:@Ea@kAudioChannelLayoutTag_UseChannelDescriptions@kAudioChannelLayoutTag_DVD_9	implemented	tests/agent/CoreAudioTypesAppleOracleRuntime.swift:value	Xcode 26.1 iPhoneOS oracle raw value is asserted by the ordinary-import runtime.
c:@Ea@kAudioChannelLayoutTag_UseChannelDescriptions@kAudioChannelLayoutTag_DiscreteInOrder	implemented	tests/agent/CoreAudioTypesAppleOracleRuntime.swift:value	Xcode 26.1 iPhoneOS oracle raw value is asserted by the ordinary-import runtime.
c:@Ea@kAudioChannelLayoutTag_UseChannelDescriptions@kAudioChannelLayoutTag_EAC3_6_1_A	implemented	tests/agent/CoreAudioTypesAppleOracleRuntime.swift:value	Xcode 26.1 iPhoneOS oracle raw value is asserted by the ordinary-import runtime.
c:@Ea@kAudioChannelLayoutTag_UseChannelDescriptions@kAudioChannelLayoutTag_EAC3_6_1_B	implemented	tests/agent/CoreAudioTypesAppleOracleRuntime.swift:value	Xcode 26.1 iPhoneOS oracle raw value is asserted by the ordinary-import runtime.
c:@Ea@kAudioChannelLayoutTag_UseChannelDescriptions@kAudioChannelLayoutTag_EAC3_6_1_C	implemented	tests/agent/CoreAudioTypesAppleOracleRuntime.swift:value	Xcode 26.1 iPhoneOS oracle raw value is asserted by the ordinary-import runtime.
c:@Ea@kAudioChannelLayoutTag_UseChannelDescriptions@kAudioChannelLayoutTag_EAC3_7_1_A	implemented	tests/agent/CoreAudioTypesAppleOracleRuntime.swift:value	Xcode 26.1 iPhoneOS oracle raw value is asserted by the ordinary-import runtime.
c:@Ea@kAudioChannelLayoutTag_UseChannelDescriptions@kAudioChannelLayoutTag_EAC3_7_1_B	implemented	tests/agent/CoreAudioTypesAppleOracleRuntime.swift:value	Xcode 26.1 iPhoneOS oracle raw value is asserted by the ordinary-import runtime.
c:@Ea@kAudioChannelLayoutTag_UseChannelDescriptions@kAudioChannelLayoutTag_EAC3_7_1_C	implemented	tests/agent/CoreAudioTypesAppleOracleRuntime.swift:value	Xcode 26.1 iPhoneOS oracle raw value is asserted by the ordinary-import runtime.
c:@Ea@kAudioChannelLayoutTag_UseChannelDescriptions@kAudioChannelLayoutTag_EAC3_7_1_D	implemented	tests/agent/CoreAudioTypesAppleOracleRuntime.swift:value	Xcode 26.1 iPhoneOS oracle raw value is asserted by the ordinary-import runtime.
c:@Ea@kAudioChannelLayoutTag_UseChannelDescriptions@kAudioChannelLayoutTag_EAC3_7_1_E	implemented	tests/agent/CoreAudioTypesAppleOracleRuntime.swift:value	Xcode 26.1 iPhoneOS oracle raw value is asserted by the ordinary-import runtime.
c:@Ea@kAudioChannelLayoutTag_UseChannelDescriptions@kAudioChannelLayoutTag_EAC3_7_1_F	implemented	tests/agent/CoreAudioTypesAppleOracleRuntime.swift:value	Xcode 26.1 iPhoneOS oracle raw value is asserted by the ordinary-import runtime.
c:@Ea@kAudioChannelLayoutTag_UseChannelDescriptions@kAudioChannelLayoutTag_EAC3_7_1_G	implemented	tests/agent/CoreAudioTypesAppleOracleRuntime.swift:value	Xcode 26.1 iPhoneOS oracle raw value is asserted by the ordinary-import runtime.
c:@Ea@kAudioChannelLayoutTag_UseChannelDescriptions@kAudioChannelLayoutTag_EAC3_7_1_H	implemented	tests/agent/CoreAudioTypesAppleOracleRuntime.swift:value	Xcode 26.1 iPhoneOS oracle raw value is asserted by the ordinary-import runtime.
c:@Ea@kAudioChannelLayoutTag_UseChannelDescriptions@kAudioChannelLayoutTag_EAC_6_0_A	implemented	tests/agent/CoreAudioTypesAppleOracleRuntime.swift:value	Xcode 26.1 iPhoneOS oracle raw value is asserted by the ordinary-import runtime.
c:@Ea@kAudioChannelLayoutTag_UseChannelDescriptions@kAudioChannelLayoutTag_EAC_7_0_A	implemented	tests/agent/CoreAudioTypesAppleOracleRuntime.swift:value	Xcode 26.1 iPhoneOS oracle raw value is asserted by the ordinary-import runtime.
c:@Ea@kAudioChannelLayoutTag_UseChannelDescriptions@kAudioChannelLayoutTag_Emagic_Default_7_1	implemented	tests/agent/CoreAudioTypesAppleOracleRuntime.swift:value	Xcode 26.1 iPhoneOS oracle raw value is asserted by the ordinary-import runtime.
c:@Ea@kAudioChannelLayoutTag_UseChannelDescriptions@kAudioChannelLayoutTag_EndReserved	implemented	tests/agent/CoreAudioTypesAppleOracleRuntime.swift:value	Xcode 26.1 iPhoneOS oracle raw value is asserted by the ordinary-import runtime.
c:@Ea@kAudioChannelLayoutTag_UseChannelDescriptions@kAudioChannelLayoutTag_HOA_ACN_N3D	implemented	tests/agent/CoreAudioTypesAppleOracleRuntime.swift:value	Xcode 26.1 iPhoneOS oracle raw value is asserted by the ordinary-import runtime.
c:@Ea@kAudioChannelLayoutTag_UseChannelDescriptions@kAudioChannelLayoutTag_HOA_ACN_SN3D	implemented	tests/agent/CoreAudioTypesAppleOracleRuntime.swift:value	Xcode 26.1 iPhoneOS oracle raw value is asserted by the ordinary-import runtime.
c:@Ea@kAudioChannelLayoutTag_UseChannelDescriptions@kAudioChannelLayoutTag_Hexagonal	implemented	tests/agent/CoreAudioTypesAppleOracleRuntime.swift:value	Xcode 26.1 iPhoneOS oracle raw value is asserted by the ordinary-import runtime.
c:@Ea@kAudioChannelLayoutTag_UseChannelDescriptions@kAudioChannelLayoutTag_ITU_1_0	implemented	tests/agent/CoreAudioTypesAppleOracleRuntime.swift:value	Xcode 26.1 iPhoneOS oracle raw value is asserted by the ordinary-import runtime.
c:@Ea@kAudioChannelLayoutTag_UseChannelDescriptions@kAudioChannelLayoutTag_ITU_2_0	implemented	tests/agent/CoreAudioTypesAppleOracleRuntime.swift:value	Xcode 26.1 iPhoneOS oracle raw value is asserted by the ordinary-import runtime.
c:@Ea@kAudioChannelLayoutTag_UseChannelDescriptions@kAudioChannelLayoutTag_ITU_2_1	implemented	tests/agent/CoreAudioTypesAppleOracleRuntime.swift:value	Xcode 26.1 iPhoneOS oracle raw value is asserted by the ordinary-import runtime.
c:@Ea@kAudioChannelLayoutTag_UseChannelDescriptions@kAudioChannelLayoutTag_ITU_2_2	implemented	tests/agent/CoreAudioTypesAppleOracleRuntime.swift:value	Xcode 26.1 iPhoneOS oracle raw value is asserted by the ordinary-import runtime.
c:@Ea@kAudioChannelLayoutTag_UseChannelDescriptions@kAudioChannelLayoutTag_ITU_3_0	implemented	tests/agent/CoreAudioTypesAppleOracleRuntime.swift:value	Xcode 26.1 iPhoneOS oracle raw value is asserted by the ordinary-import runtime.
c:@Ea@kAudioChannelLayoutTag_UseChannelDescriptions@kAudioChannelLayoutTag_ITU_3_1	implemented	tests/agent/CoreAudioTypesAppleOracleRuntime.swift:value	Xcode 26.1 iPhoneOS oracle raw value is asserted by the ordinary-import runtime.
c:@Ea@kAudioChannelLayoutTag_UseChannelDescriptions@kAudioChannelLayoutTag_ITU_3_2	implemented	tests/agent/CoreAudioTypesAppleOracleRuntime.swift:value	Xcode 26.1 iPhoneOS oracle raw value is asserted by the ordinary-import runtime.
c:@Ea@kAudioChannelLayoutTag_UseChannelDescriptions@kAudioChannelLayoutTag_ITU_3_2_1	implemented	tests/agent/CoreAudioTypesAppleOracleRuntime.swift:value	Xcode 26.1 iPhoneOS oracle raw value is asserted by the ordinary-import runtime.
c:@Ea@kAudioChannelLayoutTag_UseChannelDescriptions@kAudioChannelLayoutTag_ITU_3_4_1	implemented	tests/agent/CoreAudioTypesAppleOracleRuntime.swift:value	Xcode 26.1 iPhoneOS oracle raw value is asserted by the ordinary-import runtime.
c:@Ea@kAudioChannelLayoutTag_UseChannelDescriptions@kAudioChannelLayoutTag_Logic_4_0_A	implemented	tests/agent/CoreAudioTypesAppleOracleRuntime.swift:value	Xcode 26.1 iPhoneOS oracle raw value is asserted by the ordinary-import runtime.
c:@Ea@kAudioChannelLayoutTag_UseChannelDescriptions@kAudioChannelLayoutTag_Logic_4_0_B	implemented	tests/agent/CoreAudioTypesAppleOracleRuntime.swift:value	Xcode 26.1 iPhoneOS oracle raw value is asserted by the ordinary-import runtime.
c:@Ea@kAudioChannelLayoutTag_UseChannelDescriptions@kAudioChannelLayoutTag_Logic_4_0_C	implemented	tests/agent/CoreAudioTypesAppleOracleRuntime.swift:value	Xcode 26.1 iPhoneOS oracle raw value is asserted by the ordinary-import runtime.
c:@Ea@kAudioChannelLayoutTag_UseChannelDescriptions@kAudioChannelLayoutTag_Logic_5_0_A	implemented	tests/agent/CoreAudioTypesAppleOracleRuntime.swift:value	Xcode 26.1 iPhoneOS oracle raw value is asserted by the ordinary-import runtime.
c:@Ea@kAudioChannelLayoutTag_UseChannelDescriptions@kAudioChannelLayoutTag_Logic_5_0_B	implemented	tests/agent/CoreAudioTypesAppleOracleRuntime.swift:value	Xcode 26.1 iPhoneOS oracle raw value is asserted by the ordinary-import runtime.
c:@Ea@kAudioChannelLayoutTag_UseChannelDescriptions@kAudioChannelLayoutTag_Logic_5_0_C	implemented	tests/agent/CoreAudioTypesAppleOracleRuntime.swift:value	Xcode 26.1 iPhoneOS oracle raw value is asserted by the ordinary-import runtime.
c:@Ea@kAudioChannelLayoutTag_UseChannelDescriptions@kAudioChannelLayoutTag_Logic_5_0_D	implemented	tests/agent/CoreAudioTypesAppleOracleRuntime.swift:value	Xcode 26.1 iPhoneOS oracle raw value is asserted by the ordinary-import runtime.
c:@Ea@kAudioChannelLayoutTag_UseChannelDescriptions@kAudioChannelLayoutTag_Logic_5_1_A	implemented	tests/agent/CoreAudioTypesAppleOracleRuntime.swift:value	Xcode 26.1 iPhoneOS oracle raw value is asserted by the ordinary-import runtime.
c:@Ea@kAudioChannelLayoutTag_UseChannelDescriptions@kAudioChannelLayoutTag_Logic_5_1_B	implemented	tests/agent/CoreAudioTypesAppleOracleRuntime.swift:value	Xcode 26.1 iPhoneOS oracle raw value is asserted by the ordinary-import runtime.
c:@Ea@kAudioChannelLayoutTag_UseChannelDescriptions@kAudioChannelLayoutTag_Logic_5_1_C	implemented	tests/agent/CoreAudioTypesAppleOracleRuntime.swift:value	Xcode 26.1 iPhoneOS oracle raw value is asserted by the ordinary-import runtime.
c:@Ea@kAudioChannelLayoutTag_UseChannelDescriptions@kAudioChannelLayoutTag_Logic_5_1_D	implemented	tests/agent/CoreAudioTypesAppleOracleRuntime.swift:value	Xcode 26.1 iPhoneOS oracle raw value is asserted by the ordinary-import runtime.
c:@Ea@kAudioChannelLayoutTag_UseChannelDescriptions@kAudioChannelLayoutTag_Logic_6_0_A	implemented	tests/agent/CoreAudioTypesAppleOracleRuntime.swift:value	Xcode 26.1 iPhoneOS oracle raw value is asserted by the ordinary-import runtime.
c:@Ea@kAudioChannelLayoutTag_UseChannelDescriptions@kAudioChannelLayoutTag_Logic_6_0_B	implemented	tests/agent/CoreAudioTypesAppleOracleRuntime.swift:value	Xcode 26.1 iPhoneOS oracle raw value is asserted by the ordinary-import runtime.
c:@Ea@kAudioChannelLayoutTag_UseChannelDescriptions@kAudioChannelLayoutTag_Logic_6_0_C	implemented	tests/agent/CoreAudioTypesAppleOracleRuntime.swift:value	Xcode 26.1 iPhoneOS oracle raw value is asserted by the ordinary-import runtime.
c:@Ea@kAudioChannelLayoutTag_UseChannelDescriptions@kAudioChannelLayoutTag_Logic_6_1_A	implemented	tests/agent/CoreAudioTypesAppleOracleRuntime.swift:value	Xcode 26.1 iPhoneOS oracle raw value is asserted by the ordinary-import runtime.
c:@Ea@kAudioChannelLayoutTag_UseChannelDescriptions@kAudioChannelLayoutTag_Logic_6_1_B	implemented	tests/agent/CoreAudioTypesAppleOracleRuntime.swift:value	Xcode 26.1 iPhoneOS oracle raw value is asserted by the ordinary-import runtime.
c:@Ea@kAudioChannelLayoutTag_UseChannelDescriptions@kAudioChannelLayoutTag_Logic_6_1_C	implemented	tests/agent/CoreAudioTypesAppleOracleRuntime.swift:value	Xcode 26.1 iPhoneOS oracle raw value is asserted by the ordinary-import runtime.
c:@Ea@kAudioChannelLayoutTag_UseChannelDescriptions@kAudioChannelLayoutTag_Logic_6_1_D	implemented	tests/agent/CoreAudioTypesAppleOracleRuntime.swift:value	Xcode 26.1 iPhoneOS oracle raw value is asserted by the ordinary-import runtime.
c:@Ea@kAudioChannelLayoutTag_UseChannelDescriptions@kAudioChannelLayoutTag_Logic_7_1_A	implemented	tests/agent/CoreAudioTypesAppleOracleRuntime.swift:value	Xcode 26.1 iPhoneOS oracle raw value is asserted by the ordinary-import runtime.
c:@Ea@kAudioChannelLayoutTag_UseChannelDescriptions@kAudioChannelLayoutTag_Logic_7_1_B	implemented	tests/agent/CoreAudioTypesAppleOracleRuntime.swift:value	Xcode 26.1 iPhoneOS oracle raw value is asserted by the ordinary-import runtime.
c:@Ea@kAudioChannelLayoutTag_UseChannelDescriptions@kAudioChannelLayoutTag_Logic_7_1_C	implemented	tests/agent/CoreAudioTypesAppleOracleRuntime.swift:value	Xcode 26.1 iPhoneOS oracle raw value is asserted by the ordinary-import runtime.
c:@Ea@kAudioChannelLayoutTag_UseChannelDescriptions@kAudioChannelLayoutTag_Logic_7_1_SDDS_A	implemented	tests/agent/CoreAudioTypesAppleOracleRuntime.swift:value	Xcode 26.1 iPhoneOS oracle raw value is asserted by the ordinary-import runtime.
c:@Ea@kAudioChannelLayoutTag_UseChannelDescriptions@kAudioChannelLayoutTag_Logic_7_1_SDDS_B	implemented	tests/agent/CoreAudioTypesAppleOracleRuntime.swift:value	Xcode 26.1 iPhoneOS oracle raw value is asserted by the ordinary-import runtime.
c:@Ea@kAudioChannelLayoutTag_UseChannelDescriptions@kAudioChannelLayoutTag_Logic_7_1_SDDS_C	implemented	tests/agent/CoreAudioTypesAppleOracleRuntime.swift:value	Xcode 26.1 iPhoneOS oracle raw value is asserted by the ordinary-import runtime.
c:@Ea@kAudioChannelLayoutTag_UseChannelDescriptions@kAudioChannelLayoutTag_Logic_Atmos_5_1_2	implemented	tests/agent/CoreAudioTypesAppleOracleRuntime.swift:value	Xcode 26.1 iPhoneOS oracle raw value is asserted by the ordinary-import runtime.
c:@Ea@kAudioChannelLayoutTag_UseChannelDescriptions@kAudioChannelLayoutTag_Logic_Atmos_5_1_4	implemented	tests/agent/CoreAudioTypesAppleOracleRuntime.swift:value	Xcode 26.1 iPhoneOS oracle raw value is asserted by the ordinary-import runtime.
c:@Ea@kAudioChannelLayoutTag_UseChannelDescriptions@kAudioChannelLayoutTag_Logic_Atmos_7_1_2	implemented	tests/agent/CoreAudioTypesAppleOracleRuntime.swift:value	Xcode 26.1 iPhoneOS oracle raw value is asserted by the ordinary-import runtime.
c:@Ea@kAudioChannelLayoutTag_UseChannelDescriptions@kAudioChannelLayoutTag_Logic_Atmos_7_1_4_A	implemented	tests/agent/CoreAudioTypesAppleOracleRuntime.swift:value	Xcode 26.1 iPhoneOS oracle raw value is asserted by the ordinary-import runtime.
c:@Ea@kAudioChannelLayoutTag_UseChannelDescriptions@kAudioChannelLayoutTag_Logic_Atmos_7_1_4_B	implemented	tests/agent/CoreAudioTypesAppleOracleRuntime.swift:value	Xcode 26.1 iPhoneOS oracle raw value is asserted by the ordinary-import runtime.
c:@Ea@kAudioChannelLayoutTag_UseChannelDescriptions@kAudioChannelLayoutTag_Logic_Atmos_7_1_6	implemented	tests/agent/CoreAudioTypesAppleOracleRuntime.swift:value	Xcode 26.1 iPhoneOS oracle raw value is asserted by the ordinary-import runtime.
c:@Ea@kAudioChannelLayoutTag_UseChannelDescriptions@kAudioChannelLayoutTag_Logic_Mono	implemented	tests/agent/CoreAudioTypesAppleOracleRuntime.swift:value	Xcode 26.1 iPhoneOS oracle raw value is asserted by the ordinary-import runtime.
c:@Ea@kAudioChannelLayoutTag_UseChannelDescriptions@kAudioChannelLayoutTag_Logic_Quadraphonic	implemented	tests/agent/CoreAudioTypesAppleOracleRuntime.swift:value	Xcode 26.1 iPhoneOS oracle raw value is asserted by the ordinary-import runtime.
c:@Ea@kAudioChannelLayoutTag_UseChannelDescriptions@kAudioChannelLayoutTag_Logic_Stereo	implemented	tests/agent/CoreAudioTypesAppleOracleRuntime.swift:value	Xcode 26.1 iPhoneOS oracle raw value is asserted by the ordinary-import runtime.
c:@Ea@kAudioChannelLayoutTag_UseChannelDescriptions@kAudioChannelLayoutTag_MPEG_1_0	implemented	tests/agent/CoreAudioTypesAppleOracleRuntime.swift:value	Xcode 26.1 iPhoneOS oracle raw value is asserted by the ordinary-import runtime.
c:@Ea@kAudioChannelLayoutTag_UseChannelDescriptions@kAudioChannelLayoutTag_MPEG_2_0	implemented	tests/agent/CoreAudioTypesAppleOracleRuntime.swift:value	Xcode 26.1 iPhoneOS oracle raw value is asserted by the ordinary-import runtime.
c:@Ea@kAudioChannelLayoutTag_UseChannelDescriptions@kAudioChannelLayoutTag_MPEG_3_0_A	implemented	tests/agent/CoreAudioTypesAppleOracleRuntime.swift:value	Xcode 26.1 iPhoneOS oracle raw value is asserted by the ordinary-import runtime.
c:@Ea@kAudioChannelLayoutTag_UseChannelDescriptions@kAudioChannelLayoutTag_MPEG_3_0_B	implemented	tests/agent/CoreAudioTypesAppleOracleRuntime.swift:value	Xcode 26.1 iPhoneOS oracle raw value is asserted by the ordinary-import runtime.
c:@Ea@kAudioChannelLayoutTag_UseChannelDescriptions@kAudioChannelLayoutTag_MPEG_4_0_A	implemented	tests/agent/CoreAudioTypesAppleOracleRuntime.swift:value	Xcode 26.1 iPhoneOS oracle raw value is asserted by the ordinary-import runtime.
c:@Ea@kAudioChannelLayoutTag_UseChannelDescriptions@kAudioChannelLayoutTag_MPEG_4_0_B	implemented	tests/agent/CoreAudioTypesAppleOracleRuntime.swift:value	Xcode 26.1 iPhoneOS oracle raw value is asserted by the ordinary-import runtime.
c:@Ea@kAudioChannelLayoutTag_UseChannelDescriptions@kAudioChannelLayoutTag_MPEG_5_0_A	implemented	tests/agent/CoreAudioTypesAppleOracleRuntime.swift:value	Xcode 26.1 iPhoneOS oracle raw value is asserted by the ordinary-import runtime.
c:@Ea@kAudioChannelLayoutTag_UseChannelDescriptions@kAudioChannelLayoutTag_MPEG_5_0_B	implemented	tests/agent/CoreAudioTypesAppleOracleRuntime.swift:value	Xcode 26.1 iPhoneOS oracle raw value is asserted by the ordinary-import runtime.
c:@Ea@kAudioChannelLayoutTag_UseChannelDescriptions@kAudioChannelLayoutTag_MPEG_5_0_C	implemented	tests/agent/CoreAudioTypesAppleOracleRuntime.swift:value	Xcode 26.1 iPhoneOS oracle raw value is asserted by the ordinary-import runtime.
c:@Ea@kAudioChannelLayoutTag_UseChannelDescriptions@kAudioChannelLayoutTag_MPEG_5_0_D	implemented	tests/agent/CoreAudioTypesAppleOracleRuntime.swift:value	Xcode 26.1 iPhoneOS oracle raw value is asserted by the ordinary-import runtime.
c:@Ea@kAudioChannelLayoutTag_UseChannelDescriptions@kAudioChannelLayoutTag_MPEG_5_0_E	implemented	tests/agent/CoreAudioTypesAppleOracleRuntime.swift:value	Xcode 26.1 iPhoneOS oracle raw value is asserted by the ordinary-import runtime.
c:@Ea@kAudioChannelLayoutTag_UseChannelDescriptions@kAudioChannelLayoutTag_MPEG_5_1_A	implemented	tests/agent/CoreAudioTypesAppleOracleRuntime.swift:value	Xcode 26.1 iPhoneOS oracle raw value is asserted by the ordinary-import runtime.
c:@Ea@kAudioChannelLayoutTag_UseChannelDescriptions@kAudioChannelLayoutTag_MPEG_5_1_B	implemented	tests/agent/CoreAudioTypesAppleOracleRuntime.swift:value	Xcode 26.1 iPhoneOS oracle raw value is asserted by the ordinary-import runtime.
c:@Ea@kAudioChannelLayoutTag_UseChannelDescriptions@kAudioChannelLayoutTag_MPEG_5_1_C	implemented	tests/agent/CoreAudioTypesAppleOracleRuntime.swift:value	Xcode 26.1 iPhoneOS oracle raw value is asserted by the ordinary-import runtime.
c:@Ea@kAudioChannelLayoutTag_UseChannelDescriptions@kAudioChannelLayoutTag_MPEG_5_1_D	implemented	tests/agent/CoreAudioTypesAppleOracleRuntime.swift:value	Xcode 26.1 iPhoneOS oracle raw value is asserted by the ordinary-import runtime.
c:@Ea@kAudioChannelLayoutTag_UseChannelDescriptions@kAudioChannelLayoutTag_MPEG_5_1_E	implemented	tests/agent/CoreAudioTypesAppleOracleRuntime.swift:value	Xcode 26.1 iPhoneOS oracle raw value is asserted by the ordinary-import runtime.
c:@Ea@kAudioChannelLayoutTag_UseChannelDescriptions@kAudioChannelLayoutTag_MPEG_6_1_A	implemented	tests/agent/CoreAudioTypesAppleOracleRuntime.swift:value	Xcode 26.1 iPhoneOS oracle raw value is asserted by the ordinary-import runtime.
c:@Ea@kAudioChannelLayoutTag_UseChannelDescriptions@kAudioChannelLayoutTag_MPEG_6_1_B	implemented	tests/agent/CoreAudioTypesAppleOracleRuntime.swift:value	Xcode 26.1 iPhoneOS oracle raw value is asserted by the ordinary-import runtime.
c:@Ea@kAudioChannelLayoutTag_UseChannelDescriptions@kAudioChannelLayoutTag_MPEG_7_1_A	implemented	tests/agent/CoreAudioTypesAppleOracleRuntime.swift:value	Xcode 26.1 iPhoneOS oracle raw value is asserted by the ordinary-import runtime.
c:@Ea@kAudioChannelLayoutTag_UseChannelDescriptions@kAudioChannelLayoutTag_MPEG_7_1_B	implemented	tests/agent/CoreAudioTypesAppleOracleRuntime.swift:value	Xcode 26.1 iPhoneOS oracle raw value is asserted by the ordinary-import runtime.
c:@Ea@kAudioChannelLayoutTag_UseChannelDescriptions@kAudioChannelLayoutTag_MPEG_7_1_C	implemented	tests/agent/CoreAudioTypesAppleOracleRuntime.swift:value	Xcode 26.1 iPhoneOS oracle raw value is asserted by the ordinary-import runtime.
c:@Ea@kAudioChannelLayoutTag_UseChannelDescriptions@kAudioChannelLayoutTag_MPEG_7_1_D	implemented	tests/agent/CoreAudioTypesAppleOracleRuntime.swift:value	Xcode 26.1 iPhoneOS oracle raw value is asserted by the ordinary-import runtime.
c:@Ea@kAudioChannelLayoutTag_UseChannelDescriptions@kAudioChannelLayoutTag_MatrixStereo	implemented	tests/agent/CoreAudioTypesAppleOracleRuntime.swift:value	Xcode 26.1 iPhoneOS oracle raw value is asserted by the ordinary-import runtime.
c:@Ea@kAudioChannelLayoutTag_UseChannelDescriptions@kAudioChannelLayoutTag_MidSide	implemented	tests/agent/CoreAudioTypesAppleOracleRuntime.swift:value	Xcode 26.1 iPhoneOS oracle raw value is asserted by the ordinary-import runtime.
c:@Ea@kAudioChannelLayoutTag_UseChannelDescriptions@kAudioChannelLayoutTag_Mono	implemented	tests/agent/CoreAudioTypesAppleOracleRuntime.swift:value	Xcode 26.1 iPhoneOS oracle raw value is asserted by the ordinary-import runtime.
c:@Ea@kAudioChannelLayoutTag_UseChannelDescriptions@kAudioChannelLayoutTag_Octagonal	implemented	tests/agent/CoreAudioTypesAppleOracleRuntime.swift:value	Xcode 26.1 iPhoneOS oracle raw value is asserted by the ordinary-import runtime.
c:@Ea@kAudioChannelLayoutTag_UseChannelDescriptions@kAudioChannelLayoutTag_Ogg_3_0	implemented	tests/agent/CoreAudioTypesAppleOracleRuntime.swift:value	Xcode 26.1 iPhoneOS oracle raw value is asserted by the ordinary-import runtime.
c:@Ea@kAudioChannelLayoutTag_UseChannelDescriptions@kAudioChannelLayoutTag_Ogg_4_0	implemented	tests/agent/CoreAudioTypesAppleOracleRuntime.swift:value	Xcode 26.1 iPhoneOS oracle raw value is asserted by the ordinary-import runtime.
c:@Ea@kAudioChannelLayoutTag_UseChannelDescriptions@kAudioChannelLayoutTag_Ogg_5_0	implemented	tests/agent/CoreAudioTypesAppleOracleRuntime.swift:value	Xcode 26.1 iPhoneOS oracle raw value is asserted by the ordinary-import runtime.
c:@Ea@kAudioChannelLayoutTag_UseChannelDescriptions@kAudioChannelLayoutTag_Ogg_5_1	implemented	tests/agent/CoreAudioTypesAppleOracleRuntime.swift:value	Xcode 26.1 iPhoneOS oracle raw value is asserted by the ordinary-import runtime.
c:@Ea@kAudioChannelLayoutTag_UseChannelDescriptions@kAudioChannelLayoutTag_Ogg_6_1	implemented	tests/agent/CoreAudioTypesAppleOracleRuntime.swift:value	Xcode 26.1 iPhoneOS oracle raw value is asserted by the ordinary-import runtime.
c:@Ea@kAudioChannelLayoutTag_UseChannelDescriptions@kAudioChannelLayoutTag_Ogg_7_1	implemented	tests/agent/CoreAudioTypesAppleOracleRuntime.swift:value	Xcode 26.1 iPhoneOS oracle raw value is asserted by the ordinary-import runtime.
c:@Ea@kAudioChannelLayoutTag_UseChannelDescriptions@kAudioChannelLayoutTag_Pentagonal	implemented	tests/agent/CoreAudioTypesAppleOracleRuntime.swift:value	Xcode 26.1 iPhoneOS oracle raw value is asserted by the ordinary-import runtime.
c:@Ea@kAudioChannelLayoutTag_UseChannelDescriptions@kAudioChannelLayoutTag_Quadraphonic	implemented	tests/agent/CoreAudioTypesAppleOracleRuntime.swift:value	Xcode 26.1 iPhoneOS oracle raw value is asserted by the ordinary-import runtime.
c:@Ea@kAudioChannelLayoutTag_UseChannelDescriptions@kAudioChannelLayoutTag_SMPTE_DTV	implemented	tests/agent/CoreAudioTypesAppleOracleRuntime.swift:value	Xcode 26.1 iPhoneOS oracle raw value is asserted by the ordinary-import runtime.
c:@Ea@kAudioChannelLayoutTag_UseChannelDescriptions@kAudioChannelLayoutTag_Stereo	implemented	tests/agent/CoreAudioTypesAppleOracleRuntime.swift:value	Xcode 26.1 iPhoneOS oracle raw value is asserted by the ordinary-import runtime.
c:@Ea@kAudioChannelLayoutTag_UseChannelDescriptions@kAudioChannelLayoutTag_StereoHeadphones	implemented	tests/agent/CoreAudioTypesAppleOracleRuntime.swift:value	Xcode 26.1 iPhoneOS oracle raw value is asserted by the ordinary-import runtime.
c:@Ea@kAudioChannelLayoutTag_UseChannelDescriptions@kAudioChannelLayoutTag_TMH_10_2_full	implemented	tests/agent/CoreAudioTypesAppleOracleRuntime.swift:value	Xcode 26.1 iPhoneOS oracle raw value is asserted by the ordinary-import runtime.
c:@Ea@kAudioChannelLayoutTag_UseChannelDescriptions@kAudioChannelLayoutTag_TMH_10_2_std	implemented	tests/agent/CoreAudioTypesAppleOracleRuntime.swift:value	Xcode 26.1 iPhoneOS oracle raw value is asserted by the ordinary-import runtime.
c:@Ea@kAudioChannelLayoutTag_UseChannelDescriptions@kAudioChannelLayoutTag_Unknown	implemented	tests/agent/CoreAudioTypesAppleOracleRuntime.swift:value	Xcode 26.1 iPhoneOS oracle raw value is asserted by the ordinary-import runtime.
c:@Ea@kAudioChannelLayoutTag_UseChannelDescriptions@kAudioChannelLayoutTag_UseChannelBitmap	implemented	tests/agent/CoreAudioTypesAppleOracleRuntime.swift:value	Xcode 26.1 iPhoneOS oracle raw value is asserted by the ordinary-import runtime.
c:@Ea@kAudioChannelLayoutTag_UseChannelDescriptions@kAudioChannelLayoutTag_UseChannelDescriptions	implemented	tests/agent/CoreAudioTypesAppleOracleRuntime.swift:value	Xcode 26.1 iPhoneOS oracle raw value is asserted by the ordinary-import runtime.
c:@Ea@kAudioChannelLayoutTag_UseChannelDescriptions@kAudioChannelLayoutTag_WAVE_2_1	implemented	tests/agent/CoreAudioTypesAppleOracleRuntime.swift:value	Xcode 26.1 iPhoneOS oracle raw value is asserted by the ordinary-import runtime.
c:@Ea@kAudioChannelLayoutTag_UseChannelDescriptions@kAudioChannelLayoutTag_WAVE_3_0	implemented	tests/agent/CoreAudioTypesAppleOracleRuntime.swift:value	Xcode 26.1 iPhoneOS oracle raw value is asserted by the ordinary-import runtime.
c:@Ea@kAudioChannelLayoutTag_UseChannelDescriptions@kAudioChannelLayoutTag_WAVE_4_0_A	implemented	tests/agent/CoreAudioTypesAppleOracleRuntime.swift:value	Xcode 26.1 iPhoneOS oracle raw value is asserted by the ordinary-import runtime.
c:@Ea@kAudioChannelLayoutTag_UseChannelDescriptions@kAudioChannelLayoutTag_WAVE_4_0_B	implemented	tests/agent/CoreAudioTypesAppleOracleRuntime.swift:value	Xcode 26.1 iPhoneOS oracle raw value is asserted by the ordinary-import runtime.
c:@Ea@kAudioChannelLayoutTag_UseChannelDescriptions@kAudioChannelLayoutTag_WAVE_5_0_A	implemented	tests/agent/CoreAudioTypesAppleOracleRuntime.swift:value	Xcode 26.1 iPhoneOS oracle raw value is asserted by the ordinary-import runtime.
c:@Ea@kAudioChannelLayoutTag_UseChannelDescriptions@kAudioChannelLayoutTag_WAVE_5_0_B	implemented	tests/agent/CoreAudioTypesAppleOracleRuntime.swift:value	Xcode 26.1 iPhoneOS oracle raw value is asserted by the ordinary-import runtime.
c:@Ea@kAudioChannelLayoutTag_UseChannelDescriptions@kAudioChannelLayoutTag_WAVE_5_1_A	implemented	tests/agent/CoreAudioTypesAppleOracleRuntime.swift:value	Xcode 26.1 iPhoneOS oracle raw value is asserted by the ordinary-import runtime.
c:@Ea@kAudioChannelLayoutTag_UseChannelDescriptions@kAudioChannelLayoutTag_WAVE_5_1_B	implemented	tests/agent/CoreAudioTypesAppleOracleRuntime.swift:value	Xcode 26.1 iPhoneOS oracle raw value is asserted by the ordinary-import runtime.
c:@Ea@kAudioChannelLayoutTag_UseChannelDescriptions@kAudioChannelLayoutTag_WAVE_6_1	implemented	tests/agent/CoreAudioTypesAppleOracleRuntime.swift:value	Xcode 26.1 iPhoneOS oracle raw value is asserted by the ordinary-import runtime.
c:@Ea@kAudioChannelLayoutTag_UseChannelDescriptions@kAudioChannelLayoutTag_WAVE_7_1	implemented	tests/agent/CoreAudioTypesAppleOracleRuntime.swift:value	Xcode 26.1 iPhoneOS oracle raw value is asserted by the ordinary-import runtime.
c:@Ea@kAudioChannelLayoutTag_UseChannelDescriptions@kAudioChannelLayoutTag_XY	implemented	tests/agent/CoreAudioTypesAppleOracleRuntime.swift:value	Xcode 26.1 iPhoneOS oracle raw value is asserted by the ordinary-import runtime.
c:@Ea@kAudioFormatFlagIsFloat@kAppleLosslessFormatFlag_16BitSourceData	implemented	tests/agent/CoreAudioTypesAppleOracleRuntime.swift:value	Xcode 26.1 iPhoneOS oracle raw value is asserted by the ordinary-import runtime.
c:@Ea@kAudioFormatFlagIsFloat@kAppleLosslessFormatFlag_20BitSourceData	implemented	tests/agent/CoreAudioTypesAppleOracleRuntime.swift:value	Xcode 26.1 iPhoneOS oracle raw value is asserted by the ordinary-import runtime.
c:@Ea@kAudioFormatFlagIsFloat@kAppleLosslessFormatFlag_24BitSourceData	implemented	tests/agent/CoreAudioTypesAppleOracleRuntime.swift:value	Xcode 26.1 iPhoneOS oracle raw value is asserted by the ordinary-import runtime.
c:@Ea@kAudioFormatFlagIsFloat@kAppleLosslessFormatFlag_32BitSourceData	implemented	tests/agent/CoreAudioTypesAppleOracleRuntime.swift:value	Xcode 26.1 iPhoneOS oracle raw value is asserted by the ordinary-import runtime.
c:@Ea@kAudioFormatFlagIsFloat@kAudioFormatFlagIsAlignedHigh	implemented	tests/agent/CoreAudioTypesAppleOracleRuntime.swift:value	Xcode 26.1 iPhoneOS oracle raw value is asserted by the ordinary-import runtime.
c:@Ea@kAudioFormatFlagIsFloat@kAudioFormatFlagIsBigEndian	implemented	tests/agent/CoreAudioTypesAppleOracleRuntime.swift:value	Xcode 26.1 iPhoneOS oracle raw value is asserted by the ordinary-import runtime.
c:@Ea@kAudioFormatFlagIsFloat@kAudioFormatFlagIsFloat	implemented	tests/agent/CoreAudioTypesAppleOracleRuntime.swift:value	Xcode 26.1 iPhoneOS oracle raw value is asserted by the ordinary-import runtime.
c:@Ea@kAudioFormatFlagIsFloat@kAudioFormatFlagIsNonInterleaved	implemented	tests/agent/CoreAudioTypesAppleOracleRuntime.swift:value	Xcode 26.1 iPhoneOS oracle raw value is asserted by the ordinary-import runtime.
c:@Ea@kAudioFormatFlagIsFloat@kAudioFormatFlagIsNonMixable	implemented	tests/agent/CoreAudioTypesAppleOracleRuntime.swift:value	Xcode 26.1 iPhoneOS oracle raw value is asserted by the ordinary-import runtime.
c:@Ea@kAudioFormatFlagIsFloat@kAudioFormatFlagIsPacked	implemented	tests/agent/CoreAudioTypesAppleOracleRuntime.swift:value	Xcode 26.1 iPhoneOS oracle raw value is asserted by the ordinary-import runtime.
c:@Ea@kAudioFormatFlagIsFloat@kAudioFormatFlagIsSignedInteger	implemented	tests/agent/CoreAudioTypesAppleOracleRuntime.swift:value	Xcode 26.1 iPhoneOS oracle raw value is asserted by the ordinary-import runtime.
c:@Ea@kAudioFormatFlagIsFloat@kAudioFormatFlagsAreAllClear	implemented	tests/agent/CoreAudioTypesAppleOracleRuntime.swift:value	Xcode 26.1 iPhoneOS oracle raw value is asserted by the ordinary-import runtime.
c:@Ea@kAudioFormatFlagIsFloat@kLinearPCMFormatFlagIsAlignedHigh	implemented	tests/agent/CoreAudioTypesAppleOracleRuntime.swift:value	Xcode 26.1 iPhoneOS oracle raw value is asserted by the ordinary-import runtime.
c:@Ea@kAudioFormatFlagIsFloat@kLinearPCMFormatFlagIsBigEndian	implemented	tests/agent/CoreAudioTypesAppleOracleRuntime.swift:value	Xcode 26.1 iPhoneOS oracle raw value is asserted by the ordinary-import runtime.
c:@Ea@kAudioFormatFlagIsFloat@kLinearPCMFormatFlagIsFloat	implemented	tests/agent/CoreAudioTypesAppleOracleRuntime.swift:value	Xcode 26.1 iPhoneOS oracle raw value is asserted by the ordinary-import runtime.
c:@Ea@kAudioFormatFlagIsFloat@kLinearPCMFormatFlagIsNonInterleaved	implemented	tests/agent/CoreAudioTypesAppleOracleRuntime.swift:value	Xcode 26.1 iPhoneOS oracle raw value is asserted by the ordinary-import runtime.
c:@Ea@kAudioFormatFlagIsFloat@kLinearPCMFormatFlagIsNonMixable	implemented	tests/agent/CoreAudioTypesAppleOracleRuntime.swift:value	Xcode 26.1 iPhoneOS oracle raw value is asserted by the ordinary-import runtime.
c:@Ea@kAudioFormatFlagIsFloat@kLinearPCMFormatFlagIsPacked	implemented	tests/agent/CoreAudioTypesAppleOracleRuntime.swift:value	Xcode 26.1 iPhoneOS oracle raw value is asserted by the ordinary-import runtime.
c:@Ea@kAudioFormatFlagIsFloat@kLinearPCMFormatFlagIsSignedInteger	implemented	tests/agent/CoreAudioTypesAppleOracleRuntime.swift:value	Xcode 26.1 iPhoneOS oracle raw value is asserted by the ordinary-import runtime.
c:@Ea@kAudioFormatFlagIsFloat@kLinearPCMFormatFlagsAreAllClear	implemented	tests/agent/CoreAudioTypesAppleOracleRuntime.swift:value	Xcode 26.1 iPhoneOS oracle raw value is asserted by the ordinary-import runtime.
c:@Ea@kAudioFormatFlagIsFloat@kLinearPCMFormatFlagsSampleFractionMask	implemented	tests/agent/CoreAudioTypesAppleOracleRuntime.swift:value	Xcode 26.1 iPhoneOS oracle raw value is asserted by the ordinary-import runtime.
c:@Ea@kAudioFormatFlagIsFloat@kLinearPCMFormatFlagsSampleFractionShift	implemented	tests/agent/CoreAudioTypesAppleOracleRuntime.swift:value	Xcode 26.1 iPhoneOS oracle raw value is asserted by the ordinary-import runtime.
c:@Ea@kAudioFormatFlagsNativeEndian@kAudioFormatFlagsAudioUnitCanonical	implemented	tests/agent/CoreAudioTypesAppleOracleRuntime.swift:value	Xcode 26.1 iPhoneOS oracle raw value is asserted by the ordinary-import runtime.
c:@Ea@kAudioFormatFlagsNativeEndian@kAudioFormatFlagsCanonical	implemented	tests/agent/CoreAudioTypesAppleOracleRuntime.swift:value	Xcode 26.1 iPhoneOS oracle raw value is asserted by the ordinary-import runtime.
c:@Ea@kAudioFormatFlagsNativeEndian@kAudioFormatFlagsNativeEndian	implemented	tests/agent/CoreAudioTypesAppleOracleRuntime.swift:value	Xcode 26.1 iPhoneOS oracle raw value is asserted by the ordinary-import runtime.
c:@Ea@kAudioFormatFlagsNativeEndian@kAudioFormatFlagsNativeFloatPacked	implemented	tests/agent/CoreAudioTypesAppleOracleRuntime.swift:value	Xcode 26.1 iPhoneOS oracle raw value is asserted by the ordinary-import runtime.
c:@Ea@kAudioFormatLinearPCM@kAudioFormat60958AC3	implemented	tests/agent/CoreAudioTypesAppleOracleRuntime.swift:value	Xcode 26.1 iPhoneOS oracle raw value is asserted by the ordinary-import runtime.
c:@Ea@kAudioFormatLinearPCM@kAudioFormatAC3	implemented	tests/agent/CoreAudioTypesAppleOracleRuntime.swift:value	Xcode 26.1 iPhoneOS oracle raw value is asserted by the ordinary-import runtime.
c:@Ea@kAudioFormatLinearPCM@kAudioFormatAES3	implemented	tests/agent/CoreAudioTypesAppleOracleRuntime.swift:value	Xcode 26.1 iPhoneOS oracle raw value is asserted by the ordinary-import runtime.
c:@Ea@kAudioFormatLinearPCM@kAudioFormatALaw	implemented	tests/agent/CoreAudioTypesAppleOracleRuntime.swift:value	Xcode 26.1 iPhoneOS oracle raw value is asserted by the ordinary-import runtime.
c:@Ea@kAudioFormatLinearPCM@kAudioFormatAMR	implemented	tests/agent/CoreAudioTypesAppleOracleRuntime.swift:value	Xcode 26.1 iPhoneOS oracle raw value is asserted by the ordinary-import runtime.
c:@Ea@kAudioFormatLinearPCM@kAudioFormatAMR_WB	implemented	tests/agent/CoreAudioTypesAppleOracleRuntime.swift:value	Xcode 26.1 iPhoneOS oracle raw value is asserted by the ordinary-import runtime.
c:@Ea@kAudioFormatLinearPCM@kAudioFormatAPAC	implemented	tests/agent/CoreAudioTypesAppleOracleRuntime.swift:value	Xcode 26.1 iPhoneOS oracle raw value is asserted by the ordinary-import runtime.
c:@Ea@kAudioFormatLinearPCM@kAudioFormatAppleIMA4	implemented	tests/agent/CoreAudioTypesAppleOracleRuntime.swift:value	Xcode 26.1 iPhoneOS oracle raw value is asserted by the ordinary-import runtime.
c:@Ea@kAudioFormatLinearPCM@kAudioFormatAppleLossless	implemented	tests/agent/CoreAudioTypesAppleOracleRuntime.swift:value	Xcode 26.1 iPhoneOS oracle raw value is asserted by the ordinary-import runtime.
c:@Ea@kAudioFormatLinearPCM@kAudioFormatAudible	implemented	tests/agent/CoreAudioTypesAppleOracleRuntime.swift:value	Xcode 26.1 iPhoneOS oracle raw value is asserted by the ordinary-import runtime.
c:@Ea@kAudioFormatLinearPCM@kAudioFormatDVIIntelIMA	implemented	tests/agent/CoreAudioTypesAppleOracleRuntime.swift:value	Xcode 26.1 iPhoneOS oracle raw value is asserted by the ordinary-import runtime.
c:@Ea@kAudioFormatLinearPCM@kAudioFormatEnhancedAC3	implemented	tests/agent/CoreAudioTypesAppleOracleRuntime.swift:value	Xcode 26.1 iPhoneOS oracle raw value is asserted by the ordinary-import runtime.
c:@Ea@kAudioFormatLinearPCM@kAudioFormatFLAC	implemented	tests/agent/CoreAudioTypesAppleOracleRuntime.swift:value	Xcode 26.1 iPhoneOS oracle raw value is asserted by the ordinary-import runtime.
c:@Ea@kAudioFormatLinearPCM@kAudioFormatLinearPCM	implemented	tests/agent/CoreAudioTypesAppleOracleRuntime.swift:value	Xcode 26.1 iPhoneOS oracle raw value is asserted by the ordinary-import runtime.
c:@Ea@kAudioFormatLinearPCM@kAudioFormatMACE3	implemented	tests/agent/CoreAudioTypesAppleOracleRuntime.swift:value	Xcode 26.1 iPhoneOS oracle raw value is asserted by the ordinary-import runtime.
c:@Ea@kAudioFormatLinearPCM@kAudioFormatMACE6	implemented	tests/agent/CoreAudioTypesAppleOracleRuntime.swift:value	Xcode 26.1 iPhoneOS oracle raw value is asserted by the ordinary-import runtime.
c:@Ea@kAudioFormatLinearPCM@kAudioFormatMIDIStream	implemented	tests/agent/CoreAudioTypesAppleOracleRuntime.swift:value	Xcode 26.1 iPhoneOS oracle raw value is asserted by the ordinary-import runtime.
c:@Ea@kAudioFormatLinearPCM@kAudioFormatMPEG4AAC	implemented	tests/agent/CoreAudioTypesAppleOracleRuntime.swift:value	Xcode 26.1 iPhoneOS oracle raw value is asserted by the ordinary-import runtime.
c:@Ea@kAudioFormatLinearPCM@kAudioFormatMPEG4AAC_ELD	implemented	tests/agent/CoreAudioTypesAppleOracleRuntime.swift:value	Xcode 26.1 iPhoneOS oracle raw value is asserted by the ordinary-import runtime.
c:@Ea@kAudioFormatLinearPCM@kAudioFormatMPEG4AAC_ELD_SBR	implemented	tests/agent/CoreAudioTypesAppleOracleRuntime.swift:value	Xcode 26.1 iPhoneOS oracle raw value is asserted by the ordinary-import runtime.
c:@Ea@kAudioFormatLinearPCM@kAudioFormatMPEG4AAC_ELD_V2	implemented	tests/agent/CoreAudioTypesAppleOracleRuntime.swift:value	Xcode 26.1 iPhoneOS oracle raw value is asserted by the ordinary-import runtime.
c:@Ea@kAudioFormatLinearPCM@kAudioFormatMPEG4AAC_HE	implemented	tests/agent/CoreAudioTypesAppleOracleRuntime.swift:value	Xcode 26.1 iPhoneOS oracle raw value is asserted by the ordinary-import runtime.
c:@Ea@kAudioFormatLinearPCM@kAudioFormatMPEG4AAC_HE_V2	implemented	tests/agent/CoreAudioTypesAppleOracleRuntime.swift:value	Xcode 26.1 iPhoneOS oracle raw value is asserted by the ordinary-import runtime.
c:@Ea@kAudioFormatLinearPCM@kAudioFormatMPEG4AAC_LD	implemented	tests/agent/CoreAudioTypesAppleOracleRuntime.swift:value	Xcode 26.1 iPhoneOS oracle raw value is asserted by the ordinary-import runtime.
c:@Ea@kAudioFormatLinearPCM@kAudioFormatMPEG4AAC_Spatial	implemented	tests/agent/CoreAudioTypesAppleOracleRuntime.swift:value	Xcode 26.1 iPhoneOS oracle raw value is asserted by the ordinary-import runtime.
c:@Ea@kAudioFormatLinearPCM@kAudioFormatMPEG4CELP	implemented	tests/agent/CoreAudioTypesAppleOracleRuntime.swift:value	Xcode 26.1 iPhoneOS oracle raw value is asserted by the ordinary-import runtime.
c:@Ea@kAudioFormatLinearPCM@kAudioFormatMPEG4HVXC	implemented	tests/agent/CoreAudioTypesAppleOracleRuntime.swift:value	Xcode 26.1 iPhoneOS oracle raw value is asserted by the ordinary-import runtime.
c:@Ea@kAudioFormatLinearPCM@kAudioFormatMPEG4TwinVQ	implemented	tests/agent/CoreAudioTypesAppleOracleRuntime.swift:value	Xcode 26.1 iPhoneOS oracle raw value is asserted by the ordinary-import runtime.
c:@Ea@kAudioFormatLinearPCM@kAudioFormatMPEGD_USAC	implemented	tests/agent/CoreAudioTypesAppleOracleRuntime.swift:value	Xcode 26.1 iPhoneOS oracle raw value is asserted by the ordinary-import runtime.
c:@Ea@kAudioFormatLinearPCM@kAudioFormatMPEGLayer1	implemented	tests/agent/CoreAudioTypesAppleOracleRuntime.swift:value	Xcode 26.1 iPhoneOS oracle raw value is asserted by the ordinary-import runtime.
c:@Ea@kAudioFormatLinearPCM@kAudioFormatMPEGLayer2	implemented	tests/agent/CoreAudioTypesAppleOracleRuntime.swift:value	Xcode 26.1 iPhoneOS oracle raw value is asserted by the ordinary-import runtime.
c:@Ea@kAudioFormatLinearPCM@kAudioFormatMPEGLayer3	implemented	tests/agent/CoreAudioTypesAppleOracleRuntime.swift:value	Xcode 26.1 iPhoneOS oracle raw value is asserted by the ordinary-import runtime.
c:@Ea@kAudioFormatLinearPCM@kAudioFormatMicrosoftGSM	implemented	tests/agent/CoreAudioTypesAppleOracleRuntime.swift:value	Xcode 26.1 iPhoneOS oracle raw value is asserted by the ordinary-import runtime.
c:@Ea@kAudioFormatLinearPCM@kAudioFormatOpus	implemented	tests/agent/CoreAudioTypesAppleOracleRuntime.swift:value	Xcode 26.1 iPhoneOS oracle raw value is asserted by the ordinary-import runtime.
c:@Ea@kAudioFormatLinearPCM@kAudioFormatParameterValueStream	implemented	tests/agent/CoreAudioTypesAppleOracleRuntime.swift:value	Xcode 26.1 iPhoneOS oracle raw value is asserted by the ordinary-import runtime.
c:@Ea@kAudioFormatLinearPCM@kAudioFormatQDesign	implemented	tests/agent/CoreAudioTypesAppleOracleRuntime.swift:value	Xcode 26.1 iPhoneOS oracle raw value is asserted by the ordinary-import runtime.
c:@Ea@kAudioFormatLinearPCM@kAudioFormatQDesign2	implemented	tests/agent/CoreAudioTypesAppleOracleRuntime.swift:value	Xcode 26.1 iPhoneOS oracle raw value is asserted by the ordinary-import runtime.
c:@Ea@kAudioFormatLinearPCM@kAudioFormatQUALCOMM	implemented	tests/agent/CoreAudioTypesAppleOracleRuntime.swift:value	Xcode 26.1 iPhoneOS oracle raw value is asserted by the ordinary-import runtime.
c:@Ea@kAudioFormatLinearPCM@kAudioFormatTimeCode	implemented	tests/agent/CoreAudioTypesAppleOracleRuntime.swift:value	Xcode 26.1 iPhoneOS oracle raw value is asserted by the ordinary-import runtime.
c:@Ea@kAudioFormatLinearPCM@kAudioFormatULaw	implemented	tests/agent/CoreAudioTypesAppleOracleRuntime.swift:value	Xcode 26.1 iPhoneOS oracle raw value is asserted by the ordinary-import runtime.
c:@Ea@kAudioFormatLinearPCM@kAudioFormatiLBC	implemented	tests/agent/CoreAudioTypesAppleOracleRuntime.swift:value	Xcode 26.1 iPhoneOS oracle raw value is asserted by the ordinary-import runtime.
c:@Ea@kAudio_NoError@kAudio_BadFilePathError	implemented	tests/agent/CoreAudioTypesAppleOracleRuntime.swift:value	Xcode 26.1 iPhoneOS oracle raw value is asserted by the ordinary-import runtime.
c:@Ea@kAudio_NoError@kAudio_FileNotFoundError	implemented	tests/agent/CoreAudioTypesAppleOracleRuntime.swift:value	Xcode 26.1 iPhoneOS oracle raw value is asserted by the ordinary-import runtime.
c:@Ea@kAudio_NoError@kAudio_FilePermissionError	implemented	tests/agent/CoreAudioTypesAppleOracleRuntime.swift:value	Xcode 26.1 iPhoneOS oracle raw value is asserted by the ordinary-import runtime.
c:@Ea@kAudio_NoError@kAudio_MemFullError	implemented	tests/agent/CoreAudioTypesAppleOracleRuntime.swift:value	Xcode 26.1 iPhoneOS oracle raw value is asserted by the ordinary-import runtime.
c:@Ea@kAudio_NoError@kAudio_NoError	implemented	tests/agent/CoreAudioTypesAppleOracleRuntime.swift:value	Xcode 26.1 iPhoneOS oracle raw value is asserted by the ordinary-import runtime.
c:@Ea@kAudio_NoError@kAudio_ParamError	implemented	tests/agent/CoreAudioTypesAppleOracleRuntime.swift:value	Xcode 26.1 iPhoneOS oracle raw value is asserted by the ordinary-import runtime.
c:@Ea@kAudio_NoError@kAudio_TooManyFilesOpenError	implemented	tests/agent/CoreAudioTypesAppleOracleRuntime.swift:value	Xcode 26.1 iPhoneOS oracle raw value is asserted by the ordinary-import runtime.
c:@Ea@kAudio_NoError@kAudio_UnimplementedError	implemented	tests/agent/CoreAudioTypesAppleOracleRuntime.swift:value	Xcode 26.1 iPhoneOS oracle raw value is asserted by the ordinary-import runtime.
c:@F@AudioChannelLayoutTag_GetNumberOfChannels	implemented	tests/agent/CoreAudioTypesRuntime.swift:GetNumberOfChannels	Low-16-bit channel-count packing exercised.
c:@S@AudioBuffer	implemented	tests/agent/CoreAudioTypesRuntime.swift:layout	MemoryLayout size/stride/alignment and field offsets asserted.
c:@S@AudioBuffer@FI@mData	implemented	tests/agent/CoreAudioTypesRuntime.swift:layout	Field offset asserted via MemoryLayout.offset(of:).
c:@S@AudioBuffer@FI@mDataByteSize	implemented	tests/agent/CoreAudioTypesRuntime.swift:layout	Field offset asserted via MemoryLayout.offset(of:).
c:@S@AudioBuffer@FI@mNumberChannels	implemented	tests/agent/CoreAudioTypesRuntime.swift:layout	Field offset asserted via MemoryLayout.offset(of:).
c:@S@AudioBufferList	implemented	tests/agent/CoreAudioTypesRuntime.swift:layout	MemoryLayout size/stride/alignment and field offsets asserted.
c:@S@AudioBufferList@FI@mBuffers	implemented	tests/agent/CoreAudioTypesRuntime.swift:pointerWalk	Embedded trailing element offset used for pointer walking.
c:@S@AudioBufferList@FI@mNumberBuffers	implemented	tests/agent/CoreAudioTypesRuntime.swift:layout	Field offset asserted via MemoryLayout.offset(of:).
c:@S@AudioChannelDescription	implemented	tests/agent/CoreAudioTypesRuntime.swift:layout	MemoryLayout size/stride/alignment and field offsets asserted.
c:@S@AudioChannelDescription@FI@mChannelFlags	implemented	tests/agent/CoreAudioTypesRuntime.swift:layout	Field offset asserted via MemoryLayout.offset(of:).
c:@S@AudioChannelDescription@FI@mChannelLabel	implemented	tests/agent/CoreAudioTypesRuntime.swift:layout	Field offset asserted via MemoryLayout.offset(of:).
c:@S@AudioChannelDescription@FI@mCoordinates	implemented	tests/agent/CoreAudioTypesRuntime.swift:layout	Field offset asserted via MemoryLayout.offset(of:).
c:@S@AudioChannelLayout	implemented	tests/agent/CoreAudioTypesRuntime.swift:layout	MemoryLayout size/stride/alignment and field offsets asserted.
c:@S@AudioChannelLayout@FI@mChannelBitmap	implemented	tests/agent/CoreAudioTypesRuntime.swift:layout	Field offset asserted via MemoryLayout.offset(of:).
c:@S@AudioChannelLayout@FI@mChannelDescriptions	implemented	tests/agent/CoreAudioTypesRuntime.swift:pointerWalk	Embedded trailing element offset used for pointer walking.
c:@S@AudioChannelLayout@FI@mChannelLayoutTag	implemented	tests/agent/CoreAudioTypesRuntime.swift:layout	Field offset asserted via MemoryLayout.offset(of:).
c:@S@AudioChannelLayout@FI@mNumberChannelDescriptions	implemented	tests/agent/CoreAudioTypesRuntime.swift:layout	Field offset asserted via MemoryLayout.offset(of:).
c:@S@AudioClassDescription	implemented	tests/agent/CoreAudioTypesRuntime.swift:layout	MemoryLayout size/stride/alignment and field offsets asserted.
c:@S@AudioClassDescription@FI@mManufacturer	implemented	tests/agent/CoreAudioTypesRuntime.swift:layout	Field offset asserted via MemoryLayout.offset(of:).
c:@S@AudioClassDescription@FI@mSubType	implemented	tests/agent/CoreAudioTypesRuntime.swift:layout	Field offset asserted via MemoryLayout.offset(of:).
c:@S@AudioClassDescription@FI@mType	implemented	tests/agent/CoreAudioTypesRuntime.swift:layout	Field offset asserted via MemoryLayout.offset(of:).
c:@S@AudioFormatListItem	implemented	tests/agent/CoreAudioTypesRuntime.swift:layout	MemoryLayout size/stride/alignment and field offsets asserted.
c:@S@AudioFormatListItem@FI@mASBD	implemented	tests/agent/CoreAudioTypesRuntime.swift:layout	Field offset asserted via MemoryLayout.offset(of:).
c:@S@AudioFormatListItem@FI@mChannelLayoutTag	implemented	tests/agent/CoreAudioTypesRuntime.swift:layout	Field offset asserted via MemoryLayout.offset(of:).
c:@S@AudioStreamBasicDescription	implemented	tests/agent/CoreAudioTypesRuntime.swift:layout	MemoryLayout size/stride/alignment and field offsets asserted.
c:@S@AudioStreamBasicDescription@FI@mBitsPerChannel	implemented	tests/agent/CoreAudioTypesRuntime.swift:layout	Field offset asserted via MemoryLayout.offset(of:).
c:@S@AudioStreamBasicDescription@FI@mBytesPerFrame	implemented	tests/agent/CoreAudioTypesRuntime.swift:layout	Field offset asserted via MemoryLayout.offset(of:).
c:@S@AudioStreamBasicDescription@FI@mBytesPerPacket	implemented	tests/agent/CoreAudioTypesRuntime.swift:layout	Field offset asserted via MemoryLayout.offset(of:).
c:@S@AudioStreamBasicDescription@FI@mChannelsPerFrame	implemented	tests/agent/CoreAudioTypesRuntime.swift:layout	Field offset asserted via MemoryLayout.offset(of:).
c:@S@AudioStreamBasicDescription@FI@mFormatFlags	implemented	tests/agent/CoreAudioTypesRuntime.swift:layout	Field offset asserted via MemoryLayout.offset(of:).
c:@S@AudioStreamBasicDescription@FI@mFormatID	implemented	tests/agent/CoreAudioTypesRuntime.swift:layout	Field offset asserted via MemoryLayout.offset(of:).
c:@S@AudioStreamBasicDescription@FI@mFramesPerPacket	implemented	tests/agent/CoreAudioTypesRuntime.swift:layout	Field offset asserted via MemoryLayout.offset(of:).
c:@S@AudioStreamBasicDescription@FI@mReserved	implemented	tests/agent/CoreAudioTypesRuntime.swift:layout	Field offset asserted via MemoryLayout.offset(of:).
c:@S@AudioStreamBasicDescription@FI@mSampleRate	implemented	tests/agent/CoreAudioTypesRuntime.swift:layout	Field offset asserted via MemoryLayout.offset(of:).
c:@S@AudioStreamPacketDependencyDescription	implemented	tests/agent/CoreAudioTypesRuntime.swift:layout	MemoryLayout size/stride/alignment and field offsets asserted.
c:@S@AudioStreamPacketDependencyDescription@FI@mFlags	implemented	tests/agent/CoreAudioTypesRuntime.swift:layout	Field offset asserted via MemoryLayout.offset(of:).
c:@S@AudioStreamPacketDependencyDescription@FI@mIsIndependentlyDecodable	implemented	tests/agent/CoreAudioTypesRuntime.swift:layout	Field offset asserted via MemoryLayout.offset(of:).
c:@S@AudioStreamPacketDependencyDescription@FI@mPreRollCount	implemented	tests/agent/CoreAudioTypesRuntime.swift:layout	Field offset asserted via MemoryLayout.offset(of:).
c:@S@AudioStreamPacketDependencyDescription@FI@mReserved	implemented	tests/agent/CoreAudioTypesRuntime.swift:layout	Field offset asserted via MemoryLayout.offset(of:).
c:@S@AudioStreamPacketDescription	implemented	tests/agent/CoreAudioTypesRuntime.swift:layout	MemoryLayout size/stride/alignment and field offsets asserted.
c:@S@AudioStreamPacketDescription@FI@mDataByteSize	implemented	tests/agent/CoreAudioTypesRuntime.swift:layout	Field offset asserted via MemoryLayout.offset(of:).
c:@S@AudioStreamPacketDescription@FI@mStartOffset	implemented	tests/agent/CoreAudioTypesRuntime.swift:layout	Field offset asserted via MemoryLayout.offset(of:).
c:@S@AudioStreamPacketDescription@FI@mVariableFramesInPacket	implemented	tests/agent/CoreAudioTypesRuntime.swift:layout	Field offset asserted via MemoryLayout.offset(of:).
c:@S@AudioTimeStamp	implemented	tests/agent/CoreAudioTypesRuntime.swift:layout	MemoryLayout size/stride/alignment and field offsets asserted.
c:@S@AudioTimeStamp@FI@mFlags	implemented	tests/agent/CoreAudioTypesRuntime.swift:layout	Field offset asserted via MemoryLayout.offset(of:).
c:@S@AudioTimeStamp@FI@mHostTime	implemented	tests/agent/CoreAudioTypesRuntime.swift:layout	Field offset asserted via MemoryLayout.offset(of:).
c:@S@AudioTimeStamp@FI@mRateScalar	implemented	tests/agent/CoreAudioTypesRuntime.swift:layout	Field offset asserted via MemoryLayout.offset(of:).
c:@S@AudioTimeStamp@FI@mReserved	implemented	tests/agent/CoreAudioTypesRuntime.swift:layout	Field offset asserted via MemoryLayout.offset(of:).
c:@S@AudioTimeStamp@FI@mSMPTETime	implemented	tests/agent/CoreAudioTypesRuntime.swift:layout	Field offset asserted via MemoryLayout.offset(of:).
c:@S@AudioTimeStamp@FI@mSampleTime	implemented	tests/agent/CoreAudioTypesRuntime.swift:layout	Field offset asserted via MemoryLayout.offset(of:).
c:@S@AudioTimeStamp@FI@mWordClockTime	implemented	tests/agent/CoreAudioTypesRuntime.swift:layout	Field offset asserted via MemoryLayout.offset(of:).
c:@S@AudioValueRange	implemented	tests/agent/CoreAudioTypesRuntime.swift:layout	MemoryLayout size/stride/alignment and field offsets asserted.
c:@S@AudioValueRange@FI@mMaximum	implemented	tests/agent/CoreAudioTypesRuntime.swift:layout	Field offset asserted via MemoryLayout.offset(of:).
c:@S@AudioValueRange@FI@mMinimum	implemented	tests/agent/CoreAudioTypesRuntime.swift:layout	Field offset asserted via MemoryLayout.offset(of:).
c:@S@AudioValueTranslation	implemented	tests/agent/CoreAudioTypesRuntime.swift:layout	MemoryLayout size/stride/alignment and field offsets asserted.
c:@S@AudioValueTranslation@FI@mInputData	implemented	tests/agent/CoreAudioTypesRuntime.swift:layout	Field offset asserted via MemoryLayout.offset(of:).
c:@S@AudioValueTranslation@FI@mInputDataSize	implemented	tests/agent/CoreAudioTypesRuntime.swift:layout	Field offset asserted via MemoryLayout.offset(of:).
c:@S@AudioValueTranslation@FI@mOutputData	implemented	tests/agent/CoreAudioTypesRuntime.swift:layout	Field offset asserted via MemoryLayout.offset(of:).
c:@S@AudioValueTranslation@FI@mOutputDataSize	implemented	tests/agent/CoreAudioTypesRuntime.swift:layout	Field offset asserted via MemoryLayout.offset(of:).
c:@S@SMPTETime	implemented	tests/agent/CoreAudioTypesRuntime.swift:layout	MemoryLayout size/stride/alignment and field offsets asserted.
c:@S@SMPTETime@FI@mCounter	implemented	tests/agent/CoreAudioTypesRuntime.swift:layout	Field offset asserted via MemoryLayout.offset(of:).
c:@S@SMPTETime@FI@mFlags	implemented	tests/agent/CoreAudioTypesRuntime.swift:layout	Field offset asserted via MemoryLayout.offset(of:).
c:@S@SMPTETime@FI@mFrames	implemented	tests/agent/CoreAudioTypesRuntime.swift:layout	Field offset asserted via MemoryLayout.offset(of:).
c:@S@SMPTETime@FI@mHours	implemented	tests/agent/CoreAudioTypesRuntime.swift:layout	Field offset asserted via MemoryLayout.offset(of:).
c:@S@SMPTETime@FI@mMinutes	implemented	tests/agent/CoreAudioTypesRuntime.swift:layout	Field offset asserted via MemoryLayout.offset(of:).
c:@S@SMPTETime@FI@mSeconds	implemented	tests/agent/CoreAudioTypesRuntime.swift:layout	Field offset asserted via MemoryLayout.offset(of:).
c:@S@SMPTETime@FI@mSubframeDivisor	implemented	tests/agent/CoreAudioTypesRuntime.swift:layout	Field offset asserted via MemoryLayout.offset(of:).
c:@S@SMPTETime@FI@mSubframes	implemented	tests/agent/CoreAudioTypesRuntime.swift:layout	Field offset asserted via MemoryLayout.offset(of:).
c:@S@SMPTETime@FI@mType	implemented	tests/agent/CoreAudioTypesRuntime.swift:layout	Field offset asserted via MemoryLayout.offset(of:).
c:@T@AVAudioInteger	implemented	tests/agent/CoreAudioTypesRuntime.swift:typealias	MemoryLayout of the aliased type exercised.
c:@T@AVAudioUInteger	implemented	tests/agent/CoreAudioTypesRuntime.swift:typealias	MemoryLayout of the aliased type exercised.
c:@T@AudioChannelLabel	implemented	tests/agent/CoreAudioTypesRuntime.swift:typealias	MemoryLayout of the aliased type exercised.
c:@T@AudioChannelLayoutTag	implemented	tests/agent/CoreAudioTypesRuntime.swift:typealias	MemoryLayout of the aliased type exercised.
c:@T@AudioFormatFlags	implemented	tests/agent/CoreAudioTypesRuntime.swift:typealias	MemoryLayout of the aliased type exercised.
c:@T@AudioFormatID	implemented	tests/agent/CoreAudioTypesRuntime.swift:typealias	MemoryLayout of the aliased type exercised.
c:@T@AudioSampleType	implemented	tests/agent/CoreAudioTypesRuntime.swift:typealias	MemoryLayout of the aliased type exercised.
c:@T@AudioSessionID	implemented	tests/agent/CoreAudioTypesRuntime.swift:typealias	MemoryLayout of the aliased type exercised.
c:@T@AudioUnitSampleType	implemented	tests/agent/CoreAudioTypesRuntime.swift:typealias	MemoryLayout of the aliased type exercised.
c:@kAudioStreamAnyRate	implemented	tests/agent/CoreAudioTypesAppleOracleRuntime.swift:value	Xcode 26.1 iPhoneOS oracle raw value is asserted by the ordinary-import runtime.
c:@macro@CA_PREFER_FIXED_POINT	implemented	tests/agent/CoreAudioTypesAppleOracleRuntime.swift:value	Xcode 26.1 iPhoneOS oracle raw value is asserted by the ordinary-import runtime.
c:@macro@COREAUDIOTYPES_VERSION	implemented	tests/agent/CoreAudioTypesAppleOracleRuntime.swift:value	Xcode 26.1 iPhoneOS oracle raw value is asserted by the ordinary-import runtime.
c:@macro@kAudioUnitSampleFractionBits	implemented	tests/agent/CoreAudioTypesAppleOracleRuntime.swift:value	Xcode 26.1 iPhoneOS oracle raw value is asserted by the ordinary-import runtime.
s:SQsE2neoiySbx_xtFZ::SYNTHESIZED::c:@E@AVAudioSessionErrorCode	deferred		Requires the canonical AVAudioSession parent from AVFAudio/AVFoundation; CoreAudioTypes must not invent that dependency-owned type.
s:SQsE2neoiySbx_xtFZ::SYNTHESIZED::c:@E@AudioChannelBitmap	implemented	tests/agent/CoreAudioTypesRuntime.swift:optionSet	Equatable != synthesized operator exercised.
s:SQsE2neoiySbx_xtFZ::SYNTHESIZED::c:@E@AudioChannelCoordinateIndex	implemented	tests/agent/CoreAudioTypesRuntime.swift:optionSet	Equatable != synthesized operator exercised.
s:SQsE2neoiySbx_xtFZ::SYNTHESIZED::c:@E@AudioChannelFlags	implemented	tests/agent/CoreAudioTypesRuntime.swift:optionSet	Equatable != synthesized operator exercised.
s:SQsE2neoiySbx_xtFZ::SYNTHESIZED::c:@E@AudioTimeStampFlags	implemented	tests/agent/CoreAudioTypesRuntime.swift:optionSet	Equatable != synthesized operator exercised.
s:SQsE2neoiySbx_xtFZ::SYNTHESIZED::c:@E@MPEG4ObjectID	implemented	tests/agent/CoreAudioTypesRuntime.swift:optionSet	Equatable != synthesized operator exercised.
s:SQsE2neoiySbx_xtFZ::SYNTHESIZED::c:@E@SMPTETimeFlags	implemented	tests/agent/CoreAudioTypesRuntime.swift:optionSet	Equatable != synthesized operator exercised.
s:SQsE2neoiySbx_xtFZ::SYNTHESIZED::c:@E@SMPTETimeType	implemented	tests/agent/CoreAudioTypesRuntime.swift:optionSet	Equatable != synthesized operator exercised.
s:SYsSHRzSH8RawValueSYRpzrlE04hashB0Sivp::SYNTHESIZED::c:@E@AVAudioSessionErrorCode	deferred		Requires the canonical AVAudioSession parent from AVFAudio/AVFoundation; CoreAudioTypes must not invent that dependency-owned type.
s:SYsSHRzSH8RawValueSYRpzrlE04hashB0Sivp::SYNTHESIZED::c:@E@AudioChannelCoordinateIndex	implemented	tests/agent/CoreAudioTypesRuntime.swift:enum	Synthesized protocol property exercised.
s:SYsSHRzSH8RawValueSYRpzrlE04hashB0Sivp::SYNTHESIZED::c:@E@MPEG4ObjectID	implemented	tests/agent/CoreAudioTypesRuntime.swift:enum	Synthesized protocol property exercised.
s:SYsSHRzSH8RawValueSYRpzrlE04hashB0Sivp::SYNTHESIZED::c:@E@SMPTETimeType	implemented	tests/agent/CoreAudioTypesRuntime.swift:enum	Synthesized protocol property exercised.
s:SYsSHRzSH8RawValueSYRpzrlE4hash4intoys6HasherVz_tF::SYNTHESIZED::c:@E@AVAudioSessionErrorCode	deferred		Requires the canonical AVAudioSession parent from AVFAudio/AVFoundation; CoreAudioTypes must not invent that dependency-owned type.
s:SYsSHRzSH8RawValueSYRpzrlE4hash4intoys6HasherVz_tF::SYNTHESIZED::c:@E@AudioChannelCoordinateIndex	implemented	tests/agent/CoreAudioTypesRuntime.swift:enum	Hashable hashing exercised via Set uniqueness.
s:SYsSHRzSH8RawValueSYRpzrlE4hash4intoys6HasherVz_tF::SYNTHESIZED::c:@E@MPEG4ObjectID	implemented	tests/agent/CoreAudioTypesRuntime.swift:enum	Hashable hashing exercised via Set uniqueness.
s:SYsSHRzSH8RawValueSYRpzrlE4hash4intoys6HasherVz_tF::SYNTHESIZED::c:@E@SMPTETimeType	implemented	tests/agent/CoreAudioTypesRuntime.swift:enum	Hashable hashing exercised via Set uniqueness.
s:So11AudioBufferV15mNumberChannels13mDataByteSize01mE0ABs6UInt32V_AGSvSgtcfc	implemented	tests/agent/CoreAudioTypesRuntime.swift:layout	Empty or memberwise initializer exercised with deterministic values.
s:So11AudioBufferVABycfc	implemented	tests/agent/CoreAudioTypesRuntime.swift:layout	Empty or memberwise initializer exercised with deterministic values.
s:So13MPEG4ObjectIDV8rawValueABSgSi_tcfc	implemented	tests/agent/CoreAudioTypesRuntime.swift:optionSet	OptionSet/RawRepresentable initializer exercised.
s:So13SMPTETimeTypeV8rawValueABSgs6UInt32V_tcfc	implemented	tests/agent/CoreAudioTypesRuntime.swift:optionSet	OptionSet/RawRepresentable initializer exercised.
s:So14AudioTimeStampV07mSampleB005mHostB011mRateScalar010mWordClockB010mSMPTETime6mFlags9mReservedABSd_s6UInt64VSdAKSo0J0VSo0abcK0Vs6UInt32Vtcfc	implemented	tests/agent/CoreAudioTypesRuntime.swift:layout	Empty or memberwise initializer exercised with deterministic values.
s:So14AudioTimeStampVABycfc	implemented	tests/agent/CoreAudioTypesRuntime.swift:layout	Empty or memberwise initializer exercised with deterministic values.
s:So14SMPTETimeFlagsV8rawValueABs6UInt32V_tcfc	implemented	tests/agent/CoreAudioTypesRuntime.swift:optionSet	OptionSet/RawRepresentable initializer exercised.
s:So15AudioBufferListV14mNumberBuffers01mE0ABs6UInt32V_So0aB0Vtcfc	implemented	tests/agent/CoreAudioTypesRuntime.swift:layout	Empty or memberwise initializer exercised with deterministic values.
s:So15AudioBufferListVABycfc	implemented	tests/agent/CoreAudioTypesRuntime.swift:layout	Empty or memberwise initializer exercised with deterministic values.
s:So15AudioValueRangeV8mMinimum8mMaximumABSd_Sdtcfc	implemented	tests/agent/CoreAudioTypesRuntime.swift:layout	Empty or memberwise initializer exercised with deterministic values.
s:So15AudioValueRangeVABycfc	implemented	tests/agent/CoreAudioTypesRuntime.swift:layout	Empty or memberwise initializer exercised with deterministic values.
s:So17AudioChannelFlagsV8rawValueABs6UInt32V_tcfc	implemented	tests/agent/CoreAudioTypesRuntime.swift:optionSet	OptionSet/RawRepresentable initializer exercised.
s:So18AudioChannelBitmapV8rawValueABs6UInt32V_tcfc	implemented	tests/agent/CoreAudioTypesRuntime.swift:optionSet	OptionSet/RawRepresentable initializer exercised.
s:So18AudioChannelLayoutV01mbC3Tag01mB6Bitmap07mNumberB12Descriptions01mbG0ABs6UInt32V_So0abE0VAHSo0aB11DescriptionVtcfc	implemented	tests/agent/CoreAudioTypesRuntime.swift:layout	Empty or memberwise initializer exercised with deterministic values.
s:So18AudioChannelLayoutVABycfc	implemented	tests/agent/CoreAudioTypesRuntime.swift:layout	Empty or memberwise initializer exercised with deterministic values.
s:So19AudioFormatListItemV5mASBD17mChannelLayoutTagABSo0A22StreamBasicDescriptionV_s6UInt32Vtcfc	implemented	tests/agent/CoreAudioTypesRuntime.swift:layout	Empty or memberwise initializer exercised with deterministic values.
s:So19AudioFormatListItemVABycfc	implemented	tests/agent/CoreAudioTypesRuntime.swift:layout	Empty or memberwise initializer exercised with deterministic values.
s:So19AudioTimeStampFlagsV8rawValueABs6UInt32V_tcfc	implemented	tests/agent/CoreAudioTypesRuntime.swift:optionSet	OptionSet/RawRepresentable initializer exercised.
s:So21AudioClassDescriptionV5mType04mSubD013mManufacturerABs6UInt32V_A2Gtcfc	implemented	tests/agent/CoreAudioTypesRuntime.swift:layout	Empty or memberwise initializer exercised with deterministic values.
s:So21AudioClassDescriptionVABycfc	implemented	tests/agent/CoreAudioTypesRuntime.swift:layout	Empty or memberwise initializer exercised with deterministic values.
s:So21AudioValueTranslationV10mInputData01mdE4Size07mOutputE001mgeF0ABSv_s6UInt32VSvAHtcfc	implemented	tests/agent/CoreAudioTypesRuntime.swift:layout	Empty or memberwise initializer exercised with deterministic values.
s:So23AVAudioSessionErrorCodeV8rawValueABSgSi_tcfc	deferred		Requires the canonical AVAudioSession parent from AVFAudio/AVFoundation; CoreAudioTypes must not invent that dependency-owned type.
s:So23AudioChannelDescriptionV01mB5Label01mB5Flags12mCoordinatesABs6UInt32V_So0abE0VSf_S2fttcfc	implemented	tests/agent/CoreAudioTypesRuntime.swift:layout	Empty or memberwise initializer exercised with deterministic values.
s:So23AudioChannelDescriptionVABycfc	implemented	tests/agent/CoreAudioTypesRuntime.swift:layout	Empty or memberwise initializer exercised with deterministic values.
s:So27AudioChannelCoordinateIndexV8rawValueABSgs6UInt32V_tcfc	implemented	tests/agent/CoreAudioTypesRuntime.swift:optionSet	OptionSet/RawRepresentable initializer exercised.
s:So27AudioStreamBasicDescriptionV11mSampleRate9mFormatID01mG5Flags15mBytesPerPacket07mFrameskL001mjK5Frame09mChannelskN005mBitsK7Channel9mReservedABSd_s6UInt32VA7Mtcfc	implemented	tests/agent/CoreAudioTypesRuntime.swift:layout	Empty or memberwise initializer exercised with deterministic values.
s:So27AudioStreamBasicDescriptionVABycfc	implemented	tests/agent/CoreAudioTypesRuntime.swift:layout	Empty or memberwise initializer exercised with deterministic values.
s:So28AudioStreamPacketDescriptionV12mStartOffset017mVariableFramesInC013mDataByteSizeABs5Int64V_s6UInt32VAItcfc	implemented	tests/agent/CoreAudioTypesRuntime.swift:layout	Empty or memberwise initializer exercised with deterministic values.
s:So28AudioStreamPacketDescriptionVABycfc	implemented	tests/agent/CoreAudioTypesRuntime.swift:layout	Empty or memberwise initializer exercised with deterministic values.
s:So38AudioStreamPacketDependencyDescriptionV25mIsIndependentlyDecodable13mPreRollCount6mFlags9mReservedABs6UInt32V_A3Htcfc	implemented	tests/agent/CoreAudioTypesRuntime.swift:layout	Empty or memberwise initializer exercised with deterministic values.
s:So38AudioStreamPacketDependencyDescriptionVABycfc	implemented	tests/agent/CoreAudioTypesRuntime.swift:layout	Empty or memberwise initializer exercised with deterministic values.
s:So9SMPTETimeV10mSubframes16mSubframeDivisor8mCounter5mType6mFlags6mHours8mMinutes8mSeconds7mFramesABs5Int16V_AMs6UInt32VSo0aF0VSo0aG0VA4Mtcfc	implemented	tests/agent/CoreAudioTypesRuntime.swift:layout	Empty or memberwise initializer exercised with deterministic values.
s:So9SMPTETimeVABycfc	implemented	tests/agent/CoreAudioTypesRuntime.swift:layout	Empty or memberwise initializer exercised with deterministic values.
s:s10SetAlgebraPs7ElementQz012ArrayLiteralC0RtzrlE05arrayE0xAFd_tcfc::SYNTHESIZED::c:@E@AudioChannelBitmap	implemented	tests/agent/CoreAudioTypesRuntime.swift:optionSet	OptionSet/RawRepresentable initializer exercised.
s:s10SetAlgebraPs7ElementQz012ArrayLiteralC0RtzrlE05arrayE0xAFd_tcfc::SYNTHESIZED::c:@E@AudioChannelFlags	implemented	tests/agent/CoreAudioTypesRuntime.swift:optionSet	OptionSet/RawRepresentable initializer exercised.
s:s10SetAlgebraPs7ElementQz012ArrayLiteralC0RtzrlE05arrayE0xAFd_tcfc::SYNTHESIZED::c:@E@AudioTimeStampFlags	implemented	tests/agent/CoreAudioTypesRuntime.swift:optionSet	OptionSet/RawRepresentable initializer exercised.
s:s10SetAlgebraPs7ElementQz012ArrayLiteralC0RtzrlE05arrayE0xAFd_tcfc::SYNTHESIZED::c:@E@SMPTETimeFlags	implemented	tests/agent/CoreAudioTypesRuntime.swift:optionSet	OptionSet/RawRepresentable initializer exercised.
s:s10SetAlgebraPsE10isDisjoint4withSbx_tF::SYNTHESIZED::c:@E@AudioChannelBitmap	implemented	tests/agent/CoreAudioTypesRuntime.swift:optionSet	OptionSet/SetAlgebra method exercised.
s:s10SetAlgebraPsE10isDisjoint4withSbx_tF::SYNTHESIZED::c:@E@AudioChannelFlags	implemented	tests/agent/CoreAudioTypesRuntime.swift:optionSet	OptionSet/SetAlgebra method exercised.
s:s10SetAlgebraPsE10isDisjoint4withSbx_tF::SYNTHESIZED::c:@E@AudioTimeStampFlags	implemented	tests/agent/CoreAudioTypesRuntime.swift:optionSet	OptionSet/SetAlgebra method exercised.
s:s10SetAlgebraPsE10isDisjoint4withSbx_tF::SYNTHESIZED::c:@E@SMPTETimeFlags	implemented	tests/agent/CoreAudioTypesRuntime.swift:optionSet	OptionSet/SetAlgebra method exercised.
s:s10SetAlgebraPsE10isSuperset2ofSbx_tF::SYNTHESIZED::c:@E@AudioChannelBitmap	implemented	tests/agent/CoreAudioTypesRuntime.swift:optionSet	OptionSet/SetAlgebra method exercised.
s:s10SetAlgebraPsE10isSuperset2ofSbx_tF::SYNTHESIZED::c:@E@AudioChannelFlags	implemented	tests/agent/CoreAudioTypesRuntime.swift:optionSet	OptionSet/SetAlgebra method exercised.
s:s10SetAlgebraPsE10isSuperset2ofSbx_tF::SYNTHESIZED::c:@E@AudioTimeStampFlags	implemented	tests/agent/CoreAudioTypesRuntime.swift:optionSet	OptionSet/SetAlgebra method exercised.
s:s10SetAlgebraPsE10isSuperset2ofSbx_tF::SYNTHESIZED::c:@E@SMPTETimeFlags	implemented	tests/agent/CoreAudioTypesRuntime.swift:optionSet	OptionSet/SetAlgebra method exercised.
s:s10SetAlgebraPsE11subtractingyxxF::SYNTHESIZED::c:@E@AudioChannelBitmap	implemented	tests/agent/CoreAudioTypesRuntime.swift:optionSet	OptionSet/SetAlgebra method exercised.
s:s10SetAlgebraPsE11subtractingyxxF::SYNTHESIZED::c:@E@AudioChannelFlags	implemented	tests/agent/CoreAudioTypesRuntime.swift:optionSet	OptionSet/SetAlgebra method exercised.
s:s10SetAlgebraPsE11subtractingyxxF::SYNTHESIZED::c:@E@AudioTimeStampFlags	implemented	tests/agent/CoreAudioTypesRuntime.swift:optionSet	OptionSet/SetAlgebra method exercised.
s:s10SetAlgebraPsE11subtractingyxxF::SYNTHESIZED::c:@E@SMPTETimeFlags	implemented	tests/agent/CoreAudioTypesRuntime.swift:optionSet	OptionSet/SetAlgebra method exercised.
s:s10SetAlgebraPsE14isStrictSubset2ofSbx_tF::SYNTHESIZED::c:@E@AudioChannelBitmap	implemented	tests/agent/CoreAudioTypesRuntime.swift:optionSet	OptionSet/SetAlgebra method exercised.
s:s10SetAlgebraPsE14isStrictSubset2ofSbx_tF::SYNTHESIZED::c:@E@AudioChannelFlags	implemented	tests/agent/CoreAudioTypesRuntime.swift:optionSet	OptionSet/SetAlgebra method exercised.
s:s10SetAlgebraPsE14isStrictSubset2ofSbx_tF::SYNTHESIZED::c:@E@AudioTimeStampFlags	implemented	tests/agent/CoreAudioTypesRuntime.swift:optionSet	OptionSet/SetAlgebra method exercised.
s:s10SetAlgebraPsE14isStrictSubset2ofSbx_tF::SYNTHESIZED::c:@E@SMPTETimeFlags	implemented	tests/agent/CoreAudioTypesRuntime.swift:optionSet	OptionSet/SetAlgebra method exercised.
s:s10SetAlgebraPsE16isStrictSuperset2ofSbx_tF::SYNTHESIZED::c:@E@AudioChannelBitmap	implemented	tests/agent/CoreAudioTypesRuntime.swift:optionSet	OptionSet/SetAlgebra method exercised.
s:s10SetAlgebraPsE16isStrictSuperset2ofSbx_tF::SYNTHESIZED::c:@E@AudioChannelFlags	implemented	tests/agent/CoreAudioTypesRuntime.swift:optionSet	OptionSet/SetAlgebra method exercised.
s:s10SetAlgebraPsE16isStrictSuperset2ofSbx_tF::SYNTHESIZED::c:@E@AudioTimeStampFlags	implemented	tests/agent/CoreAudioTypesRuntime.swift:optionSet	OptionSet/SetAlgebra method exercised.
s:s10SetAlgebraPsE16isStrictSuperset2ofSbx_tF::SYNTHESIZED::c:@E@SMPTETimeFlags	implemented	tests/agent/CoreAudioTypesRuntime.swift:optionSet	OptionSet/SetAlgebra method exercised.
s:s10SetAlgebraPsE7isEmptySbvp::SYNTHESIZED::c:@E@AudioChannelBitmap	implemented	tests/agent/CoreAudioTypesRuntime.swift:optionSet	Synthesized protocol property exercised.
s:s10SetAlgebraPsE7isEmptySbvp::SYNTHESIZED::c:@E@AudioChannelFlags	implemented	tests/agent/CoreAudioTypesRuntime.swift:optionSet	Synthesized protocol property exercised.
s:s10SetAlgebraPsE7isEmptySbvp::SYNTHESIZED::c:@E@AudioTimeStampFlags	implemented	tests/agent/CoreAudioTypesRuntime.swift:optionSet	Synthesized protocol property exercised.
s:s10SetAlgebraPsE7isEmptySbvp::SYNTHESIZED::c:@E@SMPTETimeFlags	implemented	tests/agent/CoreAudioTypesRuntime.swift:optionSet	Synthesized protocol property exercised.
s:s10SetAlgebraPsE8isSubset2ofSbx_tF::SYNTHESIZED::c:@E@AudioChannelBitmap	implemented	tests/agent/CoreAudioTypesRuntime.swift:optionSet	OptionSet/SetAlgebra method exercised.
s:s10SetAlgebraPsE8isSubset2ofSbx_tF::SYNTHESIZED::c:@E@AudioChannelFlags	implemented	tests/agent/CoreAudioTypesRuntime.swift:optionSet	OptionSet/SetAlgebra method exercised.
s:s10SetAlgebraPsE8isSubset2ofSbx_tF::SYNTHESIZED::c:@E@AudioTimeStampFlags	implemented	tests/agent/CoreAudioTypesRuntime.swift:optionSet	OptionSet/SetAlgebra method exercised.
s:s10SetAlgebraPsE8isSubset2ofSbx_tF::SYNTHESIZED::c:@E@SMPTETimeFlags	implemented	tests/agent/CoreAudioTypesRuntime.swift:optionSet	OptionSet/SetAlgebra method exercised.
s:s10SetAlgebraPsE8subtractyyxF::SYNTHESIZED::c:@E@AudioChannelBitmap	implemented	tests/agent/CoreAudioTypesRuntime.swift:optionSet	OptionSet/SetAlgebra method exercised.
s:s10SetAlgebraPsE8subtractyyxF::SYNTHESIZED::c:@E@AudioChannelFlags	implemented	tests/agent/CoreAudioTypesRuntime.swift:optionSet	OptionSet/SetAlgebra method exercised.
s:s10SetAlgebraPsE8subtractyyxF::SYNTHESIZED::c:@E@AudioTimeStampFlags	implemented	tests/agent/CoreAudioTypesRuntime.swift:optionSet	OptionSet/SetAlgebra method exercised.
s:s10SetAlgebraPsE8subtractyyxF::SYNTHESIZED::c:@E@SMPTETimeFlags	implemented	tests/agent/CoreAudioTypesRuntime.swift:optionSet	OptionSet/SetAlgebra method exercised.
s:s10SetAlgebraPsEyxqd__ncSTRd__7ElementQyd__ACRtzlufc::SYNTHESIZED::c:@E@AudioChannelBitmap	implemented	tests/agent/CoreAudioTypesRuntime.swift:optionSet	OptionSet/RawRepresentable initializer exercised.
s:s10SetAlgebraPsEyxqd__ncSTRd__7ElementQyd__ACRtzlufc::SYNTHESIZED::c:@E@AudioChannelFlags	implemented	tests/agent/CoreAudioTypesRuntime.swift:optionSet	OptionSet/RawRepresentable initializer exercised.
s:s10SetAlgebraPsEyxqd__ncSTRd__7ElementQyd__ACRtzlufc::SYNTHESIZED::c:@E@AudioTimeStampFlags	implemented	tests/agent/CoreAudioTypesRuntime.swift:optionSet	OptionSet/RawRepresentable initializer exercised.
s:s10SetAlgebraPsEyxqd__ncSTRd__7ElementQyd__ACRtzlufc::SYNTHESIZED::c:@E@SMPTETimeFlags	implemented	tests/agent/CoreAudioTypesRuntime.swift:optionSet	OptionSet/RawRepresentable initializer exercised.
s:s9OptionSetPs7ElementQzRszrlE6insertySb8inserted_x17memberAfterInserttxF::SYNTHESIZED::c:@E@AudioChannelBitmap	implemented	tests/agent/CoreAudioTypesRuntime.swift:optionSet	OptionSet/SetAlgebra method exercised.
s:s9OptionSetPs7ElementQzRszrlE6insertySb8inserted_x17memberAfterInserttxF::SYNTHESIZED::c:@E@AudioChannelFlags	implemented	tests/agent/CoreAudioTypesRuntime.swift:optionSet	OptionSet/SetAlgebra method exercised.
s:s9OptionSetPs7ElementQzRszrlE6insertySb8inserted_x17memberAfterInserttxF::SYNTHESIZED::c:@E@AudioTimeStampFlags	implemented	tests/agent/CoreAudioTypesRuntime.swift:optionSet	OptionSet/SetAlgebra method exercised.
s:s9OptionSetPs7ElementQzRszrlE6insertySb8inserted_x17memberAfterInserttxF::SYNTHESIZED::c:@E@SMPTETimeFlags	implemented	tests/agent/CoreAudioTypesRuntime.swift:optionSet	OptionSet/SetAlgebra method exercised.
s:s9OptionSetPs7ElementQzRszrlE6removeyxSgxF::SYNTHESIZED::c:@E@AudioChannelBitmap	implemented	tests/agent/CoreAudioTypesRuntime.swift:optionSet	OptionSet/SetAlgebra method exercised.
s:s9OptionSetPs7ElementQzRszrlE6removeyxSgxF::SYNTHESIZED::c:@E@AudioChannelFlags	implemented	tests/agent/CoreAudioTypesRuntime.swift:optionSet	OptionSet/SetAlgebra method exercised.
s:s9OptionSetPs7ElementQzRszrlE6removeyxSgxF::SYNTHESIZED::c:@E@AudioTimeStampFlags	implemented	tests/agent/CoreAudioTypesRuntime.swift:optionSet	OptionSet/SetAlgebra method exercised.
s:s9OptionSetPs7ElementQzRszrlE6removeyxSgxF::SYNTHESIZED::c:@E@SMPTETimeFlags	implemented	tests/agent/CoreAudioTypesRuntime.swift:optionSet	OptionSet/SetAlgebra method exercised.
s:s9OptionSetPs7ElementQzRszrlE6update4withxSgx_tF::SYNTHESIZED::c:@E@AudioChannelBitmap	implemented	tests/agent/CoreAudioTypesRuntime.swift:optionSet	OptionSet/SetAlgebra method exercised.
s:s9OptionSetPs7ElementQzRszrlE6update4withxSgx_tF::SYNTHESIZED::c:@E@AudioChannelFlags	implemented	tests/agent/CoreAudioTypesRuntime.swift:optionSet	OptionSet/SetAlgebra method exercised.
s:s9OptionSetPs7ElementQzRszrlE6update4withxSgx_tF::SYNTHESIZED::c:@E@AudioTimeStampFlags	implemented	tests/agent/CoreAudioTypesRuntime.swift:optionSet	OptionSet/SetAlgebra method exercised.
s:s9OptionSetPs7ElementQzRszrlE6update4withxSgx_tF::SYNTHESIZED::c:@E@SMPTETimeFlags	implemented	tests/agent/CoreAudioTypesRuntime.swift:optionSet	OptionSet/SetAlgebra method exercised.
s:s9OptionSetPs7ElementQzRszrlE8containsySbxF::SYNTHESIZED::c:@E@AudioChannelBitmap	implemented	tests/agent/CoreAudioTypesRuntime.swift:optionSet	OptionSet/SetAlgebra method exercised.
s:s9OptionSetPs7ElementQzRszrlE8containsySbxF::SYNTHESIZED::c:@E@AudioChannelFlags	implemented	tests/agent/CoreAudioTypesRuntime.swift:optionSet	OptionSet/SetAlgebra method exercised.
s:s9OptionSetPs7ElementQzRszrlE8containsySbxF::SYNTHESIZED::c:@E@AudioTimeStampFlags	implemented	tests/agent/CoreAudioTypesRuntime.swift:optionSet	OptionSet/SetAlgebra method exercised.
s:s9OptionSetPs7ElementQzRszrlE8containsySbxF::SYNTHESIZED::c:@E@SMPTETimeFlags	implemented	tests/agent/CoreAudioTypesRuntime.swift:optionSet	OptionSet/SetAlgebra method exercised.
s:s9OptionSetPsE12intersectionyxxF::SYNTHESIZED::c:@E@AudioChannelBitmap	implemented	tests/agent/CoreAudioTypesRuntime.swift:optionSet	OptionSet/SetAlgebra method exercised.
s:s9OptionSetPsE12intersectionyxxF::SYNTHESIZED::c:@E@AudioChannelFlags	implemented	tests/agent/CoreAudioTypesRuntime.swift:optionSet	OptionSet/SetAlgebra method exercised.
s:s9OptionSetPsE12intersectionyxxF::SYNTHESIZED::c:@E@AudioTimeStampFlags	implemented	tests/agent/CoreAudioTypesRuntime.swift:optionSet	OptionSet/SetAlgebra method exercised.
s:s9OptionSetPsE12intersectionyxxF::SYNTHESIZED::c:@E@SMPTETimeFlags	implemented	tests/agent/CoreAudioTypesRuntime.swift:optionSet	OptionSet/SetAlgebra method exercised.
s:s9OptionSetPsE19symmetricDifferenceyxxF::SYNTHESIZED::c:@E@AudioChannelBitmap	implemented	tests/agent/CoreAudioTypesRuntime.swift:optionSet	OptionSet/SetAlgebra method exercised.
s:s9OptionSetPsE19symmetricDifferenceyxxF::SYNTHESIZED::c:@E@AudioChannelFlags	implemented	tests/agent/CoreAudioTypesRuntime.swift:optionSet	OptionSet/SetAlgebra method exercised.
s:s9OptionSetPsE19symmetricDifferenceyxxF::SYNTHESIZED::c:@E@AudioTimeStampFlags	implemented	tests/agent/CoreAudioTypesRuntime.swift:optionSet	OptionSet/SetAlgebra method exercised.
s:s9OptionSetPsE19symmetricDifferenceyxxF::SYNTHESIZED::c:@E@SMPTETimeFlags	implemented	tests/agent/CoreAudioTypesRuntime.swift:optionSet	OptionSet/SetAlgebra method exercised.
s:s9OptionSetPsE5unionyxxF::SYNTHESIZED::c:@E@AudioChannelBitmap	implemented	tests/agent/CoreAudioTypesRuntime.swift:optionSet	OptionSet/SetAlgebra method exercised.
s:s9OptionSetPsE5unionyxxF::SYNTHESIZED::c:@E@AudioChannelFlags	implemented	tests/agent/CoreAudioTypesRuntime.swift:optionSet	OptionSet/SetAlgebra method exercised.
s:s9OptionSetPsE5unionyxxF::SYNTHESIZED::c:@E@AudioTimeStampFlags	implemented	tests/agent/CoreAudioTypesRuntime.swift:optionSet	OptionSet/SetAlgebra method exercised.
s:s9OptionSetPsE5unionyxxF::SYNTHESIZED::c:@E@SMPTETimeFlags	implemented	tests/agent/CoreAudioTypesRuntime.swift:optionSet	OptionSet/SetAlgebra method exercised.
s:s9OptionSetPss17FixedWidthInteger8RawValueRpzrlE16formIntersectionyyxF::SYNTHESIZED::c:@E@AudioChannelBitmap	implemented	tests/agent/CoreAudioTypesRuntime.swift:optionSet	OptionSet/SetAlgebra method exercised.
s:s9OptionSetPss17FixedWidthInteger8RawValueRpzrlE16formIntersectionyyxF::SYNTHESIZED::c:@E@AudioChannelFlags	implemented	tests/agent/CoreAudioTypesRuntime.swift:optionSet	OptionSet/SetAlgebra method exercised.
s:s9OptionSetPss17FixedWidthInteger8RawValueRpzrlE16formIntersectionyyxF::SYNTHESIZED::c:@E@AudioTimeStampFlags	implemented	tests/agent/CoreAudioTypesRuntime.swift:optionSet	OptionSet/SetAlgebra method exercised.
s:s9OptionSetPss17FixedWidthInteger8RawValueRpzrlE16formIntersectionyyxF::SYNTHESIZED::c:@E@SMPTETimeFlags	implemented	tests/agent/CoreAudioTypesRuntime.swift:optionSet	OptionSet/SetAlgebra method exercised.
s:s9OptionSetPss17FixedWidthInteger8RawValueRpzrlE23formSymmetricDifferenceyyxF::SYNTHESIZED::c:@E@AudioChannelBitmap	implemented	tests/agent/CoreAudioTypesRuntime.swift:optionSet	OptionSet/SetAlgebra method exercised.
s:s9OptionSetPss17FixedWidthInteger8RawValueRpzrlE23formSymmetricDifferenceyyxF::SYNTHESIZED::c:@E@AudioChannelFlags	implemented	tests/agent/CoreAudioTypesRuntime.swift:optionSet	OptionSet/SetAlgebra method exercised.
s:s9OptionSetPss17FixedWidthInteger8RawValueRpzrlE23formSymmetricDifferenceyyxF::SYNTHESIZED::c:@E@AudioTimeStampFlags	implemented	tests/agent/CoreAudioTypesRuntime.swift:optionSet	OptionSet/SetAlgebra method exercised.
s:s9OptionSetPss17FixedWidthInteger8RawValueRpzrlE23formSymmetricDifferenceyyxF::SYNTHESIZED::c:@E@SMPTETimeFlags	implemented	tests/agent/CoreAudioTypesRuntime.swift:optionSet	OptionSet/SetAlgebra method exercised.
s:s9OptionSetPss17FixedWidthInteger8RawValueRpzrlE9formUnionyyxF::SYNTHESIZED::c:@E@AudioChannelBitmap	implemented	tests/agent/CoreAudioTypesRuntime.swift:optionSet	OptionSet/SetAlgebra method exercised.
s:s9OptionSetPss17FixedWidthInteger8RawValueRpzrlE9formUnionyyxF::SYNTHESIZED::c:@E@AudioChannelFlags	implemented	tests/agent/CoreAudioTypesRuntime.swift:optionSet	OptionSet/SetAlgebra method exercised.
s:s9OptionSetPss17FixedWidthInteger8RawValueRpzrlE9formUnionyyxF::SYNTHESIZED::c:@E@AudioTimeStampFlags	implemented	tests/agent/CoreAudioTypesRuntime.swift:optionSet	OptionSet/SetAlgebra method exercised.
s:s9OptionSetPss17FixedWidthInteger8RawValueRpzrlE9formUnionyyxF::SYNTHESIZED::c:@E@SMPTETimeFlags	implemented	tests/agent/CoreAudioTypesRuntime.swift:optionSet	OptionSet/SetAlgebra method exercised.
s:s9OptionSetPss17FixedWidthInteger8RawValueRpzrlExycfc::SYNTHESIZED::c:@E@AudioChannelBitmap	implemented	tests/agent/CoreAudioTypesRuntime.swift:layout	Empty or memberwise initializer exercised with deterministic values.
s:s9OptionSetPss17FixedWidthInteger8RawValueRpzrlExycfc::SYNTHESIZED::c:@E@AudioChannelFlags	implemented	tests/agent/CoreAudioTypesRuntime.swift:layout	Empty or memberwise initializer exercised with deterministic values.
s:s9OptionSetPss17FixedWidthInteger8RawValueRpzrlExycfc::SYNTHESIZED::c:@E@AudioTimeStampFlags	implemented	tests/agent/CoreAudioTypesRuntime.swift:layout	Empty or memberwise initializer exercised with deterministic values.
s:s9OptionSetPss17FixedWidthInteger8RawValueRpzrlExycfc::SYNTHESIZED::c:@E@SMPTETimeFlags	implemented	tests/agent/CoreAudioTypesRuntime.swift:layout	Empty or memberwise initializer exercised with deterministic values.
