precise	status	evidence	notes
::SYNTHESIZED::c:@T@MPSPackedFloat3	deferred		CNN/ray/NDArray/GPU encode not in this Linux starting partition; no Metal command encoder
c:@E@MPSAccelerationStructureStatus	implemented	full/metalperformanceshaders/MPSTypes.swift	Linux host implementation from pinned public-surface overlay
c:@E@MPSAccelerationStructureStatus@MPSAccelerationStructureStatusBuilt	implemented	full/metalperformanceshaders/MPSTypes.swift	Linux host implementation from pinned public-surface overlay
c:@E@MPSAccelerationStructureStatus@MPSAccelerationStructureStatusUnbuilt	implemented	full/metalperformanceshaders/MPSTypes.swift	Linux host implementation from pinned public-surface overlay
c:@E@MPSAccelerationStructureUsage	implemented	full/metalperformanceshaders/MPSTypes.swift	Linux host implementation from pinned public-surface overlay
c:@E@MPSAccelerationStructureUsage@MPSAccelerationStructureUsageFrequentRebuild	implemented	full/metalperformanceshaders/MPSTypes.swift	Linux host implementation from pinned public-surface overlay
c:@E@MPSAccelerationStructureUsage@MPSAccelerationStructureUsagePreferCPUBuild	implemented	full/metalperformanceshaders/MPSTypes.swift	Linux host implementation from pinned public-surface overlay
c:@E@MPSAccelerationStructureUsage@MPSAccelerationStructureUsagePreferGPUBuild	implemented	full/metalperformanceshaders/MPSTypes.swift	Linux host implementation from pinned public-surface overlay
c:@E@MPSAccelerationStructureUsage@MPSAccelerationStructureUsageRefit	implemented	full/metalperformanceshaders/MPSTypes.swift	Linux host implementation from pinned public-surface overlay
c:@E@MPSAliasingStrategy	implemented	full/metalperformanceshaders/MPSTypes.swift	Linux host implementation from pinned public-surface overlay
c:@E@MPSAliasingStrategy@MPSAliasingStrategyAliasingReserved	implemented	full/metalperformanceshaders/MPSTypes.swift	Linux host implementation from pinned public-surface overlay
c:@E@MPSAliasingStrategy@MPSAliasingStrategyDefault	implemented	full/metalperformanceshaders/MPSTypes.swift	Linux host implementation from pinned public-surface overlay
c:@E@MPSAliasingStrategy@MPSAliasingStrategyPreferNonTemporaryMemory	implemented	full/metalperformanceshaders/MPSTypes.swift	Linux host implementation from pinned public-surface overlay
c:@E@MPSAliasingStrategy@MPSAliasingStrategyPreferTemporaryMemory	implemented	full/metalperformanceshaders/MPSTypes.swift	Linux host implementation from pinned public-surface overlay
c:@E@MPSAliasingStrategy@MPSAliasingStrategyShallAlias	implemented	full/metalperformanceshaders/MPSTypes.swift	Linux host implementation from pinned public-surface overlay
c:@E@MPSAliasingStrategy@MPSAliasingStrategyShallNotAlias	implemented	full/metalperformanceshaders/MPSTypes.swift	Linux host implementation from pinned public-surface overlay
c:@E@MPSAlphaType	implemented	full/metalperformanceshaders/MPSTypes.swift	Linux host implementation from pinned public-surface overlay
c:@E@MPSAlphaType@MPSAlphaTypeAlphaIsOne	implemented	full/metalperformanceshaders/MPSTypes.swift	Linux host implementation from pinned public-surface overlay
c:@E@MPSAlphaType@MPSAlphaTypeNonPremultiplied	implemented	full/metalperformanceshaders/MPSTypes.swift	Linux host implementation from pinned public-surface overlay
c:@E@MPSAlphaType@MPSAlphaTypePremultiplied	implemented	full/metalperformanceshaders/MPSTypes.swift	Linux host implementation from pinned public-surface overlay
c:@E@MPSBoundingBoxIntersectionTestType	implemented	full/metalperformanceshaders/MPSTypes.swift	Linux host implementation from pinned public-surface overlay
c:@E@MPSBoundingBoxIntersectionTestType@MPSBoundingBoxIntersectionTestTypeAxisAligned	implemented	full/metalperformanceshaders/MPSTypes.swift	Linux host implementation from pinned public-surface overlay
c:@E@MPSBoundingBoxIntersectionTestType@MPSBoundingBoxIntersectionTestTypeDefault	implemented	full/metalperformanceshaders/MPSTypes.swift	Linux host implementation from pinned public-surface overlay
c:@E@MPSBoundingBoxIntersectionTestType@MPSBoundingBoxIntersectionTestTypeFast	implemented	full/metalperformanceshaders/MPSTypes.swift	Linux host implementation from pinned public-surface overlay
c:@E@MPSCNNBatchNormalizationFlags	implemented	full/metalperformanceshaders/MPSTypes.swift	Linux host implementation from pinned public-surface overlay
c:@E@MPSCNNBatchNormalizationFlags@MPSCNNBatchNormalizationFlagsCalculateStatisticsAlways	implemented	full/metalperformanceshaders/MPSTypes.swift	Linux host implementation from pinned public-surface overlay
c:@E@MPSCNNBatchNormalizationFlags@MPSCNNBatchNormalizationFlagsCalculateStatisticsAutomatic	implemented	full/metalperformanceshaders/MPSTypes.swift	Linux host implementation from pinned public-surface overlay
c:@E@MPSCNNBatchNormalizationFlags@MPSCNNBatchNormalizationFlagsCalculateStatisticsMask	implemented	full/metalperformanceshaders/MPSTypes.swift	Linux host implementation from pinned public-surface overlay
c:@E@MPSCNNBatchNormalizationFlags@MPSCNNBatchNormalizationFlagsCalculateStatisticsNever	implemented	full/metalperformanceshaders/MPSTypes.swift	Linux host implementation from pinned public-surface overlay
c:@E@MPSCNNBatchNormalizationFlags@MPSCNNBatchNormalizationFlagsDefault	implemented	full/metalperformanceshaders/MPSTypes.swift	Linux host implementation from pinned public-surface overlay
c:@E@MPSCNNBinaryConvolutionFlags	implemented	full/metalperformanceshaders/MPSTypes.swift	Linux host implementation from pinned public-surface overlay
c:@E@MPSCNNBinaryConvolutionFlags@MPSCNNBinaryConvolutionFlagsNone	implemented	full/metalperformanceshaders/MPSTypes.swift	Linux host implementation from pinned public-surface overlay
c:@E@MPSCNNBinaryConvolutionFlags@MPSCNNBinaryConvolutionFlagsUseBetaScaling	implemented	full/metalperformanceshaders/MPSTypes.swift	Linux host implementation from pinned public-surface overlay
c:@E@MPSCNNBinaryConvolutionType	implemented	full/metalperformanceshaders/MPSTypes.swift	Linux host implementation from pinned public-surface overlay
c:@E@MPSCNNBinaryConvolutionType@MPSCNNBinaryConvolutionTypeAND	implemented	full/metalperformanceshaders/MPSTypes.swift	Linux host implementation from pinned public-surface overlay
c:@E@MPSCNNBinaryConvolutionType@MPSCNNBinaryConvolutionTypeBinaryWeights	implemented	full/metalperformanceshaders/MPSTypes.swift	Linux host implementation from pinned public-surface overlay
c:@E@MPSCNNBinaryConvolutionType@MPSCNNBinaryConvolutionTypeXNOR	implemented	full/metalperformanceshaders/MPSTypes.swift	Linux host implementation from pinned public-surface overlay
c:@E@MPSCNNConvolutionFlags	implemented	full/metalperformanceshaders/MPSTypes.swift	Linux host implementation from pinned public-surface overlay
c:@E@MPSCNNConvolutionFlags@MPSCNNConvolutionFlagsNone	implemented	full/metalperformanceshaders/MPSTypes.swift	Linux host implementation from pinned public-surface overlay
c:@E@MPSCNNConvolutionGradientOption	implemented	full/metalperformanceshaders/MPSTypes.swift	Linux host implementation from pinned public-surface overlay
c:@E@MPSCNNConvolutionGradientOption@MPSCNNConvolutionGradientOptionAll	implemented	full/metalperformanceshaders/MPSTypes.swift	Linux host implementation from pinned public-surface overlay
c:@E@MPSCNNConvolutionGradientOption@MPSCNNConvolutionGradientOptionGradientWithData	implemented	full/metalperformanceshaders/MPSTypes.swift	Linux host implementation from pinned public-surface overlay
c:@E@MPSCNNConvolutionGradientOption@MPSCNNConvolutionGradientOptionGradientWithWeightsAndBias	implemented	full/metalperformanceshaders/MPSTypes.swift	Linux host implementation from pinned public-surface overlay
c:@E@MPSCNNConvolutionWeightsLayout	implemented	full/metalperformanceshaders/MPSTypes.swift	Linux host implementation from pinned public-surface overlay
c:@E@MPSCNNConvolutionWeightsLayout@MPSCNNConvolutionWeightsLayoutOHWI	implemented	full/metalperformanceshaders/MPSTypes.swift	Linux host implementation from pinned public-surface overlay
c:@E@MPSCNNLossType	implemented	full/metalperformanceshaders/MPSTypes.swift	Linux host implementation from pinned public-surface overlay
c:@E@MPSCNNLossType@MPSCNNLossTypeCategoricalCrossEntropy	implemented	full/metalperformanceshaders/MPSTypes.swift	Linux host implementation from pinned public-surface overlay
c:@E@MPSCNNLossType@MPSCNNLossTypeCosineDistance	implemented	full/metalperformanceshaders/MPSTypes.swift	Linux host implementation from pinned public-surface overlay
c:@E@MPSCNNLossType@MPSCNNLossTypeCount	implemented	full/metalperformanceshaders/MPSTypes.swift	Linux host implementation from pinned public-surface overlay
c:@E@MPSCNNLossType@MPSCNNLossTypeHinge	implemented	full/metalperformanceshaders/MPSTypes.swift	Linux host implementation from pinned public-surface overlay
c:@E@MPSCNNLossType@MPSCNNLossTypeHuber	implemented	full/metalperformanceshaders/MPSTypes.swift	Linux host implementation from pinned public-surface overlay
c:@E@MPSCNNLossType@MPSCNNLossTypeKullbackLeiblerDivergence	implemented	full/metalperformanceshaders/MPSTypes.swift	Linux host implementation from pinned public-surface overlay
c:@E@MPSCNNLossType@MPSCNNLossTypeLog	implemented	full/metalperformanceshaders/MPSTypes.swift	Linux host implementation from pinned public-surface overlay
c:@E@MPSCNNLossType@MPSCNNLossTypeMeanAbsoluteError	implemented	full/metalperformanceshaders/MPSTypes.swift	Linux host implementation from pinned public-surface overlay
c:@E@MPSCNNLossType@MPSCNNLossTypeMeanSquaredError	implemented	full/metalperformanceshaders/MPSTypes.swift	Linux host implementation from pinned public-surface overlay
c:@E@MPSCNNLossType@MPSCNNLossTypeSigmoidCrossEntropy	implemented	full/metalperformanceshaders/MPSTypes.swift	Linux host implementation from pinned public-surface overlay
c:@E@MPSCNNLossType@MPSCNNLossTypeSoftMaxCrossEntropy	implemented	full/metalperformanceshaders/MPSTypes.swift	Linux host implementation from pinned public-surface overlay
c:@E@MPSCNNNeuronType	implemented	full/metalperformanceshaders/MPSTypes.swift	Linux host implementation from pinned public-surface overlay
c:@E@MPSCNNNeuronType@MPSCNNNeuronTypeAbsolute	implemented	full/metalperformanceshaders/MPSTypes.swift	Linux host implementation from pinned public-surface overlay
c:@E@MPSCNNNeuronType@MPSCNNNeuronTypeCount	implemented	full/metalperformanceshaders/MPSTypes.swift	Linux host implementation from pinned public-surface overlay
c:@E@MPSCNNNeuronType@MPSCNNNeuronTypeELU	implemented	full/metalperformanceshaders/MPSTypes.swift	Linux host implementation from pinned public-surface overlay
c:@E@MPSCNNNeuronType@MPSCNNNeuronTypeExponential	implemented	full/metalperformanceshaders/MPSTypes.swift	Linux host implementation from pinned public-surface overlay
c:@E@MPSCNNNeuronType@MPSCNNNeuronTypeGeLU	implemented	full/metalperformanceshaders/MPSTypes.swift	Linux host implementation from pinned public-surface overlay
c:@E@MPSCNNNeuronType@MPSCNNNeuronTypeHardSigmoid	implemented	full/metalperformanceshaders/MPSTypes.swift	Linux host implementation from pinned public-surface overlay
c:@E@MPSCNNNeuronType@MPSCNNNeuronTypeLinear	implemented	full/metalperformanceshaders/MPSTypes.swift	Linux host implementation from pinned public-surface overlay
c:@E@MPSCNNNeuronType@MPSCNNNeuronTypeLogarithm	implemented	full/metalperformanceshaders/MPSTypes.swift	Linux host implementation from pinned public-surface overlay
c:@E@MPSCNNNeuronType@MPSCNNNeuronTypeNone	implemented	full/metalperformanceshaders/MPSTypes.swift	Linux host implementation from pinned public-surface overlay
c:@E@MPSCNNNeuronType@MPSCNNNeuronTypePReLU	implemented	full/metalperformanceshaders/MPSTypes.swift	Linux host implementation from pinned public-surface overlay
c:@E@MPSCNNNeuronType@MPSCNNNeuronTypePower	implemented	full/metalperformanceshaders/MPSTypes.swift	Linux host implementation from pinned public-surface overlay
c:@E@MPSCNNNeuronType@MPSCNNNeuronTypeReLU	implemented	full/metalperformanceshaders/MPSTypes.swift	Linux host implementation from pinned public-surface overlay
c:@E@MPSCNNNeuronType@MPSCNNNeuronTypeReLUN	implemented	full/metalperformanceshaders/MPSTypes.swift	Linux host implementation from pinned public-surface overlay
c:@E@MPSCNNNeuronType@MPSCNNNeuronTypeSigmoid	implemented	full/metalperformanceshaders/MPSTypes.swift	Linux host implementation from pinned public-surface overlay
c:@E@MPSCNNNeuronType@MPSCNNNeuronTypeSoftPlus	implemented	full/metalperformanceshaders/MPSTypes.swift	Linux host implementation from pinned public-surface overlay
c:@E@MPSCNNNeuronType@MPSCNNNeuronTypeSoftSign	implemented	full/metalperformanceshaders/MPSTypes.swift	Linux host implementation from pinned public-surface overlay
c:@E@MPSCNNNeuronType@MPSCNNNeuronTypeTanH	implemented	full/metalperformanceshaders/MPSTypes.swift	Linux host implementation from pinned public-surface overlay
c:@E@MPSCNNReductionType	implemented	full/metalperformanceshaders/MPSTypes.swift	Linux host implementation from pinned public-surface overlay
c:@E@MPSCNNReductionType@MPSCNNReductionTypeCount	implemented	full/metalperformanceshaders/MPSTypes.swift	Linux host implementation from pinned public-surface overlay
c:@E@MPSCNNReductionType@MPSCNNReductionTypeMean	implemented	full/metalperformanceshaders/MPSTypes.swift	Linux host implementation from pinned public-surface overlay
c:@E@MPSCNNReductionType@MPSCNNReductionTypeNone	implemented	full/metalperformanceshaders/MPSTypes.swift	Linux host implementation from pinned public-surface overlay
c:@E@MPSCNNReductionType@MPSCNNReductionTypeSum	implemented	full/metalperformanceshaders/MPSTypes.swift	Linux host implementation from pinned public-surface overlay
c:@E@MPSCNNReductionType@MPSCNNReductionTypeSumByNonZeroWeights	implemented	full/metalperformanceshaders/MPSTypes.swift	Linux host implementation from pinned public-surface overlay
c:@E@MPSCNNWeightsQuantizationType	implemented	full/metalperformanceshaders/MPSTypes.swift	Linux host implementation from pinned public-surface overlay
c:@E@MPSCNNWeightsQuantizationType@MPSCNNWeightsQuantizationTypeLinear	implemented	full/metalperformanceshaders/MPSTypes.swift	Linux host implementation from pinned public-surface overlay
c:@E@MPSCNNWeightsQuantizationType@MPSCNNWeightsQuantizationTypeLookupTable	implemented	full/metalperformanceshaders/MPSTypes.swift	Linux host implementation from pinned public-surface overlay
c:@E@MPSCNNWeightsQuantizationType@MPSCNNWeightsQuantizationTypeNone	implemented	full/metalperformanceshaders/MPSTypes.swift	Linux host implementation from pinned public-surface overlay
c:@E@MPSDataLayout	implemented	full/metalperformanceshaders/MPSTypes.swift	Linux host implementation from pinned public-surface overlay
c:@E@MPSDataLayout@MPSDataLayoutFeatureChannelsxHeightxWidth	implemented	full/metalperformanceshaders/MPSTypes.swift	Linux host implementation from pinned public-surface overlay
c:@E@MPSDataLayout@MPSDataLayoutHeightxWidthxFeatureChannels	implemented	full/metalperformanceshaders/MPSTypes.swift	Linux host implementation from pinned public-surface overlay
c:@E@MPSDataType	implemented	full/metalperformanceshaders/MPSTypes.swift	Linux host implementation from pinned public-surface overlay
c:@E@MPSDataType@MPSDataTypeAlternateEncodingBit	implemented	full/metalperformanceshaders/MPSTypes.swift	Linux host implementation from pinned public-surface overlay
c:@E@MPSDataType@MPSDataTypeBFloat16	implemented	full/metalperformanceshaders/MPSTypes.swift	Linux host implementation from pinned public-surface overlay
c:@E@MPSDataType@MPSDataTypeBool	implemented	full/metalperformanceshaders/MPSTypes.swift	Linux host implementation from pinned public-surface overlay
c:@E@MPSDataType@MPSDataTypeComplexBit	implemented	full/metalperformanceshaders/MPSTypes.swift	Linux host implementation from pinned public-surface overlay
c:@E@MPSDataType@MPSDataTypeComplexFloat16	implemented	full/metalperformanceshaders/MPSTypes.swift	Linux host implementation from pinned public-surface overlay
c:@E@MPSDataType@MPSDataTypeComplexFloat32	implemented	full/metalperformanceshaders/MPSTypes.swift	Linux host implementation from pinned public-surface overlay
c:@E@MPSDataType@MPSDataTypeFloat16	implemented	full/metalperformanceshaders/MPSTypes.swift	Linux host implementation from pinned public-surface overlay
c:@E@MPSDataType@MPSDataTypeFloat32	implemented	full/metalperformanceshaders/MPSTypes.swift	Linux host implementation from pinned public-surface overlay
c:@E@MPSDataType@MPSDataTypeFloatBit	implemented	full/metalperformanceshaders/MPSTypes.swift	Linux host implementation from pinned public-surface overlay
c:@E@MPSDataType@MPSDataTypeInt16	implemented	full/metalperformanceshaders/MPSTypes.swift	Linux host implementation from pinned public-surface overlay
c:@E@MPSDataType@MPSDataTypeInt2	implemented	full/metalperformanceshaders/MPSTypes.swift	Linux host implementation from pinned public-surface overlay
c:@E@MPSDataType@MPSDataTypeInt32	implemented	full/metalperformanceshaders/MPSTypes.swift	Linux host implementation from pinned public-surface overlay
c:@E@MPSDataType@MPSDataTypeInt4	implemented	full/metalperformanceshaders/MPSTypes.swift	Linux host implementation from pinned public-surface overlay
c:@E@MPSDataType@MPSDataTypeInt64	implemented	full/metalperformanceshaders/MPSTypes.swift	Linux host implementation from pinned public-surface overlay
c:@E@MPSDataType@MPSDataTypeInt8	implemented	full/metalperformanceshaders/MPSTypes.swift	Linux host implementation from pinned public-surface overlay
c:@E@MPSDataType@MPSDataTypeIntBit	implemented	full/metalperformanceshaders/MPSTypes.swift	Linux host implementation from pinned public-surface overlay
c:@E@MPSDataType@MPSDataTypeInvalid	implemented	full/metalperformanceshaders/MPSTypes.swift	Linux host implementation from pinned public-surface overlay
c:@E@MPSDataType@MPSDataTypeNormalizedBit	implemented	full/metalperformanceshaders/MPSTypes.swift	Linux host implementation from pinned public-surface overlay
c:@E@MPSDataType@MPSDataTypeSignedBit	implemented	full/metalperformanceshaders/MPSTypes.swift	Linux host implementation from pinned public-surface overlay
c:@E@MPSDataType@MPSDataTypeUInt16	implemented	full/metalperformanceshaders/MPSTypes.swift	Linux host implementation from pinned public-surface overlay
c:@E@MPSDataType@MPSDataTypeUInt2	implemented	full/metalperformanceshaders/MPSTypes.swift	Linux host implementation from pinned public-surface overlay
c:@E@MPSDataType@MPSDataTypeUInt32	implemented	full/metalperformanceshaders/MPSTypes.swift	Linux host implementation from pinned public-surface overlay
c:@E@MPSDataType@MPSDataTypeUInt4	implemented	full/metalperformanceshaders/MPSTypes.swift	Linux host implementation from pinned public-surface overlay
c:@E@MPSDataType@MPSDataTypeUInt64	implemented	full/metalperformanceshaders/MPSTypes.swift	Linux host implementation from pinned public-surface overlay
c:@E@MPSDataType@MPSDataTypeUInt8	implemented	full/metalperformanceshaders/MPSTypes.swift	Linux host implementation from pinned public-surface overlay
c:@E@MPSDataType@MPSDataTypeUnorm1	implemented	full/metalperformanceshaders/MPSTypes.swift	Linux host implementation from pinned public-surface overlay
c:@E@MPSDataType@MPSDataTypeUnorm8	implemented	full/metalperformanceshaders/MPSTypes.swift	Linux host implementation from pinned public-surface overlay
c:@E@MPSDeviceOptions	implemented	full/metalperformanceshaders/MPSTypes.swift	Linux host implementation from pinned public-surface overlay
c:@E@MPSDeviceOptions@MPSDeviceOptionsDefault	implemented	full/metalperformanceshaders/MPSTypes.swift	Linux host implementation from pinned public-surface overlay
c:@E@MPSDeviceOptions@MPSDeviceOptionsLowPower	implemented	full/metalperformanceshaders/MPSTypes.swift	Linux host implementation from pinned public-surface overlay
c:@E@MPSDeviceOptions@MPSDeviceOptionsSkipRemovable	implemented	full/metalperformanceshaders/MPSTypes.swift	Linux host implementation from pinned public-surface overlay
c:@E@MPSFloatDataTypeBit	implemented	full/metalperformanceshaders/MPSTypes.swift	Linux host implementation from pinned public-surface overlay
c:@E@MPSFloatDataTypeBit@MPSFloatDataTypeExponentBit	implemented	full/metalperformanceshaders/MPSTypes.swift	Linux host implementation from pinned public-surface overlay
c:@E@MPSFloatDataTypeBit@MPSFloatDataTypeMantissaBit	implemented	full/metalperformanceshaders/MPSTypes.swift	Linux host implementation from pinned public-surface overlay
c:@E@MPSFloatDataTypeBit@MPSFloatDataTypeSignBit	implemented	full/metalperformanceshaders/MPSTypes.swift	Linux host implementation from pinned public-surface overlay
c:@E@MPSFloatDataTypeShift	implemented	full/metalperformanceshaders/MPSTypes.swift	Linux host implementation from pinned public-surface overlay
c:@E@MPSFloatDataTypeShift@MPSFloatDataTypeExponentShift	implemented	full/metalperformanceshaders/MPSTypes.swift	Linux host implementation from pinned public-surface overlay
c:@E@MPSFloatDataTypeShift@MPSFloatDataTypeMantissaShift	implemented	full/metalperformanceshaders/MPSTypes.swift	Linux host implementation from pinned public-surface overlay
c:@E@MPSFloatDataTypeShift@MPSFloatDataTypeSignShift	implemented	full/metalperformanceshaders/MPSTypes.swift	Linux host implementation from pinned public-surface overlay
c:@E@MPSImageEdgeMode	implemented	full/metalperformanceshaders/MPSTypes.swift	Linux host implementation from pinned public-surface overlay
c:@E@MPSImageEdgeMode@MPSImageEdgeModeClamp	implemented	full/metalperformanceshaders/MPSTypes.swift	Linux host implementation from pinned public-surface overlay
c:@E@MPSImageEdgeMode@MPSImageEdgeModeConstant	implemented	full/metalperformanceshaders/MPSTypes.swift	Linux host implementation from pinned public-surface overlay
c:@E@MPSImageEdgeMode@MPSImageEdgeModeMirror	implemented	full/metalperformanceshaders/MPSTypes.swift	Linux host implementation from pinned public-surface overlay
c:@E@MPSImageEdgeMode@MPSImageEdgeModeMirrorWithEdge	implemented	full/metalperformanceshaders/MPSTypes.swift	Linux host implementation from pinned public-surface overlay
c:@E@MPSImageEdgeMode@MPSImageEdgeModeZero	implemented	full/metalperformanceshaders/MPSTypes.swift	Linux host implementation from pinned public-surface overlay
c:@E@MPSImageFeatureChannelFormat	implemented	full/metalperformanceshaders/MPSTypes.swift	Linux host implementation from pinned public-surface overlay
c:@E@MPSImageFeatureChannelFormat@MPSImageFeatureChannelFormatCount	implemented	full/metalperformanceshaders/MPSTypes.swift	Linux host implementation from pinned public-surface overlay
c:@E@MPSImageFeatureChannelFormat@MPSImageFeatureChannelFormatFloat16	implemented	full/metalperformanceshaders/MPSTypes.swift	Linux host implementation from pinned public-surface overlay
c:@E@MPSImageFeatureChannelFormat@MPSImageFeatureChannelFormatFloat32	implemented	full/metalperformanceshaders/MPSTypes.swift	Linux host implementation from pinned public-surface overlay
c:@E@MPSImageFeatureChannelFormat@MPSImageFeatureChannelFormatNone	implemented	full/metalperformanceshaders/MPSTypes.swift	Linux host implementation from pinned public-surface overlay
c:@E@MPSImageFeatureChannelFormat@MPSImageFeatureChannelFormatUnorm16	implemented	full/metalperformanceshaders/MPSTypes.swift	Linux host implementation from pinned public-surface overlay
c:@E@MPSImageFeatureChannelFormat@MPSImageFeatureChannelFormatUnorm8	implemented	full/metalperformanceshaders/MPSTypes.swift	Linux host implementation from pinned public-surface overlay
c:@E@MPSIntersectionDataType	implemented	full/metalperformanceshaders/MPSTypes.swift	Linux host implementation from pinned public-surface overlay
c:@E@MPSIntersectionDataType@MPSIntersectionDataTypeDistance	implemented	full/metalperformanceshaders/MPSTypes.swift	Linux host implementation from pinned public-surface overlay
c:@E@MPSIntersectionDataType@MPSIntersectionDataTypeDistancePrimitiveIndex	implemented	full/metalperformanceshaders/MPSTypes.swift	Linux host implementation from pinned public-surface overlay
c:@E@MPSIntersectionDataType@MPSIntersectionDataTypeDistancePrimitiveIndexBufferIndex	implemented	full/metalperformanceshaders/MPSTypes.swift	Linux host implementation from pinned public-surface overlay
c:@E@MPSIntersectionDataType@MPSIntersectionDataTypeDistancePrimitiveIndexBufferIndexCoordinates	implemented	full/metalperformanceshaders/MPSTypes.swift	Linux host implementation from pinned public-surface overlay
c:@E@MPSIntersectionDataType@MPSIntersectionDataTypeDistancePrimitiveIndexBufferIndexInstanceIndex	implemented	full/metalperformanceshaders/MPSTypes.swift	Linux host implementation from pinned public-surface overlay
c:@E@MPSIntersectionDataType@MPSIntersectionDataTypeDistancePrimitiveIndexBufferIndexInstanceIndexCoordinates	implemented	full/metalperformanceshaders/MPSTypes.swift	Linux host implementation from pinned public-surface overlay
c:@E@MPSIntersectionDataType@MPSIntersectionDataTypeDistancePrimitiveIndexCoordinates	implemented	full/metalperformanceshaders/MPSTypes.swift	Linux host implementation from pinned public-surface overlay
c:@E@MPSIntersectionDataType@MPSIntersectionDataTypeDistancePrimitiveIndexInstanceIndex	implemented	full/metalperformanceshaders/MPSTypes.swift	Linux host implementation from pinned public-surface overlay
c:@E@MPSIntersectionDataType@MPSIntersectionDataTypeDistancePrimitiveIndexInstanceIndexCoordinates	implemented	full/metalperformanceshaders/MPSTypes.swift	Linux host implementation from pinned public-surface overlay
c:@E@MPSIntersectionType	implemented	full/metalperformanceshaders/MPSTypes.swift	Linux host implementation from pinned public-surface overlay
c:@E@MPSIntersectionType@MPSIntersectionTypeAny	implemented	full/metalperformanceshaders/MPSTypes.swift	Linux host implementation from pinned public-surface overlay
c:@E@MPSIntersectionType@MPSIntersectionTypeNearest	implemented	full/metalperformanceshaders/MPSTypes.swift	Linux host implementation from pinned public-surface overlay
c:@E@MPSKernelOptions	implemented	full/metalperformanceshaders/MPSTypes.swift	Linux host implementation from pinned public-surface overlay
c:@E@MPSKernelOptions@MPSKernelOptionsAllowReducedPrecision	implemented	full/metalperformanceshaders/MPSTypes.swift	Linux host implementation from pinned public-surface overlay
c:@E@MPSKernelOptions@MPSKernelOptionsDisableInternalTiling	implemented	full/metalperformanceshaders/MPSTypes.swift	Linux host implementation from pinned public-surface overlay
c:@E@MPSKernelOptions@MPSKernelOptionsInsertDebugGroups	implemented	full/metalperformanceshaders/MPSTypes.swift	Linux host implementation from pinned public-surface overlay
c:@E@MPSKernelOptions@MPSKernelOptionsNone	implemented	full/metalperformanceshaders/MPSTypes.swift	Linux host implementation from pinned public-surface overlay
c:@E@MPSKernelOptions@MPSKernelOptionsSkipAPIValidation	implemented	full/metalperformanceshaders/MPSTypes.swift	Linux host implementation from pinned public-surface overlay
c:@E@MPSKernelOptions@MPSKernelOptionsVerbose	implemented	full/metalperformanceshaders/MPSTypes.swift	Linux host implementation from pinned public-surface overlay
c:@E@MPSMatrixDecompositionStatus	implemented	full/metalperformanceshaders/MPSTypes.swift	Linux host implementation from pinned public-surface overlay
c:@E@MPSMatrixDecompositionStatus@MPSMatrixDecompositionStatusFailure	implemented	full/metalperformanceshaders/MPSTypes.swift	Linux host implementation from pinned public-surface overlay
c:@E@MPSMatrixDecompositionStatus@MPSMatrixDecompositionStatusNonPositiveDefinite	implemented	full/metalperformanceshaders/MPSTypes.swift	Linux host implementation from pinned public-surface overlay
c:@E@MPSMatrixDecompositionStatus@MPSMatrixDecompositionStatusSingular	implemented	full/metalperformanceshaders/MPSTypes.swift	Linux host implementation from pinned public-surface overlay
c:@E@MPSMatrixDecompositionStatus@MPSMatrixDecompositionStatusSuccess	implemented	full/metalperformanceshaders/MPSTypes.swift	Linux host implementation from pinned public-surface overlay
c:@E@MPSMatrixRandomDistribution	implemented	full/metalperformanceshaders/MPSTypes.swift	Linux host implementation from pinned public-surface overlay
c:@E@MPSMatrixRandomDistribution@MPSMatrixRandomDistributionDefault	implemented	full/metalperformanceshaders/MPSTypes.swift	Linux host implementation from pinned public-surface overlay
c:@E@MPSMatrixRandomDistribution@MPSMatrixRandomDistributionNormal	implemented	full/metalperformanceshaders/MPSTypes.swift	Linux host implementation from pinned public-surface overlay
c:@E@MPSMatrixRandomDistribution@MPSMatrixRandomDistributionUniform	implemented	full/metalperformanceshaders/MPSTypes.swift	Linux host implementation from pinned public-surface overlay
c:@E@MPSNDArrayQuantizationScheme	implemented	full/metalperformanceshaders/MPSTypes.swift	Linux host implementation from pinned public-surface overlay
c:@E@MPSNDArrayQuantizationScheme@MPSNDArrayQuantizationTypeAffine	implemented	full/metalperformanceshaders/MPSTypes.swift	Linux host implementation from pinned public-surface overlay
c:@E@MPSNDArrayQuantizationScheme@MPSNDArrayQuantizationTypeLUT	implemented	full/metalperformanceshaders/MPSTypes.swift	Linux host implementation from pinned public-surface overlay
c:@E@MPSNDArrayQuantizationScheme@MPSNDArrayQuantizationTypeNone	implemented	full/metalperformanceshaders/MPSTypes.swift	Linux host implementation from pinned public-surface overlay
c:@E@MPSNNComparisonType	implemented	full/metalperformanceshaders/MPSTypes.swift	Linux host implementation from pinned public-surface overlay
c:@E@MPSNNComparisonType@MPSNNComparisonTypeEqual	implemented	full/metalperformanceshaders/MPSTypes.swift	Linux host implementation from pinned public-surface overlay
c:@E@MPSNNComparisonType@MPSNNComparisonTypeGreater	implemented	full/metalperformanceshaders/MPSTypes.swift	Linux host implementation from pinned public-surface overlay
c:@E@MPSNNComparisonType@MPSNNComparisonTypeGreaterOrEqual	implemented	full/metalperformanceshaders/MPSTypes.swift	Linux host implementation from pinned public-surface overlay
c:@E@MPSNNComparisonType@MPSNNComparisonTypeLess	implemented	full/metalperformanceshaders/MPSTypes.swift	Linux host implementation from pinned public-surface overlay
c:@E@MPSNNComparisonType@MPSNNComparisonTypeLessOrEqual	implemented	full/metalperformanceshaders/MPSTypes.swift	Linux host implementation from pinned public-surface overlay
c:@E@MPSNNComparisonType@MPSNNComparisonTypeNotEqual	implemented	full/metalperformanceshaders/MPSTypes.swift	Linux host implementation from pinned public-surface overlay
c:@E@MPSNNConvolutionAccumulatorPrecisionOption	implemented	full/metalperformanceshaders/MPSTypes.swift	Linux host implementation from pinned public-surface overlay
c:@E@MPSNNConvolutionAccumulatorPrecisionOption@MPSNNConvolutionAccumulatorPrecisionOptionFloat	implemented	full/metalperformanceshaders/MPSTypes.swift	Linux host implementation from pinned public-surface overlay
c:@E@MPSNNConvolutionAccumulatorPrecisionOption@MPSNNConvolutionAccumulatorPrecisionOptionHalf	implemented	full/metalperformanceshaders/MPSTypes.swift	Linux host implementation from pinned public-surface overlay
c:@E@MPSNNPaddingMethod	implemented	full/metalperformanceshaders/MPSTypes.swift	Linux host implementation from pinned public-surface overlay
c:@E@MPSNNPaddingMethod@MPSNNPaddingMethodAddRemainderToBottomLeft	implemented	full/metalperformanceshaders/MPSTypes.swift	Linux host implementation from pinned public-surface overlay
c:@E@MPSNNPaddingMethod@MPSNNPaddingMethodAddRemainderToBottomRight	implemented	full/metalperformanceshaders/MPSTypes.swift	Linux host implementation from pinned public-surface overlay
c:@E@MPSNNPaddingMethod@MPSNNPaddingMethodAddRemainderToMask	implemented	full/metalperformanceshaders/MPSTypes.swift	Linux host implementation from pinned public-surface overlay
c:@E@MPSNNPaddingMethod@MPSNNPaddingMethodAddRemainderToTopLeft	implemented	full/metalperformanceshaders/MPSTypes.swift	Linux host implementation from pinned public-surface overlay
c:@E@MPSNNPaddingMethod@MPSNNPaddingMethodAddRemainderToTopRight	implemented	full/metalperformanceshaders/MPSTypes.swift	Linux host implementation from pinned public-surface overlay
c:@E@MPSNNPaddingMethod@MPSNNPaddingMethodAlignBottomRight	implemented	full/metalperformanceshaders/MPSTypes.swift	Linux host implementation from pinned public-surface overlay
c:@E@MPSNNPaddingMethod@MPSNNPaddingMethodAlignCentered	implemented	full/metalperformanceshaders/MPSTypes.swift	Linux host implementation from pinned public-surface overlay
c:@E@MPSNNPaddingMethod@MPSNNPaddingMethodAlignMask	implemented	full/metalperformanceshaders/MPSTypes.swift	Linux host implementation from pinned public-surface overlay
c:@E@MPSNNPaddingMethod@MPSNNPaddingMethodAlignTopLeft	implemented	full/metalperformanceshaders/MPSTypes.swift	Linux host implementation from pinned public-surface overlay
c:@E@MPSNNPaddingMethod@MPSNNPaddingMethodAlign_reserved	implemented	full/metalperformanceshaders/MPSTypes.swift	Linux host implementation from pinned public-surface overlay
c:@E@MPSNNPaddingMethod@MPSNNPaddingMethodCustom	implemented	full/metalperformanceshaders/MPSTypes.swift	Linux host implementation from pinned public-surface overlay
c:@E@MPSNNPaddingMethod@MPSNNPaddingMethodCustomAllowForNodeFusion	implemented	full/metalperformanceshaders/MPSTypes.swift	Linux host implementation from pinned public-surface overlay
c:@E@MPSNNPaddingMethod@MPSNNPaddingMethodCustomWhitelistForNodeFusion	implemented	full/metalperformanceshaders/MPSTypes.swift	Linux host implementation from pinned public-surface overlay
c:@E@MPSNNPaddingMethod@MPSNNPaddingMethodExcludeEdges	implemented	full/metalperformanceshaders/MPSTypes.swift	Linux host implementation from pinned public-surface overlay
c:@E@MPSNNPaddingMethod@MPSNNPaddingMethodSizeFull	implemented	full/metalperformanceshaders/MPSTypes.swift	Linux host implementation from pinned public-surface overlay
c:@E@MPSNNPaddingMethod@MPSNNPaddingMethodSizeMask	implemented	full/metalperformanceshaders/MPSTypes.swift	Linux host implementation from pinned public-surface overlay
c:@E@MPSNNPaddingMethod@MPSNNPaddingMethodSizeSame	implemented	full/metalperformanceshaders/MPSTypes.swift	Linux host implementation from pinned public-surface overlay
c:@E@MPSNNPaddingMethod@MPSNNPaddingMethodSizeValidOnly	implemented	full/metalperformanceshaders/MPSTypes.swift	Linux host implementation from pinned public-surface overlay
c:@E@MPSNNPaddingMethod@MPSNNPaddingMethodSize_reserved	implemented	full/metalperformanceshaders/MPSTypes.swift	Linux host implementation from pinned public-surface overlay
c:@E@MPSNNRegularizationType	implemented	full/metalperformanceshaders/MPSTypes.swift	Linux host implementation from pinned public-surface overlay
c:@E@MPSNNRegularizationType@MPSNNRegularizationTypeL1	implemented	full/metalperformanceshaders/MPSTypes.swift	Linux host implementation from pinned public-surface overlay
c:@E@MPSNNRegularizationType@MPSNNRegularizationTypeL2	implemented	full/metalperformanceshaders/MPSTypes.swift	Linux host implementation from pinned public-surface overlay
c:@E@MPSNNRegularizationType@MPSNNRegularizationTypeNone	implemented	full/metalperformanceshaders/MPSTypes.swift	Linux host implementation from pinned public-surface overlay
c:@E@MPSNNTrainingStyle	implemented	full/metalperformanceshaders/MPSTypes.swift	Linux host implementation from pinned public-surface overlay
c:@E@MPSNNTrainingStyle@MPSNNTrainingStyleUpdateDeviceCPU	implemented	full/metalperformanceshaders/MPSTypes.swift	Linux host implementation from pinned public-surface overlay
c:@E@MPSNNTrainingStyle@MPSNNTrainingStyleUpdateDeviceGPU	implemented	full/metalperformanceshaders/MPSTypes.swift	Linux host implementation from pinned public-surface overlay
c:@E@MPSNNTrainingStyle@MPSNNTrainingStyleUpdateDeviceNone	implemented	full/metalperformanceshaders/MPSTypes.swift	Linux host implementation from pinned public-surface overlay
c:@E@MPSPolygonType	implemented	full/metalperformanceshaders/MPSTypes.swift	Linux host implementation from pinned public-surface overlay
c:@E@MPSPolygonType@MPSPolygonTypeQuadrilateral	implemented	full/metalperformanceshaders/MPSTypes.swift	Linux host implementation from pinned public-surface overlay
c:@E@MPSPolygonType@MPSPolygonTypeTriangle	implemented	full/metalperformanceshaders/MPSTypes.swift	Linux host implementation from pinned public-surface overlay
c:@E@MPSPurgeableState	implemented	full/metalperformanceshaders/MPSTypes.swift	Linux host implementation from pinned public-surface overlay
c:@E@MPSPurgeableState@MPSPurgeableStateAllocationDeferred	implemented	full/metalperformanceshaders/MPSTypes.swift	Linux host implementation from pinned public-surface overlay
c:@E@MPSPurgeableState@MPSPurgeableStateEmpty	implemented	full/metalperformanceshaders/MPSTypes.swift	Linux host implementation from pinned public-surface overlay
c:@E@MPSPurgeableState@MPSPurgeableStateKeepCurrent	implemented	full/metalperformanceshaders/MPSTypes.swift	Linux host implementation from pinned public-surface overlay
c:@E@MPSPurgeableState@MPSPurgeableStateNonVolatile	implemented	full/metalperformanceshaders/MPSTypes.swift	Linux host implementation from pinned public-surface overlay
c:@E@MPSPurgeableState@MPSPurgeableStateVolatile	implemented	full/metalperformanceshaders/MPSTypes.swift	Linux host implementation from pinned public-surface overlay
c:@E@MPSRNNBidirectionalCombineMode	implemented	full/metalperformanceshaders/MPSTypes.swift	Linux host implementation from pinned public-surface overlay
c:@E@MPSRNNBidirectionalCombineMode@MPSRNNBidirectionalCombineModeAdd	implemented	full/metalperformanceshaders/MPSTypes.swift	Linux host implementation from pinned public-surface overlay
c:@E@MPSRNNBidirectionalCombineMode@MPSRNNBidirectionalCombineModeConcatenate	implemented	full/metalperformanceshaders/MPSTypes.swift	Linux host implementation from pinned public-surface overlay
c:@E@MPSRNNBidirectionalCombineMode@MPSRNNBidirectionalCombineModeNone	implemented	full/metalperformanceshaders/MPSTypes.swift	Linux host implementation from pinned public-surface overlay
c:@E@MPSRNNMatrixId	implemented	full/metalperformanceshaders/MPSTypes.swift	Linux host implementation from pinned public-surface overlay
c:@E@MPSRNNMatrixId@MPSRNNMatrixIdGRUInputGateBiasTerms	implemented	full/metalperformanceshaders/MPSTypes.swift	Linux host implementation from pinned public-surface overlay
c:@E@MPSRNNMatrixId@MPSRNNMatrixIdGRUInputGateInputWeights	implemented	full/metalperformanceshaders/MPSTypes.swift	Linux host implementation from pinned public-surface overlay
c:@E@MPSRNNMatrixId@MPSRNNMatrixIdGRUInputGateRecurrentWeights	implemented	full/metalperformanceshaders/MPSTypes.swift	Linux host implementation from pinned public-surface overlay
c:@E@MPSRNNMatrixId@MPSRNNMatrixIdGRUOutputGateBiasTerms	implemented	full/metalperformanceshaders/MPSTypes.swift	Linux host implementation from pinned public-surface overlay
c:@E@MPSRNNMatrixId@MPSRNNMatrixIdGRUOutputGateInputGateWeights	implemented	full/metalperformanceshaders/MPSTypes.swift	Linux host implementation from pinned public-surface overlay
c:@E@MPSRNNMatrixId@MPSRNNMatrixIdGRUOutputGateInputWeights	implemented	full/metalperformanceshaders/MPSTypes.swift	Linux host implementation from pinned public-surface overlay
c:@E@MPSRNNMatrixId@MPSRNNMatrixIdGRUOutputGateRecurrentWeights	implemented	full/metalperformanceshaders/MPSTypes.swift	Linux host implementation from pinned public-surface overlay
c:@E@MPSRNNMatrixId@MPSRNNMatrixIdGRURecurrentGateBiasTerms	implemented	full/metalperformanceshaders/MPSTypes.swift	Linux host implementation from pinned public-surface overlay
c:@E@MPSRNNMatrixId@MPSRNNMatrixIdGRURecurrentGateInputWeights	implemented	full/metalperformanceshaders/MPSTypes.swift	Linux host implementation from pinned public-surface overlay
c:@E@MPSRNNMatrixId@MPSRNNMatrixIdGRURecurrentGateRecurrentWeights	implemented	full/metalperformanceshaders/MPSTypes.swift	Linux host implementation from pinned public-surface overlay
c:@E@MPSRNNMatrixId@MPSRNNMatrixIdLSTMForgetGateBiasTerms	implemented	full/metalperformanceshaders/MPSTypes.swift	Linux host implementation from pinned public-surface overlay
c:@E@MPSRNNMatrixId@MPSRNNMatrixIdLSTMForgetGateInputWeights	implemented	full/metalperformanceshaders/MPSTypes.swift	Linux host implementation from pinned public-surface overlay
c:@E@MPSRNNMatrixId@MPSRNNMatrixIdLSTMForgetGateMemoryWeights	implemented	full/metalperformanceshaders/MPSTypes.swift	Linux host implementation from pinned public-surface overlay
c:@E@MPSRNNMatrixId@MPSRNNMatrixIdLSTMForgetGateRecurrentWeights	implemented	full/metalperformanceshaders/MPSTypes.swift	Linux host implementation from pinned public-surface overlay
c:@E@MPSRNNMatrixId@MPSRNNMatrixIdLSTMInputGateBiasTerms	implemented	full/metalperformanceshaders/MPSTypes.swift	Linux host implementation from pinned public-surface overlay
c:@E@MPSRNNMatrixId@MPSRNNMatrixIdLSTMInputGateInputWeights	implemented	full/metalperformanceshaders/MPSTypes.swift	Linux host implementation from pinned public-surface overlay
c:@E@MPSRNNMatrixId@MPSRNNMatrixIdLSTMInputGateMemoryWeights	implemented	full/metalperformanceshaders/MPSTypes.swift	Linux host implementation from pinned public-surface overlay
c:@E@MPSRNNMatrixId@MPSRNNMatrixIdLSTMInputGateRecurrentWeights	implemented	full/metalperformanceshaders/MPSTypes.swift	Linux host implementation from pinned public-surface overlay
c:@E@MPSRNNMatrixId@MPSRNNMatrixIdLSTMMemoryGateBiasTerms	implemented	full/metalperformanceshaders/MPSTypes.swift	Linux host implementation from pinned public-surface overlay
c:@E@MPSRNNMatrixId@MPSRNNMatrixIdLSTMMemoryGateInputWeights	implemented	full/metalperformanceshaders/MPSTypes.swift	Linux host implementation from pinned public-surface overlay
c:@E@MPSRNNMatrixId@MPSRNNMatrixIdLSTMMemoryGateMemoryWeights	implemented	full/metalperformanceshaders/MPSTypes.swift	Linux host implementation from pinned public-surface overlay
c:@E@MPSRNNMatrixId@MPSRNNMatrixIdLSTMMemoryGateRecurrentWeights	implemented	full/metalperformanceshaders/MPSTypes.swift	Linux host implementation from pinned public-surface overlay
c:@E@MPSRNNMatrixId@MPSRNNMatrixIdLSTMOutputGateBiasTerms	implemented	full/metalperformanceshaders/MPSTypes.swift	Linux host implementation from pinned public-surface overlay
c:@E@MPSRNNMatrixId@MPSRNNMatrixIdLSTMOutputGateInputWeights	implemented	full/metalperformanceshaders/MPSTypes.swift	Linux host implementation from pinned public-surface overlay
c:@E@MPSRNNMatrixId@MPSRNNMatrixIdLSTMOutputGateMemoryWeights	implemented	full/metalperformanceshaders/MPSTypes.swift	Linux host implementation from pinned public-surface overlay
c:@E@MPSRNNMatrixId@MPSRNNMatrixIdLSTMOutputGateRecurrentWeights	implemented	full/metalperformanceshaders/MPSTypes.swift	Linux host implementation from pinned public-surface overlay
c:@E@MPSRNNMatrixId@MPSRNNMatrixIdSingleGateBiasTerms	implemented	full/metalperformanceshaders/MPSTypes.swift	Linux host implementation from pinned public-surface overlay
c:@E@MPSRNNMatrixId@MPSRNNMatrixIdSingleGateInputWeights	implemented	full/metalperformanceshaders/MPSTypes.swift	Linux host implementation from pinned public-surface overlay
c:@E@MPSRNNMatrixId@MPSRNNMatrixIdSingleGateRecurrentWeights	implemented	full/metalperformanceshaders/MPSTypes.swift	Linux host implementation from pinned public-surface overlay
c:@E@MPSRNNSequenceDirection	implemented	full/metalperformanceshaders/MPSTypes.swift	Linux host implementation from pinned public-surface overlay
c:@E@MPSRNNSequenceDirection@MPSRNNSequenceDirectionBackward	implemented	full/metalperformanceshaders/MPSTypes.swift	Linux host implementation from pinned public-surface overlay
c:@E@MPSRNNSequenceDirection@MPSRNNSequenceDirectionForward	implemented	full/metalperformanceshaders/MPSTypes.swift	Linux host implementation from pinned public-surface overlay
c:@E@MPSRayDataType	implemented	full/metalperformanceshaders/MPSTypes.swift	Linux host implementation from pinned public-surface overlay
c:@E@MPSRayDataType@MPSRayDataTypeOriginDirection	implemented	full/metalperformanceshaders/MPSTypes.swift	Linux host implementation from pinned public-surface overlay
c:@E@MPSRayDataType@MPSRayDataTypeOriginMaskDirectionMaxDistance	implemented	full/metalperformanceshaders/MPSTypes.swift	Linux host implementation from pinned public-surface overlay
c:@E@MPSRayDataType@MPSRayDataTypeOriginMinDistanceDirectionMaxDistance	implemented	full/metalperformanceshaders/MPSTypes.swift	Linux host implementation from pinned public-surface overlay
c:@E@MPSRayDataType@MPSRayDataTypePackedOriginDirection	implemented	full/metalperformanceshaders/MPSTypes.swift	Linux host implementation from pinned public-surface overlay
c:@E@MPSRayMaskOperator	implemented	full/metalperformanceshaders/MPSTypes.swift	Linux host implementation from pinned public-surface overlay
c:@E@MPSRayMaskOperator@MPSRayMaskOperatorAnd	implemented	full/metalperformanceshaders/MPSTypes.swift	Linux host implementation from pinned public-surface overlay
c:@E@MPSRayMaskOperator@MPSRayMaskOperatorEqual	implemented	full/metalperformanceshaders/MPSTypes.swift	Linux host implementation from pinned public-surface overlay
c:@E@MPSRayMaskOperator@MPSRayMaskOperatorGreaterThan	implemented	full/metalperformanceshaders/MPSTypes.swift	Linux host implementation from pinned public-surface overlay
c:@E@MPSRayMaskOperator@MPSRayMaskOperatorGreaterThanOrEqualTo	implemented	full/metalperformanceshaders/MPSTypes.swift	Linux host implementation from pinned public-surface overlay
c:@E@MPSRayMaskOperator@MPSRayMaskOperatorLessThan	implemented	full/metalperformanceshaders/MPSTypes.swift	Linux host implementation from pinned public-surface overlay
c:@E@MPSRayMaskOperator@MPSRayMaskOperatorLessThanOrEqualTo	implemented	full/metalperformanceshaders/MPSTypes.swift	Linux host implementation from pinned public-surface overlay
c:@E@MPSRayMaskOperator@MPSRayMaskOperatorNotAnd	implemented	full/metalperformanceshaders/MPSTypes.swift	Linux host implementation from pinned public-surface overlay
c:@E@MPSRayMaskOperator@MPSRayMaskOperatorNotEqual	implemented	full/metalperformanceshaders/MPSTypes.swift	Linux host implementation from pinned public-surface overlay
c:@E@MPSRayMaskOperator@MPSRayMaskOperatorNotOr	implemented	full/metalperformanceshaders/MPSTypes.swift	Linux host implementation from pinned public-surface overlay
c:@E@MPSRayMaskOperator@MPSRayMaskOperatorNotXor	implemented	full/metalperformanceshaders/MPSTypes.swift	Linux host implementation from pinned public-surface overlay
c:@E@MPSRayMaskOperator@MPSRayMaskOperatorOr	implemented	full/metalperformanceshaders/MPSTypes.swift	Linux host implementation from pinned public-surface overlay
c:@E@MPSRayMaskOperator@MPSRayMaskOperatorXor	implemented	full/metalperformanceshaders/MPSTypes.swift	Linux host implementation from pinned public-surface overlay
c:@E@MPSRayMaskOptions	implemented	full/metalperformanceshaders/MPSTypes.swift	Linux host implementation from pinned public-surface overlay
c:@E@MPSRayMaskOptions@MPSRayMaskOptionInstance	implemented	full/metalperformanceshaders/MPSTypes.swift	Linux host implementation from pinned public-surface overlay
c:@E@MPSRayMaskOptions@MPSRayMaskOptionPrimitive	implemented	full/metalperformanceshaders/MPSTypes.swift	Linux host implementation from pinned public-surface overlay
c:@E@MPSStateResourceType	implemented	full/metalperformanceshaders/MPSTypes.swift	Linux host implementation from pinned public-surface overlay
c:@E@MPSStateResourceType@MPSStateResourceTypeBuffer	implemented	full/metalperformanceshaders/MPSTypes.swift	Linux host implementation from pinned public-surface overlay
c:@E@MPSStateResourceType@MPSStateResourceTypeNone	implemented	full/metalperformanceshaders/MPSTypes.swift	Linux host implementation from pinned public-surface overlay
c:@E@MPSStateResourceType@MPSStateResourceTypeTexture	implemented	full/metalperformanceshaders/MPSTypes.swift	Linux host implementation from pinned public-surface overlay
c:@E@MPSTemporalWeighting	implemented	full/metalperformanceshaders/MPSTypes.swift	Linux host implementation from pinned public-surface overlay
c:@E@MPSTemporalWeighting@MPSTemporalWeightingAverage	implemented	full/metalperformanceshaders/MPSTypes.swift	Linux host implementation from pinned public-surface overlay
c:@E@MPSTemporalWeighting@MPSTemporalWeightingExponentialMovingAverage	implemented	full/metalperformanceshaders/MPSTypes.swift	Linux host implementation from pinned public-surface overlay
c:@E@MPSTransformType	implemented	full/metalperformanceshaders/MPSTypes.swift	Linux host implementation from pinned public-surface overlay
c:@E@MPSTransformType@MPSTransformTypeFloat4x4	implemented	full/metalperformanceshaders/MPSTypes.swift	Linux host implementation from pinned public-surface overlay
c:@E@MPSTransformType@MPSTransformTypeIdentity	implemented	full/metalperformanceshaders/MPSTypes.swift	Linux host implementation from pinned public-surface overlay
c:@E@MPSTriangleIntersectionTestType	implemented	full/metalperformanceshaders/MPSTypes.swift	Linux host implementation from pinned public-surface overlay
c:@E@MPSTriangleIntersectionTestType@MPSTriangleIntersectionTestTypeDefault	implemented	full/metalperformanceshaders/MPSTypes.swift	Linux host implementation from pinned public-surface overlay
c:@E@MPSTriangleIntersectionTestType@MPSTriangleIntersectionTestTypeWatertight	implemented	full/metalperformanceshaders/MPSTypes.swift	Linux host implementation from pinned public-surface overlay
c:@EA@MPSCustomKernelIndex	implemented	full/metalperformanceshaders/MPSGeometry.swift	Linux host implementation from pinned public-surface overlay
c:@EA@MPSCustomKernelIndex@MPSCustomKernelIndexDestIndex	implemented	full/metalperformanceshaders/MPSGeometry.swift	Linux host implementation from pinned public-surface overlay
c:@EA@MPSCustomKernelIndex@MPSCustomKernelIndexSrc0Index	implemented	full/metalperformanceshaders/MPSGeometry.swift	Linux host implementation from pinned public-surface overlay
c:@EA@MPSCustomKernelIndex@MPSCustomKernelIndexSrc1Index	implemented	full/metalperformanceshaders/MPSGeometry.swift	Linux host implementation from pinned public-surface overlay
c:@EA@MPSCustomKernelIndex@MPSCustomKernelIndexSrc2Index	implemented	full/metalperformanceshaders/MPSGeometry.swift	Linux host implementation from pinned public-surface overlay
c:@EA@MPSCustomKernelIndex@MPSCustomKernelIndexSrc3Index	implemented	full/metalperformanceshaders/MPSGeometry.swift	Linux host implementation from pinned public-surface overlay
c:@EA@MPSCustomKernelIndex@MPSCustomKernelIndexSrc4Index	implemented	full/metalperformanceshaders/MPSGeometry.swift	Linux host implementation from pinned public-surface overlay
c:@EA@MPSCustomKernelIndex@MPSCustomKernelIndexUserDataIndex	implemented	full/metalperformanceshaders/MPSGeometry.swift	Linux host implementation from pinned public-surface overlay
c:@EA@MPSDeviceCapsValues	implemented	full/metalperformanceshaders/MPSGeometry.swift	Linux host implementation from pinned public-surface overlay
c:@EA@MPSDeviceCapsValues@MPSDeviceCapsLast	implemented	full/metalperformanceshaders/MPSGeometry.swift	Linux host implementation from pinned public-surface overlay
c:@EA@MPSDeviceCapsValues@MPSDeviceCapsNull	implemented	full/metalperformanceshaders/MPSGeometry.swift	Linux host implementation from pinned public-surface overlay
c:@EA@MPSDeviceCapsValues@MPSDeviceIsAppleDevice	implemented	full/metalperformanceshaders/MPSGeometry.swift	Linux host implementation from pinned public-surface overlay
c:@EA@MPSDeviceCapsValues@MPSDeviceSupportsBFloat16Arithmetic	implemented	full/metalperformanceshaders/MPSGeometry.swift	Linux host implementation from pinned public-surface overlay
c:@EA@MPSDeviceCapsValues@MPSDeviceSupportsFloat16BicubicFiltering	implemented	full/metalperformanceshaders/MPSGeometry.swift	Linux host implementation from pinned public-surface overlay
c:@EA@MPSDeviceCapsValues@MPSDeviceSupportsFloat32Filtering	implemented	full/metalperformanceshaders/MPSGeometry.swift	Linux host implementation from pinned public-surface overlay
c:@EA@MPSDeviceCapsValues@MPSDeviceSupportsNorm16BicubicFiltering	implemented	full/metalperformanceshaders/MPSGeometry.swift	Linux host implementation from pinned public-surface overlay
c:@EA@MPSDeviceCapsValues@MPSDeviceSupportsQuadShuffle	implemented	full/metalperformanceshaders/MPSGeometry.swift	Linux host implementation from pinned public-surface overlay
c:@EA@MPSDeviceCapsValues@MPSDeviceSupportsReadWriteTextures	implemented	full/metalperformanceshaders/MPSGeometry.swift	Linux host implementation from pinned public-surface overlay
c:@EA@MPSDeviceCapsValues@MPSDeviceSupportsReadableArrayOfTextures	implemented	full/metalperformanceshaders/MPSGeometry.swift	Linux host implementation from pinned public-surface overlay
c:@EA@MPSDeviceCapsValues@MPSDeviceSupportsSimdReduction	implemented	full/metalperformanceshaders/MPSGeometry.swift	Linux host implementation from pinned public-surface overlay
c:@EA@MPSDeviceCapsValues@MPSDeviceSupportsSimdShuffle	implemented	full/metalperformanceshaders/MPSGeometry.swift	Linux host implementation from pinned public-surface overlay
c:@EA@MPSDeviceCapsValues@MPSDeviceSupportsSimdShuffleAndFill	implemented	full/metalperformanceshaders/MPSGeometry.swift	Linux host implementation from pinned public-surface overlay
c:@EA@MPSDeviceCapsValues@MPSDeviceSupportsSimdgroupBarrier	implemented	full/metalperformanceshaders/MPSGeometry.swift	Linux host implementation from pinned public-surface overlay
c:@EA@MPSDeviceCapsValues@MPSDeviceSupportsWritableArrayOfTextures	implemented	full/metalperformanceshaders/MPSGeometry.swift	Linux host implementation from pinned public-surface overlay
c:@EA@MPSImageType	implemented	full/metalperformanceshaders/MPSGeometry.swift	Linux host implementation from pinned public-surface overlay
c:@EA@MPSImageType@MPSImageType2d	implemented	full/metalperformanceshaders/MPSGeometry.swift	Linux host implementation from pinned public-surface overlay
c:@EA@MPSImageType@MPSImageType2d_array	implemented	full/metalperformanceshaders/MPSGeometry.swift	Linux host implementation from pinned public-surface overlay
c:@EA@MPSImageType@MPSImageType2d_array_noAlpha	implemented	full/metalperformanceshaders/MPSGeometry.swift	Linux host implementation from pinned public-surface overlay
c:@EA@MPSImageType@MPSImageType2d_noAlpha	implemented	full/metalperformanceshaders/MPSGeometry.swift	Linux host implementation from pinned public-surface overlay
c:@EA@MPSImageType@MPSImageTypeArray2d	implemented	full/metalperformanceshaders/MPSGeometry.swift	Linux host implementation from pinned public-surface overlay
c:@EA@MPSImageType@MPSImageTypeArray2d_array	implemented	full/metalperformanceshaders/MPSGeometry.swift	Linux host implementation from pinned public-surface overlay
c:@EA@MPSImageType@MPSImageTypeArray2d_array_noAlpha	implemented	full/metalperformanceshaders/MPSGeometry.swift	Linux host implementation from pinned public-surface overlay
c:@EA@MPSImageType@MPSImageTypeArray2d_noAlpha	implemented	full/metalperformanceshaders/MPSGeometry.swift	Linux host implementation from pinned public-surface overlay
c:@EA@MPSImageType@MPSImageType_ArrayMask	implemented	full/metalperformanceshaders/MPSGeometry.swift	Linux host implementation from pinned public-surface overlay
c:@EA@MPSImageType@MPSImageType_BatchMask	implemented	full/metalperformanceshaders/MPSGeometry.swift	Linux host implementation from pinned public-surface overlay
c:@EA@MPSImageType@MPSImageType_bitCount	implemented	full/metalperformanceshaders/MPSGeometry.swift	Linux host implementation from pinned public-surface overlay
c:@EA@MPSImageType@MPSImageType_mask	implemented	full/metalperformanceshaders/MPSGeometry.swift	Linux host implementation from pinned public-surface overlay
c:@EA@MPSImageType@MPSImageType_noAlpha	implemented	full/metalperformanceshaders/MPSGeometry.swift	Linux host implementation from pinned public-surface overlay
c:@EA@MPSImageType@MPSImageType_texelFormatBFloat16	implemented	full/metalperformanceshaders/MPSGeometry.swift	Linux host implementation from pinned public-surface overlay
c:@EA@MPSImageType@MPSImageType_texelFormatFloat16	implemented	full/metalperformanceshaders/MPSGeometry.swift	Linux host implementation from pinned public-surface overlay
c:@EA@MPSImageType@MPSImageType_texelFormatMask	implemented	full/metalperformanceshaders/MPSGeometry.swift	Linux host implementation from pinned public-surface overlay
c:@EA@MPSImageType@MPSImageType_texelFormatShift	implemented	full/metalperformanceshaders/MPSGeometry.swift	Linux host implementation from pinned public-surface overlay
c:@EA@MPSImageType@MPSImageType_texelFormatStandard	implemented	full/metalperformanceshaders/MPSGeometry.swift	Linux host implementation from pinned public-surface overlay
c:@EA@MPSImageType@MPSImageType_texelFormatUnorm8	implemented	full/metalperformanceshaders/MPSGeometry.swift	Linux host implementation from pinned public-surface overlay
c:@EA@MPSImageType@MPSImageType_typeMask	implemented	full/metalperformanceshaders/MPSGeometry.swift	Linux host implementation from pinned public-surface overlay
c:@F@MPSDataTypeBitsCount	implemented	full/metalperformanceshaders/MPSTypes.swift	Linux host implementation from pinned public-surface overlay
c:@F@MPSFindIntegerDivisionParams	implemented	full/metalperformanceshaders/MPSGeometry.swift	Linux host implementation from pinned public-surface overlay
c:@F@MPSGetCustomKernelBatchedDestinationIndex	implemented	full/metalperformanceshaders/MPSGeometry.swift	Linux host implementation from pinned public-surface overlay
c:@F@MPSGetCustomKernelBatchedSourceIndex	implemented	full/metalperformanceshaders/MPSGeometry.swift	Linux host implementation from pinned public-surface overlay
c:@F@MPSGetCustomKernelBroadcastSourceIndex	implemented	full/metalperformanceshaders/MPSGeometry.swift	Linux host implementation from pinned public-surface overlay
c:@F@MPSGetCustomKernelMaxBatchSize	implemented	full/metalperformanceshaders/MPSGeometry.swift	Linux host implementation from pinned public-surface overlay
c:@F@MPSGetImageType	implemented	full/metalperformanceshaders/MPSImage.swift	Linux host implementation from pinned public-surface overlay
c:@F@MPSGetPreferredDevice	implemented	full/metalperformanceshaders/MPSKernel.swift	Linux host implementation from pinned public-surface overlay
c:@F@MPSHintTemporaryMemoryHighWaterMark	implemented	full/metalperformanceshaders/MPSKernel.swift	Linux host implementation from pinned public-surface overlay
c:@F@MPSImageBatchIncrementReadCount	implemented	full/metalperformanceshaders/MPSImage.swift	Linux host implementation from pinned public-surface overlay
c:@F@MPSImageBatchIterate	implemented	full/metalperformanceshaders/MPSImage.swift	Linux host implementation from pinned public-surface overlay
c:@F@MPSImageBatchResourceSize	implemented	full/metalperformanceshaders/MPSImage.swift	Linux host implementation from pinned public-surface overlay
c:@F@MPSImageBatchSynchronize	implemented	full/metalperformanceshaders/MPSImage.swift	Linux host implementation from pinned public-surface overlay
c:@F@MPSSetHeapCacheDuration	implemented	full/metalperformanceshaders/MPSKernel.swift	Linux host implementation from pinned public-surface overlay
c:@F@MPSSizeofMPSDataType	implemented	full/metalperformanceshaders/MPSTypes.swift	Linux host implementation from pinned public-surface overlay
c:@F@MPSStateBatchIncrementReadCount	implemented	full/metalperformanceshaders/MPSKernel.swift	Linux host implementation from pinned public-surface overlay
c:@F@MPSStateBatchResourceSize	implemented	full/metalperformanceshaders/MPSKernel.swift	Linux host implementation from pinned public-surface overlay
c:@F@MPSStateBatchSynchronize	implemented	full/metalperformanceshaders/MPSKernel.swift	Linux host implementation from pinned public-surface overlay
c:@F@MPSSupportsMTLDevice	implemented	full/metalperformanceshaders/MPSKernel.swift	Linux host implementation from pinned public-surface overlay
c:@MPSFunctionConstantNone	implemented	full/metalperformanceshaders/MPSKernel.swift	Linux host implementation from pinned public-surface overlay
c:@MPSFunctionConstantNoneArray	implemented	full/metalperformanceshaders/MPSKernel.swift	Linux host implementation from pinned public-surface overlay
c:@MPSRectNoClip	implemented	full/metalperformanceshaders/MPSKernel.swift	Linux host implementation from pinned public-surface overlay
c:@S@MPSCustomKernelArgumentCount	implemented	full/metalperformanceshaders/MPSGeometry.swift	Linux host implementation from pinned public-surface overlay
c:@S@MPSCustomKernelArgumentCount@FI@broadcastTextureCount	implemented	full/metalperformanceshaders/MPSGeometry.swift	Linux host implementation from pinned public-surface overlay
c:@S@MPSCustomKernelArgumentCount@FI@destinationTextureCount	implemented	full/metalperformanceshaders/MPSGeometry.swift	Linux host implementation from pinned public-surface overlay
c:@S@MPSCustomKernelArgumentCount@FI@sourceTextureCount	implemented	full/metalperformanceshaders/MPSGeometry.swift	Linux host implementation from pinned public-surface overlay
c:@S@MPSDimensionSlice	implemented	full/metalperformanceshaders/MPSGeometry.swift	Linux host implementation from pinned public-surface overlay
c:@S@MPSDimensionSlice@FI@length	implemented	full/metalperformanceshaders/MPSGeometry.swift	Linux host implementation from pinned public-surface overlay
c:@S@MPSDimensionSlice@FI@start	implemented	full/metalperformanceshaders/MPSGeometry.swift	Linux host implementation from pinned public-surface overlay
c:@S@MPSImageCoordinate	implemented	full/metalperformanceshaders/MPSGeometry.swift	Linux host implementation from pinned public-surface overlay
c:@S@MPSImageCoordinate@FI@channel	implemented	full/metalperformanceshaders/MPSGeometry.swift	Linux host implementation from pinned public-surface overlay
c:@S@MPSImageCoordinate@FI@x	implemented	full/metalperformanceshaders/MPSGeometry.swift	Linux host implementation from pinned public-surface overlay
c:@S@MPSImageCoordinate@FI@y	implemented	full/metalperformanceshaders/MPSGeometry.swift	Linux host implementation from pinned public-surface overlay
c:@S@MPSImageRegion	implemented	full/metalperformanceshaders/MPSGeometry.swift	Linux host implementation from pinned public-surface overlay
c:@S@MPSImageRegion@FI@offset	implemented	full/metalperformanceshaders/MPSGeometry.swift	Linux host implementation from pinned public-surface overlay
c:@S@MPSImageRegion@FI@size	implemented	full/metalperformanceshaders/MPSGeometry.swift	Linux host implementation from pinned public-surface overlay
c:@S@MPSOrigin	implemented	full/metalperformanceshaders/MPSGeometry.swift	Linux host implementation from pinned public-surface overlay
c:@S@MPSOrigin@FI@x	implemented	full/metalperformanceshaders/MPSGeometry.swift	Linux host implementation from pinned public-surface overlay
c:@S@MPSOrigin@FI@y	implemented	full/metalperformanceshaders/MPSGeometry.swift	Linux host implementation from pinned public-surface overlay
c:@S@MPSOrigin@FI@z	implemented	full/metalperformanceshaders/MPSGeometry.swift	Linux host implementation from pinned public-surface overlay
c:@S@MPSRegion	implemented	full/metalperformanceshaders/MPSGeometry.swift	Linux host implementation from pinned public-surface overlay
c:@S@MPSRegion@FI@origin	implemented	full/metalperformanceshaders/MPSGeometry.swift	Linux host implementation from pinned public-surface overlay
c:@S@MPSRegion@FI@size	implemented	full/metalperformanceshaders/MPSGeometry.swift	Linux host implementation from pinned public-surface overlay
c:@S@MPSScaleTransform	implemented	full/metalperformanceshaders/MPSGeometry.swift	Linux host implementation from pinned public-surface overlay
c:@S@MPSScaleTransform@FI@scaleX	implemented	full/metalperformanceshaders/MPSGeometry.swift	Linux host implementation from pinned public-surface overlay
c:@S@MPSScaleTransform@FI@scaleY	implemented	full/metalperformanceshaders/MPSGeometry.swift	Linux host implementation from pinned public-surface overlay
c:@S@MPSScaleTransform@FI@translateX	implemented	full/metalperformanceshaders/MPSGeometry.swift	Linux host implementation from pinned public-surface overlay
c:@S@MPSScaleTransform@FI@translateY	implemented	full/metalperformanceshaders/MPSGeometry.swift	Linux host implementation from pinned public-surface overlay
c:@S@MPSSize	implemented	full/metalperformanceshaders/MPSGeometry.swift	Linux host implementation from pinned public-surface overlay
c:@S@MPSSize@FI@depth	implemented	full/metalperformanceshaders/MPSGeometry.swift	Linux host implementation from pinned public-surface overlay
c:@S@MPSSize@FI@height	implemented	full/metalperformanceshaders/MPSGeometry.swift	Linux host implementation from pinned public-surface overlay
c:@S@MPSSize@FI@width	implemented	full/metalperformanceshaders/MPSGeometry.swift	Linux host implementation from pinned public-surface overlay
c:@S@MPSStateTextureInfo	implemented	full/metalperformanceshaders/MPSGeometry.swift	Linux host implementation from pinned public-surface overlay
c:@S@MPSStateTextureInfo@FI@arrayLength	implemented	full/metalperformanceshaders/MPSGeometry.swift	Linux host implementation from pinned public-surface overlay
c:@S@MPSStateTextureInfo@FI@depth	implemented	full/metalperformanceshaders/MPSGeometry.swift	Linux host implementation from pinned public-surface overlay
c:@S@MPSStateTextureInfo@FI@height	implemented	full/metalperformanceshaders/MPSGeometry.swift	Linux host implementation from pinned public-surface overlay
c:@S@MPSStateTextureInfo@FI@pixelFormat	implemented	full/metalperformanceshaders/MPSGeometry.swift	Linux host implementation from pinned public-surface overlay
c:@S@MPSStateTextureInfo@FI@textureType	implemented	full/metalperformanceshaders/MPSGeometry.swift	Linux host implementation from pinned public-surface overlay
c:@S@MPSStateTextureInfo@FI@usage	implemented	full/metalperformanceshaders/MPSGeometry.swift	Linux host implementation from pinned public-surface overlay
c:@S@MPSStateTextureInfo@FI@width	implemented	full/metalperformanceshaders/MPSGeometry.swift	Linux host implementation from pinned public-surface overlay
c:@S@_MPSAxisAlignedBoundingBox@FI@max::SYNTHESIZED::c:@T@MPSAxisAlignedBoundingBox	deferred		CNN/ray/NDArray/GPU encode not in this Linux starting partition; no Metal command encoder
c:@S@_MPSAxisAlignedBoundingBox@FI@min::SYNTHESIZED::c:@T@MPSAxisAlignedBoundingBox	deferred		CNN/ray/NDArray/GPU encode not in this Linux starting partition; no Metal command encoder
c:@S@_MPSPackedFloat3@Ua::SYNTHESIZED::c:@T@MPSPackedFloat3	deferred		CNN/ray/NDArray/GPU encode not in this Linux starting partition; no Metal command encoder
c:@S@_MPSPackedFloat3@Ua@FI@elements::SYNTHESIZED::c:@T@MPSPackedFloat3	deferred		CNN/ray/NDArray/GPU encode not in this Linux starting partition; no Metal command encoder
c:@S@_MPSPackedFloat3@Ua@Sa::SYNTHESIZED::c:@T@MPSPackedFloat3	deferred		CNN/ray/NDArray/GPU encode not in this Linux starting partition; no Metal command encoder
c:@S@_MPSPackedFloat3@Ua@Sa@FI@x::SYNTHESIZED::c:@T@MPSPackedFloat3	deferred		CNN/ray/NDArray/GPU encode not in this Linux starting partition; no Metal command encoder
c:@S@_MPSPackedFloat3@Ua@Sa@FI@y::SYNTHESIZED::c:@T@MPSPackedFloat3	deferred		CNN/ray/NDArray/GPU encode not in this Linux starting partition; no Metal command encoder
c:@S@_MPSPackedFloat3@Ua@Sa@FI@z::SYNTHESIZED::c:@T@MPSPackedFloat3	deferred		CNN/ray/NDArray/GPU encode not in this Linux starting partition; no Metal command encoder
c:@S@_MPSPackedFloat3@Ua@x::SYNTHESIZED::c:@T@MPSPackedFloat3	deferred		CNN/ray/NDArray/GPU encode not in this Linux starting partition; no Metal command encoder
c:@S@_MPSPackedFloat3@Ua@y::SYNTHESIZED::c:@T@MPSPackedFloat3	deferred		CNN/ray/NDArray/GPU encode not in this Linux starting partition; no Metal command encoder
c:@S@_MPSPackedFloat3@Ua@z::SYNTHESIZED::c:@T@MPSPackedFloat3	deferred		CNN/ray/NDArray/GPU encode not in this Linux starting partition; no Metal command encoder
c:@S@_MPSPackedFloat3@elements::SYNTHESIZED::c:@T@MPSPackedFloat3	deferred		CNN/ray/NDArray/GPU encode not in this Linux starting partition; no Metal command encoder
c:@S@_MPSPackedFloat3@x::SYNTHESIZED::c:@T@MPSPackedFloat3	deferred		CNN/ray/NDArray/GPU encode not in this Linux starting partition; no Metal command encoder
c:@S@_MPSPackedFloat3@y::SYNTHESIZED::c:@T@MPSPackedFloat3	deferred		CNN/ray/NDArray/GPU encode not in this Linux starting partition; no Metal command encoder
c:@S@_MPSPackedFloat3@z::SYNTHESIZED::c:@T@MPSPackedFloat3	deferred		CNN/ray/NDArray/GPU encode not in this Linux starting partition; no Metal command encoder
c:@SA@MPSCustomKernelInfo	implemented	full/metalperformanceshaders/MPSGeometry.swift	Linux host implementation from pinned public-surface overlay
c:@SA@MPSCustomKernelInfo@FI@clipOrigin	implemented	full/metalperformanceshaders/MPSGeometry.swift	Linux host implementation from pinned public-surface overlay
c:@SA@MPSCustomKernelInfo@FI@clipSize	implemented	full/metalperformanceshaders/MPSGeometry.swift	Linux host implementation from pinned public-surface overlay
c:@SA@MPSCustomKernelInfo@FI@destImageArraySize	implemented	full/metalperformanceshaders/MPSGeometry.swift	Linux host implementation from pinned public-surface overlay
c:@SA@MPSCustomKernelInfo@FI@destinationFeatureChannels	implemented	full/metalperformanceshaders/MPSGeometry.swift	Linux host implementation from pinned public-surface overlay
c:@SA@MPSCustomKernelInfo@FI@idiv	implemented	full/metalperformanceshaders/MPSGeometry.swift	Linux host implementation from pinned public-surface overlay
c:@SA@MPSCustomKernelInfo@FI@sourceImageCount	implemented	full/metalperformanceshaders/MPSGeometry.swift	Linux host implementation from pinned public-surface overlay
c:@SA@MPSCustomKernelInfo@FI@subbatchIndex	implemented	full/metalperformanceshaders/MPSGeometry.swift	Linux host implementation from pinned public-surface overlay
c:@SA@MPSCustomKernelInfo@FI@subbatchStride	implemented	full/metalperformanceshaders/MPSGeometry.swift	Linux host implementation from pinned public-surface overlay
c:@SA@MPSCustomKernelInfo@FI@threadgroupSize	implemented	full/metalperformanceshaders/MPSGeometry.swift	Linux host implementation from pinned public-surface overlay
c:@SA@MPSCustomKernelSourceInfo	implemented	full/metalperformanceshaders/MPSGeometry.swift	Linux host implementation from pinned public-surface overlay
c:@SA@MPSCustomKernelSourceInfo@FI@dilationRate	implemented	full/metalperformanceshaders/MPSGeometry.swift	Linux host implementation from pinned public-surface overlay
c:@SA@MPSCustomKernelSourceInfo@FI@featureChannelOffset	implemented	full/metalperformanceshaders/MPSGeometry.swift	Linux host implementation from pinned public-surface overlay
c:@SA@MPSCustomKernelSourceInfo@FI@featureChannels	implemented	full/metalperformanceshaders/MPSGeometry.swift	Linux host implementation from pinned public-surface overlay
c:@SA@MPSCustomKernelSourceInfo@FI@imageArrayOffset	implemented	full/metalperformanceshaders/MPSGeometry.swift	Linux host implementation from pinned public-surface overlay
c:@SA@MPSCustomKernelSourceInfo@FI@imageArraySize	implemented	full/metalperformanceshaders/MPSGeometry.swift	Linux host implementation from pinned public-surface overlay
c:@SA@MPSCustomKernelSourceInfo@FI@kernelOrigin	implemented	full/metalperformanceshaders/MPSGeometry.swift	Linux host implementation from pinned public-surface overlay
c:@SA@MPSCustomKernelSourceInfo@FI@kernelPhase	implemented	full/metalperformanceshaders/MPSGeometry.swift	Linux host implementation from pinned public-surface overlay
c:@SA@MPSCustomKernelSourceInfo@FI@kernelSize	implemented	full/metalperformanceshaders/MPSGeometry.swift	Linux host implementation from pinned public-surface overlay
c:@SA@MPSCustomKernelSourceInfo@FI@offset	implemented	full/metalperformanceshaders/MPSGeometry.swift	Linux host implementation from pinned public-surface overlay
c:@SA@MPSCustomKernelSourceInfo@FI@stride	implemented	full/metalperformanceshaders/MPSGeometry.swift	Linux host implementation from pinned public-surface overlay
c:@SA@MPSImageHistogramInfo	implemented	full/metalperformanceshaders/MPSGeometry.swift	Linux host implementation from pinned public-surface overlay
c:@SA@MPSImageHistogramInfo@FI@histogramForAlpha	implemented	full/metalperformanceshaders/MPSGeometry.swift	Linux host implementation from pinned public-surface overlay
c:@SA@MPSImageHistogramInfo@FI@maxPixelValue	implemented	full/metalperformanceshaders/MPSGeometry.swift	Linux host implementation from pinned public-surface overlay
c:@SA@MPSImageHistogramInfo@FI@minPixelValue	implemented	full/metalperformanceshaders/MPSGeometry.swift	Linux host implementation from pinned public-surface overlay
c:@SA@MPSImageHistogramInfo@FI@numberOfHistogramEntries	implemented	full/metalperformanceshaders/MPSGeometry.swift	Linux host implementation from pinned public-surface overlay
c:@SA@MPSImageKeypointData	implemented	full/metalperformanceshaders/MPSGeometry.swift	Linux host implementation from pinned public-surface overlay
c:@SA@MPSImageKeypointData@FI@keypointColorValue	implemented	full/metalperformanceshaders/MPSGeometry.swift	Linux host implementation from pinned public-surface overlay
c:@SA@MPSImageKeypointData@FI@keypointCoordinate	implemented	full/metalperformanceshaders/MPSGeometry.swift	Linux host implementation from pinned public-surface overlay
c:@SA@MPSImageKeypointRangeInfo	implemented	full/metalperformanceshaders/MPSGeometry.swift	Linux host implementation from pinned public-surface overlay
c:@SA@MPSImageKeypointRangeInfo@FI@maximumKeypoints	implemented	full/metalperformanceshaders/MPSGeometry.swift	Linux host implementation from pinned public-surface overlay
c:@SA@MPSImageKeypointRangeInfo@FI@minimumThresholdValue	implemented	full/metalperformanceshaders/MPSGeometry.swift	Linux host implementation from pinned public-surface overlay
c:@SA@MPSImageReadWriteParams	implemented	full/metalperformanceshaders/MPSGeometry.swift	Linux host implementation from pinned public-surface overlay
c:@SA@MPSImageReadWriteParams@FI@featureChannelOffset	implemented	full/metalperformanceshaders/MPSGeometry.swift	Linux host implementation from pinned public-surface overlay
c:@SA@MPSImageReadWriteParams@FI@numberOfFeatureChannelsToReadWrite	implemented	full/metalperformanceshaders/MPSGeometry.swift	Linux host implementation from pinned public-surface overlay
c:@SA@MPSIntegerDivisionParams	implemented	full/metalperformanceshaders/MPSGeometry.swift	Linux host implementation from pinned public-surface overlay
c:@SA@MPSIntegerDivisionParams@FI@addend	implemented	full/metalperformanceshaders/MPSGeometry.swift	Linux host implementation from pinned public-surface overlay
c:@SA@MPSIntegerDivisionParams@FI@divisor	implemented	full/metalperformanceshaders/MPSGeometry.swift	Linux host implementation from pinned public-surface overlay
c:@SA@MPSIntegerDivisionParams@FI@recip	implemented	full/metalperformanceshaders/MPSGeometry.swift	Linux host implementation from pinned public-surface overlay
c:@SA@MPSIntegerDivisionParams@FI@shift	implemented	full/metalperformanceshaders/MPSGeometry.swift	Linux host implementation from pinned public-surface overlay
c:@SA@MPSIntersectionDistance	deferred		CNN/ray/NDArray/GPU encode not in this Linux starting partition; no Metal command encoder
c:@SA@MPSIntersectionDistance@FI@distance	deferred		CNN/ray/NDArray/GPU encode not in this Linux starting partition; no Metal command encoder
c:@SA@MPSIntersectionDistancePrimitiveIndex	deferred		CNN/ray/NDArray/GPU encode not in this Linux starting partition; no Metal command encoder
c:@SA@MPSIntersectionDistancePrimitiveIndex@FI@distance	deferred		CNN/ray/NDArray/GPU encode not in this Linux starting partition; no Metal command encoder
c:@SA@MPSIntersectionDistancePrimitiveIndex@FI@primitiveIndex	deferred		CNN/ray/NDArray/GPU encode not in this Linux starting partition; no Metal command encoder
c:@SA@MPSIntersectionDistancePrimitiveIndexBufferIndex	deferred		CNN/ray/NDArray/GPU encode not in this Linux starting partition; no Metal command encoder
c:@SA@MPSIntersectionDistancePrimitiveIndexBufferIndex@FI@bufferIndex	deferred		CNN/ray/NDArray/GPU encode not in this Linux starting partition; no Metal command encoder
c:@SA@MPSIntersectionDistancePrimitiveIndexBufferIndex@FI@distance	deferred		CNN/ray/NDArray/GPU encode not in this Linux starting partition; no Metal command encoder
c:@SA@MPSIntersectionDistancePrimitiveIndexBufferIndex@FI@primitiveIndex	deferred		CNN/ray/NDArray/GPU encode not in this Linux starting partition; no Metal command encoder
c:@SA@MPSIntersectionDistancePrimitiveIndexBufferIndexCoordinates	deferred		CNN/ray/NDArray/GPU encode not in this Linux starting partition; no Metal command encoder
c:@SA@MPSIntersectionDistancePrimitiveIndexBufferIndexCoordinates@FI@bufferIndex	deferred		CNN/ray/NDArray/GPU encode not in this Linux starting partition; no Metal command encoder
c:@SA@MPSIntersectionDistancePrimitiveIndexBufferIndexCoordinates@FI@coordinates	deferred		CNN/ray/NDArray/GPU encode not in this Linux starting partition; no Metal command encoder
c:@SA@MPSIntersectionDistancePrimitiveIndexBufferIndexCoordinates@FI@distance	deferred		CNN/ray/NDArray/GPU encode not in this Linux starting partition; no Metal command encoder
c:@SA@MPSIntersectionDistancePrimitiveIndexBufferIndexCoordinates@FI@primitiveIndex	deferred		CNN/ray/NDArray/GPU encode not in this Linux starting partition; no Metal command encoder
c:@SA@MPSIntersectionDistancePrimitiveIndexBufferIndexInstanceIndex	deferred		CNN/ray/NDArray/GPU encode not in this Linux starting partition; no Metal command encoder
c:@SA@MPSIntersectionDistancePrimitiveIndexBufferIndexInstanceIndex@FI@bufferIndex	deferred		CNN/ray/NDArray/GPU encode not in this Linux starting partition; no Metal command encoder
c:@SA@MPSIntersectionDistancePrimitiveIndexBufferIndexInstanceIndex@FI@distance	deferred		CNN/ray/NDArray/GPU encode not in this Linux starting partition; no Metal command encoder
c:@SA@MPSIntersectionDistancePrimitiveIndexBufferIndexInstanceIndex@FI@instanceIndex	deferred		CNN/ray/NDArray/GPU encode not in this Linux starting partition; no Metal command encoder
c:@SA@MPSIntersectionDistancePrimitiveIndexBufferIndexInstanceIndex@FI@primitiveIndex	deferred		CNN/ray/NDArray/GPU encode not in this Linux starting partition; no Metal command encoder
c:@SA@MPSIntersectionDistancePrimitiveIndexBufferIndexInstanceIndexCoordinates	deferred		CNN/ray/NDArray/GPU encode not in this Linux starting partition; no Metal command encoder
c:@SA@MPSIntersectionDistancePrimitiveIndexBufferIndexInstanceIndexCoordinates@FI@bufferIndex	deferred		CNN/ray/NDArray/GPU encode not in this Linux starting partition; no Metal command encoder
c:@SA@MPSIntersectionDistancePrimitiveIndexBufferIndexInstanceIndexCoordinates@FI@coordinates	deferred		CNN/ray/NDArray/GPU encode not in this Linux starting partition; no Metal command encoder
c:@SA@MPSIntersectionDistancePrimitiveIndexBufferIndexInstanceIndexCoordinates@FI@distance	deferred		CNN/ray/NDArray/GPU encode not in this Linux starting partition; no Metal command encoder
c:@SA@MPSIntersectionDistancePrimitiveIndexBufferIndexInstanceIndexCoordinates@FI@instanceIndex	deferred		CNN/ray/NDArray/GPU encode not in this Linux starting partition; no Metal command encoder
c:@SA@MPSIntersectionDistancePrimitiveIndexBufferIndexInstanceIndexCoordinates@FI@primitiveIndex	deferred		CNN/ray/NDArray/GPU encode not in this Linux starting partition; no Metal command encoder
c:@SA@MPSIntersectionDistancePrimitiveIndexCoordinates	deferred		CNN/ray/NDArray/GPU encode not in this Linux starting partition; no Metal command encoder
c:@SA@MPSIntersectionDistancePrimitiveIndexCoordinates@FI@coordinates	deferred		CNN/ray/NDArray/GPU encode not in this Linux starting partition; no Metal command encoder
c:@SA@MPSIntersectionDistancePrimitiveIndexCoordinates@FI@distance	deferred		CNN/ray/NDArray/GPU encode not in this Linux starting partition; no Metal command encoder
c:@SA@MPSIntersectionDistancePrimitiveIndexCoordinates@FI@primitiveIndex	deferred		CNN/ray/NDArray/GPU encode not in this Linux starting partition; no Metal command encoder
c:@SA@MPSIntersectionDistancePrimitiveIndexInstanceIndex	deferred		CNN/ray/NDArray/GPU encode not in this Linux starting partition; no Metal command encoder
c:@SA@MPSIntersectionDistancePrimitiveIndexInstanceIndex@FI@distance	deferred		CNN/ray/NDArray/GPU encode not in this Linux starting partition; no Metal command encoder
c:@SA@MPSIntersectionDistancePrimitiveIndexInstanceIndex@FI@instanceIndex	deferred		CNN/ray/NDArray/GPU encode not in this Linux starting partition; no Metal command encoder
c:@SA@MPSIntersectionDistancePrimitiveIndexInstanceIndex@FI@primitiveIndex	deferred		CNN/ray/NDArray/GPU encode not in this Linux starting partition; no Metal command encoder
c:@SA@MPSIntersectionDistancePrimitiveIndexInstanceIndexCoordinates	deferred		CNN/ray/NDArray/GPU encode not in this Linux starting partition; no Metal command encoder
c:@SA@MPSIntersectionDistancePrimitiveIndexInstanceIndexCoordinates@FI@coordinates	deferred		CNN/ray/NDArray/GPU encode not in this Linux starting partition; no Metal command encoder
c:@SA@MPSIntersectionDistancePrimitiveIndexInstanceIndexCoordinates@FI@distance	deferred		CNN/ray/NDArray/GPU encode not in this Linux starting partition; no Metal command encoder
c:@SA@MPSIntersectionDistancePrimitiveIndexInstanceIndexCoordinates@FI@instanceIndex	deferred		CNN/ray/NDArray/GPU encode not in this Linux starting partition; no Metal command encoder
c:@SA@MPSIntersectionDistancePrimitiveIndexInstanceIndexCoordinates@FI@primitiveIndex	deferred		CNN/ray/NDArray/GPU encode not in this Linux starting partition; no Metal command encoder
c:@SA@MPSMatrixCopyOffsets	implemented	full/metalperformanceshaders/MPSGeometry.swift	Linux host implementation from pinned public-surface overlay
c:@SA@MPSMatrixCopyOffsets@FI@destinationColumnOffset	implemented	full/metalperformanceshaders/MPSGeometry.swift	Linux host implementation from pinned public-surface overlay
c:@SA@MPSMatrixCopyOffsets@FI@destinationRowOffset	implemented	full/metalperformanceshaders/MPSGeometry.swift	Linux host implementation from pinned public-surface overlay
c:@SA@MPSMatrixCopyOffsets@FI@sourceColumnOffset	implemented	full/metalperformanceshaders/MPSGeometry.swift	Linux host implementation from pinned public-surface overlay
c:@SA@MPSMatrixCopyOffsets@FI@sourceRowOffset	implemented	full/metalperformanceshaders/MPSGeometry.swift	Linux host implementation from pinned public-surface overlay
c:@SA@MPSMatrixOffset	implemented	full/metalperformanceshaders/MPSGeometry.swift	Linux host implementation from pinned public-surface overlay
c:@SA@MPSMatrixOffset@FI@columnOffset	implemented	full/metalperformanceshaders/MPSGeometry.swift	Linux host implementation from pinned public-surface overlay
c:@SA@MPSMatrixOffset@FI@rowOffset	implemented	full/metalperformanceshaders/MPSGeometry.swift	Linux host implementation from pinned public-surface overlay
c:@SA@MPSNDArrayOffsets	implemented	full/metalperformanceshaders/MPSGeometry.swift	Linux host implementation from pinned public-surface overlay
c:@SA@MPSNDArrayOffsets@FI@dimensions	implemented	full/metalperformanceshaders/MPSGeometry.swift	Linux host implementation from pinned public-surface overlay
c:@SA@MPSNDArraySizes	implemented	full/metalperformanceshaders/MPSGeometry.swift	Linux host implementation from pinned public-surface overlay
c:@SA@MPSNDArraySizes@FI@dimensions	implemented	full/metalperformanceshaders/MPSGeometry.swift	Linux host implementation from pinned public-surface overlay
c:@SA@MPSOffset	implemented	full/metalperformanceshaders/MPSGeometry.swift	Linux host implementation from pinned public-surface overlay
c:@SA@MPSOffset@FI@x	implemented	full/metalperformanceshaders/MPSGeometry.swift	Linux host implementation from pinned public-surface overlay
c:@SA@MPSOffset@FI@y	implemented	full/metalperformanceshaders/MPSGeometry.swift	Linux host implementation from pinned public-surface overlay
c:@SA@MPSOffset@FI@z	implemented	full/metalperformanceshaders/MPSGeometry.swift	Linux host implementation from pinned public-surface overlay
c:@SA@MPSRayOriginDirection	deferred		CNN/ray/NDArray/GPU encode not in this Linux starting partition; no Metal command encoder
c:@SA@MPSRayOriginDirection@FI@direction	deferred		CNN/ray/NDArray/GPU encode not in this Linux starting partition; no Metal command encoder
c:@SA@MPSRayOriginDirection@FI@origin	deferred		CNN/ray/NDArray/GPU encode not in this Linux starting partition; no Metal command encoder
c:@SA@MPSRayOriginMaskDirectionMaxDistance	deferred		CNN/ray/NDArray/GPU encode not in this Linux starting partition; no Metal command encoder
c:@SA@MPSRayOriginMaskDirectionMaxDistance@FI@direction	deferred		CNN/ray/NDArray/GPU encode not in this Linux starting partition; no Metal command encoder
c:@SA@MPSRayOriginMaskDirectionMaxDistance@FI@mask	deferred		CNN/ray/NDArray/GPU encode not in this Linux starting partition; no Metal command encoder
c:@SA@MPSRayOriginMaskDirectionMaxDistance@FI@maxDistance	deferred		CNN/ray/NDArray/GPU encode not in this Linux starting partition; no Metal command encoder
c:@SA@MPSRayOriginMaskDirectionMaxDistance@FI@origin	deferred		CNN/ray/NDArray/GPU encode not in this Linux starting partition; no Metal command encoder
c:@SA@MPSRayOriginMinDistanceDirectionMaxDistance	deferred		CNN/ray/NDArray/GPU encode not in this Linux starting partition; no Metal command encoder
c:@SA@MPSRayOriginMinDistanceDirectionMaxDistance@FI@direction	deferred		CNN/ray/NDArray/GPU encode not in this Linux starting partition; no Metal command encoder
c:@SA@MPSRayOriginMinDistanceDirectionMaxDistance@FI@maxDistance	deferred		CNN/ray/NDArray/GPU encode not in this Linux starting partition; no Metal command encoder
c:@SA@MPSRayOriginMinDistanceDirectionMaxDistance@FI@minDistance	deferred		CNN/ray/NDArray/GPU encode not in this Linux starting partition; no Metal command encoder
c:@SA@MPSRayOriginMinDistanceDirectionMaxDistance@FI@origin	deferred		CNN/ray/NDArray/GPU encode not in this Linux starting partition; no Metal command encoder
c:@SA@MPSRayPackedOriginDirection	deferred		CNN/ray/NDArray/GPU encode not in this Linux starting partition; no Metal command encoder
c:@SA@MPSRayPackedOriginDirection@FI@direction	deferred		CNN/ray/NDArray/GPU encode not in this Linux starting partition; no Metal command encoder
c:@SA@MPSRayPackedOriginDirection@FI@origin	deferred		CNN/ray/NDArray/GPU encode not in this Linux starting partition; no Metal command encoder
c:@T@MPSAccelerationStructureCompletionHandler	implemented	full/metalperformanceshaders/MPSKernel.swift	Linux host implementation from pinned public-surface overlay
c:@T@MPSAxisAlignedBoundingBox	deferred		CNN/ray/NDArray/GPU encode not in this Linux starting partition; no Metal command encoder
c:@T@MPSCopyAllocator	implemented	full/metalperformanceshaders/MPSKernel.swift	Linux host implementation from pinned public-surface overlay
c:@T@MPSDeviceCaps	implemented	full/metalperformanceshaders/MPSKernel.swift	Linux host implementation from pinned public-surface overlay
c:@T@MPSFunctionConstant	implemented	full/metalperformanceshaders/MPSKernel.swift	Linux host implementation from pinned public-surface overlay
c:@T@MPSFunctionConstantInMetal	implemented	full/metalperformanceshaders/MPSKernel.swift	Linux host implementation from pinned public-surface overlay
c:@T@MPSGradientNodeBlock	implemented	full/metalperformanceshaders/MPSKernel.swift	Linux host implementation from pinned public-surface overlay
c:@T@MPSNNGraphCompletionHandler	implemented	full/metalperformanceshaders/MPSKernel.swift	Linux host implementation from pinned public-surface overlay
c:@T@MPSPackedFloat3	deferred		CNN/ray/NDArray/GPU encode not in this Linux starting partition; no Metal command encoder
c:@macro@MPSBatchSizeIndex	implemented	full/metalperformanceshaders/MPSKernel.swift	Linux host implementation from pinned public-surface overlay
c:@macro@MPSDeviceCapsIndex	implemented	full/metalperformanceshaders/MPSGeometry.swift	Linux host implementation from pinned public-surface overlay
c:@macro@MPSFunctionConstantIndex	implemented	full/metalperformanceshaders/MPSKernel.swift	Linux host implementation from pinned public-surface overlay
c:@macro@MPSFunctionConstantIndexReserved	implemented	full/metalperformanceshaders/MPSKernel.swift	Linux host implementation from pinned public-surface overlay
c:@macro@MPSNDArrayConstantIndex	implemented	full/metalperformanceshaders/MPSKernel.swift	Linux host implementation from pinned public-surface overlay
c:@macro@MPSNDArrayConstantMultiDestDstAddressingIndex	implemented	full/metalperformanceshaders/MPSKernel.swift	Linux host implementation from pinned public-surface overlay
c:@macro@MPSNDArrayConstantMultiDestIndex	implemented	full/metalperformanceshaders/MPSKernel.swift	Linux host implementation from pinned public-surface overlay
c:@macro@MPSNDArrayConstantMultiDestIndex0	implemented	full/metalperformanceshaders/MPSKernel.swift	Linux host implementation from pinned public-surface overlay
c:@macro@MPSNDArrayConstantMultiDestIndex1	implemented	full/metalperformanceshaders/MPSKernel.swift	Linux host implementation from pinned public-surface overlay
c:@macro@MPSNDArrayConstantMultiDestSrcAddressingIndex	implemented	full/metalperformanceshaders/MPSKernel.swift	Linux host implementation from pinned public-surface overlay
c:@macro@MPSTextureLinkingConstantIndex	implemented	full/metalperformanceshaders/MPSKernel.swift	Linux host implementation from pinned public-surface overlay
c:@macro@MPSUserAvailableFunctionConstantStartIndex	implemented	full/metalperformanceshaders/MPSKernel.swift	Linux host implementation from pinned public-surface overlay
c:@macro@MPSUserConstantIndex	implemented	full/metalperformanceshaders/MPSKernel.swift	Linux host implementation from pinned public-surface overlay
c:objc(cs)MPSAccelerationStructure	declared	full/metalperformanceshaders/MPSKernel.swift	Stub declaration only; members remain deferred
c:objc(cs)MPSAccelerationStructure(im)copyWithZone:device:	deferred		CNN/ray/NDArray/GPU encode not in this Linux starting partition; no Metal command encoder
c:objc(cs)MPSAccelerationStructure(im)copyWithZone:group:	deferred		CNN/ray/NDArray/GPU encode not in this Linux starting partition; no Metal command encoder
c:objc(cs)MPSAccelerationStructure(im)encodeRefitToCommandBuffer:	deferred		CNN/ray/NDArray/GPU encode not in this Linux starting partition; no Metal command encoder
c:objc(cs)MPSAccelerationStructure(im)encodeWithCoder:	deferred		CNN/ray/NDArray/GPU encode not in this Linux starting partition; no Metal command encoder
c:objc(cs)MPSAccelerationStructure(im)initWithCoder:device:	deferred		CNN/ray/NDArray/GPU encode not in this Linux starting partition; no Metal command encoder
c:objc(cs)MPSAccelerationStructure(im)initWithCoder:group:	deferred		CNN/ray/NDArray/GPU encode not in this Linux starting partition; no Metal command encoder
c:objc(cs)MPSAccelerationStructure(im)initWithDevice:	deferred		CNN/ray/NDArray/GPU encode not in this Linux starting partition; no Metal command encoder
c:objc(cs)MPSAccelerationStructure(im)initWithGroup:	deferred		CNN/ray/NDArray/GPU encode not in this Linux starting partition; no Metal command encoder
c:objc(cs)MPSAccelerationStructure(im)rebuild	deferred		CNN/ray/NDArray/GPU encode not in this Linux starting partition; no Metal command encoder
c:objc(cs)MPSAccelerationStructure(im)rebuildWithCompletionHandler:	deferred		CNN/ray/NDArray/GPU encode not in this Linux starting partition; no Metal command encoder
c:objc(cs)MPSAccelerationStructure(py)boundingBox	deferred		CNN/ray/NDArray/GPU encode not in this Linux starting partition; no Metal command encoder
c:objc(cs)MPSAccelerationStructure(py)group	deferred		CNN/ray/NDArray/GPU encode not in this Linux starting partition; no Metal command encoder
c:objc(cs)MPSAccelerationStructure(py)status	deferred		CNN/ray/NDArray/GPU encode not in this Linux starting partition; no Metal command encoder
c:objc(cs)MPSAccelerationStructure(py)usage	deferred		CNN/ray/NDArray/GPU encode not in this Linux starting partition; no Metal command encoder
c:objc(cs)MPSAccelerationStructureGroup	deferred		CNN/ray/NDArray/GPU encode not in this Linux starting partition; no Metal command encoder
c:objc(cs)MPSAccelerationStructureGroup(im)initWithDevice:	deferred		CNN/ray/NDArray/GPU encode not in this Linux starting partition; no Metal command encoder
c:objc(cs)MPSAccelerationStructureGroup(py)device	deferred		CNN/ray/NDArray/GPU encode not in this Linux starting partition; no Metal command encoder
c:objc(cs)MPSBinaryImageKernel	implemented	full/metalperformanceshaders/MPSKernel.swift	Linux host implementation from pinned public-surface overlay
c:objc(cs)MPSBinaryImageKernel(im)encodeToCommandBuffer:inPlacePrimaryTexture:secondaryTexture:fallbackCopyAllocator:	implemented	full/metalperformanceshaders/MPSKernel.swift	Linux host implementation from pinned public-surface overlay
c:objc(cs)MPSBinaryImageKernel(im)encodeToCommandBuffer:primaryImage:secondaryImage:destinationImage:	implemented	full/metalperformanceshaders/MPSKernel.swift	Linux host implementation from pinned public-surface overlay
c:objc(cs)MPSBinaryImageKernel(im)encodeToCommandBuffer:primaryTexture:inPlaceSecondaryTexture:fallbackCopyAllocator:	implemented	full/metalperformanceshaders/MPSKernel.swift	Linux host implementation from pinned public-surface overlay
c:objc(cs)MPSBinaryImageKernel(im)encodeToCommandBuffer:primaryTexture:secondaryTexture:destinationTexture:	implemented	full/metalperformanceshaders/MPSKernel.swift	Linux host implementation from pinned public-surface overlay
c:objc(cs)MPSBinaryImageKernel(im)initWithCoder:device:	implemented	full/metalperformanceshaders/MPSKernel.swift	Linux host implementation from pinned public-surface overlay
c:objc(cs)MPSBinaryImageKernel(im)initWithDevice:	implemented	full/metalperformanceshaders/MPSKernel.swift	Linux host implementation from pinned public-surface overlay
c:objc(cs)MPSBinaryImageKernel(im)primarySourceRegionForDestinationSize:	implemented	full/metalperformanceshaders/MPSKernel.swift	Linux host implementation from pinned public-surface overlay
c:objc(cs)MPSBinaryImageKernel(im)secondarySourceRegionForDestinationSize:	implemented	full/metalperformanceshaders/MPSKernel.swift	Linux host implementation from pinned public-surface overlay
c:objc(cs)MPSBinaryImageKernel(py)clipRect	implemented	full/metalperformanceshaders/MPSKernel.swift	Linux host implementation from pinned public-surface overlay
c:objc(cs)MPSBinaryImageKernel(py)primaryEdgeMode	implemented	full/metalperformanceshaders/MPSKernel.swift	Linux host implementation from pinned public-surface overlay
c:objc(cs)MPSBinaryImageKernel(py)primaryOffset	implemented	full/metalperformanceshaders/MPSKernel.swift	Linux host implementation from pinned public-surface overlay
c:objc(cs)MPSBinaryImageKernel(py)secondaryEdgeMode	implemented	full/metalperformanceshaders/MPSKernel.swift	Linux host implementation from pinned public-surface overlay
c:objc(cs)MPSBinaryImageKernel(py)secondaryOffset	implemented	full/metalperformanceshaders/MPSKernel.swift	Linux host implementation from pinned public-surface overlay
c:objc(cs)MPSCNNAdd	deferred		CNN/ray/NDArray/GPU encode not in this Linux starting partition; no Metal command encoder
c:objc(cs)MPSCNNAdd(im)initWithDevice:	deferred		CNN/ray/NDArray/GPU encode not in this Linux starting partition; no Metal command encoder
c:objc(cs)MPSCNNAddGradient	deferred		CNN/ray/NDArray/GPU encode not in this Linux starting partition; no Metal command encoder
c:objc(cs)MPSCNNAddGradient(im)initWithDevice:isSecondarySourceFilter:	deferred		CNN/ray/NDArray/GPU encode not in this Linux starting partition; no Metal command encoder
c:objc(cs)MPSCNNArithmetic	deferred		CNN/ray/NDArray/GPU encode not in this Linux starting partition; no Metal command encoder
c:objc(cs)MPSCNNArithmetic(im)encodeBatchToCommandBuffer:primaryImages:secondaryImages:destinationStates:destinationImages:	deferred		CNN/ray/NDArray/GPU encode not in this Linux starting partition; no Metal command encoder
c:objc(cs)MPSCNNArithmetic(im)encodeToCommandBuffer:primaryImage:secondaryImage:destinationState:destinationImage:	deferred		CNN/ray/NDArray/GPU encode not in this Linux starting partition; no Metal command encoder
c:objc(cs)MPSCNNArithmetic(py)bias	deferred		CNN/ray/NDArray/GPU encode not in this Linux starting partition; no Metal command encoder
c:objc(cs)MPSCNNArithmetic(py)maximumValue	deferred		CNN/ray/NDArray/GPU encode not in this Linux starting partition; no Metal command encoder
c:objc(cs)MPSCNNArithmetic(py)minimumValue	deferred		CNN/ray/NDArray/GPU encode not in this Linux starting partition; no Metal command encoder
c:objc(cs)MPSCNNArithmetic(py)primaryScale	deferred		CNN/ray/NDArray/GPU encode not in this Linux starting partition; no Metal command encoder
c:objc(cs)MPSCNNArithmetic(py)primaryStrideInFeatureChannels	deferred		CNN/ray/NDArray/GPU encode not in this Linux starting partition; no Metal command encoder
c:objc(cs)MPSCNNArithmetic(py)secondaryScale	deferred		CNN/ray/NDArray/GPU encode not in this Linux starting partition; no Metal command encoder
c:objc(cs)MPSCNNArithmetic(py)secondaryStrideInFeatureChannels	deferred		CNN/ray/NDArray/GPU encode not in this Linux starting partition; no Metal command encoder
c:objc(cs)MPSCNNArithmeticGradient	deferred		CNN/ray/NDArray/GPU encode not in this Linux starting partition; no Metal command encoder
c:objc(cs)MPSCNNArithmeticGradient(py)bias	deferred		CNN/ray/NDArray/GPU encode not in this Linux starting partition; no Metal command encoder
c:objc(cs)MPSCNNArithmeticGradient(py)isSecondarySourceFilter	deferred		CNN/ray/NDArray/GPU encode not in this Linux starting partition; no Metal command encoder
c:objc(cs)MPSCNNArithmeticGradient(py)maximumValue	deferred		CNN/ray/NDArray/GPU encode not in this Linux starting partition; no Metal command encoder
c:objc(cs)MPSCNNArithmeticGradient(py)minimumValue	deferred		CNN/ray/NDArray/GPU encode not in this Linux starting partition; no Metal command encoder
c:objc(cs)MPSCNNArithmeticGradient(py)primaryScale	deferred		CNN/ray/NDArray/GPU encode not in this Linux starting partition; no Metal command encoder
c:objc(cs)MPSCNNArithmeticGradient(py)secondaryScale	deferred		CNN/ray/NDArray/GPU encode not in this Linux starting partition; no Metal command encoder
c:objc(cs)MPSCNNArithmeticGradient(py)secondaryStrideInFeatureChannels	deferred		CNN/ray/NDArray/GPU encode not in this Linux starting partition; no Metal command encoder
c:objc(cs)MPSCNNArithmeticGradientState	deferred		CNN/ray/NDArray/GPU encode not in this Linux starting partition; no Metal command encoder
c:objc(cs)MPSCNNBatchNormalization	deferred		CNN/ray/NDArray/GPU encode not in this Linux starting partition; no Metal command encoder
c:objc(cs)MPSCNNBatchNormalization(im)encodeBatchToCommandBuffer:sourceImages:batchNormalizationState:destinationImages:	deferred		CNN/ray/NDArray/GPU encode not in this Linux starting partition; no Metal command encoder
c:objc(cs)MPSCNNBatchNormalization(im)encodeToCommandBuffer:sourceImage:batchNormalizationState:destinationImage:	deferred		CNN/ray/NDArray/GPU encode not in this Linux starting partition; no Metal command encoder
c:objc(cs)MPSCNNBatchNormalization(im)initWithCoder:device:	deferred		CNN/ray/NDArray/GPU encode not in this Linux starting partition; no Metal command encoder
c:objc(cs)MPSCNNBatchNormalization(im)initWithDevice:dataSource:	deferred		CNN/ray/NDArray/GPU encode not in this Linux starting partition; no Metal command encoder
c:objc(cs)MPSCNNBatchNormalization(im)initWithDevice:dataSource:fusedNeuronDescriptor:	deferred		CNN/ray/NDArray/GPU encode not in this Linux starting partition; no Metal command encoder
c:objc(cs)MPSCNNBatchNormalization(im)reloadDataSource:	deferred		CNN/ray/NDArray/GPU encode not in this Linux starting partition; no Metal command encoder
c:objc(cs)MPSCNNBatchNormalization(im)reloadGammaAndBetaFromDataSource	deferred		CNN/ray/NDArray/GPU encode not in this Linux starting partition; no Metal command encoder
c:objc(cs)MPSCNNBatchNormalization(im)reloadGammaAndBetaWithCommandBuffer:gammaAndBetaState:	deferred		CNN/ray/NDArray/GPU encode not in this Linux starting partition; no Metal command encoder
c:objc(cs)MPSCNNBatchNormalization(im)reloadMeanAndVarianceFromDataSource	deferred		CNN/ray/NDArray/GPU encode not in this Linux starting partition; no Metal command encoder
c:objc(cs)MPSCNNBatchNormalization(im)reloadMeanAndVarianceWithCommandBuffer:meanAndVarianceState:	deferred		CNN/ray/NDArray/GPU encode not in this Linux starting partition; no Metal command encoder
c:objc(cs)MPSCNNBatchNormalization(im)resultStateForSourceImage:sourceStates:destinationImage:	deferred		CNN/ray/NDArray/GPU encode not in this Linux starting partition; no Metal command encoder
c:objc(cs)MPSCNNBatchNormalization(im)temporaryResultStateForCommandBuffer:sourceImage:sourceStates:destinationImage:	deferred		CNN/ray/NDArray/GPU encode not in this Linux starting partition; no Metal command encoder
c:objc(cs)MPSCNNBatchNormalization(py)dataSource	deferred		CNN/ray/NDArray/GPU encode not in this Linux starting partition; no Metal command encoder
c:objc(cs)MPSCNNBatchNormalization(py)epsilon	deferred		CNN/ray/NDArray/GPU encode not in this Linux starting partition; no Metal command encoder
c:objc(cs)MPSCNNBatchNormalization(py)numberOfFeatureChannels	deferred		CNN/ray/NDArray/GPU encode not in this Linux starting partition; no Metal command encoder
c:objc(cs)MPSCNNBatchNormalizationGradient	deferred		CNN/ray/NDArray/GPU encode not in this Linux starting partition; no Metal command encoder
c:objc(cs)MPSCNNBatchNormalizationGradient(im)encodeBatchToCommandBuffer:sourceGradients:sourceImages:batchNormalizationState:	deferred		CNN/ray/NDArray/GPU encode not in this Linux starting partition; no Metal command encoder
c:objc(cs)MPSCNNBatchNormalizationGradient(im)encodeBatchToCommandBuffer:sourceGradients:sourceImages:batchNormalizationState:destinationGradients:	deferred		CNN/ray/NDArray/GPU encode not in this Linux starting partition; no Metal command encoder
c:objc(cs)MPSCNNBatchNormalizationGradient(im)encodeToCommandBuffer:sourceGradient:sourceImage:batchNormalizationState:	deferred		CNN/ray/NDArray/GPU encode not in this Linux starting partition; no Metal command encoder
c:objc(cs)MPSCNNBatchNormalizationGradient(im)encodeToCommandBuffer:sourceGradient:sourceImage:batchNormalizationState:destinationGradient:	deferred		CNN/ray/NDArray/GPU encode not in this Linux starting partition; no Metal command encoder
c:objc(cs)MPSCNNBatchNormalizationGradient(im)initWithCoder:device:	deferred		CNN/ray/NDArray/GPU encode not in this Linux starting partition; no Metal command encoder
c:objc(cs)MPSCNNBatchNormalizationGradient(im)initWithDevice:fusedNeuronDescriptor:	deferred		CNN/ray/NDArray/GPU encode not in this Linux starting partition; no Metal command encoder
c:objc(cs)MPSCNNBatchNormalizationGradientNode	deferred		CNN/ray/NDArray/GPU encode not in this Linux starting partition; no Metal command encoder
c:objc(cs)MPSCNNBatchNormalizationGradientNode(im)initWithSourceGradient:sourceImage:gradientState:	deferred		CNN/ray/NDArray/GPU encode not in this Linux starting partition; no Metal command encoder
c:objc(cs)MPSCNNBatchNormalizationNode	deferred		CNN/ray/NDArray/GPU encode not in this Linux starting partition; no Metal command encoder
c:objc(cs)MPSCNNBatchNormalizationNode(im)initWithSource:dataSource:	deferred		CNN/ray/NDArray/GPU encode not in this Linux starting partition; no Metal command encoder
c:objc(cs)MPSCNNBatchNormalizationNode(py)flags	deferred		CNN/ray/NDArray/GPU encode not in this Linux starting partition; no Metal command encoder
c:objc(cs)MPSCNNBatchNormalizationNode(py)trainingStyle	deferred		CNN/ray/NDArray/GPU encode not in this Linux starting partition; no Metal command encoder
c:objc(cs)MPSCNNBatchNormalizationState	deferred		CNN/ray/NDArray/GPU encode not in this Linux starting partition; no Metal command encoder
c:objc(cs)MPSCNNBatchNormalizationState(im)beta	deferred		CNN/ray/NDArray/GPU encode not in this Linux starting partition; no Metal command encoder
c:objc(cs)MPSCNNBatchNormalizationState(im)gamma	deferred		CNN/ray/NDArray/GPU encode not in this Linux starting partition; no Metal command encoder
c:objc(cs)MPSCNNBatchNormalizationState(im)gradientForBeta	deferred		CNN/ray/NDArray/GPU encode not in this Linux starting partition; no Metal command encoder
c:objc(cs)MPSCNNBatchNormalizationState(im)gradientForGamma	deferred		CNN/ray/NDArray/GPU encode not in this Linux starting partition; no Metal command encoder
c:objc(cs)MPSCNNBatchNormalizationState(im)mean	deferred		CNN/ray/NDArray/GPU encode not in this Linux starting partition; no Metal command encoder
c:objc(cs)MPSCNNBatchNormalizationState(im)reset	deferred		CNN/ray/NDArray/GPU encode not in this Linux starting partition; no Metal command encoder
c:objc(cs)MPSCNNBatchNormalizationState(im)variance	deferred		CNN/ray/NDArray/GPU encode not in this Linux starting partition; no Metal command encoder
c:objc(cs)MPSCNNBatchNormalizationState(py)batchNormalization	deferred		CNN/ray/NDArray/GPU encode not in this Linux starting partition; no Metal command encoder
c:objc(cs)MPSCNNBatchNormalizationStatistics	deferred		CNN/ray/NDArray/GPU encode not in this Linux starting partition; no Metal command encoder
c:objc(cs)MPSCNNBatchNormalizationStatistics(im)encodeBatchToCommandBuffer:sourceImages:batchNormalizationState:	deferred		CNN/ray/NDArray/GPU encode not in this Linux starting partition; no Metal command encoder
c:objc(cs)MPSCNNBatchNormalizationStatistics(im)initWithCoder:device:	deferred		CNN/ray/NDArray/GPU encode not in this Linux starting partition; no Metal command encoder
c:objc(cs)MPSCNNBatchNormalizationStatistics(im)initWithDevice:	deferred		CNN/ray/NDArray/GPU encode not in this Linux starting partition; no Metal command encoder
c:objc(cs)MPSCNNBatchNormalizationStatisticsGradient	deferred		CNN/ray/NDArray/GPU encode not in this Linux starting partition; no Metal command encoder
c:objc(cs)MPSCNNBatchNormalizationStatisticsGradient(im)encodeBatchToCommandBuffer:sourceGradients:sourceImages:batchNormalizationState:	deferred		CNN/ray/NDArray/GPU encode not in this Linux starting partition; no Metal command encoder
c:objc(cs)MPSCNNBatchNormalizationStatisticsGradient(im)initWithCoder:device:	deferred		CNN/ray/NDArray/GPU encode not in this Linux starting partition; no Metal command encoder
c:objc(cs)MPSCNNBatchNormalizationStatisticsGradient(im)initWithDevice:fusedNeuronDescriptor:	deferred		CNN/ray/NDArray/GPU encode not in this Linux starting partition; no Metal command encoder
c:objc(cs)MPSCNNBinaryConvolution	deferred		CNN/ray/NDArray/GPU encode not in this Linux starting partition; no Metal command encoder
c:objc(cs)MPSCNNBinaryConvolution(im)initWithCoder:device:	deferred		CNN/ray/NDArray/GPU encode not in this Linux starting partition; no Metal command encoder
c:objc(cs)MPSCNNBinaryConvolution(im)initWithDevice:convolutionData:outputBiasTerms:outputScaleTerms:inputBiasTerms:inputScaleTerms:type:flags:	deferred		CNN/ray/NDArray/GPU encode not in this Linux starting partition; no Metal command encoder
c:objc(cs)MPSCNNBinaryConvolution(im)initWithDevice:convolutionData:scaleValue:type:flags:	deferred		CNN/ray/NDArray/GPU encode not in this Linux starting partition; no Metal command encoder
c:objc(cs)MPSCNNBinaryConvolution(py)inputFeatureChannels	deferred		CNN/ray/NDArray/GPU encode not in this Linux starting partition; no Metal command encoder
c:objc(cs)MPSCNNBinaryConvolution(py)outputFeatureChannels	deferred		CNN/ray/NDArray/GPU encode not in this Linux starting partition; no Metal command encoder
c:objc(cs)MPSCNNBinaryConvolutionNode	deferred		CNN/ray/NDArray/GPU encode not in this Linux starting partition; no Metal command encoder
c:objc(cs)MPSCNNBinaryConvolutionNode(im)initWithSource:weights:outputBiasTerms:outputScaleTerms:inputBiasTerms:inputScaleTerms:type:flags:	deferred		CNN/ray/NDArray/GPU encode not in this Linux starting partition; no Metal command encoder
c:objc(cs)MPSCNNBinaryConvolutionNode(im)initWithSource:weights:scaleValue:type:flags:	deferred		CNN/ray/NDArray/GPU encode not in this Linux starting partition; no Metal command encoder
c:objc(cs)MPSCNNBinaryFullyConnected	deferred		CNN/ray/NDArray/GPU encode not in this Linux starting partition; no Metal command encoder
c:objc(cs)MPSCNNBinaryFullyConnected(im)initWithCoder:device:	deferred		CNN/ray/NDArray/GPU encode not in this Linux starting partition; no Metal command encoder
c:objc(cs)MPSCNNBinaryFullyConnected(im)initWithDevice:convolutionData:outputBiasTerms:outputScaleTerms:inputBiasTerms:inputScaleTerms:type:flags:	deferred		CNN/ray/NDArray/GPU encode not in this Linux starting partition; no Metal command encoder
c:objc(cs)MPSCNNBinaryFullyConnected(im)initWithDevice:convolutionData:scaleValue:type:flags:	deferred		CNN/ray/NDArray/GPU encode not in this Linux starting partition; no Metal command encoder
c:objc(cs)MPSCNNBinaryFullyConnectedNode	deferred		CNN/ray/NDArray/GPU encode not in this Linux starting partition; no Metal command encoder
c:objc(cs)MPSCNNBinaryFullyConnectedNode(im)initWithSource:weights:outputBiasTerms:outputScaleTerms:inputBiasTerms:inputScaleTerms:type:flags:	deferred		CNN/ray/NDArray/GPU encode not in this Linux starting partition; no Metal command encoder
c:objc(cs)MPSCNNBinaryFullyConnectedNode(im)initWithSource:weights:scaleValue:type:flags:	deferred		CNN/ray/NDArray/GPU encode not in this Linux starting partition; no Metal command encoder
c:objc(cs)MPSCNNBinaryKernel	deferred		CNN/ray/NDArray/GPU encode not in this Linux starting partition; no Metal command encoder
c:objc(cs)MPSCNNBinaryKernel(im)appendBatchBarrier	deferred		CNN/ray/NDArray/GPU encode not in this Linux starting partition; no Metal command encoder
c:objc(cs)MPSCNNBinaryKernel(im)batchEncodingStorageSizeForPrimaryImage:secondaryImage:sourceStates:destinationImage:	deferred		CNN/ray/NDArray/GPU encode not in this Linux starting partition; no Metal command encoder
c:objc(cs)MPSCNNBinaryKernel(im)destinationImageDescriptorForSourceImages:sourceStates:	deferred		CNN/ray/NDArray/GPU encode not in this Linux starting partition; no Metal command encoder
c:objc(cs)MPSCNNBinaryKernel(im)encodeBatchToCommandBuffer:primaryImages:secondaryImages:	deferred		CNN/ray/NDArray/GPU encode not in this Linux starting partition; no Metal command encoder
c:objc(cs)MPSCNNBinaryKernel(im)encodeBatchToCommandBuffer:primaryImages:secondaryImages:destinationImages:	deferred		CNN/ray/NDArray/GPU encode not in this Linux starting partition; no Metal command encoder
c:objc(cs)MPSCNNBinaryKernel(im)encodeBatchToCommandBuffer:primaryImages:secondaryImages:destinationStates:destinationStateIsTemporary:	deferred		CNN/ray/NDArray/GPU encode not in this Linux starting partition; no Metal command encoder
c:objc(cs)MPSCNNBinaryKernel(im)encodeToCommandBuffer:primaryImage:secondaryImage:	deferred		CNN/ray/NDArray/GPU encode not in this Linux starting partition; no Metal command encoder
c:objc(cs)MPSCNNBinaryKernel(im)encodeToCommandBuffer:primaryImage:secondaryImage:destinationImage:	deferred		CNN/ray/NDArray/GPU encode not in this Linux starting partition; no Metal command encoder
c:objc(cs)MPSCNNBinaryKernel(im)encodeToCommandBuffer:primaryImage:secondaryImage:destinationState:destinationStateIsTemporary:	deferred		CNN/ray/NDArray/GPU encode not in this Linux starting partition; no Metal command encoder
c:objc(cs)MPSCNNBinaryKernel(im)encodingStorageSizeForPrimaryImage:secondaryImage:sourceStates:destinationImage:	deferred		CNN/ray/NDArray/GPU encode not in this Linux starting partition; no Metal command encoder
c:objc(cs)MPSCNNBinaryKernel(im)initWithCoder:device:	deferred		CNN/ray/NDArray/GPU encode not in this Linux starting partition; no Metal command encoder
c:objc(cs)MPSCNNBinaryKernel(im)initWithDevice:	deferred		CNN/ray/NDArray/GPU encode not in this Linux starting partition; no Metal command encoder
c:objc(cs)MPSCNNBinaryKernel(im)isResultStateReusedAcrossBatch	deferred		CNN/ray/NDArray/GPU encode not in this Linux starting partition; no Metal command encoder
c:objc(cs)MPSCNNBinaryKernel(im)resultStateBatchForPrimaryImage:secondaryImage:sourceStates:destinationImage:	deferred		CNN/ray/NDArray/GPU encode not in this Linux starting partition; no Metal command encoder
c:objc(cs)MPSCNNBinaryKernel(im)resultStateForPrimaryImage:secondaryImage:sourceStates:destinationImage:	deferred		CNN/ray/NDArray/GPU encode not in this Linux starting partition; no Metal command encoder
c:objc(cs)MPSCNNBinaryKernel(im)temporaryResultStateBatchForCommandBuffer:primaryImage:secondaryImage:sourceStates:destinationImage:	deferred		CNN/ray/NDArray/GPU encode not in this Linux starting partition; no Metal command encoder
c:objc(cs)MPSCNNBinaryKernel(im)temporaryResultStateForCommandBuffer:primaryImage:secondaryImage:sourceStates:destinationImage:	deferred		CNN/ray/NDArray/GPU encode not in this Linux starting partition; no Metal command encoder
c:objc(cs)MPSCNNBinaryKernel(py)clipRect	deferred		CNN/ray/NDArray/GPU encode not in this Linux starting partition; no Metal command encoder
c:objc(cs)MPSCNNBinaryKernel(py)destinationFeatureChannelOffset	deferred		CNN/ray/NDArray/GPU encode not in this Linux starting partition; no Metal command encoder
c:objc(cs)MPSCNNBinaryKernel(py)destinationImageAllocator	deferred		CNN/ray/NDArray/GPU encode not in this Linux starting partition; no Metal command encoder
c:objc(cs)MPSCNNBinaryKernel(py)isBackwards	deferred		CNN/ray/NDArray/GPU encode not in this Linux starting partition; no Metal command encoder
c:objc(cs)MPSCNNBinaryKernel(py)isStateModified	deferred		CNN/ray/NDArray/GPU encode not in this Linux starting partition; no Metal command encoder
c:objc(cs)MPSCNNBinaryKernel(py)padding	deferred		CNN/ray/NDArray/GPU encode not in this Linux starting partition; no Metal command encoder
c:objc(cs)MPSCNNBinaryKernel(py)primaryDilationRateX	deferred		CNN/ray/NDArray/GPU encode not in this Linux starting partition; no Metal command encoder
c:objc(cs)MPSCNNBinaryKernel(py)primaryDilationRateY	deferred		CNN/ray/NDArray/GPU encode not in this Linux starting partition; no Metal command encoder
c:objc(cs)MPSCNNBinaryKernel(py)primaryEdgeMode	deferred		CNN/ray/NDArray/GPU encode not in this Linux starting partition; no Metal command encoder
c:objc(cs)MPSCNNBinaryKernel(py)primaryKernelHeight	deferred		CNN/ray/NDArray/GPU encode not in this Linux starting partition; no Metal command encoder
c:objc(cs)MPSCNNBinaryKernel(py)primaryKernelWidth	deferred		CNN/ray/NDArray/GPU encode not in this Linux starting partition; no Metal command encoder
c:objc(cs)MPSCNNBinaryKernel(py)primaryOffset	deferred		CNN/ray/NDArray/GPU encode not in this Linux starting partition; no Metal command encoder
c:objc(cs)MPSCNNBinaryKernel(py)primarySourceFeatureChannelMaxCount	deferred		CNN/ray/NDArray/GPU encode not in this Linux starting partition; no Metal command encoder
c:objc(cs)MPSCNNBinaryKernel(py)primarySourceFeatureChannelOffset	deferred		CNN/ray/NDArray/GPU encode not in this Linux starting partition; no Metal command encoder
c:objc(cs)MPSCNNBinaryKernel(py)primaryStrideInPixelsX	deferred		CNN/ray/NDArray/GPU encode not in this Linux starting partition; no Metal command encoder
c:objc(cs)MPSCNNBinaryKernel(py)primaryStrideInPixelsY	deferred		CNN/ray/NDArray/GPU encode not in this Linux starting partition; no Metal command encoder
c:objc(cs)MPSCNNBinaryKernel(py)secondaryDilationRateX	deferred		CNN/ray/NDArray/GPU encode not in this Linux starting partition; no Metal command encoder
c:objc(cs)MPSCNNBinaryKernel(py)secondaryDilationRateY	deferred		CNN/ray/NDArray/GPU encode not in this Linux starting partition; no Metal command encoder
c:objc(cs)MPSCNNBinaryKernel(py)secondaryEdgeMode	deferred		CNN/ray/NDArray/GPU encode not in this Linux starting partition; no Metal command encoder
c:objc(cs)MPSCNNBinaryKernel(py)secondaryKernelHeight	deferred		CNN/ray/NDArray/GPU encode not in this Linux starting partition; no Metal command encoder
c:objc(cs)MPSCNNBinaryKernel(py)secondaryKernelWidth	deferred		CNN/ray/NDArray/GPU encode not in this Linux starting partition; no Metal command encoder
c:objc(cs)MPSCNNBinaryKernel(py)secondaryOffset	deferred		CNN/ray/NDArray/GPU encode not in this Linux starting partition; no Metal command encoder
c:objc(cs)MPSCNNBinaryKernel(py)secondarySourceFeatureChannelMaxCount	deferred		CNN/ray/NDArray/GPU encode not in this Linux starting partition; no Metal command encoder
c:objc(cs)MPSCNNBinaryKernel(py)secondarySourceFeatureChannelOffset	deferred		CNN/ray/NDArray/GPU encode not in this Linux starting partition; no Metal command encoder
c:objc(cs)MPSCNNBinaryKernel(py)secondaryStrideInPixelsX	deferred		CNN/ray/NDArray/GPU encode not in this Linux starting partition; no Metal command encoder
c:objc(cs)MPSCNNBinaryKernel(py)secondaryStrideInPixelsY	deferred		CNN/ray/NDArray/GPU encode not in this Linux starting partition; no Metal command encoder
c:objc(cs)MPSCNNConvolution	deferred		CNN/ray/NDArray/GPU encode not in this Linux starting partition; no Metal command encoder
c:objc(cs)MPSCNNConvolution(im)exportWeightsAndBiasesWithCommandBuffer:resultStateCanBeTemporary:	deferred		CNN/ray/NDArray/GPU encode not in this Linux starting partition; no Metal command encoder
c:objc(cs)MPSCNNConvolution(im)initWithCoder:device:	deferred		CNN/ray/NDArray/GPU encode not in this Linux starting partition; no Metal command encoder
c:objc(cs)MPSCNNConvolution(im)initWithDevice:convolutionDescriptor:kernelWeights:biasTerms:flags:	deferred		CNN/ray/NDArray/GPU encode not in this Linux starting partition; no Metal command encoder
c:objc(cs)MPSCNNConvolution(im)initWithDevice:weights:	deferred		CNN/ray/NDArray/GPU encode not in this Linux starting partition; no Metal command encoder
c:objc(cs)MPSCNNConvolution(im)reloadWeightsAndBiasesFromDataSource	deferred		CNN/ray/NDArray/GPU encode not in this Linux starting partition; no Metal command encoder
c:objc(cs)MPSCNNConvolution(im)reloadWeightsAndBiasesWithCommandBuffer:state:	deferred		CNN/ray/NDArray/GPU encode not in this Linux starting partition; no Metal command encoder
c:objc(cs)MPSCNNConvolution(im)reloadWeightsAndBiasesWithDataSource:	deferred		CNN/ray/NDArray/GPU encode not in this Linux starting partition; no Metal command encoder
c:objc(cs)MPSCNNConvolution(im)resultStateBatchForSourceImage:sourceStates:destinationImage:	deferred		CNN/ray/NDArray/GPU encode not in this Linux starting partition; no Metal command encoder
c:objc(cs)MPSCNNConvolution(im)resultStateForSourceImage:sourceStates:destinationImage:	deferred		CNN/ray/NDArray/GPU encode not in this Linux starting partition; no Metal command encoder
c:objc(cs)MPSCNNConvolution(im)temporaryResultStateBatchForCommandBuffer:sourceImage:sourceStates:destinationImage:	deferred		CNN/ray/NDArray/GPU encode not in this Linux starting partition; no Metal command encoder
c:objc(cs)MPSCNNConvolution(im)temporaryResultStateForCommandBuffer:sourceImage:sourceStates:destinationImage:	deferred		CNN/ray/NDArray/GPU encode not in this Linux starting partition; no Metal command encoder
c:objc(cs)MPSCNNConvolution(py)accumulatorPrecisionOption	deferred		CNN/ray/NDArray/GPU encode not in this Linux starting partition; no Metal command encoder
c:objc(cs)MPSCNNConvolution(py)channelMultiplier	deferred		CNN/ray/NDArray/GPU encode not in this Linux starting partition; no Metal command encoder
c:objc(cs)MPSCNNConvolution(py)dataSource	deferred		CNN/ray/NDArray/GPU encode not in this Linux starting partition; no Metal command encoder
c:objc(cs)MPSCNNConvolution(py)fusedNeuronDescriptor	deferred		CNN/ray/NDArray/GPU encode not in this Linux starting partition; no Metal command encoder
c:objc(cs)MPSCNNConvolution(py)groups	deferred		CNN/ray/NDArray/GPU encode not in this Linux starting partition; no Metal command encoder
c:objc(cs)MPSCNNConvolution(py)inputFeatureChannels	deferred		CNN/ray/NDArray/GPU encode not in this Linux starting partition; no Metal command encoder
c:objc(cs)MPSCNNConvolution(py)neuron	deferred		CNN/ray/NDArray/GPU encode not in this Linux starting partition; no Metal command encoder
c:objc(cs)MPSCNNConvolution(py)neuronParameterA	deferred		CNN/ray/NDArray/GPU encode not in this Linux starting partition; no Metal command encoder
c:objc(cs)MPSCNNConvolution(py)neuronParameterB	deferred		CNN/ray/NDArray/GPU encode not in this Linux starting partition; no Metal command encoder
c:objc(cs)MPSCNNConvolution(py)neuronParameterC	deferred		CNN/ray/NDArray/GPU encode not in this Linux starting partition; no Metal command encoder
c:objc(cs)MPSCNNConvolution(py)neuronType	deferred		CNN/ray/NDArray/GPU encode not in this Linux starting partition; no Metal command encoder
c:objc(cs)MPSCNNConvolution(py)outputFeatureChannels	deferred		CNN/ray/NDArray/GPU encode not in this Linux starting partition; no Metal command encoder
c:objc(cs)MPSCNNConvolution(py)subPixelScaleFactor	deferred		CNN/ray/NDArray/GPU encode not in this Linux starting partition; no Metal command encoder
c:objc(cs)MPSCNNConvolutionDescriptor	deferred		CNN/ray/NDArray/GPU encode not in this Linux starting partition; no Metal command encoder
c:objc(cs)MPSCNNConvolutionDescriptor(cm)cnnConvolutionDescriptorWithKernelWidth:kernelHeight:inputFeatureChannels:outputFeatureChannels:	deferred		CNN/ray/NDArray/GPU encode not in this Linux starting partition; no Metal command encoder
c:objc(cs)MPSCNNConvolutionDescriptor(cm)cnnConvolutionDescriptorWithKernelWidth:kernelHeight:inputFeatureChannels:outputFeatureChannels:neuronFilter:	deferred		CNN/ray/NDArray/GPU encode not in this Linux starting partition; no Metal command encoder
c:objc(cs)MPSCNNConvolutionDescriptor(cpy)supportsSecureCoding	deferred		CNN/ray/NDArray/GPU encode not in this Linux starting partition; no Metal command encoder
c:objc(cs)MPSCNNConvolutionDescriptor(im)encodeWithCoder:	deferred		CNN/ray/NDArray/GPU encode not in this Linux starting partition; no Metal command encoder
c:objc(cs)MPSCNNConvolutionDescriptor(im)initWithCoder:	deferred		CNN/ray/NDArray/GPU encode not in this Linux starting partition; no Metal command encoder
c:objc(cs)MPSCNNConvolutionDescriptor(im)neuronParameterA	deferred		CNN/ray/NDArray/GPU encode not in this Linux starting partition; no Metal command encoder
c:objc(cs)MPSCNNConvolutionDescriptor(im)neuronParameterB	deferred		CNN/ray/NDArray/GPU encode not in this Linux starting partition; no Metal command encoder
c:objc(cs)MPSCNNConvolutionDescriptor(im)neuronType	deferred		CNN/ray/NDArray/GPU encode not in this Linux starting partition; no Metal command encoder
c:objc(cs)MPSCNNConvolutionDescriptor(im)setBatchNormalizationParametersForInferenceWithMean:variance:gamma:beta:epsilon:	deferred		CNN/ray/NDArray/GPU encode not in this Linux starting partition; no Metal command encoder
c:objc(cs)MPSCNNConvolutionDescriptor(im)setNeuronToPReLUWithParametersA:	deferred		CNN/ray/NDArray/GPU encode not in this Linux starting partition; no Metal command encoder
c:objc(cs)MPSCNNConvolutionDescriptor(im)setNeuronType:parameterA:parameterB:	deferred		CNN/ray/NDArray/GPU encode not in this Linux starting partition; no Metal command encoder
c:objc(cs)MPSCNNConvolutionDescriptor(py)dilationRateX	deferred		CNN/ray/NDArray/GPU encode not in this Linux starting partition; no Metal command encoder
c:objc(cs)MPSCNNConvolutionDescriptor(py)dilationRateY	deferred		CNN/ray/NDArray/GPU encode not in this Linux starting partition; no Metal command encoder
c:objc(cs)MPSCNNConvolutionDescriptor(py)fusedNeuronDescriptor	deferred		CNN/ray/NDArray/GPU encode not in this Linux starting partition; no Metal command encoder
c:objc(cs)MPSCNNConvolutionDescriptor(py)groups	deferred		CNN/ray/NDArray/GPU encode not in this Linux starting partition; no Metal command encoder
c:objc(cs)MPSCNNConvolutionDescriptor(py)inputFeatureChannels	deferred		CNN/ray/NDArray/GPU encode not in this Linux starting partition; no Metal command encoder
c:objc(cs)MPSCNNConvolutionDescriptor(py)kernelHeight	deferred		CNN/ray/NDArray/GPU encode not in this Linux starting partition; no Metal command encoder
c:objc(cs)MPSCNNConvolutionDescriptor(py)kernelWidth	deferred		CNN/ray/NDArray/GPU encode not in this Linux starting partition; no Metal command encoder
c:objc(cs)MPSCNNConvolutionDescriptor(py)neuron	deferred		CNN/ray/NDArray/GPU encode not in this Linux starting partition; no Metal command encoder
c:objc(cs)MPSCNNConvolutionDescriptor(py)outputFeatureChannels	deferred		CNN/ray/NDArray/GPU encode not in this Linux starting partition; no Metal command encoder
c:objc(cs)MPSCNNConvolutionDescriptor(py)strideInPixelsX	deferred		CNN/ray/NDArray/GPU encode not in this Linux starting partition; no Metal command encoder
c:objc(cs)MPSCNNConvolutionDescriptor(py)strideInPixelsY	deferred		CNN/ray/NDArray/GPU encode not in this Linux starting partition; no Metal command encoder
c:objc(cs)MPSCNNConvolutionGradient	deferred		CNN/ray/NDArray/GPU encode not in this Linux starting partition; no Metal command encoder
c:objc(cs)MPSCNNConvolutionGradient(im)initWithCoder:device:	deferred		CNN/ray/NDArray/GPU encode not in this Linux starting partition; no Metal command encoder
c:objc(cs)MPSCNNConvolutionGradient(im)initWithDevice:weights:	deferred		CNN/ray/NDArray/GPU encode not in this Linux starting partition; no Metal command encoder
c:objc(cs)MPSCNNConvolutionGradient(im)reloadWeightsAndBiasesFromDataSource	deferred		CNN/ray/NDArray/GPU encode not in this Linux starting partition; no Metal command encoder
c:objc(cs)MPSCNNConvolutionGradient(im)reloadWeightsAndBiasesWithCommandBuffer:state:	deferred		CNN/ray/NDArray/GPU encode not in this Linux starting partition; no Metal command encoder
c:objc(cs)MPSCNNConvolutionGradient(py)channelMultiplier	deferred		CNN/ray/NDArray/GPU encode not in this Linux starting partition; no Metal command encoder
c:objc(cs)MPSCNNConvolutionGradient(py)dataSource	deferred		CNN/ray/NDArray/GPU encode not in this Linux starting partition; no Metal command encoder
c:objc(cs)MPSCNNConvolutionGradient(py)gradientOption	deferred		CNN/ray/NDArray/GPU encode not in this Linux starting partition; no Metal command encoder
c:objc(cs)MPSCNNConvolutionGradient(py)groups	deferred		CNN/ray/NDArray/GPU encode not in this Linux starting partition; no Metal command encoder
c:objc(cs)MPSCNNConvolutionGradient(py)serializeWeightsAndBiases	deferred		CNN/ray/NDArray/GPU encode not in this Linux starting partition; no Metal command encoder
c:objc(cs)MPSCNNConvolutionGradient(py)sourceGradientFeatureChannels	deferred		CNN/ray/NDArray/GPU encode not in this Linux starting partition; no Metal command encoder
c:objc(cs)MPSCNNConvolutionGradient(py)sourceImageFeatureChannels	deferred		CNN/ray/NDArray/GPU encode not in this Linux starting partition; no Metal command encoder
c:objc(cs)MPSCNNConvolutionGradientNode	deferred		CNN/ray/NDArray/GPU encode not in this Linux starting partition; no Metal command encoder
c:objc(cs)MPSCNNConvolutionGradientNode(im)initWithSourceGradient:sourceImage:convolutionGradientState:weights:	deferred		CNN/ray/NDArray/GPU encode not in this Linux starting partition; no Metal command encoder
c:objc(cs)MPSCNNConvolutionGradientState	deferred		CNN/ray/NDArray/GPU encode not in this Linux starting partition; no Metal command encoder
c:objc(cs)MPSCNNConvolutionGradientState(py)convolution	deferred		CNN/ray/NDArray/GPU encode not in this Linux starting partition; no Metal command encoder
c:objc(cs)MPSCNNConvolutionGradientState(py)gradientForBiases	deferred		CNN/ray/NDArray/GPU encode not in this Linux starting partition; no Metal command encoder
c:objc(cs)MPSCNNConvolutionGradientState(py)gradientForWeights	deferred		CNN/ray/NDArray/GPU encode not in this Linux starting partition; no Metal command encoder
c:objc(cs)MPSCNNConvolutionGradientState(py)gradientForWeightsLayout	deferred		CNN/ray/NDArray/GPU encode not in this Linux starting partition; no Metal command encoder
c:objc(cs)MPSCNNConvolutionGradientStateNode	deferred		CNN/ray/NDArray/GPU encode not in this Linux starting partition; no Metal command encoder
c:objc(cs)MPSCNNConvolutionNode	deferred		CNN/ray/NDArray/GPU encode not in this Linux starting partition; no Metal command encoder
c:objc(cs)MPSCNNConvolutionNode(im)initWithSource:weights:	deferred		CNN/ray/NDArray/GPU encode not in this Linux starting partition; no Metal command encoder
c:objc(cs)MPSCNNConvolutionNode(py)accumulatorPrecision	deferred		CNN/ray/NDArray/GPU encode not in this Linux starting partition; no Metal command encoder
c:objc(cs)MPSCNNConvolutionNode(py)convolutionGradientState	deferred		CNN/ray/NDArray/GPU encode not in this Linux starting partition; no Metal command encoder
c:objc(cs)MPSCNNConvolutionNode(py)trainingStyle	deferred		CNN/ray/NDArray/GPU encode not in this Linux starting partition; no Metal command encoder
c:objc(cs)MPSCNNConvolutionTranspose	deferred		CNN/ray/NDArray/GPU encode not in this Linux starting partition; no Metal command encoder
c:objc(cs)MPSCNNConvolutionTranspose(im)encodeBatchToCommandBuffer:sourceImages:convolutionGradientStates:	deferred		CNN/ray/NDArray/GPU encode not in this Linux starting partition; no Metal command encoder
c:objc(cs)MPSCNNConvolutionTranspose(im)encodeBatchToCommandBuffer:sourceImages:convolutionGradientStates:destinationImages:	deferred		CNN/ray/NDArray/GPU encode not in this Linux starting partition; no Metal command encoder
c:objc(cs)MPSCNNConvolutionTranspose(im)encodeBatchToCommandBuffer:sourceImages:convolutionGradientStates:destinationStates:destinationStateIsTemporary:	deferred		CNN/ray/NDArray/GPU encode not in this Linux starting partition; no Metal command encoder
c:objc(cs)MPSCNNConvolutionTranspose(im)encodeToCommandBuffer:sourceImage:convolutionGradientState:	deferred		CNN/ray/NDArray/GPU encode not in this Linux starting partition; no Metal command encoder
c:objc(cs)MPSCNNConvolutionTranspose(im)encodeToCommandBuffer:sourceImage:convolutionGradientState:destinationImage:	deferred		CNN/ray/NDArray/GPU encode not in this Linux starting partition; no Metal command encoder
c:objc(cs)MPSCNNConvolutionTranspose(im)encodeToCommandBuffer:sourceImage:convolutionGradientState:destinationState:destinationStateIsTemporary:	deferred		CNN/ray/NDArray/GPU encode not in this Linux starting partition; no Metal command encoder
c:objc(cs)MPSCNNConvolutionTranspose(im)exportWeightsAndBiasesWithCommandBuffer:resultStateCanBeTemporary:	deferred		CNN/ray/NDArray/GPU encode not in this Linux starting partition; no Metal command encoder
c:objc(cs)MPSCNNConvolutionTranspose(im)initWithCoder:device:	deferred		CNN/ray/NDArray/GPU encode not in this Linux starting partition; no Metal command encoder
c:objc(cs)MPSCNNConvolutionTranspose(im)initWithDevice:weights:	deferred		CNN/ray/NDArray/GPU encode not in this Linux starting partition; no Metal command encoder
c:objc(cs)MPSCNNConvolutionTranspose(im)reloadWeightsAndBiasesFromDataSource	deferred		CNN/ray/NDArray/GPU encode not in this Linux starting partition; no Metal command encoder
c:objc(cs)MPSCNNConvolutionTranspose(im)reloadWeightsAndBiasesWithCommandBuffer:state:	deferred		CNN/ray/NDArray/GPU encode not in this Linux starting partition; no Metal command encoder
c:objc(cs)MPSCNNConvolutionTranspose(im)resultStateBatchForSourceImage:sourceStates:destinationImage:	deferred		CNN/ray/NDArray/GPU encode not in this Linux starting partition; no Metal command encoder
c:objc(cs)MPSCNNConvolutionTranspose(im)resultStateForSourceImage:sourceStates:destinationImage:	deferred		CNN/ray/NDArray/GPU encode not in this Linux starting partition; no Metal command encoder
c:objc(cs)MPSCNNConvolutionTranspose(im)temporaryResultStateBatchForCommandBuffer:sourceImage:sourceStates:destinationImage:	deferred		CNN/ray/NDArray/GPU encode not in this Linux starting partition; no Metal command encoder
c:objc(cs)MPSCNNConvolutionTranspose(im)temporaryResultStateForCommandBuffer:sourceImage:sourceStates:destinationImage:	deferred		CNN/ray/NDArray/GPU encode not in this Linux starting partition; no Metal command encoder
c:objc(cs)MPSCNNConvolutionTranspose(py)accumulatorPrecisionOption	deferred		CNN/ray/NDArray/GPU encode not in this Linux starting partition; no Metal command encoder
c:objc(cs)MPSCNNConvolutionTranspose(py)dataSource	deferred		CNN/ray/NDArray/GPU encode not in this Linux starting partition; no Metal command encoder
c:objc(cs)MPSCNNConvolutionTranspose(py)groups	deferred		CNN/ray/NDArray/GPU encode not in this Linux starting partition; no Metal command encoder
c:objc(cs)MPSCNNConvolutionTranspose(py)inputFeatureChannels	deferred		CNN/ray/NDArray/GPU encode not in this Linux starting partition; no Metal command encoder
c:objc(cs)MPSCNNConvolutionTranspose(py)kernelOffsetX	deferred		CNN/ray/NDArray/GPU encode not in this Linux starting partition; no Metal command encoder
c:objc(cs)MPSCNNConvolutionTranspose(py)kernelOffsetY	deferred		CNN/ray/NDArray/GPU encode not in this Linux starting partition; no Metal command encoder
c:objc(cs)MPSCNNConvolutionTranspose(py)outputFeatureChannels	deferred		CNN/ray/NDArray/GPU encode not in this Linux starting partition; no Metal command encoder
c:objc(cs)MPSCNNConvolutionTransposeGradient	deferred		CNN/ray/NDArray/GPU encode not in this Linux starting partition; no Metal command encoder
c:objc(cs)MPSCNNConvolutionTransposeGradient(im)initWithCoder:device:	deferred		CNN/ray/NDArray/GPU encode not in this Linux starting partition; no Metal command encoder
c:objc(cs)MPSCNNConvolutionTransposeGradient(im)initWithDevice:weights:	deferred		CNN/ray/NDArray/GPU encode not in this Linux starting partition; no Metal command encoder
c:objc(cs)MPSCNNConvolutionTransposeGradient(im)reloadWeightsAndBiasesFromDataSource	deferred		CNN/ray/NDArray/GPU encode not in this Linux starting partition; no Metal command encoder
c:objc(cs)MPSCNNConvolutionTransposeGradient(im)reloadWeightsAndBiasesWithCommandBuffer:state:	deferred		CNN/ray/NDArray/GPU encode not in this Linux starting partition; no Metal command encoder
c:objc(cs)MPSCNNConvolutionTransposeGradient(py)dataSource	deferred		CNN/ray/NDArray/GPU encode not in this Linux starting partition; no Metal command encoder
c:objc(cs)MPSCNNConvolutionTransposeGradient(py)gradientOption	deferred		CNN/ray/NDArray/GPU encode not in this Linux starting partition; no Metal command encoder
c:objc(cs)MPSCNNConvolutionTransposeGradient(py)groups	deferred		CNN/ray/NDArray/GPU encode not in this Linux starting partition; no Metal command encoder
c:objc(cs)MPSCNNConvolutionTransposeGradient(py)sourceGradientFeatureChannels	deferred		CNN/ray/NDArray/GPU encode not in this Linux starting partition; no Metal command encoder
c:objc(cs)MPSCNNConvolutionTransposeGradient(py)sourceImageFeatureChannels	deferred		CNN/ray/NDArray/GPU encode not in this Linux starting partition; no Metal command encoder
c:objc(cs)MPSCNNConvolutionTransposeGradientNode	deferred		CNN/ray/NDArray/GPU encode not in this Linux starting partition; no Metal command encoder
c:objc(cs)MPSCNNConvolutionTransposeGradientNode(im)initWithSourceGradient:sourceImage:convolutionTransposeGradientState:weights:	deferred		CNN/ray/NDArray/GPU encode not in this Linux starting partition; no Metal command encoder
c:objc(cs)MPSCNNConvolutionTransposeGradientState	deferred		CNN/ray/NDArray/GPU encode not in this Linux starting partition; no Metal command encoder
c:objc(cs)MPSCNNConvolutionTransposeGradientState(py)convolutionTranspose	deferred		CNN/ray/NDArray/GPU encode not in this Linux starting partition; no Metal command encoder
c:objc(cs)MPSCNNConvolutionTransposeGradientStateNode	deferred		CNN/ray/NDArray/GPU encode not in this Linux starting partition; no Metal command encoder
c:objc(cs)MPSCNNConvolutionTransposeNode	deferred		CNN/ray/NDArray/GPU encode not in this Linux starting partition; no Metal command encoder
c:objc(cs)MPSCNNConvolutionTransposeNode(im)initWithSource:convolutionGradientState:weights:	deferred		CNN/ray/NDArray/GPU encode not in this Linux starting partition; no Metal command encoder
c:objc(cs)MPSCNNConvolutionWeightsAndBiasesState	deferred		CNN/ray/NDArray/GPU encode not in this Linux starting partition; no Metal command encoder
c:objc(cs)MPSCNNConvolutionWeightsAndBiasesState(cm)temporaryCNNConvolutionWeightsAndBiasesStateWithCommandBuffer:cnnConvolutionDescriptor:	deferred		CNN/ray/NDArray/GPU encode not in this Linux starting partition; no Metal command encoder
c:objc(cs)MPSCNNConvolutionWeightsAndBiasesState(im)initWithDevice:cnnConvolutionDescriptor:	deferred		CNN/ray/NDArray/GPU encode not in this Linux starting partition; no Metal command encoder
c:objc(cs)MPSCNNConvolutionWeightsAndBiasesState(im)initWithWeights:biases:	deferred		CNN/ray/NDArray/GPU encode not in this Linux starting partition; no Metal command encoder
c:objc(cs)MPSCNNConvolutionWeightsAndBiasesState(im)initWithWeights:weightsOffset:biases:biasesOffset:cnnConvolutionDescriptor:	deferred		CNN/ray/NDArray/GPU encode not in this Linux starting partition; no Metal command encoder
c:objc(cs)MPSCNNConvolutionWeightsAndBiasesState(py)biases	deferred		CNN/ray/NDArray/GPU encode not in this Linux starting partition; no Metal command encoder
c:objc(cs)MPSCNNConvolutionWeightsAndBiasesState(py)biasesOffset	deferred		CNN/ray/NDArray/GPU encode not in this Linux starting partition; no Metal command encoder
c:objc(cs)MPSCNNConvolutionWeightsAndBiasesState(py)weights	deferred		CNN/ray/NDArray/GPU encode not in this Linux starting partition; no Metal command encoder
c:objc(cs)MPSCNNConvolutionWeightsAndBiasesState(py)weightsOffset	deferred		CNN/ray/NDArray/GPU encode not in this Linux starting partition; no Metal command encoder
c:objc(cs)MPSCNNCrossChannelNormalization	deferred		CNN/ray/NDArray/GPU encode not in this Linux starting partition; no Metal command encoder
c:objc(cs)MPSCNNCrossChannelNormalization(im)initWithCoder:device:	deferred		CNN/ray/NDArray/GPU encode not in this Linux starting partition; no Metal command encoder
c:objc(cs)MPSCNNCrossChannelNormalization(im)initWithDevice:kernelSize:	deferred		CNN/ray/NDArray/GPU encode not in this Linux starting partition; no Metal command encoder
c:objc(cs)MPSCNNCrossChannelNormalization(py)alpha	deferred		CNN/ray/NDArray/GPU encode not in this Linux starting partition; no Metal command encoder
c:objc(cs)MPSCNNCrossChannelNormalization(py)beta	deferred		CNN/ray/NDArray/GPU encode not in this Linux starting partition; no Metal command encoder
c:objc(cs)MPSCNNCrossChannelNormalization(py)delta	deferred		CNN/ray/NDArray/GPU encode not in this Linux starting partition; no Metal command encoder
c:objc(cs)MPSCNNCrossChannelNormalization(py)kernelSize	deferred		CNN/ray/NDArray/GPU encode not in this Linux starting partition; no Metal command encoder
c:objc(cs)MPSCNNCrossChannelNormalizationGradient	deferred		CNN/ray/NDArray/GPU encode not in this Linux starting partition; no Metal command encoder
c:objc(cs)MPSCNNCrossChannelNormalizationGradient(im)initWithCoder:device:	deferred		CNN/ray/NDArray/GPU encode not in this Linux starting partition; no Metal command encoder
c:objc(cs)MPSCNNCrossChannelNormalizationGradient(im)initWithDevice:kernelSize:	deferred		CNN/ray/NDArray/GPU encode not in this Linux starting partition; no Metal command encoder
c:objc(cs)MPSCNNCrossChannelNormalizationGradient(py)alpha	deferred		CNN/ray/NDArray/GPU encode not in this Linux starting partition; no Metal command encoder
c:objc(cs)MPSCNNCrossChannelNormalizationGradient(py)beta	deferred		CNN/ray/NDArray/GPU encode not in this Linux starting partition; no Metal command encoder
c:objc(cs)MPSCNNCrossChannelNormalizationGradient(py)delta	deferred		CNN/ray/NDArray/GPU encode not in this Linux starting partition; no Metal command encoder
c:objc(cs)MPSCNNCrossChannelNormalizationGradient(py)kernelSize	deferred		CNN/ray/NDArray/GPU encode not in this Linux starting partition; no Metal command encoder
c:objc(cs)MPSCNNCrossChannelNormalizationGradientNode	deferred		CNN/ray/NDArray/GPU encode not in this Linux starting partition; no Metal command encoder
c:objc(cs)MPSCNNCrossChannelNormalizationGradientNode(im)initWithSourceGradient:sourceImage:gradientState:kernelSize:	deferred		CNN/ray/NDArray/GPU encode not in this Linux starting partition; no Metal command encoder
c:objc(cs)MPSCNNCrossChannelNormalizationGradientNode(py)kernelSize	deferred		CNN/ray/NDArray/GPU encode not in this Linux starting partition; no Metal command encoder
c:objc(cs)MPSCNNCrossChannelNormalizationNode	deferred		CNN/ray/NDArray/GPU encode not in this Linux starting partition; no Metal command encoder
c:objc(cs)MPSCNNCrossChannelNormalizationNode(im)initWithSource:	deferred		CNN/ray/NDArray/GPU encode not in this Linux starting partition; no Metal command encoder
c:objc(cs)MPSCNNCrossChannelNormalizationNode(im)initWithSource:kernelSize:	deferred		CNN/ray/NDArray/GPU encode not in this Linux starting partition; no Metal command encoder
c:objc(cs)MPSCNNCrossChannelNormalizationNode(py)kernelSizeInFeatureChannels	deferred		CNN/ray/NDArray/GPU encode not in this Linux starting partition; no Metal command encoder
c:objc(cs)MPSCNNDepthWiseConvolutionDescriptor	deferred		CNN/ray/NDArray/GPU encode not in this Linux starting partition; no Metal command encoder
c:objc(cs)MPSCNNDepthWiseConvolutionDescriptor(py)channelMultiplier	deferred		CNN/ray/NDArray/GPU encode not in this Linux starting partition; no Metal command encoder
c:objc(cs)MPSCNNDilatedPoolingMax	deferred		CNN/ray/NDArray/GPU encode not in this Linux starting partition; no Metal command encoder
c:objc(cs)MPSCNNDilatedPoolingMax(im)initWithCoder:device:	deferred		CNN/ray/NDArray/GPU encode not in this Linux starting partition; no Metal command encoder
c:objc(cs)MPSCNNDilatedPoolingMax(im)initWithDevice:kernelWidth:kernelHeight:dilationRateX:dilationRateY:strideInPixelsX:strideInPixelsY:	deferred		CNN/ray/NDArray/GPU encode not in this Linux starting partition; no Metal command encoder
c:objc(cs)MPSCNNDilatedPoolingMax(py)dilationRateX	deferred		CNN/ray/NDArray/GPU encode not in this Linux starting partition; no Metal command encoder
c:objc(cs)MPSCNNDilatedPoolingMax(py)dilationRateY	deferred		CNN/ray/NDArray/GPU encode not in this Linux starting partition; no Metal command encoder
c:objc(cs)MPSCNNDilatedPoolingMaxGradient	deferred		CNN/ray/NDArray/GPU encode not in this Linux starting partition; no Metal command encoder
c:objc(cs)MPSCNNDilatedPoolingMaxGradient(im)initWithCoder:device:	deferred		CNN/ray/NDArray/GPU encode not in this Linux starting partition; no Metal command encoder
c:objc(cs)MPSCNNDilatedPoolingMaxGradient(im)initWithDevice:kernelWidth:kernelHeight:dilationRateX:dilationRateY:strideInPixelsX:strideInPixelsY:	deferred		CNN/ray/NDArray/GPU encode not in this Linux starting partition; no Metal command encoder
c:objc(cs)MPSCNNDilatedPoolingMaxGradientNode	deferred		CNN/ray/NDArray/GPU encode not in this Linux starting partition; no Metal command encoder
c:objc(cs)MPSCNNDilatedPoolingMaxGradientNode(im)initWithSourceGradient:sourceImage:gradientState:kernelWidth:kernelHeight:strideInPixelsX:strideInPixelsY:dilationRateX:dilationRateY:	deferred		CNN/ray/NDArray/GPU encode not in this Linux starting partition; no Metal command encoder
c:objc(cs)MPSCNNDilatedPoolingMaxGradientNode(py)dilationRateX	deferred		CNN/ray/NDArray/GPU encode not in this Linux starting partition; no Metal command encoder
c:objc(cs)MPSCNNDilatedPoolingMaxGradientNode(py)dilationRateY	deferred		CNN/ray/NDArray/GPU encode not in this Linux starting partition; no Metal command encoder
c:objc(cs)MPSCNNDilatedPoolingMaxNode	deferred		CNN/ray/NDArray/GPU encode not in this Linux starting partition; no Metal command encoder
c:objc(cs)MPSCNNDilatedPoolingMaxNode(im)initWithSource:filterSize:	deferred		CNN/ray/NDArray/GPU encode not in this Linux starting partition; no Metal command encoder
c:objc(cs)MPSCNNDilatedPoolingMaxNode(im)initWithSource:filterSize:stride:dilationRate:	deferred		CNN/ray/NDArray/GPU encode not in this Linux starting partition; no Metal command encoder
c:objc(cs)MPSCNNDilatedPoolingMaxNode(im)initWithSource:kernelWidth:kernelHeight:strideInPixelsX:strideInPixelsY:dilationRateX:dilationRateY:	deferred		CNN/ray/NDArray/GPU encode not in this Linux starting partition; no Metal command encoder
c:objc(cs)MPSCNNDilatedPoolingMaxNode(py)dilationRateX	deferred		CNN/ray/NDArray/GPU encode not in this Linux starting partition; no Metal command encoder
c:objc(cs)MPSCNNDilatedPoolingMaxNode(py)dilationRateY	deferred		CNN/ray/NDArray/GPU encode not in this Linux starting partition; no Metal command encoder
c:objc(cs)MPSCNNDivide	deferred		CNN/ray/NDArray/GPU encode not in this Linux starting partition; no Metal command encoder
c:objc(cs)MPSCNNDivide(im)initWithDevice:	deferred		CNN/ray/NDArray/GPU encode not in this Linux starting partition; no Metal command encoder
c:objc(cs)MPSCNNDropout	deferred		CNN/ray/NDArray/GPU encode not in this Linux starting partition; no Metal command encoder
c:objc(cs)MPSCNNDropout(im)initWithCoder:device:	deferred		CNN/ray/NDArray/GPU encode not in this Linux starting partition; no Metal command encoder
c:objc(cs)MPSCNNDropout(im)initWithDevice:keepProbability:seed:maskStrideInPixels:	deferred		CNN/ray/NDArray/GPU encode not in this Linux starting partition; no Metal command encoder
c:objc(cs)MPSCNNDropout(im)resultStateBatchForSourceImage:sourceStates:destinationImage:	deferred		CNN/ray/NDArray/GPU encode not in this Linux starting partition; no Metal command encoder
c:objc(cs)MPSCNNDropout(im)resultStateForSourceImage:sourceStates:destinationImage:	deferred		CNN/ray/NDArray/GPU encode not in this Linux starting partition; no Metal command encoder
c:objc(cs)MPSCNNDropout(im)temporaryResultStateBatchForCommandBuffer:sourceImage:sourceStates:destinationImage:	deferred		CNN/ray/NDArray/GPU encode not in this Linux starting partition; no Metal command encoder
c:objc(cs)MPSCNNDropout(im)temporaryResultStateForCommandBuffer:sourceImage:sourceStates:destinationImage:	deferred		CNN/ray/NDArray/GPU encode not in this Linux starting partition; no Metal command encoder
c:objc(cs)MPSCNNDropout(py)keepProbability	deferred		CNN/ray/NDArray/GPU encode not in this Linux starting partition; no Metal command encoder
c:objc(cs)MPSCNNDropout(py)maskStrideInPixels	deferred		CNN/ray/NDArray/GPU encode not in this Linux starting partition; no Metal command encoder
c:objc(cs)MPSCNNDropout(py)seed	deferred		CNN/ray/NDArray/GPU encode not in this Linux starting partition; no Metal command encoder
c:objc(cs)MPSCNNDropoutGradient	deferred		CNN/ray/NDArray/GPU encode not in this Linux starting partition; no Metal command encoder
c:objc(cs)MPSCNNDropoutGradient(im)initWithCoder:device:	deferred		CNN/ray/NDArray/GPU encode not in this Linux starting partition; no Metal command encoder
c:objc(cs)MPSCNNDropoutGradient(im)initWithDevice:keepProbability:seed:maskStrideInPixels:	deferred		CNN/ray/NDArray/GPU encode not in this Linux starting partition; no Metal command encoder
c:objc(cs)MPSCNNDropoutGradient(py)keepProbability	deferred		CNN/ray/NDArray/GPU encode not in this Linux starting partition; no Metal command encoder
c:objc(cs)MPSCNNDropoutGradient(py)maskStrideInPixels	deferred		CNN/ray/NDArray/GPU encode not in this Linux starting partition; no Metal command encoder
c:objc(cs)MPSCNNDropoutGradient(py)seed	deferred		CNN/ray/NDArray/GPU encode not in this Linux starting partition; no Metal command encoder
c:objc(cs)MPSCNNDropoutGradientNode	deferred		CNN/ray/NDArray/GPU encode not in this Linux starting partition; no Metal command encoder
c:objc(cs)MPSCNNDropoutGradientNode(im)initWithSourceGradient:sourceImage:gradientState:keepProbability:seed:maskStrideInPixels:	deferred		CNN/ray/NDArray/GPU encode not in this Linux starting partition; no Metal command encoder
c:objc(cs)MPSCNNDropoutGradientNode(py)keepProbability	deferred		CNN/ray/NDArray/GPU encode not in this Linux starting partition; no Metal command encoder
c:objc(cs)MPSCNNDropoutGradientNode(py)maskStrideInPixels	deferred		CNN/ray/NDArray/GPU encode not in this Linux starting partition; no Metal command encoder
c:objc(cs)MPSCNNDropoutGradientNode(py)seed	deferred		CNN/ray/NDArray/GPU encode not in this Linux starting partition; no Metal command encoder
c:objc(cs)MPSCNNDropoutGradientState	deferred		CNN/ray/NDArray/GPU encode not in this Linux starting partition; no Metal command encoder
c:objc(cs)MPSCNNDropoutGradientState(im)maskData	deferred		CNN/ray/NDArray/GPU encode not in this Linux starting partition; no Metal command encoder
c:objc(cs)MPSCNNDropoutNode	deferred		CNN/ray/NDArray/GPU encode not in this Linux starting partition; no Metal command encoder
c:objc(cs)MPSCNNDropoutNode(im)initWithSource:	deferred		CNN/ray/NDArray/GPU encode not in this Linux starting partition; no Metal command encoder
c:objc(cs)MPSCNNDropoutNode(im)initWithSource:keepProbability:	deferred		CNN/ray/NDArray/GPU encode not in this Linux starting partition; no Metal command encoder
c:objc(cs)MPSCNNDropoutNode(im)initWithSource:keepProbability:seed:maskStrideInPixels:	deferred		CNN/ray/NDArray/GPU encode not in this Linux starting partition; no Metal command encoder
c:objc(cs)MPSCNNDropoutNode(py)keepProbability	deferred		CNN/ray/NDArray/GPU encode not in this Linux starting partition; no Metal command encoder
c:objc(cs)MPSCNNDropoutNode(py)maskStrideInPixels	deferred		CNN/ray/NDArray/GPU encode not in this Linux starting partition; no Metal command encoder
c:objc(cs)MPSCNNDropoutNode(py)seed	deferred		CNN/ray/NDArray/GPU encode not in this Linux starting partition; no Metal command encoder
c:objc(cs)MPSCNNFullyConnected	deferred		CNN/ray/NDArray/GPU encode not in this Linux starting partition; no Metal command encoder
c:objc(cs)MPSCNNFullyConnected(im)initWithCoder:device:	deferred		CNN/ray/NDArray/GPU encode not in this Linux starting partition; no Metal command encoder
c:objc(cs)MPSCNNFullyConnected(im)initWithDevice:convolutionDescriptor:kernelWeights:biasTerms:flags:	deferred		CNN/ray/NDArray/GPU encode not in this Linux starting partition; no Metal command encoder
c:objc(cs)MPSCNNFullyConnected(im)initWithDevice:weights:	deferred		CNN/ray/NDArray/GPU encode not in this Linux starting partition; no Metal command encoder
c:objc(cs)MPSCNNFullyConnectedGradient	deferred		CNN/ray/NDArray/GPU encode not in this Linux starting partition; no Metal command encoder
c:objc(cs)MPSCNNFullyConnectedGradient(im)initWithCoder:device:	deferred		CNN/ray/NDArray/GPU encode not in this Linux starting partition; no Metal command encoder
c:objc(cs)MPSCNNFullyConnectedGradient(im)initWithDevice:weights:	deferred		CNN/ray/NDArray/GPU encode not in this Linux starting partition; no Metal command encoder
c:objc(cs)MPSCNNFullyConnectedGradientNode	deferred		CNN/ray/NDArray/GPU encode not in this Linux starting partition; no Metal command encoder
c:objc(cs)MPSCNNFullyConnectedGradientNode(im)initWithSourceGradient:sourceImage:convolutionGradientState:weights:	deferred		CNN/ray/NDArray/GPU encode not in this Linux starting partition; no Metal command encoder
c:objc(cs)MPSCNNFullyConnectedNode	deferred		CNN/ray/NDArray/GPU encode not in this Linux starting partition; no Metal command encoder
c:objc(cs)MPSCNNFullyConnectedNode(im)initWithSource:weights:	deferred		CNN/ray/NDArray/GPU encode not in this Linux starting partition; no Metal command encoder
c:objc(cs)MPSCNNGradientKernel	deferred		CNN/ray/NDArray/GPU encode not in this Linux starting partition; no Metal command encoder
c:objc(cs)MPSCNNGradientKernel(im)encodeBatchToCommandBuffer:sourceGradients:sourceImages:gradientStates:	deferred		CNN/ray/NDArray/GPU encode not in this Linux starting partition; no Metal command encoder
c:objc(cs)MPSCNNGradientKernel(im)encodeBatchToCommandBuffer:sourceGradients:sourceImages:gradientStates:destinationGradients:	deferred		CNN/ray/NDArray/GPU encode not in this Linux starting partition; no Metal command encoder
c:objc(cs)MPSCNNGradientKernel(im)encodeToCommandBuffer:sourceGradient:sourceImage:gradientState:	deferred		CNN/ray/NDArray/GPU encode not in this Linux starting partition; no Metal command encoder
c:objc(cs)MPSCNNGradientKernel(im)encodeToCommandBuffer:sourceGradient:sourceImage:gradientState:destinationGradient:	deferred		CNN/ray/NDArray/GPU encode not in this Linux starting partition; no Metal command encoder
c:objc(cs)MPSCNNGradientKernel(im)initWithCoder:device:	deferred		CNN/ray/NDArray/GPU encode not in this Linux starting partition; no Metal command encoder
c:objc(cs)MPSCNNGradientKernel(im)initWithDevice:	deferred		CNN/ray/NDArray/GPU encode not in this Linux starting partition; no Metal command encoder
c:objc(cs)MPSCNNGradientKernel(py)kernelOffsetX	deferred		CNN/ray/NDArray/GPU encode not in this Linux starting partition; no Metal command encoder
c:objc(cs)MPSCNNGradientKernel(py)kernelOffsetY	deferred		CNN/ray/NDArray/GPU encode not in this Linux starting partition; no Metal command encoder
c:objc(cs)MPSCNNGroupNormalization	deferred		CNN/ray/NDArray/GPU encode not in this Linux starting partition; no Metal command encoder
c:objc(cs)MPSCNNGroupNormalization(im)initWithCoder:device:	deferred		CNN/ray/NDArray/GPU encode not in this Linux starting partition; no Metal command encoder
c:objc(cs)MPSCNNGroupNormalization(im)initWithDevice:dataSource:	deferred		CNN/ray/NDArray/GPU encode not in this Linux starting partition; no Metal command encoder
c:objc(cs)MPSCNNGroupNormalization(im)reloadGammaAndBetaFromDataSource	deferred		CNN/ray/NDArray/GPU encode not in this Linux starting partition; no Metal command encoder
c:objc(cs)MPSCNNGroupNormalization(im)reloadGammaAndBetaWithCommandBuffer:gammaAndBetaState:	deferred		CNN/ray/NDArray/GPU encode not in this Linux starting partition; no Metal command encoder
c:objc(cs)MPSCNNGroupNormalization(im)resultStateForSourceImage:sourceStates:destinationImage:	deferred		CNN/ray/NDArray/GPU encode not in this Linux starting partition; no Metal command encoder
c:objc(cs)MPSCNNGroupNormalization(im)temporaryResultStateForCommandBuffer:sourceImage:sourceStates:destinationImage:	deferred		CNN/ray/NDArray/GPU encode not in this Linux starting partition; no Metal command encoder
c:objc(cs)MPSCNNGroupNormalization(py)dataSource	deferred		CNN/ray/NDArray/GPU encode not in this Linux starting partition; no Metal command encoder
c:objc(cs)MPSCNNGroupNormalization(py)epsilon	deferred		CNN/ray/NDArray/GPU encode not in this Linux starting partition; no Metal command encoder
c:objc(cs)MPSCNNGroupNormalizationGradient	deferred		CNN/ray/NDArray/GPU encode not in this Linux starting partition; no Metal command encoder
c:objc(cs)MPSCNNGroupNormalizationGradientNode	deferred		CNN/ray/NDArray/GPU encode not in this Linux starting partition; no Metal command encoder
c:objc(cs)MPSCNNGroupNormalizationGradientNode(im)initWithSourceGradient:sourceImage:gradientState:	deferred		CNN/ray/NDArray/GPU encode not in this Linux starting partition; no Metal command encoder
c:objc(cs)MPSCNNGroupNormalizationGradientState	deferred		CNN/ray/NDArray/GPU encode not in this Linux starting partition; no Metal command encoder
c:objc(cs)MPSCNNGroupNormalizationGradientState(py)beta	deferred		CNN/ray/NDArray/GPU encode not in this Linux starting partition; no Metal command encoder
c:objc(cs)MPSCNNGroupNormalizationGradientState(py)gamma	deferred		CNN/ray/NDArray/GPU encode not in this Linux starting partition; no Metal command encoder
c:objc(cs)MPSCNNGroupNormalizationGradientState(py)gradientForBeta	deferred		CNN/ray/NDArray/GPU encode not in this Linux starting partition; no Metal command encoder
c:objc(cs)MPSCNNGroupNormalizationGradientState(py)gradientForGamma	deferred		CNN/ray/NDArray/GPU encode not in this Linux starting partition; no Metal command encoder
c:objc(cs)MPSCNNGroupNormalizationGradientState(py)groupNormalization	deferred		CNN/ray/NDArray/GPU encode not in this Linux starting partition; no Metal command encoder
c:objc(cs)MPSCNNGroupNormalizationNode	deferred		CNN/ray/NDArray/GPU encode not in this Linux starting partition; no Metal command encoder
c:objc(cs)MPSCNNGroupNormalizationNode(im)initWithSource:dataSource:	deferred		CNN/ray/NDArray/GPU encode not in this Linux starting partition; no Metal command encoder
c:objc(cs)MPSCNNGroupNormalizationNode(py)trainingStyle	deferred		CNN/ray/NDArray/GPU encode not in this Linux starting partition; no Metal command encoder
c:objc(cs)MPSCNNInstanceNormalization	deferred		CNN/ray/NDArray/GPU encode not in this Linux starting partition; no Metal command encoder
c:objc(cs)MPSCNNInstanceNormalization(im)initWithCoder:device:	deferred		CNN/ray/NDArray/GPU encode not in this Linux starting partition; no Metal command encoder
c:objc(cs)MPSCNNInstanceNormalization(im)initWithDevice:dataSource:	deferred		CNN/ray/NDArray/GPU encode not in this Linux starting partition; no Metal command encoder
c:objc(cs)MPSCNNInstanceNormalization(im)reloadDataSource:	deferred		CNN/ray/NDArray/GPU encode not in this Linux starting partition; no Metal command encoder
c:objc(cs)MPSCNNInstanceNormalization(im)reloadGammaAndBetaFromDataSource	deferred		CNN/ray/NDArray/GPU encode not in this Linux starting partition; no Metal command encoder
c:objc(cs)MPSCNNInstanceNormalization(im)reloadGammaAndBetaWithCommandBuffer:gammaAndBetaState:	deferred		CNN/ray/NDArray/GPU encode not in this Linux starting partition; no Metal command encoder
c:objc(cs)MPSCNNInstanceNormalization(im)resultStateForSourceImage:sourceStates:destinationImage:	deferred		CNN/ray/NDArray/GPU encode not in this Linux starting partition; no Metal command encoder
c:objc(cs)MPSCNNInstanceNormalization(im)temporaryResultStateForCommandBuffer:sourceImage:sourceStates:destinationImage:	deferred		CNN/ray/NDArray/GPU encode not in this Linux starting partition; no Metal command encoder
c:objc(cs)MPSCNNInstanceNormalization(py)dataSource	deferred		CNN/ray/NDArray/GPU encode not in this Linux starting partition; no Metal command encoder
c:objc(cs)MPSCNNInstanceNormalization(py)epsilon	deferred		CNN/ray/NDArray/GPU encode not in this Linux starting partition; no Metal command encoder
c:objc(cs)MPSCNNInstanceNormalizationGradient	deferred		CNN/ray/NDArray/GPU encode not in this Linux starting partition; no Metal command encoder
c:objc(cs)MPSCNNInstanceNormalizationGradientNode	deferred		CNN/ray/NDArray/GPU encode not in this Linux starting partition; no Metal command encoder
c:objc(cs)MPSCNNInstanceNormalizationGradientNode(im)initWithSourceGradient:sourceImage:gradientState:	deferred		CNN/ray/NDArray/GPU encode not in this Linux starting partition; no Metal command encoder
c:objc(cs)MPSCNNInstanceNormalizationGradientState	deferred		CNN/ray/NDArray/GPU encode not in this Linux starting partition; no Metal command encoder
c:objc(cs)MPSCNNInstanceNormalizationGradientState(py)beta	deferred		CNN/ray/NDArray/GPU encode not in this Linux starting partition; no Metal command encoder
c:objc(cs)MPSCNNInstanceNormalizationGradientState(py)gamma	deferred		CNN/ray/NDArray/GPU encode not in this Linux starting partition; no Metal command encoder
c:objc(cs)MPSCNNInstanceNormalizationGradientState(py)gradientForBeta	deferred		CNN/ray/NDArray/GPU encode not in this Linux starting partition; no Metal command encoder
c:objc(cs)MPSCNNInstanceNormalizationGradientState(py)gradientForGamma	deferred		CNN/ray/NDArray/GPU encode not in this Linux starting partition; no Metal command encoder
c:objc(cs)MPSCNNInstanceNormalizationGradientState(py)instanceNormalization	deferred		CNN/ray/NDArray/GPU encode not in this Linux starting partition; no Metal command encoder
c:objc(cs)MPSCNNInstanceNormalizationNode	deferred		CNN/ray/NDArray/GPU encode not in this Linux starting partition; no Metal command encoder
c:objc(cs)MPSCNNInstanceNormalizationNode(im)initWithSource:dataSource:	deferred		CNN/ray/NDArray/GPU encode not in this Linux starting partition; no Metal command encoder
c:objc(cs)MPSCNNInstanceNormalizationNode(py)trainingStyle	deferred		CNN/ray/NDArray/GPU encode not in this Linux starting partition; no Metal command encoder
c:objc(cs)MPSCNNKernel	deferred		CNN/ray/NDArray/GPU encode not in this Linux starting partition; no Metal command encoder
c:objc(cs)MPSCNNKernel(im)appendBatchBarrier	deferred		CNN/ray/NDArray/GPU encode not in this Linux starting partition; no Metal command encoder
c:objc(cs)MPSCNNKernel(im)batchEncodingStorageSizeForSourceImage:sourceStates:destinationImage:	deferred		CNN/ray/NDArray/GPU encode not in this Linux starting partition; no Metal command encoder
c:objc(cs)MPSCNNKernel(im)destinationImageDescriptorForSourceImages:sourceStates:	deferred		CNN/ray/NDArray/GPU encode not in this Linux starting partition; no Metal command encoder
c:objc(cs)MPSCNNKernel(im)encodeBatchToCommandBuffer:sourceImages:	deferred		CNN/ray/NDArray/GPU encode not in this Linux starting partition; no Metal command encoder
c:objc(cs)MPSCNNKernel(im)encodeBatchToCommandBuffer:sourceImages:destinationImages:	deferred		CNN/ray/NDArray/GPU encode not in this Linux starting partition; no Metal command encoder
c:objc(cs)MPSCNNKernel(im)encodeBatchToCommandBuffer:sourceImages:destinationStates:destinationImages:	deferred		CNN/ray/NDArray/GPU encode not in this Linux starting partition; no Metal command encoder
c:objc(cs)MPSCNNKernel(im)encodeBatchToCommandBuffer:sourceImages:destinationStates:destinationStateIsTemporary:	deferred		CNN/ray/NDArray/GPU encode not in this Linux starting partition; no Metal command encoder
c:objc(cs)MPSCNNKernel(im)encodeToCommandBuffer:sourceImage:	deferred		CNN/ray/NDArray/GPU encode not in this Linux starting partition; no Metal command encoder
c:objc(cs)MPSCNNKernel(im)encodeToCommandBuffer:sourceImage:destinationImage:	deferred		CNN/ray/NDArray/GPU encode not in this Linux starting partition; no Metal command encoder
c:objc(cs)MPSCNNKernel(im)encodeToCommandBuffer:sourceImage:destinationState:destinationImage:	deferred		CNN/ray/NDArray/GPU encode not in this Linux starting partition; no Metal command encoder
c:objc(cs)MPSCNNKernel(im)encodeToCommandBuffer:sourceImage:destinationState:destinationStateIsTemporary:	deferred		CNN/ray/NDArray/GPU encode not in this Linux starting partition; no Metal command encoder
c:objc(cs)MPSCNNKernel(im)encodingStorageSizeForSourceImage:sourceStates:destinationImage:	deferred		CNN/ray/NDArray/GPU encode not in this Linux starting partition; no Metal command encoder
c:objc(cs)MPSCNNKernel(im)initWithCoder:device:	deferred		CNN/ray/NDArray/GPU encode not in this Linux starting partition; no Metal command encoder
c:objc(cs)MPSCNNKernel(im)initWithDevice:	deferred		CNN/ray/NDArray/GPU encode not in this Linux starting partition; no Metal command encoder
c:objc(cs)MPSCNNKernel(im)isResultStateReusedAcrossBatch	deferred		CNN/ray/NDArray/GPU encode not in this Linux starting partition; no Metal command encoder
c:objc(cs)MPSCNNKernel(im)resultStateBatchForSourceImage:sourceStates:destinationImage:	deferred		CNN/ray/NDArray/GPU encode not in this Linux starting partition; no Metal command encoder
c:objc(cs)MPSCNNKernel(im)resultStateForSourceImage:sourceStates:destinationImage:	deferred		CNN/ray/NDArray/GPU encode not in this Linux starting partition; no Metal command encoder
c:objc(cs)MPSCNNKernel(im)temporaryResultStateBatchForCommandBuffer:sourceImage:sourceStates:destinationImage:	deferred		CNN/ray/NDArray/GPU encode not in this Linux starting partition; no Metal command encoder
c:objc(cs)MPSCNNKernel(im)temporaryResultStateForCommandBuffer:sourceImage:sourceStates:destinationImage:	deferred		CNN/ray/NDArray/GPU encode not in this Linux starting partition; no Metal command encoder
c:objc(cs)MPSCNNKernel(py)clipRect	deferred		CNN/ray/NDArray/GPU encode not in this Linux starting partition; no Metal command encoder
c:objc(cs)MPSCNNKernel(py)destinationFeatureChannelOffset	deferred		CNN/ray/NDArray/GPU encode not in this Linux starting partition; no Metal command encoder
c:objc(cs)MPSCNNKernel(py)destinationImageAllocator	deferred		CNN/ray/NDArray/GPU encode not in this Linux starting partition; no Metal command encoder
c:objc(cs)MPSCNNKernel(py)dilationRateX	deferred		CNN/ray/NDArray/GPU encode not in this Linux starting partition; no Metal command encoder
c:objc(cs)MPSCNNKernel(py)dilationRateY	deferred		CNN/ray/NDArray/GPU encode not in this Linux starting partition; no Metal command encoder
c:objc(cs)MPSCNNKernel(py)edgeMode	deferred		CNN/ray/NDArray/GPU encode not in this Linux starting partition; no Metal command encoder
c:objc(cs)MPSCNNKernel(py)isBackwards	deferred		CNN/ray/NDArray/GPU encode not in this Linux starting partition; no Metal command encoder
c:objc(cs)MPSCNNKernel(py)isStateModified	deferred		CNN/ray/NDArray/GPU encode not in this Linux starting partition; no Metal command encoder
c:objc(cs)MPSCNNKernel(py)kernelHeight	deferred		CNN/ray/NDArray/GPU encode not in this Linux starting partition; no Metal command encoder
c:objc(cs)MPSCNNKernel(py)kernelWidth	deferred		CNN/ray/NDArray/GPU encode not in this Linux starting partition; no Metal command encoder
c:objc(cs)MPSCNNKernel(py)offset	deferred		CNN/ray/NDArray/GPU encode not in this Linux starting partition; no Metal command encoder
c:objc(cs)MPSCNNKernel(py)padding	deferred		CNN/ray/NDArray/GPU encode not in this Linux starting partition; no Metal command encoder
c:objc(cs)MPSCNNKernel(py)sourceFeatureChannelMaxCount	deferred		CNN/ray/NDArray/GPU encode not in this Linux starting partition; no Metal command encoder
c:objc(cs)MPSCNNKernel(py)sourceFeatureChannelOffset	deferred		CNN/ray/NDArray/GPU encode not in this Linux starting partition; no Metal command encoder
c:objc(cs)MPSCNNKernel(py)strideInPixelsX	deferred		CNN/ray/NDArray/GPU encode not in this Linux starting partition; no Metal command encoder
c:objc(cs)MPSCNNKernel(py)strideInPixelsY	deferred		CNN/ray/NDArray/GPU encode not in this Linux starting partition; no Metal command encoder
c:objc(cs)MPSCNNLocalContrastNormalization	deferred		CNN/ray/NDArray/GPU encode not in this Linux starting partition; no Metal command encoder
c:objc(cs)MPSCNNLocalContrastNormalization(im)initWithCoder:device:	deferred		CNN/ray/NDArray/GPU encode not in this Linux starting partition; no Metal command encoder
c:objc(cs)MPSCNNLocalContrastNormalization(im)initWithDevice:kernelWidth:kernelHeight:	deferred		CNN/ray/NDArray/GPU encode not in this Linux starting partition; no Metal command encoder
c:objc(cs)MPSCNNLocalContrastNormalization(py)alpha	deferred		CNN/ray/NDArray/GPU encode not in this Linux starting partition; no Metal command encoder
c:objc(cs)MPSCNNLocalContrastNormalization(py)beta	deferred		CNN/ray/NDArray/GPU encode not in this Linux starting partition; no Metal command encoder
c:objc(cs)MPSCNNLocalContrastNormalization(py)delta	deferred		CNN/ray/NDArray/GPU encode not in this Linux starting partition; no Metal command encoder
c:objc(cs)MPSCNNLocalContrastNormalization(py)p0	deferred		CNN/ray/NDArray/GPU encode not in this Linux starting partition; no Metal command encoder
c:objc(cs)MPSCNNLocalContrastNormalization(py)pm	deferred		CNN/ray/NDArray/GPU encode not in this Linux starting partition; no Metal command encoder
c:objc(cs)MPSCNNLocalContrastNormalization(py)ps	deferred		CNN/ray/NDArray/GPU encode not in this Linux starting partition; no Metal command encoder
c:objc(cs)MPSCNNLocalContrastNormalizationGradient	deferred		CNN/ray/NDArray/GPU encode not in this Linux starting partition; no Metal command encoder
c:objc(cs)MPSCNNLocalContrastNormalizationGradient(im)initWithCoder:device:	deferred		CNN/ray/NDArray/GPU encode not in this Linux starting partition; no Metal command encoder
c:objc(cs)MPSCNNLocalContrastNormalizationGradient(im)initWithDevice:kernelWidth:kernelHeight:	deferred		CNN/ray/NDArray/GPU encode not in this Linux starting partition; no Metal command encoder
c:objc(cs)MPSCNNLocalContrastNormalizationGradient(py)alpha	deferred		CNN/ray/NDArray/GPU encode not in this Linux starting partition; no Metal command encoder
c:objc(cs)MPSCNNLocalContrastNormalizationGradient(py)beta	deferred		CNN/ray/NDArray/GPU encode not in this Linux starting partition; no Metal command encoder
c:objc(cs)MPSCNNLocalContrastNormalizationGradient(py)delta	deferred		CNN/ray/NDArray/GPU encode not in this Linux starting partition; no Metal command encoder
c:objc(cs)MPSCNNLocalContrastNormalizationGradient(py)p0	deferred		CNN/ray/NDArray/GPU encode not in this Linux starting partition; no Metal command encoder
c:objc(cs)MPSCNNLocalContrastNormalizationGradient(py)pm	deferred		CNN/ray/NDArray/GPU encode not in this Linux starting partition; no Metal command encoder
c:objc(cs)MPSCNNLocalContrastNormalizationGradient(py)ps	deferred		CNN/ray/NDArray/GPU encode not in this Linux starting partition; no Metal command encoder
c:objc(cs)MPSCNNLocalContrastNormalizationGradientNode	deferred		CNN/ray/NDArray/GPU encode not in this Linux starting partition; no Metal command encoder
c:objc(cs)MPSCNNLocalContrastNormalizationGradientNode(im)initWithSourceGradient:sourceImage:gradientState:kernelWidth:kernelHeight:	deferred		CNN/ray/NDArray/GPU encode not in this Linux starting partition; no Metal command encoder
c:objc(cs)MPSCNNLocalContrastNormalizationGradientNode(py)alpha	deferred		CNN/ray/NDArray/GPU encode not in this Linux starting partition; no Metal command encoder
c:objc(cs)MPSCNNLocalContrastNormalizationGradientNode(py)beta	deferred		CNN/ray/NDArray/GPU encode not in this Linux starting partition; no Metal command encoder
c:objc(cs)MPSCNNLocalContrastNormalizationGradientNode(py)delta	deferred		CNN/ray/NDArray/GPU encode not in this Linux starting partition; no Metal command encoder
c:objc(cs)MPSCNNLocalContrastNormalizationGradientNode(py)kernelHeight	deferred		CNN/ray/NDArray/GPU encode not in this Linux starting partition; no Metal command encoder
c:objc(cs)MPSCNNLocalContrastNormalizationGradientNode(py)kernelWidth	deferred		CNN/ray/NDArray/GPU encode not in this Linux starting partition; no Metal command encoder
c:objc(cs)MPSCNNLocalContrastNormalizationGradientNode(py)p0	deferred		CNN/ray/NDArray/GPU encode not in this Linux starting partition; no Metal command encoder
c:objc(cs)MPSCNNLocalContrastNormalizationGradientNode(py)pm	deferred		CNN/ray/NDArray/GPU encode not in this Linux starting partition; no Metal command encoder
c:objc(cs)MPSCNNLocalContrastNormalizationGradientNode(py)ps	deferred		CNN/ray/NDArray/GPU encode not in this Linux starting partition; no Metal command encoder
c:objc(cs)MPSCNNLocalContrastNormalizationNode	deferred		CNN/ray/NDArray/GPU encode not in this Linux starting partition; no Metal command encoder
c:objc(cs)MPSCNNLocalContrastNormalizationNode(im)initWithSource:	deferred		CNN/ray/NDArray/GPU encode not in this Linux starting partition; no Metal command encoder
c:objc(cs)MPSCNNLocalContrastNormalizationNode(im)initWithSource:kernelSize:	deferred		CNN/ray/NDArray/GPU encode not in this Linux starting partition; no Metal command encoder
c:objc(cs)MPSCNNLocalContrastNormalizationNode(py)kernelHeight	deferred		CNN/ray/NDArray/GPU encode not in this Linux starting partition; no Metal command encoder
c:objc(cs)MPSCNNLocalContrastNormalizationNode(py)kernelWidth	deferred		CNN/ray/NDArray/GPU encode not in this Linux starting partition; no Metal command encoder
c:objc(cs)MPSCNNLocalContrastNormalizationNode(py)p0	deferred		CNN/ray/NDArray/GPU encode not in this Linux starting partition; no Metal command encoder
c:objc(cs)MPSCNNLocalContrastNormalizationNode(py)pm	deferred		CNN/ray/NDArray/GPU encode not in this Linux starting partition; no Metal command encoder
c:objc(cs)MPSCNNLocalContrastNormalizationNode(py)ps	deferred		CNN/ray/NDArray/GPU encode not in this Linux starting partition; no Metal command encoder
c:objc(cs)MPSCNNLogSoftMax	deferred		CNN/ray/NDArray/GPU encode not in this Linux starting partition; no Metal command encoder
c:objc(cs)MPSCNNLogSoftMaxGradient	deferred		CNN/ray/NDArray/GPU encode not in this Linux starting partition; no Metal command encoder
c:objc(cs)MPSCNNLogSoftMaxGradient(im)initWithCoder:device:	deferred		CNN/ray/NDArray/GPU encode not in this Linux starting partition; no Metal command encoder
c:objc(cs)MPSCNNLogSoftMaxGradient(im)initWithDevice:	deferred		CNN/ray/NDArray/GPU encode not in this Linux starting partition; no Metal command encoder
c:objc(cs)MPSCNNLogSoftMaxGradientNode	deferred		CNN/ray/NDArray/GPU encode not in this Linux starting partition; no Metal command encoder
c:objc(cs)MPSCNNLogSoftMaxGradientNode(im)initWithSourceGradient:sourceImage:gradientState:	deferred		CNN/ray/NDArray/GPU encode not in this Linux starting partition; no Metal command encoder
c:objc(cs)MPSCNNLogSoftMaxNode	deferred		CNN/ray/NDArray/GPU encode not in this Linux starting partition; no Metal command encoder
c:objc(cs)MPSCNNLogSoftMaxNode(im)initWithSource:	deferred		CNN/ray/NDArray/GPU encode not in this Linux starting partition; no Metal command encoder
c:objc(cs)MPSCNNLoss	deferred		CNN/ray/NDArray/GPU encode not in this Linux starting partition; no Metal command encoder
c:objc(cs)MPSCNNLoss(im)encodeBatchToCommandBuffer:sourceImages:labels:	deferred		CNN/ray/NDArray/GPU encode not in this Linux starting partition; no Metal command encoder
c:objc(cs)MPSCNNLoss(im)encodeBatchToCommandBuffer:sourceImages:labels:destinationImages:	deferred		CNN/ray/NDArray/GPU encode not in this Linux starting partition; no Metal command encoder
c:objc(cs)MPSCNNLoss(im)encodeToCommandBuffer:sourceImage:labels:	deferred		CNN/ray/NDArray/GPU encode not in this Linux starting partition; no Metal command encoder
c:objc(cs)MPSCNNLoss(im)encodeToCommandBuffer:sourceImage:labels:destinationImage:	deferred		CNN/ray/NDArray/GPU encode not in this Linux starting partition; no Metal command encoder
c:objc(cs)MPSCNNLoss(im)initWithCoder:device:	deferred		CNN/ray/NDArray/GPU encode not in this Linux starting partition; no Metal command encoder
c:objc(cs)MPSCNNLoss(im)initWithDevice:lossDescriptor:	deferred		CNN/ray/NDArray/GPU encode not in this Linux starting partition; no Metal command encoder
c:objc(cs)MPSCNNLoss(py)delta	deferred		CNN/ray/NDArray/GPU encode not in this Linux starting partition; no Metal command encoder
c:objc(cs)MPSCNNLoss(py)epsilon	deferred		CNN/ray/NDArray/GPU encode not in this Linux starting partition; no Metal command encoder
c:objc(cs)MPSCNNLoss(py)labelSmoothing	deferred		CNN/ray/NDArray/GPU encode not in this Linux starting partition; no Metal command encoder
c:objc(cs)MPSCNNLoss(py)lossType	deferred		CNN/ray/NDArray/GPU encode not in this Linux starting partition; no Metal command encoder
c:objc(cs)MPSCNNLoss(py)numberOfClasses	deferred		CNN/ray/NDArray/GPU encode not in this Linux starting partition; no Metal command encoder
c:objc(cs)MPSCNNLoss(py)reduceAcrossBatch	deferred		CNN/ray/NDArray/GPU encode not in this Linux starting partition; no Metal command encoder
c:objc(cs)MPSCNNLoss(py)reductionType	deferred		CNN/ray/NDArray/GPU encode not in this Linux starting partition; no Metal command encoder
c:objc(cs)MPSCNNLoss(py)weight	deferred		CNN/ray/NDArray/GPU encode not in this Linux starting partition; no Metal command encoder
c:objc(cs)MPSCNNLossDataDescriptor	deferred		CNN/ray/NDArray/GPU encode not in this Linux starting partition; no Metal command encoder
c:objc(cs)MPSCNNLossDataDescriptor(cm)cnnLossDataDescriptorWithData:layout:size:	deferred		CNN/ray/NDArray/GPU encode not in this Linux starting partition; no Metal command encoder
c:objc(cs)MPSCNNLossDataDescriptor(py)bytesPerImage	deferred		CNN/ray/NDArray/GPU encode not in this Linux starting partition; no Metal command encoder
c:objc(cs)MPSCNNLossDataDescriptor(py)bytesPerRow	deferred		CNN/ray/NDArray/GPU encode not in this Linux starting partition; no Metal command encoder
c:objc(cs)MPSCNNLossDataDescriptor(py)layout	deferred		CNN/ray/NDArray/GPU encode not in this Linux starting partition; no Metal command encoder
c:objc(cs)MPSCNNLossDataDescriptor(py)size	deferred		CNN/ray/NDArray/GPU encode not in this Linux starting partition; no Metal command encoder
c:objc(cs)MPSCNNLossDescriptor	deferred		CNN/ray/NDArray/GPU encode not in this Linux starting partition; no Metal command encoder
c:objc(cs)MPSCNNLossDescriptor(cm)cnnLossDescriptorWithType:reductionType:	deferred		CNN/ray/NDArray/GPU encode not in this Linux starting partition; no Metal command encoder
c:objc(cs)MPSCNNLossDescriptor(py)delta	deferred		CNN/ray/NDArray/GPU encode not in this Linux starting partition; no Metal command encoder
c:objc(cs)MPSCNNLossDescriptor(py)epsilon	deferred		CNN/ray/NDArray/GPU encode not in this Linux starting partition; no Metal command encoder
c:objc(cs)MPSCNNLossDescriptor(py)labelSmoothing	deferred		CNN/ray/NDArray/GPU encode not in this Linux starting partition; no Metal command encoder
c:objc(cs)MPSCNNLossDescriptor(py)lossType	deferred		CNN/ray/NDArray/GPU encode not in this Linux starting partition; no Metal command encoder
c:objc(cs)MPSCNNLossDescriptor(py)numberOfClasses	deferred		CNN/ray/NDArray/GPU encode not in this Linux starting partition; no Metal command encoder
c:objc(cs)MPSCNNLossDescriptor(py)reduceAcrossBatch	deferred		CNN/ray/NDArray/GPU encode not in this Linux starting partition; no Metal command encoder
c:objc(cs)MPSCNNLossDescriptor(py)reductionType	deferred		CNN/ray/NDArray/GPU encode not in this Linux starting partition; no Metal command encoder
c:objc(cs)MPSCNNLossDescriptor(py)weight	deferred		CNN/ray/NDArray/GPU encode not in this Linux starting partition; no Metal command encoder
c:objc(cs)MPSCNNLossLabels	deferred		CNN/ray/NDArray/GPU encode not in this Linux starting partition; no Metal command encoder
c:objc(cs)MPSCNNLossLabels(im)initWithDevice:labelsDescriptor:	deferred		CNN/ray/NDArray/GPU encode not in this Linux starting partition; no Metal command encoder
c:objc(cs)MPSCNNLossLabels(im)initWithDevice:lossImageSize:labelsDescriptor:weightsDescriptor:	deferred		CNN/ray/NDArray/GPU encode not in this Linux starting partition; no Metal command encoder
c:objc(cs)MPSCNNLossLabels(im)initWithDevice:lossImageSize:labelsImage:weightsImage:	deferred		CNN/ray/NDArray/GPU encode not in this Linux starting partition; no Metal command encoder
c:objc(cs)MPSCNNLossLabels(im)labelsImage	deferred		CNN/ray/NDArray/GPU encode not in this Linux starting partition; no Metal command encoder
c:objc(cs)MPSCNNLossLabels(im)lossImage	deferred		CNN/ray/NDArray/GPU encode not in this Linux starting partition; no Metal command encoder
c:objc(cs)MPSCNNLossLabels(im)weightsImage	deferred		CNN/ray/NDArray/GPU encode not in this Linux starting partition; no Metal command encoder
c:objc(cs)MPSCNNLossNode	deferred		CNN/ray/NDArray/GPU encode not in this Linux starting partition; no Metal command encoder
c:objc(cs)MPSCNNLossNode(im)initWithSource:lossDescriptor:	deferred		CNN/ray/NDArray/GPU encode not in this Linux starting partition; no Metal command encoder
c:objc(cs)MPSCNNLossNode(py)inputLabels	deferred		CNN/ray/NDArray/GPU encode not in this Linux starting partition; no Metal command encoder
c:objc(cs)MPSCNNMultiaryKernel	deferred		CNN/ray/NDArray/GPU encode not in this Linux starting partition; no Metal command encoder
c:objc(cs)MPSCNNMultiaryKernel(im)appendBatchBarrier	deferred		CNN/ray/NDArray/GPU encode not in this Linux starting partition; no Metal command encoder
c:objc(cs)MPSCNNMultiaryKernel(im)destinationImageDescriptorForSourceImages:sourceStates:	deferred		CNN/ray/NDArray/GPU encode not in this Linux starting partition; no Metal command encoder
c:objc(cs)MPSCNNMultiaryKernel(im)dilationRateXatIndex:	deferred		CNN/ray/NDArray/GPU encode not in this Linux starting partition; no Metal command encoder
c:objc(cs)MPSCNNMultiaryKernel(im)dilationRateYatIndex:	deferred		CNN/ray/NDArray/GPU encode not in this Linux starting partition; no Metal command encoder
c:objc(cs)MPSCNNMultiaryKernel(im)edgeModeAtIndex:	deferred		CNN/ray/NDArray/GPU encode not in this Linux starting partition; no Metal command encoder
c:objc(cs)MPSCNNMultiaryKernel(im)encodeBatchToCommandBuffer:sourceImages:	deferred		CNN/ray/NDArray/GPU encode not in this Linux starting partition; no Metal command encoder
c:objc(cs)MPSCNNMultiaryKernel(im)encodeBatchToCommandBuffer:sourceImages:destinationImages:	deferred		CNN/ray/NDArray/GPU encode not in this Linux starting partition; no Metal command encoder
c:objc(cs)MPSCNNMultiaryKernel(im)encodeBatchToCommandBuffer:sourceImages:destinationStates:destinationStateIsTemporary:	deferred		CNN/ray/NDArray/GPU encode not in this Linux starting partition; no Metal command encoder
c:objc(cs)MPSCNNMultiaryKernel(im)encodeToCommandBuffer:sourceImages:	deferred		CNN/ray/NDArray/GPU encode not in this Linux starting partition; no Metal command encoder
c:objc(cs)MPSCNNMultiaryKernel(im)encodeToCommandBuffer:sourceImages:destinationImage:	deferred		CNN/ray/NDArray/GPU encode not in this Linux starting partition; no Metal command encoder
c:objc(cs)MPSCNNMultiaryKernel(im)encodeToCommandBuffer:sourceImages:destinationState:destinationStateIsTemporary:	deferred		CNN/ray/NDArray/GPU encode not in this Linux starting partition; no Metal command encoder
c:objc(cs)MPSCNNMultiaryKernel(im)initWithCoder:device:	deferred		CNN/ray/NDArray/GPU encode not in this Linux starting partition; no Metal command encoder
c:objc(cs)MPSCNNMultiaryKernel(im)initWithDevice:sourceCount:	deferred		CNN/ray/NDArray/GPU encode not in this Linux starting partition; no Metal command encoder
c:objc(cs)MPSCNNMultiaryKernel(im)isResultStateReusedAcrossBatch	deferred		CNN/ray/NDArray/GPU encode not in this Linux starting partition; no Metal command encoder
c:objc(cs)MPSCNNMultiaryKernel(im)kernelHeightAtIndex:	deferred		CNN/ray/NDArray/GPU encode not in this Linux starting partition; no Metal command encoder
c:objc(cs)MPSCNNMultiaryKernel(im)kernelWidthAtIndex:	deferred		CNN/ray/NDArray/GPU encode not in this Linux starting partition; no Metal command encoder
c:objc(cs)MPSCNNMultiaryKernel(im)offsetAtIndex:	deferred		CNN/ray/NDArray/GPU encode not in this Linux starting partition; no Metal command encoder
c:objc(cs)MPSCNNMultiaryKernel(im)resultStateBatchForSourceImages:sourceStates:destinationImage:	deferred		CNN/ray/NDArray/GPU encode not in this Linux starting partition; no Metal command encoder
c:objc(cs)MPSCNNMultiaryKernel(im)resultStateForSourceImages:sourceStates:destinationImage:	deferred		CNN/ray/NDArray/GPU encode not in this Linux starting partition; no Metal command encoder
c:objc(cs)MPSCNNMultiaryKernel(im)setDilationRateX:atIndex:	deferred		CNN/ray/NDArray/GPU encode not in this Linux starting partition; no Metal command encoder
c:objc(cs)MPSCNNMultiaryKernel(im)setDilationRateY:atIndex:	deferred		CNN/ray/NDArray/GPU encode not in this Linux starting partition; no Metal command encoder
c:objc(cs)MPSCNNMultiaryKernel(im)setEdgeMode:atIndex:	deferred		CNN/ray/NDArray/GPU encode not in this Linux starting partition; no Metal command encoder
c:objc(cs)MPSCNNMultiaryKernel(im)setKernelHeight:atIndex:	deferred		CNN/ray/NDArray/GPU encode not in this Linux starting partition; no Metal command encoder
c:objc(cs)MPSCNNMultiaryKernel(im)setKernelWidth:atIndex:	deferred		CNN/ray/NDArray/GPU encode not in this Linux starting partition; no Metal command encoder
c:objc(cs)MPSCNNMultiaryKernel(im)setOffset:atIndex:	deferred		CNN/ray/NDArray/GPU encode not in this Linux starting partition; no Metal command encoder
c:objc(cs)MPSCNNMultiaryKernel(im)setSourceFeatureChannelMaxCount:atIndex:	deferred		CNN/ray/NDArray/GPU encode not in this Linux starting partition; no Metal command encoder
c:objc(cs)MPSCNNMultiaryKernel(im)setSourceFeatureChannelOffset:atIndex:	deferred		CNN/ray/NDArray/GPU encode not in this Linux starting partition; no Metal command encoder
c:objc(cs)MPSCNNMultiaryKernel(im)setStrideInPixelsX:atIndex:	deferred		CNN/ray/NDArray/GPU encode not in this Linux starting partition; no Metal command encoder
c:objc(cs)MPSCNNMultiaryKernel(im)setStrideInPixelsY:atIndex:	deferred		CNN/ray/NDArray/GPU encode not in this Linux starting partition; no Metal command encoder
c:objc(cs)MPSCNNMultiaryKernel(im)sourceFeatureChannelMaxCountAtIndex:	deferred		CNN/ray/NDArray/GPU encode not in this Linux starting partition; no Metal command encoder
c:objc(cs)MPSCNNMultiaryKernel(im)sourceFeatureChannelOffsetAtIndex:	deferred		CNN/ray/NDArray/GPU encode not in this Linux starting partition; no Metal command encoder
c:objc(cs)MPSCNNMultiaryKernel(im)strideInPixelsXatIndex:	deferred		CNN/ray/NDArray/GPU encode not in this Linux starting partition; no Metal command encoder
c:objc(cs)MPSCNNMultiaryKernel(im)strideInPixelsYatIndex:	deferred		CNN/ray/NDArray/GPU encode not in this Linux starting partition; no Metal command encoder
c:objc(cs)MPSCNNMultiaryKernel(im)temporaryResultStateBatchForCommandBuffer:sourceImages:sourceStates:destinationImage:	deferred		CNN/ray/NDArray/GPU encode not in this Linux starting partition; no Metal command encoder
c:objc(cs)MPSCNNMultiaryKernel(im)temporaryResultStateForCommandBuffer:sourceImages:sourceStates:destinationImage:	deferred		CNN/ray/NDArray/GPU encode not in this Linux starting partition; no Metal command encoder
c:objc(cs)MPSCNNMultiaryKernel(py)clipRect	deferred		CNN/ray/NDArray/GPU encode not in this Linux starting partition; no Metal command encoder
c:objc(cs)MPSCNNMultiaryKernel(py)destinationFeatureChannelOffset	deferred		CNN/ray/NDArray/GPU encode not in this Linux starting partition; no Metal command encoder
c:objc(cs)MPSCNNMultiaryKernel(py)destinationImageAllocator	deferred		CNN/ray/NDArray/GPU encode not in this Linux starting partition; no Metal command encoder
c:objc(cs)MPSCNNMultiaryKernel(py)isBackwards	deferred		CNN/ray/NDArray/GPU encode not in this Linux starting partition; no Metal command encoder
c:objc(cs)MPSCNNMultiaryKernel(py)isStateModified	deferred		CNN/ray/NDArray/GPU encode not in this Linux starting partition; no Metal command encoder
c:objc(cs)MPSCNNMultiaryKernel(py)padding	deferred		CNN/ray/NDArray/GPU encode not in this Linux starting partition; no Metal command encoder
c:objc(cs)MPSCNNMultiaryKernel(py)sourceCount	deferred		CNN/ray/NDArray/GPU encode not in this Linux starting partition; no Metal command encoder
c:objc(cs)MPSCNNMultiply	deferred		CNN/ray/NDArray/GPU encode not in this Linux starting partition; no Metal command encoder
c:objc(cs)MPSCNNMultiply(im)initWithDevice:	deferred		CNN/ray/NDArray/GPU encode not in this Linux starting partition; no Metal command encoder
c:objc(cs)MPSCNNMultiplyGradient	deferred		CNN/ray/NDArray/GPU encode not in this Linux starting partition; no Metal command encoder
c:objc(cs)MPSCNNMultiplyGradient(im)initWithDevice:isSecondarySourceFilter:	deferred		CNN/ray/NDArray/GPU encode not in this Linux starting partition; no Metal command encoder
c:objc(cs)MPSCNNNeuron	deferred		CNN/ray/NDArray/GPU encode not in this Linux starting partition; no Metal command encoder
c:objc(cs)MPSCNNNeuron(im)initWithCoder:device:	deferred		CNN/ray/NDArray/GPU encode not in this Linux starting partition; no Metal command encoder
c:objc(cs)MPSCNNNeuron(im)initWithDevice:neuronDescriptor:	deferred		CNN/ray/NDArray/GPU encode not in this Linux starting partition; no Metal command encoder
c:objc(cs)MPSCNNNeuron(py)a	deferred		CNN/ray/NDArray/GPU encode not in this Linux starting partition; no Metal command encoder
c:objc(cs)MPSCNNNeuron(py)b	deferred		CNN/ray/NDArray/GPU encode not in this Linux starting partition; no Metal command encoder
c:objc(cs)MPSCNNNeuron(py)c	deferred		CNN/ray/NDArray/GPU encode not in this Linux starting partition; no Metal command encoder
c:objc(cs)MPSCNNNeuron(py)data	deferred		CNN/ray/NDArray/GPU encode not in this Linux starting partition; no Metal command encoder
c:objc(cs)MPSCNNNeuron(py)neuronType	deferred		CNN/ray/NDArray/GPU encode not in this Linux starting partition; no Metal command encoder
c:objc(cs)MPSCNNNeuronAbsolute	deferred		CNN/ray/NDArray/GPU encode not in this Linux starting partition; no Metal command encoder
c:objc(cs)MPSCNNNeuronAbsolute(im)initWithDevice:	deferred		CNN/ray/NDArray/GPU encode not in this Linux starting partition; no Metal command encoder
c:objc(cs)MPSCNNNeuronAbsoluteNode	deferred		CNN/ray/NDArray/GPU encode not in this Linux starting partition; no Metal command encoder
c:objc(cs)MPSCNNNeuronAbsoluteNode(im)initWithSource:	deferred		CNN/ray/NDArray/GPU encode not in this Linux starting partition; no Metal command encoder
c:objc(cs)MPSCNNNeuronELU	deferred		CNN/ray/NDArray/GPU encode not in this Linux starting partition; no Metal command encoder
c:objc(cs)MPSCNNNeuronELU(im)initWithDevice:a:	deferred		CNN/ray/NDArray/GPU encode not in this Linux starting partition; no Metal command encoder
c:objc(cs)MPSCNNNeuronELUNode	deferred		CNN/ray/NDArray/GPU encode not in this Linux starting partition; no Metal command encoder
c:objc(cs)MPSCNNNeuronELUNode(im)initWithSource:	deferred		CNN/ray/NDArray/GPU encode not in this Linux starting partition; no Metal command encoder
c:objc(cs)MPSCNNNeuronELUNode(im)initWithSource:a:	deferred		CNN/ray/NDArray/GPU encode not in this Linux starting partition; no Metal command encoder
c:objc(cs)MPSCNNNeuronExponential	deferred		CNN/ray/NDArray/GPU encode not in this Linux starting partition; no Metal command encoder
c:objc(cs)MPSCNNNeuronExponential(im)initWithDevice:a:b:c:	deferred		CNN/ray/NDArray/GPU encode not in this Linux starting partition; no Metal command encoder
c:objc(cs)MPSCNNNeuronExponentialNode	deferred		CNN/ray/NDArray/GPU encode not in this Linux starting partition; no Metal command encoder
c:objc(cs)MPSCNNNeuronExponentialNode(im)initWithSource:	deferred		CNN/ray/NDArray/GPU encode not in this Linux starting partition; no Metal command encoder
c:objc(cs)MPSCNNNeuronExponentialNode(im)initWithSource:a:b:c:	deferred		CNN/ray/NDArray/GPU encode not in this Linux starting partition; no Metal command encoder
c:objc(cs)MPSCNNNeuronGeLUNode	deferred		CNN/ray/NDArray/GPU encode not in this Linux starting partition; no Metal command encoder
c:objc(cs)MPSCNNNeuronGeLUNode(im)initWithSource:	deferred		CNN/ray/NDArray/GPU encode not in this Linux starting partition; no Metal command encoder
c:objc(cs)MPSCNNNeuronGradient	deferred		CNN/ray/NDArray/GPU encode not in this Linux starting partition; no Metal command encoder
c:objc(cs)MPSCNNNeuronGradient(im)initWithCoder:device:	deferred		CNN/ray/NDArray/GPU encode not in this Linux starting partition; no Metal command encoder
c:objc(cs)MPSCNNNeuronGradient(im)initWithDevice:neuronDescriptor:	deferred		CNN/ray/NDArray/GPU encode not in this Linux starting partition; no Metal command encoder
c:objc(cs)MPSCNNNeuronGradient(py)a	deferred		CNN/ray/NDArray/GPU encode not in this Linux starting partition; no Metal command encoder
c:objc(cs)MPSCNNNeuronGradient(py)b	deferred		CNN/ray/NDArray/GPU encode not in this Linux starting partition; no Metal command encoder
c:objc(cs)MPSCNNNeuronGradient(py)c	deferred		CNN/ray/NDArray/GPU encode not in this Linux starting partition; no Metal command encoder
c:objc(cs)MPSCNNNeuronGradient(py)data	deferred		CNN/ray/NDArray/GPU encode not in this Linux starting partition; no Metal command encoder
c:objc(cs)MPSCNNNeuronGradient(py)neuronType	deferred		CNN/ray/NDArray/GPU encode not in this Linux starting partition; no Metal command encoder
c:objc(cs)MPSCNNNeuronGradientNode	deferred		CNN/ray/NDArray/GPU encode not in this Linux starting partition; no Metal command encoder
c:objc(cs)MPSCNNNeuronGradientNode(im)initWithSourceGradient:sourceImage:gradientState:descriptor:	deferred		CNN/ray/NDArray/GPU encode not in this Linux starting partition; no Metal command encoder
c:objc(cs)MPSCNNNeuronGradientNode(py)descriptor	deferred		CNN/ray/NDArray/GPU encode not in this Linux starting partition; no Metal command encoder
c:objc(cs)MPSCNNNeuronHardSigmoid	deferred		CNN/ray/NDArray/GPU encode not in this Linux starting partition; no Metal command encoder
c:objc(cs)MPSCNNNeuronHardSigmoid(im)initWithDevice:a:b:	deferred		CNN/ray/NDArray/GPU encode not in this Linux starting partition; no Metal command encoder
c:objc(cs)MPSCNNNeuronHardSigmoidNode	deferred		CNN/ray/NDArray/GPU encode not in this Linux starting partition; no Metal command encoder
c:objc(cs)MPSCNNNeuronHardSigmoidNode(im)initWithSource:	deferred		CNN/ray/NDArray/GPU encode not in this Linux starting partition; no Metal command encoder
c:objc(cs)MPSCNNNeuronHardSigmoidNode(im)initWithSource:a:b:	deferred		CNN/ray/NDArray/GPU encode not in this Linux starting partition; no Metal command encoder
c:objc(cs)MPSCNNNeuronLinear	deferred		CNN/ray/NDArray/GPU encode not in this Linux starting partition; no Metal command encoder
c:objc(cs)MPSCNNNeuronLinear(im)initWithDevice:a:b:	deferred		CNN/ray/NDArray/GPU encode not in this Linux starting partition; no Metal command encoder
c:objc(cs)MPSCNNNeuronLinearNode	deferred		CNN/ray/NDArray/GPU encode not in this Linux starting partition; no Metal command encoder
c:objc(cs)MPSCNNNeuronLinearNode(im)initWithSource:	deferred		CNN/ray/NDArray/GPU encode not in this Linux starting partition; no Metal command encoder
c:objc(cs)MPSCNNNeuronLinearNode(im)initWithSource:a:b:	deferred		CNN/ray/NDArray/GPU encode not in this Linux starting partition; no Metal command encoder
c:objc(cs)MPSCNNNeuronLogarithm	deferred		CNN/ray/NDArray/GPU encode not in this Linux starting partition; no Metal command encoder
c:objc(cs)MPSCNNNeuronLogarithm(im)initWithDevice:a:b:c:	deferred		CNN/ray/NDArray/GPU encode not in this Linux starting partition; no Metal command encoder
c:objc(cs)MPSCNNNeuronLogarithmNode	deferred		CNN/ray/NDArray/GPU encode not in this Linux starting partition; no Metal command encoder
c:objc(cs)MPSCNNNeuronLogarithmNode(im)initWithSource:	deferred		CNN/ray/NDArray/GPU encode not in this Linux starting partition; no Metal command encoder
c:objc(cs)MPSCNNNeuronLogarithmNode(im)initWithSource:a:b:c:	deferred		CNN/ray/NDArray/GPU encode not in this Linux starting partition; no Metal command encoder
c:objc(cs)MPSCNNNeuronNode	deferred		CNN/ray/NDArray/GPU encode not in this Linux starting partition; no Metal command encoder
c:objc(cs)MPSCNNNeuronNode(cm)nodeWithSource:descriptor:	deferred		CNN/ray/NDArray/GPU encode not in this Linux starting partition; no Metal command encoder
c:objc(cs)MPSCNNNeuronNode(py)a	deferred		CNN/ray/NDArray/GPU encode not in this Linux starting partition; no Metal command encoder
c:objc(cs)MPSCNNNeuronNode(py)b	deferred		CNN/ray/NDArray/GPU encode not in this Linux starting partition; no Metal command encoder
c:objc(cs)MPSCNNNeuronNode(py)c	deferred		CNN/ray/NDArray/GPU encode not in this Linux starting partition; no Metal command encoder
c:objc(cs)MPSCNNNeuronPReLU	deferred		CNN/ray/NDArray/GPU encode not in this Linux starting partition; no Metal command encoder
c:objc(cs)MPSCNNNeuronPReLU(im)initWithDevice:a:count:	deferred		CNN/ray/NDArray/GPU encode not in this Linux starting partition; no Metal command encoder
c:objc(cs)MPSCNNNeuronPReLUNode	deferred		CNN/ray/NDArray/GPU encode not in this Linux starting partition; no Metal command encoder
c:objc(cs)MPSCNNNeuronPReLUNode(im)initWithSource:aData:	deferred		CNN/ray/NDArray/GPU encode not in this Linux starting partition; no Metal command encoder
c:objc(cs)MPSCNNNeuronPower	deferred		CNN/ray/NDArray/GPU encode not in this Linux starting partition; no Metal command encoder
c:objc(cs)MPSCNNNeuronPower(im)initWithDevice:a:b:c:	deferred		CNN/ray/NDArray/GPU encode not in this Linux starting partition; no Metal command encoder
c:objc(cs)MPSCNNNeuronPowerNode	deferred		CNN/ray/NDArray/GPU encode not in this Linux starting partition; no Metal command encoder
c:objc(cs)MPSCNNNeuronPowerNode(im)initWithSource:	deferred		CNN/ray/NDArray/GPU encode not in this Linux starting partition; no Metal command encoder
c:objc(cs)MPSCNNNeuronPowerNode(im)initWithSource:a:b:c:	deferred		CNN/ray/NDArray/GPU encode not in this Linux starting partition; no Metal command encoder
c:objc(cs)MPSCNNNeuronReLU	deferred		CNN/ray/NDArray/GPU encode not in this Linux starting partition; no Metal command encoder
c:objc(cs)MPSCNNNeuronReLU(im)initWithDevice:a:	deferred		CNN/ray/NDArray/GPU encode not in this Linux starting partition; no Metal command encoder
c:objc(cs)MPSCNNNeuronReLUN	deferred		CNN/ray/NDArray/GPU encode not in this Linux starting partition; no Metal command encoder
c:objc(cs)MPSCNNNeuronReLUN(im)initWithDevice:a:b:	deferred		CNN/ray/NDArray/GPU encode not in this Linux starting partition; no Metal command encoder
c:objc(cs)MPSCNNNeuronReLUNNode	deferred		CNN/ray/NDArray/GPU encode not in this Linux starting partition; no Metal command encoder
c:objc(cs)MPSCNNNeuronReLUNNode(im)initWithSource:	deferred		CNN/ray/NDArray/GPU encode not in this Linux starting partition; no Metal command encoder
c:objc(cs)MPSCNNNeuronReLUNNode(im)initWithSource:a:b:	deferred		CNN/ray/NDArray/GPU encode not in this Linux starting partition; no Metal command encoder
c:objc(cs)MPSCNNNeuronReLUNode	deferred		CNN/ray/NDArray/GPU encode not in this Linux starting partition; no Metal command encoder
c:objc(cs)MPSCNNNeuronReLUNode(im)initWithSource:	deferred		CNN/ray/NDArray/GPU encode not in this Linux starting partition; no Metal command encoder
c:objc(cs)MPSCNNNeuronReLUNode(im)initWithSource:a:	deferred		CNN/ray/NDArray/GPU encode not in this Linux starting partition; no Metal command encoder
c:objc(cs)MPSCNNNeuronSigmoid	deferred		CNN/ray/NDArray/GPU encode not in this Linux starting partition; no Metal command encoder
c:objc(cs)MPSCNNNeuronSigmoid(im)initWithDevice:	deferred		CNN/ray/NDArray/GPU encode not in this Linux starting partition; no Metal command encoder
c:objc(cs)MPSCNNNeuronSigmoidNode	deferred		CNN/ray/NDArray/GPU encode not in this Linux starting partition; no Metal command encoder
c:objc(cs)MPSCNNNeuronSigmoidNode(im)initWithSource:	deferred		CNN/ray/NDArray/GPU encode not in this Linux starting partition; no Metal command encoder
c:objc(cs)MPSCNNNeuronSoftPlus	deferred		CNN/ray/NDArray/GPU encode not in this Linux starting partition; no Metal command encoder
c:objc(cs)MPSCNNNeuronSoftPlus(im)initWithDevice:a:b:	deferred		CNN/ray/NDArray/GPU encode not in this Linux starting partition; no Metal command encoder
c:objc(cs)MPSCNNNeuronSoftPlusNode	deferred		CNN/ray/NDArray/GPU encode not in this Linux starting partition; no Metal command encoder
c:objc(cs)MPSCNNNeuronSoftPlusNode(im)initWithSource:	deferred		CNN/ray/NDArray/GPU encode not in this Linux starting partition; no Metal command encoder
c:objc(cs)MPSCNNNeuronSoftPlusNode(im)initWithSource:a:b:	deferred		CNN/ray/NDArray/GPU encode not in this Linux starting partition; no Metal command encoder
c:objc(cs)MPSCNNNeuronSoftSign	deferred		CNN/ray/NDArray/GPU encode not in this Linux starting partition; no Metal command encoder
c:objc(cs)MPSCNNNeuronSoftSign(im)initWithDevice:	deferred		CNN/ray/NDArray/GPU encode not in this Linux starting partition; no Metal command encoder
c:objc(cs)MPSCNNNeuronSoftSignNode	deferred		CNN/ray/NDArray/GPU encode not in this Linux starting partition; no Metal command encoder
c:objc(cs)MPSCNNNeuronSoftSignNode(im)initWithSource:	deferred		CNN/ray/NDArray/GPU encode not in this Linux starting partition; no Metal command encoder
c:objc(cs)MPSCNNNeuronTanH	deferred		CNN/ray/NDArray/GPU encode not in this Linux starting partition; no Metal command encoder
c:objc(cs)MPSCNNNeuronTanH(im)initWithDevice:a:b:	deferred		CNN/ray/NDArray/GPU encode not in this Linux starting partition; no Metal command encoder
c:objc(cs)MPSCNNNeuronTanHNode	deferred		CNN/ray/NDArray/GPU encode not in this Linux starting partition; no Metal command encoder
c:objc(cs)MPSCNNNeuronTanHNode(im)initWithSource:	deferred		CNN/ray/NDArray/GPU encode not in this Linux starting partition; no Metal command encoder
c:objc(cs)MPSCNNNeuronTanHNode(im)initWithSource:a:b:	deferred		CNN/ray/NDArray/GPU encode not in this Linux starting partition; no Metal command encoder
c:objc(cs)MPSCNNNormalizationGammaAndBetaState	deferred		CNN/ray/NDArray/GPU encode not in this Linux starting partition; no Metal command encoder
c:objc(cs)MPSCNNNormalizationGammaAndBetaState(cm)temporaryStateWithCommandBuffer:numberOfFeatureChannels:	deferred		CNN/ray/NDArray/GPU encode not in this Linux starting partition; no Metal command encoder
c:objc(cs)MPSCNNNormalizationGammaAndBetaState(im)initWithGamma:beta:	deferred		CNN/ray/NDArray/GPU encode not in this Linux starting partition; no Metal command encoder
c:objc(cs)MPSCNNNormalizationGammaAndBetaState(py)beta	deferred		CNN/ray/NDArray/GPU encode not in this Linux starting partition; no Metal command encoder
c:objc(cs)MPSCNNNormalizationGammaAndBetaState(py)gamma	deferred		CNN/ray/NDArray/GPU encode not in this Linux starting partition; no Metal command encoder
c:objc(cs)MPSCNNNormalizationMeanAndVarianceState	deferred		CNN/ray/NDArray/GPU encode not in this Linux starting partition; no Metal command encoder
c:objc(cs)MPSCNNNormalizationMeanAndVarianceState(cm)temporaryStateWithCommandBuffer:numberOfFeatureChannels:	deferred		CNN/ray/NDArray/GPU encode not in this Linux starting partition; no Metal command encoder
c:objc(cs)MPSCNNNormalizationMeanAndVarianceState(im)initWithMean:variance:	deferred		CNN/ray/NDArray/GPU encode not in this Linux starting partition; no Metal command encoder
c:objc(cs)MPSCNNNormalizationMeanAndVarianceState(py)mean	deferred		CNN/ray/NDArray/GPU encode not in this Linux starting partition; no Metal command encoder
c:objc(cs)MPSCNNNormalizationMeanAndVarianceState(py)variance	deferred		CNN/ray/NDArray/GPU encode not in this Linux starting partition; no Metal command encoder
c:objc(cs)MPSCNNNormalizationNode	deferred		CNN/ray/NDArray/GPU encode not in this Linux starting partition; no Metal command encoder
c:objc(cs)MPSCNNNormalizationNode(im)initWithSource:	deferred		CNN/ray/NDArray/GPU encode not in this Linux starting partition; no Metal command encoder
c:objc(cs)MPSCNNNormalizationNode(py)alpha	deferred		CNN/ray/NDArray/GPU encode not in this Linux starting partition; no Metal command encoder
c:objc(cs)MPSCNNNormalizationNode(py)beta	deferred		CNN/ray/NDArray/GPU encode not in this Linux starting partition; no Metal command encoder
c:objc(cs)MPSCNNNormalizationNode(py)delta	deferred		CNN/ray/NDArray/GPU encode not in this Linux starting partition; no Metal command encoder
c:objc(cs)MPSCNNPooling	deferred		CNN/ray/NDArray/GPU encode not in this Linux starting partition; no Metal command encoder
c:objc(cs)MPSCNNPooling(im)initWithCoder:device:	deferred		CNN/ray/NDArray/GPU encode not in this Linux starting partition; no Metal command encoder
c:objc(cs)MPSCNNPooling(im)initWithDevice:kernelWidth:kernelHeight:	deferred		CNN/ray/NDArray/GPU encode not in this Linux starting partition; no Metal command encoder
c:objc(cs)MPSCNNPooling(im)initWithDevice:kernelWidth:kernelHeight:strideInPixelsX:strideInPixelsY:	deferred		CNN/ray/NDArray/GPU encode not in this Linux starting partition; no Metal command encoder
c:objc(cs)MPSCNNPoolingAverage	deferred		CNN/ray/NDArray/GPU encode not in this Linux starting partition; no Metal command encoder
c:objc(cs)MPSCNNPoolingAverage(im)initWithCoder:device:	deferred		CNN/ray/NDArray/GPU encode not in this Linux starting partition; no Metal command encoder
c:objc(cs)MPSCNNPoolingAverage(im)initWithDevice:kernelWidth:kernelHeight:strideInPixelsX:strideInPixelsY:	deferred		CNN/ray/NDArray/GPU encode not in this Linux starting partition; no Metal command encoder
c:objc(cs)MPSCNNPoolingAverage(py)zeroPadSizeX	deferred		CNN/ray/NDArray/GPU encode not in this Linux starting partition; no Metal command encoder
c:objc(cs)MPSCNNPoolingAverage(py)zeroPadSizeY	deferred		CNN/ray/NDArray/GPU encode not in this Linux starting partition; no Metal command encoder
c:objc(cs)MPSCNNPoolingAverageGradient	deferred		CNN/ray/NDArray/GPU encode not in this Linux starting partition; no Metal command encoder
c:objc(cs)MPSCNNPoolingAverageGradient(im)initWithCoder:device:	deferred		CNN/ray/NDArray/GPU encode not in this Linux starting partition; no Metal command encoder
c:objc(cs)MPSCNNPoolingAverageGradient(im)initWithDevice:kernelWidth:kernelHeight:strideInPixelsX:strideInPixelsY:	deferred		CNN/ray/NDArray/GPU encode not in this Linux starting partition; no Metal command encoder
c:objc(cs)MPSCNNPoolingAverageGradient(py)zeroPadSizeX	deferred		CNN/ray/NDArray/GPU encode not in this Linux starting partition; no Metal command encoder
c:objc(cs)MPSCNNPoolingAverageGradient(py)zeroPadSizeY	deferred		CNN/ray/NDArray/GPU encode not in this Linux starting partition; no Metal command encoder
c:objc(cs)MPSCNNPoolingAverageGradientNode	deferred		CNN/ray/NDArray/GPU encode not in this Linux starting partition; no Metal command encoder
c:objc(cs)MPSCNNPoolingAverageNode	deferred		CNN/ray/NDArray/GPU encode not in this Linux starting partition; no Metal command encoder
c:objc(cs)MPSCNNPoolingGradient	deferred		CNN/ray/NDArray/GPU encode not in this Linux starting partition; no Metal command encoder
c:objc(cs)MPSCNNPoolingGradient(im)initWithCoder:device:	deferred		CNN/ray/NDArray/GPU encode not in this Linux starting partition; no Metal command encoder
c:objc(cs)MPSCNNPoolingGradient(im)initWithDevice:kernelWidth:kernelHeight:	deferred		CNN/ray/NDArray/GPU encode not in this Linux starting partition; no Metal command encoder
c:objc(cs)MPSCNNPoolingGradient(im)initWithDevice:kernelWidth:kernelHeight:strideInPixelsX:strideInPixelsY:	deferred		CNN/ray/NDArray/GPU encode not in this Linux starting partition; no Metal command encoder
c:objc(cs)MPSCNNPoolingGradient(py)sourceSize	deferred		CNN/ray/NDArray/GPU encode not in this Linux starting partition; no Metal command encoder
c:objc(cs)MPSCNNPoolingGradientNode	deferred		CNN/ray/NDArray/GPU encode not in this Linux starting partition; no Metal command encoder
c:objc(cs)MPSCNNPoolingGradientNode(im)initWithSourceGradient:sourceImage:gradientState:kernelWidth:kernelHeight:strideInPixelsX:strideInPixelsY:paddingPolicy:	deferred		CNN/ray/NDArray/GPU encode not in this Linux starting partition; no Metal command encoder
c:objc(cs)MPSCNNPoolingGradientNode(py)kernelHeight	deferred		CNN/ray/NDArray/GPU encode not in this Linux starting partition; no Metal command encoder
c:objc(cs)MPSCNNPoolingGradientNode(py)kernelWidth	deferred		CNN/ray/NDArray/GPU encode not in this Linux starting partition; no Metal command encoder
c:objc(cs)MPSCNNPoolingGradientNode(py)strideInPixelsX	deferred		CNN/ray/NDArray/GPU encode not in this Linux starting partition; no Metal command encoder
c:objc(cs)MPSCNNPoolingGradientNode(py)strideInPixelsY	deferred		CNN/ray/NDArray/GPU encode not in this Linux starting partition; no Metal command encoder
c:objc(cs)MPSCNNPoolingL2Norm	deferred		CNN/ray/NDArray/GPU encode not in this Linux starting partition; no Metal command encoder
c:objc(cs)MPSCNNPoolingL2Norm(im)initWithCoder:device:	deferred		CNN/ray/NDArray/GPU encode not in this Linux starting partition; no Metal command encoder
c:objc(cs)MPSCNNPoolingL2Norm(im)initWithDevice:kernelWidth:kernelHeight:strideInPixelsX:strideInPixelsY:	deferred		CNN/ray/NDArray/GPU encode not in this Linux starting partition; no Metal command encoder
c:objc(cs)MPSCNNPoolingL2NormGradient	deferred		CNN/ray/NDArray/GPU encode not in this Linux starting partition; no Metal command encoder
c:objc(cs)MPSCNNPoolingL2NormGradient(im)initWithCoder:device:	deferred		CNN/ray/NDArray/GPU encode not in this Linux starting partition; no Metal command encoder
c:objc(cs)MPSCNNPoolingL2NormGradient(im)initWithDevice:kernelWidth:kernelHeight:strideInPixelsX:strideInPixelsY:	deferred		CNN/ray/NDArray/GPU encode not in this Linux starting partition; no Metal command encoder
c:objc(cs)MPSCNNPoolingL2NormGradientNode	deferred		CNN/ray/NDArray/GPU encode not in this Linux starting partition; no Metal command encoder
c:objc(cs)MPSCNNPoolingL2NormNode	deferred		CNN/ray/NDArray/GPU encode not in this Linux starting partition; no Metal command encoder
c:objc(cs)MPSCNNPoolingMax	deferred		CNN/ray/NDArray/GPU encode not in this Linux starting partition; no Metal command encoder
c:objc(cs)MPSCNNPoolingMax(im)initWithCoder:device:	deferred		CNN/ray/NDArray/GPU encode not in this Linux starting partition; no Metal command encoder
c:objc(cs)MPSCNNPoolingMax(im)initWithDevice:kernelWidth:kernelHeight:strideInPixelsX:strideInPixelsY:	deferred		CNN/ray/NDArray/GPU encode not in this Linux starting partition; no Metal command encoder
c:objc(cs)MPSCNNPoolingMaxGradient	deferred		CNN/ray/NDArray/GPU encode not in this Linux starting partition; no Metal command encoder
c:objc(cs)MPSCNNPoolingMaxGradient(im)initWithCoder:device:	deferred		CNN/ray/NDArray/GPU encode not in this Linux starting partition; no Metal command encoder
c:objc(cs)MPSCNNPoolingMaxGradient(im)initWithDevice:kernelWidth:kernelHeight:strideInPixelsX:strideInPixelsY:	deferred		CNN/ray/NDArray/GPU encode not in this Linux starting partition; no Metal command encoder
c:objc(cs)MPSCNNPoolingMaxGradientNode	deferred		CNN/ray/NDArray/GPU encode not in this Linux starting partition; no Metal command encoder
c:objc(cs)MPSCNNPoolingMaxNode	deferred		CNN/ray/NDArray/GPU encode not in this Linux starting partition; no Metal command encoder
c:objc(cs)MPSCNNPoolingNode	deferred		CNN/ray/NDArray/GPU encode not in this Linux starting partition; no Metal command encoder
c:objc(cs)MPSCNNPoolingNode(im)initWithSource:filterSize:	deferred		CNN/ray/NDArray/GPU encode not in this Linux starting partition; no Metal command encoder
c:objc(cs)MPSCNNPoolingNode(im)initWithSource:filterSize:stride:	deferred		CNN/ray/NDArray/GPU encode not in this Linux starting partition; no Metal command encoder
c:objc(cs)MPSCNNPoolingNode(im)initWithSource:kernelWidth:kernelHeight:strideInPixelsX:strideInPixelsY:	deferred		CNN/ray/NDArray/GPU encode not in this Linux starting partition; no Metal command encoder
c:objc(cs)MPSCNNPoolingNode(py)kernelHeight	deferred		CNN/ray/NDArray/GPU encode not in this Linux starting partition; no Metal command encoder
c:objc(cs)MPSCNNPoolingNode(py)kernelWidth	deferred		CNN/ray/NDArray/GPU encode not in this Linux starting partition; no Metal command encoder
c:objc(cs)MPSCNNPoolingNode(py)strideInPixelsX	deferred		CNN/ray/NDArray/GPU encode not in this Linux starting partition; no Metal command encoder
c:objc(cs)MPSCNNPoolingNode(py)strideInPixelsY	deferred		CNN/ray/NDArray/GPU encode not in this Linux starting partition; no Metal command encoder
c:objc(cs)MPSCNNSoftMax	deferred		CNN/ray/NDArray/GPU encode not in this Linux starting partition; no Metal command encoder
c:objc(cs)MPSCNNSoftMaxGradient	deferred		CNN/ray/NDArray/GPU encode not in this Linux starting partition; no Metal command encoder
c:objc(cs)MPSCNNSoftMaxGradient(im)initWithCoder:device:	deferred		CNN/ray/NDArray/GPU encode not in this Linux starting partition; no Metal command encoder
c:objc(cs)MPSCNNSoftMaxGradient(im)initWithDevice:	deferred		CNN/ray/NDArray/GPU encode not in this Linux starting partition; no Metal command encoder
c:objc(cs)MPSCNNSoftMaxGradientNode	deferred		CNN/ray/NDArray/GPU encode not in this Linux starting partition; no Metal command encoder
c:objc(cs)MPSCNNSoftMaxGradientNode(im)initWithSourceGradient:sourceImage:gradientState:	deferred		CNN/ray/NDArray/GPU encode not in this Linux starting partition; no Metal command encoder
c:objc(cs)MPSCNNSoftMaxNode	deferred		CNN/ray/NDArray/GPU encode not in this Linux starting partition; no Metal command encoder
c:objc(cs)MPSCNNSoftMaxNode(im)initWithSource:	deferred		CNN/ray/NDArray/GPU encode not in this Linux starting partition; no Metal command encoder
c:objc(cs)MPSCNNSpatialNormalization	deferred		CNN/ray/NDArray/GPU encode not in this Linux starting partition; no Metal command encoder
c:objc(cs)MPSCNNSpatialNormalization(im)initWithCoder:device:	deferred		CNN/ray/NDArray/GPU encode not in this Linux starting partition; no Metal command encoder
c:objc(cs)MPSCNNSpatialNormalization(im)initWithDevice:kernelWidth:kernelHeight:	deferred		CNN/ray/NDArray/GPU encode not in this Linux starting partition; no Metal command encoder
c:objc(cs)MPSCNNSpatialNormalization(py)alpha	deferred		CNN/ray/NDArray/GPU encode not in this Linux starting partition; no Metal command encoder
c:objc(cs)MPSCNNSpatialNormalization(py)beta	deferred		CNN/ray/NDArray/GPU encode not in this Linux starting partition; no Metal command encoder
c:objc(cs)MPSCNNSpatialNormalization(py)delta	deferred		CNN/ray/NDArray/GPU encode not in this Linux starting partition; no Metal command encoder
c:objc(cs)MPSCNNSpatialNormalizationGradient	deferred		CNN/ray/NDArray/GPU encode not in this Linux starting partition; no Metal command encoder
c:objc(cs)MPSCNNSpatialNormalizationGradient(im)initWithCoder:device:	deferred		CNN/ray/NDArray/GPU encode not in this Linux starting partition; no Metal command encoder
c:objc(cs)MPSCNNSpatialNormalizationGradient(im)initWithDevice:kernelWidth:kernelHeight:	deferred		CNN/ray/NDArray/GPU encode not in this Linux starting partition; no Metal command encoder
c:objc(cs)MPSCNNSpatialNormalizationGradient(py)alpha	deferred		CNN/ray/NDArray/GPU encode not in this Linux starting partition; no Metal command encoder
c:objc(cs)MPSCNNSpatialNormalizationGradient(py)beta	deferred		CNN/ray/NDArray/GPU encode not in this Linux starting partition; no Metal command encoder
c:objc(cs)MPSCNNSpatialNormalizationGradient(py)delta	deferred		CNN/ray/NDArray/GPU encode not in this Linux starting partition; no Metal command encoder
c:objc(cs)MPSCNNSpatialNormalizationGradientNode	deferred		CNN/ray/NDArray/GPU encode not in this Linux starting partition; no Metal command encoder
c:objc(cs)MPSCNNSpatialNormalizationGradientNode(im)initWithSourceGradient:sourceImage:gradientState:kernelSize:	deferred		CNN/ray/NDArray/GPU encode not in this Linux starting partition; no Metal command encoder
c:objc(cs)MPSCNNSpatialNormalizationGradientNode(py)alpha	deferred		CNN/ray/NDArray/GPU encode not in this Linux starting partition; no Metal command encoder
c:objc(cs)MPSCNNSpatialNormalizationGradientNode(py)beta	deferred		CNN/ray/NDArray/GPU encode not in this Linux starting partition; no Metal command encoder
c:objc(cs)MPSCNNSpatialNormalizationGradientNode(py)delta	deferred		CNN/ray/NDArray/GPU encode not in this Linux starting partition; no Metal command encoder
c:objc(cs)MPSCNNSpatialNormalizationGradientNode(py)kernelHeight	deferred		CNN/ray/NDArray/GPU encode not in this Linux starting partition; no Metal command encoder
c:objc(cs)MPSCNNSpatialNormalizationGradientNode(py)kernelWidth	deferred		CNN/ray/NDArray/GPU encode not in this Linux starting partition; no Metal command encoder
c:objc(cs)MPSCNNSpatialNormalizationNode	deferred		CNN/ray/NDArray/GPU encode not in this Linux starting partition; no Metal command encoder
c:objc(cs)MPSCNNSpatialNormalizationNode(im)initWithSource:	deferred		CNN/ray/NDArray/GPU encode not in this Linux starting partition; no Metal command encoder
c:objc(cs)MPSCNNSpatialNormalizationNode(im)initWithSource:kernelSize:	deferred		CNN/ray/NDArray/GPU encode not in this Linux starting partition; no Metal command encoder
c:objc(cs)MPSCNNSpatialNormalizationNode(py)kernelHeight	deferred		CNN/ray/NDArray/GPU encode not in this Linux starting partition; no Metal command encoder
c:objc(cs)MPSCNNSpatialNormalizationNode(py)kernelWidth	deferred		CNN/ray/NDArray/GPU encode not in this Linux starting partition; no Metal command encoder
c:objc(cs)MPSCNNSubPixelConvolutionDescriptor	deferred		CNN/ray/NDArray/GPU encode not in this Linux starting partition; no Metal command encoder
c:objc(cs)MPSCNNSubPixelConvolutionDescriptor(py)subPixelScaleFactor	deferred		CNN/ray/NDArray/GPU encode not in this Linux starting partition; no Metal command encoder
c:objc(cs)MPSCNNSubtract	deferred		CNN/ray/NDArray/GPU encode not in this Linux starting partition; no Metal command encoder
c:objc(cs)MPSCNNSubtract(im)initWithDevice:	deferred		CNN/ray/NDArray/GPU encode not in this Linux starting partition; no Metal command encoder
c:objc(cs)MPSCNNSubtractGradient	deferred		CNN/ray/NDArray/GPU encode not in this Linux starting partition; no Metal command encoder
c:objc(cs)MPSCNNSubtractGradient(im)initWithDevice:isSecondarySourceFilter:	deferred		CNN/ray/NDArray/GPU encode not in this Linux starting partition; no Metal command encoder
c:objc(cs)MPSCNNUpsampling	deferred		CNN/ray/NDArray/GPU encode not in this Linux starting partition; no Metal command encoder
c:objc(cs)MPSCNNUpsampling(py)alignCorners	deferred		CNN/ray/NDArray/GPU encode not in this Linux starting partition; no Metal command encoder
c:objc(cs)MPSCNNUpsampling(py)scaleFactorX	deferred		CNN/ray/NDArray/GPU encode not in this Linux starting partition; no Metal command encoder
c:objc(cs)MPSCNNUpsampling(py)scaleFactorY	deferred		CNN/ray/NDArray/GPU encode not in this Linux starting partition; no Metal command encoder
c:objc(cs)MPSCNNUpsamplingBilinear	deferred		CNN/ray/NDArray/GPU encode not in this Linux starting partition; no Metal command encoder
c:objc(cs)MPSCNNUpsamplingBilinear(im)initWithDevice:integerScaleFactorX:integerScaleFactorY:	deferred		CNN/ray/NDArray/GPU encode not in this Linux starting partition; no Metal command encoder
c:objc(cs)MPSCNNUpsamplingBilinear(im)initWithDevice:integerScaleFactorX:integerScaleFactorY:alignCorners:	deferred		CNN/ray/NDArray/GPU encode not in this Linux starting partition; no Metal command encoder
c:objc(cs)MPSCNNUpsamplingBilinearGradient	deferred		CNN/ray/NDArray/GPU encode not in this Linux starting partition; no Metal command encoder
c:objc(cs)MPSCNNUpsamplingBilinearGradient(im)initWithDevice:integerScaleFactorX:integerScaleFactorY:	deferred		CNN/ray/NDArray/GPU encode not in this Linux starting partition; no Metal command encoder
c:objc(cs)MPSCNNUpsamplingBilinearGradientNode	deferred		CNN/ray/NDArray/GPU encode not in this Linux starting partition; no Metal command encoder
c:objc(cs)MPSCNNUpsamplingBilinearGradientNode(im)initWithSourceGradient:sourceImage:gradientState:scaleFactorX:scaleFactorY:	deferred		CNN/ray/NDArray/GPU encode not in this Linux starting partition; no Metal command encoder
c:objc(cs)MPSCNNUpsamplingBilinearGradientNode(py)scaleFactorX	deferred		CNN/ray/NDArray/GPU encode not in this Linux starting partition; no Metal command encoder
c:objc(cs)MPSCNNUpsamplingBilinearGradientNode(py)scaleFactorY	deferred		CNN/ray/NDArray/GPU encode not in this Linux starting partition; no Metal command encoder
c:objc(cs)MPSCNNUpsamplingBilinearNode	deferred		CNN/ray/NDArray/GPU encode not in this Linux starting partition; no Metal command encoder
c:objc(cs)MPSCNNUpsamplingBilinearNode(im)initWithSource:integerScaleFactorX:integerScaleFactorY:	deferred		CNN/ray/NDArray/GPU encode not in this Linux starting partition; no Metal command encoder
c:objc(cs)MPSCNNUpsamplingBilinearNode(im)initWithSource:integerScaleFactorX:integerScaleFactorY:alignCorners:	deferred		CNN/ray/NDArray/GPU encode not in this Linux starting partition; no Metal command encoder
c:objc(cs)MPSCNNUpsamplingBilinearNode(py)alignCorners	deferred		CNN/ray/NDArray/GPU encode not in this Linux starting partition; no Metal command encoder
c:objc(cs)MPSCNNUpsamplingBilinearNode(py)scaleFactorX	deferred		CNN/ray/NDArray/GPU encode not in this Linux starting partition; no Metal command encoder
c:objc(cs)MPSCNNUpsamplingBilinearNode(py)scaleFactorY	deferred		CNN/ray/NDArray/GPU encode not in this Linux starting partition; no Metal command encoder
c:objc(cs)MPSCNNUpsamplingGradient	deferred		CNN/ray/NDArray/GPU encode not in this Linux starting partition; no Metal command encoder
c:objc(cs)MPSCNNUpsamplingGradient(py)scaleFactorX	deferred		CNN/ray/NDArray/GPU encode not in this Linux starting partition; no Metal command encoder
c:objc(cs)MPSCNNUpsamplingGradient(py)scaleFactorY	deferred		CNN/ray/NDArray/GPU encode not in this Linux starting partition; no Metal command encoder
c:objc(cs)MPSCNNUpsamplingNearest	deferred		CNN/ray/NDArray/GPU encode not in this Linux starting partition; no Metal command encoder
c:objc(cs)MPSCNNUpsamplingNearest(im)initWithDevice:integerScaleFactorX:integerScaleFactorY:	deferred		CNN/ray/NDArray/GPU encode not in this Linux starting partition; no Metal command encoder
c:objc(cs)MPSCNNUpsamplingNearestGradient	deferred		CNN/ray/NDArray/GPU encode not in this Linux starting partition; no Metal command encoder
c:objc(cs)MPSCNNUpsamplingNearestGradient(im)initWithDevice:integerScaleFactorX:integerScaleFactorY:	deferred		CNN/ray/NDArray/GPU encode not in this Linux starting partition; no Metal command encoder
c:objc(cs)MPSCNNUpsamplingNearestGradientNode	deferred		CNN/ray/NDArray/GPU encode not in this Linux starting partition; no Metal command encoder
c:objc(cs)MPSCNNUpsamplingNearestGradientNode(im)initWithSourceGradient:sourceImage:gradientState:scaleFactorX:scaleFactorY:	deferred		CNN/ray/NDArray/GPU encode not in this Linux starting partition; no Metal command encoder
c:objc(cs)MPSCNNUpsamplingNearestGradientNode(py)scaleFactorX	deferred		CNN/ray/NDArray/GPU encode not in this Linux starting partition; no Metal command encoder
c:objc(cs)MPSCNNUpsamplingNearestGradientNode(py)scaleFactorY	deferred		CNN/ray/NDArray/GPU encode not in this Linux starting partition; no Metal command encoder
c:objc(cs)MPSCNNUpsamplingNearestNode	deferred		CNN/ray/NDArray/GPU encode not in this Linux starting partition; no Metal command encoder
c:objc(cs)MPSCNNUpsamplingNearestNode(im)initWithSource:integerScaleFactorX:integerScaleFactorY:	deferred		CNN/ray/NDArray/GPU encode not in this Linux starting partition; no Metal command encoder
c:objc(cs)MPSCNNUpsamplingNearestNode(py)scaleFactorX	deferred		CNN/ray/NDArray/GPU encode not in this Linux starting partition; no Metal command encoder
c:objc(cs)MPSCNNUpsamplingNearestNode(py)scaleFactorY	deferred		CNN/ray/NDArray/GPU encode not in this Linux starting partition; no Metal command encoder
c:objc(cs)MPSCNNYOLOLoss	deferred		CNN/ray/NDArray/GPU encode not in this Linux starting partition; no Metal command encoder
c:objc(cs)MPSCNNYOLOLoss(im)encodeBatchToCommandBuffer:sourceImages:labels:	deferred		CNN/ray/NDArray/GPU encode not in this Linux starting partition; no Metal command encoder
c:objc(cs)MPSCNNYOLOLoss(im)encodeBatchToCommandBuffer:sourceImages:labels:destinationImages:	deferred		CNN/ray/NDArray/GPU encode not in this Linux starting partition; no Metal command encoder
c:objc(cs)MPSCNNYOLOLoss(im)encodeToCommandBuffer:sourceImage:labels:	deferred		CNN/ray/NDArray/GPU encode not in this Linux starting partition; no Metal command encoder
c:objc(cs)MPSCNNYOLOLoss(im)encodeToCommandBuffer:sourceImage:labels:destinationImage:	deferred		CNN/ray/NDArray/GPU encode not in this Linux starting partition; no Metal command encoder
c:objc(cs)MPSCNNYOLOLoss(im)initWithCoder:device:	deferred		CNN/ray/NDArray/GPU encode not in this Linux starting partition; no Metal command encoder
c:objc(cs)MPSCNNYOLOLoss(im)initWithDevice:lossDescriptor:	deferred		CNN/ray/NDArray/GPU encode not in this Linux starting partition; no Metal command encoder
c:objc(cs)MPSCNNYOLOLoss(py)anchorBoxes	deferred		CNN/ray/NDArray/GPU encode not in this Linux starting partition; no Metal command encoder
c:objc(cs)MPSCNNYOLOLoss(py)lossClasses	deferred		CNN/ray/NDArray/GPU encode not in this Linux starting partition; no Metal command encoder
c:objc(cs)MPSCNNYOLOLoss(py)lossConfidence	deferred		CNN/ray/NDArray/GPU encode not in this Linux starting partition; no Metal command encoder
c:objc(cs)MPSCNNYOLOLoss(py)lossWH	deferred		CNN/ray/NDArray/GPU encode not in this Linux starting partition; no Metal command encoder
c:objc(cs)MPSCNNYOLOLoss(py)lossXY	deferred		CNN/ray/NDArray/GPU encode not in this Linux starting partition; no Metal command encoder
c:objc(cs)MPSCNNYOLOLoss(py)maxIOUForObjectAbsence	deferred		CNN/ray/NDArray/GPU encode not in this Linux starting partition; no Metal command encoder
c:objc(cs)MPSCNNYOLOLoss(py)minIOUForObjectPresence	deferred		CNN/ray/NDArray/GPU encode not in this Linux starting partition; no Metal command encoder
c:objc(cs)MPSCNNYOLOLoss(py)numberOfAnchorBoxes	deferred		CNN/ray/NDArray/GPU encode not in this Linux starting partition; no Metal command encoder
c:objc(cs)MPSCNNYOLOLoss(py)reduceAcrossBatch	deferred		CNN/ray/NDArray/GPU encode not in this Linux starting partition; no Metal command encoder
c:objc(cs)MPSCNNYOLOLoss(py)reductionType	deferred		CNN/ray/NDArray/GPU encode not in this Linux starting partition; no Metal command encoder
c:objc(cs)MPSCNNYOLOLoss(py)scaleClass	deferred		CNN/ray/NDArray/GPU encode not in this Linux starting partition; no Metal command encoder
c:objc(cs)MPSCNNYOLOLoss(py)scaleNoObject	deferred		CNN/ray/NDArray/GPU encode not in this Linux starting partition; no Metal command encoder
c:objc(cs)MPSCNNYOLOLoss(py)scaleObject	deferred		CNN/ray/NDArray/GPU encode not in this Linux starting partition; no Metal command encoder
c:objc(cs)MPSCNNYOLOLoss(py)scaleWH	deferred		CNN/ray/NDArray/GPU encode not in this Linux starting partition; no Metal command encoder
c:objc(cs)MPSCNNYOLOLoss(py)scaleXY	deferred		CNN/ray/NDArray/GPU encode not in this Linux starting partition; no Metal command encoder
c:objc(cs)MPSCNNYOLOLossDescriptor	deferred		CNN/ray/NDArray/GPU encode not in this Linux starting partition; no Metal command encoder
c:objc(cs)MPSCNNYOLOLossDescriptor(cm)cnnLossDescriptorWithXYLossType:WHLossType:confidenceLossType:classesLossType:reductionType:anchorBoxes:numberOfAnchorBoxes:	deferred		CNN/ray/NDArray/GPU encode not in this Linux starting partition; no Metal command encoder
c:objc(cs)MPSCNNYOLOLossDescriptor(py)WHLossDescriptor	deferred		CNN/ray/NDArray/GPU encode not in this Linux starting partition; no Metal command encoder
c:objc(cs)MPSCNNYOLOLossDescriptor(py)XYLossDescriptor	deferred		CNN/ray/NDArray/GPU encode not in this Linux starting partition; no Metal command encoder
c:objc(cs)MPSCNNYOLOLossDescriptor(py)anchorBoxes	deferred		CNN/ray/NDArray/GPU encode not in this Linux starting partition; no Metal command encoder
c:objc(cs)MPSCNNYOLOLossDescriptor(py)classesLossDescriptor	deferred		CNN/ray/NDArray/GPU encode not in this Linux starting partition; no Metal command encoder
c:objc(cs)MPSCNNYOLOLossDescriptor(py)confidenceLossDescriptor	deferred		CNN/ray/NDArray/GPU encode not in this Linux starting partition; no Metal command encoder
c:objc(cs)MPSCNNYOLOLossDescriptor(py)maxIOUForObjectAbsence	deferred		CNN/ray/NDArray/GPU encode not in this Linux starting partition; no Metal command encoder
c:objc(cs)MPSCNNYOLOLossDescriptor(py)minIOUForObjectPresence	deferred		CNN/ray/NDArray/GPU encode not in this Linux starting partition; no Metal command encoder
c:objc(cs)MPSCNNYOLOLossDescriptor(py)numberOfAnchorBoxes	deferred		CNN/ray/NDArray/GPU encode not in this Linux starting partition; no Metal command encoder
c:objc(cs)MPSCNNYOLOLossDescriptor(py)reduceAcrossBatch	deferred		CNN/ray/NDArray/GPU encode not in this Linux starting partition; no Metal command encoder
c:objc(cs)MPSCNNYOLOLossDescriptor(py)reductionType	deferred		CNN/ray/NDArray/GPU encode not in this Linux starting partition; no Metal command encoder
c:objc(cs)MPSCNNYOLOLossDescriptor(py)rescore	deferred		CNN/ray/NDArray/GPU encode not in this Linux starting partition; no Metal command encoder
c:objc(cs)MPSCNNYOLOLossDescriptor(py)scaleClass	deferred		CNN/ray/NDArray/GPU encode not in this Linux starting partition; no Metal command encoder
c:objc(cs)MPSCNNYOLOLossDescriptor(py)scaleNoObject	deferred		CNN/ray/NDArray/GPU encode not in this Linux starting partition; no Metal command encoder
c:objc(cs)MPSCNNYOLOLossDescriptor(py)scaleObject	deferred		CNN/ray/NDArray/GPU encode not in this Linux starting partition; no Metal command encoder
c:objc(cs)MPSCNNYOLOLossDescriptor(py)scaleWH	deferred		CNN/ray/NDArray/GPU encode not in this Linux starting partition; no Metal command encoder
c:objc(cs)MPSCNNYOLOLossDescriptor(py)scaleXY	deferred		CNN/ray/NDArray/GPU encode not in this Linux starting partition; no Metal command encoder
c:objc(cs)MPSCNNYOLOLossNode	deferred		CNN/ray/NDArray/GPU encode not in this Linux starting partition; no Metal command encoder
c:objc(cs)MPSCNNYOLOLossNode(im)initWithSource:lossDescriptor:	deferred		CNN/ray/NDArray/GPU encode not in this Linux starting partition; no Metal command encoder
c:objc(cs)MPSCNNYOLOLossNode(py)inputLabels	deferred		CNN/ray/NDArray/GPU encode not in this Linux starting partition; no Metal command encoder
c:objc(cs)MPSCommandBuffer	deferred		CNN/ray/NDArray/GPU encode not in this Linux starting partition; no Metal command encoder
c:objc(cs)MPSCommandBuffer(cm)commandBufferFromCommandQueue:	deferred		CNN/ray/NDArray/GPU encode not in this Linux starting partition; no Metal command encoder
c:objc(cs)MPSCommandBuffer(cm)commandBufferFromCommandQueue:::SYNTHESIZED::c:objc(cs)MPSCommandBuffer	deferred		CNN/ray/NDArray/GPU encode not in this Linux starting partition; no Metal command encoder
c:objc(cs)MPSCommandBuffer(im)commitAndContinue	deferred		CNN/ray/NDArray/GPU encode not in this Linux starting partition; no Metal command encoder
c:objc(cs)MPSCommandBuffer(im)initWithCommandBuffer:	deferred		CNN/ray/NDArray/GPU encode not in this Linux starting partition; no Metal command encoder
c:objc(cs)MPSCommandBuffer(im)prefetchHeapForWorkloadSize:	deferred		CNN/ray/NDArray/GPU encode not in this Linux starting partition; no Metal command encoder
c:objc(cs)MPSCommandBuffer(py)commandBuffer	deferred		CNN/ray/NDArray/GPU encode not in this Linux starting partition; no Metal command encoder
c:objc(cs)MPSCommandBuffer(py)heapProvider	deferred		CNN/ray/NDArray/GPU encode not in this Linux starting partition; no Metal command encoder
c:objc(cs)MPSCommandBuffer(py)predicate	deferred		CNN/ray/NDArray/GPU encode not in this Linux starting partition; no Metal command encoder
c:objc(cs)MPSCommandBuffer(py)rootCommandBuffer	deferred		CNN/ray/NDArray/GPU encode not in this Linux starting partition; no Metal command encoder
c:objc(cs)MPSGRUDescriptor	deferred		CNN/ray/NDArray/GPU encode not in this Linux starting partition; no Metal command encoder
c:objc(cs)MPSGRUDescriptor(cm)createGRUDescriptorWithInputFeatureChannels:outputFeatureChannels:	deferred		CNN/ray/NDArray/GPU encode not in this Linux starting partition; no Metal command encoder
c:objc(cs)MPSGRUDescriptor(py)flipOutputGates	deferred		CNN/ray/NDArray/GPU encode not in this Linux starting partition; no Metal command encoder
c:objc(cs)MPSGRUDescriptor(py)gatePnormValue	deferred		CNN/ray/NDArray/GPU encode not in this Linux starting partition; no Metal command encoder
c:objc(cs)MPSGRUDescriptor(py)inputGateInputWeights	deferred		CNN/ray/NDArray/GPU encode not in this Linux starting partition; no Metal command encoder
c:objc(cs)MPSGRUDescriptor(py)inputGateRecurrentWeights	deferred		CNN/ray/NDArray/GPU encode not in this Linux starting partition; no Metal command encoder
c:objc(cs)MPSGRUDescriptor(py)outputGateInputGateWeights	deferred		CNN/ray/NDArray/GPU encode not in this Linux starting partition; no Metal command encoder
c:objc(cs)MPSGRUDescriptor(py)outputGateInputWeights	deferred		CNN/ray/NDArray/GPU encode not in this Linux starting partition; no Metal command encoder
c:objc(cs)MPSGRUDescriptor(py)outputGateRecurrentWeights	deferred		CNN/ray/NDArray/GPU encode not in this Linux starting partition; no Metal command encoder
c:objc(cs)MPSGRUDescriptor(py)recurrentGateInputWeights	deferred		CNN/ray/NDArray/GPU encode not in this Linux starting partition; no Metal command encoder
c:objc(cs)MPSGRUDescriptor(py)recurrentGateRecurrentWeights	deferred		CNN/ray/NDArray/GPU encode not in this Linux starting partition; no Metal command encoder
c:objc(cs)MPSImage	implemented	full/metalperformanceshaders/MPSImage.swift	Linux host implementation from pinned public-surface overlay
c:objc(cs)MPSImage(cm)defaultAllocator	implemented	full/metalperformanceshaders/MPSImage.swift	Linux host implementation from pinned public-surface overlay
c:objc(cs)MPSImage(im)batchRepresentation	implemented	full/metalperformanceshaders/MPSImage.swift	Linux host implementation from pinned public-surface overlay
c:objc(cs)MPSImage(im)batchRepresentationWithSubRange:	implemented	full/metalperformanceshaders/MPSImage.swift	Linux host implementation from pinned public-surface overlay
c:objc(cs)MPSImage(im)initWithDevice:imageDescriptor:	implemented	full/metalperformanceshaders/MPSImage.swift	Linux host implementation from pinned public-surface overlay
c:objc(cs)MPSImage(im)initWithParentImage:sliceRange:featureChannels:	implemented	full/metalperformanceshaders/MPSImage.swift	Linux host implementation from pinned public-surface overlay
c:objc(cs)MPSImage(im)initWithTexture:featureChannels:	implemented	full/metalperformanceshaders/MPSImage.swift	Linux host implementation from pinned public-surface overlay
c:objc(cs)MPSImage(im)readBytes:dataLayout:bytesPerRow:bytesPerImage:region:featureChannelInfo:imageIndex:	implemented	full/metalperformanceshaders/MPSImage.swift	Linux host implementation from pinned public-surface overlay
c:objc(cs)MPSImage(im)readBytes:dataLayout:bytesPerRow:region:featureChannelInfo:imageIndex:	implemented	full/metalperformanceshaders/MPSImage.swift	Linux host implementation from pinned public-surface overlay
c:objc(cs)MPSImage(im)readBytes:dataLayout:imageIndex:	implemented	full/metalperformanceshaders/MPSImage.swift	Linux host implementation from pinned public-surface overlay
c:objc(cs)MPSImage(im)resourceSize	implemented	full/metalperformanceshaders/MPSImage.swift	Linux host implementation from pinned public-surface overlay
c:objc(cs)MPSImage(im)setPurgeableState:	implemented	full/metalperformanceshaders/MPSImage.swift	Linux host implementation from pinned public-surface overlay
c:objc(cs)MPSImage(im)subImageWithFeatureChannelRange:	implemented	full/metalperformanceshaders/MPSImage.swift	Linux host implementation from pinned public-surface overlay
c:objc(cs)MPSImage(im)synchronizeOnCommandBuffer:	implemented	full/metalperformanceshaders/MPSImage.swift	Linux host implementation from pinned public-surface overlay
c:objc(cs)MPSImage(im)writeBytes:dataLayout:bytesPerColumn:bytesPerRow:bytesPerImage:region:featureChannelInfo:imageIndex:	implemented	full/metalperformanceshaders/MPSImage.swift	Linux host implementation from pinned public-surface overlay
c:objc(cs)MPSImage(im)writeBytes:dataLayout:bytesPerRow:bytesPerImage:region:featureChannelInfo:imageIndex:	implemented	full/metalperformanceshaders/MPSImage.swift	Linux host implementation from pinned public-surface overlay
c:objc(cs)MPSImage(im)writeBytes:dataLayout:bytesPerRow:region:featureChannelInfo:imageIndex:	implemented	full/metalperformanceshaders/MPSImage.swift	Linux host implementation from pinned public-surface overlay
c:objc(cs)MPSImage(im)writeBytes:dataLayout:imageIndex:	implemented	full/metalperformanceshaders/MPSImage.swift	Linux host implementation from pinned public-surface overlay
c:objc(cs)MPSImage(py)device	implemented	full/metalperformanceshaders/MPSImage.swift	Linux host implementation from pinned public-surface overlay
c:objc(cs)MPSImage(py)featureChannelFormat	implemented	full/metalperformanceshaders/MPSImage.swift	Linux host implementation from pinned public-surface overlay
c:objc(cs)MPSImage(py)featureChannels	implemented	full/metalperformanceshaders/MPSImage.swift	Linux host implementation from pinned public-surface overlay
c:objc(cs)MPSImage(py)height	implemented	full/metalperformanceshaders/MPSImage.swift	Linux host implementation from pinned public-surface overlay
c:objc(cs)MPSImage(py)label	implemented	full/metalperformanceshaders/MPSImage.swift	Linux host implementation from pinned public-surface overlay
c:objc(cs)MPSImage(py)numberOfImages	implemented	full/metalperformanceshaders/MPSImage.swift	Linux host implementation from pinned public-surface overlay
c:objc(cs)MPSImage(py)parent	implemented	full/metalperformanceshaders/MPSImage.swift	Linux host implementation from pinned public-surface overlay
c:objc(cs)MPSImage(py)pixelFormat	implemented	full/metalperformanceshaders/MPSImage.swift	Linux host implementation from pinned public-surface overlay
c:objc(cs)MPSImage(py)pixelSize	implemented	full/metalperformanceshaders/MPSImage.swift	Linux host implementation from pinned public-surface overlay
c:objc(cs)MPSImage(py)precision	implemented	full/metalperformanceshaders/MPSImage.swift	Linux host implementation from pinned public-surface overlay
c:objc(cs)MPSImage(py)texture	implemented	full/metalperformanceshaders/MPSImage.swift	Linux host implementation from pinned public-surface overlay
c:objc(cs)MPSImage(py)textureType	implemented	full/metalperformanceshaders/MPSImage.swift	Linux host implementation from pinned public-surface overlay
c:objc(cs)MPSImage(py)usage	implemented	full/metalperformanceshaders/MPSImage.swift	Linux host implementation from pinned public-surface overlay
c:objc(cs)MPSImage(py)width	implemented	full/metalperformanceshaders/MPSImage.swift	Linux host implementation from pinned public-surface overlay
c:objc(cs)MPSImageAdd	deferred		CNN/ray/NDArray/GPU encode not in this Linux starting partition; no Metal command encoder
c:objc(cs)MPSImageAdd(im)initWithDevice:	deferred		CNN/ray/NDArray/GPU encode not in this Linux starting partition; no Metal command encoder
c:objc(cs)MPSImageAreaMax	implemented	full/metalperformanceshaders/MPSImageFilters.swift	Linux host implementation from pinned public-surface overlay
c:objc(cs)MPSImageAreaMax(im)initWithCoder:device:	implemented	full/metalperformanceshaders/MPSImageFilters.swift	Linux host implementation from pinned public-surface overlay
c:objc(cs)MPSImageAreaMax(im)initWithDevice:kernelWidth:kernelHeight:	implemented	full/metalperformanceshaders/MPSImageFilters.swift	Linux host implementation from pinned public-surface overlay
c:objc(cs)MPSImageAreaMax(py)kernelHeight	implemented	full/metalperformanceshaders/MPSImageFilters.swift	Linux host implementation from pinned public-surface overlay
c:objc(cs)MPSImageAreaMax(py)kernelWidth	implemented	full/metalperformanceshaders/MPSImageFilters.swift	Linux host implementation from pinned public-surface overlay
c:objc(cs)MPSImageAreaMin	implemented	full/metalperformanceshaders/MPSImageFilters.swift	Linux host implementation from pinned public-surface overlay
c:objc(cs)MPSImageArithmetic	deferred		CNN/ray/NDArray/GPU encode not in this Linux starting partition; no Metal command encoder
c:objc(cs)MPSImageArithmetic(py)bias	deferred		CNN/ray/NDArray/GPU encode not in this Linux starting partition; no Metal command encoder
c:objc(cs)MPSImageArithmetic(py)maximumValue	deferred		CNN/ray/NDArray/GPU encode not in this Linux starting partition; no Metal command encoder
c:objc(cs)MPSImageArithmetic(py)minimumValue	deferred		CNN/ray/NDArray/GPU encode not in this Linux starting partition; no Metal command encoder
c:objc(cs)MPSImageArithmetic(py)primaryScale	deferred		CNN/ray/NDArray/GPU encode not in this Linux starting partition; no Metal command encoder
c:objc(cs)MPSImageArithmetic(py)primaryStrideInPixels	deferred		CNN/ray/NDArray/GPU encode not in this Linux starting partition; no Metal command encoder
c:objc(cs)MPSImageArithmetic(py)secondaryScale	deferred		CNN/ray/NDArray/GPU encode not in this Linux starting partition; no Metal command encoder
c:objc(cs)MPSImageArithmetic(py)secondaryStrideInPixels	deferred		CNN/ray/NDArray/GPU encode not in this Linux starting partition; no Metal command encoder
c:objc(cs)MPSImageBilinearScale	implemented	full/metalperformanceshaders/MPSImageFilters.swift	Linux host implementation from pinned public-surface overlay
c:objc(cs)MPSImageBilinearScale(im)initWithCoder:device:	implemented	full/metalperformanceshaders/MPSImageFilters.swift	Linux host implementation from pinned public-surface overlay
c:objc(cs)MPSImageBilinearScale(im)initWithDevice:	implemented	full/metalperformanceshaders/MPSImageFilters.swift	Linux host implementation from pinned public-surface overlay
c:objc(cs)MPSImageBox	implemented	full/metalperformanceshaders/MPSImageFilters.swift	Linux host implementation from pinned public-surface overlay
c:objc(cs)MPSImageBox(im)initWithCoder:device:	implemented	full/metalperformanceshaders/MPSImageFilters.swift	Linux host implementation from pinned public-surface overlay
c:objc(cs)MPSImageBox(im)initWithDevice:kernelWidth:kernelHeight:	implemented	full/metalperformanceshaders/MPSImageFilters.swift	Linux host implementation from pinned public-surface overlay
c:objc(cs)MPSImageBox(py)kernelHeight	implemented	full/metalperformanceshaders/MPSImageFilters.swift	Linux host implementation from pinned public-surface overlay
c:objc(cs)MPSImageBox(py)kernelWidth	implemented	full/metalperformanceshaders/MPSImageFilters.swift	Linux host implementation from pinned public-surface overlay
c:objc(cs)MPSImageCanny	deferred		CNN/ray/NDArray/GPU encode not in this Linux starting partition; no Metal command encoder
c:objc(cs)MPSImageCanny(im)initWithCoder:device:	deferred		CNN/ray/NDArray/GPU encode not in this Linux starting partition; no Metal command encoder
c:objc(cs)MPSImageCanny(im)initWithDevice:	deferred		CNN/ray/NDArray/GPU encode not in this Linux starting partition; no Metal command encoder
c:objc(cs)MPSImageCanny(im)initWithDevice:linearToGrayScaleTransform:sigma:	deferred		CNN/ray/NDArray/GPU encode not in this Linux starting partition; no Metal command encoder
c:objc(cs)MPSImageCanny(py)colorTransform	deferred		CNN/ray/NDArray/GPU encode not in this Linux starting partition; no Metal command encoder
c:objc(cs)MPSImageCanny(py)highThreshold	deferred		CNN/ray/NDArray/GPU encode not in this Linux starting partition; no Metal command encoder
c:objc(cs)MPSImageCanny(py)lowThreshold	deferred		CNN/ray/NDArray/GPU encode not in this Linux starting partition; no Metal command encoder
c:objc(cs)MPSImageCanny(py)sigma	deferred		CNN/ray/NDArray/GPU encode not in this Linux starting partition; no Metal command encoder
c:objc(cs)MPSImageCanny(py)useFastMode	deferred		CNN/ray/NDArray/GPU encode not in this Linux starting partition; no Metal command encoder
c:objc(cs)MPSImageConversion	deferred		CNN/ray/NDArray/GPU encode not in this Linux starting partition; no Metal command encoder
c:objc(cs)MPSImageConversion(im)initWithDevice:srcAlpha:destAlpha:backgroundColor:conversionInfo:	deferred		CNN/ray/NDArray/GPU encode not in this Linux starting partition; no Metal command encoder
c:objc(cs)MPSImageConversion(py)destinationAlpha	deferred		CNN/ray/NDArray/GPU encode not in this Linux starting partition; no Metal command encoder
c:objc(cs)MPSImageConversion(py)sourceAlpha	deferred		CNN/ray/NDArray/GPU encode not in this Linux starting partition; no Metal command encoder
c:objc(cs)MPSImageConvolution	deferred		CNN/ray/NDArray/GPU encode not in this Linux starting partition; no Metal command encoder
c:objc(cs)MPSImageConvolution(im)initWithCoder:device:	deferred		CNN/ray/NDArray/GPU encode not in this Linux starting partition; no Metal command encoder
c:objc(cs)MPSImageConvolution(im)initWithDevice:kernelWidth:kernelHeight:weights:	deferred		CNN/ray/NDArray/GPU encode not in this Linux starting partition; no Metal command encoder
c:objc(cs)MPSImageConvolution(py)bias	deferred		CNN/ray/NDArray/GPU encode not in this Linux starting partition; no Metal command encoder
c:objc(cs)MPSImageConvolution(py)kernelHeight	deferred		CNN/ray/NDArray/GPU encode not in this Linux starting partition; no Metal command encoder
c:objc(cs)MPSImageConvolution(py)kernelWidth	deferred		CNN/ray/NDArray/GPU encode not in this Linux starting partition; no Metal command encoder
c:objc(cs)MPSImageCopyToMatrix	deferred		CNN/ray/NDArray/GPU encode not in this Linux starting partition; no Metal command encoder
c:objc(cs)MPSImageCopyToMatrix(im)encodeBatchToCommandBuffer:sourceImages:destinationMatrix:	deferred		CNN/ray/NDArray/GPU encode not in this Linux starting partition; no Metal command encoder
c:objc(cs)MPSImageCopyToMatrix(im)encodeToCommandBuffer:sourceImage:destinationMatrix:	deferred		CNN/ray/NDArray/GPU encode not in this Linux starting partition; no Metal command encoder
c:objc(cs)MPSImageCopyToMatrix(im)initWithCoder:device:	deferred		CNN/ray/NDArray/GPU encode not in this Linux starting partition; no Metal command encoder
c:objc(cs)MPSImageCopyToMatrix(im)initWithDevice:dataLayout:	deferred		CNN/ray/NDArray/GPU encode not in this Linux starting partition; no Metal command encoder
c:objc(cs)MPSImageCopyToMatrix(py)dataLayout	deferred		CNN/ray/NDArray/GPU encode not in this Linux starting partition; no Metal command encoder
c:objc(cs)MPSImageCopyToMatrix(py)destinationMatrixBatchIndex	deferred		CNN/ray/NDArray/GPU encode not in this Linux starting partition; no Metal command encoder
c:objc(cs)MPSImageCopyToMatrix(py)destinationMatrixOrigin	deferred		CNN/ray/NDArray/GPU encode not in this Linux starting partition; no Metal command encoder
c:objc(cs)MPSImageDescriptor	implemented	full/metalperformanceshaders/MPSImage.swift	Linux host implementation from pinned public-surface overlay
c:objc(cs)MPSImageDescriptor(cm)imageDescriptorWithChannelFormat:width:height:featureChannels:	implemented	full/metalperformanceshaders/MPSImage.swift	Linux host implementation from pinned public-surface overlay
c:objc(cs)MPSImageDescriptor(cm)imageDescriptorWithChannelFormat:width:height:featureChannels:numberOfImages:usage:	implemented	full/metalperformanceshaders/MPSImage.swift	Linux host implementation from pinned public-surface overlay
c:objc(cs)MPSImageDescriptor(im)copyWithZone:	implemented	full/metalperformanceshaders/MPSImage.swift	Linux host implementation from pinned public-surface overlay
c:objc(cs)MPSImageDescriptor(py)channelFormat	implemented	full/metalperformanceshaders/MPSImage.swift	Linux host implementation from pinned public-surface overlay
c:objc(cs)MPSImageDescriptor(py)cpuCacheMode	implemented	full/metalperformanceshaders/MPSImage.swift	Linux host implementation from pinned public-surface overlay
c:objc(cs)MPSImageDescriptor(py)featureChannels	implemented	full/metalperformanceshaders/MPSImage.swift	Linux host implementation from pinned public-surface overlay
c:objc(cs)MPSImageDescriptor(py)height	implemented	full/metalperformanceshaders/MPSImage.swift	Linux host implementation from pinned public-surface overlay
c:objc(cs)MPSImageDescriptor(py)numberOfImages	implemented	full/metalperformanceshaders/MPSImage.swift	Linux host implementation from pinned public-surface overlay
c:objc(cs)MPSImageDescriptor(py)pixelFormat	implemented	full/metalperformanceshaders/MPSImage.swift	Linux host implementation from pinned public-surface overlay
c:objc(cs)MPSImageDescriptor(py)storageMode	implemented	full/metalperformanceshaders/MPSImage.swift	Linux host implementation from pinned public-surface overlay
c:objc(cs)MPSImageDescriptor(py)usage	implemented	full/metalperformanceshaders/MPSImage.swift	Linux host implementation from pinned public-surface overlay
c:objc(cs)MPSImageDescriptor(py)width	implemented	full/metalperformanceshaders/MPSImage.swift	Linux host implementation from pinned public-surface overlay
c:objc(cs)MPSImageDilate	deferred		CNN/ray/NDArray/GPU encode not in this Linux starting partition; no Metal command encoder
c:objc(cs)MPSImageDilate(im)initWithCoder:device:	deferred		CNN/ray/NDArray/GPU encode not in this Linux starting partition; no Metal command encoder
c:objc(cs)MPSImageDilate(im)initWithDevice:kernelWidth:kernelHeight:values:	deferred		CNN/ray/NDArray/GPU encode not in this Linux starting partition; no Metal command encoder
c:objc(cs)MPSImageDilate(py)kernelHeight	deferred		CNN/ray/NDArray/GPU encode not in this Linux starting partition; no Metal command encoder
c:objc(cs)MPSImageDilate(py)kernelWidth	deferred		CNN/ray/NDArray/GPU encode not in this Linux starting partition; no Metal command encoder
c:objc(cs)MPSImageDivide	deferred		CNN/ray/NDArray/GPU encode not in this Linux starting partition; no Metal command encoder
c:objc(cs)MPSImageDivide(im)initWithDevice:	deferred		CNN/ray/NDArray/GPU encode not in this Linux starting partition; no Metal command encoder
c:objc(cs)MPSImageEDLines	deferred		CNN/ray/NDArray/GPU encode not in this Linux starting partition; no Metal command encoder
c:objc(cs)MPSImageEDLines(im)encodeToCommandBuffer:sourceTexture:destinationTexture:endpointBuffer:endpointOffset:	deferred		CNN/ray/NDArray/GPU encode not in this Linux starting partition; no Metal command encoder
c:objc(cs)MPSImageEDLines(im)initWithCoder:device:	deferred		CNN/ray/NDArray/GPU encode not in this Linux starting partition; no Metal command encoder
c:objc(cs)MPSImageEDLines(im)initWithDevice:gaussianSigma:minLineLength:maxLines:detailRatio:gradientThreshold:lineErrorThreshold:mergeLocalityThreshold:	deferred		CNN/ray/NDArray/GPU encode not in this Linux starting partition; no Metal command encoder
c:objc(cs)MPSImageEDLines(py)clipRectSource	deferred		CNN/ray/NDArray/GPU encode not in this Linux starting partition; no Metal command encoder
c:objc(cs)MPSImageEDLines(py)detailRatio	deferred		CNN/ray/NDArray/GPU encode not in this Linux starting partition; no Metal command encoder
c:objc(cs)MPSImageEDLines(py)gaussianSigma	deferred		CNN/ray/NDArray/GPU encode not in this Linux starting partition; no Metal command encoder
c:objc(cs)MPSImageEDLines(py)gradientThreshold	deferred		CNN/ray/NDArray/GPU encode not in this Linux starting partition; no Metal command encoder
c:objc(cs)MPSImageEDLines(py)lineErrorThreshold	deferred		CNN/ray/NDArray/GPU encode not in this Linux starting partition; no Metal command encoder
c:objc(cs)MPSImageEDLines(py)maxLines	deferred		CNN/ray/NDArray/GPU encode not in this Linux starting partition; no Metal command encoder
c:objc(cs)MPSImageEDLines(py)mergeLocalityThreshold	deferred		CNN/ray/NDArray/GPU encode not in this Linux starting partition; no Metal command encoder
c:objc(cs)MPSImageEDLines(py)minLineLength	deferred		CNN/ray/NDArray/GPU encode not in this Linux starting partition; no Metal command encoder
c:objc(cs)MPSImageErode	deferred		CNN/ray/NDArray/GPU encode not in this Linux starting partition; no Metal command encoder
c:objc(cs)MPSImageEuclideanDistanceTransform	deferred		CNN/ray/NDArray/GPU encode not in this Linux starting partition; no Metal command encoder
c:objc(cs)MPSImageEuclideanDistanceTransform(im)initWithCoder:device:	deferred		CNN/ray/NDArray/GPU encode not in this Linux starting partition; no Metal command encoder
c:objc(cs)MPSImageEuclideanDistanceTransform(im)initWithDevice:	deferred		CNN/ray/NDArray/GPU encode not in this Linux starting partition; no Metal command encoder
c:objc(cs)MPSImageEuclideanDistanceTransform(py)searchLimitRadius	deferred		CNN/ray/NDArray/GPU encode not in this Linux starting partition; no Metal command encoder
c:objc(cs)MPSImageFindKeypoints	deferred		CNN/ray/NDArray/GPU encode not in this Linux starting partition; no Metal command encoder
c:objc(cs)MPSImageFindKeypoints(im)encodeToCommandBuffer:sourceTexture:regions:numberOfRegions:keypointCountBuffer:keypointCountBufferOffset:keypointDataBuffer:keypointDataBufferOffset:	deferred		CNN/ray/NDArray/GPU encode not in this Linux starting partition; no Metal command encoder
c:objc(cs)MPSImageFindKeypoints(im)initWithCoder:device:	deferred		CNN/ray/NDArray/GPU encode not in this Linux starting partition; no Metal command encoder
c:objc(cs)MPSImageFindKeypoints(im)initWithDevice:info:	deferred		CNN/ray/NDArray/GPU encode not in this Linux starting partition; no Metal command encoder
c:objc(cs)MPSImageFindKeypoints(py)keypointRangeInfo	deferred		CNN/ray/NDArray/GPU encode not in this Linux starting partition; no Metal command encoder
c:objc(cs)MPSImageGaussianBlur	implemented	full/metalperformanceshaders/MPSImageFilters.swift	Linux host implementation from pinned public-surface overlay
c:objc(cs)MPSImageGaussianBlur(im)initWithCoder:device:	implemented	full/metalperformanceshaders/MPSImageFilters.swift	Linux host implementation from pinned public-surface overlay
c:objc(cs)MPSImageGaussianBlur(im)initWithDevice:sigma:	implemented	full/metalperformanceshaders/MPSImageFilters.swift	Linux host implementation from pinned public-surface overlay
c:objc(cs)MPSImageGaussianBlur(py)sigma	implemented	full/metalperformanceshaders/MPSImageFilters.swift	Linux host implementation from pinned public-surface overlay
c:objc(cs)MPSImageGaussianPyramid	deferred		CNN/ray/NDArray/GPU encode not in this Linux starting partition; no Metal command encoder
c:objc(cs)MPSImageGuidedFilter	deferred		CNN/ray/NDArray/GPU encode not in this Linux starting partition; no Metal command encoder
c:objc(cs)MPSImageGuidedFilter(im)encodeReconstructionToCommandBuffer:guidanceTexture:coefficientsTexture:destinationTexture:	deferred		CNN/ray/NDArray/GPU encode not in this Linux starting partition; no Metal command encoder
c:objc(cs)MPSImageGuidedFilter(im)encodeReconstructionToCommandBuffer:guidanceTexture:coefficientsTextureA:coefficientsTextureB:destinationTexture:	deferred		CNN/ray/NDArray/GPU encode not in this Linux starting partition; no Metal command encoder
c:objc(cs)MPSImageGuidedFilter(im)encodeRegressionToCommandBuffer:sourceTexture:guidanceTexture:weightsTexture:destinationCoefficientsTexture:	deferred		CNN/ray/NDArray/GPU encode not in this Linux starting partition; no Metal command encoder
c:objc(cs)MPSImageGuidedFilter(im)encodeRegressionToCommandBuffer:sourceTexture:guidanceTexture:weightsTexture:destinationCoefficientsTextureA:destinationCoefficientsTextureB:	deferred		CNN/ray/NDArray/GPU encode not in this Linux starting partition; no Metal command encoder
c:objc(cs)MPSImageGuidedFilter(im)initWithCoder:device:	deferred		CNN/ray/NDArray/GPU encode not in this Linux starting partition; no Metal command encoder
c:objc(cs)MPSImageGuidedFilter(im)initWithDevice:kernelDiameter:	deferred		CNN/ray/NDArray/GPU encode not in this Linux starting partition; no Metal command encoder
c:objc(cs)MPSImageGuidedFilter(py)epsilon	deferred		CNN/ray/NDArray/GPU encode not in this Linux starting partition; no Metal command encoder
c:objc(cs)MPSImageGuidedFilter(py)kernelDiameter	deferred		CNN/ray/NDArray/GPU encode not in this Linux starting partition; no Metal command encoder
c:objc(cs)MPSImageGuidedFilter(py)reconstructOffset	deferred		CNN/ray/NDArray/GPU encode not in this Linux starting partition; no Metal command encoder
c:objc(cs)MPSImageGuidedFilter(py)reconstructScale	deferred		CNN/ray/NDArray/GPU encode not in this Linux starting partition; no Metal command encoder
c:objc(cs)MPSImageHistogram	implemented	full/metalperformanceshaders/MPSImageFilters.swift	Linux host implementation from pinned public-surface overlay
c:objc(cs)MPSImageHistogram(im)encodeToCommandBuffer:sourceTexture:histogram:histogramOffset:	implemented	full/metalperformanceshaders/MPSImageFilters.swift	Linux host implementation from pinned public-surface overlay
c:objc(cs)MPSImageHistogram(im)histogramSizeForSourceFormat:	implemented	full/metalperformanceshaders/MPSImageFilters.swift	Linux host implementation from pinned public-surface overlay
c:objc(cs)MPSImageHistogram(im)initWithCoder:device:	implemented	full/metalperformanceshaders/MPSImageFilters.swift	Linux host implementation from pinned public-surface overlay
c:objc(cs)MPSImageHistogram(im)initWithDevice:histogramInfo:	implemented	full/metalperformanceshaders/MPSImageFilters.swift	Linux host implementation from pinned public-surface overlay
c:objc(cs)MPSImageHistogram(py)clipRectSource	implemented	full/metalperformanceshaders/MPSImageFilters.swift	Linux host implementation from pinned public-surface overlay
c:objc(cs)MPSImageHistogram(py)histogramInfo	implemented	full/metalperformanceshaders/MPSImageFilters.swift	Linux host implementation from pinned public-surface overlay
c:objc(cs)MPSImageHistogram(py)minPixelThresholdValue	implemented	full/metalperformanceshaders/MPSImageFilters.swift	Linux host implementation from pinned public-surface overlay
c:objc(cs)MPSImageHistogram(py)zeroHistogram	implemented	full/metalperformanceshaders/MPSImageFilters.swift	Linux host implementation from pinned public-surface overlay
c:objc(cs)MPSImageHistogramEqualization	implemented	full/metalperformanceshaders/MPSImageFilters.swift	Linux host implementation from pinned public-surface overlay
c:objc(cs)MPSImageHistogramEqualization(im)encodeTransformToCommandBuffer:sourceTexture:histogram:histogramOffset:	implemented	full/metalperformanceshaders/MPSImageFilters.swift	Linux host implementation from pinned public-surface overlay
c:objc(cs)MPSImageHistogramEqualization(im)initWithCoder:device:	implemented	full/metalperformanceshaders/MPSImageFilters.swift	Linux host implementation from pinned public-surface overlay
c:objc(cs)MPSImageHistogramEqualization(im)initWithDevice:histogramInfo:	implemented	full/metalperformanceshaders/MPSImageFilters.swift	Linux host implementation from pinned public-surface overlay
c:objc(cs)MPSImageHistogramEqualization(py)histogramInfo	implemented	full/metalperformanceshaders/MPSImageFilters.swift	Linux host implementation from pinned public-surface overlay
c:objc(cs)MPSImageHistogramSpecification	implemented	full/metalperformanceshaders/MPSImageFilters.swift	Linux host implementation from pinned public-surface overlay
c:objc(cs)MPSImageHistogramSpecification(im)encodeTransformToCommandBuffer:sourceTexture:sourceHistogram:sourceHistogramOffset:desiredHistogram:desiredHistogramOffset:	implemented	full/metalperformanceshaders/MPSImageFilters.swift	Linux host implementation from pinned public-surface overlay
c:objc(cs)MPSImageHistogramSpecification(im)initWithCoder:device:	implemented	full/metalperformanceshaders/MPSImageFilters.swift	Linux host implementation from pinned public-surface overlay
c:objc(cs)MPSImageHistogramSpecification(im)initWithDevice:histogramInfo:	implemented	full/metalperformanceshaders/MPSImageFilters.swift	Linux host implementation from pinned public-surface overlay
c:objc(cs)MPSImageHistogramSpecification(py)histogramInfo	implemented	full/metalperformanceshaders/MPSImageFilters.swift	Linux host implementation from pinned public-surface overlay
c:objc(cs)MPSImageIntegral	deferred		CNN/ray/NDArray/GPU encode not in this Linux starting partition; no Metal command encoder
c:objc(cs)MPSImageIntegralOfSquares	deferred		CNN/ray/NDArray/GPU encode not in this Linux starting partition; no Metal command encoder
c:objc(cs)MPSImageLanczosScale	implemented	full/metalperformanceshaders/MPSImageFilters.swift	Linux host implementation from pinned public-surface overlay
c:objc(cs)MPSImageLanczosScale(im)initWithCoder:device:	implemented	full/metalperformanceshaders/MPSImageFilters.swift	Linux host implementation from pinned public-surface overlay
c:objc(cs)MPSImageLanczosScale(im)initWithDevice:	implemented	full/metalperformanceshaders/MPSImageFilters.swift	Linux host implementation from pinned public-surface overlay
c:objc(cs)MPSImageLaplacian	deferred		CNN/ray/NDArray/GPU encode not in this Linux starting partition; no Metal command encoder
c:objc(cs)MPSImageLaplacian(py)bias	deferred		CNN/ray/NDArray/GPU encode not in this Linux starting partition; no Metal command encoder
c:objc(cs)MPSImageLaplacianPyramid	deferred		CNN/ray/NDArray/GPU encode not in this Linux starting partition; no Metal command encoder
c:objc(cs)MPSImageLaplacianPyramid(py)laplacianBias	deferred		CNN/ray/NDArray/GPU encode not in this Linux starting partition; no Metal command encoder
c:objc(cs)MPSImageLaplacianPyramid(py)laplacianScale	deferred		CNN/ray/NDArray/GPU encode not in this Linux starting partition; no Metal command encoder
c:objc(cs)MPSImageLaplacianPyramidAdd	deferred		CNN/ray/NDArray/GPU encode not in this Linux starting partition; no Metal command encoder
c:objc(cs)MPSImageLaplacianPyramidSubtract	deferred		CNN/ray/NDArray/GPU encode not in this Linux starting partition; no Metal command encoder
c:objc(cs)MPSImageMedian	deferred		CNN/ray/NDArray/GPU encode not in this Linux starting partition; no Metal command encoder
c:objc(cs)MPSImageMedian(cm)maxKernelDiameter	deferred		CNN/ray/NDArray/GPU encode not in this Linux starting partition; no Metal command encoder
c:objc(cs)MPSImageMedian(cm)minKernelDiameter	deferred		CNN/ray/NDArray/GPU encode not in this Linux starting partition; no Metal command encoder
c:objc(cs)MPSImageMedian(im)initWithCoder:device:	deferred		CNN/ray/NDArray/GPU encode not in this Linux starting partition; no Metal command encoder
c:objc(cs)MPSImageMedian(im)initWithDevice:kernelDiameter:	deferred		CNN/ray/NDArray/GPU encode not in this Linux starting partition; no Metal command encoder
c:objc(cs)MPSImageMedian(py)kernelDiameter	deferred		CNN/ray/NDArray/GPU encode not in this Linux starting partition; no Metal command encoder
c:objc(cs)MPSImageMultiply	deferred		CNN/ray/NDArray/GPU encode not in this Linux starting partition; no Metal command encoder
c:objc(cs)MPSImageMultiply(im)initWithDevice:	deferred		CNN/ray/NDArray/GPU encode not in this Linux starting partition; no Metal command encoder
c:objc(cs)MPSImageNormalizedHistogram	deferred		CNN/ray/NDArray/GPU encode not in this Linux starting partition; no Metal command encoder
c:objc(cs)MPSImageNormalizedHistogram(im)encodeToCommandBuffer:sourceTexture:minmaxTexture:histogram:histogramOffset:	deferred		CNN/ray/NDArray/GPU encode not in this Linux starting partition; no Metal command encoder
c:objc(cs)MPSImageNormalizedHistogram(im)histogramSizeForSourceFormat:	deferred		CNN/ray/NDArray/GPU encode not in this Linux starting partition; no Metal command encoder
c:objc(cs)MPSImageNormalizedHistogram(im)initWithCoder:device:	deferred		CNN/ray/NDArray/GPU encode not in this Linux starting partition; no Metal command encoder
c:objc(cs)MPSImageNormalizedHistogram(im)initWithDevice:histogramInfo:	deferred		CNN/ray/NDArray/GPU encode not in this Linux starting partition; no Metal command encoder
c:objc(cs)MPSImageNormalizedHistogram(py)clipRectSource	deferred		CNN/ray/NDArray/GPU encode not in this Linux starting partition; no Metal command encoder
c:objc(cs)MPSImageNormalizedHistogram(py)histogramInfo	deferred		CNN/ray/NDArray/GPU encode not in this Linux starting partition; no Metal command encoder
c:objc(cs)MPSImageNormalizedHistogram(py)zeroHistogram	deferred		CNN/ray/NDArray/GPU encode not in this Linux starting partition; no Metal command encoder
c:objc(cs)MPSImagePyramid	deferred		CNN/ray/NDArray/GPU encode not in this Linux starting partition; no Metal command encoder
c:objc(cs)MPSImagePyramid(im)initWithCoder:device:	deferred		CNN/ray/NDArray/GPU encode not in this Linux starting partition; no Metal command encoder
c:objc(cs)MPSImagePyramid(im)initWithDevice:	deferred		CNN/ray/NDArray/GPU encode not in this Linux starting partition; no Metal command encoder
c:objc(cs)MPSImagePyramid(im)initWithDevice:centerWeight:	deferred		CNN/ray/NDArray/GPU encode not in this Linux starting partition; no Metal command encoder
c:objc(cs)MPSImagePyramid(im)initWithDevice:kernelWidth:kernelHeight:weights:	deferred		CNN/ray/NDArray/GPU encode not in this Linux starting partition; no Metal command encoder
c:objc(cs)MPSImagePyramid(py)kernelHeight	deferred		CNN/ray/NDArray/GPU encode not in this Linux starting partition; no Metal command encoder
c:objc(cs)MPSImagePyramid(py)kernelWidth	deferred		CNN/ray/NDArray/GPU encode not in this Linux starting partition; no Metal command encoder
c:objc(cs)MPSImageReduceColumnMax	deferred		CNN/ray/NDArray/GPU encode not in this Linux starting partition; no Metal command encoder
c:objc(cs)MPSImageReduceColumnMax(im)initWithDevice:	deferred		CNN/ray/NDArray/GPU encode not in this Linux starting partition; no Metal command encoder
c:objc(cs)MPSImageReduceColumnMean	deferred		CNN/ray/NDArray/GPU encode not in this Linux starting partition; no Metal command encoder
c:objc(cs)MPSImageReduceColumnMean(im)initWithDevice:	deferred		CNN/ray/NDArray/GPU encode not in this Linux starting partition; no Metal command encoder
c:objc(cs)MPSImageReduceColumnMin	deferred		CNN/ray/NDArray/GPU encode not in this Linux starting partition; no Metal command encoder
c:objc(cs)MPSImageReduceColumnMin(im)initWithDevice:	deferred		CNN/ray/NDArray/GPU encode not in this Linux starting partition; no Metal command encoder
c:objc(cs)MPSImageReduceColumnSum	deferred		CNN/ray/NDArray/GPU encode not in this Linux starting partition; no Metal command encoder
c:objc(cs)MPSImageReduceColumnSum(im)initWithDevice:	deferred		CNN/ray/NDArray/GPU encode not in this Linux starting partition; no Metal command encoder
c:objc(cs)MPSImageReduceRowMax	deferred		CNN/ray/NDArray/GPU encode not in this Linux starting partition; no Metal command encoder
c:objc(cs)MPSImageReduceRowMax(im)initWithDevice:	deferred		CNN/ray/NDArray/GPU encode not in this Linux starting partition; no Metal command encoder
c:objc(cs)MPSImageReduceRowMean	deferred		CNN/ray/NDArray/GPU encode not in this Linux starting partition; no Metal command encoder
c:objc(cs)MPSImageReduceRowMean(im)initWithDevice:	deferred		CNN/ray/NDArray/GPU encode not in this Linux starting partition; no Metal command encoder
c:objc(cs)MPSImageReduceRowMin	deferred		CNN/ray/NDArray/GPU encode not in this Linux starting partition; no Metal command encoder
c:objc(cs)MPSImageReduceRowMin(im)initWithDevice:	deferred		CNN/ray/NDArray/GPU encode not in this Linux starting partition; no Metal command encoder
c:objc(cs)MPSImageReduceRowSum	deferred		CNN/ray/NDArray/GPU encode not in this Linux starting partition; no Metal command encoder
c:objc(cs)MPSImageReduceRowSum(im)initWithDevice:	deferred		CNN/ray/NDArray/GPU encode not in this Linux starting partition; no Metal command encoder
c:objc(cs)MPSImageReduceUnary	deferred		CNN/ray/NDArray/GPU encode not in this Linux starting partition; no Metal command encoder
c:objc(cs)MPSImageReduceUnary(py)clipRectSource	deferred		CNN/ray/NDArray/GPU encode not in this Linux starting partition; no Metal command encoder
c:objc(cs)MPSImageScale	implemented	full/metalperformanceshaders/MPSImageFilters.swift	Linux host implementation from pinned public-surface overlay
c:objc(cs)MPSImageScale(im)initWithCoder:device:	implemented	full/metalperformanceshaders/MPSImageFilters.swift	Linux host implementation from pinned public-surface overlay
c:objc(cs)MPSImageScale(im)initWithDevice:	implemented	full/metalperformanceshaders/MPSImageFilters.swift	Linux host implementation from pinned public-surface overlay
c:objc(cs)MPSImageScale(py)scaleTransform	implemented	full/metalperformanceshaders/MPSImageFilters.swift	Linux host implementation from pinned public-surface overlay
c:objc(cs)MPSImageSobel	implemented	full/metalperformanceshaders/MPSImageFilters.swift	Linux host implementation from pinned public-surface overlay
c:objc(cs)MPSImageSobel(im)initWithCoder:device:	implemented	full/metalperformanceshaders/MPSImageFilters.swift	Linux host implementation from pinned public-surface overlay
c:objc(cs)MPSImageSobel(im)initWithDevice:	implemented	full/metalperformanceshaders/MPSImageFilters.swift	Linux host implementation from pinned public-surface overlay
c:objc(cs)MPSImageSobel(im)initWithDevice:linearGrayColorTransform:	implemented	full/metalperformanceshaders/MPSImageFilters.swift	Linux host implementation from pinned public-surface overlay
c:objc(cs)MPSImageSobel(py)colorTransform	implemented	full/metalperformanceshaders/MPSImageFilters.swift	Linux host implementation from pinned public-surface overlay
c:objc(cs)MPSImageStatisticsMean	deferred		CNN/ray/NDArray/GPU encode not in this Linux starting partition; no Metal command encoder
c:objc(cs)MPSImageStatisticsMean(im)initWithCoder:device:	deferred		CNN/ray/NDArray/GPU encode not in this Linux starting partition; no Metal command encoder
c:objc(cs)MPSImageStatisticsMean(im)initWithDevice:	deferred		CNN/ray/NDArray/GPU encode not in this Linux starting partition; no Metal command encoder
c:objc(cs)MPSImageStatisticsMean(py)clipRectSource	deferred		CNN/ray/NDArray/GPU encode not in this Linux starting partition; no Metal command encoder
c:objc(cs)MPSImageStatisticsMeanAndVariance	deferred		CNN/ray/NDArray/GPU encode not in this Linux starting partition; no Metal command encoder
c:objc(cs)MPSImageStatisticsMeanAndVariance(im)initWithCoder:device:	deferred		CNN/ray/NDArray/GPU encode not in this Linux starting partition; no Metal command encoder
c:objc(cs)MPSImageStatisticsMeanAndVariance(im)initWithDevice:	deferred		CNN/ray/NDArray/GPU encode not in this Linux starting partition; no Metal command encoder
c:objc(cs)MPSImageStatisticsMeanAndVariance(py)clipRectSource	deferred		CNN/ray/NDArray/GPU encode not in this Linux starting partition; no Metal command encoder
c:objc(cs)MPSImageStatisticsMinAndMax	deferred		CNN/ray/NDArray/GPU encode not in this Linux starting partition; no Metal command encoder
c:objc(cs)MPSImageStatisticsMinAndMax(im)initWithCoder:device:	deferred		CNN/ray/NDArray/GPU encode not in this Linux starting partition; no Metal command encoder
c:objc(cs)MPSImageStatisticsMinAndMax(im)initWithDevice:	deferred		CNN/ray/NDArray/GPU encode not in this Linux starting partition; no Metal command encoder
c:objc(cs)MPSImageStatisticsMinAndMax(py)clipRectSource	deferred		CNN/ray/NDArray/GPU encode not in this Linux starting partition; no Metal command encoder
c:objc(cs)MPSImageSubtract	deferred		CNN/ray/NDArray/GPU encode not in this Linux starting partition; no Metal command encoder
c:objc(cs)MPSImageSubtract(im)initWithDevice:	deferred		CNN/ray/NDArray/GPU encode not in this Linux starting partition; no Metal command encoder
c:objc(cs)MPSImageTent	implemented	full/metalperformanceshaders/MPSImageFilters.swift	Linux host implementation from pinned public-surface overlay
c:objc(cs)MPSImageThresholdBinary	implemented	full/metalperformanceshaders/MPSImageFilters.swift	Linux host implementation from pinned public-surface overlay
c:objc(cs)MPSImageThresholdBinary(im)initWithCoder:device:	implemented	full/metalperformanceshaders/MPSImageFilters.swift	Linux host implementation from pinned public-surface overlay
c:objc(cs)MPSImageThresholdBinary(im)initWithDevice:thresholdValue:maximumValue:linearGrayColorTransform:	implemented	full/metalperformanceshaders/MPSImageFilters.swift	Linux host implementation from pinned public-surface overlay
c:objc(cs)MPSImageThresholdBinary(py)maximumValue	implemented	full/metalperformanceshaders/MPSImageFilters.swift	Linux host implementation from pinned public-surface overlay
c:objc(cs)MPSImageThresholdBinary(py)thresholdValue	implemented	full/metalperformanceshaders/MPSImageFilters.swift	Linux host implementation from pinned public-surface overlay
c:objc(cs)MPSImageThresholdBinary(py)transform	implemented	full/metalperformanceshaders/MPSImageFilters.swift	Linux host implementation from pinned public-surface overlay
c:objc(cs)MPSImageThresholdBinaryInverse	implemented	full/metalperformanceshaders/MPSImageFilters.swift	Linux host implementation from pinned public-surface overlay
c:objc(cs)MPSImageThresholdBinaryInverse(im)initWithCoder:device:	implemented	full/metalperformanceshaders/MPSImageFilters.swift	Linux host implementation from pinned public-surface overlay
c:objc(cs)MPSImageThresholdBinaryInverse(im)initWithDevice:thresholdValue:maximumValue:linearGrayColorTransform:	implemented	full/metalperformanceshaders/MPSImageFilters.swift	Linux host implementation from pinned public-surface overlay
c:objc(cs)MPSImageThresholdBinaryInverse(py)maximumValue	implemented	full/metalperformanceshaders/MPSImageFilters.swift	Linux host implementation from pinned public-surface overlay
c:objc(cs)MPSImageThresholdBinaryInverse(py)thresholdValue	implemented	full/metalperformanceshaders/MPSImageFilters.swift	Linux host implementation from pinned public-surface overlay
c:objc(cs)MPSImageThresholdBinaryInverse(py)transform	implemented	full/metalperformanceshaders/MPSImageFilters.swift	Linux host implementation from pinned public-surface overlay
c:objc(cs)MPSImageThresholdToZero	implemented	full/metalperformanceshaders/MPSImageFilters.swift	Linux host implementation from pinned public-surface overlay
c:objc(cs)MPSImageThresholdToZero(im)initWithCoder:device:	implemented	full/metalperformanceshaders/MPSImageFilters.swift	Linux host implementation from pinned public-surface overlay
c:objc(cs)MPSImageThresholdToZero(im)initWithDevice:thresholdValue:linearGrayColorTransform:	implemented	full/metalperformanceshaders/MPSImageFilters.swift	Linux host implementation from pinned public-surface overlay
c:objc(cs)MPSImageThresholdToZero(py)thresholdValue	implemented	full/metalperformanceshaders/MPSImageFilters.swift	Linux host implementation from pinned public-surface overlay
c:objc(cs)MPSImageThresholdToZero(py)transform	implemented	full/metalperformanceshaders/MPSImageFilters.swift	Linux host implementation from pinned public-surface overlay
c:objc(cs)MPSImageThresholdToZeroInverse	deferred		CNN/ray/NDArray/GPU encode not in this Linux starting partition; no Metal command encoder
c:objc(cs)MPSImageThresholdToZeroInverse(im)initWithCoder:device:	deferred		CNN/ray/NDArray/GPU encode not in this Linux starting partition; no Metal command encoder
c:objc(cs)MPSImageThresholdToZeroInverse(im)initWithDevice:thresholdValue:linearGrayColorTransform:	deferred		CNN/ray/NDArray/GPU encode not in this Linux starting partition; no Metal command encoder
c:objc(cs)MPSImageThresholdToZeroInverse(py)thresholdValue	deferred		CNN/ray/NDArray/GPU encode not in this Linux starting partition; no Metal command encoder
c:objc(cs)MPSImageThresholdToZeroInverse(py)transform	deferred		CNN/ray/NDArray/GPU encode not in this Linux starting partition; no Metal command encoder
c:objc(cs)MPSImageThresholdTruncate	implemented	full/metalperformanceshaders/MPSImageFilters.swift	Linux host implementation from pinned public-surface overlay
c:objc(cs)MPSImageThresholdTruncate(im)initWithCoder:device:	implemented	full/metalperformanceshaders/MPSImageFilters.swift	Linux host implementation from pinned public-surface overlay
c:objc(cs)MPSImageThresholdTruncate(im)initWithDevice:thresholdValue:linearGrayColorTransform:	implemented	full/metalperformanceshaders/MPSImageFilters.swift	Linux host implementation from pinned public-surface overlay
c:objc(cs)MPSImageThresholdTruncate(py)thresholdValue	implemented	full/metalperformanceshaders/MPSImageFilters.swift	Linux host implementation from pinned public-surface overlay
c:objc(cs)MPSImageThresholdTruncate(py)transform	implemented	full/metalperformanceshaders/MPSImageFilters.swift	Linux host implementation from pinned public-surface overlay
c:objc(cs)MPSImageTranspose	deferred		CNN/ray/NDArray/GPU encode not in this Linux starting partition; no Metal command encoder
c:objc(cs)MPSInstanceAccelerationStructure	deferred		CNN/ray/NDArray/GPU encode not in this Linux starting partition; no Metal command encoder
c:objc(cs)MPSInstanceAccelerationStructure(py)accelerationStructures	deferred		CNN/ray/NDArray/GPU encode not in this Linux starting partition; no Metal command encoder
c:objc(cs)MPSInstanceAccelerationStructure(py)instanceBuffer	deferred		CNN/ray/NDArray/GPU encode not in this Linux starting partition; no Metal command encoder
c:objc(cs)MPSInstanceAccelerationStructure(py)instanceBufferOffset	deferred		CNN/ray/NDArray/GPU encode not in this Linux starting partition; no Metal command encoder
c:objc(cs)MPSInstanceAccelerationStructure(py)instanceCount	deferred		CNN/ray/NDArray/GPU encode not in this Linux starting partition; no Metal command encoder
c:objc(cs)MPSInstanceAccelerationStructure(py)maskBuffer	deferred		CNN/ray/NDArray/GPU encode not in this Linux starting partition; no Metal command encoder
c:objc(cs)MPSInstanceAccelerationStructure(py)maskBufferOffset	deferred		CNN/ray/NDArray/GPU encode not in this Linux starting partition; no Metal command encoder
c:objc(cs)MPSInstanceAccelerationStructure(py)transformBuffer	deferred		CNN/ray/NDArray/GPU encode not in this Linux starting partition; no Metal command encoder
c:objc(cs)MPSInstanceAccelerationStructure(py)transformBufferOffset	deferred		CNN/ray/NDArray/GPU encode not in this Linux starting partition; no Metal command encoder
c:objc(cs)MPSInstanceAccelerationStructure(py)transformType	deferred		CNN/ray/NDArray/GPU encode not in this Linux starting partition; no Metal command encoder
c:objc(cs)MPSKernel	implemented	full/metalperformanceshaders/MPSKernel.swift	Linux host implementation from pinned public-surface overlay
c:objc(cs)MPSKernel(im)copyWithZone:device:	implemented	full/metalperformanceshaders/MPSKernel.swift	Linux host implementation from pinned public-surface overlay
c:objc(cs)MPSKernel(im)initWithCoder:	implemented	full/metalperformanceshaders/MPSKernel.swift	Linux host implementation from pinned public-surface overlay
c:objc(cs)MPSKernel(im)initWithCoder:device:	implemented	full/metalperformanceshaders/MPSKernel.swift	Linux host implementation from pinned public-surface overlay
c:objc(cs)MPSKernel(im)initWithDevice:	implemented	full/metalperformanceshaders/MPSKernel.swift	Linux host implementation from pinned public-surface overlay
c:objc(cs)MPSKernel(py)device	implemented	full/metalperformanceshaders/MPSKernel.swift	Linux host implementation from pinned public-surface overlay
c:objc(cs)MPSKernel(py)label	implemented	full/metalperformanceshaders/MPSKernel.swift	Linux host implementation from pinned public-surface overlay
c:objc(cs)MPSKernel(py)options	implemented	full/metalperformanceshaders/MPSKernel.swift	Linux host implementation from pinned public-surface overlay
c:objc(cs)MPSKeyedUnarchiver	deferred		CNN/ray/NDArray/GPU encode not in this Linux starting partition; no Metal command encoder
c:objc(cs)MPSKeyedUnarchiver(cm)unarchiveObjectWithData:device:	deferred		CNN/ray/NDArray/GPU encode not in this Linux starting partition; no Metal command encoder
c:objc(cs)MPSKeyedUnarchiver(cm)unarchiveObjectWithFile:device:	deferred		CNN/ray/NDArray/GPU encode not in this Linux starting partition; no Metal command encoder
c:objc(cs)MPSKeyedUnarchiver(cm)unarchiveTopLevelObjectWithData:device:error:	deferred		CNN/ray/NDArray/GPU encode not in this Linux starting partition; no Metal command encoder
c:objc(cs)MPSKeyedUnarchiver(cm)unarchivedObjectOfClass:fromData:device:error:	deferred		CNN/ray/NDArray/GPU encode not in this Linux starting partition; no Metal command encoder
c:objc(cs)MPSKeyedUnarchiver(cm)unarchivedObjectOfClasses:fromData:device:error:	deferred		CNN/ray/NDArray/GPU encode not in this Linux starting partition; no Metal command encoder
c:objc(cs)MPSKeyedUnarchiver(im)initForReadingFromData:device:error:	deferred		CNN/ray/NDArray/GPU encode not in this Linux starting partition; no Metal command encoder
c:objc(cs)MPSKeyedUnarchiver(im)initForReadingFromData:device:error:::SYNTHESIZED::c:objc(cs)MPSKeyedUnarchiver	deferred		CNN/ray/NDArray/GPU encode not in this Linux starting partition; no Metal command encoder
c:objc(cs)MPSKeyedUnarchiver(im)initForReadingWithData:device:	deferred		CNN/ray/NDArray/GPU encode not in this Linux starting partition; no Metal command encoder
c:objc(cs)MPSKeyedUnarchiver(im)initForReadingWithData:device:::SYNTHESIZED::c:objc(cs)MPSKeyedUnarchiver	deferred		CNN/ray/NDArray/GPU encode not in this Linux starting partition; no Metal command encoder
c:objc(cs)MPSKeyedUnarchiver(im)initWithDevice:	deferred		CNN/ray/NDArray/GPU encode not in this Linux starting partition; no Metal command encoder
c:objc(cs)MPSKeyedUnarchiver(im)mpsMTLDevice	deferred		CNN/ray/NDArray/GPU encode not in this Linux starting partition; no Metal command encoder
c:objc(cs)MPSLSTMDescriptor	deferred		CNN/ray/NDArray/GPU encode not in this Linux starting partition; no Metal command encoder
c:objc(cs)MPSLSTMDescriptor(cm)createLSTMDescriptorWithInputFeatureChannels:outputFeatureChannels:	deferred		CNN/ray/NDArray/GPU encode not in this Linux starting partition; no Metal command encoder
c:objc(cs)MPSLSTMDescriptor(py)cellGateInputWeights	deferred		CNN/ray/NDArray/GPU encode not in this Linux starting partition; no Metal command encoder
c:objc(cs)MPSLSTMDescriptor(py)cellGateMemoryWeights	deferred		CNN/ray/NDArray/GPU encode not in this Linux starting partition; no Metal command encoder
c:objc(cs)MPSLSTMDescriptor(py)cellGateRecurrentWeights	deferred		CNN/ray/NDArray/GPU encode not in this Linux starting partition; no Metal command encoder
c:objc(cs)MPSLSTMDescriptor(py)cellToOutputNeuronParamA	deferred		CNN/ray/NDArray/GPU encode not in this Linux starting partition; no Metal command encoder
c:objc(cs)MPSLSTMDescriptor(py)cellToOutputNeuronParamB	deferred		CNN/ray/NDArray/GPU encode not in this Linux starting partition; no Metal command encoder
c:objc(cs)MPSLSTMDescriptor(py)cellToOutputNeuronParamC	deferred		CNN/ray/NDArray/GPU encode not in this Linux starting partition; no Metal command encoder
c:objc(cs)MPSLSTMDescriptor(py)cellToOutputNeuronType	deferred		CNN/ray/NDArray/GPU encode not in this Linux starting partition; no Metal command encoder
c:objc(cs)MPSLSTMDescriptor(py)forgetGateInputWeights	deferred		CNN/ray/NDArray/GPU encode not in this Linux starting partition; no Metal command encoder
c:objc(cs)MPSLSTMDescriptor(py)forgetGateMemoryWeights	deferred		CNN/ray/NDArray/GPU encode not in this Linux starting partition; no Metal command encoder
c:objc(cs)MPSLSTMDescriptor(py)forgetGateRecurrentWeights	deferred		CNN/ray/NDArray/GPU encode not in this Linux starting partition; no Metal command encoder
c:objc(cs)MPSLSTMDescriptor(py)inputGateInputWeights	deferred		CNN/ray/NDArray/GPU encode not in this Linux starting partition; no Metal command encoder
c:objc(cs)MPSLSTMDescriptor(py)inputGateMemoryWeights	deferred		CNN/ray/NDArray/GPU encode not in this Linux starting partition; no Metal command encoder
c:objc(cs)MPSLSTMDescriptor(py)inputGateRecurrentWeights	deferred		CNN/ray/NDArray/GPU encode not in this Linux starting partition; no Metal command encoder
c:objc(cs)MPSLSTMDescriptor(py)memoryWeightsAreDiagonal	deferred		CNN/ray/NDArray/GPU encode not in this Linux starting partition; no Metal command encoder
c:objc(cs)MPSLSTMDescriptor(py)outputGateInputWeights	deferred		CNN/ray/NDArray/GPU encode not in this Linux starting partition; no Metal command encoder
c:objc(cs)MPSLSTMDescriptor(py)outputGateMemoryWeights	deferred		CNN/ray/NDArray/GPU encode not in this Linux starting partition; no Metal command encoder
c:objc(cs)MPSLSTMDescriptor(py)outputGateRecurrentWeights	deferred		CNN/ray/NDArray/GPU encode not in this Linux starting partition; no Metal command encoder
c:objc(cs)MPSMatrix	implemented	full/metalperformanceshaders/MPSMatrix.swift	Linux host implementation from pinned public-surface overlay
c:objc(cs)MPSMatrix(im)initWithBuffer:descriptor:	implemented	full/metalperformanceshaders/MPSMatrix.swift	Linux host implementation from pinned public-surface overlay
c:objc(cs)MPSMatrix(im)initWithBuffer:offset:descriptor:	implemented	full/metalperformanceshaders/MPSMatrix.swift	Linux host implementation from pinned public-surface overlay
c:objc(cs)MPSMatrix(im)initWithDevice:descriptor:	implemented	full/metalperformanceshaders/MPSMatrix.swift	Linux host implementation from pinned public-surface overlay
c:objc(cs)MPSMatrix(im)resourceSize	implemented	full/metalperformanceshaders/MPSMatrix.swift	Linux host implementation from pinned public-surface overlay
c:objc(cs)MPSMatrix(im)synchronizeOnCommandBuffer:	implemented	full/metalperformanceshaders/MPSMatrix.swift	Linux host implementation from pinned public-surface overlay
c:objc(cs)MPSMatrix(py)columns	implemented	full/metalperformanceshaders/MPSMatrix.swift	Linux host implementation from pinned public-surface overlay
c:objc(cs)MPSMatrix(py)data	implemented	full/metalperformanceshaders/MPSMatrix.swift	Linux host implementation from pinned public-surface overlay
c:objc(cs)MPSMatrix(py)dataType	implemented	full/metalperformanceshaders/MPSMatrix.swift	Linux host implementation from pinned public-surface overlay
c:objc(cs)MPSMatrix(py)device	implemented	full/metalperformanceshaders/MPSMatrix.swift	Linux host implementation from pinned public-surface overlay
c:objc(cs)MPSMatrix(py)matrices	implemented	full/metalperformanceshaders/MPSMatrix.swift	Linux host implementation from pinned public-surface overlay
c:objc(cs)MPSMatrix(py)matrixBytes	implemented	full/metalperformanceshaders/MPSMatrix.swift	Linux host implementation from pinned public-surface overlay
c:objc(cs)MPSMatrix(py)offset	implemented	full/metalperformanceshaders/MPSMatrix.swift	Linux host implementation from pinned public-surface overlay
c:objc(cs)MPSMatrix(py)rowBytes	implemented	full/metalperformanceshaders/MPSMatrix.swift	Linux host implementation from pinned public-surface overlay
c:objc(cs)MPSMatrix(py)rows	implemented	full/metalperformanceshaders/MPSMatrix.swift	Linux host implementation from pinned public-surface overlay
c:objc(cs)MPSMatrixBatchNormalization	deferred		CNN/ray/NDArray/GPU encode not in this Linux starting partition; no Metal command encoder
c:objc(cs)MPSMatrixBatchNormalization(im)copyWithZone:device:	deferred		CNN/ray/NDArray/GPU encode not in this Linux starting partition; no Metal command encoder
c:objc(cs)MPSMatrixBatchNormalization(im)encodeToCommandBuffer:inputMatrix:meanVector:varianceVector:gammaVector:betaVector:resultMatrix:	deferred		CNN/ray/NDArray/GPU encode not in this Linux starting partition; no Metal command encoder
c:objc(cs)MPSMatrixBatchNormalization(im)initWithCoder:device:	deferred		CNN/ray/NDArray/GPU encode not in this Linux starting partition; no Metal command encoder
c:objc(cs)MPSMatrixBatchNormalization(im)initWithDevice:	deferred		CNN/ray/NDArray/GPU encode not in this Linux starting partition; no Metal command encoder
c:objc(cs)MPSMatrixBatchNormalization(im)neuronParameterA	deferred		CNN/ray/NDArray/GPU encode not in this Linux starting partition; no Metal command encoder
c:objc(cs)MPSMatrixBatchNormalization(im)neuronParameterB	deferred		CNN/ray/NDArray/GPU encode not in this Linux starting partition; no Metal command encoder
c:objc(cs)MPSMatrixBatchNormalization(im)neuronParameterC	deferred		CNN/ray/NDArray/GPU encode not in this Linux starting partition; no Metal command encoder
c:objc(cs)MPSMatrixBatchNormalization(im)neuronType	deferred		CNN/ray/NDArray/GPU encode not in this Linux starting partition; no Metal command encoder
c:objc(cs)MPSMatrixBatchNormalization(im)setNeuronType:parameterA:parameterB:parameterC:	deferred		CNN/ray/NDArray/GPU encode not in this Linux starting partition; no Metal command encoder
c:objc(cs)MPSMatrixBatchNormalization(py)computeStatistics	deferred		CNN/ray/NDArray/GPU encode not in this Linux starting partition; no Metal command encoder
c:objc(cs)MPSMatrixBatchNormalization(py)epsilon	deferred		CNN/ray/NDArray/GPU encode not in this Linux starting partition; no Metal command encoder
c:objc(cs)MPSMatrixBatchNormalization(py)sourceInputFeatureChannels	deferred		CNN/ray/NDArray/GPU encode not in this Linux starting partition; no Metal command encoder
c:objc(cs)MPSMatrixBatchNormalization(py)sourceNumberOfFeatureVectors	deferred		CNN/ray/NDArray/GPU encode not in this Linux starting partition; no Metal command encoder
c:objc(cs)MPSMatrixBatchNormalizationGradient	deferred		CNN/ray/NDArray/GPU encode not in this Linux starting partition; no Metal command encoder
c:objc(cs)MPSMatrixBatchNormalizationGradient(im)copyWithZone:device:	deferred		CNN/ray/NDArray/GPU encode not in this Linux starting partition; no Metal command encoder
c:objc(cs)MPSMatrixBatchNormalizationGradient(im)encodeToCommandBuffer:gradientMatrix:inputMatrix:meanVector:varianceVector:gammaVector:betaVector:resultGradientForDataMatrix:resultGradientForGammaVector:resultGradientForBetaVector:	deferred		CNN/ray/NDArray/GPU encode not in this Linux starting partition; no Metal command encoder
c:objc(cs)MPSMatrixBatchNormalizationGradient(im)initWithCoder:device:	deferred		CNN/ray/NDArray/GPU encode not in this Linux starting partition; no Metal command encoder
c:objc(cs)MPSMatrixBatchNormalizationGradient(im)initWithDevice:	deferred		CNN/ray/NDArray/GPU encode not in this Linux starting partition; no Metal command encoder
c:objc(cs)MPSMatrixBatchNormalizationGradient(im)neuronParameterA	deferred		CNN/ray/NDArray/GPU encode not in this Linux starting partition; no Metal command encoder
c:objc(cs)MPSMatrixBatchNormalizationGradient(im)neuronParameterB	deferred		CNN/ray/NDArray/GPU encode not in this Linux starting partition; no Metal command encoder
c:objc(cs)MPSMatrixBatchNormalizationGradient(im)neuronParameterC	deferred		CNN/ray/NDArray/GPU encode not in this Linux starting partition; no Metal command encoder
c:objc(cs)MPSMatrixBatchNormalizationGradient(im)neuronType	deferred		CNN/ray/NDArray/GPU encode not in this Linux starting partition; no Metal command encoder
c:objc(cs)MPSMatrixBatchNormalizationGradient(im)setNeuronType:parameterA:parameterB:parameterC:	deferred		CNN/ray/NDArray/GPU encode not in this Linux starting partition; no Metal command encoder
c:objc(cs)MPSMatrixBatchNormalizationGradient(py)epsilon	deferred		CNN/ray/NDArray/GPU encode not in this Linux starting partition; no Metal command encoder
c:objc(cs)MPSMatrixBatchNormalizationGradient(py)sourceInputFeatureChannels	deferred		CNN/ray/NDArray/GPU encode not in this Linux starting partition; no Metal command encoder
c:objc(cs)MPSMatrixBatchNormalizationGradient(py)sourceNumberOfFeatureVectors	deferred		CNN/ray/NDArray/GPU encode not in this Linux starting partition; no Metal command encoder
c:objc(cs)MPSMatrixBinaryKernel	deferred		CNN/ray/NDArray/GPU encode not in this Linux starting partition; no Metal command encoder
c:objc(cs)MPSMatrixBinaryKernel(py)batchSize	deferred		CNN/ray/NDArray/GPU encode not in this Linux starting partition; no Metal command encoder
c:objc(cs)MPSMatrixBinaryKernel(py)batchStart	deferred		CNN/ray/NDArray/GPU encode not in this Linux starting partition; no Metal command encoder
c:objc(cs)MPSMatrixBinaryKernel(py)primarySourceMatrixOrigin	deferred		CNN/ray/NDArray/GPU encode not in this Linux starting partition; no Metal command encoder
c:objc(cs)MPSMatrixBinaryKernel(py)resultMatrixOrigin	deferred		CNN/ray/NDArray/GPU encode not in this Linux starting partition; no Metal command encoder
c:objc(cs)MPSMatrixBinaryKernel(py)secondarySourceMatrixOrigin	deferred		CNN/ray/NDArray/GPU encode not in this Linux starting partition; no Metal command encoder
c:objc(cs)MPSMatrixCopy	deferred		CNN/ray/NDArray/GPU encode not in this Linux starting partition; no Metal command encoder
c:objc(cs)MPSMatrixCopy(im)encodeToCommandBuffer:copyDescriptor:	deferred		CNN/ray/NDArray/GPU encode not in this Linux starting partition; no Metal command encoder
c:objc(cs)MPSMatrixCopy(im)encodeToCommandBuffer:copyDescriptor:rowPermuteIndices:rowPermuteOffset:columnPermuteIndices:columnPermuteOffset:	deferred		CNN/ray/NDArray/GPU encode not in this Linux starting partition; no Metal command encoder
c:objc(cs)MPSMatrixCopy(im)initWithCoder:device:	deferred		CNN/ray/NDArray/GPU encode not in this Linux starting partition; no Metal command encoder
c:objc(cs)MPSMatrixCopy(im)initWithDevice:copyRows:copyColumns:sourcesAreTransposed:destinationsAreTransposed:	deferred		CNN/ray/NDArray/GPU encode not in this Linux starting partition; no Metal command encoder
c:objc(cs)MPSMatrixCopy(py)copyColumns	deferred		CNN/ray/NDArray/GPU encode not in this Linux starting partition; no Metal command encoder
c:objc(cs)MPSMatrixCopy(py)copyRows	deferred		CNN/ray/NDArray/GPU encode not in this Linux starting partition; no Metal command encoder
c:objc(cs)MPSMatrixCopy(py)destinationsAreTransposed	deferred		CNN/ray/NDArray/GPU encode not in this Linux starting partition; no Metal command encoder
c:objc(cs)MPSMatrixCopy(py)sourcesAreTransposed	deferred		CNN/ray/NDArray/GPU encode not in this Linux starting partition; no Metal command encoder
c:objc(cs)MPSMatrixCopyDescriptor	deferred		CNN/ray/NDArray/GPU encode not in this Linux starting partition; no Metal command encoder
c:objc(cs)MPSMatrixCopyDescriptor(cm)descriptorWithSourceMatrix:destinationMatrix:offsets:	deferred		CNN/ray/NDArray/GPU encode not in this Linux starting partition; no Metal command encoder
c:objc(cs)MPSMatrixCopyDescriptor(im)initWithDevice:count:	deferred		CNN/ray/NDArray/GPU encode not in this Linux starting partition; no Metal command encoder
c:objc(cs)MPSMatrixCopyDescriptor(im)initWithSourceMatrices:destinationMatrices:offsetVector:offset:	deferred		CNN/ray/NDArray/GPU encode not in this Linux starting partition; no Metal command encoder
c:objc(cs)MPSMatrixCopyDescriptor(im)setCopyOperationAtIndex:sourceMatrix:destinationMatrix:offsets:	deferred		CNN/ray/NDArray/GPU encode not in this Linux starting partition; no Metal command encoder
c:objc(cs)MPSMatrixCopyToImage	deferred		CNN/ray/NDArray/GPU encode not in this Linux starting partition; no Metal command encoder
c:objc(cs)MPSMatrixCopyToImage(im)encodeBatchToCommandBuffer:sourceMatrix:destinationImages:	deferred		CNN/ray/NDArray/GPU encode not in this Linux starting partition; no Metal command encoder
c:objc(cs)MPSMatrixCopyToImage(im)encodeToCommandBuffer:sourceMatrix:destinationImage:	deferred		CNN/ray/NDArray/GPU encode not in this Linux starting partition; no Metal command encoder
c:objc(cs)MPSMatrixCopyToImage(im)initWithCoder:device:	deferred		CNN/ray/NDArray/GPU encode not in this Linux starting partition; no Metal command encoder
c:objc(cs)MPSMatrixCopyToImage(im)initWithDevice:dataLayout:	deferred		CNN/ray/NDArray/GPU encode not in this Linux starting partition; no Metal command encoder
c:objc(cs)MPSMatrixCopyToImage(py)dataLayout	deferred		CNN/ray/NDArray/GPU encode not in this Linux starting partition; no Metal command encoder
c:objc(cs)MPSMatrixCopyToImage(py)sourceMatrixBatchIndex	deferred		CNN/ray/NDArray/GPU encode not in this Linux starting partition; no Metal command encoder
c:objc(cs)MPSMatrixCopyToImage(py)sourceMatrixOrigin	deferred		CNN/ray/NDArray/GPU encode not in this Linux starting partition; no Metal command encoder
c:objc(cs)MPSMatrixDecompositionCholesky	deferred		CNN/ray/NDArray/GPU encode not in this Linux starting partition; no Metal command encoder
c:objc(cs)MPSMatrixDecompositionCholesky(im)encodeToCommandBuffer:sourceMatrix:resultMatrix:status:	deferred		CNN/ray/NDArray/GPU encode not in this Linux starting partition; no Metal command encoder
c:objc(cs)MPSMatrixDecompositionCholesky(im)initWithDevice:lower:order:	deferred		CNN/ray/NDArray/GPU encode not in this Linux starting partition; no Metal command encoder
c:objc(cs)MPSMatrixDecompositionLU	deferred		CNN/ray/NDArray/GPU encode not in this Linux starting partition; no Metal command encoder
c:objc(cs)MPSMatrixDecompositionLU(im)encodeToCommandBuffer:sourceMatrix:resultMatrix:pivotIndices:status:	deferred		CNN/ray/NDArray/GPU encode not in this Linux starting partition; no Metal command encoder
c:objc(cs)MPSMatrixDecompositionLU(im)initWithDevice:rows:columns:	deferred		CNN/ray/NDArray/GPU encode not in this Linux starting partition; no Metal command encoder
c:objc(cs)MPSMatrixDescriptor	implemented	full/metalperformanceshaders/MPSMatrix.swift	Linux host implementation from pinned public-surface overlay
c:objc(cs)MPSMatrixDescriptor(cm)matrixDescriptorWithDimensions:columns:rowBytes:dataType:	implemented	full/metalperformanceshaders/MPSMatrix.swift	Linux host implementation from pinned public-surface overlay
c:objc(cs)MPSMatrixDescriptor(cm)matrixDescriptorWithRows:columns:matrices:rowBytes:matrixBytes:dataType:	implemented	full/metalperformanceshaders/MPSMatrix.swift	Linux host implementation from pinned public-surface overlay
c:objc(cs)MPSMatrixDescriptor(cm)matrixDescriptorWithRows:columns:rowBytes:dataType:	implemented	full/metalperformanceshaders/MPSMatrix.swift	Linux host implementation from pinned public-surface overlay
c:objc(cs)MPSMatrixDescriptor(cm)rowBytesForColumns:dataType:	implemented	full/metalperformanceshaders/MPSMatrix.swift	Linux host implementation from pinned public-surface overlay
c:objc(cs)MPSMatrixDescriptor(cm)rowBytesFromColumns:dataType:	implemented	full/metalperformanceshaders/MPSMatrix.swift	Linux host implementation from pinned public-surface overlay
c:objc(cs)MPSMatrixDescriptor(py)columns	implemented	full/metalperformanceshaders/MPSMatrix.swift	Linux host implementation from pinned public-surface overlay
c:objc(cs)MPSMatrixDescriptor(py)dataType	implemented	full/metalperformanceshaders/MPSMatrix.swift	Linux host implementation from pinned public-surface overlay
c:objc(cs)MPSMatrixDescriptor(py)matrices	implemented	full/metalperformanceshaders/MPSMatrix.swift	Linux host implementation from pinned public-surface overlay
c:objc(cs)MPSMatrixDescriptor(py)matrixBytes	implemented	full/metalperformanceshaders/MPSMatrix.swift	Linux host implementation from pinned public-surface overlay
c:objc(cs)MPSMatrixDescriptor(py)rowBytes	implemented	full/metalperformanceshaders/MPSMatrix.swift	Linux host implementation from pinned public-surface overlay
c:objc(cs)MPSMatrixDescriptor(py)rows	implemented	full/metalperformanceshaders/MPSMatrix.swift	Linux host implementation from pinned public-surface overlay
c:objc(cs)MPSMatrixFindTopK	deferred		CNN/ray/NDArray/GPU encode not in this Linux starting partition; no Metal command encoder
c:objc(cs)MPSMatrixFindTopK(im)copyWithZone:device:	deferred		CNN/ray/NDArray/GPU encode not in this Linux starting partition; no Metal command encoder
c:objc(cs)MPSMatrixFindTopK(im)encodeToCommandBuffer:inputMatrix:resultIndexMatrix:resultValueMatrix:	deferred		CNN/ray/NDArray/GPU encode not in this Linux starting partition; no Metal command encoder
c:objc(cs)MPSMatrixFindTopK(im)initWithCoder:device:	deferred		CNN/ray/NDArray/GPU encode not in this Linux starting partition; no Metal command encoder
c:objc(cs)MPSMatrixFindTopK(im)initWithDevice:numberOfTopKValues:	deferred		CNN/ray/NDArray/GPU encode not in this Linux starting partition; no Metal command encoder
c:objc(cs)MPSMatrixFindTopK(py)indexOffset	deferred		CNN/ray/NDArray/GPU encode not in this Linux starting partition; no Metal command encoder
c:objc(cs)MPSMatrixFindTopK(py)numberOfTopKValues	deferred		CNN/ray/NDArray/GPU encode not in this Linux starting partition; no Metal command encoder
c:objc(cs)MPSMatrixFindTopK(py)sourceColumns	deferred		CNN/ray/NDArray/GPU encode not in this Linux starting partition; no Metal command encoder
c:objc(cs)MPSMatrixFindTopK(py)sourceRows	deferred		CNN/ray/NDArray/GPU encode not in this Linux starting partition; no Metal command encoder
c:objc(cs)MPSMatrixFullyConnected	deferred		CNN/ray/NDArray/GPU encode not in this Linux starting partition; no Metal command encoder
c:objc(cs)MPSMatrixFullyConnected(im)copyWithZone:device:	deferred		CNN/ray/NDArray/GPU encode not in this Linux starting partition; no Metal command encoder
c:objc(cs)MPSMatrixFullyConnected(im)encodeToCommandBuffer:inputMatrix:weightMatrix:biasVector:resultMatrix:	deferred		CNN/ray/NDArray/GPU encode not in this Linux starting partition; no Metal command encoder
c:objc(cs)MPSMatrixFullyConnected(im)initWithCoder:device:	deferred		CNN/ray/NDArray/GPU encode not in this Linux starting partition; no Metal command encoder
c:objc(cs)MPSMatrixFullyConnected(im)initWithDevice:	deferred		CNN/ray/NDArray/GPU encode not in this Linux starting partition; no Metal command encoder
c:objc(cs)MPSMatrixFullyConnected(im)neuronParameterA	deferred		CNN/ray/NDArray/GPU encode not in this Linux starting partition; no Metal command encoder
c:objc(cs)MPSMatrixFullyConnected(im)neuronParameterB	deferred		CNN/ray/NDArray/GPU encode not in this Linux starting partition; no Metal command encoder
c:objc(cs)MPSMatrixFullyConnected(im)neuronParameterC	deferred		CNN/ray/NDArray/GPU encode not in this Linux starting partition; no Metal command encoder
c:objc(cs)MPSMatrixFullyConnected(im)neuronType	deferred		CNN/ray/NDArray/GPU encode not in this Linux starting partition; no Metal command encoder
c:objc(cs)MPSMatrixFullyConnected(im)setNeuronType:parameterA:parameterB:parameterC:	deferred		CNN/ray/NDArray/GPU encode not in this Linux starting partition; no Metal command encoder
c:objc(cs)MPSMatrixFullyConnected(py)alpha	deferred		CNN/ray/NDArray/GPU encode not in this Linux starting partition; no Metal command encoder
c:objc(cs)MPSMatrixFullyConnected(py)sourceInputFeatureChannels	deferred		CNN/ray/NDArray/GPU encode not in this Linux starting partition; no Metal command encoder
c:objc(cs)MPSMatrixFullyConnected(py)sourceNumberOfFeatureVectors	deferred		CNN/ray/NDArray/GPU encode not in this Linux starting partition; no Metal command encoder
c:objc(cs)MPSMatrixFullyConnected(py)sourceOutputFeatureChannels	deferred		CNN/ray/NDArray/GPU encode not in this Linux starting partition; no Metal command encoder
c:objc(cs)MPSMatrixFullyConnectedGradient	deferred		CNN/ray/NDArray/GPU encode not in this Linux starting partition; no Metal command encoder
c:objc(cs)MPSMatrixFullyConnectedGradient(im)copyWithZone:device:	deferred		CNN/ray/NDArray/GPU encode not in this Linux starting partition; no Metal command encoder
c:objc(cs)MPSMatrixFullyConnectedGradient(im)encodeGradientForDataToCommandBuffer:gradientMatrix:weightMatrix:resultGradientForDataMatrix:	deferred		CNN/ray/NDArray/GPU encode not in this Linux starting partition; no Metal command encoder
c:objc(cs)MPSMatrixFullyConnectedGradient(im)encodeGradientForWeightsAndBiasToCommandBuffer:gradientMatrix:inputMatrix:resultGradientForWeightMatrix:resultGradientForBiasVector:	deferred		CNN/ray/NDArray/GPU encode not in this Linux starting partition; no Metal command encoder
c:objc(cs)MPSMatrixFullyConnectedGradient(im)initWithCoder:device:	deferred		CNN/ray/NDArray/GPU encode not in this Linux starting partition; no Metal command encoder
c:objc(cs)MPSMatrixFullyConnectedGradient(im)initWithDevice:	deferred		CNN/ray/NDArray/GPU encode not in this Linux starting partition; no Metal command encoder
c:objc(cs)MPSMatrixFullyConnectedGradient(py)alpha	deferred		CNN/ray/NDArray/GPU encode not in this Linux starting partition; no Metal command encoder
c:objc(cs)MPSMatrixFullyConnectedGradient(py)sourceInputFeatureChannels	deferred		CNN/ray/NDArray/GPU encode not in this Linux starting partition; no Metal command encoder
c:objc(cs)MPSMatrixFullyConnectedGradient(py)sourceNumberOfFeatureVectors	deferred		CNN/ray/NDArray/GPU encode not in this Linux starting partition; no Metal command encoder
c:objc(cs)MPSMatrixFullyConnectedGradient(py)sourceOutputFeatureChannels	deferred		CNN/ray/NDArray/GPU encode not in this Linux starting partition; no Metal command encoder
c:objc(cs)MPSMatrixLogSoftMax	deferred		CNN/ray/NDArray/GPU encode not in this Linux starting partition; no Metal command encoder
c:objc(cs)MPSMatrixLogSoftMaxGradient	deferred		CNN/ray/NDArray/GPU encode not in this Linux starting partition; no Metal command encoder
c:objc(cs)MPSMatrixMultiplication	deferred		CNN/ray/NDArray/GPU encode not in this Linux starting partition; no Metal command encoder
c:objc(cs)MPSMatrixMultiplication(im)encodeToCommandBuffer:leftMatrix:rightMatrix:resultMatrix:	deferred		CNN/ray/NDArray/GPU encode not in this Linux starting partition; no Metal command encoder
c:objc(cs)MPSMatrixMultiplication(im)initWithDevice:resultRows:resultColumns:interiorColumns:	deferred		CNN/ray/NDArray/GPU encode not in this Linux starting partition; no Metal command encoder
c:objc(cs)MPSMatrixMultiplication(im)initWithDevice:transposeLeft:transposeRight:resultRows:resultColumns:interiorColumns:alpha:beta:	deferred		CNN/ray/NDArray/GPU encode not in this Linux starting partition; no Metal command encoder
c:objc(cs)MPSMatrixMultiplication(py)batchSize	deferred		CNN/ray/NDArray/GPU encode not in this Linux starting partition; no Metal command encoder
c:objc(cs)MPSMatrixMultiplication(py)batchStart	deferred		CNN/ray/NDArray/GPU encode not in this Linux starting partition; no Metal command encoder
c:objc(cs)MPSMatrixMultiplication(py)leftMatrixOrigin	deferred		CNN/ray/NDArray/GPU encode not in this Linux starting partition; no Metal command encoder
c:objc(cs)MPSMatrixMultiplication(py)resultMatrixOrigin	deferred		CNN/ray/NDArray/GPU encode not in this Linux starting partition; no Metal command encoder
c:objc(cs)MPSMatrixMultiplication(py)rightMatrixOrigin	deferred		CNN/ray/NDArray/GPU encode not in this Linux starting partition; no Metal command encoder
c:objc(cs)MPSMatrixNeuron	deferred		CNN/ray/NDArray/GPU encode not in this Linux starting partition; no Metal command encoder
c:objc(cs)MPSMatrixNeuron(im)copyWithZone:device:	deferred		CNN/ray/NDArray/GPU encode not in this Linux starting partition; no Metal command encoder
c:objc(cs)MPSMatrixNeuron(im)encodeToCommandBuffer:inputMatrix:biasVector:resultMatrix:	deferred		CNN/ray/NDArray/GPU encode not in this Linux starting partition; no Metal command encoder
c:objc(cs)MPSMatrixNeuron(im)initWithCoder:device:	deferred		CNN/ray/NDArray/GPU encode not in this Linux starting partition; no Metal command encoder
c:objc(cs)MPSMatrixNeuron(im)initWithDevice:	deferred		CNN/ray/NDArray/GPU encode not in this Linux starting partition; no Metal command encoder
c:objc(cs)MPSMatrixNeuron(im)neuronParameterA	deferred		CNN/ray/NDArray/GPU encode not in this Linux starting partition; no Metal command encoder
c:objc(cs)MPSMatrixNeuron(im)neuronParameterB	deferred		CNN/ray/NDArray/GPU encode not in this Linux starting partition; no Metal command encoder
c:objc(cs)MPSMatrixNeuron(im)neuronParameterC	deferred		CNN/ray/NDArray/GPU encode not in this Linux starting partition; no Metal command encoder
c:objc(cs)MPSMatrixNeuron(im)neuronType	deferred		CNN/ray/NDArray/GPU encode not in this Linux starting partition; no Metal command encoder
c:objc(cs)MPSMatrixNeuron(im)setNeuronToPReLUWithParametersA:	deferred		CNN/ray/NDArray/GPU encode not in this Linux starting partition; no Metal command encoder
c:objc(cs)MPSMatrixNeuron(im)setNeuronType:parameterA:parameterB:parameterC:	deferred		CNN/ray/NDArray/GPU encode not in this Linux starting partition; no Metal command encoder
c:objc(cs)MPSMatrixNeuron(py)alpha	deferred		CNN/ray/NDArray/GPU encode not in this Linux starting partition; no Metal command encoder
c:objc(cs)MPSMatrixNeuron(py)sourceInputFeatureChannels	deferred		CNN/ray/NDArray/GPU encode not in this Linux starting partition; no Metal command encoder
c:objc(cs)MPSMatrixNeuron(py)sourceNumberOfFeatureVectors	deferred		CNN/ray/NDArray/GPU encode not in this Linux starting partition; no Metal command encoder
c:objc(cs)MPSMatrixNeuronGradient	deferred		CNN/ray/NDArray/GPU encode not in this Linux starting partition; no Metal command encoder
c:objc(cs)MPSMatrixNeuronGradient(im)copyWithZone:device:	deferred		CNN/ray/NDArray/GPU encode not in this Linux starting partition; no Metal command encoder
c:objc(cs)MPSMatrixNeuronGradient(im)encodeToCommandBuffer:gradientMatrix:inputMatrix:biasVector:resultGradientForDataMatrix:resultGradientForBiasVector:	deferred		CNN/ray/NDArray/GPU encode not in this Linux starting partition; no Metal command encoder
c:objc(cs)MPSMatrixNeuronGradient(im)initWithCoder:device:	deferred		CNN/ray/NDArray/GPU encode not in this Linux starting partition; no Metal command encoder
c:objc(cs)MPSMatrixNeuronGradient(im)initWithDevice:	deferred		CNN/ray/NDArray/GPU encode not in this Linux starting partition; no Metal command encoder
c:objc(cs)MPSMatrixNeuronGradient(im)neuronParameterA	deferred		CNN/ray/NDArray/GPU encode not in this Linux starting partition; no Metal command encoder
c:objc(cs)MPSMatrixNeuronGradient(im)neuronParameterB	deferred		CNN/ray/NDArray/GPU encode not in this Linux starting partition; no Metal command encoder
c:objc(cs)MPSMatrixNeuronGradient(im)neuronParameterC	deferred		CNN/ray/NDArray/GPU encode not in this Linux starting partition; no Metal command encoder
c:objc(cs)MPSMatrixNeuronGradient(im)neuronType	deferred		CNN/ray/NDArray/GPU encode not in this Linux starting partition; no Metal command encoder
c:objc(cs)MPSMatrixNeuronGradient(im)setNeuronToPReLUWithParametersA:	deferred		CNN/ray/NDArray/GPU encode not in this Linux starting partition; no Metal command encoder
c:objc(cs)MPSMatrixNeuronGradient(im)setNeuronType:parameterA:parameterB:parameterC:	deferred		CNN/ray/NDArray/GPU encode not in this Linux starting partition; no Metal command encoder
c:objc(cs)MPSMatrixNeuronGradient(py)alpha	deferred		CNN/ray/NDArray/GPU encode not in this Linux starting partition; no Metal command encoder
c:objc(cs)MPSMatrixNeuronGradient(py)sourceInputFeatureChannels	deferred		CNN/ray/NDArray/GPU encode not in this Linux starting partition; no Metal command encoder
c:objc(cs)MPSMatrixNeuronGradient(py)sourceNumberOfFeatureVectors	deferred		CNN/ray/NDArray/GPU encode not in this Linux starting partition; no Metal command encoder
c:objc(cs)MPSMatrixRandom	deferred		CNN/ray/NDArray/GPU encode not in this Linux starting partition; no Metal command encoder
c:objc(cs)MPSMatrixRandom(im)encodeToCommandBuffer:destinationMatrix:	deferred		CNN/ray/NDArray/GPU encode not in this Linux starting partition; no Metal command encoder
c:objc(cs)MPSMatrixRandom(im)encodeToCommandBuffer:destinationVector:	deferred		CNN/ray/NDArray/GPU encode not in this Linux starting partition; no Metal command encoder
c:objc(cs)MPSMatrixRandom(py)batchSize	deferred		CNN/ray/NDArray/GPU encode not in this Linux starting partition; no Metal command encoder
c:objc(cs)MPSMatrixRandom(py)batchStart	deferred		CNN/ray/NDArray/GPU encode not in this Linux starting partition; no Metal command encoder
c:objc(cs)MPSMatrixRandom(py)destinationDataType	deferred		CNN/ray/NDArray/GPU encode not in this Linux starting partition; no Metal command encoder
c:objc(cs)MPSMatrixRandom(py)distributionType	deferred		CNN/ray/NDArray/GPU encode not in this Linux starting partition; no Metal command encoder
c:objc(cs)MPSMatrixRandomDistributionDescriptor	deferred		CNN/ray/NDArray/GPU encode not in this Linux starting partition; no Metal command encoder
c:objc(cs)MPSMatrixRandomDistributionDescriptor(cm)defaultDistributionDescriptor	deferred		CNN/ray/NDArray/GPU encode not in this Linux starting partition; no Metal command encoder
c:objc(cs)MPSMatrixRandomDistributionDescriptor(cm)normalDistributionDescriptorWithMean:standardDeviation:	deferred		CNN/ray/NDArray/GPU encode not in this Linux starting partition; no Metal command encoder
c:objc(cs)MPSMatrixRandomDistributionDescriptor(cm)normalDistributionDescriptorWithMean:standardDeviation:minimum:maximum:	deferred		CNN/ray/NDArray/GPU encode not in this Linux starting partition; no Metal command encoder
c:objc(cs)MPSMatrixRandomDistributionDescriptor(cm)uniformDistributionDescriptorWithMinimum:maximum:	deferred		CNN/ray/NDArray/GPU encode not in this Linux starting partition; no Metal command encoder
c:objc(cs)MPSMatrixRandomDistributionDescriptor(py)distributionType	deferred		CNN/ray/NDArray/GPU encode not in this Linux starting partition; no Metal command encoder
c:objc(cs)MPSMatrixRandomDistributionDescriptor(py)maximum	deferred		CNN/ray/NDArray/GPU encode not in this Linux starting partition; no Metal command encoder
c:objc(cs)MPSMatrixRandomDistributionDescriptor(py)mean	deferred		CNN/ray/NDArray/GPU encode not in this Linux starting partition; no Metal command encoder
c:objc(cs)MPSMatrixRandomDistributionDescriptor(py)minimum	deferred		CNN/ray/NDArray/GPU encode not in this Linux starting partition; no Metal command encoder
c:objc(cs)MPSMatrixRandomDistributionDescriptor(py)standardDeviation	deferred		CNN/ray/NDArray/GPU encode not in this Linux starting partition; no Metal command encoder
c:objc(cs)MPSMatrixRandomMTGP32	deferred		CNN/ray/NDArray/GPU encode not in this Linux starting partition; no Metal command encoder
c:objc(cs)MPSMatrixRandomMTGP32(im)initWithCoder:device:	deferred		CNN/ray/NDArray/GPU encode not in this Linux starting partition; no Metal command encoder
c:objc(cs)MPSMatrixRandomMTGP32(im)initWithDevice:	deferred		CNN/ray/NDArray/GPU encode not in this Linux starting partition; no Metal command encoder
c:objc(cs)MPSMatrixRandomMTGP32(im)initWithDevice:destinationDataType:seed:	deferred		CNN/ray/NDArray/GPU encode not in this Linux starting partition; no Metal command encoder
c:objc(cs)MPSMatrixRandomMTGP32(im)initWithDevice:destinationDataType:seed:distributionDescriptor:	deferred		CNN/ray/NDArray/GPU encode not in this Linux starting partition; no Metal command encoder
c:objc(cs)MPSMatrixRandomMTGP32(im)synchronizeStateOnCommandBuffer:	deferred		CNN/ray/NDArray/GPU encode not in this Linux starting partition; no Metal command encoder
c:objc(cs)MPSMatrixRandomPhilox	deferred		CNN/ray/NDArray/GPU encode not in this Linux starting partition; no Metal command encoder
c:objc(cs)MPSMatrixRandomPhilox(im)initWithCoder:device:	deferred		CNN/ray/NDArray/GPU encode not in this Linux starting partition; no Metal command encoder
c:objc(cs)MPSMatrixRandomPhilox(im)initWithDevice:	deferred		CNN/ray/NDArray/GPU encode not in this Linux starting partition; no Metal command encoder
c:objc(cs)MPSMatrixRandomPhilox(im)initWithDevice:destinationDataType:seed:	deferred		CNN/ray/NDArray/GPU encode not in this Linux starting partition; no Metal command encoder
c:objc(cs)MPSMatrixRandomPhilox(im)initWithDevice:destinationDataType:seed:distributionDescriptor:	deferred		CNN/ray/NDArray/GPU encode not in this Linux starting partition; no Metal command encoder
c:objc(cs)MPSMatrixSoftMax	deferred		CNN/ray/NDArray/GPU encode not in this Linux starting partition; no Metal command encoder
c:objc(cs)MPSMatrixSoftMax(im)copyWithZone:device:	deferred		CNN/ray/NDArray/GPU encode not in this Linux starting partition; no Metal command encoder
c:objc(cs)MPSMatrixSoftMax(im)encodeToCommandBuffer:inputMatrix:resultMatrix:	deferred		CNN/ray/NDArray/GPU encode not in this Linux starting partition; no Metal command encoder
c:objc(cs)MPSMatrixSoftMax(im)initWithCoder:device:	deferred		CNN/ray/NDArray/GPU encode not in this Linux starting partition; no Metal command encoder
c:objc(cs)MPSMatrixSoftMax(im)initWithDevice:	deferred		CNN/ray/NDArray/GPU encode not in this Linux starting partition; no Metal command encoder
c:objc(cs)MPSMatrixSoftMax(py)sourceColumns	deferred		CNN/ray/NDArray/GPU encode not in this Linux starting partition; no Metal command encoder
c:objc(cs)MPSMatrixSoftMax(py)sourceRows	deferred		CNN/ray/NDArray/GPU encode not in this Linux starting partition; no Metal command encoder
c:objc(cs)MPSMatrixSoftMaxGradient	deferred		CNN/ray/NDArray/GPU encode not in this Linux starting partition; no Metal command encoder
c:objc(cs)MPSMatrixSoftMaxGradient(im)copyWithZone:device:	deferred		CNN/ray/NDArray/GPU encode not in this Linux starting partition; no Metal command encoder
c:objc(cs)MPSMatrixSoftMaxGradient(im)encodeToCommandBuffer:gradientMatrix:forwardOutputMatrix:resultMatrix:	deferred		CNN/ray/NDArray/GPU encode not in this Linux starting partition; no Metal command encoder
c:objc(cs)MPSMatrixSoftMaxGradient(im)initWithCoder:device:	deferred		CNN/ray/NDArray/GPU encode not in this Linux starting partition; no Metal command encoder
c:objc(cs)MPSMatrixSoftMaxGradient(im)initWithDevice:	deferred		CNN/ray/NDArray/GPU encode not in this Linux starting partition; no Metal command encoder
c:objc(cs)MPSMatrixSoftMaxGradient(py)sourceColumns	deferred		CNN/ray/NDArray/GPU encode not in this Linux starting partition; no Metal command encoder
c:objc(cs)MPSMatrixSoftMaxGradient(py)sourceRows	deferred		CNN/ray/NDArray/GPU encode not in this Linux starting partition; no Metal command encoder
c:objc(cs)MPSMatrixSolveCholesky	deferred		CNN/ray/NDArray/GPU encode not in this Linux starting partition; no Metal command encoder
c:objc(cs)MPSMatrixSolveCholesky(im)encodeToCommandBuffer:sourceMatrix:rightHandSideMatrix:solutionMatrix:	deferred		CNN/ray/NDArray/GPU encode not in this Linux starting partition; no Metal command encoder
c:objc(cs)MPSMatrixSolveCholesky(im)initWithDevice:upper:order:numberOfRightHandSides:	deferred		CNN/ray/NDArray/GPU encode not in this Linux starting partition; no Metal command encoder
c:objc(cs)MPSMatrixSolveLU	deferred		CNN/ray/NDArray/GPU encode not in this Linux starting partition; no Metal command encoder
c:objc(cs)MPSMatrixSolveLU(im)encodeToCommandBuffer:sourceMatrix:rightHandSideMatrix:pivotIndices:solutionMatrix:	deferred		CNN/ray/NDArray/GPU encode not in this Linux starting partition; no Metal command encoder
c:objc(cs)MPSMatrixSolveLU(im)initWithDevice:transpose:order:numberOfRightHandSides:	deferred		CNN/ray/NDArray/GPU encode not in this Linux starting partition; no Metal command encoder
c:objc(cs)MPSMatrixSolveTriangular	deferred		CNN/ray/NDArray/GPU encode not in this Linux starting partition; no Metal command encoder
c:objc(cs)MPSMatrixSolveTriangular(im)encodeToCommandBuffer:sourceMatrix:rightHandSideMatrix:solutionMatrix:	deferred		CNN/ray/NDArray/GPU encode not in this Linux starting partition; no Metal command encoder
c:objc(cs)MPSMatrixSolveTriangular(im)initWithDevice:right:upper:transpose:unit:order:numberOfRightHandSides:alpha:	deferred		CNN/ray/NDArray/GPU encode not in this Linux starting partition; no Metal command encoder
c:objc(cs)MPSMatrixSum	deferred		CNN/ray/NDArray/GPU encode not in this Linux starting partition; no Metal command encoder
c:objc(cs)MPSMatrixSum(im)encodeToCommandBuffer:sourceMatrices:resultMatrix:scaleVector:offsetVector:biasVector:startIndex:	deferred		CNN/ray/NDArray/GPU encode not in this Linux starting partition; no Metal command encoder
c:objc(cs)MPSMatrixSum(im)initWithCoder:device:	deferred		CNN/ray/NDArray/GPU encode not in this Linux starting partition; no Metal command encoder
c:objc(cs)MPSMatrixSum(im)initWithDevice:count:rows:columns:transpose:	deferred		CNN/ray/NDArray/GPU encode not in this Linux starting partition; no Metal command encoder
c:objc(cs)MPSMatrixSum(im)neuronType	deferred		CNN/ray/NDArray/GPU encode not in this Linux starting partition; no Metal command encoder
c:objc(cs)MPSMatrixSum(im)setNeuronType:parameterA:parameterB:parameterC:	deferred		CNN/ray/NDArray/GPU encode not in this Linux starting partition; no Metal command encoder
c:objc(cs)MPSMatrixSum(py)columns	deferred		CNN/ray/NDArray/GPU encode not in this Linux starting partition; no Metal command encoder
c:objc(cs)MPSMatrixSum(py)count	deferred		CNN/ray/NDArray/GPU encode not in this Linux starting partition; no Metal command encoder
c:objc(cs)MPSMatrixSum(py)neuronParameterA	deferred		CNN/ray/NDArray/GPU encode not in this Linux starting partition; no Metal command encoder
c:objc(cs)MPSMatrixSum(py)neuronParameterB	deferred		CNN/ray/NDArray/GPU encode not in this Linux starting partition; no Metal command encoder
c:objc(cs)MPSMatrixSum(py)neuronParameterC	deferred		CNN/ray/NDArray/GPU encode not in this Linux starting partition; no Metal command encoder
c:objc(cs)MPSMatrixSum(py)resultMatrixOrigin	deferred		CNN/ray/NDArray/GPU encode not in this Linux starting partition; no Metal command encoder
c:objc(cs)MPSMatrixSum(py)rows	deferred		CNN/ray/NDArray/GPU encode not in this Linux starting partition; no Metal command encoder
c:objc(cs)MPSMatrixSum(py)transpose	deferred		CNN/ray/NDArray/GPU encode not in this Linux starting partition; no Metal command encoder
c:objc(cs)MPSMatrixUnaryKernel	deferred		CNN/ray/NDArray/GPU encode not in this Linux starting partition; no Metal command encoder
c:objc(cs)MPSMatrixUnaryKernel(py)batchSize	deferred		CNN/ray/NDArray/GPU encode not in this Linux starting partition; no Metal command encoder
c:objc(cs)MPSMatrixUnaryKernel(py)batchStart	deferred		CNN/ray/NDArray/GPU encode not in this Linux starting partition; no Metal command encoder
c:objc(cs)MPSMatrixUnaryKernel(py)resultMatrixOrigin	deferred		CNN/ray/NDArray/GPU encode not in this Linux starting partition; no Metal command encoder
c:objc(cs)MPSMatrixUnaryKernel(py)sourceMatrixOrigin	deferred		CNN/ray/NDArray/GPU encode not in this Linux starting partition; no Metal command encoder
c:objc(cs)MPSMatrixVectorMultiplication	deferred		CNN/ray/NDArray/GPU encode not in this Linux starting partition; no Metal command encoder
c:objc(cs)MPSMatrixVectorMultiplication(im)encodeToCommandBuffer:inputMatrix:inputVector:resultVector:	deferred		CNN/ray/NDArray/GPU encode not in this Linux starting partition; no Metal command encoder
c:objc(cs)MPSMatrixVectorMultiplication(im)initWithDevice:rows:columns:	deferred		CNN/ray/NDArray/GPU encode not in this Linux starting partition; no Metal command encoder
c:objc(cs)MPSMatrixVectorMultiplication(im)initWithDevice:transpose:rows:columns:alpha:beta:	deferred		CNN/ray/NDArray/GPU encode not in this Linux starting partition; no Metal command encoder
c:objc(cs)MPSNDArray	deferred		CNN/ray/NDArray/GPU encode not in this Linux starting partition; no Metal command encoder
c:objc(cs)MPSNDArray(cm)defaultAllocator	deferred		CNN/ray/NDArray/GPU encode not in this Linux starting partition; no Metal command encoder
c:objc(cs)MPSNDArray(im)arrayViewWithCommandBuffer:descriptor:aliasing:	deferred		CNN/ray/NDArray/GPU encode not in this Linux starting partition; no Metal command encoder
c:objc(cs)MPSNDArray(im)arrayViewWithDescriptor:	deferred		CNN/ray/NDArray/GPU encode not in this Linux starting partition; no Metal command encoder
c:objc(cs)MPSNDArray(im)arrayViewWithDimensionCount:dimensionSizes:strides:	deferred		CNN/ray/NDArray/GPU encode not in this Linux starting partition; no Metal command encoder
c:objc(cs)MPSNDArray(im)arrayViewWithShape:strides:	deferred		CNN/ray/NDArray/GPU encode not in this Linux starting partition; no Metal command encoder
c:objc(cs)MPSNDArray(im)descriptor	deferred		CNN/ray/NDArray/GPU encode not in this Linux starting partition; no Metal command encoder
c:objc(cs)MPSNDArray(im)exportDataWithCommandBuffer:toBuffer:destinationDataType:offset:rowStrides:	deferred		CNN/ray/NDArray/GPU encode not in this Linux starting partition; no Metal command encoder
c:objc(cs)MPSNDArray(im)exportDataWithCommandBuffer:toImages:offset:	deferred		CNN/ray/NDArray/GPU encode not in this Linux starting partition; no Metal command encoder
c:objc(cs)MPSNDArray(im)importDataWithCommandBuffer:fromBuffer:sourceDataType:offset:rowStrides:	deferred		CNN/ray/NDArray/GPU encode not in this Linux starting partition; no Metal command encoder
c:objc(cs)MPSNDArray(im)importDataWithCommandBuffer:fromImages:offset:	deferred		CNN/ray/NDArray/GPU encode not in this Linux starting partition; no Metal command encoder
c:objc(cs)MPSNDArray(im)initWithBuffer:offset:descriptor:	deferred		CNN/ray/NDArray/GPU encode not in this Linux starting partition; no Metal command encoder
c:objc(cs)MPSNDArray(im)initWithDevice:descriptor:	deferred		CNN/ray/NDArray/GPU encode not in this Linux starting partition; no Metal command encoder
c:objc(cs)MPSNDArray(im)initWithDevice:scalar:	deferred		CNN/ray/NDArray/GPU encode not in this Linux starting partition; no Metal command encoder
c:objc(cs)MPSNDArray(im)lengthOfDimension:	deferred		CNN/ray/NDArray/GPU encode not in this Linux starting partition; no Metal command encoder
c:objc(cs)MPSNDArray(im)readBytes:strideBytes:	deferred		CNN/ray/NDArray/GPU encode not in this Linux starting partition; no Metal command encoder
c:objc(cs)MPSNDArray(im)resourceSize	deferred		CNN/ray/NDArray/GPU encode not in this Linux starting partition; no Metal command encoder
c:objc(cs)MPSNDArray(im)synchronizeOnCommandBuffer:	deferred		CNN/ray/NDArray/GPU encode not in this Linux starting partition; no Metal command encoder
c:objc(cs)MPSNDArray(im)userBuffer	deferred		CNN/ray/NDArray/GPU encode not in this Linux starting partition; no Metal command encoder
c:objc(cs)MPSNDArray(im)writeBytes:strideBytes:	deferred		CNN/ray/NDArray/GPU encode not in this Linux starting partition; no Metal command encoder
c:objc(cs)MPSNDArray(py)dataType	deferred		CNN/ray/NDArray/GPU encode not in this Linux starting partition; no Metal command encoder
c:objc(cs)MPSNDArray(py)dataTypeSize	deferred		CNN/ray/NDArray/GPU encode not in this Linux starting partition; no Metal command encoder
c:objc(cs)MPSNDArray(py)device	deferred		CNN/ray/NDArray/GPU encode not in this Linux starting partition; no Metal command encoder
c:objc(cs)MPSNDArray(py)label	deferred		CNN/ray/NDArray/GPU encode not in this Linux starting partition; no Metal command encoder
c:objc(cs)MPSNDArray(py)numberOfDimensions	deferred		CNN/ray/NDArray/GPU encode not in this Linux starting partition; no Metal command encoder
c:objc(cs)MPSNDArray(py)parent	deferred		CNN/ray/NDArray/GPU encode not in this Linux starting partition; no Metal command encoder
c:objc(cs)MPSNDArrayAffineInt4Dequantize	deferred		CNN/ray/NDArray/GPU encode not in this Linux starting partition; no Metal command encoder
c:objc(cs)MPSNDArrayAffineInt4Dequantize(im)initWithDevice:quantizationDescriptor:	deferred		CNN/ray/NDArray/GPU encode not in this Linux starting partition; no Metal command encoder
c:objc(cs)MPSNDArrayAffineQuantizationDescriptor	deferred		CNN/ray/NDArray/GPU encode not in this Linux starting partition; no Metal command encoder
c:objc(cs)MPSNDArrayAffineQuantizationDescriptor(im)init	deferred		CNN/ray/NDArray/GPU encode not in this Linux starting partition; no Metal command encoder
c:objc(cs)MPSNDArrayAffineQuantizationDescriptor(im)initWithDataType:hasZeroPoint:hasMinValue:	deferred		CNN/ray/NDArray/GPU encode not in this Linux starting partition; no Metal command encoder
c:objc(cs)MPSNDArrayAffineQuantizationDescriptor(py)hasMinValue	deferred		CNN/ray/NDArray/GPU encode not in this Linux starting partition; no Metal command encoder
c:objc(cs)MPSNDArrayAffineQuantizationDescriptor(py)hasZeroPoint	deferred		CNN/ray/NDArray/GPU encode not in this Linux starting partition; no Metal command encoder
c:objc(cs)MPSNDArrayAffineQuantizationDescriptor(py)implicitZeroPoint	deferred		CNN/ray/NDArray/GPU encode not in this Linux starting partition; no Metal command encoder
c:objc(cs)MPSNDArrayBinaryKernel	deferred		CNN/ray/NDArray/GPU encode not in this Linux starting partition; no Metal command encoder
c:objc(cs)MPSNDArrayBinaryKernel(im)encodeToCommandBuffer:primarySourceArray:secondarySourceArray:	deferred		CNN/ray/NDArray/GPU encode not in this Linux starting partition; no Metal command encoder
c:objc(cs)MPSNDArrayBinaryKernel(im)encodeToCommandBuffer:primarySourceArray:secondarySourceArray:destinationArray:	deferred		CNN/ray/NDArray/GPU encode not in this Linux starting partition; no Metal command encoder
c:objc(cs)MPSNDArrayBinaryKernel(im)encodeToCommandBuffer:primarySourceArray:secondarySourceArray:resultState:destinationArray:	deferred		CNN/ray/NDArray/GPU encode not in this Linux starting partition; no Metal command encoder
c:objc(cs)MPSNDArrayBinaryKernel(im)encodeToCommandBuffer:primarySourceArray:secondarySourceArray:resultState:outputStateIsTemporary:	deferred		CNN/ray/NDArray/GPU encode not in this Linux starting partition; no Metal command encoder
c:objc(cs)MPSNDArrayBinaryKernel(im)initWithCoder:device:	deferred		CNN/ray/NDArray/GPU encode not in this Linux starting partition; no Metal command encoder
c:objc(cs)MPSNDArrayBinaryKernel(im)initWithDevice:	deferred		CNN/ray/NDArray/GPU encode not in this Linux starting partition; no Metal command encoder
c:objc(cs)MPSNDArrayBinaryKernel(py)primaryDilationRates	deferred		CNN/ray/NDArray/GPU encode not in this Linux starting partition; no Metal command encoder
c:objc(cs)MPSNDArrayBinaryKernel(py)primaryEdgeMode	deferred		CNN/ray/NDArray/GPU encode not in this Linux starting partition; no Metal command encoder
c:objc(cs)MPSNDArrayBinaryKernel(py)primaryKernelSizes	deferred		CNN/ray/NDArray/GPU encode not in this Linux starting partition; no Metal command encoder
c:objc(cs)MPSNDArrayBinaryKernel(py)primaryOffsets	deferred		CNN/ray/NDArray/GPU encode not in this Linux starting partition; no Metal command encoder
c:objc(cs)MPSNDArrayBinaryKernel(py)primaryStrides	deferred		CNN/ray/NDArray/GPU encode not in this Linux starting partition; no Metal command encoder
c:objc(cs)MPSNDArrayBinaryKernel(py)secondaryDilationRates	deferred		CNN/ray/NDArray/GPU encode not in this Linux starting partition; no Metal command encoder
c:objc(cs)MPSNDArrayBinaryKernel(py)secondaryEdgeMode	deferred		CNN/ray/NDArray/GPU encode not in this Linux starting partition; no Metal command encoder
c:objc(cs)MPSNDArrayBinaryKernel(py)secondaryKernelSizes	deferred		CNN/ray/NDArray/GPU encode not in this Linux starting partition; no Metal command encoder
c:objc(cs)MPSNDArrayBinaryKernel(py)secondaryOffsets	deferred		CNN/ray/NDArray/GPU encode not in this Linux starting partition; no Metal command encoder
c:objc(cs)MPSNDArrayBinaryKernel(py)secondaryStrides	deferred		CNN/ray/NDArray/GPU encode not in this Linux starting partition; no Metal command encoder
c:objc(cs)MPSNDArrayBinaryPrimaryGradientKernel	deferred		CNN/ray/NDArray/GPU encode not in this Linux starting partition; no Metal command encoder
c:objc(cs)MPSNDArrayBinaryPrimaryGradientKernel(im)encodeToCommandBuffer:primarySourceArray:secondarySourceArray:sourceGradient:gradientState:	deferred		CNN/ray/NDArray/GPU encode not in this Linux starting partition; no Metal command encoder
c:objc(cs)MPSNDArrayBinaryPrimaryGradientKernel(im)encodeToCommandBuffer:primarySourceArray:secondarySourceArray:sourceGradient:gradientState:destinationArray:	deferred		CNN/ray/NDArray/GPU encode not in this Linux starting partition; no Metal command encoder
c:objc(cs)MPSNDArrayBinaryPrimaryGradientKernel(im)initWithCoder:device:	deferred		CNN/ray/NDArray/GPU encode not in this Linux starting partition; no Metal command encoder
c:objc(cs)MPSNDArrayBinaryPrimaryGradientKernel(im)initWithDevice:	deferred		CNN/ray/NDArray/GPU encode not in this Linux starting partition; no Metal command encoder
c:objc(cs)MPSNDArrayBinarySecondaryGradientKernel	deferred		CNN/ray/NDArray/GPU encode not in this Linux starting partition; no Metal command encoder
c:objc(cs)MPSNDArrayBinarySecondaryGradientKernel(im)encodeToCommandBuffer:primarySourceArray:secondarySourceArray:sourceGradient:gradientState:	deferred		CNN/ray/NDArray/GPU encode not in this Linux starting partition; no Metal command encoder
c:objc(cs)MPSNDArrayBinarySecondaryGradientKernel(im)encodeToCommandBuffer:primarySourceArray:secondarySourceArray:sourceGradient:gradientState:destinationArray:	deferred		CNN/ray/NDArray/GPU encode not in this Linux starting partition; no Metal command encoder
c:objc(cs)MPSNDArrayBinarySecondaryGradientKernel(im)initWithCoder:device:	deferred		CNN/ray/NDArray/GPU encode not in this Linux starting partition; no Metal command encoder
c:objc(cs)MPSNDArrayBinarySecondaryGradientKernel(im)initWithDevice:	deferred		CNN/ray/NDArray/GPU encode not in this Linux starting partition; no Metal command encoder
c:objc(cs)MPSNDArrayDescriptor	deferred		CNN/ray/NDArray/GPU encode not in this Linux starting partition; no Metal command encoder
c:objc(cs)MPSNDArrayDescriptor(cm)descriptorWithDataType:dimensionCount:dimensionSizes:	deferred		CNN/ray/NDArray/GPU encode not in this Linux starting partition; no Metal command encoder
c:objc(cs)MPSNDArrayDescriptor(cm)descriptorWithDataType:shape:	deferred		CNN/ray/NDArray/GPU encode not in this Linux starting partition; no Metal command encoder
c:objc(cs)MPSNDArrayDescriptor(im)dimensionOrder	deferred		CNN/ray/NDArray/GPU encode not in this Linux starting partition; no Metal command encoder
c:objc(cs)MPSNDArrayDescriptor(im)getShape	deferred		CNN/ray/NDArray/GPU encode not in this Linux starting partition; no Metal command encoder
c:objc(cs)MPSNDArrayDescriptor(im)lengthOfDimension:	deferred		CNN/ray/NDArray/GPU encode not in this Linux starting partition; no Metal command encoder
c:objc(cs)MPSNDArrayDescriptor(im)permuteWithDimensionOrder:	deferred		CNN/ray/NDArray/GPU encode not in this Linux starting partition; no Metal command encoder
c:objc(cs)MPSNDArrayDescriptor(im)reshapeWithDimensionCount:dimensionSizes:	deferred		CNN/ray/NDArray/GPU encode not in this Linux starting partition; no Metal command encoder
c:objc(cs)MPSNDArrayDescriptor(im)reshapeWithShape:	deferred		CNN/ray/NDArray/GPU encode not in this Linux starting partition; no Metal command encoder
c:objc(cs)MPSNDArrayDescriptor(im)sliceDimension:withSubrange:	deferred		CNN/ray/NDArray/GPU encode not in this Linux starting partition; no Metal command encoder
c:objc(cs)MPSNDArrayDescriptor(im)sliceRangeForDimension:	deferred		CNN/ray/NDArray/GPU encode not in this Linux starting partition; no Metal command encoder
c:objc(cs)MPSNDArrayDescriptor(im)transposeDimension:withDimension:	deferred		CNN/ray/NDArray/GPU encode not in this Linux starting partition; no Metal command encoder
c:objc(cs)MPSNDArrayDescriptor(py)dataType	deferred		CNN/ray/NDArray/GPU encode not in this Linux starting partition; no Metal command encoder
c:objc(cs)MPSNDArrayDescriptor(py)numberOfDimensions	deferred		CNN/ray/NDArray/GPU encode not in this Linux starting partition; no Metal command encoder
c:objc(cs)MPSNDArrayDescriptor(py)preferPackedRows	deferred		CNN/ray/NDArray/GPU encode not in this Linux starting partition; no Metal command encoder
c:objc(cs)MPSNDArrayGather	deferred		CNN/ray/NDArray/GPU encode not in this Linux starting partition; no Metal command encoder
c:objc(cs)MPSNDArrayGather(py)axis	deferred		CNN/ray/NDArray/GPU encode not in this Linux starting partition; no Metal command encoder
c:objc(cs)MPSNDArrayGatherGradient	deferred		CNN/ray/NDArray/GPU encode not in this Linux starting partition; no Metal command encoder
c:objc(cs)MPSNDArrayGatherGradientState	deferred		CNN/ray/NDArray/GPU encode not in this Linux starting partition; no Metal command encoder
c:objc(cs)MPSNDArrayGradientState	deferred		CNN/ray/NDArray/GPU encode not in this Linux starting partition; no Metal command encoder
c:objc(cs)MPSNDArrayIdentity	deferred		CNN/ray/NDArray/GPU encode not in this Linux starting partition; no Metal command encoder
c:objc(cs)MPSNDArrayIdentity(im)initWithDevice:	deferred		CNN/ray/NDArray/GPU encode not in this Linux starting partition; no Metal command encoder
c:objc(cs)MPSNDArrayIdentity(im)reshapeWithCommandBuffer:sourceArray:dimensionCount:dimensionSizes:destinationArray:	deferred		CNN/ray/NDArray/GPU encode not in this Linux starting partition; no Metal command encoder
c:objc(cs)MPSNDArrayIdentity(im)reshapeWithCommandBuffer:sourceArray:shape:destinationArray:	deferred		CNN/ray/NDArray/GPU encode not in this Linux starting partition; no Metal command encoder
c:objc(cs)MPSNDArrayIdentity(im)reshapeWithCommandEncoder:commandBuffer:sourceArray:dimensionCount:dimensionSizes:destinationArray:	deferred		CNN/ray/NDArray/GPU encode not in this Linux starting partition; no Metal command encoder
c:objc(cs)MPSNDArrayIdentity(im)reshapeWithCommandEncoder:commandBuffer:sourceArray:shape:destinationArray:	deferred		CNN/ray/NDArray/GPU encode not in this Linux starting partition; no Metal command encoder
c:objc(cs)MPSNDArrayLUTDequantize	deferred		CNN/ray/NDArray/GPU encode not in this Linux starting partition; no Metal command encoder
c:objc(cs)MPSNDArrayLUTDequantize(im)initWithDevice:	deferred		CNN/ray/NDArray/GPU encode not in this Linux starting partition; no Metal command encoder
c:objc(cs)MPSNDArrayLUTQuantizationDescriptor	deferred		CNN/ray/NDArray/GPU encode not in this Linux starting partition; no Metal command encoder
c:objc(cs)MPSNDArrayLUTQuantizationDescriptor(im)initWithDataType:	deferred		CNN/ray/NDArray/GPU encode not in this Linux starting partition; no Metal command encoder
c:objc(cs)MPSNDArrayLUTQuantizationDescriptor(im)initWithDataType:vectorAxis:	deferred		CNN/ray/NDArray/GPU encode not in this Linux starting partition; no Metal command encoder
c:objc(cs)MPSNDArrayMatrixMultiplication	deferred		CNN/ray/NDArray/GPU encode not in this Linux starting partition; no Metal command encoder
c:objc(cs)MPSNDArrayMatrixMultiplication(py)alpha	deferred		CNN/ray/NDArray/GPU encode not in this Linux starting partition; no Metal command encoder
c:objc(cs)MPSNDArrayMatrixMultiplication(py)beta	deferred		CNN/ray/NDArray/GPU encode not in this Linux starting partition; no Metal command encoder
c:objc(cs)MPSNDArrayMultiaryBase	deferred		CNN/ray/NDArray/GPU encode not in this Linux starting partition; no Metal command encoder
c:objc(cs)MPSNDArrayMultiaryBase(im)copyWithZone:device:	deferred		CNN/ray/NDArray/GPU encode not in this Linux starting partition; no Metal command encoder
c:objc(cs)MPSNDArrayMultiaryBase(im)destinationArrayDescriptorForSourceArrays:sourceState:	deferred		CNN/ray/NDArray/GPU encode not in this Linux starting partition; no Metal command encoder
c:objc(cs)MPSNDArrayMultiaryBase(im)dilationRatesForSourceIndex:	deferred		CNN/ray/NDArray/GPU encode not in this Linux starting partition; no Metal command encoder
c:objc(cs)MPSNDArrayMultiaryBase(im)edgeModeAtSourceIndex:	deferred		CNN/ray/NDArray/GPU encode not in this Linux starting partition; no Metal command encoder
c:objc(cs)MPSNDArrayMultiaryBase(im)encodeWithCoder:	deferred		CNN/ray/NDArray/GPU encode not in this Linux starting partition; no Metal command encoder
c:objc(cs)MPSNDArrayMultiaryBase(im)initWithCoder:device:	deferred		CNN/ray/NDArray/GPU encode not in this Linux starting partition; no Metal command encoder
c:objc(cs)MPSNDArrayMultiaryBase(im)initWithDevice:sourceCount:	deferred		CNN/ray/NDArray/GPU encode not in this Linux starting partition; no Metal command encoder
c:objc(cs)MPSNDArrayMultiaryBase(im)kernelSizesForSourceIndex:	deferred		CNN/ray/NDArray/GPU encode not in this Linux starting partition; no Metal command encoder
c:objc(cs)MPSNDArrayMultiaryBase(im)offsetsAtSourceIndex:	deferred		CNN/ray/NDArray/GPU encode not in this Linux starting partition; no Metal command encoder
c:objc(cs)MPSNDArrayMultiaryBase(im)resultStateForSourceArrays:sourceStates:destinationArray:	deferred		CNN/ray/NDArray/GPU encode not in this Linux starting partition; no Metal command encoder
c:objc(cs)MPSNDArrayMultiaryBase(im)stridesForSourceIndex:	deferred		CNN/ray/NDArray/GPU encode not in this Linux starting partition; no Metal command encoder
c:objc(cs)MPSNDArrayMultiaryBase(py)destinationArrayAllocator	deferred		CNN/ray/NDArray/GPU encode not in this Linux starting partition; no Metal command encoder
c:objc(cs)MPSNDArrayMultiaryGradientKernel	deferred		CNN/ray/NDArray/GPU encode not in this Linux starting partition; no Metal command encoder
c:objc(cs)MPSNDArrayMultiaryGradientKernel(im)encodeToCommandBuffer:sourceArrays:sourceGradient:gradientState:	deferred		CNN/ray/NDArray/GPU encode not in this Linux starting partition; no Metal command encoder
c:objc(cs)MPSNDArrayMultiaryGradientKernel(im)encodeToCommandBuffer:sourceArrays:sourceGradient:gradientState:destinationArray:	deferred		CNN/ray/NDArray/GPU encode not in this Linux starting partition; no Metal command encoder
c:objc(cs)MPSNDArrayMultiaryGradientKernel(im)initWithCoder:device:	deferred		CNN/ray/NDArray/GPU encode not in this Linux starting partition; no Metal command encoder
c:objc(cs)MPSNDArrayMultiaryGradientKernel(im)initWithDevice:sourceCount:sourceGradientIndex:	deferred		CNN/ray/NDArray/GPU encode not in this Linux starting partition; no Metal command encoder
c:objc(cs)MPSNDArrayMultiaryKernel	deferred		CNN/ray/NDArray/GPU encode not in this Linux starting partition; no Metal command encoder
c:objc(cs)MPSNDArrayMultiaryKernel(im)encodeToCommandBuffer:sourceArrays:	deferred		CNN/ray/NDArray/GPU encode not in this Linux starting partition; no Metal command encoder
c:objc(cs)MPSNDArrayMultiaryKernel(im)encodeToCommandBuffer:sourceArrays:destinationArray:	deferred		CNN/ray/NDArray/GPU encode not in this Linux starting partition; no Metal command encoder
c:objc(cs)MPSNDArrayMultiaryKernel(im)encodeToCommandBuffer:sourceArrays:resultState:destinationArray:	deferred		CNN/ray/NDArray/GPU encode not in this Linux starting partition; no Metal command encoder
c:objc(cs)MPSNDArrayMultiaryKernel(im)encodeToCommandBuffer:sourceArrays:resultState:outputStateIsTemporary:	deferred		CNN/ray/NDArray/GPU encode not in this Linux starting partition; no Metal command encoder
c:objc(cs)MPSNDArrayMultiaryKernel(im)encodeToCommandEncoder:commandBuffer:sourceArrays:destinationArray:	deferred		CNN/ray/NDArray/GPU encode not in this Linux starting partition; no Metal command encoder
c:objc(cs)MPSNDArrayMultiaryKernel(im)initWithCoder:device:	deferred		CNN/ray/NDArray/GPU encode not in this Linux starting partition; no Metal command encoder
c:objc(cs)MPSNDArrayMultiaryKernel(im)initWithDevice:sourceCount:	deferred		CNN/ray/NDArray/GPU encode not in this Linux starting partition; no Metal command encoder
c:objc(cs)MPSNDArrayQuantizationDescriptor	deferred		CNN/ray/NDArray/GPU encode not in this Linux starting partition; no Metal command encoder
c:objc(cs)MPSNDArrayQuantizationDescriptor(py)quantizationDataType	deferred		CNN/ray/NDArray/GPU encode not in this Linux starting partition; no Metal command encoder
c:objc(cs)MPSNDArrayQuantizationDescriptor(py)quantizationScheme	deferred		CNN/ray/NDArray/GPU encode not in this Linux starting partition; no Metal command encoder
c:objc(cs)MPSNDArrayQuantizedMatrixMultiplication	deferred		CNN/ray/NDArray/GPU encode not in this Linux starting partition; no Metal command encoder
c:objc(cs)MPSNDArrayQuantizedMatrixMultiplication(im)initWithDevice:leftQuantizationDescriptor:rightQuantizationDescriptor:	deferred		CNN/ray/NDArray/GPU encode not in this Linux starting partition; no Metal command encoder
c:objc(cs)MPSNDArrayStridedSlice	deferred		CNN/ray/NDArray/GPU encode not in this Linux starting partition; no Metal command encoder
c:objc(cs)MPSNDArrayStridedSlice(py)strides	deferred		CNN/ray/NDArray/GPU encode not in this Linux starting partition; no Metal command encoder
c:objc(cs)MPSNDArrayStridedSliceGradient	deferred		CNN/ray/NDArray/GPU encode not in this Linux starting partition; no Metal command encoder
c:objc(cs)MPSNDArrayUnaryGradientKernel	deferred		CNN/ray/NDArray/GPU encode not in this Linux starting partition; no Metal command encoder
c:objc(cs)MPSNDArrayUnaryGradientKernel(im)encodeToCommandBuffer:sourceArray:sourceGradient:gradientState:	deferred		CNN/ray/NDArray/GPU encode not in this Linux starting partition; no Metal command encoder
c:objc(cs)MPSNDArrayUnaryGradientKernel(im)encodeToCommandBuffer:sourceArray:sourceGradient:gradientState:destinationArray:	deferred		CNN/ray/NDArray/GPU encode not in this Linux starting partition; no Metal command encoder
c:objc(cs)MPSNDArrayUnaryGradientKernel(im)initWithCoder:device:	deferred		CNN/ray/NDArray/GPU encode not in this Linux starting partition; no Metal command encoder
c:objc(cs)MPSNDArrayUnaryGradientKernel(im)initWithDevice:	deferred		CNN/ray/NDArray/GPU encode not in this Linux starting partition; no Metal command encoder
c:objc(cs)MPSNDArrayUnaryKernel	deferred		CNN/ray/NDArray/GPU encode not in this Linux starting partition; no Metal command encoder
c:objc(cs)MPSNDArrayUnaryKernel(im)encodeToCommandBuffer:sourceArray:	deferred		CNN/ray/NDArray/GPU encode not in this Linux starting partition; no Metal command encoder
c:objc(cs)MPSNDArrayUnaryKernel(im)encodeToCommandBuffer:sourceArray:destinationArray:	deferred		CNN/ray/NDArray/GPU encode not in this Linux starting partition; no Metal command encoder
c:objc(cs)MPSNDArrayUnaryKernel(im)encodeToCommandBuffer:sourceArray:resultState:destinationArray:	deferred		CNN/ray/NDArray/GPU encode not in this Linux starting partition; no Metal command encoder
c:objc(cs)MPSNDArrayUnaryKernel(im)encodeToCommandBuffer:sourceArray:resultState:outputStateIsTemporary:	deferred		CNN/ray/NDArray/GPU encode not in this Linux starting partition; no Metal command encoder
c:objc(cs)MPSNDArrayUnaryKernel(im)initWithCoder:device:	deferred		CNN/ray/NDArray/GPU encode not in this Linux starting partition; no Metal command encoder
c:objc(cs)MPSNDArrayUnaryKernel(im)initWithDevice:	deferred		CNN/ray/NDArray/GPU encode not in this Linux starting partition; no Metal command encoder
c:objc(cs)MPSNDArrayUnaryKernel(py)dilationRates	deferred		CNN/ray/NDArray/GPU encode not in this Linux starting partition; no Metal command encoder
c:objc(cs)MPSNDArrayUnaryKernel(py)edgeMode	deferred		CNN/ray/NDArray/GPU encode not in this Linux starting partition; no Metal command encoder
c:objc(cs)MPSNDArrayUnaryKernel(py)kernelSizes	deferred		CNN/ray/NDArray/GPU encode not in this Linux starting partition; no Metal command encoder
c:objc(cs)MPSNDArrayUnaryKernel(py)offsets	deferred		CNN/ray/NDArray/GPU encode not in this Linux starting partition; no Metal command encoder
c:objc(cs)MPSNDArrayUnaryKernel(py)strides	deferred		CNN/ray/NDArray/GPU encode not in this Linux starting partition; no Metal command encoder
c:objc(cs)MPSNDArrayVectorLUTDequantize	deferred		CNN/ray/NDArray/GPU encode not in this Linux starting partition; no Metal command encoder
c:objc(cs)MPSNDArrayVectorLUTDequantize(im)initWithDevice:axis:	deferred		CNN/ray/NDArray/GPU encode not in this Linux starting partition; no Metal command encoder
c:objc(cs)MPSNDArrayVectorLUTDequantize(py)vectorAxis	deferred		CNN/ray/NDArray/GPU encode not in this Linux starting partition; no Metal command encoder
c:objc(cs)MPSNNAdditionGradientNode	deferred		CNN/ray/NDArray/GPU encode not in this Linux starting partition; no Metal command encoder
c:objc(cs)MPSNNAdditionNode	deferred		CNN/ray/NDArray/GPU encode not in this Linux starting partition; no Metal command encoder
c:objc(cs)MPSNNArithmeticGradientNode	deferred		CNN/ray/NDArray/GPU encode not in this Linux starting partition; no Metal command encoder
c:objc(cs)MPSNNArithmeticGradientNode(im)initWithGradientImages:forwardFilter:isSecondarySourceFilter:	deferred		CNN/ray/NDArray/GPU encode not in this Linux starting partition; no Metal command encoder
c:objc(cs)MPSNNArithmeticGradientNode(im)initWithSourceGradient:sourceImage:gradientState:isSecondarySourceFilter:	deferred		CNN/ray/NDArray/GPU encode not in this Linux starting partition; no Metal command encoder
c:objc(cs)MPSNNArithmeticGradientNode(py)bias	deferred		CNN/ray/NDArray/GPU encode not in this Linux starting partition; no Metal command encoder
c:objc(cs)MPSNNArithmeticGradientNode(py)isSecondarySourceFilter	deferred		CNN/ray/NDArray/GPU encode not in this Linux starting partition; no Metal command encoder
c:objc(cs)MPSNNArithmeticGradientNode(py)maximumValue	deferred		CNN/ray/NDArray/GPU encode not in this Linux starting partition; no Metal command encoder
c:objc(cs)MPSNNArithmeticGradientNode(py)minimumValue	deferred		CNN/ray/NDArray/GPU encode not in this Linux starting partition; no Metal command encoder
c:objc(cs)MPSNNArithmeticGradientNode(py)primaryScale	deferred		CNN/ray/NDArray/GPU encode not in this Linux starting partition; no Metal command encoder
c:objc(cs)MPSNNArithmeticGradientNode(py)secondaryScale	deferred		CNN/ray/NDArray/GPU encode not in this Linux starting partition; no Metal command encoder
c:objc(cs)MPSNNArithmeticGradientNode(py)secondaryStrideInFeatureChannels	deferred		CNN/ray/NDArray/GPU encode not in this Linux starting partition; no Metal command encoder
c:objc(cs)MPSNNArithmeticGradientNode(py)secondaryStrideInPixelsX	deferred		CNN/ray/NDArray/GPU encode not in this Linux starting partition; no Metal command encoder
c:objc(cs)MPSNNArithmeticGradientNode(py)secondaryStrideInPixelsY	deferred		CNN/ray/NDArray/GPU encode not in this Linux starting partition; no Metal command encoder
c:objc(cs)MPSNNArithmeticGradientStateNode	deferred		CNN/ray/NDArray/GPU encode not in this Linux starting partition; no Metal command encoder
c:objc(cs)MPSNNBilinearScaleNode	deferred		CNN/ray/NDArray/GPU encode not in this Linux starting partition; no Metal command encoder
c:objc(cs)MPSNNBinaryArithmeticNode	deferred		CNN/ray/NDArray/GPU encode not in this Linux starting partition; no Metal command encoder
c:objc(cs)MPSNNBinaryArithmeticNode(im)gradientClass	deferred		CNN/ray/NDArray/GPU encode not in this Linux starting partition; no Metal command encoder
c:objc(cs)MPSNNBinaryArithmeticNode(im)gradientFiltersWithSources:	deferred		CNN/ray/NDArray/GPU encode not in this Linux starting partition; no Metal command encoder
c:objc(cs)MPSNNBinaryArithmeticNode(im)initWithLeftSource:rightSource:	deferred		CNN/ray/NDArray/GPU encode not in this Linux starting partition; no Metal command encoder
c:objc(cs)MPSNNBinaryArithmeticNode(im)initWithSources:	deferred		CNN/ray/NDArray/GPU encode not in this Linux starting partition; no Metal command encoder
c:objc(cs)MPSNNBinaryArithmeticNode(py)bias	deferred		CNN/ray/NDArray/GPU encode not in this Linux starting partition; no Metal command encoder
c:objc(cs)MPSNNBinaryArithmeticNode(py)maximumValue	deferred		CNN/ray/NDArray/GPU encode not in this Linux starting partition; no Metal command encoder
c:objc(cs)MPSNNBinaryArithmeticNode(py)minimumValue	deferred		CNN/ray/NDArray/GPU encode not in this Linux starting partition; no Metal command encoder
c:objc(cs)MPSNNBinaryArithmeticNode(py)primaryScale	deferred		CNN/ray/NDArray/GPU encode not in this Linux starting partition; no Metal command encoder
c:objc(cs)MPSNNBinaryArithmeticNode(py)primaryStrideInFeatureChannels	deferred		CNN/ray/NDArray/GPU encode not in this Linux starting partition; no Metal command encoder
c:objc(cs)MPSNNBinaryArithmeticNode(py)primaryStrideInPixelsX	deferred		CNN/ray/NDArray/GPU encode not in this Linux starting partition; no Metal command encoder
c:objc(cs)MPSNNBinaryArithmeticNode(py)primaryStrideInPixelsY	deferred		CNN/ray/NDArray/GPU encode not in this Linux starting partition; no Metal command encoder
c:objc(cs)MPSNNBinaryArithmeticNode(py)secondaryScale	deferred		CNN/ray/NDArray/GPU encode not in this Linux starting partition; no Metal command encoder
c:objc(cs)MPSNNBinaryArithmeticNode(py)secondaryStrideInFeatureChannels	deferred		CNN/ray/NDArray/GPU encode not in this Linux starting partition; no Metal command encoder
c:objc(cs)MPSNNBinaryArithmeticNode(py)secondaryStrideInPixelsX	deferred		CNN/ray/NDArray/GPU encode not in this Linux starting partition; no Metal command encoder
c:objc(cs)MPSNNBinaryArithmeticNode(py)secondaryStrideInPixelsY	deferred		CNN/ray/NDArray/GPU encode not in this Linux starting partition; no Metal command encoder
c:objc(cs)MPSNNBinaryGradientState	deferred		CNN/ray/NDArray/GPU encode not in this Linux starting partition; no Metal command encoder
c:objc(cs)MPSNNBinaryGradientStateNode	deferred		CNN/ray/NDArray/GPU encode not in this Linux starting partition; no Metal command encoder
c:objc(cs)MPSNNCompare	deferred		CNN/ray/NDArray/GPU encode not in this Linux starting partition; no Metal command encoder
c:objc(cs)MPSNNCompare(im)initWithDevice:	deferred		CNN/ray/NDArray/GPU encode not in this Linux starting partition; no Metal command encoder
c:objc(cs)MPSNNCompare(py)comparisonType	deferred		CNN/ray/NDArray/GPU encode not in this Linux starting partition; no Metal command encoder
c:objc(cs)MPSNNCompare(py)threshold	deferred		CNN/ray/NDArray/GPU encode not in this Linux starting partition; no Metal command encoder
c:objc(cs)MPSNNComparisonNode	deferred		CNN/ray/NDArray/GPU encode not in this Linux starting partition; no Metal command encoder
c:objc(cs)MPSNNComparisonNode(py)comparisonType	deferred		CNN/ray/NDArray/GPU encode not in this Linux starting partition; no Metal command encoder
c:objc(cs)MPSNNConcatenationGradientNode	deferred		CNN/ray/NDArray/GPU encode not in this Linux starting partition; no Metal command encoder
c:objc(cs)MPSNNConcatenationGradientNode(im)initWithSourceGradient:sourceImage:gradientState:	deferred		CNN/ray/NDArray/GPU encode not in this Linux starting partition; no Metal command encoder
c:objc(cs)MPSNNConcatenationNode	deferred		CNN/ray/NDArray/GPU encode not in this Linux starting partition; no Metal command encoder
c:objc(cs)MPSNNConcatenationNode(im)initWithSources:	deferred		CNN/ray/NDArray/GPU encode not in this Linux starting partition; no Metal command encoder
c:objc(cs)MPSNNCropAndResizeBilinear	deferred		CNN/ray/NDArray/GPU encode not in this Linux starting partition; no Metal command encoder
c:objc(cs)MPSNNCropAndResizeBilinear(im)initWithCoder:device:	deferred		CNN/ray/NDArray/GPU encode not in this Linux starting partition; no Metal command encoder
c:objc(cs)MPSNNCropAndResizeBilinear(im)initWithDevice:resizeWidth:resizeHeight:numberOfRegions:regions:	deferred		CNN/ray/NDArray/GPU encode not in this Linux starting partition; no Metal command encoder
c:objc(cs)MPSNNCropAndResizeBilinear(py)numberOfRegions	deferred		CNN/ray/NDArray/GPU encode not in this Linux starting partition; no Metal command encoder
c:objc(cs)MPSNNCropAndResizeBilinear(py)regions	deferred		CNN/ray/NDArray/GPU encode not in this Linux starting partition; no Metal command encoder
c:objc(cs)MPSNNCropAndResizeBilinear(py)resizeHeight	deferred		CNN/ray/NDArray/GPU encode not in this Linux starting partition; no Metal command encoder
c:objc(cs)MPSNNCropAndResizeBilinear(py)resizeWidth	deferred		CNN/ray/NDArray/GPU encode not in this Linux starting partition; no Metal command encoder
c:objc(cs)MPSNNDefaultPadding	deferred		CNN/ray/NDArray/GPU encode not in this Linux starting partition; no Metal command encoder
c:objc(cs)MPSNNDefaultPadding(cm)paddingForTensorflowAveragePooling	deferred		CNN/ray/NDArray/GPU encode not in this Linux starting partition; no Metal command encoder
c:objc(cs)MPSNNDefaultPadding(cm)paddingForTensorflowAveragePoolingValidOnly	deferred		CNN/ray/NDArray/GPU encode not in this Linux starting partition; no Metal command encoder
c:objc(cs)MPSNNDefaultPadding(cm)paddingWithMethod:	deferred		CNN/ray/NDArray/GPU encode not in this Linux starting partition; no Metal command encoder
c:objc(cs)MPSNNDefaultPadding(im)label	deferred		CNN/ray/NDArray/GPU encode not in this Linux starting partition; no Metal command encoder
c:objc(cs)MPSNNDivisionNode	deferred		CNN/ray/NDArray/GPU encode not in this Linux starting partition; no Metal command encoder
c:objc(cs)MPSNNFilterNode	declared	full/metalperformanceshaders/MPSKernel.swift	Stub declaration only; members remain deferred
c:objc(cs)MPSNNFilterNode(im)gradientFilterWithSource:	deferred		CNN/ray/NDArray/GPU encode not in this Linux starting partition; no Metal command encoder
c:objc(cs)MPSNNFilterNode(im)gradientFilterWithSources:	deferred		CNN/ray/NDArray/GPU encode not in this Linux starting partition; no Metal command encoder
c:objc(cs)MPSNNFilterNode(im)gradientFiltersWithSource:	deferred		CNN/ray/NDArray/GPU encode not in this Linux starting partition; no Metal command encoder
c:objc(cs)MPSNNFilterNode(im)gradientFiltersWithSources:	deferred		CNN/ray/NDArray/GPU encode not in this Linux starting partition; no Metal command encoder
c:objc(cs)MPSNNFilterNode(im)trainingGraphWithSourceGradient:nodeHandler:	deferred		CNN/ray/NDArray/GPU encode not in this Linux starting partition; no Metal command encoder
c:objc(cs)MPSNNFilterNode(py)label	deferred		CNN/ray/NDArray/GPU encode not in this Linux starting partition; no Metal command encoder
c:objc(cs)MPSNNFilterNode(py)paddingPolicy	deferred		CNN/ray/NDArray/GPU encode not in this Linux starting partition; no Metal command encoder
c:objc(cs)MPSNNFilterNode(py)resultImage	deferred		CNN/ray/NDArray/GPU encode not in this Linux starting partition; no Metal command encoder
c:objc(cs)MPSNNFilterNode(py)resultState	deferred		CNN/ray/NDArray/GPU encode not in this Linux starting partition; no Metal command encoder
c:objc(cs)MPSNNFilterNode(py)resultStates	deferred		CNN/ray/NDArray/GPU encode not in this Linux starting partition; no Metal command encoder
c:objc(cs)MPSNNForwardLoss	deferred		CNN/ray/NDArray/GPU encode not in this Linux starting partition; no Metal command encoder
c:objc(cs)MPSNNForwardLoss(im)encodeBatchToCommandBuffer:sourceImages:labels:weights:destinationStates:destinationImages:	deferred		CNN/ray/NDArray/GPU encode not in this Linux starting partition; no Metal command encoder
c:objc(cs)MPSNNForwardLoss(im)encodeBatchToCommandBuffer:sourceImages:labels:weights:destinationStates:destinationStateIsTemporary:	deferred		CNN/ray/NDArray/GPU encode not in this Linux starting partition; no Metal command encoder
c:objc(cs)MPSNNForwardLoss(im)initWithCoder:device:	deferred		CNN/ray/NDArray/GPU encode not in this Linux starting partition; no Metal command encoder
c:objc(cs)MPSNNForwardLoss(im)initWithDevice:lossDescriptor:	deferred		CNN/ray/NDArray/GPU encode not in this Linux starting partition; no Metal command encoder
c:objc(cs)MPSNNForwardLoss(py)delta	deferred		CNN/ray/NDArray/GPU encode not in this Linux starting partition; no Metal command encoder
c:objc(cs)MPSNNForwardLoss(py)epsilon	deferred		CNN/ray/NDArray/GPU encode not in this Linux starting partition; no Metal command encoder
c:objc(cs)MPSNNForwardLoss(py)labelSmoothing	deferred		CNN/ray/NDArray/GPU encode not in this Linux starting partition; no Metal command encoder
c:objc(cs)MPSNNForwardLoss(py)lossType	deferred		CNN/ray/NDArray/GPU encode not in this Linux starting partition; no Metal command encoder
c:objc(cs)MPSNNForwardLoss(py)numberOfClasses	deferred		CNN/ray/NDArray/GPU encode not in this Linux starting partition; no Metal command encoder
c:objc(cs)MPSNNForwardLoss(py)reduceAcrossBatch	deferred		CNN/ray/NDArray/GPU encode not in this Linux starting partition; no Metal command encoder
c:objc(cs)MPSNNForwardLoss(py)reductionType	deferred		CNN/ray/NDArray/GPU encode not in this Linux starting partition; no Metal command encoder
c:objc(cs)MPSNNForwardLoss(py)weight	deferred		CNN/ray/NDArray/GPU encode not in this Linux starting partition; no Metal command encoder
c:objc(cs)MPSNNForwardLossNode	deferred		CNN/ray/NDArray/GPU encode not in this Linux starting partition; no Metal command encoder
c:objc(cs)MPSNNForwardLossNode(cm)nodeWithSource:labels:weights:lossDescriptor:	deferred		CNN/ray/NDArray/GPU encode not in this Linux starting partition; no Metal command encoder
c:objc(cs)MPSNNForwardLossNode(im)gradientFilterWithSource:	deferred		CNN/ray/NDArray/GPU encode not in this Linux starting partition; no Metal command encoder
c:objc(cs)MPSNNForwardLossNode(im)gradientFilterWithSources:	deferred		CNN/ray/NDArray/GPU encode not in this Linux starting partition; no Metal command encoder
c:objc(cs)MPSNNForwardLossNode(im)gradientFiltersWithSource:	deferred		CNN/ray/NDArray/GPU encode not in this Linux starting partition; no Metal command encoder
c:objc(cs)MPSNNForwardLossNode(im)gradientFiltersWithSources:	deferred		CNN/ray/NDArray/GPU encode not in this Linux starting partition; no Metal command encoder
c:objc(cs)MPSNNForwardLossNode(im)initWithSource:labels:lossDescriptor:	deferred		CNN/ray/NDArray/GPU encode not in this Linux starting partition; no Metal command encoder
c:objc(cs)MPSNNForwardLossNode(im)initWithSource:labels:weights:lossDescriptor:	deferred		CNN/ray/NDArray/GPU encode not in this Linux starting partition; no Metal command encoder
c:objc(cs)MPSNNForwardLossNode(im)initWithSources:lossDescriptor:	deferred		CNN/ray/NDArray/GPU encode not in this Linux starting partition; no Metal command encoder
c:objc(cs)MPSNNForwardLossNode(py)delta	deferred		CNN/ray/NDArray/GPU encode not in this Linux starting partition; no Metal command encoder
c:objc(cs)MPSNNForwardLossNode(py)epsilon	deferred		CNN/ray/NDArray/GPU encode not in this Linux starting partition; no Metal command encoder
c:objc(cs)MPSNNForwardLossNode(py)labelSmoothing	deferred		CNN/ray/NDArray/GPU encode not in this Linux starting partition; no Metal command encoder
c:objc(cs)MPSNNForwardLossNode(py)lossType	deferred		CNN/ray/NDArray/GPU encode not in this Linux starting partition; no Metal command encoder
c:objc(cs)MPSNNForwardLossNode(py)numberOfClasses	deferred		CNN/ray/NDArray/GPU encode not in this Linux starting partition; no Metal command encoder
c:objc(cs)MPSNNForwardLossNode(py)propertyCallBack	deferred		CNN/ray/NDArray/GPU encode not in this Linux starting partition; no Metal command encoder
c:objc(cs)MPSNNForwardLossNode(py)reduceAcrossBatch	deferred		CNN/ray/NDArray/GPU encode not in this Linux starting partition; no Metal command encoder
c:objc(cs)MPSNNForwardLossNode(py)reductionType	deferred		CNN/ray/NDArray/GPU encode not in this Linux starting partition; no Metal command encoder
c:objc(cs)MPSNNForwardLossNode(py)weight	deferred		CNN/ray/NDArray/GPU encode not in this Linux starting partition; no Metal command encoder
c:objc(cs)MPSNNGradientFilterNode	deferred		CNN/ray/NDArray/GPU encode not in this Linux starting partition; no Metal command encoder
c:objc(cs)MPSNNGradientState	deferred		CNN/ray/NDArray/GPU encode not in this Linux starting partition; no Metal command encoder
c:objc(cs)MPSNNGradientStateNode	deferred		CNN/ray/NDArray/GPU encode not in this Linux starting partition; no Metal command encoder
c:objc(cs)MPSNNGramMatrixCalculation	deferred		CNN/ray/NDArray/GPU encode not in this Linux starting partition; no Metal command encoder
c:objc(cs)MPSNNGramMatrixCalculation(im)initWithCoder:device:	deferred		CNN/ray/NDArray/GPU encode not in this Linux starting partition; no Metal command encoder
c:objc(cs)MPSNNGramMatrixCalculation(im)initWithDevice:	deferred		CNN/ray/NDArray/GPU encode not in this Linux starting partition; no Metal command encoder
c:objc(cs)MPSNNGramMatrixCalculation(im)initWithDevice:alpha:	deferred		CNN/ray/NDArray/GPU encode not in this Linux starting partition; no Metal command encoder
c:objc(cs)MPSNNGramMatrixCalculation(py)alpha	deferred		CNN/ray/NDArray/GPU encode not in this Linux starting partition; no Metal command encoder
c:objc(cs)MPSNNGramMatrixCalculationGradient	deferred		CNN/ray/NDArray/GPU encode not in this Linux starting partition; no Metal command encoder
c:objc(cs)MPSNNGramMatrixCalculationGradient(im)initWithCoder:device:	deferred		CNN/ray/NDArray/GPU encode not in this Linux starting partition; no Metal command encoder
c:objc(cs)MPSNNGramMatrixCalculationGradient(im)initWithDevice:	deferred		CNN/ray/NDArray/GPU encode not in this Linux starting partition; no Metal command encoder
c:objc(cs)MPSNNGramMatrixCalculationGradient(im)initWithDevice:alpha:	deferred		CNN/ray/NDArray/GPU encode not in this Linux starting partition; no Metal command encoder
c:objc(cs)MPSNNGramMatrixCalculationGradient(py)alpha	deferred		CNN/ray/NDArray/GPU encode not in this Linux starting partition; no Metal command encoder
c:objc(cs)MPSNNGramMatrixCalculationGradientNode	deferred		CNN/ray/NDArray/GPU encode not in this Linux starting partition; no Metal command encoder
c:objc(cs)MPSNNGramMatrixCalculationGradientNode(im)initWithSourceGradient:sourceImage:gradientState:	deferred		CNN/ray/NDArray/GPU encode not in this Linux starting partition; no Metal command encoder
c:objc(cs)MPSNNGramMatrixCalculationGradientNode(im)initWithSourceGradient:sourceImage:gradientState:alpha:	deferred		CNN/ray/NDArray/GPU encode not in this Linux starting partition; no Metal command encoder
c:objc(cs)MPSNNGramMatrixCalculationGradientNode(py)alpha	deferred		CNN/ray/NDArray/GPU encode not in this Linux starting partition; no Metal command encoder
c:objc(cs)MPSNNGramMatrixCalculationNode	deferred		CNN/ray/NDArray/GPU encode not in this Linux starting partition; no Metal command encoder
c:objc(cs)MPSNNGramMatrixCalculationNode(im)initWithSource:	deferred		CNN/ray/NDArray/GPU encode not in this Linux starting partition; no Metal command encoder
c:objc(cs)MPSNNGramMatrixCalculationNode(im)initWithSource:alpha:	deferred		CNN/ray/NDArray/GPU encode not in this Linux starting partition; no Metal command encoder
c:objc(cs)MPSNNGramMatrixCalculationNode(py)alpha	deferred		CNN/ray/NDArray/GPU encode not in this Linux starting partition; no Metal command encoder
c:objc(cs)MPSNNGramMatrixCalculationNode(py)propertyCallBack	deferred		CNN/ray/NDArray/GPU encode not in this Linux starting partition; no Metal command encoder
c:objc(cs)MPSNNGraph	deferred		CNN/ray/NDArray/GPU encode not in this Linux starting partition; no Metal command encoder
c:objc(cs)MPSNNGraph(im)encodeBatchToCommandBuffer:sourceImages:sourceStates:	deferred		CNN/ray/NDArray/GPU encode not in this Linux starting partition; no Metal command encoder
c:objc(cs)MPSNNGraph(im)encodeBatchToCommandBuffer:sourceImages:sourceStates:intermediateImages:destinationStates:	deferred		CNN/ray/NDArray/GPU encode not in this Linux starting partition; no Metal command encoder
c:objc(cs)MPSNNGraph(im)encodeToCommandBuffer:sourceImages:	deferred		CNN/ray/NDArray/GPU encode not in this Linux starting partition; no Metal command encoder
c:objc(cs)MPSNNGraph(im)encodeToCommandBuffer:sourceImages:sourceStates:intermediateImages:destinationStates:	deferred		CNN/ray/NDArray/GPU encode not in this Linux starting partition; no Metal command encoder
c:objc(cs)MPSNNGraph(im)executeAsyncWithSourceImages:completionHandler:	deferred		CNN/ray/NDArray/GPU encode not in this Linux starting partition; no Metal command encoder
c:objc(cs)MPSNNGraph(im)initWithCoder:device:	deferred		CNN/ray/NDArray/GPU encode not in this Linux starting partition; no Metal command encoder
c:objc(cs)MPSNNGraph(im)initWithDevice:resultImage:	deferred		CNN/ray/NDArray/GPU encode not in this Linux starting partition; no Metal command encoder
c:objc(cs)MPSNNGraph(im)initWithDevice:resultImage:resultImageIsNeeded:	deferred		CNN/ray/NDArray/GPU encode not in this Linux starting partition; no Metal command encoder
c:objc(cs)MPSNNGraph(im)initWithDevice:resultImages:resultsAreNeeded:	deferred		CNN/ray/NDArray/GPU encode not in this Linux starting partition; no Metal command encoder
c:objc(cs)MPSNNGraph(im)readCountForSourceImageAtIndex:	deferred		CNN/ray/NDArray/GPU encode not in this Linux starting partition; no Metal command encoder
c:objc(cs)MPSNNGraph(im)readCountForSourceStateAtIndex:	deferred		CNN/ray/NDArray/GPU encode not in this Linux starting partition; no Metal command encoder
c:objc(cs)MPSNNGraph(im)reloadFromDataSources	deferred		CNN/ray/NDArray/GPU encode not in this Linux starting partition; no Metal command encoder
c:objc(cs)MPSNNGraph(py)destinationImageAllocator	deferred		CNN/ray/NDArray/GPU encode not in this Linux starting partition; no Metal command encoder
c:objc(cs)MPSNNGraph(py)format	deferred		CNN/ray/NDArray/GPU encode not in this Linux starting partition; no Metal command encoder
c:objc(cs)MPSNNGraph(py)intermediateImageHandles	deferred		CNN/ray/NDArray/GPU encode not in this Linux starting partition; no Metal command encoder
c:objc(cs)MPSNNGraph(py)outputStateIsTemporary	deferred		CNN/ray/NDArray/GPU encode not in this Linux starting partition; no Metal command encoder
c:objc(cs)MPSNNGraph(py)resultHandle	deferred		CNN/ray/NDArray/GPU encode not in this Linux starting partition; no Metal command encoder
c:objc(cs)MPSNNGraph(py)resultImageIsNeeded	deferred		CNN/ray/NDArray/GPU encode not in this Linux starting partition; no Metal command encoder
c:objc(cs)MPSNNGraph(py)resultStateHandles	deferred		CNN/ray/NDArray/GPU encode not in this Linux starting partition; no Metal command encoder
c:objc(cs)MPSNNGraph(py)sourceImageHandles	deferred		CNN/ray/NDArray/GPU encode not in this Linux starting partition; no Metal command encoder
c:objc(cs)MPSNNGraph(py)sourceStateHandles	deferred		CNN/ray/NDArray/GPU encode not in this Linux starting partition; no Metal command encoder
c:objc(cs)MPSNNGridSample	deferred		CNN/ray/NDArray/GPU encode not in this Linux starting partition; no Metal command encoder
c:objc(cs)MPSNNGridSample(im)initWithCoder:device:	deferred		CNN/ray/NDArray/GPU encode not in this Linux starting partition; no Metal command encoder
c:objc(cs)MPSNNGridSample(im)initWithDevice:	deferred		CNN/ray/NDArray/GPU encode not in this Linux starting partition; no Metal command encoder
c:objc(cs)MPSNNGridSample(py)useGridValueAsInputCoordinate	deferred		CNN/ray/NDArray/GPU encode not in this Linux starting partition; no Metal command encoder
c:objc(cs)MPSNNImageNode	declared	full/metalperformanceshaders/MPSKernel.swift	Stub declaration only; members remain deferred
c:objc(cs)MPSNNImageNode(cm)exportedNodeWithHandle:	deferred		CNN/ray/NDArray/GPU encode not in this Linux starting partition; no Metal command encoder
c:objc(cs)MPSNNImageNode(im)initWithHandle:	deferred		CNN/ray/NDArray/GPU encode not in this Linux starting partition; no Metal command encoder
c:objc(cs)MPSNNImageNode(py)exportFromGraph	deferred		CNN/ray/NDArray/GPU encode not in this Linux starting partition; no Metal command encoder
c:objc(cs)MPSNNImageNode(py)format	deferred		CNN/ray/NDArray/GPU encode not in this Linux starting partition; no Metal command encoder
c:objc(cs)MPSNNImageNode(py)handle	deferred		CNN/ray/NDArray/GPU encode not in this Linux starting partition; no Metal command encoder
c:objc(cs)MPSNNImageNode(py)imageAllocator	deferred		CNN/ray/NDArray/GPU encode not in this Linux starting partition; no Metal command encoder
c:objc(cs)MPSNNImageNode(py)stopGradient	deferred		CNN/ray/NDArray/GPU encode not in this Linux starting partition; no Metal command encoder
c:objc(cs)MPSNNImageNode(py)synchronizeResource	deferred		CNN/ray/NDArray/GPU encode not in this Linux starting partition; no Metal command encoder
c:objc(cs)MPSNNInitialGradient	deferred		CNN/ray/NDArray/GPU encode not in this Linux starting partition; no Metal command encoder
c:objc(cs)MPSNNInitialGradient(im)initWithDevice:	deferred		CNN/ray/NDArray/GPU encode not in this Linux starting partition; no Metal command encoder
c:objc(cs)MPSNNInitialGradientNode	deferred		CNN/ray/NDArray/GPU encode not in this Linux starting partition; no Metal command encoder
c:objc(cs)MPSNNInitialGradientNode(im)initWithSource:	deferred		CNN/ray/NDArray/GPU encode not in this Linux starting partition; no Metal command encoder
c:objc(cs)MPSNNLabelsNode	deferred		CNN/ray/NDArray/GPU encode not in this Linux starting partition; no Metal command encoder
c:objc(cs)MPSNNLanczosScaleNode	deferred		CNN/ray/NDArray/GPU encode not in this Linux starting partition; no Metal command encoder
c:objc(cs)MPSNNLocalCorrelation	deferred		CNN/ray/NDArray/GPU encode not in this Linux starting partition; no Metal command encoder
c:objc(cs)MPSNNLocalCorrelation(im)initWithCoder:device:	deferred		CNN/ray/NDArray/GPU encode not in this Linux starting partition; no Metal command encoder
c:objc(cs)MPSNNLocalCorrelation(im)initWithDevice:	deferred		CNN/ray/NDArray/GPU encode not in this Linux starting partition; no Metal command encoder
c:objc(cs)MPSNNLocalCorrelation(im)initWithDevice:windowInX:windowInY:strideInX:strideInY:	deferred		CNN/ray/NDArray/GPU encode not in this Linux starting partition; no Metal command encoder
c:objc(cs)MPSNNLocalCorrelation(py)strideInX	deferred		CNN/ray/NDArray/GPU encode not in this Linux starting partition; no Metal command encoder
c:objc(cs)MPSNNLocalCorrelation(py)strideInY	deferred		CNN/ray/NDArray/GPU encode not in this Linux starting partition; no Metal command encoder
c:objc(cs)MPSNNLocalCorrelation(py)windowInX	deferred		CNN/ray/NDArray/GPU encode not in this Linux starting partition; no Metal command encoder
c:objc(cs)MPSNNLocalCorrelation(py)windowInY	deferred		CNN/ray/NDArray/GPU encode not in this Linux starting partition; no Metal command encoder
c:objc(cs)MPSNNLossGradient	deferred		CNN/ray/NDArray/GPU encode not in this Linux starting partition; no Metal command encoder
c:objc(cs)MPSNNLossGradient(im)encodeBatchToCommandBuffer:sourceGradients:sourceImages:labels:weights:sourceStates:	deferred		CNN/ray/NDArray/GPU encode not in this Linux starting partition; no Metal command encoder
c:objc(cs)MPSNNLossGradient(im)encodeBatchToCommandBuffer:sourceGradients:sourceImages:labels:weights:sourceStates:destinationGradients:	deferred		CNN/ray/NDArray/GPU encode not in this Linux starting partition; no Metal command encoder
c:objc(cs)MPSNNLossGradient(im)initWithCoder:device:	deferred		CNN/ray/NDArray/GPU encode not in this Linux starting partition; no Metal command encoder
c:objc(cs)MPSNNLossGradient(im)initWithDevice:lossDescriptor:	deferred		CNN/ray/NDArray/GPU encode not in this Linux starting partition; no Metal command encoder
c:objc(cs)MPSNNLossGradient(py)computeLabelGradients	deferred		CNN/ray/NDArray/GPU encode not in this Linux starting partition; no Metal command encoder
c:objc(cs)MPSNNLossGradient(py)delta	deferred		CNN/ray/NDArray/GPU encode not in this Linux starting partition; no Metal command encoder
c:objc(cs)MPSNNLossGradient(py)epsilon	deferred		CNN/ray/NDArray/GPU encode not in this Linux starting partition; no Metal command encoder
c:objc(cs)MPSNNLossGradient(py)labelSmoothing	deferred		CNN/ray/NDArray/GPU encode not in this Linux starting partition; no Metal command encoder
c:objc(cs)MPSNNLossGradient(py)lossType	deferred		CNN/ray/NDArray/GPU encode not in this Linux starting partition; no Metal command encoder
c:objc(cs)MPSNNLossGradient(py)numberOfClasses	deferred		CNN/ray/NDArray/GPU encode not in this Linux starting partition; no Metal command encoder
c:objc(cs)MPSNNLossGradient(py)reduceAcrossBatch	deferred		CNN/ray/NDArray/GPU encode not in this Linux starting partition; no Metal command encoder
c:objc(cs)MPSNNLossGradient(py)reductionType	deferred		CNN/ray/NDArray/GPU encode not in this Linux starting partition; no Metal command encoder
c:objc(cs)MPSNNLossGradient(py)weight	deferred		CNN/ray/NDArray/GPU encode not in this Linux starting partition; no Metal command encoder
c:objc(cs)MPSNNLossGradientNode	deferred		CNN/ray/NDArray/GPU encode not in this Linux starting partition; no Metal command encoder
c:objc(cs)MPSNNLossGradientNode(cm)nodeWithSourceGradient:sourceImage:labels:weights:gradientState:lossDescriptor:isLabelsGradientFilter:	deferred		CNN/ray/NDArray/GPU encode not in this Linux starting partition; no Metal command encoder
c:objc(cs)MPSNNLossGradientNode(im)initWithSourceGradient:sourceImage:labels:gradientState:lossDescriptor:isLabelsGradientFilter:	deferred		CNN/ray/NDArray/GPU encode not in this Linux starting partition; no Metal command encoder
c:objc(cs)MPSNNLossGradientNode(im)initWithSourceGradient:sourceImage:labels:weights:gradientState:lossDescriptor:isLabelsGradientFilter:	deferred		CNN/ray/NDArray/GPU encode not in this Linux starting partition; no Metal command encoder
c:objc(cs)MPSNNLossGradientNode(im)initWithSources:gradientState:lossDescriptor:isLabelsGradientFilter:	deferred		CNN/ray/NDArray/GPU encode not in this Linux starting partition; no Metal command encoder
c:objc(cs)MPSNNLossGradientNode(py)delta	deferred		CNN/ray/NDArray/GPU encode not in this Linux starting partition; no Metal command encoder
c:objc(cs)MPSNNLossGradientNode(py)epsilon	deferred		CNN/ray/NDArray/GPU encode not in this Linux starting partition; no Metal command encoder
c:objc(cs)MPSNNLossGradientNode(py)isLabelsGradientFilter	deferred		CNN/ray/NDArray/GPU encode not in this Linux starting partition; no Metal command encoder
c:objc(cs)MPSNNLossGradientNode(py)labelSmoothing	deferred		CNN/ray/NDArray/GPU encode not in this Linux starting partition; no Metal command encoder
c:objc(cs)MPSNNLossGradientNode(py)lossType	deferred		CNN/ray/NDArray/GPU encode not in this Linux starting partition; no Metal command encoder
c:objc(cs)MPSNNLossGradientNode(py)numberOfClasses	deferred		CNN/ray/NDArray/GPU encode not in this Linux starting partition; no Metal command encoder
c:objc(cs)MPSNNLossGradientNode(py)propertyCallBack	deferred		CNN/ray/NDArray/GPU encode not in this Linux starting partition; no Metal command encoder
c:objc(cs)MPSNNLossGradientNode(py)reduceAcrossBatch	deferred		CNN/ray/NDArray/GPU encode not in this Linux starting partition; no Metal command encoder
c:objc(cs)MPSNNLossGradientNode(py)reductionType	deferred		CNN/ray/NDArray/GPU encode not in this Linux starting partition; no Metal command encoder
c:objc(cs)MPSNNLossGradientNode(py)weight	deferred		CNN/ray/NDArray/GPU encode not in this Linux starting partition; no Metal command encoder
c:objc(cs)MPSNNMultiaryGradientState	deferred		CNN/ray/NDArray/GPU encode not in this Linux starting partition; no Metal command encoder
c:objc(cs)MPSNNMultiaryGradientStateNode	deferred		CNN/ray/NDArray/GPU encode not in this Linux starting partition; no Metal command encoder
c:objc(cs)MPSNNMultiplicationGradientNode	deferred		CNN/ray/NDArray/GPU encode not in this Linux starting partition; no Metal command encoder
c:objc(cs)MPSNNMultiplicationNode	deferred		CNN/ray/NDArray/GPU encode not in this Linux starting partition; no Metal command encoder
c:objc(cs)MPSNNNeuronDescriptor	deferred		CNN/ray/NDArray/GPU encode not in this Linux starting partition; no Metal command encoder
c:objc(cs)MPSNNNeuronDescriptor(cm)cnnNeuronDescriptorWithType:	deferred		CNN/ray/NDArray/GPU encode not in this Linux starting partition; no Metal command encoder
c:objc(cs)MPSNNNeuronDescriptor(cm)cnnNeuronDescriptorWithType:a:	deferred		CNN/ray/NDArray/GPU encode not in this Linux starting partition; no Metal command encoder
c:objc(cs)MPSNNNeuronDescriptor(cm)cnnNeuronDescriptorWithType:a:b:	deferred		CNN/ray/NDArray/GPU encode not in this Linux starting partition; no Metal command encoder
c:objc(cs)MPSNNNeuronDescriptor(cm)cnnNeuronDescriptorWithType:a:b:c:	deferred		CNN/ray/NDArray/GPU encode not in this Linux starting partition; no Metal command encoder
c:objc(cs)MPSNNNeuronDescriptor(cm)cnnNeuronPReLUDescriptorWithData:noCopy:	deferred		CNN/ray/NDArray/GPU encode not in this Linux starting partition; no Metal command encoder
c:objc(cs)MPSNNNeuronDescriptor(py)a	deferred		CNN/ray/NDArray/GPU encode not in this Linux starting partition; no Metal command encoder
c:objc(cs)MPSNNNeuronDescriptor(py)b	deferred		CNN/ray/NDArray/GPU encode not in this Linux starting partition; no Metal command encoder
c:objc(cs)MPSNNNeuronDescriptor(py)c	deferred		CNN/ray/NDArray/GPU encode not in this Linux starting partition; no Metal command encoder
c:objc(cs)MPSNNNeuronDescriptor(py)data	deferred		CNN/ray/NDArray/GPU encode not in this Linux starting partition; no Metal command encoder
c:objc(cs)MPSNNNeuronDescriptor(py)neuronType	deferred		CNN/ray/NDArray/GPU encode not in this Linux starting partition; no Metal command encoder
c:objc(cs)MPSNNOptimizer	deferred		CNN/ray/NDArray/GPU encode not in this Linux starting partition; no Metal command encoder
c:objc(cs)MPSNNOptimizer(im)setLearningRate:	deferred		CNN/ray/NDArray/GPU encode not in this Linux starting partition; no Metal command encoder
c:objc(cs)MPSNNOptimizer(py)applyGradientClipping	deferred		CNN/ray/NDArray/GPU encode not in this Linux starting partition; no Metal command encoder
c:objc(cs)MPSNNOptimizer(py)gradientClipMax	deferred		CNN/ray/NDArray/GPU encode not in this Linux starting partition; no Metal command encoder
c:objc(cs)MPSNNOptimizer(py)gradientClipMin	deferred		CNN/ray/NDArray/GPU encode not in this Linux starting partition; no Metal command encoder
c:objc(cs)MPSNNOptimizer(py)gradientRescale	deferred		CNN/ray/NDArray/GPU encode not in this Linux starting partition; no Metal command encoder
c:objc(cs)MPSNNOptimizer(py)learningRate	deferred		CNN/ray/NDArray/GPU encode not in this Linux starting partition; no Metal command encoder
c:objc(cs)MPSNNOptimizer(py)regularizationScale	deferred		CNN/ray/NDArray/GPU encode not in this Linux starting partition; no Metal command encoder
c:objc(cs)MPSNNOptimizer(py)regularizationType	deferred		CNN/ray/NDArray/GPU encode not in this Linux starting partition; no Metal command encoder
c:objc(cs)MPSNNOptimizerAdam	deferred		CNN/ray/NDArray/GPU encode not in this Linux starting partition; no Metal command encoder
c:objc(cs)MPSNNOptimizerAdam(im)encodeToCommandBuffer:batchNormalizationGradientState:batchNormalizationSourceState:inputMomentumVectors:inputVelocityVectors:maximumVelocityVectors:resultState:	deferred		CNN/ray/NDArray/GPU encode not in this Linux starting partition; no Metal command encoder
c:objc(cs)MPSNNOptimizerAdam(im)encodeToCommandBuffer:batchNormalizationGradientState:batchNormalizationSourceState:inputMomentumVectors:inputVelocityVectors:resultState:	deferred		CNN/ray/NDArray/GPU encode not in this Linux starting partition; no Metal command encoder
c:objc(cs)MPSNNOptimizerAdam(im)encodeToCommandBuffer:batchNormalizationState:inputMomentumVectors:inputVelocityVectors:maximumVelocityVectors:resultState:	deferred		CNN/ray/NDArray/GPU encode not in this Linux starting partition; no Metal command encoder
c:objc(cs)MPSNNOptimizerAdam(im)encodeToCommandBuffer:batchNormalizationState:inputMomentumVectors:inputVelocityVectors:resultState:	deferred		CNN/ray/NDArray/GPU encode not in this Linux starting partition; no Metal command encoder
c:objc(cs)MPSNNOptimizerAdam(im)encodeToCommandBuffer:convolutionGradientState:convolutionSourceState:inputMomentumVectors:inputVelocityVectors:maximumVelocityVectors:resultState:	deferred		CNN/ray/NDArray/GPU encode not in this Linux starting partition; no Metal command encoder
c:objc(cs)MPSNNOptimizerAdam(im)encodeToCommandBuffer:convolutionGradientState:convolutionSourceState:inputMomentumVectors:inputVelocityVectors:resultState:	deferred		CNN/ray/NDArray/GPU encode not in this Linux starting partition; no Metal command encoder
c:objc(cs)MPSNNOptimizerAdam(im)encodeToCommandBuffer:inputGradientMatrix:inputValuesMatrix:inputMomentumMatrix:inputVelocityMatrix:maximumVelocityMatrix:resultValuesMatrix:	deferred		CNN/ray/NDArray/GPU encode not in this Linux starting partition; no Metal command encoder
c:objc(cs)MPSNNOptimizerAdam(im)encodeToCommandBuffer:inputGradientMatrix:inputValuesMatrix:inputMomentumMatrix:inputVelocityMatrix:resultValuesMatrix:	deferred		CNN/ray/NDArray/GPU encode not in this Linux starting partition; no Metal command encoder
c:objc(cs)MPSNNOptimizerAdam(im)encodeToCommandBuffer:inputGradientVector:inputValuesVector:inputMomentumVector:inputVelocityVector:maximumVelocityVector:resultValuesVector:	deferred		CNN/ray/NDArray/GPU encode not in this Linux starting partition; no Metal command encoder
c:objc(cs)MPSNNOptimizerAdam(im)encodeToCommandBuffer:inputGradientVector:inputValuesVector:inputMomentumVector:inputVelocityVector:resultValuesVector:	deferred		CNN/ray/NDArray/GPU encode not in this Linux starting partition; no Metal command encoder
c:objc(cs)MPSNNOptimizerAdam(im)initWithDevice:beta1:beta2:epsilon:timeStep:optimizerDescriptor:	deferred		CNN/ray/NDArray/GPU encode not in this Linux starting partition; no Metal command encoder
c:objc(cs)MPSNNOptimizerAdam(im)initWithDevice:learningRate:	deferred		CNN/ray/NDArray/GPU encode not in this Linux starting partition; no Metal command encoder
c:objc(cs)MPSNNOptimizerAdam(py)beta1	deferred		CNN/ray/NDArray/GPU encode not in this Linux starting partition; no Metal command encoder
c:objc(cs)MPSNNOptimizerAdam(py)beta2	deferred		CNN/ray/NDArray/GPU encode not in this Linux starting partition; no Metal command encoder
c:objc(cs)MPSNNOptimizerAdam(py)epsilon	deferred		CNN/ray/NDArray/GPU encode not in this Linux starting partition; no Metal command encoder
c:objc(cs)MPSNNOptimizerAdam(py)timeStep	deferred		CNN/ray/NDArray/GPU encode not in this Linux starting partition; no Metal command encoder
c:objc(cs)MPSNNOptimizerDescriptor	deferred		CNN/ray/NDArray/GPU encode not in this Linux starting partition; no Metal command encoder
c:objc(cs)MPSNNOptimizerDescriptor(im)initWithLearningRate:gradientRescale:applyGradientClipping:gradientClipMax:gradientClipMin:regularizationType:regularizationScale:	deferred		CNN/ray/NDArray/GPU encode not in this Linux starting partition; no Metal command encoder
c:objc(cs)MPSNNOptimizerDescriptor(im)initWithLearningRate:gradientRescale:regularizationType:regularizationScale:	deferred		CNN/ray/NDArray/GPU encode not in this Linux starting partition; no Metal command encoder
c:objc(cs)MPSNNOptimizerDescriptor(py)applyGradientClipping	deferred		CNN/ray/NDArray/GPU encode not in this Linux starting partition; no Metal command encoder
c:objc(cs)MPSNNOptimizerDescriptor(py)gradientClipMax	deferred		CNN/ray/NDArray/GPU encode not in this Linux starting partition; no Metal command encoder
c:objc(cs)MPSNNOptimizerDescriptor(py)gradientClipMin	deferred		CNN/ray/NDArray/GPU encode not in this Linux starting partition; no Metal command encoder
c:objc(cs)MPSNNOptimizerDescriptor(py)gradientRescale	deferred		CNN/ray/NDArray/GPU encode not in this Linux starting partition; no Metal command encoder
c:objc(cs)MPSNNOptimizerDescriptor(py)learningRate	deferred		CNN/ray/NDArray/GPU encode not in this Linux starting partition; no Metal command encoder
c:objc(cs)MPSNNOptimizerDescriptor(py)regularizationScale	deferred		CNN/ray/NDArray/GPU encode not in this Linux starting partition; no Metal command encoder
c:objc(cs)MPSNNOptimizerDescriptor(py)regularizationType	deferred		CNN/ray/NDArray/GPU encode not in this Linux starting partition; no Metal command encoder
c:objc(cs)MPSNNOptimizerRMSProp	deferred		CNN/ray/NDArray/GPU encode not in this Linux starting partition; no Metal command encoder
c:objc(cs)MPSNNOptimizerRMSProp(im)encodeToCommandBuffer:batchNormalizationGradientState:batchNormalizationSourceState:inputSumOfSquaresVectors:resultState:	deferred		CNN/ray/NDArray/GPU encode not in this Linux starting partition; no Metal command encoder
c:objc(cs)MPSNNOptimizerRMSProp(im)encodeToCommandBuffer:batchNormalizationState:inputSumOfSquaresVectors:resultState:	deferred		CNN/ray/NDArray/GPU encode not in this Linux starting partition; no Metal command encoder
c:objc(cs)MPSNNOptimizerRMSProp(im)encodeToCommandBuffer:convolutionGradientState:convolutionSourceState:inputSumOfSquaresVectors:resultState:	deferred		CNN/ray/NDArray/GPU encode not in this Linux starting partition; no Metal command encoder
c:objc(cs)MPSNNOptimizerRMSProp(im)encodeToCommandBuffer:inputGradientMatrix:inputValuesMatrix:inputSumOfSquaresMatrix:resultValuesMatrix:	deferred		CNN/ray/NDArray/GPU encode not in this Linux starting partition; no Metal command encoder
c:objc(cs)MPSNNOptimizerRMSProp(im)encodeToCommandBuffer:inputGradientVector:inputValuesVector:inputSumOfSquaresVector:resultValuesVector:	deferred		CNN/ray/NDArray/GPU encode not in this Linux starting partition; no Metal command encoder
c:objc(cs)MPSNNOptimizerRMSProp(im)initWithDevice:decay:epsilon:optimizerDescriptor:	deferred		CNN/ray/NDArray/GPU encode not in this Linux starting partition; no Metal command encoder
c:objc(cs)MPSNNOptimizerRMSProp(im)initWithDevice:learningRate:	deferred		CNN/ray/NDArray/GPU encode not in this Linux starting partition; no Metal command encoder
c:objc(cs)MPSNNOptimizerRMSProp(py)decay	deferred		CNN/ray/NDArray/GPU encode not in this Linux starting partition; no Metal command encoder
c:objc(cs)MPSNNOptimizerRMSProp(py)epsilon	deferred		CNN/ray/NDArray/GPU encode not in this Linux starting partition; no Metal command encoder
c:objc(cs)MPSNNOptimizerStochasticGradientDescent	deferred		CNN/ray/NDArray/GPU encode not in this Linux starting partition; no Metal command encoder
c:objc(cs)MPSNNOptimizerStochasticGradientDescent(im)encodeToCommandBuffer:batchNormalizationGradientState:batchNormalizationSourceState:inputMomentumVectors:resultState:	deferred		CNN/ray/NDArray/GPU encode not in this Linux starting partition; no Metal command encoder
c:objc(cs)MPSNNOptimizerStochasticGradientDescent(im)encodeToCommandBuffer:batchNormalizationState:inputMomentumVectors:resultState:	deferred		CNN/ray/NDArray/GPU encode not in this Linux starting partition; no Metal command encoder
c:objc(cs)MPSNNOptimizerStochasticGradientDescent(im)encodeToCommandBuffer:convolutionGradientState:convolutionSourceState:inputMomentumVectors:resultState:	deferred		CNN/ray/NDArray/GPU encode not in this Linux starting partition; no Metal command encoder
c:objc(cs)MPSNNOptimizerStochasticGradientDescent(im)encodeToCommandBuffer:inputGradientMatrix:inputValuesMatrix:inputMomentumMatrix:resultValuesMatrix:	deferred		CNN/ray/NDArray/GPU encode not in this Linux starting partition; no Metal command encoder
c:objc(cs)MPSNNOptimizerStochasticGradientDescent(im)encodeToCommandBuffer:inputGradientVector:inputValuesVector:inputMomentumVector:resultValuesVector:	deferred		CNN/ray/NDArray/GPU encode not in this Linux starting partition; no Metal command encoder
c:objc(cs)MPSNNOptimizerStochasticGradientDescent(im)initWithDevice:learningRate:	deferred		CNN/ray/NDArray/GPU encode not in this Linux starting partition; no Metal command encoder
c:objc(cs)MPSNNOptimizerStochasticGradientDescent(im)initWithDevice:momentumScale:useNesterovMomentum:optimizerDescriptor:	deferred		CNN/ray/NDArray/GPU encode not in this Linux starting partition; no Metal command encoder
c:objc(cs)MPSNNOptimizerStochasticGradientDescent(im)initWithDevice:momentumScale:useNestrovMomentum:optimizerDescriptor:	deferred		CNN/ray/NDArray/GPU encode not in this Linux starting partition; no Metal command encoder
c:objc(cs)MPSNNOptimizerStochasticGradientDescent(py)momentumScale	deferred		CNN/ray/NDArray/GPU encode not in this Linux starting partition; no Metal command encoder
c:objc(cs)MPSNNOptimizerStochasticGradientDescent(py)useNesterovMomentum	deferred		CNN/ray/NDArray/GPU encode not in this Linux starting partition; no Metal command encoder
c:objc(cs)MPSNNOptimizerStochasticGradientDescent(py)useNestrovMomentum	deferred		CNN/ray/NDArray/GPU encode not in this Linux starting partition; no Metal command encoder
c:objc(cs)MPSNNPad	deferred		CNN/ray/NDArray/GPU encode not in this Linux starting partition; no Metal command encoder
c:objc(cs)MPSNNPad(im)initWithCoder:device:	deferred		CNN/ray/NDArray/GPU encode not in this Linux starting partition; no Metal command encoder
c:objc(cs)MPSNNPad(im)initWithDevice:	deferred		CNN/ray/NDArray/GPU encode not in this Linux starting partition; no Metal command encoder
c:objc(cs)MPSNNPad(im)initWithDevice:paddingSizeBefore:paddingSizeAfter:	deferred		CNN/ray/NDArray/GPU encode not in this Linux starting partition; no Metal command encoder
c:objc(cs)MPSNNPad(im)initWithDevice:paddingSizeBefore:paddingSizeAfter:fillValueArray:	deferred		CNN/ray/NDArray/GPU encode not in this Linux starting partition; no Metal command encoder
c:objc(cs)MPSNNPad(py)fillValue	deferred		CNN/ray/NDArray/GPU encode not in this Linux starting partition; no Metal command encoder
c:objc(cs)MPSNNPad(py)paddingSizeAfter	deferred		CNN/ray/NDArray/GPU encode not in this Linux starting partition; no Metal command encoder
c:objc(cs)MPSNNPad(py)paddingSizeBefore	deferred		CNN/ray/NDArray/GPU encode not in this Linux starting partition; no Metal command encoder
c:objc(cs)MPSNNPadGradient	deferred		CNN/ray/NDArray/GPU encode not in this Linux starting partition; no Metal command encoder
c:objc(cs)MPSNNPadGradient(im)initWithCoder:device:	deferred		CNN/ray/NDArray/GPU encode not in this Linux starting partition; no Metal command encoder
c:objc(cs)MPSNNPadGradient(im)initWithDevice:	deferred		CNN/ray/NDArray/GPU encode not in this Linux starting partition; no Metal command encoder
c:objc(cs)MPSNNPadGradientNode	deferred		CNN/ray/NDArray/GPU encode not in this Linux starting partition; no Metal command encoder
c:objc(cs)MPSNNPadGradientNode(im)initWithSourceGradient:sourceImage:gradientState:	deferred		CNN/ray/NDArray/GPU encode not in this Linux starting partition; no Metal command encoder
c:objc(cs)MPSNNPadNode	deferred		CNN/ray/NDArray/GPU encode not in this Linux starting partition; no Metal command encoder
c:objc(cs)MPSNNPadNode(im)initWithSource:paddingSizeBefore:paddingSizeAfter:edgeMode:	deferred		CNN/ray/NDArray/GPU encode not in this Linux starting partition; no Metal command encoder
c:objc(cs)MPSNNPadNode(py)fillValue	deferred		CNN/ray/NDArray/GPU encode not in this Linux starting partition; no Metal command encoder
c:objc(cs)MPSNNReduceBinary	deferred		CNN/ray/NDArray/GPU encode not in this Linux starting partition; no Metal command encoder
c:objc(cs)MPSNNReduceBinary(py)primaryOffset	deferred		CNN/ray/NDArray/GPU encode not in this Linux starting partition; no Metal command encoder
c:objc(cs)MPSNNReduceBinary(py)primarySourceClipRect	deferred		CNN/ray/NDArray/GPU encode not in this Linux starting partition; no Metal command encoder
c:objc(cs)MPSNNReduceBinary(py)secondaryOffset	deferred		CNN/ray/NDArray/GPU encode not in this Linux starting partition; no Metal command encoder
c:objc(cs)MPSNNReduceBinary(py)secondarySourceClipRect	deferred		CNN/ray/NDArray/GPU encode not in this Linux starting partition; no Metal command encoder
c:objc(cs)MPSNNReduceColumnMax	deferred		CNN/ray/NDArray/GPU encode not in this Linux starting partition; no Metal command encoder
c:objc(cs)MPSNNReduceColumnMax(im)initWithCoder:device:	deferred		CNN/ray/NDArray/GPU encode not in this Linux starting partition; no Metal command encoder
c:objc(cs)MPSNNReduceColumnMax(im)initWithDevice:	deferred		CNN/ray/NDArray/GPU encode not in this Linux starting partition; no Metal command encoder
c:objc(cs)MPSNNReduceColumnMean	deferred		CNN/ray/NDArray/GPU encode not in this Linux starting partition; no Metal command encoder
c:objc(cs)MPSNNReduceColumnMean(im)initWithCoder:device:	deferred		CNN/ray/NDArray/GPU encode not in this Linux starting partition; no Metal command encoder
c:objc(cs)MPSNNReduceColumnMean(im)initWithDevice:	deferred		CNN/ray/NDArray/GPU encode not in this Linux starting partition; no Metal command encoder
c:objc(cs)MPSNNReduceColumnMin	deferred		CNN/ray/NDArray/GPU encode not in this Linux starting partition; no Metal command encoder
c:objc(cs)MPSNNReduceColumnMin(im)initWithCoder:device:	deferred		CNN/ray/NDArray/GPU encode not in this Linux starting partition; no Metal command encoder
c:objc(cs)MPSNNReduceColumnMin(im)initWithDevice:	deferred		CNN/ray/NDArray/GPU encode not in this Linux starting partition; no Metal command encoder
c:objc(cs)MPSNNReduceColumnSum	deferred		CNN/ray/NDArray/GPU encode not in this Linux starting partition; no Metal command encoder
c:objc(cs)MPSNNReduceColumnSum(im)initWithCoder:device:	deferred		CNN/ray/NDArray/GPU encode not in this Linux starting partition; no Metal command encoder
c:objc(cs)MPSNNReduceColumnSum(im)initWithDevice:	deferred		CNN/ray/NDArray/GPU encode not in this Linux starting partition; no Metal command encoder
c:objc(cs)MPSNNReduceFeatureChannelsAndWeightsMean	deferred		CNN/ray/NDArray/GPU encode not in this Linux starting partition; no Metal command encoder
c:objc(cs)MPSNNReduceFeatureChannelsAndWeightsMean(im)initWithCoder:device:	deferred		CNN/ray/NDArray/GPU encode not in this Linux starting partition; no Metal command encoder
c:objc(cs)MPSNNReduceFeatureChannelsAndWeightsMean(im)initWithDevice:	deferred		CNN/ray/NDArray/GPU encode not in this Linux starting partition; no Metal command encoder
c:objc(cs)MPSNNReduceFeatureChannelsAndWeightsSum	deferred		CNN/ray/NDArray/GPU encode not in this Linux starting partition; no Metal command encoder
c:objc(cs)MPSNNReduceFeatureChannelsAndWeightsSum(im)initWithCoder:device:	deferred		CNN/ray/NDArray/GPU encode not in this Linux starting partition; no Metal command encoder
c:objc(cs)MPSNNReduceFeatureChannelsAndWeightsSum(im)initWithDevice:	deferred		CNN/ray/NDArray/GPU encode not in this Linux starting partition; no Metal command encoder
c:objc(cs)MPSNNReduceFeatureChannelsAndWeightsSum(im)initWithDevice:doWeightedSumByNonZeroWeights:	deferred		CNN/ray/NDArray/GPU encode not in this Linux starting partition; no Metal command encoder
c:objc(cs)MPSNNReduceFeatureChannelsAndWeightsSum(py)doWeightedSumByNonZeroWeights	deferred		CNN/ray/NDArray/GPU encode not in this Linux starting partition; no Metal command encoder
c:objc(cs)MPSNNReduceFeatureChannelsArgumentMax	deferred		CNN/ray/NDArray/GPU encode not in this Linux starting partition; no Metal command encoder
c:objc(cs)MPSNNReduceFeatureChannelsArgumentMax(im)initWithCoder:device:	deferred		CNN/ray/NDArray/GPU encode not in this Linux starting partition; no Metal command encoder
c:objc(cs)MPSNNReduceFeatureChannelsArgumentMax(im)initWithDevice:	deferred		CNN/ray/NDArray/GPU encode not in this Linux starting partition; no Metal command encoder
c:objc(cs)MPSNNReduceFeatureChannelsArgumentMin	deferred		CNN/ray/NDArray/GPU encode not in this Linux starting partition; no Metal command encoder
c:objc(cs)MPSNNReduceFeatureChannelsArgumentMin(im)initWithCoder:device:	deferred		CNN/ray/NDArray/GPU encode not in this Linux starting partition; no Metal command encoder
c:objc(cs)MPSNNReduceFeatureChannelsArgumentMin(im)initWithDevice:	deferred		CNN/ray/NDArray/GPU encode not in this Linux starting partition; no Metal command encoder
c:objc(cs)MPSNNReduceFeatureChannelsMax	deferred		CNN/ray/NDArray/GPU encode not in this Linux starting partition; no Metal command encoder
c:objc(cs)MPSNNReduceFeatureChannelsMax(im)initWithCoder:device:	deferred		CNN/ray/NDArray/GPU encode not in this Linux starting partition; no Metal command encoder
c:objc(cs)MPSNNReduceFeatureChannelsMax(im)initWithDevice:	deferred		CNN/ray/NDArray/GPU encode not in this Linux starting partition; no Metal command encoder
c:objc(cs)MPSNNReduceFeatureChannelsMean	deferred		CNN/ray/NDArray/GPU encode not in this Linux starting partition; no Metal command encoder
c:objc(cs)MPSNNReduceFeatureChannelsMean(im)initWithCoder:device:	deferred		CNN/ray/NDArray/GPU encode not in this Linux starting partition; no Metal command encoder
c:objc(cs)MPSNNReduceFeatureChannelsMean(im)initWithDevice:	deferred		CNN/ray/NDArray/GPU encode not in this Linux starting partition; no Metal command encoder
c:objc(cs)MPSNNReduceFeatureChannelsMin	deferred		CNN/ray/NDArray/GPU encode not in this Linux starting partition; no Metal command encoder
c:objc(cs)MPSNNReduceFeatureChannelsMin(im)initWithCoder:device:	deferred		CNN/ray/NDArray/GPU encode not in this Linux starting partition; no Metal command encoder
c:objc(cs)MPSNNReduceFeatureChannelsMin(im)initWithDevice:	deferred		CNN/ray/NDArray/GPU encode not in this Linux starting partition; no Metal command encoder
c:objc(cs)MPSNNReduceFeatureChannelsSum	deferred		CNN/ray/NDArray/GPU encode not in this Linux starting partition; no Metal command encoder
c:objc(cs)MPSNNReduceFeatureChannelsSum(im)initWithCoder:device:	deferred		CNN/ray/NDArray/GPU encode not in this Linux starting partition; no Metal command encoder
c:objc(cs)MPSNNReduceFeatureChannelsSum(im)initWithDevice:	deferred		CNN/ray/NDArray/GPU encode not in this Linux starting partition; no Metal command encoder
c:objc(cs)MPSNNReduceFeatureChannelsSum(py)weight	deferred		CNN/ray/NDArray/GPU encode not in this Linux starting partition; no Metal command encoder
c:objc(cs)MPSNNReduceRowMax	deferred		CNN/ray/NDArray/GPU encode not in this Linux starting partition; no Metal command encoder
c:objc(cs)MPSNNReduceRowMax(im)initWithCoder:device:	deferred		CNN/ray/NDArray/GPU encode not in this Linux starting partition; no Metal command encoder
c:objc(cs)MPSNNReduceRowMax(im)initWithDevice:	deferred		CNN/ray/NDArray/GPU encode not in this Linux starting partition; no Metal command encoder
c:objc(cs)MPSNNReduceRowMean	deferred		CNN/ray/NDArray/GPU encode not in this Linux starting partition; no Metal command encoder
c:objc(cs)MPSNNReduceRowMean(im)initWithCoder:device:	deferred		CNN/ray/NDArray/GPU encode not in this Linux starting partition; no Metal command encoder
c:objc(cs)MPSNNReduceRowMean(im)initWithDevice:	deferred		CNN/ray/NDArray/GPU encode not in this Linux starting partition; no Metal command encoder
c:objc(cs)MPSNNReduceRowMin	deferred		CNN/ray/NDArray/GPU encode not in this Linux starting partition; no Metal command encoder
c:objc(cs)MPSNNReduceRowMin(im)initWithCoder:device:	deferred		CNN/ray/NDArray/GPU encode not in this Linux starting partition; no Metal command encoder
c:objc(cs)MPSNNReduceRowMin(im)initWithDevice:	deferred		CNN/ray/NDArray/GPU encode not in this Linux starting partition; no Metal command encoder
c:objc(cs)MPSNNReduceRowSum	deferred		CNN/ray/NDArray/GPU encode not in this Linux starting partition; no Metal command encoder
c:objc(cs)MPSNNReduceRowSum(im)initWithCoder:device:	deferred		CNN/ray/NDArray/GPU encode not in this Linux starting partition; no Metal command encoder
c:objc(cs)MPSNNReduceRowSum(im)initWithDevice:	deferred		CNN/ray/NDArray/GPU encode not in this Linux starting partition; no Metal command encoder
c:objc(cs)MPSNNReduceUnary	deferred		CNN/ray/NDArray/GPU encode not in this Linux starting partition; no Metal command encoder
c:objc(cs)MPSNNReduceUnary(py)clipRectSource	deferred		CNN/ray/NDArray/GPU encode not in this Linux starting partition; no Metal command encoder
c:objc(cs)MPSNNReduceUnary(py)offset	deferred		CNN/ray/NDArray/GPU encode not in this Linux starting partition; no Metal command encoder
c:objc(cs)MPSNNReductionColumnMaxNode	deferred		CNN/ray/NDArray/GPU encode not in this Linux starting partition; no Metal command encoder
c:objc(cs)MPSNNReductionColumnMeanNode	deferred		CNN/ray/NDArray/GPU encode not in this Linux starting partition; no Metal command encoder
c:objc(cs)MPSNNReductionColumnMinNode	deferred		CNN/ray/NDArray/GPU encode not in this Linux starting partition; no Metal command encoder
c:objc(cs)MPSNNReductionColumnSumNode	deferred		CNN/ray/NDArray/GPU encode not in this Linux starting partition; no Metal command encoder
c:objc(cs)MPSNNReductionFeatureChannelsArgumentMaxNode	deferred		CNN/ray/NDArray/GPU encode not in this Linux starting partition; no Metal command encoder
c:objc(cs)MPSNNReductionFeatureChannelsArgumentMinNode	deferred		CNN/ray/NDArray/GPU encode not in this Linux starting partition; no Metal command encoder
c:objc(cs)MPSNNReductionFeatureChannelsMaxNode	deferred		CNN/ray/NDArray/GPU encode not in this Linux starting partition; no Metal command encoder
c:objc(cs)MPSNNReductionFeatureChannelsMeanNode	deferred		CNN/ray/NDArray/GPU encode not in this Linux starting partition; no Metal command encoder
c:objc(cs)MPSNNReductionFeatureChannelsMinNode	deferred		CNN/ray/NDArray/GPU encode not in this Linux starting partition; no Metal command encoder
c:objc(cs)MPSNNReductionFeatureChannelsSumNode	deferred		CNN/ray/NDArray/GPU encode not in this Linux starting partition; no Metal command encoder
c:objc(cs)MPSNNReductionFeatureChannelsSumNode(py)weight	deferred		CNN/ray/NDArray/GPU encode not in this Linux starting partition; no Metal command encoder
c:objc(cs)MPSNNReductionRowMaxNode	deferred		CNN/ray/NDArray/GPU encode not in this Linux starting partition; no Metal command encoder
c:objc(cs)MPSNNReductionRowMeanNode	deferred		CNN/ray/NDArray/GPU encode not in this Linux starting partition; no Metal command encoder
c:objc(cs)MPSNNReductionRowMinNode	deferred		CNN/ray/NDArray/GPU encode not in this Linux starting partition; no Metal command encoder
c:objc(cs)MPSNNReductionRowSumNode	deferred		CNN/ray/NDArray/GPU encode not in this Linux starting partition; no Metal command encoder
c:objc(cs)MPSNNReductionSpatialMeanGradientNode	deferred		CNN/ray/NDArray/GPU encode not in this Linux starting partition; no Metal command encoder
c:objc(cs)MPSNNReductionSpatialMeanGradientNode(im)initWithSourceGradient:sourceImage:gradientState:	deferred		CNN/ray/NDArray/GPU encode not in this Linux starting partition; no Metal command encoder
c:objc(cs)MPSNNReductionSpatialMeanNode	deferred		CNN/ray/NDArray/GPU encode not in this Linux starting partition; no Metal command encoder
c:objc(cs)MPSNNReshape	deferred		CNN/ray/NDArray/GPU encode not in this Linux starting partition; no Metal command encoder
c:objc(cs)MPSNNReshape(im)encodeBatchToCommandBuffer:sourceImages:destinationStates:destinationStateIsTemporary:reshapedWidth:reshapedHeight:reshapedFeatureChannels:	deferred		CNN/ray/NDArray/GPU encode not in this Linux starting partition; no Metal command encoder
c:objc(cs)MPSNNReshape(im)encodeBatchToCommandBuffer:sourceImages:reshapedWidth:reshapedHeight:reshapedFeatureChannels:	deferred		CNN/ray/NDArray/GPU encode not in this Linux starting partition; no Metal command encoder
c:objc(cs)MPSNNReshape(im)encodeToCommandBuffer:sourceImage:destinationState:destinationStateIsTemporary:reshapedWidth:reshapedHeight:reshapedFeatureChannels:	deferred		CNN/ray/NDArray/GPU encode not in this Linux starting partition; no Metal command encoder
c:objc(cs)MPSNNReshape(im)encodeToCommandBuffer:sourceImage:reshapedWidth:reshapedHeight:reshapedFeatureChannels:	deferred		CNN/ray/NDArray/GPU encode not in this Linux starting partition; no Metal command encoder
c:objc(cs)MPSNNReshape(im)initWithCoder:device:	deferred		CNN/ray/NDArray/GPU encode not in this Linux starting partition; no Metal command encoder
c:objc(cs)MPSNNReshape(im)initWithDevice:	deferred		CNN/ray/NDArray/GPU encode not in this Linux starting partition; no Metal command encoder
c:objc(cs)MPSNNReshapeGradient	deferred		CNN/ray/NDArray/GPU encode not in this Linux starting partition; no Metal command encoder
c:objc(cs)MPSNNReshapeGradient(im)initWithCoder:device:	deferred		CNN/ray/NDArray/GPU encode not in this Linux starting partition; no Metal command encoder
c:objc(cs)MPSNNReshapeGradient(im)initWithDevice:	deferred		CNN/ray/NDArray/GPU encode not in this Linux starting partition; no Metal command encoder
c:objc(cs)MPSNNReshapeGradientNode	deferred		CNN/ray/NDArray/GPU encode not in this Linux starting partition; no Metal command encoder
c:objc(cs)MPSNNReshapeGradientNode(im)initWithSourceGradient:sourceImage:gradientState:	deferred		CNN/ray/NDArray/GPU encode not in this Linux starting partition; no Metal command encoder
c:objc(cs)MPSNNReshapeNode	deferred		CNN/ray/NDArray/GPU encode not in this Linux starting partition; no Metal command encoder
c:objc(cs)MPSNNReshapeNode(im)initWithSource:resultWidth:resultHeight:resultFeatureChannels:	deferred		CNN/ray/NDArray/GPU encode not in this Linux starting partition; no Metal command encoder
c:objc(cs)MPSNNResizeBilinear	deferred		CNN/ray/NDArray/GPU encode not in this Linux starting partition; no Metal command encoder
c:objc(cs)MPSNNResizeBilinear(im)initWithCoder:device:	deferred		CNN/ray/NDArray/GPU encode not in this Linux starting partition; no Metal command encoder
c:objc(cs)MPSNNResizeBilinear(im)initWithDevice:resizeWidth:resizeHeight:alignCorners:	deferred		CNN/ray/NDArray/GPU encode not in this Linux starting partition; no Metal command encoder
c:objc(cs)MPSNNResizeBilinear(py)alignCorners	deferred		CNN/ray/NDArray/GPU encode not in this Linux starting partition; no Metal command encoder
c:objc(cs)MPSNNResizeBilinear(py)resizeHeight	deferred		CNN/ray/NDArray/GPU encode not in this Linux starting partition; no Metal command encoder
c:objc(cs)MPSNNResizeBilinear(py)resizeWidth	deferred		CNN/ray/NDArray/GPU encode not in this Linux starting partition; no Metal command encoder
c:objc(cs)MPSNNScaleNode	deferred		CNN/ray/NDArray/GPU encode not in this Linux starting partition; no Metal command encoder
c:objc(cs)MPSNNScaleNode(im)initWithSource:outputSize:	deferred		CNN/ray/NDArray/GPU encode not in this Linux starting partition; no Metal command encoder
c:objc(cs)MPSNNScaleNode(im)initWithSource:transformProvider:outputSize:	deferred		CNN/ray/NDArray/GPU encode not in this Linux starting partition; no Metal command encoder
c:objc(cs)MPSNNSlice	deferred		CNN/ray/NDArray/GPU encode not in this Linux starting partition; no Metal command encoder
c:objc(cs)MPSNNSlice(im)initWithCoder:device:	deferred		CNN/ray/NDArray/GPU encode not in this Linux starting partition; no Metal command encoder
c:objc(cs)MPSNNSlice(im)initWithDevice:	deferred		CNN/ray/NDArray/GPU encode not in this Linux starting partition; no Metal command encoder
c:objc(cs)MPSNNStateNode	deferred		CNN/ray/NDArray/GPU encode not in this Linux starting partition; no Metal command encoder
c:objc(cs)MPSNNStateNode(py)exportFromGraph	deferred		CNN/ray/NDArray/GPU encode not in this Linux starting partition; no Metal command encoder
c:objc(cs)MPSNNStateNode(py)handle	deferred		CNN/ray/NDArray/GPU encode not in this Linux starting partition; no Metal command encoder
c:objc(cs)MPSNNStateNode(py)synchronizeResource	deferred		CNN/ray/NDArray/GPU encode not in this Linux starting partition; no Metal command encoder
c:objc(cs)MPSNNSubtractionGradientNode	deferred		CNN/ray/NDArray/GPU encode not in this Linux starting partition; no Metal command encoder
c:objc(cs)MPSNNSubtractionNode	deferred		CNN/ray/NDArray/GPU encode not in this Linux starting partition; no Metal command encoder
c:objc(cs)MPSNNUnaryReductionNode	deferred		CNN/ray/NDArray/GPU encode not in this Linux starting partition; no Metal command encoder
c:objc(cs)MPSNNUnaryReductionNode(im)initWithSource:	deferred		CNN/ray/NDArray/GPU encode not in this Linux starting partition; no Metal command encoder
c:objc(cs)MPSNNUnaryReductionNode(py)clipRectSource	deferred		CNN/ray/NDArray/GPU encode not in this Linux starting partition; no Metal command encoder
c:objc(cs)MPSPolygonAccelerationStructure	deferred		CNN/ray/NDArray/GPU encode not in this Linux starting partition; no Metal command encoder
c:objc(cs)MPSPolygonAccelerationStructure(py)indexBuffer	deferred		CNN/ray/NDArray/GPU encode not in this Linux starting partition; no Metal command encoder
c:objc(cs)MPSPolygonAccelerationStructure(py)indexBufferOffset	deferred		CNN/ray/NDArray/GPU encode not in this Linux starting partition; no Metal command encoder
c:objc(cs)MPSPolygonAccelerationStructure(py)indexType	deferred		CNN/ray/NDArray/GPU encode not in this Linux starting partition; no Metal command encoder
c:objc(cs)MPSPolygonAccelerationStructure(py)maskBuffer	deferred		CNN/ray/NDArray/GPU encode not in this Linux starting partition; no Metal command encoder
c:objc(cs)MPSPolygonAccelerationStructure(py)maskBufferOffset	deferred		CNN/ray/NDArray/GPU encode not in this Linux starting partition; no Metal command encoder
c:objc(cs)MPSPolygonAccelerationStructure(py)polygonBuffers	deferred		CNN/ray/NDArray/GPU encode not in this Linux starting partition; no Metal command encoder
c:objc(cs)MPSPolygonAccelerationStructure(py)polygonCount	deferred		CNN/ray/NDArray/GPU encode not in this Linux starting partition; no Metal command encoder
c:objc(cs)MPSPolygonAccelerationStructure(py)polygonType	deferred		CNN/ray/NDArray/GPU encode not in this Linux starting partition; no Metal command encoder
c:objc(cs)MPSPolygonAccelerationStructure(py)vertexBuffer	deferred		CNN/ray/NDArray/GPU encode not in this Linux starting partition; no Metal command encoder
c:objc(cs)MPSPolygonAccelerationStructure(py)vertexBufferOffset	deferred		CNN/ray/NDArray/GPU encode not in this Linux starting partition; no Metal command encoder
c:objc(cs)MPSPolygonAccelerationStructure(py)vertexStride	deferred		CNN/ray/NDArray/GPU encode not in this Linux starting partition; no Metal command encoder
c:objc(cs)MPSPolygonBuffer	deferred		CNN/ray/NDArray/GPU encode not in this Linux starting partition; no Metal command encoder
c:objc(cs)MPSPolygonBuffer(im)copyWithZone:	deferred		CNN/ray/NDArray/GPU encode not in this Linux starting partition; no Metal command encoder
c:objc(cs)MPSPolygonBuffer(im)init	deferred		CNN/ray/NDArray/GPU encode not in this Linux starting partition; no Metal command encoder
c:objc(cs)MPSPolygonBuffer(im)initWithCoder:	deferred		CNN/ray/NDArray/GPU encode not in this Linux starting partition; no Metal command encoder
c:objc(cs)MPSPolygonBuffer(py)indexBuffer	deferred		CNN/ray/NDArray/GPU encode not in this Linux starting partition; no Metal command encoder
c:objc(cs)MPSPolygonBuffer(py)indexBufferOffset	deferred		CNN/ray/NDArray/GPU encode not in this Linux starting partition; no Metal command encoder
c:objc(cs)MPSPolygonBuffer(py)maskBuffer	deferred		CNN/ray/NDArray/GPU encode not in this Linux starting partition; no Metal command encoder
c:objc(cs)MPSPolygonBuffer(py)maskBufferOffset	deferred		CNN/ray/NDArray/GPU encode not in this Linux starting partition; no Metal command encoder
c:objc(cs)MPSPolygonBuffer(py)polygonCount	deferred		CNN/ray/NDArray/GPU encode not in this Linux starting partition; no Metal command encoder
c:objc(cs)MPSPolygonBuffer(py)vertexBuffer	deferred		CNN/ray/NDArray/GPU encode not in this Linux starting partition; no Metal command encoder
c:objc(cs)MPSPolygonBuffer(py)vertexBufferOffset	deferred		CNN/ray/NDArray/GPU encode not in this Linux starting partition; no Metal command encoder
c:objc(cs)MPSPredicate	implemented	full/metalperformanceshaders/MPSKernel.swift	Linux host implementation from pinned public-surface overlay
c:objc(cs)MPSPredicate(im)initWithBuffer:offset:	implemented	full/metalperformanceshaders/MPSKernel.swift	Linux host implementation from pinned public-surface overlay
c:objc(cs)MPSPredicate(im)initWithDevice:	implemented	full/metalperformanceshaders/MPSKernel.swift	Linux host implementation from pinned public-surface overlay
c:objc(cs)MPSPredicate(py)predicateBuffer	implemented	full/metalperformanceshaders/MPSKernel.swift	Linux host implementation from pinned public-surface overlay
c:objc(cs)MPSPredicate(py)predicateOffset	implemented	full/metalperformanceshaders/MPSKernel.swift	Linux host implementation from pinned public-surface overlay
c:objc(cs)MPSQuadrilateralAccelerationStructure	deferred		CNN/ray/NDArray/GPU encode not in this Linux starting partition; no Metal command encoder
c:objc(cs)MPSQuadrilateralAccelerationStructure(py)quadrilateralCount	deferred		CNN/ray/NDArray/GPU encode not in this Linux starting partition; no Metal command encoder
c:objc(cs)MPSRNNDescriptor	deferred		CNN/ray/NDArray/GPU encode not in this Linux starting partition; no Metal command encoder
c:objc(cs)MPSRNNDescriptor(py)inputFeatureChannels	deferred		CNN/ray/NDArray/GPU encode not in this Linux starting partition; no Metal command encoder
c:objc(cs)MPSRNNDescriptor(py)layerSequenceDirection	deferred		CNN/ray/NDArray/GPU encode not in this Linux starting partition; no Metal command encoder
c:objc(cs)MPSRNNDescriptor(py)outputFeatureChannels	deferred		CNN/ray/NDArray/GPU encode not in this Linux starting partition; no Metal command encoder
c:objc(cs)MPSRNNDescriptor(py)useFloat32Weights	deferred		CNN/ray/NDArray/GPU encode not in this Linux starting partition; no Metal command encoder
c:objc(cs)MPSRNNDescriptor(py)useLayerInputUnitTransformMode	deferred		CNN/ray/NDArray/GPU encode not in this Linux starting partition; no Metal command encoder
c:objc(cs)MPSRNNImageInferenceLayer	deferred		CNN/ray/NDArray/GPU encode not in this Linux starting partition; no Metal command encoder
c:objc(cs)MPSRNNImageInferenceLayer(im)copyWithZone:device:	deferred		CNN/ray/NDArray/GPU encode not in this Linux starting partition; no Metal command encoder
c:objc(cs)MPSRNNImageInferenceLayer(im)encodeBidirectionalSequenceToCommandBuffer:sourceSequence:destinationForwardImages:destinationBackwardImages:	deferred		CNN/ray/NDArray/GPU encode not in this Linux starting partition; no Metal command encoder
c:objc(cs)MPSRNNImageInferenceLayer(im)encodeSequenceToCommandBuffer:sourceImages:destinationImages:recurrentInputState:recurrentOutputStates:	deferred		CNN/ray/NDArray/GPU encode not in this Linux starting partition; no Metal command encoder
c:objc(cs)MPSRNNImageInferenceLayer(im)initWithCoder:device:	deferred		CNN/ray/NDArray/GPU encode not in this Linux starting partition; no Metal command encoder
c:objc(cs)MPSRNNImageInferenceLayer(im)initWithDevice:rnnDescriptor:	deferred		CNN/ray/NDArray/GPU encode not in this Linux starting partition; no Metal command encoder
c:objc(cs)MPSRNNImageInferenceLayer(im)initWithDevice:rnnDescriptors:	deferred		CNN/ray/NDArray/GPU encode not in this Linux starting partition; no Metal command encoder
c:objc(cs)MPSRNNImageInferenceLayer(py)bidirectionalCombineMode	deferred		CNN/ray/NDArray/GPU encode not in this Linux starting partition; no Metal command encoder
c:objc(cs)MPSRNNImageInferenceLayer(py)inputFeatureChannels	deferred		CNN/ray/NDArray/GPU encode not in this Linux starting partition; no Metal command encoder
c:objc(cs)MPSRNNImageInferenceLayer(py)numberOfLayers	deferred		CNN/ray/NDArray/GPU encode not in this Linux starting partition; no Metal command encoder
c:objc(cs)MPSRNNImageInferenceLayer(py)outputFeatureChannels	deferred		CNN/ray/NDArray/GPU encode not in this Linux starting partition; no Metal command encoder
c:objc(cs)MPSRNNImageInferenceLayer(py)recurrentOutputIsTemporary	deferred		CNN/ray/NDArray/GPU encode not in this Linux starting partition; no Metal command encoder
c:objc(cs)MPSRNNImageInferenceLayer(py)storeAllIntermediateStates	deferred		CNN/ray/NDArray/GPU encode not in this Linux starting partition; no Metal command encoder
c:objc(cs)MPSRNNMatrixInferenceLayer	deferred		CNN/ray/NDArray/GPU encode not in this Linux starting partition; no Metal command encoder
c:objc(cs)MPSRNNMatrixInferenceLayer(im)copyWithZone:device:	deferred		CNN/ray/NDArray/GPU encode not in this Linux starting partition; no Metal command encoder
c:objc(cs)MPSRNNMatrixInferenceLayer(im)encodeBidirectionalSequenceToCommandBuffer:sourceSequence:destinationForwardMatrices:destinationBackwardMatrices:	deferred		CNN/ray/NDArray/GPU encode not in this Linux starting partition; no Metal command encoder
c:objc(cs)MPSRNNMatrixInferenceLayer(im)encodeSequenceToCommandBuffer:sourceMatrices:destinationMatrices:recurrentInputState:recurrentOutputStates:	deferred		CNN/ray/NDArray/GPU encode not in this Linux starting partition; no Metal command encoder
c:objc(cs)MPSRNNMatrixInferenceLayer(im)encodeSequenceToCommandBuffer:sourceMatrices:sourceOffsets:destinationMatrices:destinationOffsets:recurrentInputState:recurrentOutputStates:	deferred		CNN/ray/NDArray/GPU encode not in this Linux starting partition; no Metal command encoder
c:objc(cs)MPSRNNMatrixInferenceLayer(im)initWithCoder:device:	deferred		CNN/ray/NDArray/GPU encode not in this Linux starting partition; no Metal command encoder
c:objc(cs)MPSRNNMatrixInferenceLayer(im)initWithDevice:rnnDescriptor:	deferred		CNN/ray/NDArray/GPU encode not in this Linux starting partition; no Metal command encoder
c:objc(cs)MPSRNNMatrixInferenceLayer(im)initWithDevice:rnnDescriptors:	deferred		CNN/ray/NDArray/GPU encode not in this Linux starting partition; no Metal command encoder
c:objc(cs)MPSRNNMatrixInferenceLayer(py)bidirectionalCombineMode	deferred		CNN/ray/NDArray/GPU encode not in this Linux starting partition; no Metal command encoder
c:objc(cs)MPSRNNMatrixInferenceLayer(py)inputFeatureChannels	deferred		CNN/ray/NDArray/GPU encode not in this Linux starting partition; no Metal command encoder
c:objc(cs)MPSRNNMatrixInferenceLayer(py)numberOfLayers	deferred		CNN/ray/NDArray/GPU encode not in this Linux starting partition; no Metal command encoder
c:objc(cs)MPSRNNMatrixInferenceLayer(py)outputFeatureChannels	deferred		CNN/ray/NDArray/GPU encode not in this Linux starting partition; no Metal command encoder
c:objc(cs)MPSRNNMatrixInferenceLayer(py)recurrentOutputIsTemporary	deferred		CNN/ray/NDArray/GPU encode not in this Linux starting partition; no Metal command encoder
c:objc(cs)MPSRNNMatrixInferenceLayer(py)storeAllIntermediateStates	deferred		CNN/ray/NDArray/GPU encode not in this Linux starting partition; no Metal command encoder
c:objc(cs)MPSRNNMatrixTrainingLayer	deferred		CNN/ray/NDArray/GPU encode not in this Linux starting partition; no Metal command encoder
c:objc(cs)MPSRNNMatrixTrainingLayer(im)copyWithZone:device:	deferred		CNN/ray/NDArray/GPU encode not in this Linux starting partition; no Metal command encoder
c:objc(cs)MPSRNNMatrixTrainingLayer(im)createTemporaryWeightGradientMatrices:dataType:commandBuffer:	deferred		CNN/ray/NDArray/GPU encode not in this Linux starting partition; no Metal command encoder
c:objc(cs)MPSRNNMatrixTrainingLayer(im)createWeightGradientMatrices:dataType:	deferred		CNN/ray/NDArray/GPU encode not in this Linux starting partition; no Metal command encoder
c:objc(cs)MPSRNNMatrixTrainingLayer(im)createWeightMatrices:	deferred		CNN/ray/NDArray/GPU encode not in this Linux starting partition; no Metal command encoder
c:objc(cs)MPSRNNMatrixTrainingLayer(im)encodeCopyWeightsToCommandBuffer:weights:matrixId:matrix:copyFromWeightsToMatrix:matrixOffset:	deferred		CNN/ray/NDArray/GPU encode not in this Linux starting partition; no Metal command encoder
c:objc(cs)MPSRNNMatrixTrainingLayer(im)encodeForwardSequenceToCommandBuffer:sourceMatrices:destinationMatrices:trainingStates:weights:	deferred		CNN/ray/NDArray/GPU encode not in this Linux starting partition; no Metal command encoder
c:objc(cs)MPSRNNMatrixTrainingLayer(im)encodeForwardSequenceToCommandBuffer:sourceMatrices:sourceOffsets:destinationMatrices:destinationOffsets:trainingStates:recurrentInputState:recurrentOutputStates:weights:	deferred		CNN/ray/NDArray/GPU encode not in this Linux starting partition; no Metal command encoder
c:objc(cs)MPSRNNMatrixTrainingLayer(im)encodeGradientSequenceToCommandBuffer:forwardSources:forwardSourceOffsets:sourceGradients:sourceGradientOffsets:destinationGradients:destinationOffsets:weightGradients:trainingStates:recurrentInputState:recurrentOutputStates:weights:	deferred		CNN/ray/NDArray/GPU encode not in this Linux starting partition; no Metal command encoder
c:objc(cs)MPSRNNMatrixTrainingLayer(im)encodeGradientSequenceToCommandBuffer:forwardSources:sourceGradients:destinationGradients:weightGradients:trainingStates:weights:	deferred		CNN/ray/NDArray/GPU encode not in this Linux starting partition; no Metal command encoder
c:objc(cs)MPSRNNMatrixTrainingLayer(im)initWithCoder:device:	deferred		CNN/ray/NDArray/GPU encode not in this Linux starting partition; no Metal command encoder
c:objc(cs)MPSRNNMatrixTrainingLayer(im)initWithDevice:rnnDescriptor:trainableWeights:	deferred		CNN/ray/NDArray/GPU encode not in this Linux starting partition; no Metal command encoder
c:objc(cs)MPSRNNMatrixTrainingLayer(py)accumulateWeightGradients	deferred		CNN/ray/NDArray/GPU encode not in this Linux starting partition; no Metal command encoder
c:objc(cs)MPSRNNMatrixTrainingLayer(py)inputFeatureChannels	deferred		CNN/ray/NDArray/GPU encode not in this Linux starting partition; no Metal command encoder
c:objc(cs)MPSRNNMatrixTrainingLayer(py)outputFeatureChannels	deferred		CNN/ray/NDArray/GPU encode not in this Linux starting partition; no Metal command encoder
c:objc(cs)MPSRNNMatrixTrainingLayer(py)recurrentOutputIsTemporary	deferred		CNN/ray/NDArray/GPU encode not in this Linux starting partition; no Metal command encoder
c:objc(cs)MPSRNNMatrixTrainingLayer(py)storeAllIntermediateStates	deferred		CNN/ray/NDArray/GPU encode not in this Linux starting partition; no Metal command encoder
c:objc(cs)MPSRNNMatrixTrainingLayer(py)trainingStateIsTemporary	deferred		CNN/ray/NDArray/GPU encode not in this Linux starting partition; no Metal command encoder
c:objc(cs)MPSRNNMatrixTrainingState	deferred		CNN/ray/NDArray/GPU encode not in this Linux starting partition; no Metal command encoder
c:objc(cs)MPSRNNRecurrentImageState	deferred		CNN/ray/NDArray/GPU encode not in this Linux starting partition; no Metal command encoder
c:objc(cs)MPSRNNRecurrentImageState(im)getMemoryCellImageForLayerIndex:	deferred		CNN/ray/NDArray/GPU encode not in this Linux starting partition; no Metal command encoder
c:objc(cs)MPSRNNRecurrentImageState(im)getRecurrentOutputImageForLayerIndex:	deferred		CNN/ray/NDArray/GPU encode not in this Linux starting partition; no Metal command encoder
c:objc(cs)MPSRNNRecurrentMatrixState	deferred		CNN/ray/NDArray/GPU encode not in this Linux starting partition; no Metal command encoder
c:objc(cs)MPSRNNRecurrentMatrixState(im)getMemoryCellMatrixForLayerIndex:	deferred		CNN/ray/NDArray/GPU encode not in this Linux starting partition; no Metal command encoder
c:objc(cs)MPSRNNRecurrentMatrixState(im)getRecurrentOutputMatrixForLayerIndex:	deferred		CNN/ray/NDArray/GPU encode not in this Linux starting partition; no Metal command encoder
c:objc(cs)MPSRNNSingleGateDescriptor	deferred		CNN/ray/NDArray/GPU encode not in this Linux starting partition; no Metal command encoder
c:objc(cs)MPSRNNSingleGateDescriptor(cm)createRNNSingleGateDescriptorWithInputFeatureChannels:outputFeatureChannels:	deferred		CNN/ray/NDArray/GPU encode not in this Linux starting partition; no Metal command encoder
c:objc(cs)MPSRNNSingleGateDescriptor(py)inputWeights	deferred		CNN/ray/NDArray/GPU encode not in this Linux starting partition; no Metal command encoder
c:objc(cs)MPSRNNSingleGateDescriptor(py)recurrentWeights	deferred		CNN/ray/NDArray/GPU encode not in this Linux starting partition; no Metal command encoder
c:objc(cs)MPSRayIntersector	deferred		CNN/ray/NDArray/GPU encode not in this Linux starting partition; no Metal command encoder
c:objc(cs)MPSRayIntersector(im)copyWithZone:device:	deferred		CNN/ray/NDArray/GPU encode not in this Linux starting partition; no Metal command encoder
c:objc(cs)MPSRayIntersector(im)encodeIntersectionToCommandBuffer:intersectionType:rayBuffer:rayBufferOffset:intersectionBuffer:intersectionBufferOffset:rayCount:accelerationStructure:	deferred		CNN/ray/NDArray/GPU encode not in this Linux starting partition; no Metal command encoder
c:objc(cs)MPSRayIntersector(im)encodeIntersectionToCommandBuffer:intersectionType:rayBuffer:rayBufferOffset:intersectionBuffer:intersectionBufferOffset:rayCountBuffer:rayCountBufferOffset:accelerationStructure:	deferred		CNN/ray/NDArray/GPU encode not in this Linux starting partition; no Metal command encoder
c:objc(cs)MPSRayIntersector(im)encodeIntersectionToCommandBuffer:intersectionType:rayBuffer:rayBufferOffset:rayIndexBuffer:rayIndexBufferOffset:intersectionBuffer:intersectionBufferOffset:rayIndexCount:accelerationStructure:	deferred		CNN/ray/NDArray/GPU encode not in this Linux starting partition; no Metal command encoder
c:objc(cs)MPSRayIntersector(im)encodeIntersectionToCommandBuffer:intersectionType:rayBuffer:rayBufferOffset:rayIndexBuffer:rayIndexBufferOffset:intersectionBuffer:intersectionBufferOffset:rayIndexCountBuffer:rayIndexCountBufferOffset:accelerationStructure:	deferred		CNN/ray/NDArray/GPU encode not in this Linux starting partition; no Metal command encoder
c:objc(cs)MPSRayIntersector(im)encodeIntersectionToCommandBuffer:intersectionType:rayTexture:intersectionTexture:accelerationStructure:	deferred		CNN/ray/NDArray/GPU encode not in this Linux starting partition; no Metal command encoder
c:objc(cs)MPSRayIntersector(im)encodeWithCoder:	deferred		CNN/ray/NDArray/GPU encode not in this Linux starting partition; no Metal command encoder
c:objc(cs)MPSRayIntersector(im)initWithCoder:device:	deferred		CNN/ray/NDArray/GPU encode not in this Linux starting partition; no Metal command encoder
c:objc(cs)MPSRayIntersector(im)initWithDevice:	deferred		CNN/ray/NDArray/GPU encode not in this Linux starting partition; no Metal command encoder
c:objc(cs)MPSRayIntersector(im)recommendedMinimumRayBatchSizeForRayCount:	deferred		CNN/ray/NDArray/GPU encode not in this Linux starting partition; no Metal command encoder
c:objc(cs)MPSRayIntersector(py)boundingBoxIntersectionTestType	deferred		CNN/ray/NDArray/GPU encode not in this Linux starting partition; no Metal command encoder
c:objc(cs)MPSRayIntersector(py)cullMode	deferred		CNN/ray/NDArray/GPU encode not in this Linux starting partition; no Metal command encoder
c:objc(cs)MPSRayIntersector(py)frontFacingWinding	deferred		CNN/ray/NDArray/GPU encode not in this Linux starting partition; no Metal command encoder
c:objc(cs)MPSRayIntersector(py)intersectionDataType	deferred		CNN/ray/NDArray/GPU encode not in this Linux starting partition; no Metal command encoder
c:objc(cs)MPSRayIntersector(py)intersectionStride	deferred		CNN/ray/NDArray/GPU encode not in this Linux starting partition; no Metal command encoder
c:objc(cs)MPSRayIntersector(py)rayDataType	deferred		CNN/ray/NDArray/GPU encode not in this Linux starting partition; no Metal command encoder
c:objc(cs)MPSRayIntersector(py)rayIndexDataType	deferred		CNN/ray/NDArray/GPU encode not in this Linux starting partition; no Metal command encoder
c:objc(cs)MPSRayIntersector(py)rayMask	deferred		CNN/ray/NDArray/GPU encode not in this Linux starting partition; no Metal command encoder
c:objc(cs)MPSRayIntersector(py)rayMaskOperator	deferred		CNN/ray/NDArray/GPU encode not in this Linux starting partition; no Metal command encoder
c:objc(cs)MPSRayIntersector(py)rayMaskOptions	deferred		CNN/ray/NDArray/GPU encode not in this Linux starting partition; no Metal command encoder
c:objc(cs)MPSRayIntersector(py)rayStride	deferred		CNN/ray/NDArray/GPU encode not in this Linux starting partition; no Metal command encoder
c:objc(cs)MPSRayIntersector(py)triangleIntersectionTestType	deferred		CNN/ray/NDArray/GPU encode not in this Linux starting partition; no Metal command encoder
c:objc(cs)MPSSVGF	deferred		CNN/ray/NDArray/GPU encode not in this Linux starting partition; no Metal command encoder
c:objc(cs)MPSSVGF(im)copyWithZone:device:	deferred		CNN/ray/NDArray/GPU encode not in this Linux starting partition; no Metal command encoder
c:objc(cs)MPSSVGF(im)encodeBilateralFilterToCommandBuffer:stepDistance:sourceTexture:destinationTexture:depthNormalTexture:	deferred		CNN/ray/NDArray/GPU encode not in this Linux starting partition; no Metal command encoder
c:objc(cs)MPSSVGF(im)encodeBilateralFilterToCommandBuffer:stepDistance:sourceTexture:destinationTexture:sourceTexture2:destinationTexture2:depthNormalTexture:	deferred		CNN/ray/NDArray/GPU encode not in this Linux starting partition; no Metal command encoder
c:objc(cs)MPSSVGF(im)encodeReprojectionToCommandBuffer:sourceTexture:previousTexture:destinationTexture:previousLuminanceMomentsTexture:destinationLuminanceMomentsTexture:previousFrameCountTexture:destinationFrameCountTexture:motionVectorTexture:depthNormalTexture:previousDepthNormalTexture:	deferred		CNN/ray/NDArray/GPU encode not in this Linux starting partition; no Metal command encoder
c:objc(cs)MPSSVGF(im)encodeReprojectionToCommandBuffer:sourceTexture:previousTexture:destinationTexture:previousLuminanceMomentsTexture:destinationLuminanceMomentsTexture:sourceTexture2:previousTexture2:destinationTexture2:previousLuminanceMomentsTexture2:destinationLuminanceMomentsTexture2:previousFrameCountTexture:destinationFrameCountTexture:motionVectorTexture:depthNormalTexture:previousDepthNormalTexture:	deferred		CNN/ray/NDArray/GPU encode not in this Linux starting partition; no Metal command encoder
c:objc(cs)MPSSVGF(im)encodeVarianceEstimationToCommandBuffer:sourceTexture:luminanceMomentsTexture:destinationTexture:frameCountTexture:depthNormalTexture:	deferred		CNN/ray/NDArray/GPU encode not in this Linux starting partition; no Metal command encoder
c:objc(cs)MPSSVGF(im)encodeVarianceEstimationToCommandBuffer:sourceTexture:luminanceMomentsTexture:destinationTexture:sourceTexture2:luminanceMomentsTexture2:destinationTexture2:frameCountTexture:depthNormalTexture:	deferred		CNN/ray/NDArray/GPU encode not in this Linux starting partition; no Metal command encoder
c:objc(cs)MPSSVGF(im)encodeWithCoder:	deferred		CNN/ray/NDArray/GPU encode not in this Linux starting partition; no Metal command encoder
c:objc(cs)MPSSVGF(im)initWithCoder:device:	deferred		CNN/ray/NDArray/GPU encode not in this Linux starting partition; no Metal command encoder
c:objc(cs)MPSSVGF(im)initWithDevice:	deferred		CNN/ray/NDArray/GPU encode not in this Linux starting partition; no Metal command encoder
c:objc(cs)MPSSVGF(py)bilateralFilterRadius	deferred		CNN/ray/NDArray/GPU encode not in this Linux starting partition; no Metal command encoder
c:objc(cs)MPSSVGF(py)bilateralFilterSigma	deferred		CNN/ray/NDArray/GPU encode not in this Linux starting partition; no Metal command encoder
c:objc(cs)MPSSVGF(py)channelCount	deferred		CNN/ray/NDArray/GPU encode not in this Linux starting partition; no Metal command encoder
c:objc(cs)MPSSVGF(py)channelCount2	deferred		CNN/ray/NDArray/GPU encode not in this Linux starting partition; no Metal command encoder
c:objc(cs)MPSSVGF(py)depthWeight	deferred		CNN/ray/NDArray/GPU encode not in this Linux starting partition; no Metal command encoder
c:objc(cs)MPSSVGF(py)luminanceWeight	deferred		CNN/ray/NDArray/GPU encode not in this Linux starting partition; no Metal command encoder
c:objc(cs)MPSSVGF(py)minimumFramesForVarianceEstimation	deferred		CNN/ray/NDArray/GPU encode not in this Linux starting partition; no Metal command encoder
c:objc(cs)MPSSVGF(py)normalWeight	deferred		CNN/ray/NDArray/GPU encode not in this Linux starting partition; no Metal command encoder
c:objc(cs)MPSSVGF(py)reprojectionThreshold	deferred		CNN/ray/NDArray/GPU encode not in this Linux starting partition; no Metal command encoder
c:objc(cs)MPSSVGF(py)temporalReprojectionBlendFactor	deferred		CNN/ray/NDArray/GPU encode not in this Linux starting partition; no Metal command encoder
c:objc(cs)MPSSVGF(py)temporalWeighting	deferred		CNN/ray/NDArray/GPU encode not in this Linux starting partition; no Metal command encoder
c:objc(cs)MPSSVGF(py)varianceEstimationRadius	deferred		CNN/ray/NDArray/GPU encode not in this Linux starting partition; no Metal command encoder
c:objc(cs)MPSSVGF(py)varianceEstimationSigma	deferred		CNN/ray/NDArray/GPU encode not in this Linux starting partition; no Metal command encoder
c:objc(cs)MPSSVGF(py)variancePrefilterRadius	deferred		CNN/ray/NDArray/GPU encode not in this Linux starting partition; no Metal command encoder
c:objc(cs)MPSSVGF(py)variancePrefilterSigma	deferred		CNN/ray/NDArray/GPU encode not in this Linux starting partition; no Metal command encoder
c:objc(cs)MPSSVGFDefaultTextureAllocator	deferred		CNN/ray/NDArray/GPU encode not in this Linux starting partition; no Metal command encoder
c:objc(cs)MPSSVGFDefaultTextureAllocator(im)initWithDevice:	deferred		CNN/ray/NDArray/GPU encode not in this Linux starting partition; no Metal command encoder
c:objc(cs)MPSSVGFDefaultTextureAllocator(im)reset	deferred		CNN/ray/NDArray/GPU encode not in this Linux starting partition; no Metal command encoder
c:objc(cs)MPSSVGFDefaultTextureAllocator(im)returnTexture:	deferred		CNN/ray/NDArray/GPU encode not in this Linux starting partition; no Metal command encoder
c:objc(cs)MPSSVGFDefaultTextureAllocator(im)textureWithPixelFormat:width:height:	deferred		CNN/ray/NDArray/GPU encode not in this Linux starting partition; no Metal command encoder
c:objc(cs)MPSSVGFDefaultTextureAllocator(py)allocatedTextureCount	deferred		CNN/ray/NDArray/GPU encode not in this Linux starting partition; no Metal command encoder
c:objc(cs)MPSSVGFDefaultTextureAllocator(py)device	deferred		CNN/ray/NDArray/GPU encode not in this Linux starting partition; no Metal command encoder
c:objc(cs)MPSSVGFDenoiser	deferred		CNN/ray/NDArray/GPU encode not in this Linux starting partition; no Metal command encoder
c:objc(cs)MPSSVGFDenoiser(im)clearTemporalHistory	deferred		CNN/ray/NDArray/GPU encode not in this Linux starting partition; no Metal command encoder
c:objc(cs)MPSSVGFDenoiser(im)encodeToCommandBuffer:sourceTexture:destinationTexture:sourceTexture2:destinationTexture2:motionVectorTexture:depthNormalTexture:previousDepthNormalTexture:	deferred		CNN/ray/NDArray/GPU encode not in this Linux starting partition; no Metal command encoder
c:objc(cs)MPSSVGFDenoiser(im)encodeToCommandBuffer:sourceTexture:motionVectorTexture:depthNormalTexture:previousDepthNormalTexture:	deferred		CNN/ray/NDArray/GPU encode not in this Linux starting partition; no Metal command encoder
c:objc(cs)MPSSVGFDenoiser(im)initWithDevice:	deferred		CNN/ray/NDArray/GPU encode not in this Linux starting partition; no Metal command encoder
c:objc(cs)MPSSVGFDenoiser(im)initWithSVGF:textureAllocator:	deferred		CNN/ray/NDArray/GPU encode not in this Linux starting partition; no Metal command encoder
c:objc(cs)MPSSVGFDenoiser(im)releaseTemporaryTextures	deferred		CNN/ray/NDArray/GPU encode not in this Linux starting partition; no Metal command encoder
c:objc(cs)MPSSVGFDenoiser(py)bilateralFilterIterations	deferred		CNN/ray/NDArray/GPU encode not in this Linux starting partition; no Metal command encoder
c:objc(cs)MPSSVGFDenoiser(py)svgf	deferred		CNN/ray/NDArray/GPU encode not in this Linux starting partition; no Metal command encoder
c:objc(cs)MPSSVGFDenoiser(py)textureAllocator	deferred		CNN/ray/NDArray/GPU encode not in this Linux starting partition; no Metal command encoder
c:objc(cs)MPSState	implemented	full/metalperformanceshaders/MPSKernel.swift	Linux host implementation from pinned public-surface overlay
c:objc(cs)MPSState(cm)temporaryStateWithCommandBuffer:	implemented	full/metalperformanceshaders/MPSKernel.swift	Linux host implementation from pinned public-surface overlay
c:objc(cs)MPSState(cm)temporaryStateWithCommandBuffer:bufferSize:	implemented	full/metalperformanceshaders/MPSKernel.swift	Linux host implementation from pinned public-surface overlay
c:objc(cs)MPSState(cm)temporaryStateWithCommandBuffer:resourceList:	implemented	full/metalperformanceshaders/MPSKernel.swift	Linux host implementation from pinned public-surface overlay
c:objc(cs)MPSState(cm)temporaryStateWithCommandBuffer:textureDescriptor:	implemented	full/metalperformanceshaders/MPSKernel.swift	Linux host implementation from pinned public-surface overlay
c:objc(cs)MPSState(im)bufferSizeAtIndex:	implemented	full/metalperformanceshaders/MPSKernel.swift	Linux host implementation from pinned public-surface overlay
c:objc(cs)MPSState(im)destinationImageDescriptorForSourceImages:sourceStates:forKernel:suggestedDescriptor:	implemented	full/metalperformanceshaders/MPSKernel.swift	Linux host implementation from pinned public-surface overlay
c:objc(cs)MPSState(im)initWithDevice:bufferSize:	implemented	full/metalperformanceshaders/MPSKernel.swift	Linux host implementation from pinned public-surface overlay
c:objc(cs)MPSState(im)initWithDevice:resourceList:	implemented	full/metalperformanceshaders/MPSKernel.swift	Linux host implementation from pinned public-surface overlay
c:objc(cs)MPSState(im)initWithDevice:textureDescriptor:	implemented	full/metalperformanceshaders/MPSKernel.swift	Linux host implementation from pinned public-surface overlay
c:objc(cs)MPSState(im)initWithResource:	implemented	full/metalperformanceshaders/MPSKernel.swift	Linux host implementation from pinned public-surface overlay
c:objc(cs)MPSState(im)initWithResources:	implemented	full/metalperformanceshaders/MPSKernel.swift	Linux host implementation from pinned public-surface overlay
c:objc(cs)MPSState(im)resourceAtIndex:allocateMemory:	implemented	full/metalperformanceshaders/MPSKernel.swift	Linux host implementation from pinned public-surface overlay
c:objc(cs)MPSState(im)resourceSize	implemented	full/metalperformanceshaders/MPSKernel.swift	Linux host implementation from pinned public-surface overlay
c:objc(cs)MPSState(im)resourceTypeAtIndex:	implemented	full/metalperformanceshaders/MPSKernel.swift	Linux host implementation from pinned public-surface overlay
c:objc(cs)MPSState(im)synchronizeOnCommandBuffer:	implemented	full/metalperformanceshaders/MPSKernel.swift	Linux host implementation from pinned public-surface overlay
c:objc(cs)MPSState(im)textureInfoAtIndex:	implemented	full/metalperformanceshaders/MPSKernel.swift	Linux host implementation from pinned public-surface overlay
c:objc(cs)MPSState(py)isTemporary	implemented	full/metalperformanceshaders/MPSKernel.swift	Linux host implementation from pinned public-surface overlay
c:objc(cs)MPSState(py)label	implemented	full/metalperformanceshaders/MPSKernel.swift	Linux host implementation from pinned public-surface overlay
c:objc(cs)MPSState(py)readCount	implemented	full/metalperformanceshaders/MPSKernel.swift	Linux host implementation from pinned public-surface overlay
c:objc(cs)MPSState(py)resource	implemented	full/metalperformanceshaders/MPSKernel.swift	Linux host implementation from pinned public-surface overlay
c:objc(cs)MPSState(py)resourceCount	implemented	full/metalperformanceshaders/MPSKernel.swift	Linux host implementation from pinned public-surface overlay
c:objc(cs)MPSStateResourceList	implemented	full/metalperformanceshaders/MPSKernel.swift	Linux host implementation from pinned public-surface overlay
c:objc(cs)MPSStateResourceList(im)appendBuffer:	implemented	full/metalperformanceshaders/MPSKernel.swift	Linux host implementation from pinned public-surface overlay
c:objc(cs)MPSStateResourceList(im)appendTexture:	implemented	full/metalperformanceshaders/MPSKernel.swift	Linux host implementation from pinned public-surface overlay
c:objc(cs)MPSStateResourceList(im)init	implemented	full/metalperformanceshaders/MPSKernel.swift	Linux host implementation from pinned public-surface overlay
c:objc(cs)MPSTemporalAA	deferred		CNN/ray/NDArray/GPU encode not in this Linux starting partition; no Metal command encoder
c:objc(cs)MPSTemporalAA(im)copyWithZone:device:	deferred		CNN/ray/NDArray/GPU encode not in this Linux starting partition; no Metal command encoder
c:objc(cs)MPSTemporalAA(im)encodeToCommandBuffer:sourceTexture:previousTexture:destinationTexture:motionVectorTexture:depthTexture:	deferred		CNN/ray/NDArray/GPU encode not in this Linux starting partition; no Metal command encoder
c:objc(cs)MPSTemporalAA(im)encodeWithCoder:	deferred		CNN/ray/NDArray/GPU encode not in this Linux starting partition; no Metal command encoder
c:objc(cs)MPSTemporalAA(im)initWithCoder:device:	deferred		CNN/ray/NDArray/GPU encode not in this Linux starting partition; no Metal command encoder
c:objc(cs)MPSTemporalAA(im)initWithDevice:	deferred		CNN/ray/NDArray/GPU encode not in this Linux starting partition; no Metal command encoder
c:objc(cs)MPSTemporalAA(py)blendFactor	deferred		CNN/ray/NDArray/GPU encode not in this Linux starting partition; no Metal command encoder
c:objc(cs)MPSTemporaryImage	implemented	full/metalperformanceshaders/MPSImage.swift	Linux host implementation from pinned public-surface overlay
c:objc(cs)MPSTemporaryImage(cm)defaultAllocator	implemented	full/metalperformanceshaders/MPSImage.swift	Linux host implementation from pinned public-surface overlay
c:objc(cs)MPSTemporaryImage(cm)prefetchStorageWithCommandBuffer:imageDescriptorList:	implemented	full/metalperformanceshaders/MPSImage.swift	Linux host implementation from pinned public-surface overlay
c:objc(cs)MPSTemporaryImage(cm)temporaryImageWithCommandBuffer:imageDescriptor:	implemented	full/metalperformanceshaders/MPSImage.swift	Linux host implementation from pinned public-surface overlay
c:objc(cs)MPSTemporaryImage(cm)temporaryImageWithCommandBuffer:textureDescriptor:	implemented	full/metalperformanceshaders/MPSImage.swift	Linux host implementation from pinned public-surface overlay
c:objc(cs)MPSTemporaryImage(cm)temporaryImageWithCommandBuffer:textureDescriptor:featureChannels:	implemented	full/metalperformanceshaders/MPSImage.swift	Linux host implementation from pinned public-surface overlay
c:objc(cs)MPSTemporaryImage(py)readCount	implemented	full/metalperformanceshaders/MPSImage.swift	Linux host implementation from pinned public-surface overlay
c:objc(cs)MPSTemporaryMatrix	implemented	full/metalperformanceshaders/MPSMatrix.swift	Linux host implementation from pinned public-surface overlay
c:objc(cs)MPSTemporaryMatrix(cm)prefetchStorageWithCommandBuffer:matrixDescriptorList:	implemented	full/metalperformanceshaders/MPSMatrix.swift	Linux host implementation from pinned public-surface overlay
c:objc(cs)MPSTemporaryMatrix(cm)temporaryMatrixWithCommandBuffer:matrixDescriptor:	implemented	full/metalperformanceshaders/MPSMatrix.swift	Linux host implementation from pinned public-surface overlay
c:objc(cs)MPSTemporaryMatrix(py)readCount	implemented	full/metalperformanceshaders/MPSMatrix.swift	Linux host implementation from pinned public-surface overlay
c:objc(cs)MPSTemporaryNDArray	deferred		CNN/ray/NDArray/GPU encode not in this Linux starting partition; no Metal command encoder
c:objc(cs)MPSTemporaryNDArray(cm)defaultAllocator	deferred		CNN/ray/NDArray/GPU encode not in this Linux starting partition; no Metal command encoder
c:objc(cs)MPSTemporaryNDArray(cm)temporaryNDArrayWithCommandBuffer:descriptor:	deferred		CNN/ray/NDArray/GPU encode not in this Linux starting partition; no Metal command encoder
c:objc(cs)MPSTemporaryNDArray(py)readCount	deferred		CNN/ray/NDArray/GPU encode not in this Linux starting partition; no Metal command encoder
c:objc(cs)MPSTemporaryVector	implemented	full/metalperformanceshaders/MPSMatrix.swift	Linux host implementation from pinned public-surface overlay
c:objc(cs)MPSTemporaryVector(cm)prefetchStorageWithCommandBuffer:descriptorList:	implemented	full/metalperformanceshaders/MPSMatrix.swift	Linux host implementation from pinned public-surface overlay
c:objc(cs)MPSTemporaryVector(cm)temporaryVectorWithCommandBuffer:descriptor:	implemented	full/metalperformanceshaders/MPSMatrix.swift	Linux host implementation from pinned public-surface overlay
c:objc(cs)MPSTemporaryVector(py)readCount	implemented	full/metalperformanceshaders/MPSMatrix.swift	Linux host implementation from pinned public-surface overlay
c:objc(cs)MPSTriangleAccelerationStructure	deferred		CNN/ray/NDArray/GPU encode not in this Linux starting partition; no Metal command encoder
c:objc(cs)MPSTriangleAccelerationStructure(py)triangleCount	deferred		CNN/ray/NDArray/GPU encode not in this Linux starting partition; no Metal command encoder
c:objc(cs)MPSUnaryImageKernel	implemented	full/metalperformanceshaders/MPSKernel.swift	Linux host implementation from pinned public-surface overlay
c:objc(cs)MPSUnaryImageKernel(im)encodeToCommandBuffer:inPlaceTexture:fallbackCopyAllocator:	implemented	full/metalperformanceshaders/MPSKernel.swift	Linux host implementation from pinned public-surface overlay
c:objc(cs)MPSUnaryImageKernel(im)encodeToCommandBuffer:sourceImage:destinationImage:	implemented	full/metalperformanceshaders/MPSKernel.swift	Linux host implementation from pinned public-surface overlay
c:objc(cs)MPSUnaryImageKernel(im)encodeToCommandBuffer:sourceTexture:destinationTexture:	implemented	full/metalperformanceshaders/MPSKernel.swift	Linux host implementation from pinned public-surface overlay
c:objc(cs)MPSUnaryImageKernel(im)initWithCoder:device:	implemented	full/metalperformanceshaders/MPSKernel.swift	Linux host implementation from pinned public-surface overlay
c:objc(cs)MPSUnaryImageKernel(im)initWithDevice:	implemented	full/metalperformanceshaders/MPSKernel.swift	Linux host implementation from pinned public-surface overlay
c:objc(cs)MPSUnaryImageKernel(im)sourceRegionForDestinationSize:	implemented	full/metalperformanceshaders/MPSKernel.swift	Linux host implementation from pinned public-surface overlay
c:objc(cs)MPSUnaryImageKernel(py)clipRect	implemented	full/metalperformanceshaders/MPSKernel.swift	Linux host implementation from pinned public-surface overlay
c:objc(cs)MPSUnaryImageKernel(py)edgeMode	implemented	full/metalperformanceshaders/MPSKernel.swift	Linux host implementation from pinned public-surface overlay
c:objc(cs)MPSUnaryImageKernel(py)offset	implemented	full/metalperformanceshaders/MPSKernel.swift	Linux host implementation from pinned public-surface overlay
c:objc(cs)MPSVector	implemented	full/metalperformanceshaders/MPSMatrix.swift	Linux host implementation from pinned public-surface overlay
c:objc(cs)MPSVector(im)initWithBuffer:descriptor:	implemented	full/metalperformanceshaders/MPSMatrix.swift	Linux host implementation from pinned public-surface overlay
c:objc(cs)MPSVector(im)initWithBuffer:offset:descriptor:	implemented	full/metalperformanceshaders/MPSMatrix.swift	Linux host implementation from pinned public-surface overlay
c:objc(cs)MPSVector(im)initWithDevice:descriptor:	implemented	full/metalperformanceshaders/MPSMatrix.swift	Linux host implementation from pinned public-surface overlay
c:objc(cs)MPSVector(im)resourceSize	implemented	full/metalperformanceshaders/MPSMatrix.swift	Linux host implementation from pinned public-surface overlay
c:objc(cs)MPSVector(im)synchronizeOnCommandBuffer:	implemented	full/metalperformanceshaders/MPSMatrix.swift	Linux host implementation from pinned public-surface overlay
c:objc(cs)MPSVector(py)data	implemented	full/metalperformanceshaders/MPSMatrix.swift	Linux host implementation from pinned public-surface overlay
c:objc(cs)MPSVector(py)dataType	implemented	full/metalperformanceshaders/MPSMatrix.swift	Linux host implementation from pinned public-surface overlay
c:objc(cs)MPSVector(py)device	implemented	full/metalperformanceshaders/MPSMatrix.swift	Linux host implementation from pinned public-surface overlay
c:objc(cs)MPSVector(py)length	implemented	full/metalperformanceshaders/MPSMatrix.swift	Linux host implementation from pinned public-surface overlay
c:objc(cs)MPSVector(py)offset	implemented	full/metalperformanceshaders/MPSMatrix.swift	Linux host implementation from pinned public-surface overlay
c:objc(cs)MPSVector(py)vectorBytes	implemented	full/metalperformanceshaders/MPSMatrix.swift	Linux host implementation from pinned public-surface overlay
c:objc(cs)MPSVector(py)vectors	implemented	full/metalperformanceshaders/MPSMatrix.swift	Linux host implementation from pinned public-surface overlay
c:objc(cs)MPSVectorDescriptor	implemented	full/metalperformanceshaders/MPSMatrix.swift	Linux host implementation from pinned public-surface overlay
c:objc(cs)MPSVectorDescriptor(cm)vectorBytesForLength:dataType:	implemented	full/metalperformanceshaders/MPSMatrix.swift	Linux host implementation from pinned public-surface overlay
c:objc(cs)MPSVectorDescriptor(cm)vectorDescriptorWithLength:dataType:	implemented	full/metalperformanceshaders/MPSMatrix.swift	Linux host implementation from pinned public-surface overlay
c:objc(cs)MPSVectorDescriptor(cm)vectorDescriptorWithLength:vectors:vectorBytes:dataType:	implemented	full/metalperformanceshaders/MPSMatrix.swift	Linux host implementation from pinned public-surface overlay
c:objc(cs)MPSVectorDescriptor(py)dataType	implemented	full/metalperformanceshaders/MPSMatrix.swift	Linux host implementation from pinned public-surface overlay
c:objc(cs)MPSVectorDescriptor(py)length	implemented	full/metalperformanceshaders/MPSMatrix.swift	Linux host implementation from pinned public-surface overlay
c:objc(cs)MPSVectorDescriptor(py)vectorBytes	implemented	full/metalperformanceshaders/MPSMatrix.swift	Linux host implementation from pinned public-surface overlay
c:objc(cs)MPSVectorDescriptor(py)vectors	implemented	full/metalperformanceshaders/MPSMatrix.swift	Linux host implementation from pinned public-surface overlay
c:objc(pl)MPSCNNBatchNormalizationDataSource	deferred		CNN/ray/NDArray/GPU encode not in this Linux starting partition; no Metal command encoder
c:objc(pl)MPSCNNBatchNormalizationDataSource(cpy)supportsSecureCoding	deferred		CNN/ray/NDArray/GPU encode not in this Linux starting partition; no Metal command encoder
c:objc(pl)MPSCNNBatchNormalizationDataSource(im)beta	deferred		CNN/ray/NDArray/GPU encode not in this Linux starting partition; no Metal command encoder
c:objc(pl)MPSCNNBatchNormalizationDataSource(im)copyWithZone:device:	deferred		CNN/ray/NDArray/GPU encode not in this Linux starting partition; no Metal command encoder
c:objc(pl)MPSCNNBatchNormalizationDataSource(im)encodeWithCoder:	deferred		CNN/ray/NDArray/GPU encode not in this Linux starting partition; no Metal command encoder
c:objc(pl)MPSCNNBatchNormalizationDataSource(im)epsilon	deferred		CNN/ray/NDArray/GPU encode not in this Linux starting partition; no Metal command encoder
c:objc(pl)MPSCNNBatchNormalizationDataSource(im)gamma	deferred		CNN/ray/NDArray/GPU encode not in this Linux starting partition; no Metal command encoder
c:objc(pl)MPSCNNBatchNormalizationDataSource(im)initWithCoder:	deferred		CNN/ray/NDArray/GPU encode not in this Linux starting partition; no Metal command encoder
c:objc(pl)MPSCNNBatchNormalizationDataSource(im)label	deferred		CNN/ray/NDArray/GPU encode not in this Linux starting partition; no Metal command encoder
c:objc(pl)MPSCNNBatchNormalizationDataSource(im)load	deferred		CNN/ray/NDArray/GPU encode not in this Linux starting partition; no Metal command encoder
c:objc(pl)MPSCNNBatchNormalizationDataSource(im)mean	deferred		CNN/ray/NDArray/GPU encode not in this Linux starting partition; no Metal command encoder
c:objc(pl)MPSCNNBatchNormalizationDataSource(im)numberOfFeatureChannels	deferred		CNN/ray/NDArray/GPU encode not in this Linux starting partition; no Metal command encoder
c:objc(pl)MPSCNNBatchNormalizationDataSource(im)purge	deferred		CNN/ray/NDArray/GPU encode not in this Linux starting partition; no Metal command encoder
c:objc(pl)MPSCNNBatchNormalizationDataSource(im)updateGammaAndBetaWithBatchNormalizationState:	deferred		CNN/ray/NDArray/GPU encode not in this Linux starting partition; no Metal command encoder
c:objc(pl)MPSCNNBatchNormalizationDataSource(im)updateGammaAndBetaWithCommandBuffer:batchNormalizationState:	deferred		CNN/ray/NDArray/GPU encode not in this Linux starting partition; no Metal command encoder
c:objc(pl)MPSCNNBatchNormalizationDataSource(im)updateMeanAndVarianceWithBatchNormalizationState:	deferred		CNN/ray/NDArray/GPU encode not in this Linux starting partition; no Metal command encoder
c:objc(pl)MPSCNNBatchNormalizationDataSource(im)updateMeanAndVarianceWithCommandBuffer:batchNormalizationState:	deferred		CNN/ray/NDArray/GPU encode not in this Linux starting partition; no Metal command encoder
c:objc(pl)MPSCNNBatchNormalizationDataSource(im)variance	deferred		CNN/ray/NDArray/GPU encode not in this Linux starting partition; no Metal command encoder
c:objc(pl)MPSCNNConvolutionDataSource	deferred		CNN/ray/NDArray/GPU encode not in this Linux starting partition; no Metal command encoder
c:objc(pl)MPSCNNConvolutionDataSource(im)biasTerms	deferred		CNN/ray/NDArray/GPU encode not in this Linux starting partition; no Metal command encoder
c:objc(pl)MPSCNNConvolutionDataSource(im)copyWithZone:device:	deferred		CNN/ray/NDArray/GPU encode not in this Linux starting partition; no Metal command encoder
c:objc(pl)MPSCNNConvolutionDataSource(im)dataType	deferred		CNN/ray/NDArray/GPU encode not in this Linux starting partition; no Metal command encoder
c:objc(pl)MPSCNNConvolutionDataSource(im)descriptor	deferred		CNN/ray/NDArray/GPU encode not in this Linux starting partition; no Metal command encoder
c:objc(pl)MPSCNNConvolutionDataSource(im)kernelWeightsDataType	deferred		CNN/ray/NDArray/GPU encode not in this Linux starting partition; no Metal command encoder
c:objc(pl)MPSCNNConvolutionDataSource(im)label	deferred		CNN/ray/NDArray/GPU encode not in this Linux starting partition; no Metal command encoder
c:objc(pl)MPSCNNConvolutionDataSource(im)load	deferred		CNN/ray/NDArray/GPU encode not in this Linux starting partition; no Metal command encoder
c:objc(pl)MPSCNNConvolutionDataSource(im)lookupTableForUInt8Kernel	deferred		CNN/ray/NDArray/GPU encode not in this Linux starting partition; no Metal command encoder
c:objc(pl)MPSCNNConvolutionDataSource(im)purge	deferred		CNN/ray/NDArray/GPU encode not in this Linux starting partition; no Metal command encoder
c:objc(pl)MPSCNNConvolutionDataSource(im)rangesForUInt8Kernel	deferred		CNN/ray/NDArray/GPU encode not in this Linux starting partition; no Metal command encoder
c:objc(pl)MPSCNNConvolutionDataSource(im)updateWithCommandBuffer:gradientState:sourceState:	deferred		CNN/ray/NDArray/GPU encode not in this Linux starting partition; no Metal command encoder
c:objc(pl)MPSCNNConvolutionDataSource(im)updateWithGradientState:sourceState:	deferred		CNN/ray/NDArray/GPU encode not in this Linux starting partition; no Metal command encoder
c:objc(pl)MPSCNNConvolutionDataSource(im)weights	deferred		CNN/ray/NDArray/GPU encode not in this Linux starting partition; no Metal command encoder
c:objc(pl)MPSCNNConvolutionDataSource(im)weightsLayout	deferred		CNN/ray/NDArray/GPU encode not in this Linux starting partition; no Metal command encoder
c:objc(pl)MPSCNNConvolutionDataSource(im)weightsQuantizationType	deferred		CNN/ray/NDArray/GPU encode not in this Linux starting partition; no Metal command encoder
c:objc(pl)MPSCNNGroupNormalizationDataSource	deferred		CNN/ray/NDArray/GPU encode not in this Linux starting partition; no Metal command encoder
c:objc(pl)MPSCNNGroupNormalizationDataSource(cpy)supportsSecureCoding	deferred		CNN/ray/NDArray/GPU encode not in this Linux starting partition; no Metal command encoder
c:objc(pl)MPSCNNGroupNormalizationDataSource(im)beta	deferred		CNN/ray/NDArray/GPU encode not in this Linux starting partition; no Metal command encoder
c:objc(pl)MPSCNNGroupNormalizationDataSource(im)copyWithZone:device:	deferred		CNN/ray/NDArray/GPU encode not in this Linux starting partition; no Metal command encoder
c:objc(pl)MPSCNNGroupNormalizationDataSource(im)encodeWithCoder:	deferred		CNN/ray/NDArray/GPU encode not in this Linux starting partition; no Metal command encoder
c:objc(pl)MPSCNNGroupNormalizationDataSource(im)epsilon	deferred		CNN/ray/NDArray/GPU encode not in this Linux starting partition; no Metal command encoder
c:objc(pl)MPSCNNGroupNormalizationDataSource(im)gamma	deferred		CNN/ray/NDArray/GPU encode not in this Linux starting partition; no Metal command encoder
c:objc(pl)MPSCNNGroupNormalizationDataSource(im)initWithCoder:	deferred		CNN/ray/NDArray/GPU encode not in this Linux starting partition; no Metal command encoder
c:objc(pl)MPSCNNGroupNormalizationDataSource(im)label	deferred		CNN/ray/NDArray/GPU encode not in this Linux starting partition; no Metal command encoder
c:objc(pl)MPSCNNGroupNormalizationDataSource(im)updateGammaAndBetaWithCommandBuffer:groupNormalizationStateBatch:	deferred		CNN/ray/NDArray/GPU encode not in this Linux starting partition; no Metal command encoder
c:objc(pl)MPSCNNGroupNormalizationDataSource(im)updateGammaAndBetaWithGroupNormalizationStateBatch:	deferred		CNN/ray/NDArray/GPU encode not in this Linux starting partition; no Metal command encoder
c:objc(pl)MPSCNNGroupNormalizationDataSource(py)numberOfFeatureChannels	deferred		CNN/ray/NDArray/GPU encode not in this Linux starting partition; no Metal command encoder
c:objc(pl)MPSCNNGroupNormalizationDataSource(py)numberOfGroups	deferred		CNN/ray/NDArray/GPU encode not in this Linux starting partition; no Metal command encoder
c:objc(pl)MPSCNNInstanceNormalizationDataSource	deferred		CNN/ray/NDArray/GPU encode not in this Linux starting partition; no Metal command encoder
c:objc(pl)MPSCNNInstanceNormalizationDataSource(cpy)supportsSecureCoding	deferred		CNN/ray/NDArray/GPU encode not in this Linux starting partition; no Metal command encoder
c:objc(pl)MPSCNNInstanceNormalizationDataSource(im)beta	deferred		CNN/ray/NDArray/GPU encode not in this Linux starting partition; no Metal command encoder
c:objc(pl)MPSCNNInstanceNormalizationDataSource(im)copyWithZone:device:	deferred		CNN/ray/NDArray/GPU encode not in this Linux starting partition; no Metal command encoder
c:objc(pl)MPSCNNInstanceNormalizationDataSource(im)encodeWithCoder:	deferred		CNN/ray/NDArray/GPU encode not in this Linux starting partition; no Metal command encoder
c:objc(pl)MPSCNNInstanceNormalizationDataSource(im)epsilon	deferred		CNN/ray/NDArray/GPU encode not in this Linux starting partition; no Metal command encoder
c:objc(pl)MPSCNNInstanceNormalizationDataSource(im)gamma	deferred		CNN/ray/NDArray/GPU encode not in this Linux starting partition; no Metal command encoder
c:objc(pl)MPSCNNInstanceNormalizationDataSource(im)initWithCoder:	deferred		CNN/ray/NDArray/GPU encode not in this Linux starting partition; no Metal command encoder
c:objc(pl)MPSCNNInstanceNormalizationDataSource(im)label	deferred		CNN/ray/NDArray/GPU encode not in this Linux starting partition; no Metal command encoder
c:objc(pl)MPSCNNInstanceNormalizationDataSource(im)load	deferred		CNN/ray/NDArray/GPU encode not in this Linux starting partition; no Metal command encoder
c:objc(pl)MPSCNNInstanceNormalizationDataSource(im)purge	deferred		CNN/ray/NDArray/GPU encode not in this Linux starting partition; no Metal command encoder
c:objc(pl)MPSCNNInstanceNormalizationDataSource(im)updateGammaAndBetaWithCommandBuffer:instanceNormalizationStateBatch:	deferred		CNN/ray/NDArray/GPU encode not in this Linux starting partition; no Metal command encoder
c:objc(pl)MPSCNNInstanceNormalizationDataSource(im)updateGammaAndBetaWithInstanceNormalizationStateBatch:	deferred		CNN/ray/NDArray/GPU encode not in this Linux starting partition; no Metal command encoder
c:objc(pl)MPSCNNInstanceNormalizationDataSource(py)numberOfFeatureChannels	deferred		CNN/ray/NDArray/GPU encode not in this Linux starting partition; no Metal command encoder
c:objc(pl)MPSDeviceProvider	implemented	full/metalperformanceshaders/MPSKernel.swift	Linux host implementation from pinned public-surface overlay
c:objc(pl)MPSDeviceProvider(im)mpsMTLDevice	implemented	full/metalperformanceshaders/MPSKernel.swift	Linux host implementation from pinned public-surface overlay
c:objc(pl)MPSHandle	declared	full/metalperformanceshaders/MPSKernel.swift	Stub declaration only; members remain deferred
c:objc(pl)MPSHandle(im)label	deferred		CNN/ray/NDArray/GPU encode not in this Linux starting partition; no Metal command encoder
c:objc(pl)MPSHeapProvider	declared	full/metalperformanceshaders/MPSKernel.swift	Stub declaration only; members remain deferred
c:objc(pl)MPSHeapProvider(im)newHeapWithDescriptor:	deferred		CNN/ray/NDArray/GPU encode not in this Linux starting partition; no Metal command encoder
c:objc(pl)MPSHeapProvider(im)retireHeap:cacheDelay:	deferred		CNN/ray/NDArray/GPU encode not in this Linux starting partition; no Metal command encoder
c:objc(pl)MPSImageAllocator	implemented	full/metalperformanceshaders/MPSImage.swift	Linux host implementation from pinned public-surface overlay
c:objc(pl)MPSImageAllocator(im)imageBatchForCommandBuffer:imageDescriptor:kernel:count:	implemented	full/metalperformanceshaders/MPSImage.swift	Linux host implementation from pinned public-surface overlay
c:objc(pl)MPSImageAllocator(im)imageForCommandBuffer:imageDescriptor:kernel:	implemented	full/metalperformanceshaders/MPSImage.swift	Linux host implementation from pinned public-surface overlay
c:objc(pl)MPSImageSizeEncodingState	deferred		CNN/ray/NDArray/GPU encode not in this Linux starting partition; no Metal command encoder
c:objc(pl)MPSImageSizeEncodingState(py)sourceHeight	deferred		CNN/ray/NDArray/GPU encode not in this Linux starting partition; no Metal command encoder
c:objc(pl)MPSImageSizeEncodingState(py)sourceWidth	deferred		CNN/ray/NDArray/GPU encode not in this Linux starting partition; no Metal command encoder
c:objc(pl)MPSImageTransformProvider	deferred		CNN/ray/NDArray/GPU encode not in this Linux starting partition; no Metal command encoder
c:objc(pl)MPSImageTransformProvider(im)transformForSourceImage:handle:	deferred		CNN/ray/NDArray/GPU encode not in this Linux starting partition; no Metal command encoder
c:objc(pl)MPSNDArrayAllocator	deferred		CNN/ray/NDArray/GPU encode not in this Linux starting partition; no Metal command encoder
c:objc(pl)MPSNDArrayAllocator(im)arrayForCommandBuffer:arrayDescriptor:kernel:	deferred		CNN/ray/NDArray/GPU encode not in this Linux starting partition; no Metal command encoder
c:objc(pl)MPSNNGramMatrixCallback	deferred		CNN/ray/NDArray/GPU encode not in this Linux starting partition; no Metal command encoder
c:objc(pl)MPSNNGramMatrixCallback(im)alphaForSourceImage:destinationImage:	deferred		CNN/ray/NDArray/GPU encode not in this Linux starting partition; no Metal command encoder
c:objc(pl)MPSNNLossCallback	deferred		CNN/ray/NDArray/GPU encode not in this Linux starting partition; no Metal command encoder
c:objc(pl)MPSNNLossCallback(im)scalarWeightForSourceImage:destinationImage:	deferred		CNN/ray/NDArray/GPU encode not in this Linux starting partition; no Metal command encoder
c:objc(pl)MPSNNPadding	declared	full/metalperformanceshaders/MPSKernel.swift	Stub declaration only; members remain deferred
c:objc(pl)MPSNNPadding(im)destinationImageDescriptorForSourceImages:sourceStates:forKernel:suggestedDescriptor:	deferred		CNN/ray/NDArray/GPU encode not in this Linux starting partition; no Metal command encoder
c:objc(pl)MPSNNPadding(im)inverse	deferred		CNN/ray/NDArray/GPU encode not in this Linux starting partition; no Metal command encoder
c:objc(pl)MPSNNPadding(im)label	deferred		CNN/ray/NDArray/GPU encode not in this Linux starting partition; no Metal command encoder
c:objc(pl)MPSNNPadding(im)paddingMethod	deferred		CNN/ray/NDArray/GPU encode not in this Linux starting partition; no Metal command encoder
c:objc(pl)MPSNNTrainableNode	deferred		CNN/ray/NDArray/GPU encode not in this Linux starting partition; no Metal command encoder
c:objc(pl)MPSNNTrainableNode(py)trainingStyle	deferred		CNN/ray/NDArray/GPU encode not in this Linux starting partition; no Metal command encoder
c:objc(pl)MPSSVGFTextureAllocator	deferred		CNN/ray/NDArray/GPU encode not in this Linux starting partition; no Metal command encoder
c:objc(pl)MPSSVGFTextureAllocator(im)returnTexture:	deferred		CNN/ray/NDArray/GPU encode not in this Linux starting partition; no Metal command encoder
c:objc(pl)MPSSVGFTextureAllocator(im)textureWithPixelFormat:width:height:	deferred		CNN/ray/NDArray/GPU encode not in this Linux starting partition; no Metal command encoder
s:SQsE2neoiySbx_xtFZ::SYNTHESIZED::c:@E@MPSAccelerationStructureStatus	implemented	full/metalperformanceshaders/MPSTypes.swift	Linux host implementation from pinned public-surface overlay
s:SQsE2neoiySbx_xtFZ::SYNTHESIZED::c:@E@MPSAccelerationStructureUsage	implemented	full/metalperformanceshaders/MPSTypes.swift	Linux host implementation from pinned public-surface overlay
s:SQsE2neoiySbx_xtFZ::SYNTHESIZED::c:@E@MPSAliasingStrategy	implemented	full/metalperformanceshaders/MPSTypes.swift	Linux host implementation from pinned public-surface overlay
s:SQsE2neoiySbx_xtFZ::SYNTHESIZED::c:@E@MPSAlphaType	implemented	full/metalperformanceshaders/MPSTypes.swift	Linux host implementation from pinned public-surface overlay
s:SQsE2neoiySbx_xtFZ::SYNTHESIZED::c:@E@MPSBoundingBoxIntersectionTestType	implemented	full/metalperformanceshaders/MPSTypes.swift	Linux host implementation from pinned public-surface overlay
s:SQsE2neoiySbx_xtFZ::SYNTHESIZED::c:@E@MPSCNNBatchNormalizationFlags	implemented	full/metalperformanceshaders/MPSTypes.swift	Linux host implementation from pinned public-surface overlay
s:SQsE2neoiySbx_xtFZ::SYNTHESIZED::c:@E@MPSCNNBinaryConvolutionFlags	implemented	full/metalperformanceshaders/MPSTypes.swift	Linux host implementation from pinned public-surface overlay
s:SQsE2neoiySbx_xtFZ::SYNTHESIZED::c:@E@MPSCNNBinaryConvolutionType	implemented	full/metalperformanceshaders/MPSTypes.swift	Linux host implementation from pinned public-surface overlay
s:SQsE2neoiySbx_xtFZ::SYNTHESIZED::c:@E@MPSCNNConvolutionFlags	implemented	full/metalperformanceshaders/MPSTypes.swift	Linux host implementation from pinned public-surface overlay
s:SQsE2neoiySbx_xtFZ::SYNTHESIZED::c:@E@MPSCNNConvolutionGradientOption	implemented	full/metalperformanceshaders/MPSTypes.swift	Linux host implementation from pinned public-surface overlay
s:SQsE2neoiySbx_xtFZ::SYNTHESIZED::c:@E@MPSCNNConvolutionWeightsLayout	implemented	full/metalperformanceshaders/MPSTypes.swift	Linux host implementation from pinned public-surface overlay
s:SQsE2neoiySbx_xtFZ::SYNTHESIZED::c:@E@MPSCNNLossType	implemented	full/metalperformanceshaders/MPSTypes.swift	Linux host implementation from pinned public-surface overlay
s:SQsE2neoiySbx_xtFZ::SYNTHESIZED::c:@E@MPSCNNNeuronType	implemented	full/metalperformanceshaders/MPSTypes.swift	Linux host implementation from pinned public-surface overlay
s:SQsE2neoiySbx_xtFZ::SYNTHESIZED::c:@E@MPSCNNReductionType	implemented	full/metalperformanceshaders/MPSTypes.swift	Linux host implementation from pinned public-surface overlay
s:SQsE2neoiySbx_xtFZ::SYNTHESIZED::c:@E@MPSCNNWeightsQuantizationType	implemented	full/metalperformanceshaders/MPSTypes.swift	Linux host implementation from pinned public-surface overlay
s:SQsE2neoiySbx_xtFZ::SYNTHESIZED::c:@E@MPSDataLayout	implemented	full/metalperformanceshaders/MPSTypes.swift	Linux host implementation from pinned public-surface overlay
s:SQsE2neoiySbx_xtFZ::SYNTHESIZED::c:@E@MPSDataType	implemented	full/metalperformanceshaders/MPSTypes.swift	Linux host implementation from pinned public-surface overlay
s:SQsE2neoiySbx_xtFZ::SYNTHESIZED::c:@E@MPSDeviceOptions	implemented	full/metalperformanceshaders/MPSTypes.swift	Linux host implementation from pinned public-surface overlay
s:SQsE2neoiySbx_xtFZ::SYNTHESIZED::c:@E@MPSFloatDataTypeBit	implemented	full/metalperformanceshaders/MPSTypes.swift	Linux host implementation from pinned public-surface overlay
s:SQsE2neoiySbx_xtFZ::SYNTHESIZED::c:@E@MPSFloatDataTypeShift	implemented	full/metalperformanceshaders/MPSTypes.swift	Linux host implementation from pinned public-surface overlay
s:SQsE2neoiySbx_xtFZ::SYNTHESIZED::c:@E@MPSImageEdgeMode	implemented	full/metalperformanceshaders/MPSTypes.swift	Linux host implementation from pinned public-surface overlay
s:SQsE2neoiySbx_xtFZ::SYNTHESIZED::c:@E@MPSImageFeatureChannelFormat	implemented	full/metalperformanceshaders/MPSTypes.swift	Linux host implementation from pinned public-surface overlay
s:SQsE2neoiySbx_xtFZ::SYNTHESIZED::c:@E@MPSIntersectionDataType	implemented	full/metalperformanceshaders/MPSTypes.swift	Linux host implementation from pinned public-surface overlay
s:SQsE2neoiySbx_xtFZ::SYNTHESIZED::c:@E@MPSIntersectionType	implemented	full/metalperformanceshaders/MPSTypes.swift	Linux host implementation from pinned public-surface overlay
s:SQsE2neoiySbx_xtFZ::SYNTHESIZED::c:@E@MPSKernelOptions	implemented	full/metalperformanceshaders/MPSTypes.swift	Linux host implementation from pinned public-surface overlay
s:SQsE2neoiySbx_xtFZ::SYNTHESIZED::c:@E@MPSMatrixDecompositionStatus	implemented	full/metalperformanceshaders/MPSTypes.swift	Linux host implementation from pinned public-surface overlay
s:SQsE2neoiySbx_xtFZ::SYNTHESIZED::c:@E@MPSMatrixRandomDistribution	implemented	full/metalperformanceshaders/MPSTypes.swift	Linux host implementation from pinned public-surface overlay
s:SQsE2neoiySbx_xtFZ::SYNTHESIZED::c:@E@MPSNDArrayQuantizationScheme	implemented	full/metalperformanceshaders/MPSTypes.swift	Linux host implementation from pinned public-surface overlay
s:SQsE2neoiySbx_xtFZ::SYNTHESIZED::c:@E@MPSNNComparisonType	implemented	full/metalperformanceshaders/MPSTypes.swift	Linux host implementation from pinned public-surface overlay
s:SQsE2neoiySbx_xtFZ::SYNTHESIZED::c:@E@MPSNNConvolutionAccumulatorPrecisionOption	implemented	full/metalperformanceshaders/MPSTypes.swift	Linux host implementation from pinned public-surface overlay
s:SQsE2neoiySbx_xtFZ::SYNTHESIZED::c:@E@MPSNNPaddingMethod	implemented	full/metalperformanceshaders/MPSTypes.swift	Linux host implementation from pinned public-surface overlay
s:SQsE2neoiySbx_xtFZ::SYNTHESIZED::c:@E@MPSNNRegularizationType	implemented	full/metalperformanceshaders/MPSTypes.swift	Linux host implementation from pinned public-surface overlay
s:SQsE2neoiySbx_xtFZ::SYNTHESIZED::c:@E@MPSNNTrainingStyle	implemented	full/metalperformanceshaders/MPSTypes.swift	Linux host implementation from pinned public-surface overlay
s:SQsE2neoiySbx_xtFZ::SYNTHESIZED::c:@E@MPSPolygonType	implemented	full/metalperformanceshaders/MPSTypes.swift	Linux host implementation from pinned public-surface overlay
s:SQsE2neoiySbx_xtFZ::SYNTHESIZED::c:@E@MPSPurgeableState	implemented	full/metalperformanceshaders/MPSTypes.swift	Linux host implementation from pinned public-surface overlay
s:SQsE2neoiySbx_xtFZ::SYNTHESIZED::c:@E@MPSRNNBidirectionalCombineMode	implemented	full/metalperformanceshaders/MPSTypes.swift	Linux host implementation from pinned public-surface overlay
s:SQsE2neoiySbx_xtFZ::SYNTHESIZED::c:@E@MPSRNNMatrixId	implemented	full/metalperformanceshaders/MPSTypes.swift	Linux host implementation from pinned public-surface overlay
s:SQsE2neoiySbx_xtFZ::SYNTHESIZED::c:@E@MPSRNNSequenceDirection	implemented	full/metalperformanceshaders/MPSTypes.swift	Linux host implementation from pinned public-surface overlay
s:SQsE2neoiySbx_xtFZ::SYNTHESIZED::c:@E@MPSRayDataType	implemented	full/metalperformanceshaders/MPSTypes.swift	Linux host implementation from pinned public-surface overlay
s:SQsE2neoiySbx_xtFZ::SYNTHESIZED::c:@E@MPSRayMaskOperator	implemented	full/metalperformanceshaders/MPSTypes.swift	Linux host implementation from pinned public-surface overlay
s:SQsE2neoiySbx_xtFZ::SYNTHESIZED::c:@E@MPSRayMaskOptions	implemented	full/metalperformanceshaders/MPSTypes.swift	Linux host implementation from pinned public-surface overlay
s:SQsE2neoiySbx_xtFZ::SYNTHESIZED::c:@E@MPSStateResourceType	implemented	full/metalperformanceshaders/MPSTypes.swift	Linux host implementation from pinned public-surface overlay
s:SQsE2neoiySbx_xtFZ::SYNTHESIZED::c:@E@MPSTemporalWeighting	implemented	full/metalperformanceshaders/MPSTypes.swift	Linux host implementation from pinned public-surface overlay
s:SQsE2neoiySbx_xtFZ::SYNTHESIZED::c:@E@MPSTransformType	implemented	full/metalperformanceshaders/MPSTypes.swift	Linux host implementation from pinned public-surface overlay
s:SQsE2neoiySbx_xtFZ::SYNTHESIZED::c:@E@MPSTriangleIntersectionTestType	implemented	full/metalperformanceshaders/MPSTypes.swift	Linux host implementation from pinned public-surface overlay
s:SQsE2neoiySbx_xtFZ::SYNTHESIZED::c:@EA@MPSCustomKernelIndex	implemented	full/metalperformanceshaders/MPSGeometry.swift	Linux host implementation from pinned public-surface overlay
s:SQsE2neoiySbx_xtFZ::SYNTHESIZED::c:@EA@MPSDeviceCapsValues	implemented	full/metalperformanceshaders/MPSGeometry.swift	Linux host implementation from pinned public-surface overlay
s:SQsE2neoiySbx_xtFZ::SYNTHESIZED::c:@EA@MPSImageType	implemented	full/metalperformanceshaders/MPSGeometry.swift	Linux host implementation from pinned public-surface overlay
s:SYsSHRzSH8RawValueSYRpzrlE04hashB0Sivp::SYNTHESIZED::c:@E@MPSAccelerationStructureStatus	implemented	full/metalperformanceshaders/MPSTypes.swift	Linux host implementation from pinned public-surface overlay
s:SYsSHRzSH8RawValueSYRpzrlE04hashB0Sivp::SYNTHESIZED::c:@E@MPSAlphaType	implemented	full/metalperformanceshaders/MPSTypes.swift	Linux host implementation from pinned public-surface overlay
s:SYsSHRzSH8RawValueSYRpzrlE04hashB0Sivp::SYNTHESIZED::c:@E@MPSBoundingBoxIntersectionTestType	implemented	full/metalperformanceshaders/MPSTypes.swift	Linux host implementation from pinned public-surface overlay
s:SYsSHRzSH8RawValueSYRpzrlE04hashB0Sivp::SYNTHESIZED::c:@E@MPSCNNBinaryConvolutionFlags	implemented	full/metalperformanceshaders/MPSTypes.swift	Linux host implementation from pinned public-surface overlay
s:SYsSHRzSH8RawValueSYRpzrlE04hashB0Sivp::SYNTHESIZED::c:@E@MPSCNNBinaryConvolutionType	implemented	full/metalperformanceshaders/MPSTypes.swift	Linux host implementation from pinned public-surface overlay
s:SYsSHRzSH8RawValueSYRpzrlE04hashB0Sivp::SYNTHESIZED::c:@E@MPSCNNConvolutionFlags	implemented	full/metalperformanceshaders/MPSTypes.swift	Linux host implementation from pinned public-surface overlay
s:SYsSHRzSH8RawValueSYRpzrlE04hashB0Sivp::SYNTHESIZED::c:@E@MPSCNNConvolutionWeightsLayout	implemented	full/metalperformanceshaders/MPSTypes.swift	Linux host implementation from pinned public-surface overlay
s:SYsSHRzSH8RawValueSYRpzrlE04hashB0Sivp::SYNTHESIZED::c:@E@MPSCNNLossType	implemented	full/metalperformanceshaders/MPSTypes.swift	Linux host implementation from pinned public-surface overlay
s:SYsSHRzSH8RawValueSYRpzrlE04hashB0Sivp::SYNTHESIZED::c:@E@MPSCNNNeuronType	implemented	full/metalperformanceshaders/MPSTypes.swift	Linux host implementation from pinned public-surface overlay
s:SYsSHRzSH8RawValueSYRpzrlE04hashB0Sivp::SYNTHESIZED::c:@E@MPSCNNReductionType	implemented	full/metalperformanceshaders/MPSTypes.swift	Linux host implementation from pinned public-surface overlay
s:SYsSHRzSH8RawValueSYRpzrlE04hashB0Sivp::SYNTHESIZED::c:@E@MPSCNNWeightsQuantizationType	implemented	full/metalperformanceshaders/MPSTypes.swift	Linux host implementation from pinned public-surface overlay
s:SYsSHRzSH8RawValueSYRpzrlE04hashB0Sivp::SYNTHESIZED::c:@E@MPSDataLayout	implemented	full/metalperformanceshaders/MPSTypes.swift	Linux host implementation from pinned public-surface overlay
s:SYsSHRzSH8RawValueSYRpzrlE04hashB0Sivp::SYNTHESIZED::c:@E@MPSDataType	implemented	full/metalperformanceshaders/MPSTypes.swift	Linux host implementation from pinned public-surface overlay
s:SYsSHRzSH8RawValueSYRpzrlE04hashB0Sivp::SYNTHESIZED::c:@E@MPSFloatDataTypeBit	implemented	full/metalperformanceshaders/MPSTypes.swift	Linux host implementation from pinned public-surface overlay
s:SYsSHRzSH8RawValueSYRpzrlE04hashB0Sivp::SYNTHESIZED::c:@E@MPSFloatDataTypeShift	implemented	full/metalperformanceshaders/MPSTypes.swift	Linux host implementation from pinned public-surface overlay
s:SYsSHRzSH8RawValueSYRpzrlE04hashB0Sivp::SYNTHESIZED::c:@E@MPSImageEdgeMode	implemented	full/metalperformanceshaders/MPSTypes.swift	Linux host implementation from pinned public-surface overlay
s:SYsSHRzSH8RawValueSYRpzrlE04hashB0Sivp::SYNTHESIZED::c:@E@MPSImageFeatureChannelFormat	implemented	full/metalperformanceshaders/MPSTypes.swift	Linux host implementation from pinned public-surface overlay
s:SYsSHRzSH8RawValueSYRpzrlE04hashB0Sivp::SYNTHESIZED::c:@E@MPSIntersectionDataType	implemented	full/metalperformanceshaders/MPSTypes.swift	Linux host implementation from pinned public-surface overlay
s:SYsSHRzSH8RawValueSYRpzrlE04hashB0Sivp::SYNTHESIZED::c:@E@MPSIntersectionType	implemented	full/metalperformanceshaders/MPSTypes.swift	Linux host implementation from pinned public-surface overlay
s:SYsSHRzSH8RawValueSYRpzrlE04hashB0Sivp::SYNTHESIZED::c:@E@MPSMatrixDecompositionStatus	implemented	full/metalperformanceshaders/MPSTypes.swift	Linux host implementation from pinned public-surface overlay
s:SYsSHRzSH8RawValueSYRpzrlE04hashB0Sivp::SYNTHESIZED::c:@E@MPSNNRegularizationType	implemented	full/metalperformanceshaders/MPSTypes.swift	Linux host implementation from pinned public-surface overlay
s:SYsSHRzSH8RawValueSYRpzrlE04hashB0Sivp::SYNTHESIZED::c:@E@MPSPolygonType	implemented	full/metalperformanceshaders/MPSTypes.swift	Linux host implementation from pinned public-surface overlay
s:SYsSHRzSH8RawValueSYRpzrlE04hashB0Sivp::SYNTHESIZED::c:@E@MPSPurgeableState	implemented	full/metalperformanceshaders/MPSTypes.swift	Linux host implementation from pinned public-surface overlay
s:SYsSHRzSH8RawValueSYRpzrlE04hashB0Sivp::SYNTHESIZED::c:@E@MPSRNNBidirectionalCombineMode	implemented	full/metalperformanceshaders/MPSTypes.swift	Linux host implementation from pinned public-surface overlay
s:SYsSHRzSH8RawValueSYRpzrlE04hashB0Sivp::SYNTHESIZED::c:@E@MPSRNNMatrixId	implemented	full/metalperformanceshaders/MPSTypes.swift	Linux host implementation from pinned public-surface overlay
s:SYsSHRzSH8RawValueSYRpzrlE04hashB0Sivp::SYNTHESIZED::c:@E@MPSRNNSequenceDirection	implemented	full/metalperformanceshaders/MPSTypes.swift	Linux host implementation from pinned public-surface overlay
s:SYsSHRzSH8RawValueSYRpzrlE04hashB0Sivp::SYNTHESIZED::c:@E@MPSRayDataType	implemented	full/metalperformanceshaders/MPSTypes.swift	Linux host implementation from pinned public-surface overlay
s:SYsSHRzSH8RawValueSYRpzrlE04hashB0Sivp::SYNTHESIZED::c:@E@MPSRayMaskOperator	implemented	full/metalperformanceshaders/MPSTypes.swift	Linux host implementation from pinned public-surface overlay
s:SYsSHRzSH8RawValueSYRpzrlE04hashB0Sivp::SYNTHESIZED::c:@E@MPSStateResourceType	implemented	full/metalperformanceshaders/MPSTypes.swift	Linux host implementation from pinned public-surface overlay
s:SYsSHRzSH8RawValueSYRpzrlE04hashB0Sivp::SYNTHESIZED::c:@E@MPSTemporalWeighting	implemented	full/metalperformanceshaders/MPSTypes.swift	Linux host implementation from pinned public-surface overlay
s:SYsSHRzSH8RawValueSYRpzrlE04hashB0Sivp::SYNTHESIZED::c:@E@MPSTransformType	implemented	full/metalperformanceshaders/MPSTypes.swift	Linux host implementation from pinned public-surface overlay
s:SYsSHRzSH8RawValueSYRpzrlE04hashB0Sivp::SYNTHESIZED::c:@E@MPSTriangleIntersectionTestType	implemented	full/metalperformanceshaders/MPSTypes.swift	Linux host implementation from pinned public-surface overlay
s:SYsSHRzSH8RawValueSYRpzrlE04hashB0Sivp::SYNTHESIZED::c:@EA@MPSCustomKernelIndex	implemented	full/metalperformanceshaders/MPSGeometry.swift	Linux host implementation from pinned public-surface overlay
s:SYsSHRzSH8RawValueSYRpzrlE04hashB0Sivp::SYNTHESIZED::c:@EA@MPSDeviceCapsValues	implemented	full/metalperformanceshaders/MPSGeometry.swift	Linux host implementation from pinned public-surface overlay
s:SYsSHRzSH8RawValueSYRpzrlE04hashB0Sivp::SYNTHESIZED::c:@EA@MPSImageType	implemented	full/metalperformanceshaders/MPSGeometry.swift	Linux host implementation from pinned public-surface overlay
s:SYsSHRzSH8RawValueSYRpzrlE4hash4intoys6HasherVz_tF::SYNTHESIZED::c:@E@MPSAccelerationStructureStatus	implemented	full/metalperformanceshaders/MPSTypes.swift	Linux host implementation from pinned public-surface overlay
s:SYsSHRzSH8RawValueSYRpzrlE4hash4intoys6HasherVz_tF::SYNTHESIZED::c:@E@MPSAlphaType	implemented	full/metalperformanceshaders/MPSTypes.swift	Linux host implementation from pinned public-surface overlay
s:SYsSHRzSH8RawValueSYRpzrlE4hash4intoys6HasherVz_tF::SYNTHESIZED::c:@E@MPSBoundingBoxIntersectionTestType	implemented	full/metalperformanceshaders/MPSTypes.swift	Linux host implementation from pinned public-surface overlay
s:SYsSHRzSH8RawValueSYRpzrlE4hash4intoys6HasherVz_tF::SYNTHESIZED::c:@E@MPSCNNBinaryConvolutionFlags	implemented	full/metalperformanceshaders/MPSTypes.swift	Linux host implementation from pinned public-surface overlay
s:SYsSHRzSH8RawValueSYRpzrlE4hash4intoys6HasherVz_tF::SYNTHESIZED::c:@E@MPSCNNBinaryConvolutionType	implemented	full/metalperformanceshaders/MPSTypes.swift	Linux host implementation from pinned public-surface overlay
s:SYsSHRzSH8RawValueSYRpzrlE4hash4intoys6HasherVz_tF::SYNTHESIZED::c:@E@MPSCNNConvolutionFlags	implemented	full/metalperformanceshaders/MPSTypes.swift	Linux host implementation from pinned public-surface overlay
s:SYsSHRzSH8RawValueSYRpzrlE4hash4intoys6HasherVz_tF::SYNTHESIZED::c:@E@MPSCNNConvolutionWeightsLayout	implemented	full/metalperformanceshaders/MPSTypes.swift	Linux host implementation from pinned public-surface overlay
s:SYsSHRzSH8RawValueSYRpzrlE4hash4intoys6HasherVz_tF::SYNTHESIZED::c:@E@MPSCNNLossType	implemented	full/metalperformanceshaders/MPSTypes.swift	Linux host implementation from pinned public-surface overlay
s:SYsSHRzSH8RawValueSYRpzrlE4hash4intoys6HasherVz_tF::SYNTHESIZED::c:@E@MPSCNNNeuronType	implemented	full/metalperformanceshaders/MPSTypes.swift	Linux host implementation from pinned public-surface overlay
s:SYsSHRzSH8RawValueSYRpzrlE4hash4intoys6HasherVz_tF::SYNTHESIZED::c:@E@MPSCNNReductionType	implemented	full/metalperformanceshaders/MPSTypes.swift	Linux host implementation from pinned public-surface overlay
s:SYsSHRzSH8RawValueSYRpzrlE4hash4intoys6HasherVz_tF::SYNTHESIZED::c:@E@MPSCNNWeightsQuantizationType	implemented	full/metalperformanceshaders/MPSTypes.swift	Linux host implementation from pinned public-surface overlay
s:SYsSHRzSH8RawValueSYRpzrlE4hash4intoys6HasherVz_tF::SYNTHESIZED::c:@E@MPSDataLayout	implemented	full/metalperformanceshaders/MPSTypes.swift	Linux host implementation from pinned public-surface overlay
s:SYsSHRzSH8RawValueSYRpzrlE4hash4intoys6HasherVz_tF::SYNTHESIZED::c:@E@MPSDataType	implemented	full/metalperformanceshaders/MPSTypes.swift	Linux host implementation from pinned public-surface overlay
s:SYsSHRzSH8RawValueSYRpzrlE4hash4intoys6HasherVz_tF::SYNTHESIZED::c:@E@MPSFloatDataTypeBit	implemented	full/metalperformanceshaders/MPSTypes.swift	Linux host implementation from pinned public-surface overlay
s:SYsSHRzSH8RawValueSYRpzrlE4hash4intoys6HasherVz_tF::SYNTHESIZED::c:@E@MPSFloatDataTypeShift	implemented	full/metalperformanceshaders/MPSTypes.swift	Linux host implementation from pinned public-surface overlay
s:SYsSHRzSH8RawValueSYRpzrlE4hash4intoys6HasherVz_tF::SYNTHESIZED::c:@E@MPSImageEdgeMode	implemented	full/metalperformanceshaders/MPSTypes.swift	Linux host implementation from pinned public-surface overlay
s:SYsSHRzSH8RawValueSYRpzrlE4hash4intoys6HasherVz_tF::SYNTHESIZED::c:@E@MPSImageFeatureChannelFormat	implemented	full/metalperformanceshaders/MPSTypes.swift	Linux host implementation from pinned public-surface overlay
s:SYsSHRzSH8RawValueSYRpzrlE4hash4intoys6HasherVz_tF::SYNTHESIZED::c:@E@MPSIntersectionDataType	implemented	full/metalperformanceshaders/MPSTypes.swift	Linux host implementation from pinned public-surface overlay
s:SYsSHRzSH8RawValueSYRpzrlE4hash4intoys6HasherVz_tF::SYNTHESIZED::c:@E@MPSIntersectionType	implemented	full/metalperformanceshaders/MPSTypes.swift	Linux host implementation from pinned public-surface overlay
s:SYsSHRzSH8RawValueSYRpzrlE4hash4intoys6HasherVz_tF::SYNTHESIZED::c:@E@MPSMatrixDecompositionStatus	implemented	full/metalperformanceshaders/MPSTypes.swift	Linux host implementation from pinned public-surface overlay
s:SYsSHRzSH8RawValueSYRpzrlE4hash4intoys6HasherVz_tF::SYNTHESIZED::c:@E@MPSNNRegularizationType	implemented	full/metalperformanceshaders/MPSTypes.swift	Linux host implementation from pinned public-surface overlay
s:SYsSHRzSH8RawValueSYRpzrlE4hash4intoys6HasherVz_tF::SYNTHESIZED::c:@E@MPSPolygonType	implemented	full/metalperformanceshaders/MPSTypes.swift	Linux host implementation from pinned public-surface overlay
s:SYsSHRzSH8RawValueSYRpzrlE4hash4intoys6HasherVz_tF::SYNTHESIZED::c:@E@MPSPurgeableState	implemented	full/metalperformanceshaders/MPSTypes.swift	Linux host implementation from pinned public-surface overlay
s:SYsSHRzSH8RawValueSYRpzrlE4hash4intoys6HasherVz_tF::SYNTHESIZED::c:@E@MPSRNNBidirectionalCombineMode	implemented	full/metalperformanceshaders/MPSTypes.swift	Linux host implementation from pinned public-surface overlay
s:SYsSHRzSH8RawValueSYRpzrlE4hash4intoys6HasherVz_tF::SYNTHESIZED::c:@E@MPSRNNMatrixId	implemented	full/metalperformanceshaders/MPSTypes.swift	Linux host implementation from pinned public-surface overlay
s:SYsSHRzSH8RawValueSYRpzrlE4hash4intoys6HasherVz_tF::SYNTHESIZED::c:@E@MPSRNNSequenceDirection	implemented	full/metalperformanceshaders/MPSTypes.swift	Linux host implementation from pinned public-surface overlay
s:SYsSHRzSH8RawValueSYRpzrlE4hash4intoys6HasherVz_tF::SYNTHESIZED::c:@E@MPSRayDataType	implemented	full/metalperformanceshaders/MPSTypes.swift	Linux host implementation from pinned public-surface overlay
s:SYsSHRzSH8RawValueSYRpzrlE4hash4intoys6HasherVz_tF::SYNTHESIZED::c:@E@MPSRayMaskOperator	implemented	full/metalperformanceshaders/MPSTypes.swift	Linux host implementation from pinned public-surface overlay
s:SYsSHRzSH8RawValueSYRpzrlE4hash4intoys6HasherVz_tF::SYNTHESIZED::c:@E@MPSStateResourceType	implemented	full/metalperformanceshaders/MPSTypes.swift	Linux host implementation from pinned public-surface overlay
s:SYsSHRzSH8RawValueSYRpzrlE4hash4intoys6HasherVz_tF::SYNTHESIZED::c:@E@MPSTemporalWeighting	implemented	full/metalperformanceshaders/MPSTypes.swift	Linux host implementation from pinned public-surface overlay
s:SYsSHRzSH8RawValueSYRpzrlE4hash4intoys6HasherVz_tF::SYNTHESIZED::c:@E@MPSTransformType	implemented	full/metalperformanceshaders/MPSTypes.swift	Linux host implementation from pinned public-surface overlay
s:SYsSHRzSH8RawValueSYRpzrlE4hash4intoys6HasherVz_tF::SYNTHESIZED::c:@E@MPSTriangleIntersectionTestType	implemented	full/metalperformanceshaders/MPSTypes.swift	Linux host implementation from pinned public-surface overlay
s:SYsSHRzSH8RawValueSYRpzrlE4hash4intoys6HasherVz_tF::SYNTHESIZED::c:@EA@MPSCustomKernelIndex	implemented	full/metalperformanceshaders/MPSGeometry.swift	Linux host implementation from pinned public-surface overlay
s:SYsSHRzSH8RawValueSYRpzrlE4hash4intoys6HasherVz_tF::SYNTHESIZED::c:@EA@MPSDeviceCapsValues	implemented	full/metalperformanceshaders/MPSGeometry.swift	Linux host implementation from pinned public-surface overlay
s:SYsSHRzSH8RawValueSYRpzrlE4hash4intoys6HasherVz_tF::SYNTHESIZED::c:@EA@MPSImageType	implemented	full/metalperformanceshaders/MPSGeometry.swift	Linux host implementation from pinned public-surface overlay
s:So035MPSRayOriginMinDistanceDirectionMaxD0a6origin03minD09direction03maxD0ABSo16_MPSPackedFloat3V_SfAHSftcfc	deferred		CNN/ray/NDArray/GPU encode not in this Linux starting partition; no Metal command encoder
s:So035MPSRayOriginMinDistanceDirectionMaxD0aABycfc	deferred		CNN/ray/NDArray/GPU encode not in this Linux starting partition; no Metal command encoder
s:So043MPSIntersectionDistancePrimitiveIndexBufferD0a8distance09primitiveD006bufferD0ABSf_s6UInt32VAGtcfc	deferred		CNN/ray/NDArray/GPU encode not in this Linux starting partition; no Metal command encoder
s:So043MPSIntersectionDistancePrimitiveIndexBufferD0aABycfc	deferred		CNN/ray/NDArray/GPU encode not in this Linux starting partition; no Metal command encoder
s:So043MPSIntersectionDistancePrimitiveIndexBufferD11Coordinatesa8distance09primitiveD006bufferD011coordinatesABSf_s6UInt32VAHs5SIMD2VySfGtcfc	deferred		CNN/ray/NDArray/GPU encode not in this Linux starting partition; no Metal command encoder
s:So043MPSIntersectionDistancePrimitiveIndexBufferD11CoordinatesaABycfc	deferred		CNN/ray/NDArray/GPU encode not in this Linux starting partition; no Metal command encoder
s:So043MPSIntersectionDistancePrimitiveIndexBufferd8InstanceD0a8distance09primitiveD006bufferD008instanceD0ABSf_s6UInt32VA2Htcfc	deferred		CNN/ray/NDArray/GPU encode not in this Linux starting partition; no Metal command encoder
s:So043MPSIntersectionDistancePrimitiveIndexBufferd8InstanceD0aABycfc	deferred		CNN/ray/NDArray/GPU encode not in this Linux starting partition; no Metal command encoder
s:So043MPSIntersectionDistancePrimitiveIndexBufferd8InstanceD11Coordinatesa8distance09primitiveD006bufferD008instanceD011coordinatesABSf_s6UInt32VA2Is5SIMD2VySfGtcfc	deferred		CNN/ray/NDArray/GPU encode not in this Linux starting partition; no Metal command encoder
s:So043MPSIntersectionDistancePrimitiveIndexBufferd8InstanceD11CoordinatesaABycfc	deferred		CNN/ray/NDArray/GPU encode not in this Linux starting partition; no Metal command encoder
s:So045MPSIntersectionDistancePrimitiveIndexInstanceD0a8distance09primitiveD008instanceD0ABSf_s6UInt32VAGtcfc	deferred		CNN/ray/NDArray/GPU encode not in this Linux starting partition; no Metal command encoder
s:So045MPSIntersectionDistancePrimitiveIndexInstanceD0aABycfc	deferred		CNN/ray/NDArray/GPU encode not in this Linux starting partition; no Metal command encoder
s:So045MPSIntersectionDistancePrimitiveIndexInstanceD11Coordinatesa8distance09primitiveD008instanceD011coordinatesABSf_s6UInt32VAHs5SIMD2VySfGtcfc	deferred		CNN/ray/NDArray/GPU encode not in this Linux starting partition; no Metal command encoder
s:So045MPSIntersectionDistancePrimitiveIndexInstanceD11CoordinatesaABycfc	deferred		CNN/ray/NDArray/GPU encode not in this Linux starting partition; no Metal command encoder
s:So11MPSDataTypeV8rawValueABSgs6UInt32V_tcfc	implemented	full/metalperformanceshaders/MPSTypes.swift	Linux host implementation from pinned public-surface overlay
s:So12MPSAlphaTypeV8rawValueABSgSu_tcfc	implemented	full/metalperformanceshaders/MPSTypes.swift	Linux host implementation from pinned public-surface overlay
s:So12MPSImageTypea8rawValueABs6UInt32V_tcfc	implemented	full/metalperformanceshaders/MPSGeometry.swift	Linux host implementation from pinned public-surface overlay
s:So12MPSImageTypea8rawValues6UInt32Vvp	implemented	full/metalperformanceshaders/MPSGeometry.swift	Linux host implementation from pinned public-surface overlay
s:So12MPSImageTypeayABs6UInt32Vcfc	implemented	full/metalperformanceshaders/MPSGeometry.swift	Linux host implementation from pinned public-surface overlay
s:So13MPSDataLayoutV8rawValueABSgSu_tcfc	implemented	full/metalperformanceshaders/MPSTypes.swift	Linux host implementation from pinned public-surface overlay
s:So14MPSCNNLossTypeV8rawValueABSgs6UInt32V_tcfc	implemented	full/metalperformanceshaders/MPSTypes.swift	Linux host implementation from pinned public-surface overlay
s:So14MPSImageRegionV6offset4sizeABSo0A10CoordinateV_AFtcfc	implemented	full/metalperformanceshaders/MPSGeometry.swift	Linux host implementation from pinned public-surface overlay
s:So14MPSImageRegionVABycfc	implemented	full/metalperformanceshaders/MPSGeometry.swift	Linux host implementation from pinned public-surface overlay
s:So14MPSPolygonTypeV8rawValueABSgSu_tcfc	implemented	full/metalperformanceshaders/MPSTypes.swift	Linux host implementation from pinned public-surface overlay
s:So14MPSRNNMatrixIdV8rawValueABSgSu_tcfc	implemented	full/metalperformanceshaders/MPSTypes.swift	Linux host implementation from pinned public-surface overlay
s:So14MPSRayDataTypeV8rawValueABSgSu_tcfc	implemented	full/metalperformanceshaders/MPSTypes.swift	Linux host implementation from pinned public-surface overlay
s:So15MPSMatrixOffseta03rowB006columnB0ABs6UInt32V_AFtcfc	implemented	full/metalperformanceshaders/MPSGeometry.swift	Linux host implementation from pinned public-surface overlay
s:So15MPSMatrixOffsetaABycfc	implemented	full/metalperformanceshaders/MPSGeometry.swift	Linux host implementation from pinned public-surface overlay
s:So15MPSNDArraySizesa10dimensionsABSi_S15it_tcfc	implemented	full/metalperformanceshaders/MPSGeometry.swift	Linux host implementation from pinned public-surface overlay
s:So15MPSNDArraySizesaABycfc	implemented	full/metalperformanceshaders/MPSGeometry.swift	Linux host implementation from pinned public-surface overlay
s:So16MPSCNNNeuronTypeV8rawValueABSgs5Int32V_tcfc	implemented	full/metalperformanceshaders/MPSTypes.swift	Linux host implementation from pinned public-surface overlay
s:So16MPSDeviceOptionsV8rawValueABSu_tcfc	implemented	full/metalperformanceshaders/MPSTypes.swift	Linux host implementation from pinned public-surface overlay
s:So16MPSImageEdgeModeV8rawValueABSgSu_tcfc	implemented	full/metalperformanceshaders/MPSTypes.swift	Linux host implementation from pinned public-surface overlay
s:So16MPSKernelOptionsV8rawValueABSu_tcfc	implemented	full/metalperformanceshaders/MPSTypes.swift	Linux host implementation from pinned public-surface overlay
s:So16MPSTransformTypeV8rawValueABSgSu_tcfc	implemented	full/metalperformanceshaders/MPSTypes.swift	Linux host implementation from pinned public-surface overlay
s:So16MTLCommandBufferP5MetalE16useResidencySetsyySaySo15MTLResidencySet_pGF::SYNTHESIZED::c:objc(cs)MPSCommandBuffer	deferred		CNN/ray/NDArray/GPU encode not in this Linux starting partition; no Metal command encoder
s:So16MTLCommandBufferP5MetalE4logsAC15MTLLogContainerVvp::SYNTHESIZED::c:objc(cs)MPSCommandBuffer	deferred		CNN/ray/NDArray/GPU encode not in this Linux starting partition; no Metal command encoder
s:So16MTLCommandBufferP5MetalE9completedyyYaF::SYNTHESIZED::c:objc(cs)MPSCommandBuffer	deferred		CNN/ray/NDArray/GPU encode not in this Linux starting partition; no Metal command encoder
s:So16MTLCommandBufferP5MetalE9scheduledyyYaF::SYNTHESIZED::c:objc(cs)MPSCommandBuffer	deferred		CNN/ray/NDArray/GPU encode not in this Linux starting partition; no Metal command encoder
s:So16_MPSPackedFloat3V34__Unnamed_union___Anonymous_field0V02__c10_struct___e1_F0V1x1y1zAFSf_S2ftcfc::SYNTHESIZED::c:@T@MPSPackedFloat3	deferred		CNN/ray/NDArray/GPU encode not in this Linux starting partition; no Metal command encoder
s:So16_MPSPackedFloat3V34__Unnamed_union___Anonymous_field0V02__c10_struct___e1_F0VAFycfc::SYNTHESIZED::c:@T@MPSPackedFloat3	deferred		CNN/ray/NDArray/GPU encode not in this Linux starting partition; no Metal command encoder
s:So16_MPSPackedFloat3V34__Unnamed_union___Anonymous_field0V8elementsADSf_S2ft_tcfc::SYNTHESIZED::c:@T@MPSPackedFloat3	deferred		CNN/ray/NDArray/GPU encode not in this Linux starting partition; no Metal command encoder
s:So16_MPSPackedFloat3V34__Unnamed_union___Anonymous_field0VADycfc::SYNTHESIZED::c:@T@MPSPackedFloat3	deferred		CNN/ray/NDArray/GPU encode not in this Linux starting partition; no Metal command encoder
s:So16_MPSPackedFloat3V34__Unnamed_union___Anonymous_field0VyA2D02__c10_struct___e1_F0Vcfc::SYNTHESIZED::c:@T@MPSPackedFloat3	deferred		CNN/ray/NDArray/GPU encode not in this Linux starting partition; no Metal command encoder
s:So16_MPSPackedFloat3VABycfc::SYNTHESIZED::c:@T@MPSPackedFloat3	deferred		CNN/ray/NDArray/GPU encode not in this Linux starting partition; no Metal command encoder
s:So16_MPSPackedFloat3VyA2B34__Unnamed_union___Anonymous_field0Vcfc::SYNTHESIZED::c:@T@MPSPackedFloat3	deferred		CNN/ray/NDArray/GPU encode not in this Linux starting partition; no Metal command encoder
s:So17MPSDimensionSliceV5start6lengthABSi_Sitcfc	implemented	full/metalperformanceshaders/MPSGeometry.swift	Linux host implementation from pinned public-surface overlay
s:So17MPSDimensionSliceVABycfc	implemented	full/metalperformanceshaders/MPSGeometry.swift	Linux host implementation from pinned public-surface overlay
s:So17MPSNDArrayOffsetsa10dimensionsABSi_S15it_tcfc	implemented	full/metalperformanceshaders/MPSGeometry.swift	Linux host implementation from pinned public-surface overlay
s:So17MPSNDArrayOffsetsaABycfc	implemented	full/metalperformanceshaders/MPSGeometry.swift	Linux host implementation from pinned public-surface overlay
s:So17MPSPurgeableStateV8rawValueABSgSu_tcfc	implemented	full/metalperformanceshaders/MPSTypes.swift	Linux host implementation from pinned public-surface overlay
s:So17MPSRayMaskOptionsV8rawValueABSu_tcfc	implemented	full/metalperformanceshaders/MPSTypes.swift	Linux host implementation from pinned public-surface overlay
s:So17MPSScaleTransformV6scaleX0C1Y10translateX0D1YABSd_S3dtcfc	implemented	full/metalperformanceshaders/MPSGeometry.swift	Linux host implementation from pinned public-surface overlay
s:So17MPSScaleTransformVABycfc	implemented	full/metalperformanceshaders/MPSGeometry.swift	Linux host implementation from pinned public-surface overlay
s:So18MPSImageCoordinateV1x1y7channelABSi_S2itcfc	implemented	full/metalperformanceshaders/MPSGeometry.swift	Linux host implementation from pinned public-surface overlay
s:So18MPSImageCoordinateVABycfc	implemented	full/metalperformanceshaders/MPSGeometry.swift	Linux host implementation from pinned public-surface overlay
s:So18MPSNNPaddingMethodV8rawValueABSu_tcfc	implemented	full/metalperformanceshaders/MPSTypes.swift	Linux host implementation from pinned public-surface overlay
s:So18MPSNNTrainingStyleV8rawValueABSu_tcfc	implemented	full/metalperformanceshaders/MPSTypes.swift	Linux host implementation from pinned public-surface overlay
s:So18MPSRayMaskOperatorV8rawValueABSgSu_tcfc	implemented	full/metalperformanceshaders/MPSTypes.swift	Linux host implementation from pinned public-surface overlay
s:So19MPSAliasingStrategyV8rawValueABSu_tcfc	implemented	full/metalperformanceshaders/MPSTypes.swift	Linux host implementation from pinned public-surface overlay
s:So19MPSCNNReductionTypeV8rawValueABSgs5Int32V_tcfc	implemented	full/metalperformanceshaders/MPSTypes.swift	Linux host implementation from pinned public-surface overlay
s:So19MPSCustomKernelInfoa10clipOrigin0D4Size26destinationFeatureChannels014destImageArrayF006sourceK5Count011threadgroupF013subbatchIndex0P6Stride4idivABs5SIMD4Vys6UInt16VG_Ap6OSo24MPSIntegerDivisionParamsatcfc	implemented	full/metalperformanceshaders/MPSGeometry.swift	Linux host implementation from pinned public-surface overlay
s:So19MPSCustomKernelInfoaABycfc	implemented	full/metalperformanceshaders/MPSGeometry.swift	Linux host implementation from pinned public-surface overlay
s:So19MPSDeviceCapsValuesa8rawValueABs6UInt32V_tcfc	implemented	full/metalperformanceshaders/MPSGeometry.swift	Linux host implementation from pinned public-surface overlay
s:So19MPSDeviceCapsValuesa8rawValues6UInt32Vvp	implemented	full/metalperformanceshaders/MPSGeometry.swift	Linux host implementation from pinned public-surface overlay
s:So19MPSDeviceCapsValuesayABs6UInt32Vcfc	implemented	full/metalperformanceshaders/MPSGeometry.swift	Linux host implementation from pinned public-surface overlay
s:So19MPSFloatDataTypeBitV8rawValueABSgs6UInt32V_tcfc	implemented	full/metalperformanceshaders/MPSTypes.swift	Linux host implementation from pinned public-surface overlay
s:So19MPSIntersectionTypeV8rawValueABSgSu_tcfc	implemented	full/metalperformanceshaders/MPSTypes.swift	Linux host implementation from pinned public-surface overlay
s:So19MPSNNComparisonTypeV8rawValueABSu_tcfc	implemented	full/metalperformanceshaders/MPSTypes.swift	Linux host implementation from pinned public-surface overlay
s:So19MPSStateTextureInfoVABycfc	implemented	full/metalperformanceshaders/MPSGeometry.swift	Linux host implementation from pinned public-surface overlay
s:So20MPSCustomKernelIndexa8rawValueABs6UInt32V_tcfc	implemented	full/metalperformanceshaders/MPSGeometry.swift	Linux host implementation from pinned public-surface overlay
s:So20MPSCustomKernelIndexa8rawValues6UInt32Vvp	implemented	full/metalperformanceshaders/MPSGeometry.swift	Linux host implementation from pinned public-surface overlay
s:So20MPSCustomKernelIndexayABs6UInt32Vcfc	implemented	full/metalperformanceshaders/MPSGeometry.swift	Linux host implementation from pinned public-surface overlay
s:So20MPSImageKeypointDataa18keypointCoordinate0D10ColorValueABs5SIMD2Vys6UInt16VG_Sftcfc	implemented	full/metalperformanceshaders/MPSGeometry.swift	Linux host implementation from pinned public-surface overlay
s:So20MPSImageKeypointDataaABycfc	implemented	full/metalperformanceshaders/MPSGeometry.swift	Linux host implementation from pinned public-surface overlay
s:So20MPSMatrixCopyOffsetsa15sourceRowOffset0d6ColumnF0011destinationeF00hgF0ABs6UInt32V_A3Htcfc	implemented	full/metalperformanceshaders/MPSGeometry.swift	Linux host implementation from pinned public-surface overlay
s:So20MPSMatrixCopyOffsetsaABycfc	implemented	full/metalperformanceshaders/MPSGeometry.swift	Linux host implementation from pinned public-surface overlay
s:So20MPSStateResourceTypeV8rawValueABSgSu_tcfc	implemented	full/metalperformanceshaders/MPSTypes.swift	Linux host implementation from pinned public-surface overlay
s:So20MPSTemporalWeightingV8rawValueABSgSu_tcfc	implemented	full/metalperformanceshaders/MPSTypes.swift	Linux host implementation from pinned public-surface overlay
s:So21MPSFloatDataTypeShiftV8rawValueABSgs6UInt32V_tcfc	implemented	full/metalperformanceshaders/MPSTypes.swift	Linux host implementation from pinned public-surface overlay
s:So21MPSImageHistogramInfoa08numberOfB7Entries17histogramForAlpha13minPixelValue03maxkL0ABSi_10ObjectiveC8ObjCBoolVs5SIMD4VySfGALtcfc	implemented	full/metalperformanceshaders/MPSGeometry.swift	Linux host implementation from pinned public-surface overlay
s:So21MPSImageHistogramInfoaABycfc	implemented	full/metalperformanceshaders/MPSGeometry.swift	Linux host implementation from pinned public-surface overlay
s:So21MPSRayOriginDirectiona6origin9directionABs5SIMD3VySfG_AGtcfc	deferred		CNN/ray/NDArray/GPU encode not in this Linux starting partition; no Metal command encoder
s:So21MPSRayOriginDirectionaABycfc	deferred		CNN/ray/NDArray/GPU encode not in this Linux starting partition; no Metal command encoder
s:So22MPSCNNConvolutionFlagsV8rawValueABSgSu_tcfc	implemented	full/metalperformanceshaders/MPSTypes.swift	Linux host implementation from pinned public-surface overlay
s:So23MPSImageReadWriteParamsa20featureChannelOffset025numberOfFeatureChannelsTobC0ABSi_Sitcfc	implemented	full/metalperformanceshaders/MPSGeometry.swift	Linux host implementation from pinned public-surface overlay
s:So23MPSImageReadWriteParamsaABycfc	implemented	full/metalperformanceshaders/MPSGeometry.swift	Linux host implementation from pinned public-surface overlay
s:So23MPSIntersectionDataTypeV8rawValueABSgSu_tcfc	implemented	full/metalperformanceshaders/MPSTypes.swift	Linux host implementation from pinned public-surface overlay
s:So23MPSIntersectionDistancea8distanceABSf_tcfc	deferred		CNN/ray/NDArray/GPU encode not in this Linux starting partition; no Metal command encoder
s:So23MPSIntersectionDistanceaABycfc	deferred		CNN/ray/NDArray/GPU encode not in this Linux starting partition; no Metal command encoder
s:So23MPSNNRegularizationTypeV8rawValueABSgSu_tcfc	implemented	full/metalperformanceshaders/MPSTypes.swift	Linux host implementation from pinned public-surface overlay
s:So23MPSRNNSequenceDirectionV8rawValueABSgSu_tcfc	implemented	full/metalperformanceshaders/MPSTypes.swift	Linux host implementation from pinned public-surface overlay
s:So24MPSIntegerDivisionParamsa7divisor5recip6addend5shiftABs6UInt16V_A3Htcfc	implemented	full/metalperformanceshaders/MPSGeometry.swift	Linux host implementation from pinned public-surface overlay
s:So24MPSIntegerDivisionParamsaABycfc	implemented	full/metalperformanceshaders/MPSGeometry.swift	Linux host implementation from pinned public-surface overlay
s:So25MPSCustomKernelSourceInfoa12kernelOrigin0E5Phase0E4Size6offset6stride12dilationRate20featureChannelOffset0M8Channels010imageArrayO00qrH0ABs5SIMD2Vys5Int16VG_ANys6UInt16VGAtq2t4Stcfc	implemented	full/metalperformanceshaders/MPSGeometry.swift	Linux host implementation from pinned public-surface overlay
s:So25MPSCustomKernelSourceInfoaABycfc	implemented	full/metalperformanceshaders/MPSGeometry.swift	Linux host implementation from pinned public-surface overlay
s:So25MPSImageKeypointRangeInfoa16maximumKeypoints21minimumThresholdValueABSi_Sftcfc	implemented	full/metalperformanceshaders/MPSGeometry.swift	Linux host implementation from pinned public-surface overlay
s:So25MPSImageKeypointRangeInfoaABycfc	implemented	full/metalperformanceshaders/MPSGeometry.swift	Linux host implementation from pinned public-surface overlay
s:So26_MPSAxisAlignedBoundingBoxV3min3maxABs5SIMD3VySfG_AGtcfc::SYNTHESIZED::c:@T@MPSAxisAlignedBoundingBox	deferred		CNN/ray/NDArray/GPU encode not in this Linux starting partition; no Metal command encoder
s:So26_MPSAxisAlignedBoundingBoxVABycfc::SYNTHESIZED::c:@T@MPSAxisAlignedBoundingBox	deferred		CNN/ray/NDArray/GPU encode not in this Linux starting partition; no Metal command encoder
s:So27MPSCNNBinaryConvolutionTypeV8rawValueABSgSu_tcfc	implemented	full/metalperformanceshaders/MPSTypes.swift	Linux host implementation from pinned public-surface overlay
s:So27MPSMatrixRandomDistributionV8rawValueABSu_tcfc	implemented	full/metalperformanceshaders/MPSTypes.swift	Linux host implementation from pinned public-surface overlay
s:So27MPSRayPackedOriginDirectiona6origin9directionABSo16_MPSPackedFloat3V_AFtcfc	deferred		CNN/ray/NDArray/GPU encode not in this Linux starting partition; no Metal command encoder
s:So27MPSRayPackedOriginDirectionaABycfc	deferred		CNN/ray/NDArray/GPU encode not in this Linux starting partition; no Metal command encoder
s:So28MPSCNNBinaryConvolutionFlagsV8rawValueABSgSu_tcfc	implemented	full/metalperformanceshaders/MPSTypes.swift	Linux host implementation from pinned public-surface overlay
s:So28MPSCustomKernelArgumentCountV018destinationTextureD006sourcefD009broadcastfD0ABSu_S2utcfc	implemented	full/metalperformanceshaders/MPSGeometry.swift	Linux host implementation from pinned public-surface overlay
s:So28MPSCustomKernelArgumentCountVABycfc	implemented	full/metalperformanceshaders/MPSGeometry.swift	Linux host implementation from pinned public-surface overlay
s:So28MPSImageFeatureChannelFormatV8rawValueABSgSu_tcfc	implemented	full/metalperformanceshaders/MPSTypes.swift	Linux host implementation from pinned public-surface overlay
s:So28MPSMatrixDecompositionStatusV8rawValueABSgs5Int32V_tcfc	implemented	full/metalperformanceshaders/MPSTypes.swift	Linux host implementation from pinned public-surface overlay
s:So28MPSNDArrayQuantizationSchemeV8rawValueABSu_tcfc	implemented	full/metalperformanceshaders/MPSTypes.swift	Linux host implementation from pinned public-surface overlay
s:So29MPSAccelerationStructureUsageV8rawValueABSu_tcfc	implemented	full/metalperformanceshaders/MPSTypes.swift	Linux host implementation from pinned public-surface overlay
s:So29MPSCNNBatchNormalizationFlagsV8rawValueABSu_tcfc	implemented	full/metalperformanceshaders/MPSTypes.swift	Linux host implementation from pinned public-surface overlay
s:So29MPSCNNWeightsQuantizationTypeV8rawValueABSgs6UInt32V_tcfc	implemented	full/metalperformanceshaders/MPSTypes.swift	Linux host implementation from pinned public-surface overlay
s:So30MPSAccelerationStructureStatusV8rawValueABSgSu_tcfc	implemented	full/metalperformanceshaders/MPSTypes.swift	Linux host implementation from pinned public-surface overlay
s:So30MPSCNNConvolutionWeightsLayoutV8rawValueABSgs6UInt32V_tcfc	implemented	full/metalperformanceshaders/MPSTypes.swift	Linux host implementation from pinned public-surface overlay
s:So30MPSRNNBidirectionalCombineModeV8rawValueABSgSu_tcfc	implemented	full/metalperformanceshaders/MPSTypes.swift	Linux host implementation from pinned public-surface overlay
s:So31MPSCNNConvolutionGradientOptionV8rawValueABSu_tcfc	implemented	full/metalperformanceshaders/MPSTypes.swift	Linux host implementation from pinned public-surface overlay
s:So31MPSTriangleIntersectionTestTypeV8rawValueABSgSu_tcfc	implemented	full/metalperformanceshaders/MPSTypes.swift	Linux host implementation from pinned public-surface overlay
s:So34MPSBoundingBoxIntersectionTestTypeV8rawValueABSgSu_tcfc	implemented	full/metalperformanceshaders/MPSTypes.swift	Linux host implementation from pinned public-surface overlay
s:So36MPSRayOriginMaskDirectionMaxDistancea6origin4mask9direction03maxF0ABSo16_MPSPackedFloat3V_s6UInt32VAHSftcfc	deferred		CNN/ray/NDArray/GPU encode not in this Linux starting partition; no Metal command encoder
s:So36MPSRayOriginMaskDirectionMaxDistanceaABycfc	deferred		CNN/ray/NDArray/GPU encode not in this Linux starting partition; no Metal command encoder
s:So37MPSIntersectionDistancePrimitiveIndexa8distance09primitiveD0ABSf_s6UInt32Vtcfc	deferred		CNN/ray/NDArray/GPU encode not in this Linux starting partition; no Metal command encoder
s:So37MPSIntersectionDistancePrimitiveIndexaABycfc	deferred		CNN/ray/NDArray/GPU encode not in this Linux starting partition; no Metal command encoder
s:So42MPSNNConvolutionAccumulatorPrecisionOptionV8rawValueABSu_tcfc	implemented	full/metalperformanceshaders/MPSTypes.swift	Linux host implementation from pinned public-surface overlay
s:So48MPSIntersectionDistancePrimitiveIndexCoordinatesa8distance09primitiveD011coordinatesABSf_s6UInt32Vs5SIMD2VySfGtcfc	deferred		CNN/ray/NDArray/GPU encode not in this Linux starting partition; no Metal command encoder
s:So48MPSIntersectionDistancePrimitiveIndexCoordinatesaABycfc	deferred		CNN/ray/NDArray/GPU encode not in this Linux starting partition; no Metal command encoder
s:So7MPSSizeV5width6height5depthABSd_S2dtcfc	implemented	full/metalperformanceshaders/MPSGeometry.swift	Linux host implementation from pinned public-surface overlay
s:So7MPSSizeVABycfc	implemented	full/metalperformanceshaders/MPSGeometry.swift	Linux host implementation from pinned public-surface overlay
s:So9MPSOffseta1x1y1zABSi_S2itcfc	implemented	full/metalperformanceshaders/MPSGeometry.swift	Linux host implementation from pinned public-surface overlay
s:So9MPSOffsetaABycfc	implemented	full/metalperformanceshaders/MPSGeometry.swift	Linux host implementation from pinned public-surface overlay
s:So9MPSOriginV1x1y1zABSd_S2dtcfc	implemented	full/metalperformanceshaders/MPSGeometry.swift	Linux host implementation from pinned public-surface overlay
s:So9MPSOriginVABycfc	implemented	full/metalperformanceshaders/MPSGeometry.swift	Linux host implementation from pinned public-surface overlay
s:So9MPSRegionV6origin4sizeABSo9MPSOriginV_So7MPSSizeVtcfc	implemented	full/metalperformanceshaders/MPSGeometry.swift	Linux host implementation from pinned public-surface overlay
s:So9MPSRegionVABycfc	implemented	full/metalperformanceshaders/MPSGeometry.swift	Linux host implementation from pinned public-surface overlay
s:s10SetAlgebraPs7ElementQz012ArrayLiteralC0RtzrlE05arrayE0xAFd_tcfc::SYNTHESIZED::c:@E@MPSAccelerationStructureUsage	implemented	full/metalperformanceshaders/MPSTypes.swift	Linux host implementation from pinned public-surface overlay
s:s10SetAlgebraPs7ElementQz012ArrayLiteralC0RtzrlE05arrayE0xAFd_tcfc::SYNTHESIZED::c:@E@MPSAliasingStrategy	implemented	full/metalperformanceshaders/MPSTypes.swift	Linux host implementation from pinned public-surface overlay
s:s10SetAlgebraPs7ElementQz012ArrayLiteralC0RtzrlE05arrayE0xAFd_tcfc::SYNTHESIZED::c:@E@MPSCNNBatchNormalizationFlags	implemented	full/metalperformanceshaders/MPSTypes.swift	Linux host implementation from pinned public-surface overlay
s:s10SetAlgebraPs7ElementQz012ArrayLiteralC0RtzrlE05arrayE0xAFd_tcfc::SYNTHESIZED::c:@E@MPSCNNConvolutionGradientOption	implemented	full/metalperformanceshaders/MPSTypes.swift	Linux host implementation from pinned public-surface overlay
s:s10SetAlgebraPs7ElementQz012ArrayLiteralC0RtzrlE05arrayE0xAFd_tcfc::SYNTHESIZED::c:@E@MPSDeviceOptions	implemented	full/metalperformanceshaders/MPSTypes.swift	Linux host implementation from pinned public-surface overlay
s:s10SetAlgebraPs7ElementQz012ArrayLiteralC0RtzrlE05arrayE0xAFd_tcfc::SYNTHESIZED::c:@E@MPSKernelOptions	implemented	full/metalperformanceshaders/MPSTypes.swift	Linux host implementation from pinned public-surface overlay
s:s10SetAlgebraPs7ElementQz012ArrayLiteralC0RtzrlE05arrayE0xAFd_tcfc::SYNTHESIZED::c:@E@MPSMatrixRandomDistribution	implemented	full/metalperformanceshaders/MPSTypes.swift	Linux host implementation from pinned public-surface overlay
s:s10SetAlgebraPs7ElementQz012ArrayLiteralC0RtzrlE05arrayE0xAFd_tcfc::SYNTHESIZED::c:@E@MPSNDArrayQuantizationScheme	implemented	full/metalperformanceshaders/MPSTypes.swift	Linux host implementation from pinned public-surface overlay
s:s10SetAlgebraPs7ElementQz012ArrayLiteralC0RtzrlE05arrayE0xAFd_tcfc::SYNTHESIZED::c:@E@MPSNNComparisonType	implemented	full/metalperformanceshaders/MPSTypes.swift	Linux host implementation from pinned public-surface overlay
s:s10SetAlgebraPs7ElementQz012ArrayLiteralC0RtzrlE05arrayE0xAFd_tcfc::SYNTHESIZED::c:@E@MPSNNConvolutionAccumulatorPrecisionOption	implemented	full/metalperformanceshaders/MPSTypes.swift	Linux host implementation from pinned public-surface overlay
s:s10SetAlgebraPs7ElementQz012ArrayLiteralC0RtzrlE05arrayE0xAFd_tcfc::SYNTHESIZED::c:@E@MPSNNPaddingMethod	implemented	full/metalperformanceshaders/MPSTypes.swift	Linux host implementation from pinned public-surface overlay
s:s10SetAlgebraPs7ElementQz012ArrayLiteralC0RtzrlE05arrayE0xAFd_tcfc::SYNTHESIZED::c:@E@MPSNNTrainingStyle	implemented	full/metalperformanceshaders/MPSTypes.swift	Linux host implementation from pinned public-surface overlay
s:s10SetAlgebraPs7ElementQz012ArrayLiteralC0RtzrlE05arrayE0xAFd_tcfc::SYNTHESIZED::c:@E@MPSRayMaskOptions	implemented	full/metalperformanceshaders/MPSTypes.swift	Linux host implementation from pinned public-surface overlay
s:s10SetAlgebraPsE10isDisjoint4withSbx_tF::SYNTHESIZED::c:@E@MPSAccelerationStructureUsage	implemented	full/metalperformanceshaders/MPSTypes.swift	Linux host implementation from pinned public-surface overlay
s:s10SetAlgebraPsE10isDisjoint4withSbx_tF::SYNTHESIZED::c:@E@MPSAliasingStrategy	implemented	full/metalperformanceshaders/MPSTypes.swift	Linux host implementation from pinned public-surface overlay
s:s10SetAlgebraPsE10isDisjoint4withSbx_tF::SYNTHESIZED::c:@E@MPSCNNBatchNormalizationFlags	implemented	full/metalperformanceshaders/MPSTypes.swift	Linux host implementation from pinned public-surface overlay
s:s10SetAlgebraPsE10isDisjoint4withSbx_tF::SYNTHESIZED::c:@E@MPSCNNConvolutionGradientOption	implemented	full/metalperformanceshaders/MPSTypes.swift	Linux host implementation from pinned public-surface overlay
s:s10SetAlgebraPsE10isDisjoint4withSbx_tF::SYNTHESIZED::c:@E@MPSDeviceOptions	implemented	full/metalperformanceshaders/MPSTypes.swift	Linux host implementation from pinned public-surface overlay
s:s10SetAlgebraPsE10isDisjoint4withSbx_tF::SYNTHESIZED::c:@E@MPSKernelOptions	implemented	full/metalperformanceshaders/MPSTypes.swift	Linux host implementation from pinned public-surface overlay
s:s10SetAlgebraPsE10isDisjoint4withSbx_tF::SYNTHESIZED::c:@E@MPSMatrixRandomDistribution	implemented	full/metalperformanceshaders/MPSTypes.swift	Linux host implementation from pinned public-surface overlay
s:s10SetAlgebraPsE10isDisjoint4withSbx_tF::SYNTHESIZED::c:@E@MPSNDArrayQuantizationScheme	implemented	full/metalperformanceshaders/MPSTypes.swift	Linux host implementation from pinned public-surface overlay
s:s10SetAlgebraPsE10isDisjoint4withSbx_tF::SYNTHESIZED::c:@E@MPSNNComparisonType	implemented	full/metalperformanceshaders/MPSTypes.swift	Linux host implementation from pinned public-surface overlay
s:s10SetAlgebraPsE10isDisjoint4withSbx_tF::SYNTHESIZED::c:@E@MPSNNConvolutionAccumulatorPrecisionOption	implemented	full/metalperformanceshaders/MPSTypes.swift	Linux host implementation from pinned public-surface overlay
s:s10SetAlgebraPsE10isDisjoint4withSbx_tF::SYNTHESIZED::c:@E@MPSNNPaddingMethod	implemented	full/metalperformanceshaders/MPSTypes.swift	Linux host implementation from pinned public-surface overlay
s:s10SetAlgebraPsE10isDisjoint4withSbx_tF::SYNTHESIZED::c:@E@MPSNNTrainingStyle	implemented	full/metalperformanceshaders/MPSTypes.swift	Linux host implementation from pinned public-surface overlay
s:s10SetAlgebraPsE10isDisjoint4withSbx_tF::SYNTHESIZED::c:@E@MPSRayMaskOptions	implemented	full/metalperformanceshaders/MPSTypes.swift	Linux host implementation from pinned public-surface overlay
s:s10SetAlgebraPsE10isSuperset2ofSbx_tF::SYNTHESIZED::c:@E@MPSAccelerationStructureUsage	implemented	full/metalperformanceshaders/MPSTypes.swift	Linux host implementation from pinned public-surface overlay
s:s10SetAlgebraPsE10isSuperset2ofSbx_tF::SYNTHESIZED::c:@E@MPSAliasingStrategy	implemented	full/metalperformanceshaders/MPSTypes.swift	Linux host implementation from pinned public-surface overlay
s:s10SetAlgebraPsE10isSuperset2ofSbx_tF::SYNTHESIZED::c:@E@MPSCNNBatchNormalizationFlags	implemented	full/metalperformanceshaders/MPSTypes.swift	Linux host implementation from pinned public-surface overlay
s:s10SetAlgebraPsE10isSuperset2ofSbx_tF::SYNTHESIZED::c:@E@MPSCNNConvolutionGradientOption	implemented	full/metalperformanceshaders/MPSTypes.swift	Linux host implementation from pinned public-surface overlay
s:s10SetAlgebraPsE10isSuperset2ofSbx_tF::SYNTHESIZED::c:@E@MPSDeviceOptions	implemented	full/metalperformanceshaders/MPSTypes.swift	Linux host implementation from pinned public-surface overlay
s:s10SetAlgebraPsE10isSuperset2ofSbx_tF::SYNTHESIZED::c:@E@MPSKernelOptions	implemented	full/metalperformanceshaders/MPSTypes.swift	Linux host implementation from pinned public-surface overlay
s:s10SetAlgebraPsE10isSuperset2ofSbx_tF::SYNTHESIZED::c:@E@MPSMatrixRandomDistribution	implemented	full/metalperformanceshaders/MPSTypes.swift	Linux host implementation from pinned public-surface overlay
s:s10SetAlgebraPsE10isSuperset2ofSbx_tF::SYNTHESIZED::c:@E@MPSNDArrayQuantizationScheme	implemented	full/metalperformanceshaders/MPSTypes.swift	Linux host implementation from pinned public-surface overlay
s:s10SetAlgebraPsE10isSuperset2ofSbx_tF::SYNTHESIZED::c:@E@MPSNNComparisonType	implemented	full/metalperformanceshaders/MPSTypes.swift	Linux host implementation from pinned public-surface overlay
s:s10SetAlgebraPsE10isSuperset2ofSbx_tF::SYNTHESIZED::c:@E@MPSNNConvolutionAccumulatorPrecisionOption	implemented	full/metalperformanceshaders/MPSTypes.swift	Linux host implementation from pinned public-surface overlay
s:s10SetAlgebraPsE10isSuperset2ofSbx_tF::SYNTHESIZED::c:@E@MPSNNPaddingMethod	implemented	full/metalperformanceshaders/MPSTypes.swift	Linux host implementation from pinned public-surface overlay
s:s10SetAlgebraPsE10isSuperset2ofSbx_tF::SYNTHESIZED::c:@E@MPSNNTrainingStyle	implemented	full/metalperformanceshaders/MPSTypes.swift	Linux host implementation from pinned public-surface overlay
s:s10SetAlgebraPsE10isSuperset2ofSbx_tF::SYNTHESIZED::c:@E@MPSRayMaskOptions	implemented	full/metalperformanceshaders/MPSTypes.swift	Linux host implementation from pinned public-surface overlay
s:s10SetAlgebraPsE11subtractingyxxF::SYNTHESIZED::c:@E@MPSAccelerationStructureUsage	implemented	full/metalperformanceshaders/MPSTypes.swift	Linux host implementation from pinned public-surface overlay
s:s10SetAlgebraPsE11subtractingyxxF::SYNTHESIZED::c:@E@MPSAliasingStrategy	implemented	full/metalperformanceshaders/MPSTypes.swift	Linux host implementation from pinned public-surface overlay
s:s10SetAlgebraPsE11subtractingyxxF::SYNTHESIZED::c:@E@MPSCNNBatchNormalizationFlags	implemented	full/metalperformanceshaders/MPSTypes.swift	Linux host implementation from pinned public-surface overlay
s:s10SetAlgebraPsE11subtractingyxxF::SYNTHESIZED::c:@E@MPSCNNConvolutionGradientOption	implemented	full/metalperformanceshaders/MPSTypes.swift	Linux host implementation from pinned public-surface overlay
s:s10SetAlgebraPsE11subtractingyxxF::SYNTHESIZED::c:@E@MPSDeviceOptions	implemented	full/metalperformanceshaders/MPSTypes.swift	Linux host implementation from pinned public-surface overlay
s:s10SetAlgebraPsE11subtractingyxxF::SYNTHESIZED::c:@E@MPSKernelOptions	implemented	full/metalperformanceshaders/MPSTypes.swift	Linux host implementation from pinned public-surface overlay
s:s10SetAlgebraPsE11subtractingyxxF::SYNTHESIZED::c:@E@MPSMatrixRandomDistribution	implemented	full/metalperformanceshaders/MPSTypes.swift	Linux host implementation from pinned public-surface overlay
s:s10SetAlgebraPsE11subtractingyxxF::SYNTHESIZED::c:@E@MPSNDArrayQuantizationScheme	implemented	full/metalperformanceshaders/MPSTypes.swift	Linux host implementation from pinned public-surface overlay
s:s10SetAlgebraPsE11subtractingyxxF::SYNTHESIZED::c:@E@MPSNNComparisonType	implemented	full/metalperformanceshaders/MPSTypes.swift	Linux host implementation from pinned public-surface overlay
s:s10SetAlgebraPsE11subtractingyxxF::SYNTHESIZED::c:@E@MPSNNConvolutionAccumulatorPrecisionOption	implemented	full/metalperformanceshaders/MPSTypes.swift	Linux host implementation from pinned public-surface overlay
s:s10SetAlgebraPsE11subtractingyxxF::SYNTHESIZED::c:@E@MPSNNPaddingMethod	implemented	full/metalperformanceshaders/MPSTypes.swift	Linux host implementation from pinned public-surface overlay
s:s10SetAlgebraPsE11subtractingyxxF::SYNTHESIZED::c:@E@MPSNNTrainingStyle	implemented	full/metalperformanceshaders/MPSTypes.swift	Linux host implementation from pinned public-surface overlay
s:s10SetAlgebraPsE11subtractingyxxF::SYNTHESIZED::c:@E@MPSRayMaskOptions	implemented	full/metalperformanceshaders/MPSTypes.swift	Linux host implementation from pinned public-surface overlay
s:s10SetAlgebraPsE14isStrictSubset2ofSbx_tF::SYNTHESIZED::c:@E@MPSAccelerationStructureUsage	implemented	full/metalperformanceshaders/MPSTypes.swift	Linux host implementation from pinned public-surface overlay
s:s10SetAlgebraPsE14isStrictSubset2ofSbx_tF::SYNTHESIZED::c:@E@MPSAliasingStrategy	implemented	full/metalperformanceshaders/MPSTypes.swift	Linux host implementation from pinned public-surface overlay
s:s10SetAlgebraPsE14isStrictSubset2ofSbx_tF::SYNTHESIZED::c:@E@MPSCNNBatchNormalizationFlags	implemented	full/metalperformanceshaders/MPSTypes.swift	Linux host implementation from pinned public-surface overlay
s:s10SetAlgebraPsE14isStrictSubset2ofSbx_tF::SYNTHESIZED::c:@E@MPSCNNConvolutionGradientOption	implemented	full/metalperformanceshaders/MPSTypes.swift	Linux host implementation from pinned public-surface overlay
s:s10SetAlgebraPsE14isStrictSubset2ofSbx_tF::SYNTHESIZED::c:@E@MPSDeviceOptions	implemented	full/metalperformanceshaders/MPSTypes.swift	Linux host implementation from pinned public-surface overlay
s:s10SetAlgebraPsE14isStrictSubset2ofSbx_tF::SYNTHESIZED::c:@E@MPSKernelOptions	implemented	full/metalperformanceshaders/MPSTypes.swift	Linux host implementation from pinned public-surface overlay
s:s10SetAlgebraPsE14isStrictSubset2ofSbx_tF::SYNTHESIZED::c:@E@MPSMatrixRandomDistribution	implemented	full/metalperformanceshaders/MPSTypes.swift	Linux host implementation from pinned public-surface overlay
s:s10SetAlgebraPsE14isStrictSubset2ofSbx_tF::SYNTHESIZED::c:@E@MPSNDArrayQuantizationScheme	implemented	full/metalperformanceshaders/MPSTypes.swift	Linux host implementation from pinned public-surface overlay
s:s10SetAlgebraPsE14isStrictSubset2ofSbx_tF::SYNTHESIZED::c:@E@MPSNNComparisonType	implemented	full/metalperformanceshaders/MPSTypes.swift	Linux host implementation from pinned public-surface overlay
s:s10SetAlgebraPsE14isStrictSubset2ofSbx_tF::SYNTHESIZED::c:@E@MPSNNConvolutionAccumulatorPrecisionOption	implemented	full/metalperformanceshaders/MPSTypes.swift	Linux host implementation from pinned public-surface overlay
s:s10SetAlgebraPsE14isStrictSubset2ofSbx_tF::SYNTHESIZED::c:@E@MPSNNPaddingMethod	implemented	full/metalperformanceshaders/MPSTypes.swift	Linux host implementation from pinned public-surface overlay
s:s10SetAlgebraPsE14isStrictSubset2ofSbx_tF::SYNTHESIZED::c:@E@MPSNNTrainingStyle	implemented	full/metalperformanceshaders/MPSTypes.swift	Linux host implementation from pinned public-surface overlay
s:s10SetAlgebraPsE14isStrictSubset2ofSbx_tF::SYNTHESIZED::c:@E@MPSRayMaskOptions	implemented	full/metalperformanceshaders/MPSTypes.swift	Linux host implementation from pinned public-surface overlay
s:s10SetAlgebraPsE16isStrictSuperset2ofSbx_tF::SYNTHESIZED::c:@E@MPSAccelerationStructureUsage	implemented	full/metalperformanceshaders/MPSTypes.swift	Linux host implementation from pinned public-surface overlay
s:s10SetAlgebraPsE16isStrictSuperset2ofSbx_tF::SYNTHESIZED::c:@E@MPSAliasingStrategy	implemented	full/metalperformanceshaders/MPSTypes.swift	Linux host implementation from pinned public-surface overlay
s:s10SetAlgebraPsE16isStrictSuperset2ofSbx_tF::SYNTHESIZED::c:@E@MPSCNNBatchNormalizationFlags	implemented	full/metalperformanceshaders/MPSTypes.swift	Linux host implementation from pinned public-surface overlay
s:s10SetAlgebraPsE16isStrictSuperset2ofSbx_tF::SYNTHESIZED::c:@E@MPSCNNConvolutionGradientOption	implemented	full/metalperformanceshaders/MPSTypes.swift	Linux host implementation from pinned public-surface overlay
s:s10SetAlgebraPsE16isStrictSuperset2ofSbx_tF::SYNTHESIZED::c:@E@MPSDeviceOptions	implemented	full/metalperformanceshaders/MPSTypes.swift	Linux host implementation from pinned public-surface overlay
s:s10SetAlgebraPsE16isStrictSuperset2ofSbx_tF::SYNTHESIZED::c:@E@MPSKernelOptions	implemented	full/metalperformanceshaders/MPSTypes.swift	Linux host implementation from pinned public-surface overlay
s:s10SetAlgebraPsE16isStrictSuperset2ofSbx_tF::SYNTHESIZED::c:@E@MPSMatrixRandomDistribution	implemented	full/metalperformanceshaders/MPSTypes.swift	Linux host implementation from pinned public-surface overlay
s:s10SetAlgebraPsE16isStrictSuperset2ofSbx_tF::SYNTHESIZED::c:@E@MPSNDArrayQuantizationScheme	implemented	full/metalperformanceshaders/MPSTypes.swift	Linux host implementation from pinned public-surface overlay
s:s10SetAlgebraPsE16isStrictSuperset2ofSbx_tF::SYNTHESIZED::c:@E@MPSNNComparisonType	implemented	full/metalperformanceshaders/MPSTypes.swift	Linux host implementation from pinned public-surface overlay
s:s10SetAlgebraPsE16isStrictSuperset2ofSbx_tF::SYNTHESIZED::c:@E@MPSNNConvolutionAccumulatorPrecisionOption	implemented	full/metalperformanceshaders/MPSTypes.swift	Linux host implementation from pinned public-surface overlay
s:s10SetAlgebraPsE16isStrictSuperset2ofSbx_tF::SYNTHESIZED::c:@E@MPSNNPaddingMethod	implemented	full/metalperformanceshaders/MPSTypes.swift	Linux host implementation from pinned public-surface overlay
s:s10SetAlgebraPsE16isStrictSuperset2ofSbx_tF::SYNTHESIZED::c:@E@MPSNNTrainingStyle	implemented	full/metalperformanceshaders/MPSTypes.swift	Linux host implementation from pinned public-surface overlay
s:s10SetAlgebraPsE16isStrictSuperset2ofSbx_tF::SYNTHESIZED::c:@E@MPSRayMaskOptions	implemented	full/metalperformanceshaders/MPSTypes.swift	Linux host implementation from pinned public-surface overlay
s:s10SetAlgebraPsE7isEmptySbvp::SYNTHESIZED::c:@E@MPSAccelerationStructureUsage	implemented	full/metalperformanceshaders/MPSTypes.swift	Linux host implementation from pinned public-surface overlay
s:s10SetAlgebraPsE7isEmptySbvp::SYNTHESIZED::c:@E@MPSAliasingStrategy	implemented	full/metalperformanceshaders/MPSTypes.swift	Linux host implementation from pinned public-surface overlay
s:s10SetAlgebraPsE7isEmptySbvp::SYNTHESIZED::c:@E@MPSCNNBatchNormalizationFlags	implemented	full/metalperformanceshaders/MPSTypes.swift	Linux host implementation from pinned public-surface overlay
s:s10SetAlgebraPsE7isEmptySbvp::SYNTHESIZED::c:@E@MPSCNNConvolutionGradientOption	implemented	full/metalperformanceshaders/MPSTypes.swift	Linux host implementation from pinned public-surface overlay
s:s10SetAlgebraPsE7isEmptySbvp::SYNTHESIZED::c:@E@MPSDeviceOptions	implemented	full/metalperformanceshaders/MPSTypes.swift	Linux host implementation from pinned public-surface overlay
s:s10SetAlgebraPsE7isEmptySbvp::SYNTHESIZED::c:@E@MPSKernelOptions	implemented	full/metalperformanceshaders/MPSTypes.swift	Linux host implementation from pinned public-surface overlay
s:s10SetAlgebraPsE7isEmptySbvp::SYNTHESIZED::c:@E@MPSMatrixRandomDistribution	implemented	full/metalperformanceshaders/MPSTypes.swift	Linux host implementation from pinned public-surface overlay
s:s10SetAlgebraPsE7isEmptySbvp::SYNTHESIZED::c:@E@MPSNDArrayQuantizationScheme	implemented	full/metalperformanceshaders/MPSTypes.swift	Linux host implementation from pinned public-surface overlay
s:s10SetAlgebraPsE7isEmptySbvp::SYNTHESIZED::c:@E@MPSNNComparisonType	implemented	full/metalperformanceshaders/MPSTypes.swift	Linux host implementation from pinned public-surface overlay
s:s10SetAlgebraPsE7isEmptySbvp::SYNTHESIZED::c:@E@MPSNNConvolutionAccumulatorPrecisionOption	implemented	full/metalperformanceshaders/MPSTypes.swift	Linux host implementation from pinned public-surface overlay
s:s10SetAlgebraPsE7isEmptySbvp::SYNTHESIZED::c:@E@MPSNNPaddingMethod	implemented	full/metalperformanceshaders/MPSTypes.swift	Linux host implementation from pinned public-surface overlay
s:s10SetAlgebraPsE7isEmptySbvp::SYNTHESIZED::c:@E@MPSNNTrainingStyle	implemented	full/metalperformanceshaders/MPSTypes.swift	Linux host implementation from pinned public-surface overlay
s:s10SetAlgebraPsE7isEmptySbvp::SYNTHESIZED::c:@E@MPSRayMaskOptions	implemented	full/metalperformanceshaders/MPSTypes.swift	Linux host implementation from pinned public-surface overlay
s:s10SetAlgebraPsE8isSubset2ofSbx_tF::SYNTHESIZED::c:@E@MPSAccelerationStructureUsage	implemented	full/metalperformanceshaders/MPSTypes.swift	Linux host implementation from pinned public-surface overlay
s:s10SetAlgebraPsE8isSubset2ofSbx_tF::SYNTHESIZED::c:@E@MPSAliasingStrategy	implemented	full/metalperformanceshaders/MPSTypes.swift	Linux host implementation from pinned public-surface overlay
s:s10SetAlgebraPsE8isSubset2ofSbx_tF::SYNTHESIZED::c:@E@MPSCNNBatchNormalizationFlags	implemented	full/metalperformanceshaders/MPSTypes.swift	Linux host implementation from pinned public-surface overlay
s:s10SetAlgebraPsE8isSubset2ofSbx_tF::SYNTHESIZED::c:@E@MPSCNNConvolutionGradientOption	implemented	full/metalperformanceshaders/MPSTypes.swift	Linux host implementation from pinned public-surface overlay
s:s10SetAlgebraPsE8isSubset2ofSbx_tF::SYNTHESIZED::c:@E@MPSDeviceOptions	implemented	full/metalperformanceshaders/MPSTypes.swift	Linux host implementation from pinned public-surface overlay
s:s10SetAlgebraPsE8isSubset2ofSbx_tF::SYNTHESIZED::c:@E@MPSKernelOptions	implemented	full/metalperformanceshaders/MPSTypes.swift	Linux host implementation from pinned public-surface overlay
s:s10SetAlgebraPsE8isSubset2ofSbx_tF::SYNTHESIZED::c:@E@MPSMatrixRandomDistribution	implemented	full/metalperformanceshaders/MPSTypes.swift	Linux host implementation from pinned public-surface overlay
s:s10SetAlgebraPsE8isSubset2ofSbx_tF::SYNTHESIZED::c:@E@MPSNDArrayQuantizationScheme	implemented	full/metalperformanceshaders/MPSTypes.swift	Linux host implementation from pinned public-surface overlay
s:s10SetAlgebraPsE8isSubset2ofSbx_tF::SYNTHESIZED::c:@E@MPSNNComparisonType	implemented	full/metalperformanceshaders/MPSTypes.swift	Linux host implementation from pinned public-surface overlay
s:s10SetAlgebraPsE8isSubset2ofSbx_tF::SYNTHESIZED::c:@E@MPSNNConvolutionAccumulatorPrecisionOption	implemented	full/metalperformanceshaders/MPSTypes.swift	Linux host implementation from pinned public-surface overlay
s:s10SetAlgebraPsE8isSubset2ofSbx_tF::SYNTHESIZED::c:@E@MPSNNPaddingMethod	implemented	full/metalperformanceshaders/MPSTypes.swift	Linux host implementation from pinned public-surface overlay
s:s10SetAlgebraPsE8isSubset2ofSbx_tF::SYNTHESIZED::c:@E@MPSNNTrainingStyle	implemented	full/metalperformanceshaders/MPSTypes.swift	Linux host implementation from pinned public-surface overlay
s:s10SetAlgebraPsE8isSubset2ofSbx_tF::SYNTHESIZED::c:@E@MPSRayMaskOptions	implemented	full/metalperformanceshaders/MPSTypes.swift	Linux host implementation from pinned public-surface overlay
s:s10SetAlgebraPsE8subtractyyxF::SYNTHESIZED::c:@E@MPSAccelerationStructureUsage	implemented	full/metalperformanceshaders/MPSTypes.swift	Linux host implementation from pinned public-surface overlay
s:s10SetAlgebraPsE8subtractyyxF::SYNTHESIZED::c:@E@MPSAliasingStrategy	implemented	full/metalperformanceshaders/MPSTypes.swift	Linux host implementation from pinned public-surface overlay
s:s10SetAlgebraPsE8subtractyyxF::SYNTHESIZED::c:@E@MPSCNNBatchNormalizationFlags	implemented	full/metalperformanceshaders/MPSTypes.swift	Linux host implementation from pinned public-surface overlay
s:s10SetAlgebraPsE8subtractyyxF::SYNTHESIZED::c:@E@MPSCNNConvolutionGradientOption	implemented	full/metalperformanceshaders/MPSTypes.swift	Linux host implementation from pinned public-surface overlay
s:s10SetAlgebraPsE8subtractyyxF::SYNTHESIZED::c:@E@MPSDeviceOptions	implemented	full/metalperformanceshaders/MPSTypes.swift	Linux host implementation from pinned public-surface overlay
s:s10SetAlgebraPsE8subtractyyxF::SYNTHESIZED::c:@E@MPSKernelOptions	implemented	full/metalperformanceshaders/MPSTypes.swift	Linux host implementation from pinned public-surface overlay
s:s10SetAlgebraPsE8subtractyyxF::SYNTHESIZED::c:@E@MPSMatrixRandomDistribution	implemented	full/metalperformanceshaders/MPSTypes.swift	Linux host implementation from pinned public-surface overlay
s:s10SetAlgebraPsE8subtractyyxF::SYNTHESIZED::c:@E@MPSNDArrayQuantizationScheme	implemented	full/metalperformanceshaders/MPSTypes.swift	Linux host implementation from pinned public-surface overlay
s:s10SetAlgebraPsE8subtractyyxF::SYNTHESIZED::c:@E@MPSNNComparisonType	implemented	full/metalperformanceshaders/MPSTypes.swift	Linux host implementation from pinned public-surface overlay
s:s10SetAlgebraPsE8subtractyyxF::SYNTHESIZED::c:@E@MPSNNConvolutionAccumulatorPrecisionOption	implemented	full/metalperformanceshaders/MPSTypes.swift	Linux host implementation from pinned public-surface overlay
s:s10SetAlgebraPsE8subtractyyxF::SYNTHESIZED::c:@E@MPSNNPaddingMethod	implemented	full/metalperformanceshaders/MPSTypes.swift	Linux host implementation from pinned public-surface overlay
s:s10SetAlgebraPsE8subtractyyxF::SYNTHESIZED::c:@E@MPSNNTrainingStyle	implemented	full/metalperformanceshaders/MPSTypes.swift	Linux host implementation from pinned public-surface overlay
s:s10SetAlgebraPsE8subtractyyxF::SYNTHESIZED::c:@E@MPSRayMaskOptions	implemented	full/metalperformanceshaders/MPSTypes.swift	Linux host implementation from pinned public-surface overlay
s:s10SetAlgebraPsEyxqd__ncSTRd__7ElementQyd__ACRtzlufc::SYNTHESIZED::c:@E@MPSAccelerationStructureUsage	implemented	full/metalperformanceshaders/MPSTypes.swift	Linux host implementation from pinned public-surface overlay
s:s10SetAlgebraPsEyxqd__ncSTRd__7ElementQyd__ACRtzlufc::SYNTHESIZED::c:@E@MPSAliasingStrategy	implemented	full/metalperformanceshaders/MPSTypes.swift	Linux host implementation from pinned public-surface overlay
s:s10SetAlgebraPsEyxqd__ncSTRd__7ElementQyd__ACRtzlufc::SYNTHESIZED::c:@E@MPSCNNBatchNormalizationFlags	implemented	full/metalperformanceshaders/MPSTypes.swift	Linux host implementation from pinned public-surface overlay
s:s10SetAlgebraPsEyxqd__ncSTRd__7ElementQyd__ACRtzlufc::SYNTHESIZED::c:@E@MPSCNNConvolutionGradientOption	implemented	full/metalperformanceshaders/MPSTypes.swift	Linux host implementation from pinned public-surface overlay
s:s10SetAlgebraPsEyxqd__ncSTRd__7ElementQyd__ACRtzlufc::SYNTHESIZED::c:@E@MPSDeviceOptions	implemented	full/metalperformanceshaders/MPSTypes.swift	Linux host implementation from pinned public-surface overlay
s:s10SetAlgebraPsEyxqd__ncSTRd__7ElementQyd__ACRtzlufc::SYNTHESIZED::c:@E@MPSKernelOptions	implemented	full/metalperformanceshaders/MPSTypes.swift	Linux host implementation from pinned public-surface overlay
s:s10SetAlgebraPsEyxqd__ncSTRd__7ElementQyd__ACRtzlufc::SYNTHESIZED::c:@E@MPSMatrixRandomDistribution	implemented	full/metalperformanceshaders/MPSTypes.swift	Linux host implementation from pinned public-surface overlay
s:s10SetAlgebraPsEyxqd__ncSTRd__7ElementQyd__ACRtzlufc::SYNTHESIZED::c:@E@MPSNDArrayQuantizationScheme	implemented	full/metalperformanceshaders/MPSTypes.swift	Linux host implementation from pinned public-surface overlay
s:s10SetAlgebraPsEyxqd__ncSTRd__7ElementQyd__ACRtzlufc::SYNTHESIZED::c:@E@MPSNNComparisonType	implemented	full/metalperformanceshaders/MPSTypes.swift	Linux host implementation from pinned public-surface overlay
s:s10SetAlgebraPsEyxqd__ncSTRd__7ElementQyd__ACRtzlufc::SYNTHESIZED::c:@E@MPSNNConvolutionAccumulatorPrecisionOption	implemented	full/metalperformanceshaders/MPSTypes.swift	Linux host implementation from pinned public-surface overlay
s:s10SetAlgebraPsEyxqd__ncSTRd__7ElementQyd__ACRtzlufc::SYNTHESIZED::c:@E@MPSNNPaddingMethod	implemented	full/metalperformanceshaders/MPSTypes.swift	Linux host implementation from pinned public-surface overlay
s:s10SetAlgebraPsEyxqd__ncSTRd__7ElementQyd__ACRtzlufc::SYNTHESIZED::c:@E@MPSNNTrainingStyle	implemented	full/metalperformanceshaders/MPSTypes.swift	Linux host implementation from pinned public-surface overlay
s:s10SetAlgebraPsEyxqd__ncSTRd__7ElementQyd__ACRtzlufc::SYNTHESIZED::c:@E@MPSRayMaskOptions	implemented	full/metalperformanceshaders/MPSTypes.swift	Linux host implementation from pinned public-surface overlay
s:s9OptionSetPs7ElementQzRszrlE6insertySb8inserted_x17memberAfterInserttxF::SYNTHESIZED::c:@E@MPSAccelerationStructureUsage	implemented	full/metalperformanceshaders/MPSTypes.swift	Linux host implementation from pinned public-surface overlay
s:s9OptionSetPs7ElementQzRszrlE6insertySb8inserted_x17memberAfterInserttxF::SYNTHESIZED::c:@E@MPSAliasingStrategy	implemented	full/metalperformanceshaders/MPSTypes.swift	Linux host implementation from pinned public-surface overlay
s:s9OptionSetPs7ElementQzRszrlE6insertySb8inserted_x17memberAfterInserttxF::SYNTHESIZED::c:@E@MPSCNNBatchNormalizationFlags	implemented	full/metalperformanceshaders/MPSTypes.swift	Linux host implementation from pinned public-surface overlay
s:s9OptionSetPs7ElementQzRszrlE6insertySb8inserted_x17memberAfterInserttxF::SYNTHESIZED::c:@E@MPSCNNConvolutionGradientOption	implemented	full/metalperformanceshaders/MPSTypes.swift	Linux host implementation from pinned public-surface overlay
s:s9OptionSetPs7ElementQzRszrlE6insertySb8inserted_x17memberAfterInserttxF::SYNTHESIZED::c:@E@MPSDeviceOptions	implemented	full/metalperformanceshaders/MPSTypes.swift	Linux host implementation from pinned public-surface overlay
s:s9OptionSetPs7ElementQzRszrlE6insertySb8inserted_x17memberAfterInserttxF::SYNTHESIZED::c:@E@MPSKernelOptions	implemented	full/metalperformanceshaders/MPSTypes.swift	Linux host implementation from pinned public-surface overlay
s:s9OptionSetPs7ElementQzRszrlE6insertySb8inserted_x17memberAfterInserttxF::SYNTHESIZED::c:@E@MPSMatrixRandomDistribution	implemented	full/metalperformanceshaders/MPSTypes.swift	Linux host implementation from pinned public-surface overlay
s:s9OptionSetPs7ElementQzRszrlE6insertySb8inserted_x17memberAfterInserttxF::SYNTHESIZED::c:@E@MPSNDArrayQuantizationScheme	implemented	full/metalperformanceshaders/MPSTypes.swift	Linux host implementation from pinned public-surface overlay
s:s9OptionSetPs7ElementQzRszrlE6insertySb8inserted_x17memberAfterInserttxF::SYNTHESIZED::c:@E@MPSNNComparisonType	implemented	full/metalperformanceshaders/MPSTypes.swift	Linux host implementation from pinned public-surface overlay
s:s9OptionSetPs7ElementQzRszrlE6insertySb8inserted_x17memberAfterInserttxF::SYNTHESIZED::c:@E@MPSNNConvolutionAccumulatorPrecisionOption	implemented	full/metalperformanceshaders/MPSTypes.swift	Linux host implementation from pinned public-surface overlay
s:s9OptionSetPs7ElementQzRszrlE6insertySb8inserted_x17memberAfterInserttxF::SYNTHESIZED::c:@E@MPSNNPaddingMethod	implemented	full/metalperformanceshaders/MPSTypes.swift	Linux host implementation from pinned public-surface overlay
s:s9OptionSetPs7ElementQzRszrlE6insertySb8inserted_x17memberAfterInserttxF::SYNTHESIZED::c:@E@MPSNNTrainingStyle	implemented	full/metalperformanceshaders/MPSTypes.swift	Linux host implementation from pinned public-surface overlay
s:s9OptionSetPs7ElementQzRszrlE6insertySb8inserted_x17memberAfterInserttxF::SYNTHESIZED::c:@E@MPSRayMaskOptions	implemented	full/metalperformanceshaders/MPSTypes.swift	Linux host implementation from pinned public-surface overlay
s:s9OptionSetPs7ElementQzRszrlE6removeyxSgxF::SYNTHESIZED::c:@E@MPSAccelerationStructureUsage	implemented	full/metalperformanceshaders/MPSTypes.swift	Linux host implementation from pinned public-surface overlay
s:s9OptionSetPs7ElementQzRszrlE6removeyxSgxF::SYNTHESIZED::c:@E@MPSAliasingStrategy	implemented	full/metalperformanceshaders/MPSTypes.swift	Linux host implementation from pinned public-surface overlay
s:s9OptionSetPs7ElementQzRszrlE6removeyxSgxF::SYNTHESIZED::c:@E@MPSCNNBatchNormalizationFlags	implemented	full/metalperformanceshaders/MPSTypes.swift	Linux host implementation from pinned public-surface overlay
s:s9OptionSetPs7ElementQzRszrlE6removeyxSgxF::SYNTHESIZED::c:@E@MPSCNNConvolutionGradientOption	implemented	full/metalperformanceshaders/MPSTypes.swift	Linux host implementation from pinned public-surface overlay
s:s9OptionSetPs7ElementQzRszrlE6removeyxSgxF::SYNTHESIZED::c:@E@MPSDeviceOptions	implemented	full/metalperformanceshaders/MPSTypes.swift	Linux host implementation from pinned public-surface overlay
s:s9OptionSetPs7ElementQzRszrlE6removeyxSgxF::SYNTHESIZED::c:@E@MPSKernelOptions	implemented	full/metalperformanceshaders/MPSTypes.swift	Linux host implementation from pinned public-surface overlay
s:s9OptionSetPs7ElementQzRszrlE6removeyxSgxF::SYNTHESIZED::c:@E@MPSMatrixRandomDistribution	implemented	full/metalperformanceshaders/MPSTypes.swift	Linux host implementation from pinned public-surface overlay
s:s9OptionSetPs7ElementQzRszrlE6removeyxSgxF::SYNTHESIZED::c:@E@MPSNDArrayQuantizationScheme	implemented	full/metalperformanceshaders/MPSTypes.swift	Linux host implementation from pinned public-surface overlay
s:s9OptionSetPs7ElementQzRszrlE6removeyxSgxF::SYNTHESIZED::c:@E@MPSNNComparisonType	implemented	full/metalperformanceshaders/MPSTypes.swift	Linux host implementation from pinned public-surface overlay
s:s9OptionSetPs7ElementQzRszrlE6removeyxSgxF::SYNTHESIZED::c:@E@MPSNNConvolutionAccumulatorPrecisionOption	implemented	full/metalperformanceshaders/MPSTypes.swift	Linux host implementation from pinned public-surface overlay
s:s9OptionSetPs7ElementQzRszrlE6removeyxSgxF::SYNTHESIZED::c:@E@MPSNNPaddingMethod	implemented	full/metalperformanceshaders/MPSTypes.swift	Linux host implementation from pinned public-surface overlay
s:s9OptionSetPs7ElementQzRszrlE6removeyxSgxF::SYNTHESIZED::c:@E@MPSNNTrainingStyle	implemented	full/metalperformanceshaders/MPSTypes.swift	Linux host implementation from pinned public-surface overlay
s:s9OptionSetPs7ElementQzRszrlE6removeyxSgxF::SYNTHESIZED::c:@E@MPSRayMaskOptions	implemented	full/metalperformanceshaders/MPSTypes.swift	Linux host implementation from pinned public-surface overlay
s:s9OptionSetPs7ElementQzRszrlE6update4withxSgx_tF::SYNTHESIZED::c:@E@MPSAccelerationStructureUsage	implemented	full/metalperformanceshaders/MPSTypes.swift	Linux host implementation from pinned public-surface overlay
s:s9OptionSetPs7ElementQzRszrlE6update4withxSgx_tF::SYNTHESIZED::c:@E@MPSAliasingStrategy	implemented	full/metalperformanceshaders/MPSTypes.swift	Linux host implementation from pinned public-surface overlay
s:s9OptionSetPs7ElementQzRszrlE6update4withxSgx_tF::SYNTHESIZED::c:@E@MPSCNNBatchNormalizationFlags	implemented	full/metalperformanceshaders/MPSTypes.swift	Linux host implementation from pinned public-surface overlay
s:s9OptionSetPs7ElementQzRszrlE6update4withxSgx_tF::SYNTHESIZED::c:@E@MPSCNNConvolutionGradientOption	implemented	full/metalperformanceshaders/MPSTypes.swift	Linux host implementation from pinned public-surface overlay
s:s9OptionSetPs7ElementQzRszrlE6update4withxSgx_tF::SYNTHESIZED::c:@E@MPSDeviceOptions	implemented	full/metalperformanceshaders/MPSTypes.swift	Linux host implementation from pinned public-surface overlay
s:s9OptionSetPs7ElementQzRszrlE6update4withxSgx_tF::SYNTHESIZED::c:@E@MPSKernelOptions	implemented	full/metalperformanceshaders/MPSTypes.swift	Linux host implementation from pinned public-surface overlay
s:s9OptionSetPs7ElementQzRszrlE6update4withxSgx_tF::SYNTHESIZED::c:@E@MPSMatrixRandomDistribution	implemented	full/metalperformanceshaders/MPSTypes.swift	Linux host implementation from pinned public-surface overlay
s:s9OptionSetPs7ElementQzRszrlE6update4withxSgx_tF::SYNTHESIZED::c:@E@MPSNDArrayQuantizationScheme	implemented	full/metalperformanceshaders/MPSTypes.swift	Linux host implementation from pinned public-surface overlay
s:s9OptionSetPs7ElementQzRszrlE6update4withxSgx_tF::SYNTHESIZED::c:@E@MPSNNComparisonType	implemented	full/metalperformanceshaders/MPSTypes.swift	Linux host implementation from pinned public-surface overlay
s:s9OptionSetPs7ElementQzRszrlE6update4withxSgx_tF::SYNTHESIZED::c:@E@MPSNNConvolutionAccumulatorPrecisionOption	implemented	full/metalperformanceshaders/MPSTypes.swift	Linux host implementation from pinned public-surface overlay
s:s9OptionSetPs7ElementQzRszrlE6update4withxSgx_tF::SYNTHESIZED::c:@E@MPSNNPaddingMethod	implemented	full/metalperformanceshaders/MPSTypes.swift	Linux host implementation from pinned public-surface overlay
s:s9OptionSetPs7ElementQzRszrlE6update4withxSgx_tF::SYNTHESIZED::c:@E@MPSNNTrainingStyle	implemented	full/metalperformanceshaders/MPSTypes.swift	Linux host implementation from pinned public-surface overlay
s:s9OptionSetPs7ElementQzRszrlE6update4withxSgx_tF::SYNTHESIZED::c:@E@MPSRayMaskOptions	implemented	full/metalperformanceshaders/MPSTypes.swift	Linux host implementation from pinned public-surface overlay
s:s9OptionSetPs7ElementQzRszrlE8containsySbxF::SYNTHESIZED::c:@E@MPSAccelerationStructureUsage	implemented	full/metalperformanceshaders/MPSTypes.swift	Linux host implementation from pinned public-surface overlay
s:s9OptionSetPs7ElementQzRszrlE8containsySbxF::SYNTHESIZED::c:@E@MPSAliasingStrategy	implemented	full/metalperformanceshaders/MPSTypes.swift	Linux host implementation from pinned public-surface overlay
s:s9OptionSetPs7ElementQzRszrlE8containsySbxF::SYNTHESIZED::c:@E@MPSCNNBatchNormalizationFlags	implemented	full/metalperformanceshaders/MPSTypes.swift	Linux host implementation from pinned public-surface overlay
s:s9OptionSetPs7ElementQzRszrlE8containsySbxF::SYNTHESIZED::c:@E@MPSCNNConvolutionGradientOption	implemented	full/metalperformanceshaders/MPSTypes.swift	Linux host implementation from pinned public-surface overlay
s:s9OptionSetPs7ElementQzRszrlE8containsySbxF::SYNTHESIZED::c:@E@MPSDeviceOptions	implemented	full/metalperformanceshaders/MPSTypes.swift	Linux host implementation from pinned public-surface overlay
s:s9OptionSetPs7ElementQzRszrlE8containsySbxF::SYNTHESIZED::c:@E@MPSKernelOptions	implemented	full/metalperformanceshaders/MPSTypes.swift	Linux host implementation from pinned public-surface overlay
s:s9OptionSetPs7ElementQzRszrlE8containsySbxF::SYNTHESIZED::c:@E@MPSMatrixRandomDistribution	implemented	full/metalperformanceshaders/MPSTypes.swift	Linux host implementation from pinned public-surface overlay
s:s9OptionSetPs7ElementQzRszrlE8containsySbxF::SYNTHESIZED::c:@E@MPSNDArrayQuantizationScheme	implemented	full/metalperformanceshaders/MPSTypes.swift	Linux host implementation from pinned public-surface overlay
s:s9OptionSetPs7ElementQzRszrlE8containsySbxF::SYNTHESIZED::c:@E@MPSNNComparisonType	implemented	full/metalperformanceshaders/MPSTypes.swift	Linux host implementation from pinned public-surface overlay
s:s9OptionSetPs7ElementQzRszrlE8containsySbxF::SYNTHESIZED::c:@E@MPSNNConvolutionAccumulatorPrecisionOption	implemented	full/metalperformanceshaders/MPSTypes.swift	Linux host implementation from pinned public-surface overlay
s:s9OptionSetPs7ElementQzRszrlE8containsySbxF::SYNTHESIZED::c:@E@MPSNNPaddingMethod	implemented	full/metalperformanceshaders/MPSTypes.swift	Linux host implementation from pinned public-surface overlay
s:s9OptionSetPs7ElementQzRszrlE8containsySbxF::SYNTHESIZED::c:@E@MPSNNTrainingStyle	implemented	full/metalperformanceshaders/MPSTypes.swift	Linux host implementation from pinned public-surface overlay
s:s9OptionSetPs7ElementQzRszrlE8containsySbxF::SYNTHESIZED::c:@E@MPSRayMaskOptions	implemented	full/metalperformanceshaders/MPSTypes.swift	Linux host implementation from pinned public-surface overlay
s:s9OptionSetPsE12intersectionyxxF::SYNTHESIZED::c:@E@MPSAccelerationStructureUsage	implemented	full/metalperformanceshaders/MPSTypes.swift	Linux host implementation from pinned public-surface overlay
s:s9OptionSetPsE12intersectionyxxF::SYNTHESIZED::c:@E@MPSAliasingStrategy	implemented	full/metalperformanceshaders/MPSTypes.swift	Linux host implementation from pinned public-surface overlay
s:s9OptionSetPsE12intersectionyxxF::SYNTHESIZED::c:@E@MPSCNNBatchNormalizationFlags	implemented	full/metalperformanceshaders/MPSTypes.swift	Linux host implementation from pinned public-surface overlay
s:s9OptionSetPsE12intersectionyxxF::SYNTHESIZED::c:@E@MPSCNNConvolutionGradientOption	implemented	full/metalperformanceshaders/MPSTypes.swift	Linux host implementation from pinned public-surface overlay
s:s9OptionSetPsE12intersectionyxxF::SYNTHESIZED::c:@E@MPSDeviceOptions	implemented	full/metalperformanceshaders/MPSTypes.swift	Linux host implementation from pinned public-surface overlay
s:s9OptionSetPsE12intersectionyxxF::SYNTHESIZED::c:@E@MPSKernelOptions	implemented	full/metalperformanceshaders/MPSTypes.swift	Linux host implementation from pinned public-surface overlay
s:s9OptionSetPsE12intersectionyxxF::SYNTHESIZED::c:@E@MPSMatrixRandomDistribution	implemented	full/metalperformanceshaders/MPSTypes.swift	Linux host implementation from pinned public-surface overlay
s:s9OptionSetPsE12intersectionyxxF::SYNTHESIZED::c:@E@MPSNDArrayQuantizationScheme	implemented	full/metalperformanceshaders/MPSTypes.swift	Linux host implementation from pinned public-surface overlay
s:s9OptionSetPsE12intersectionyxxF::SYNTHESIZED::c:@E@MPSNNComparisonType	implemented	full/metalperformanceshaders/MPSTypes.swift	Linux host implementation from pinned public-surface overlay
s:s9OptionSetPsE12intersectionyxxF::SYNTHESIZED::c:@E@MPSNNConvolutionAccumulatorPrecisionOption	implemented	full/metalperformanceshaders/MPSTypes.swift	Linux host implementation from pinned public-surface overlay
s:s9OptionSetPsE12intersectionyxxF::SYNTHESIZED::c:@E@MPSNNPaddingMethod	implemented	full/metalperformanceshaders/MPSTypes.swift	Linux host implementation from pinned public-surface overlay
s:s9OptionSetPsE12intersectionyxxF::SYNTHESIZED::c:@E@MPSNNTrainingStyle	implemented	full/metalperformanceshaders/MPSTypes.swift	Linux host implementation from pinned public-surface overlay
s:s9OptionSetPsE12intersectionyxxF::SYNTHESIZED::c:@E@MPSRayMaskOptions	implemented	full/metalperformanceshaders/MPSTypes.swift	Linux host implementation from pinned public-surface overlay
s:s9OptionSetPsE19symmetricDifferenceyxxF::SYNTHESIZED::c:@E@MPSAccelerationStructureUsage	implemented	full/metalperformanceshaders/MPSTypes.swift	Linux host implementation from pinned public-surface overlay
s:s9OptionSetPsE19symmetricDifferenceyxxF::SYNTHESIZED::c:@E@MPSAliasingStrategy	implemented	full/metalperformanceshaders/MPSTypes.swift	Linux host implementation from pinned public-surface overlay
s:s9OptionSetPsE19symmetricDifferenceyxxF::SYNTHESIZED::c:@E@MPSCNNBatchNormalizationFlags	implemented	full/metalperformanceshaders/MPSTypes.swift	Linux host implementation from pinned public-surface overlay
s:s9OptionSetPsE19symmetricDifferenceyxxF::SYNTHESIZED::c:@E@MPSCNNConvolutionGradientOption	implemented	full/metalperformanceshaders/MPSTypes.swift	Linux host implementation from pinned public-surface overlay
s:s9OptionSetPsE19symmetricDifferenceyxxF::SYNTHESIZED::c:@E@MPSDeviceOptions	implemented	full/metalperformanceshaders/MPSTypes.swift	Linux host implementation from pinned public-surface overlay
s:s9OptionSetPsE19symmetricDifferenceyxxF::SYNTHESIZED::c:@E@MPSKernelOptions	implemented	full/metalperformanceshaders/MPSTypes.swift	Linux host implementation from pinned public-surface overlay
s:s9OptionSetPsE19symmetricDifferenceyxxF::SYNTHESIZED::c:@E@MPSMatrixRandomDistribution	implemented	full/metalperformanceshaders/MPSTypes.swift	Linux host implementation from pinned public-surface overlay
s:s9OptionSetPsE19symmetricDifferenceyxxF::SYNTHESIZED::c:@E@MPSNDArrayQuantizationScheme	implemented	full/metalperformanceshaders/MPSTypes.swift	Linux host implementation from pinned public-surface overlay
s:s9OptionSetPsE19symmetricDifferenceyxxF::SYNTHESIZED::c:@E@MPSNNComparisonType	implemented	full/metalperformanceshaders/MPSTypes.swift	Linux host implementation from pinned public-surface overlay
s:s9OptionSetPsE19symmetricDifferenceyxxF::SYNTHESIZED::c:@E@MPSNNConvolutionAccumulatorPrecisionOption	implemented	full/metalperformanceshaders/MPSTypes.swift	Linux host implementation from pinned public-surface overlay
s:s9OptionSetPsE19symmetricDifferenceyxxF::SYNTHESIZED::c:@E@MPSNNPaddingMethod	implemented	full/metalperformanceshaders/MPSTypes.swift	Linux host implementation from pinned public-surface overlay
s:s9OptionSetPsE19symmetricDifferenceyxxF::SYNTHESIZED::c:@E@MPSNNTrainingStyle	implemented	full/metalperformanceshaders/MPSTypes.swift	Linux host implementation from pinned public-surface overlay
s:s9OptionSetPsE19symmetricDifferenceyxxF::SYNTHESIZED::c:@E@MPSRayMaskOptions	implemented	full/metalperformanceshaders/MPSTypes.swift	Linux host implementation from pinned public-surface overlay
s:s9OptionSetPsE5unionyxxF::SYNTHESIZED::c:@E@MPSAccelerationStructureUsage	implemented	full/metalperformanceshaders/MPSTypes.swift	Linux host implementation from pinned public-surface overlay
s:s9OptionSetPsE5unionyxxF::SYNTHESIZED::c:@E@MPSAliasingStrategy	implemented	full/metalperformanceshaders/MPSTypes.swift	Linux host implementation from pinned public-surface overlay
s:s9OptionSetPsE5unionyxxF::SYNTHESIZED::c:@E@MPSCNNBatchNormalizationFlags	implemented	full/metalperformanceshaders/MPSTypes.swift	Linux host implementation from pinned public-surface overlay
s:s9OptionSetPsE5unionyxxF::SYNTHESIZED::c:@E@MPSCNNConvolutionGradientOption	implemented	full/metalperformanceshaders/MPSTypes.swift	Linux host implementation from pinned public-surface overlay
s:s9OptionSetPsE5unionyxxF::SYNTHESIZED::c:@E@MPSDeviceOptions	implemented	full/metalperformanceshaders/MPSTypes.swift	Linux host implementation from pinned public-surface overlay
s:s9OptionSetPsE5unionyxxF::SYNTHESIZED::c:@E@MPSKernelOptions	implemented	full/metalperformanceshaders/MPSTypes.swift	Linux host implementation from pinned public-surface overlay
s:s9OptionSetPsE5unionyxxF::SYNTHESIZED::c:@E@MPSMatrixRandomDistribution	implemented	full/metalperformanceshaders/MPSTypes.swift	Linux host implementation from pinned public-surface overlay
s:s9OptionSetPsE5unionyxxF::SYNTHESIZED::c:@E@MPSNDArrayQuantizationScheme	implemented	full/metalperformanceshaders/MPSTypes.swift	Linux host implementation from pinned public-surface overlay
s:s9OptionSetPsE5unionyxxF::SYNTHESIZED::c:@E@MPSNNComparisonType	implemented	full/metalperformanceshaders/MPSTypes.swift	Linux host implementation from pinned public-surface overlay
s:s9OptionSetPsE5unionyxxF::SYNTHESIZED::c:@E@MPSNNConvolutionAccumulatorPrecisionOption	implemented	full/metalperformanceshaders/MPSTypes.swift	Linux host implementation from pinned public-surface overlay
s:s9OptionSetPsE5unionyxxF::SYNTHESIZED::c:@E@MPSNNPaddingMethod	implemented	full/metalperformanceshaders/MPSTypes.swift	Linux host implementation from pinned public-surface overlay
s:s9OptionSetPsE5unionyxxF::SYNTHESIZED::c:@E@MPSNNTrainingStyle	implemented	full/metalperformanceshaders/MPSTypes.swift	Linux host implementation from pinned public-surface overlay
s:s9OptionSetPsE5unionyxxF::SYNTHESIZED::c:@E@MPSRayMaskOptions	implemented	full/metalperformanceshaders/MPSTypes.swift	Linux host implementation from pinned public-surface overlay
s:s9OptionSetPss17FixedWidthInteger8RawValueRpzrlE16formIntersectionyyxF::SYNTHESIZED::c:@E@MPSAccelerationStructureUsage	implemented	full/metalperformanceshaders/MPSTypes.swift	Linux host implementation from pinned public-surface overlay
s:s9OptionSetPss17FixedWidthInteger8RawValueRpzrlE16formIntersectionyyxF::SYNTHESIZED::c:@E@MPSAliasingStrategy	implemented	full/metalperformanceshaders/MPSTypes.swift	Linux host implementation from pinned public-surface overlay
s:s9OptionSetPss17FixedWidthInteger8RawValueRpzrlE16formIntersectionyyxF::SYNTHESIZED::c:@E@MPSCNNBatchNormalizationFlags	implemented	full/metalperformanceshaders/MPSTypes.swift	Linux host implementation from pinned public-surface overlay
s:s9OptionSetPss17FixedWidthInteger8RawValueRpzrlE16formIntersectionyyxF::SYNTHESIZED::c:@E@MPSCNNConvolutionGradientOption	implemented	full/metalperformanceshaders/MPSTypes.swift	Linux host implementation from pinned public-surface overlay
s:s9OptionSetPss17FixedWidthInteger8RawValueRpzrlE16formIntersectionyyxF::SYNTHESIZED::c:@E@MPSDeviceOptions	implemented	full/metalperformanceshaders/MPSTypes.swift	Linux host implementation from pinned public-surface overlay
s:s9OptionSetPss17FixedWidthInteger8RawValueRpzrlE16formIntersectionyyxF::SYNTHESIZED::c:@E@MPSKernelOptions	implemented	full/metalperformanceshaders/MPSTypes.swift	Linux host implementation from pinned public-surface overlay
s:s9OptionSetPss17FixedWidthInteger8RawValueRpzrlE16formIntersectionyyxF::SYNTHESIZED::c:@E@MPSMatrixRandomDistribution	implemented	full/metalperformanceshaders/MPSTypes.swift	Linux host implementation from pinned public-surface overlay
s:s9OptionSetPss17FixedWidthInteger8RawValueRpzrlE16formIntersectionyyxF::SYNTHESIZED::c:@E@MPSNDArrayQuantizationScheme	implemented	full/metalperformanceshaders/MPSTypes.swift	Linux host implementation from pinned public-surface overlay
s:s9OptionSetPss17FixedWidthInteger8RawValueRpzrlE16formIntersectionyyxF::SYNTHESIZED::c:@E@MPSNNComparisonType	implemented	full/metalperformanceshaders/MPSTypes.swift	Linux host implementation from pinned public-surface overlay
s:s9OptionSetPss17FixedWidthInteger8RawValueRpzrlE16formIntersectionyyxF::SYNTHESIZED::c:@E@MPSNNConvolutionAccumulatorPrecisionOption	implemented	full/metalperformanceshaders/MPSTypes.swift	Linux host implementation from pinned public-surface overlay
s:s9OptionSetPss17FixedWidthInteger8RawValueRpzrlE16formIntersectionyyxF::SYNTHESIZED::c:@E@MPSNNPaddingMethod	implemented	full/metalperformanceshaders/MPSTypes.swift	Linux host implementation from pinned public-surface overlay
s:s9OptionSetPss17FixedWidthInteger8RawValueRpzrlE16formIntersectionyyxF::SYNTHESIZED::c:@E@MPSNNTrainingStyle	implemented	full/metalperformanceshaders/MPSTypes.swift	Linux host implementation from pinned public-surface overlay
s:s9OptionSetPss17FixedWidthInteger8RawValueRpzrlE16formIntersectionyyxF::SYNTHESIZED::c:@E@MPSRayMaskOptions	implemented	full/metalperformanceshaders/MPSTypes.swift	Linux host implementation from pinned public-surface overlay
s:s9OptionSetPss17FixedWidthInteger8RawValueRpzrlE23formSymmetricDifferenceyyxF::SYNTHESIZED::c:@E@MPSAccelerationStructureUsage	implemented	full/metalperformanceshaders/MPSTypes.swift	Linux host implementation from pinned public-surface overlay
s:s9OptionSetPss17FixedWidthInteger8RawValueRpzrlE23formSymmetricDifferenceyyxF::SYNTHESIZED::c:@E@MPSAliasingStrategy	implemented	full/metalperformanceshaders/MPSTypes.swift	Linux host implementation from pinned public-surface overlay
s:s9OptionSetPss17FixedWidthInteger8RawValueRpzrlE23formSymmetricDifferenceyyxF::SYNTHESIZED::c:@E@MPSCNNBatchNormalizationFlags	implemented	full/metalperformanceshaders/MPSTypes.swift	Linux host implementation from pinned public-surface overlay
s:s9OptionSetPss17FixedWidthInteger8RawValueRpzrlE23formSymmetricDifferenceyyxF::SYNTHESIZED::c:@E@MPSCNNConvolutionGradientOption	implemented	full/metalperformanceshaders/MPSTypes.swift	Linux host implementation from pinned public-surface overlay
s:s9OptionSetPss17FixedWidthInteger8RawValueRpzrlE23formSymmetricDifferenceyyxF::SYNTHESIZED::c:@E@MPSDeviceOptions	implemented	full/metalperformanceshaders/MPSTypes.swift	Linux host implementation from pinned public-surface overlay
s:s9OptionSetPss17FixedWidthInteger8RawValueRpzrlE23formSymmetricDifferenceyyxF::SYNTHESIZED::c:@E@MPSKernelOptions	implemented	full/metalperformanceshaders/MPSTypes.swift	Linux host implementation from pinned public-surface overlay
s:s9OptionSetPss17FixedWidthInteger8RawValueRpzrlE23formSymmetricDifferenceyyxF::SYNTHESIZED::c:@E@MPSMatrixRandomDistribution	implemented	full/metalperformanceshaders/MPSTypes.swift	Linux host implementation from pinned public-surface overlay
s:s9OptionSetPss17FixedWidthInteger8RawValueRpzrlE23formSymmetricDifferenceyyxF::SYNTHESIZED::c:@E@MPSNDArrayQuantizationScheme	implemented	full/metalperformanceshaders/MPSTypes.swift	Linux host implementation from pinned public-surface overlay
s:s9OptionSetPss17FixedWidthInteger8RawValueRpzrlE23formSymmetricDifferenceyyxF::SYNTHESIZED::c:@E@MPSNNComparisonType	implemented	full/metalperformanceshaders/MPSTypes.swift	Linux host implementation from pinned public-surface overlay
s:s9OptionSetPss17FixedWidthInteger8RawValueRpzrlE23formSymmetricDifferenceyyxF::SYNTHESIZED::c:@E@MPSNNConvolutionAccumulatorPrecisionOption	implemented	full/metalperformanceshaders/MPSTypes.swift	Linux host implementation from pinned public-surface overlay
s:s9OptionSetPss17FixedWidthInteger8RawValueRpzrlE23formSymmetricDifferenceyyxF::SYNTHESIZED::c:@E@MPSNNPaddingMethod	implemented	full/metalperformanceshaders/MPSTypes.swift	Linux host implementation from pinned public-surface overlay
s:s9OptionSetPss17FixedWidthInteger8RawValueRpzrlE23formSymmetricDifferenceyyxF::SYNTHESIZED::c:@E@MPSNNTrainingStyle	implemented	full/metalperformanceshaders/MPSTypes.swift	Linux host implementation from pinned public-surface overlay
s:s9OptionSetPss17FixedWidthInteger8RawValueRpzrlE23formSymmetricDifferenceyyxF::SYNTHESIZED::c:@E@MPSRayMaskOptions	implemented	full/metalperformanceshaders/MPSTypes.swift	Linux host implementation from pinned public-surface overlay
s:s9OptionSetPss17FixedWidthInteger8RawValueRpzrlE9formUnionyyxF::SYNTHESIZED::c:@E@MPSAccelerationStructureUsage	implemented	full/metalperformanceshaders/MPSTypes.swift	Linux host implementation from pinned public-surface overlay
s:s9OptionSetPss17FixedWidthInteger8RawValueRpzrlE9formUnionyyxF::SYNTHESIZED::c:@E@MPSAliasingStrategy	implemented	full/metalperformanceshaders/MPSTypes.swift	Linux host implementation from pinned public-surface overlay
s:s9OptionSetPss17FixedWidthInteger8RawValueRpzrlE9formUnionyyxF::SYNTHESIZED::c:@E@MPSCNNBatchNormalizationFlags	implemented	full/metalperformanceshaders/MPSTypes.swift	Linux host implementation from pinned public-surface overlay
s:s9OptionSetPss17FixedWidthInteger8RawValueRpzrlE9formUnionyyxF::SYNTHESIZED::c:@E@MPSCNNConvolutionGradientOption	implemented	full/metalperformanceshaders/MPSTypes.swift	Linux host implementation from pinned public-surface overlay
s:s9OptionSetPss17FixedWidthInteger8RawValueRpzrlE9formUnionyyxF::SYNTHESIZED::c:@E@MPSDeviceOptions	implemented	full/metalperformanceshaders/MPSTypes.swift	Linux host implementation from pinned public-surface overlay
s:s9OptionSetPss17FixedWidthInteger8RawValueRpzrlE9formUnionyyxF::SYNTHESIZED::c:@E@MPSKernelOptions	implemented	full/metalperformanceshaders/MPSTypes.swift	Linux host implementation from pinned public-surface overlay
s:s9OptionSetPss17FixedWidthInteger8RawValueRpzrlE9formUnionyyxF::SYNTHESIZED::c:@E@MPSMatrixRandomDistribution	implemented	full/metalperformanceshaders/MPSTypes.swift	Linux host implementation from pinned public-surface overlay
s:s9OptionSetPss17FixedWidthInteger8RawValueRpzrlE9formUnionyyxF::SYNTHESIZED::c:@E@MPSNDArrayQuantizationScheme	implemented	full/metalperformanceshaders/MPSTypes.swift	Linux host implementation from pinned public-surface overlay
s:s9OptionSetPss17FixedWidthInteger8RawValueRpzrlE9formUnionyyxF::SYNTHESIZED::c:@E@MPSNNComparisonType	implemented	full/metalperformanceshaders/MPSTypes.swift	Linux host implementation from pinned public-surface overlay
s:s9OptionSetPss17FixedWidthInteger8RawValueRpzrlE9formUnionyyxF::SYNTHESIZED::c:@E@MPSNNConvolutionAccumulatorPrecisionOption	implemented	full/metalperformanceshaders/MPSTypes.swift	Linux host implementation from pinned public-surface overlay
s:s9OptionSetPss17FixedWidthInteger8RawValueRpzrlE9formUnionyyxF::SYNTHESIZED::c:@E@MPSNNPaddingMethod	implemented	full/metalperformanceshaders/MPSTypes.swift	Linux host implementation from pinned public-surface overlay
s:s9OptionSetPss17FixedWidthInteger8RawValueRpzrlE9formUnionyyxF::SYNTHESIZED::c:@E@MPSNNTrainingStyle	implemented	full/metalperformanceshaders/MPSTypes.swift	Linux host implementation from pinned public-surface overlay
s:s9OptionSetPss17FixedWidthInteger8RawValueRpzrlE9formUnionyyxF::SYNTHESIZED::c:@E@MPSRayMaskOptions	implemented	full/metalperformanceshaders/MPSTypes.swift	Linux host implementation from pinned public-surface overlay
s:s9OptionSetPss17FixedWidthInteger8RawValueRpzrlExycfc::SYNTHESIZED::c:@E@MPSAccelerationStructureUsage	implemented	full/metalperformanceshaders/MPSTypes.swift	Linux host implementation from pinned public-surface overlay
s:s9OptionSetPss17FixedWidthInteger8RawValueRpzrlExycfc::SYNTHESIZED::c:@E@MPSAliasingStrategy	implemented	full/metalperformanceshaders/MPSTypes.swift	Linux host implementation from pinned public-surface overlay
s:s9OptionSetPss17FixedWidthInteger8RawValueRpzrlExycfc::SYNTHESIZED::c:@E@MPSCNNBatchNormalizationFlags	implemented	full/metalperformanceshaders/MPSTypes.swift	Linux host implementation from pinned public-surface overlay
s:s9OptionSetPss17FixedWidthInteger8RawValueRpzrlExycfc::SYNTHESIZED::c:@E@MPSCNNConvolutionGradientOption	implemented	full/metalperformanceshaders/MPSTypes.swift	Linux host implementation from pinned public-surface overlay
s:s9OptionSetPss17FixedWidthInteger8RawValueRpzrlExycfc::SYNTHESIZED::c:@E@MPSDeviceOptions	implemented	full/metalperformanceshaders/MPSTypes.swift	Linux host implementation from pinned public-surface overlay
s:s9OptionSetPss17FixedWidthInteger8RawValueRpzrlExycfc::SYNTHESIZED::c:@E@MPSKernelOptions	implemented	full/metalperformanceshaders/MPSTypes.swift	Linux host implementation from pinned public-surface overlay
s:s9OptionSetPss17FixedWidthInteger8RawValueRpzrlExycfc::SYNTHESIZED::c:@E@MPSMatrixRandomDistribution	implemented	full/metalperformanceshaders/MPSTypes.swift	Linux host implementation from pinned public-surface overlay
s:s9OptionSetPss17FixedWidthInteger8RawValueRpzrlExycfc::SYNTHESIZED::c:@E@MPSNDArrayQuantizationScheme	implemented	full/metalperformanceshaders/MPSTypes.swift	Linux host implementation from pinned public-surface overlay
s:s9OptionSetPss17FixedWidthInteger8RawValueRpzrlExycfc::SYNTHESIZED::c:@E@MPSNNComparisonType	implemented	full/metalperformanceshaders/MPSTypes.swift	Linux host implementation from pinned public-surface overlay
s:s9OptionSetPss17FixedWidthInteger8RawValueRpzrlExycfc::SYNTHESIZED::c:@E@MPSNNConvolutionAccumulatorPrecisionOption	implemented	full/metalperformanceshaders/MPSTypes.swift	Linux host implementation from pinned public-surface overlay
s:s9OptionSetPss17FixedWidthInteger8RawValueRpzrlExycfc::SYNTHESIZED::c:@E@MPSNNPaddingMethod	implemented	full/metalperformanceshaders/MPSTypes.swift	Linux host implementation from pinned public-surface overlay
s:s9OptionSetPss17FixedWidthInteger8RawValueRpzrlExycfc::SYNTHESIZED::c:@E@MPSNNTrainingStyle	implemented	full/metalperformanceshaders/MPSTypes.swift	Linux host implementation from pinned public-surface overlay
s:s9OptionSetPss17FixedWidthInteger8RawValueRpzrlExycfc::SYNTHESIZED::c:@E@MPSRayMaskOptions	implemented	full/metalperformanceshaders/MPSTypes.swift	Linux host implementation from pinned public-surface overlay
