precise	status	evidence	notes
s:10WeatherKit03DayA0V	implemented	test:full/weatherkit/tests/agent/WeatherKitValueTests.swift#testDayWeatherRoundTrip	Linux value-type behaviour from the pinned Xcode 26.1 surface.
s:10WeatherKit03DayA0V06restOfC8ForecastAA0c4PartF0VSgvp	implemented	test:full/weatherkit/tests/agent/WeatherKitValueTests.swift#testDayWeatherRoundTrip	Linux value-type behaviour from the pinned Xcode 26.1 surface.
s:10WeatherKit03DayA0V10symbolNameSSvp	implemented	test:full/weatherkit/tests/agent/WeatherKitValueTests.swift#testDayWeatherRoundTrip	Linux value-type behaviour from the pinned Xcode 26.1 surface.
s:10WeatherKit03DayA0V13highWindSpeed10Foundation11MeasurementVySo06NSUnitF0CGSgvp	implemented	test:full/weatherkit/tests/agent/WeatherKitValueTests.swift#testDayWeatherRoundTrip	Linux value-type behaviour from the pinned Xcode 26.1 surface.
s:10WeatherKit03DayA0V13precipitationAA13PrecipitationOvp	implemented	test:full/weatherkit/tests/agent/WeatherKitValueTests.swift#testDayWeatherRoundTrip	Linux value-type behaviour from the pinned Xcode 26.1 surface.
s:10WeatherKit03DayA0V14lowTemperature10Foundation11MeasurementVySo06NSUnitE0CGvp	implemented	test:full/weatherkit/tests/agent/WeatherKitValueTests.swift#testDayWeatherRoundTrip	Linux value-type behaviour from the pinned Xcode 26.1 surface.
s:10WeatherKit03DayA0V14rainfallAmount10Foundation11MeasurementVySo12NSUnitLengthCGvp	implemented	test:full/weatherkit/tests/agent/WeatherKitValueTests.swift#testDayWeatherRoundTrip	Linux value-type behaviour from the pinned Xcode 26.1 surface.
s:10WeatherKit03DayA0V14snowfallAmount10Foundation11MeasurementVySo12NSUnitLengthCGvp	implemented	test:full/weatherkit/tests/agent/WeatherKitValueTests.swift#testDayWeatherRoundTrip	Linux value-type behaviour from the pinned Xcode 26.1 surface.
s:10WeatherKit03DayA0V15daytimeForecastAA0c4PartE0Vvp	implemented	test:full/weatherkit/tests/agent/WeatherKitValueTests.swift#testDayWeatherRoundTrip	Linux value-type behaviour from the pinned Xcode 26.1 surface.
s:10WeatherKit03DayA0V15highTemperature10Foundation11MeasurementVySo06NSUnitE0CGvp	implemented	test:full/weatherkit/tests/agent/WeatherKitValueTests.swift#testDayWeatherRoundTrip	Linux value-type behaviour from the pinned Xcode 26.1 surface.
s:10WeatherKit03DayA0V15maximumHumiditySdvp	implemented	test:full/weatherkit/tests/agent/WeatherKitValueTests.swift#testDayWeatherRoundTrip	Linux value-type behaviour from the pinned Xcode 26.1 surface.
s:10WeatherKit03DayA0V15minimumHumiditySdvp	implemented	test:full/weatherkit/tests/agent/WeatherKitValueTests.swift#testDayWeatherRoundTrip	Linux value-type behaviour from the pinned Xcode 26.1 surface.
s:10WeatherKit03DayA0V17maximumVisibilitySdvp	implemented	test:full/weatherkit/tests/agent/WeatherKitValueTests.swift#testDayWeatherRoundTrip	Linux value-type behaviour from the pinned Xcode 26.1 surface.
s:10WeatherKit03DayA0V17minimumVisibilitySdvp	implemented	test:full/weatherkit/tests/agent/WeatherKitValueTests.swift#testDayWeatherRoundTrip	Linux value-type behaviour from the pinned Xcode 26.1 surface.
s:10WeatherKit03DayA0V17overnightForecastAA0c4PartE0Vvp	implemented	test:full/weatherkit/tests/agent/WeatherKitValueTests.swift#testDayWeatherRoundTrip	Linux value-type behaviour from the pinned Xcode 26.1 surface.
s:10WeatherKit03DayA0V18lowTemperatureTime10Foundation4DateVSgvp	implemented	test:full/weatherkit/tests/agent/WeatherKitValueTests.swift#testDayWeatherRoundTrip	Linux value-type behaviour from the pinned Xcode 26.1 surface.
s:10WeatherKit03DayA0V19highTemperatureTime10Foundation4DateVSgvp	implemented	test:full/weatherkit/tests/agent/WeatherKitValueTests.swift#testDayWeatherRoundTrip	Linux value-type behaviour from the pinned Xcode 26.1 surface.
s:10WeatherKit03DayA0V19precipitationAmount10Foundation11MeasurementVySo12NSUnitLengthCGvp	implemented	test:full/weatherkit/tests/agent/WeatherKitValueTests.swift#testDayWeatherRoundTrip	Linux value-type behaviour from the pinned Xcode 26.1 surface.
s:10WeatherKit03DayA0V19precipitationChanceSdvp	implemented	test:full/weatherkit/tests/agent/WeatherKitValueTests.swift#testDayWeatherRoundTrip	Linux value-type behaviour from the pinned Xcode 26.1 surface.
s:10WeatherKit03DayA0V25precipitationAmountByTypeAA013PrecipitationefG0Vvp	implemented	test:full/weatherkit/tests/agent/WeatherKitValueTests.swift#testDayWeatherRoundTrip	Linux value-type behaviour from the pinned Xcode 26.1 surface.
s:10WeatherKit03DayA0V2eeoiySbAC_ACtFZ	implemented	test:full/weatherkit/tests/agent/WeatherKitValueTests.swift#testDayWeatherRoundTrip	Linux value-type behaviour from the pinned Xcode 26.1 surface.
s:10WeatherKit03DayA0V3sunAA9SunEventsVvp	implemented	test:full/weatherkit/tests/agent/WeatherKitValueTests.swift#testDayWeatherRoundTrip	Linux value-type behaviour from the pinned Xcode 26.1 surface.
s:10WeatherKit03DayA0V4date10Foundation4DateVvp	implemented	test:full/weatherkit/tests/agent/WeatherKitValueTests.swift#testDayWeatherRoundTrip	Linux value-type behaviour from the pinned Xcode 26.1 surface.
s:10WeatherKit03DayA0V4fromACs7Decoder_p_tKcfc	implemented	test:full/weatherkit/tests/agent/WeatherKitValueTests.swift#testDayWeatherRoundTrip	Linux value-type behaviour from the pinned Xcode 26.1 surface.
s:10WeatherKit03DayA0V4moonAA10MoonEventsVvp	implemented	test:full/weatherkit/tests/agent/WeatherKitValueTests.swift#testDayWeatherRoundTrip	Linux value-type behaviour from the pinned Xcode 26.1 surface.
s:10WeatherKit03DayA0V4windAA4WindVvp	implemented	test:full/weatherkit/tests/agent/WeatherKitValueTests.swift#testDayWeatherRoundTrip	Linux value-type behaviour from the pinned Xcode 26.1 surface.
s:10WeatherKit03DayA0V6encode2toys7Encoder_p_tKF	implemented	test:full/weatherkit/tests/agent/WeatherKitValueTests.swift#testDayWeatherRoundTrip	Linux value-type behaviour from the pinned Xcode 26.1 surface.
s:10WeatherKit03DayA0V7uvIndexAA7UVIndexVvp	implemented	test:full/weatherkit/tests/agent/WeatherKitValueTests.swift#testDayWeatherRoundTrip	Linux value-type behaviour from the pinned Xcode 26.1 surface.
s:10WeatherKit03DayA0V9conditionAA0A9ConditionOvp	implemented	test:full/weatherkit/tests/agent/WeatherKitValueTests.swift#testDayWeatherRoundTrip	Linux value-type behaviour from the pinned Xcode 26.1 surface.
s:10WeatherKit04HourA0V	implemented	test:full/weatherkit/tests/agent/WeatherKitValueTests.swift#testHourWeatherRoundTrip	Linux value-type behaviour from the pinned Xcode 26.1 surface.
s:10WeatherKit04HourA0V10cloudCoverSdvp	implemented	test:full/weatherkit/tests/agent/WeatherKitValueTests.swift#testHourWeatherRoundTrip	Linux value-type behaviour from the pinned Xcode 26.1 surface.
s:10WeatherKit04HourA0V10isDaylightSbvp	implemented	test:full/weatherkit/tests/agent/WeatherKitValueTests.swift#testHourWeatherRoundTrip	Linux value-type behaviour from the pinned Xcode 26.1 surface.
s:10WeatherKit04HourA0V10symbolNameSSvp	implemented	test:full/weatherkit/tests/agent/WeatherKitValueTests.swift#testHourWeatherRoundTrip	Linux value-type behaviour from the pinned Xcode 26.1 surface.
s:10WeatherKit04HourA0V10visibility10Foundation11MeasurementVySo12NSUnitLengthCGvp	implemented	test:full/weatherkit/tests/agent/WeatherKitValueTests.swift#testHourWeatherRoundTrip	Linux value-type behaviour from the pinned Xcode 26.1 surface.
s:10WeatherKit04HourA0V11temperature10Foundation11MeasurementVySo17NSUnitTemperatureCGvp	implemented	test:full/weatherkit/tests/agent/WeatherKitValueTests.swift#testHourWeatherRoundTrip	Linux value-type behaviour from the pinned Xcode 26.1 surface.
s:10WeatherKit04HourA0V13precipitationAA13PrecipitationOvp	implemented	test:full/weatherkit/tests/agent/WeatherKitValueTests.swift#testHourWeatherRoundTrip	Linux value-type behaviour from the pinned Xcode 26.1 surface.
s:10WeatherKit04HourA0V13pressureTrendAA08PressureE0Ovp	implemented	test:full/weatherkit/tests/agent/WeatherKitValueTests.swift#testHourWeatherRoundTrip	Linux value-type behaviour from the pinned Xcode 26.1 surface.
s:10WeatherKit04HourA0V14snowfallAmount10Foundation11MeasurementVySo12NSUnitLengthCGvp	implemented	test:full/weatherkit/tests/agent/WeatherKitValueTests.swift#testHourWeatherRoundTrip	Linux value-type behaviour from the pinned Xcode 26.1 surface.
s:10WeatherKit04HourA0V19apparentTemperature10Foundation11MeasurementVySo06NSUnitE0CGvp	implemented	test:full/weatherkit/tests/agent/WeatherKitValueTests.swift#testHourWeatherRoundTrip	Linux value-type behaviour from the pinned Xcode 26.1 surface.
s:10WeatherKit04HourA0V19precipitationAmount10Foundation11MeasurementVySo12NSUnitLengthCGvp	implemented	test:full/weatherkit/tests/agent/WeatherKitValueTests.swift#testHourWeatherRoundTrip	Linux value-type behaviour from the pinned Xcode 26.1 surface.
s:10WeatherKit04HourA0V19precipitationChanceSdvp	implemented	test:full/weatherkit/tests/agent/WeatherKitValueTests.swift#testHourWeatherRoundTrip	Linux value-type behaviour from the pinned Xcode 26.1 surface.
s:10WeatherKit04HourA0V20cloudCoverByAltitudeAA05CloudefG0Vvp	implemented	test:full/weatherkit/tests/agent/WeatherKitValueTests.swift#testHourWeatherRoundTrip	Linux value-type behaviour from the pinned Xcode 26.1 surface.
s:10WeatherKit04HourA0V2eeoiySbAC_ACtFZ	implemented	test:full/weatherkit/tests/agent/WeatherKitValueTests.swift#testHourWeatherRoundTrip	Linux value-type behaviour from the pinned Xcode 26.1 surface.
s:10WeatherKit04HourA0V4date10Foundation4DateVvp	implemented	test:full/weatherkit/tests/agent/WeatherKitValueTests.swift#testHourWeatherRoundTrip	Linux value-type behaviour from the pinned Xcode 26.1 surface.
s:10WeatherKit04HourA0V4fromACs7Decoder_p_tKcfc	implemented	test:full/weatherkit/tests/agent/WeatherKitValueTests.swift#testHourWeatherRoundTrip	Linux value-type behaviour from the pinned Xcode 26.1 surface.
s:10WeatherKit04HourA0V4windAA4WindVvp	implemented	test:full/weatherkit/tests/agent/WeatherKitValueTests.swift#testHourWeatherRoundTrip	Linux value-type behaviour from the pinned Xcode 26.1 surface.
s:10WeatherKit04HourA0V6encode2toys7Encoder_p_tKF	implemented	test:full/weatherkit/tests/agent/WeatherKitValueTests.swift#testHourWeatherRoundTrip	Linux value-type behaviour from the pinned Xcode 26.1 surface.
s:10WeatherKit04HourA0V7uvIndexAA7UVIndexVvp	implemented	test:full/weatherkit/tests/agent/WeatherKitValueTests.swift#testHourWeatherRoundTrip	Linux value-type behaviour from the pinned Xcode 26.1 surface.
s:10WeatherKit04HourA0V8dewPoint10Foundation11MeasurementVySo17NSUnitTemperatureCGvp	implemented	test:full/weatherkit/tests/agent/WeatherKitValueTests.swift#testHourWeatherRoundTrip	Linux value-type behaviour from the pinned Xcode 26.1 surface.
s:10WeatherKit04HourA0V8humiditySdvp	implemented	test:full/weatherkit/tests/agent/WeatherKitValueTests.swift#testHourWeatherRoundTrip	Linux value-type behaviour from the pinned Xcode 26.1 surface.
s:10WeatherKit04HourA0V8pressure10Foundation11MeasurementVySo14NSUnitPressureCGvp	implemented	test:full/weatherkit/tests/agent/WeatherKitValueTests.swift#testHourWeatherRoundTrip	Linux value-type behaviour from the pinned Xcode 26.1 surface.
s:10WeatherKit04HourA0V9conditionAA0A9ConditionOvp	implemented	test:full/weatherkit/tests/agent/WeatherKitValueTests.swift#testHourWeatherRoundTrip	Linux value-type behaviour from the pinned Xcode 26.1 surface.
s:10WeatherKit05DailyA10StatisticsV	implemented	test:full/weatherkit/tests/agent/WeatherKitCollectionTests.swift#testDailyWeatherStatisticsCollection	Linux value-type behaviour from the pinned Xcode 26.1 surface.
s:10WeatherKit05DailyA10StatisticsV10startIndexSivp	implemented	test:full/weatherkit/tests/agent/WeatherKitCollectionTests.swift#testDailyWeatherStatisticsCollection	Linux value-type behaviour from the pinned Xcode 26.1 surface.
s:10WeatherKit05DailyA10StatisticsV11SubSequencea	implemented	test:full/weatherkit/tests/agent/WeatherKitCollectionTests.swift#testDailyWeatherStatisticsCollection	Linux value-type behaviour from the pinned Xcode 26.1 surface.
s:10WeatherKit05DailyA10StatisticsV17baselineStartDate10Foundation0G0Vvp	implemented	test:full/weatherkit/tests/agent/WeatherKitCollectionTests.swift#testDailyWeatherStatisticsCollection	Linux value-type behaviour from the pinned Xcode 26.1 surface.
s:10WeatherKit05DailyA10StatisticsV2eeoiySbACyxG_AEtFZ	implemented	test:full/weatherkit/tests/agent/WeatherKitCollectionTests.swift#testDailyWeatherStatisticsCollection	Linux value-type behaviour from the pinned Xcode 26.1 surface.
s:10WeatherKit05DailyA10StatisticsV4daysSayxGvp	implemented	test:full/weatherkit/tests/agent/WeatherKitCollectionTests.swift#testDailyWeatherStatisticsCollection	Linux value-type behaviour from the pinned Xcode 26.1 surface.
s:10WeatherKit05DailyA10StatisticsV4fromACyxGs7Decoder_p_tKcfc	implemented	test:full/weatherkit/tests/agent/WeatherKitCollectionTests.swift#testDailyWeatherStatisticsCollection	Linux value-type behaviour from the pinned Xcode 26.1 surface.
s:10WeatherKit05DailyA10StatisticsV5Indexa	implemented	test:full/weatherkit/tests/agent/WeatherKitCollectionTests.swift#testDailyWeatherStatisticsCollection	Linux value-type behaviour from the pinned Xcode 26.1 surface.
s:10WeatherKit05DailyA10StatisticsV6encode2toys7Encoder_p_tKF	implemented	test:full/weatherkit/tests/agent/WeatherKitCollectionTests.swift#testDailyWeatherStatisticsCollection	Linux value-type behaviour from the pinned Xcode 26.1 surface.
s:10WeatherKit05DailyA10StatisticsV7Elementa	implemented	test:full/weatherkit/tests/agent/WeatherKitCollectionTests.swift#testDailyWeatherStatisticsCollection	Linux value-type behaviour from the pinned Xcode 26.1 surface.
s:10WeatherKit05DailyA10StatisticsV7Indicesa	implemented	test:full/weatherkit/tests/agent/WeatherKitCollectionTests.swift#testDailyWeatherStatisticsCollection	Linux value-type behaviour from the pinned Xcode 26.1 surface.
s:10WeatherKit05DailyA10StatisticsV8Iteratora	implemented	test:full/weatherkit/tests/agent/WeatherKitCollectionTests.swift#testDailyWeatherStatisticsCollection	Linux value-type behaviour from the pinned Xcode 26.1 surface.
s:10WeatherKit05DailyA10StatisticsV8endIndexSivp	implemented	test:full/weatherkit/tests/agent/WeatherKitCollectionTests.swift#testDailyWeatherStatisticsCollection	Linux value-type behaviour from the pinned Xcode 26.1 surface.
s:10WeatherKit05DailyA10StatisticsV8metadataAA0A8MetadataVvp	implemented	test:full/weatherkit/tests/agent/WeatherKitCollectionTests.swift#testDailyWeatherStatisticsCollection	Linux value-type behaviour from the pinned Xcode 26.1 surface.
s:10WeatherKit05DailyA10StatisticsVyxSicip	implemented	test:full/weatherkit/tests/agent/WeatherKitCollectionTests.swift#testDailyWeatherStatisticsCollection	Linux value-type behaviour from the pinned Xcode 26.1 surface.
s:10WeatherKit05DailyA12SummaryQueryV	implemented	test:full/weatherkit/tests/agent/WeatherKitCoreTests.swift#testWeatherQueryDataSetsAndDateRanges	Linux value-type behaviour from the pinned Xcode 26.1 surface.
s:10WeatherKit05DailyA12SummaryQueryV11temperatureACyAA014DayTemperatureD0VGvpZ	implemented	test:full/weatherkit/tests/agent/WeatherKitCoreTests.swift#testWeatherQueryDataSetsAndDateRanges	Linux value-type behaviour from the pinned Xcode 26.1 surface.
s:10WeatherKit05DailyA12SummaryQueryV13precipitationACyAA016DayPrecipitationD0VGvpZ	implemented	test:full/weatherkit/tests/agent/WeatherKitCoreTests.swift#testWeatherQueryDataSetsAndDateRanges	Linux value-type behaviour from the pinned Xcode 26.1 surface.
s:10WeatherKit05DailyA15StatisticsQueryV	implemented	test:full/weatherkit/tests/agent/WeatherKitCoreTests.swift#testWeatherQueryDataSetsAndDateRanges	Linux value-type behaviour from the pinned Xcode 26.1 surface.
s:10WeatherKit05DailyA15StatisticsQueryV11temperatureACyAA014DayTemperatureD0VGvpZ	implemented	test:full/weatherkit/tests/agent/WeatherKitCoreTests.swift#testWeatherQueryDataSetsAndDateRanges	Linux value-type behaviour from the pinned Xcode 26.1 surface.
s:10WeatherKit05DailyA15StatisticsQueryV13precipitationACyAA016DayPrecipitationD0VGvpZ	implemented	test:full/weatherkit/tests/agent/WeatherKitCoreTests.swift#testWeatherQueryDataSetsAndDateRanges	Linux value-type behaviour from the pinned Xcode 26.1 surface.
s:10WeatherKit05DailyA7SummaryV	implemented	test:full/weatherkit/tests/agent/WeatherKitCollectionTests.swift#testDailyWeatherSummaryCollection	Linux value-type behaviour from the pinned Xcode 26.1 surface.
s:10WeatherKit05DailyA7SummaryV10startIndexSivp	implemented	test:full/weatherkit/tests/agent/WeatherKitCollectionTests.swift#testDailyWeatherSummaryCollection	Linux value-type behaviour from the pinned Xcode 26.1 surface.
s:10WeatherKit05DailyA7SummaryV11SubSequencea	implemented	test:full/weatherkit/tests/agent/WeatherKitCollectionTests.swift#testDailyWeatherSummaryCollection	Linux value-type behaviour from the pinned Xcode 26.1 surface.
s:10WeatherKit05DailyA7SummaryV2eeoiySbACyxG_AEtFZ	implemented	test:full/weatherkit/tests/agent/WeatherKitCollectionTests.swift#testDailyWeatherSummaryCollection	Linux value-type behaviour from the pinned Xcode 26.1 surface.
s:10WeatherKit05DailyA7SummaryV4daysSayxGvp	implemented	test:full/weatherkit/tests/agent/WeatherKitCollectionTests.swift#testDailyWeatherSummaryCollection	Linux value-type behaviour from the pinned Xcode 26.1 surface.
s:10WeatherKit05DailyA7SummaryV4fromACyxGs7Decoder_p_tKcfc	implemented	test:full/weatherkit/tests/agent/WeatherKitCollectionTests.swift#testDailyWeatherSummaryCollection	Linux value-type behaviour from the pinned Xcode 26.1 surface.
s:10WeatherKit05DailyA7SummaryV5Indexa	implemented	test:full/weatherkit/tests/agent/WeatherKitCollectionTests.swift#testDailyWeatherSummaryCollection	Linux value-type behaviour from the pinned Xcode 26.1 surface.
s:10WeatherKit05DailyA7SummaryV6encode2toys7Encoder_p_tKF	implemented	test:full/weatherkit/tests/agent/WeatherKitCollectionTests.swift#testDailyWeatherSummaryCollection	Linux value-type behaviour from the pinned Xcode 26.1 surface.
s:10WeatherKit05DailyA7SummaryV7Elementa	implemented	test:full/weatherkit/tests/agent/WeatherKitCollectionTests.swift#testDailyWeatherSummaryCollection	Linux value-type behaviour from the pinned Xcode 26.1 surface.
s:10WeatherKit05DailyA7SummaryV7Indicesa	implemented	test:full/weatherkit/tests/agent/WeatherKitCollectionTests.swift#testDailyWeatherSummaryCollection	Linux value-type behaviour from the pinned Xcode 26.1 surface.
s:10WeatherKit05DailyA7SummaryV8Iteratora	implemented	test:full/weatherkit/tests/agent/WeatherKitCollectionTests.swift#testDailyWeatherSummaryCollection	Linux value-type behaviour from the pinned Xcode 26.1 surface.
s:10WeatherKit05DailyA7SummaryV8endIndexSivp	implemented	test:full/weatherkit/tests/agent/WeatherKitCollectionTests.swift#testDailyWeatherSummaryCollection	Linux value-type behaviour from the pinned Xcode 26.1 surface.
s:10WeatherKit05DailyA7SummaryV8metadataAA0A8MetadataVvp	implemented	test:full/weatherkit/tests/agent/WeatherKitCollectionTests.swift#testDailyWeatherSummaryCollection	Linux value-type behaviour from the pinned Xcode 26.1 surface.
s:10WeatherKit05DailyA7SummaryVyxSicip	implemented	test:full/weatherkit/tests/agent/WeatherKitCollectionTests.swift#testDailyWeatherSummaryCollection	Linux value-type behaviour from the pinned Xcode 26.1 surface.
s:10WeatherKit06HourlyA10StatisticsV	implemented	test:full/weatherkit/tests/agent/WeatherKitCollectionTests.swift#testHourlyWeatherStatisticsCollection	Linux value-type behaviour from the pinned Xcode 26.1 surface.
s:10WeatherKit06HourlyA10StatisticsV10startIndexSivp	implemented	test:full/weatherkit/tests/agent/WeatherKitCollectionTests.swift#testHourlyWeatherStatisticsCollection	Linux value-type behaviour from the pinned Xcode 26.1 surface.
s:10WeatherKit06HourlyA10StatisticsV11SubSequencea	implemented	test:full/weatherkit/tests/agent/WeatherKitCollectionTests.swift#testHourlyWeatherStatisticsCollection	Linux value-type behaviour from the pinned Xcode 26.1 surface.
s:10WeatherKit06HourlyA10StatisticsV17baselineStartDate10Foundation0G0Vvp	implemented	test:full/weatherkit/tests/agent/WeatherKitCollectionTests.swift#testHourlyWeatherStatisticsCollection	Linux value-type behaviour from the pinned Xcode 26.1 surface.
s:10WeatherKit06HourlyA10StatisticsV2eeoiySbACyxG_AEtFZ	implemented	test:full/weatherkit/tests/agent/WeatherKitCollectionTests.swift#testHourlyWeatherStatisticsCollection	Linux value-type behaviour from the pinned Xcode 26.1 surface.
s:10WeatherKit06HourlyA10StatisticsV4fromACyxGs7Decoder_p_tKcfc	implemented	test:full/weatherkit/tests/agent/WeatherKitCollectionTests.swift#testHourlyWeatherStatisticsCollection	Linux value-type behaviour from the pinned Xcode 26.1 surface.
s:10WeatherKit06HourlyA10StatisticsV5Indexa	implemented	test:full/weatherkit/tests/agent/WeatherKitCollectionTests.swift#testHourlyWeatherStatisticsCollection	Linux value-type behaviour from the pinned Xcode 26.1 surface.
s:10WeatherKit06HourlyA10StatisticsV5hoursSayxGvp	implemented	test:full/weatherkit/tests/agent/WeatherKitCollectionTests.swift#testHourlyWeatherStatisticsCollection	Linux value-type behaviour from the pinned Xcode 26.1 surface.
s:10WeatherKit06HourlyA10StatisticsV6encode2toys7Encoder_p_tKF	implemented	test:full/weatherkit/tests/agent/WeatherKitCollectionTests.swift#testHourlyWeatherStatisticsCollection	Linux value-type behaviour from the pinned Xcode 26.1 surface.
s:10WeatherKit06HourlyA10StatisticsV7Elementa	implemented	test:full/weatherkit/tests/agent/WeatherKitCollectionTests.swift#testHourlyWeatherStatisticsCollection	Linux value-type behaviour from the pinned Xcode 26.1 surface.
s:10WeatherKit06HourlyA10StatisticsV7Indicesa	implemented	test:full/weatherkit/tests/agent/WeatherKitCollectionTests.swift#testHourlyWeatherStatisticsCollection	Linux value-type behaviour from the pinned Xcode 26.1 surface.
s:10WeatherKit06HourlyA10StatisticsV8Iteratora	implemented	test:full/weatherkit/tests/agent/WeatherKitCollectionTests.swift#testHourlyWeatherStatisticsCollection	Linux value-type behaviour from the pinned Xcode 26.1 surface.
s:10WeatherKit06HourlyA10StatisticsV8endIndexSivp	implemented	test:full/weatherkit/tests/agent/WeatherKitCollectionTests.swift#testHourlyWeatherStatisticsCollection	Linux value-type behaviour from the pinned Xcode 26.1 surface.
s:10WeatherKit06HourlyA10StatisticsV8metadataAA0A8MetadataVvp	implemented	test:full/weatherkit/tests/agent/WeatherKitCollectionTests.swift#testHourlyWeatherStatisticsCollection	Linux value-type behaviour from the pinned Xcode 26.1 surface.
s:10WeatherKit06HourlyA10StatisticsVyxSicip	implemented	test:full/weatherkit/tests/agent/WeatherKitCollectionTests.swift#testHourlyWeatherStatisticsCollection	Linux value-type behaviour from the pinned Xcode 26.1 surface.
s:10WeatherKit06HourlyA15StatisticsQueryV	implemented	test:full/weatherkit/tests/agent/WeatherKitCoreTests.swift#testWeatherQueryDataSetsAndDateRanges	Linux value-type behaviour from the pinned Xcode 26.1 surface.
s:10WeatherKit06HourlyA15StatisticsQueryV11temperatureACyAA015HourTemperatureD0VGvpZ	implemented	test:full/weatherkit/tests/agent/WeatherKitCoreTests.swift#testWeatherQueryDataSetsAndDateRanges	Linux value-type behaviour from the pinned Xcode 26.1 surface.
s:10WeatherKit06MinuteA0V	implemented	test:full/weatherkit/tests/agent/WeatherKitValueTests.swift#testMinuteWeatherRoundTrip	Linux value-type behaviour from the pinned Xcode 26.1 surface.
s:10WeatherKit06MinuteA0V13precipitationAA13PrecipitationOvp	implemented	test:full/weatherkit/tests/agent/WeatherKitValueTests.swift#testMinuteWeatherRoundTrip	Linux value-type behaviour from the pinned Xcode 26.1 surface.
s:10WeatherKit06MinuteA0V19precipitationChanceSdvp	implemented	test:full/weatherkit/tests/agent/WeatherKitValueTests.swift#testMinuteWeatherRoundTrip	Linux value-type behaviour from the pinned Xcode 26.1 surface.
s:10WeatherKit06MinuteA0V22precipitationIntensity10Foundation11MeasurementVySo11NSUnitSpeedCGvp	implemented	test:full/weatherkit/tests/agent/WeatherKitValueTests.swift#testMinuteWeatherRoundTrip	Linux value-type behaviour from the pinned Xcode 26.1 surface.
s:10WeatherKit06MinuteA0V2eeoiySbAC_ACtFZ	implemented	test:full/weatherkit/tests/agent/WeatherKitValueTests.swift#testMinuteWeatherRoundTrip	Linux value-type behaviour from the pinned Xcode 26.1 surface.
s:10WeatherKit06MinuteA0V4date10Foundation4DateVvp	implemented	test:full/weatherkit/tests/agent/WeatherKitValueTests.swift#testMinuteWeatherRoundTrip	Linux value-type behaviour from the pinned Xcode 26.1 surface.
s:10WeatherKit06MinuteA0V4fromACs7Decoder_p_tKcfc	implemented	test:full/weatherkit/tests/agent/WeatherKitValueTests.swift#testMinuteWeatherRoundTrip	Linux value-type behaviour from the pinned Xcode 26.1 surface.
s:10WeatherKit06MinuteA0V6encode2toys7Encoder_p_tKF	implemented	test:full/weatherkit/tests/agent/WeatherKitValueTests.swift#testMinuteWeatherRoundTrip	Linux value-type behaviour from the pinned Xcode 26.1 surface.
s:10WeatherKit07CurrentA0V	implemented	test:full/weatherkit/tests/agent/WeatherKitValueTests.swift#testCurrentWeatherRoundTrip	Linux value-type behaviour from the pinned Xcode 26.1 surface.
s:10WeatherKit07CurrentA0V10cloudCoverSdvp	implemented	test:full/weatherkit/tests/agent/WeatherKitValueTests.swift#testCurrentWeatherRoundTrip	Linux value-type behaviour from the pinned Xcode 26.1 surface.
s:10WeatherKit07CurrentA0V10isDaylightSbvp	implemented	test:full/weatherkit/tests/agent/WeatherKitValueTests.swift#testCurrentWeatherRoundTrip	Linux value-type behaviour from the pinned Xcode 26.1 surface.
s:10WeatherKit07CurrentA0V10symbolNameSSvp	implemented	test:full/weatherkit/tests/agent/WeatherKitValueTests.swift#testCurrentWeatherRoundTrip	Linux value-type behaviour from the pinned Xcode 26.1 surface.
s:10WeatherKit07CurrentA0V10visibility10Foundation11MeasurementVySo12NSUnitLengthCGvp	implemented	test:full/weatherkit/tests/agent/WeatherKitValueTests.swift#testCurrentWeatherRoundTrip	Linux value-type behaviour from the pinned Xcode 26.1 surface.
s:10WeatherKit07CurrentA0V11temperature10Foundation11MeasurementVySo17NSUnitTemperatureCGvp	implemented	test:full/weatherkit/tests/agent/WeatherKitValueTests.swift#testCurrentWeatherRoundTrip	Linux value-type behaviour from the pinned Xcode 26.1 surface.
s:10WeatherKit07CurrentA0V13pressureTrendAA08PressureE0Ovp	implemented	test:full/weatherkit/tests/agent/WeatherKitValueTests.swift#testCurrentWeatherRoundTrip	Linux value-type behaviour from the pinned Xcode 26.1 surface.
s:10WeatherKit07CurrentA0V19apparentTemperature10Foundation11MeasurementVySo06NSUnitE0CGvp	implemented	test:full/weatherkit/tests/agent/WeatherKitValueTests.swift#testCurrentWeatherRoundTrip	Linux value-type behaviour from the pinned Xcode 26.1 surface.
s:10WeatherKit07CurrentA0V20cloudCoverByAltitudeAA05CloudefG0Vvp	implemented	test:full/weatherkit/tests/agent/WeatherKitValueTests.swift#testCurrentWeatherRoundTrip	Linux value-type behaviour from the pinned Xcode 26.1 surface.
s:10WeatherKit07CurrentA0V22precipitationIntensity10Foundation11MeasurementVySo11NSUnitSpeedCGvp	implemented	test:full/weatherkit/tests/agent/WeatherKitValueTests.swift#testCurrentWeatherRoundTrip	Linux value-type behaviour from the pinned Xcode 26.1 surface.
s:10WeatherKit07CurrentA0V2eeoiySbAC_ACtFZ	implemented	test:full/weatherkit/tests/agent/WeatherKitValueTests.swift#testCurrentWeatherRoundTrip	Linux value-type behaviour from the pinned Xcode 26.1 surface.
s:10WeatherKit07CurrentA0V4date10Foundation4DateVvp	implemented	test:full/weatherkit/tests/agent/WeatherKitValueTests.swift#testCurrentWeatherRoundTrip	Linux value-type behaviour from the pinned Xcode 26.1 surface.
s:10WeatherKit07CurrentA0V4fromACs7Decoder_p_tKcfc	implemented	test:full/weatherkit/tests/agent/WeatherKitValueTests.swift#testCurrentWeatherRoundTrip	Linux value-type behaviour from the pinned Xcode 26.1 surface.
s:10WeatherKit07CurrentA0V4windAA4WindVvp	implemented	test:full/weatherkit/tests/agent/WeatherKitValueTests.swift#testCurrentWeatherRoundTrip	Linux value-type behaviour from the pinned Xcode 26.1 surface.
s:10WeatherKit07CurrentA0V6encode2toys7Encoder_p_tKF	implemented	test:full/weatherkit/tests/agent/WeatherKitValueTests.swift#testCurrentWeatherRoundTrip	Linux value-type behaviour from the pinned Xcode 26.1 surface.
s:10WeatherKit07CurrentA0V7uvIndexAA7UVIndexVvp	implemented	test:full/weatherkit/tests/agent/WeatherKitValueTests.swift#testCurrentWeatherRoundTrip	Linux value-type behaviour from the pinned Xcode 26.1 surface.
s:10WeatherKit07CurrentA0V8dewPoint10Foundation11MeasurementVySo17NSUnitTemperatureCGvp	implemented	test:full/weatherkit/tests/agent/WeatherKitValueTests.swift#testCurrentWeatherRoundTrip	Linux value-type behaviour from the pinned Xcode 26.1 surface.
s:10WeatherKit07CurrentA0V8humiditySdvp	implemented	test:full/weatherkit/tests/agent/WeatherKitValueTests.swift#testCurrentWeatherRoundTrip	Linux value-type behaviour from the pinned Xcode 26.1 surface.
s:10WeatherKit07CurrentA0V8metadataAA0A8MetadataVvp	implemented	test:full/weatherkit/tests/agent/WeatherKitValueTests.swift#testCurrentWeatherRoundTrip	Linux value-type behaviour from the pinned Xcode 26.1 surface.
s:10WeatherKit07CurrentA0V8pressure10Foundation11MeasurementVySo14NSUnitPressureCGvp	implemented	test:full/weatherkit/tests/agent/WeatherKitValueTests.swift#testCurrentWeatherRoundTrip	Linux value-type behaviour from the pinned Xcode 26.1 surface.
s:10WeatherKit07CurrentA0V9conditionAA0A9ConditionOvp	implemented	test:full/weatherkit/tests/agent/WeatherKitValueTests.swift#testCurrentWeatherRoundTrip	Linux value-type behaviour from the pinned Xcode 26.1 surface.
s:10WeatherKit07MonthlyA10StatisticsV	implemented	test:full/weatherkit/tests/agent/WeatherKitCollectionTests.swift#testMonthlyWeatherStatisticsCollection	Linux value-type behaviour from the pinned Xcode 26.1 surface.
s:10WeatherKit07MonthlyA10StatisticsV10startIndexSivp	implemented	test:full/weatherkit/tests/agent/WeatherKitCollectionTests.swift#testMonthlyWeatherStatisticsCollection	Linux value-type behaviour from the pinned Xcode 26.1 surface.
s:10WeatherKit07MonthlyA10StatisticsV11SubSequencea	implemented	test:full/weatherkit/tests/agent/WeatherKitCollectionTests.swift#testMonthlyWeatherStatisticsCollection	Linux value-type behaviour from the pinned Xcode 26.1 surface.
s:10WeatherKit07MonthlyA10StatisticsV17baselineStartDate10Foundation0G0Vvp	implemented	test:full/weatherkit/tests/agent/WeatherKitCollectionTests.swift#testMonthlyWeatherStatisticsCollection	Linux value-type behaviour from the pinned Xcode 26.1 surface.
s:10WeatherKit07MonthlyA10StatisticsV2eeoiySbACyxG_AEtFZ	implemented	test:full/weatherkit/tests/agent/WeatherKitCollectionTests.swift#testMonthlyWeatherStatisticsCollection	Linux value-type behaviour from the pinned Xcode 26.1 surface.
s:10WeatherKit07MonthlyA10StatisticsV4fromACyxGs7Decoder_p_tKcfc	implemented	test:full/weatherkit/tests/agent/WeatherKitCollectionTests.swift#testMonthlyWeatherStatisticsCollection	Linux value-type behaviour from the pinned Xcode 26.1 surface.
s:10WeatherKit07MonthlyA10StatisticsV5Indexa	implemented	test:full/weatherkit/tests/agent/WeatherKitCollectionTests.swift#testMonthlyWeatherStatisticsCollection	Linux value-type behaviour from the pinned Xcode 26.1 surface.
s:10WeatherKit07MonthlyA10StatisticsV6encode2toys7Encoder_p_tKF	implemented	test:full/weatherkit/tests/agent/WeatherKitCollectionTests.swift#testMonthlyWeatherStatisticsCollection	Linux value-type behaviour from the pinned Xcode 26.1 surface.
s:10WeatherKit07MonthlyA10StatisticsV6monthsSayxGvp	implemented	test:full/weatherkit/tests/agent/WeatherKitCollectionTests.swift#testMonthlyWeatherStatisticsCollection	Linux value-type behaviour from the pinned Xcode 26.1 surface.
s:10WeatherKit07MonthlyA10StatisticsV7Elementa	implemented	test:full/weatherkit/tests/agent/WeatherKitCollectionTests.swift#testMonthlyWeatherStatisticsCollection	Linux value-type behaviour from the pinned Xcode 26.1 surface.
s:10WeatherKit07MonthlyA10StatisticsV7Indicesa	implemented	test:full/weatherkit/tests/agent/WeatherKitCollectionTests.swift#testMonthlyWeatherStatisticsCollection	Linux value-type behaviour from the pinned Xcode 26.1 surface.
s:10WeatherKit07MonthlyA10StatisticsV8Iteratora	implemented	test:full/weatherkit/tests/agent/WeatherKitCollectionTests.swift#testMonthlyWeatherStatisticsCollection	Linux value-type behaviour from the pinned Xcode 26.1 surface.
s:10WeatherKit07MonthlyA10StatisticsV8endIndexSivp	implemented	test:full/weatherkit/tests/agent/WeatherKitCollectionTests.swift#testMonthlyWeatherStatisticsCollection	Linux value-type behaviour from the pinned Xcode 26.1 surface.
s:10WeatherKit07MonthlyA10StatisticsV8metadataAA0A8MetadataVvp	implemented	test:full/weatherkit/tests/agent/WeatherKitCollectionTests.swift#testMonthlyWeatherStatisticsCollection	Linux value-type behaviour from the pinned Xcode 26.1 surface.
s:10WeatherKit07MonthlyA10StatisticsVyxSicip	implemented	test:full/weatherkit/tests/agent/WeatherKitCollectionTests.swift#testMonthlyWeatherStatisticsCollection	Linux value-type behaviour from the pinned Xcode 26.1 surface.
s:10WeatherKit07MonthlyA15StatisticsQueryV	implemented	test:full/weatherkit/tests/agent/WeatherKitCoreTests.swift#testWeatherQueryDataSetsAndDateRanges	Linux value-type behaviour from the pinned Xcode 26.1 surface.
s:10WeatherKit07MonthlyA15StatisticsQueryV11temperatureACyAA016MonthTemperatureD0VGvpZ	implemented	test:full/weatherkit/tests/agent/WeatherKitCoreTests.swift#testWeatherQueryDataSetsAndDateRanges	Linux value-type behaviour from the pinned Xcode 26.1 surface.
s:10WeatherKit07MonthlyA15StatisticsQueryV13precipitationACyAA018MonthPrecipitationD0VGvpZ	implemented	test:full/weatherkit/tests/agent/WeatherKitCoreTests.swift#testWeatherQueryDataSetsAndDateRanges	Linux value-type behaviour from the pinned Xcode 26.1 surface.
s:10WeatherKit0A0V	implemented	test:full/weatherkit/tests/agent/WeatherKitCollectionTests.swift#testWeatherAggregate	Linux value-type behaviour from the pinned Xcode 26.1 surface.
s:10WeatherKit0A0V07currentA0AA07CurrentA0Vvp	implemented	test:full/weatherkit/tests/agent/WeatherKitCollectionTests.swift#testWeatherAggregate	Linux value-type behaviour from the pinned Xcode 26.1 surface.
s:10WeatherKit0A0V12availabilityAA0A12AvailabilityVvp	implemented	test:full/weatherkit/tests/agent/WeatherKitCollectionTests.swift#testWeatherAggregate	Linux value-type behaviour from the pinned Xcode 26.1 surface.
s:10WeatherKit0A0V13dailyForecastAA0D0VyAA03DayA0VGvp	implemented	test:full/weatherkit/tests/agent/WeatherKitCollectionTests.swift#testWeatherAggregate	Linux value-type behaviour from the pinned Xcode 26.1 surface.
s:10WeatherKit0A0V13weatherAlertsSayAA0A5AlertVGSgvp	implemented	test:full/weatherkit/tests/agent/WeatherKitCollectionTests.swift#testWeatherAggregate	Linux value-type behaviour from the pinned Xcode 26.1 surface.
s:10WeatherKit0A0V14hourlyForecastAA0D0VyAA04HourA0VGvp	implemented	test:full/weatherkit/tests/agent/WeatherKitCollectionTests.swift#testWeatherAggregate	Linux value-type behaviour from the pinned Xcode 26.1 surface.
s:10WeatherKit0A0V14minuteForecastAA0D0VyAA06MinuteA0VGSgvp	implemented	test:full/weatherkit/tests/agent/WeatherKitCollectionTests.swift#testWeatherAggregate	Linux value-type behaviour from the pinned Xcode 26.1 surface.
s:10WeatherKit0A0V2eeoiySbAC_ACtFZ	implemented	test:full/weatherkit/tests/agent/WeatherKitCollectionTests.swift#testWeatherAggregate	Linux value-type behaviour from the pinned Xcode 26.1 surface.
s:10WeatherKit0A0V4fromACs7Decoder_p_tKcfc	implemented	test:full/weatherkit/tests/agent/WeatherKitCollectionTests.swift#testWeatherAggregate	Linux value-type behaviour from the pinned Xcode 26.1 surface.
s:10WeatherKit0A0V6encode2toys7Encoder_p_tKF	implemented	test:full/weatherkit/tests/agent/WeatherKitCollectionTests.swift#testWeatherAggregate	Linux value-type behaviour from the pinned Xcode 26.1 surface.
s:10WeatherKit0A11AttributionV	implemented	test:full/weatherkit/tests/agent/WeatherKitValueTests.swift#testWeatherAlertAndAttribution	Linux value-type behaviour from the pinned Xcode 26.1 surface.
s:10WeatherKit0A11AttributionV05legalC4TextSSvp	implemented	test:full/weatherkit/tests/agent/WeatherKitValueTests.swift#testWeatherAlertAndAttribution	Linux value-type behaviour from the pinned Xcode 26.1 surface.
s:10WeatherKit0A11AttributionV11serviceNameSSvp	implemented	test:full/weatherkit/tests/agent/WeatherKitValueTests.swift#testWeatherAlertAndAttribution	Linux value-type behaviour from the pinned Xcode 26.1 surface.
s:10WeatherKit0A11AttributionV12legalPageURL10Foundation0F0Vvp	implemented	test:full/weatherkit/tests/agent/WeatherKitValueTests.swift#testWeatherAlertAndAttribution	Linux value-type behaviour from the pinned Xcode 26.1 surface.
s:10WeatherKit0A11AttributionV13squareMarkURL10Foundation0F0Vvp	implemented	test:full/weatherkit/tests/agent/WeatherKitValueTests.swift#testWeatherAlertAndAttribution	Linux value-type behaviour from the pinned Xcode 26.1 surface.
s:10WeatherKit0A11AttributionV19combinedMarkDarkURL10Foundation0G0Vvp	implemented	test:full/weatherkit/tests/agent/WeatherKitValueTests.swift#testWeatherAlertAndAttribution	Linux value-type behaviour from the pinned Xcode 26.1 surface.
s:10WeatherKit0A11AttributionV20combinedMarkLightURL10Foundation0G0Vvp	implemented	test:full/weatherkit/tests/agent/WeatherKitValueTests.swift#testWeatherAlertAndAttribution	Linux value-type behaviour from the pinned Xcode 26.1 surface.
s:10WeatherKit0A11AttributionV2eeoiySbAC_ACtFZ	implemented	test:full/weatherkit/tests/agent/WeatherKitValueTests.swift#testWeatherAlertAndAttribution	Linux value-type behaviour from the pinned Xcode 26.1 surface.
s:10WeatherKit0A11AttributionV4fromACs7Decoder_p_tKcfc	implemented	test:full/weatherkit/tests/agent/WeatherKitValueTests.swift#testWeatherAlertAndAttribution	Linux value-type behaviour from the pinned Xcode 26.1 surface.
s:10WeatherKit0A11AttributionV6encode2toys7Encoder_p_tKF	implemented	test:full/weatherkit/tests/agent/WeatherKitValueTests.swift#testWeatherAlertAndAttribution	Linux value-type behaviour from the pinned Xcode 26.1 surface.
s:10WeatherKit0A12AvailabilityV	implemented	test:full/weatherkit/tests/agent/WeatherKitValueTests.swift#testWeatherAvailability	Linux value-type behaviour from the pinned Xcode 26.1 surface.
s:10WeatherKit0A12AvailabilityV05alertC0AC0C4KindOvp	implemented	test:full/weatherkit/tests/agent/WeatherKitValueTests.swift#testWeatherAvailability	Linux value-type behaviour from the pinned Xcode 26.1 surface.
s:10WeatherKit0A12AvailabilityV06minuteC0AC0C4KindOvp	implemented	test:full/weatherkit/tests/agent/WeatherKitValueTests.swift#testWeatherAvailability	Linux value-type behaviour from the pinned Xcode 26.1 surface.
s:10WeatherKit0A12AvailabilityV0C4KindO	implemented	test:full/weatherkit/tests/agent/WeatherKitEnumTests.swift#testWeatherAvailabilityKindRawValues	Linux value-type behaviour from the pinned Xcode 26.1 surface.
s:10WeatherKit0A12AvailabilityV0C4KindO11unsupportedyA2EmF	implemented	test:full/weatherkit/tests/agent/WeatherKitEnumTests.swift#testWeatherAvailabilityKindRawValues	Linux value-type behaviour from the pinned Xcode 26.1 surface.
s:10WeatherKit0A12AvailabilityV0C4KindO22temporarilyUnavailableyA2EmF	implemented	test:full/weatherkit/tests/agent/WeatherKitEnumTests.swift#testWeatherAvailabilityKindRawValues	Linux value-type behaviour from the pinned Xcode 26.1 surface.
s:10WeatherKit0A12AvailabilityV0C4KindO7unknownyA2EmF	implemented	test:full/weatherkit/tests/agent/WeatherKitEnumTests.swift#testWeatherAvailabilityKindRawValues	Linux value-type behaviour from the pinned Xcode 26.1 surface.
s:10WeatherKit0A12AvailabilityV0C4KindO8RawValuea	implemented	test:full/weatherkit/tests/agent/WeatherKitEnumTests.swift#testWeatherAvailabilityKindRawValues	Linux value-type behaviour from the pinned Xcode 26.1 surface.
s:10WeatherKit0A12AvailabilityV0C4KindO8rawValueAESgSS_tcfc	implemented	test:full/weatherkit/tests/agent/WeatherKitEnumTests.swift#testWeatherAvailabilityKindRawValues	Linux value-type behaviour from the pinned Xcode 26.1 surface.
s:10WeatherKit0A12AvailabilityV0C4KindO8rawValueSSvp	implemented	test:full/weatherkit/tests/agent/WeatherKitEnumTests.swift#testWeatherAvailabilityKindRawValues	Linux value-type behaviour from the pinned Xcode 26.1 surface.
s:10WeatherKit0A12AvailabilityV0C4KindO9availableyA2EmF	implemented	test:full/weatherkit/tests/agent/WeatherKitEnumTests.swift#testWeatherAvailabilityKindRawValues	Linux value-type behaviour from the pinned Xcode 26.1 surface.
s:10WeatherKit0A12AvailabilityV2eeoiySbAC_ACtFZ	implemented	test:full/weatherkit/tests/agent/WeatherKitValueTests.swift#testWeatherAvailability	Linux value-type behaviour from the pinned Xcode 26.1 surface.
s:10WeatherKit0A12AvailabilityV4fromACs7Decoder_p_tKcfc	implemented	test:full/weatherkit/tests/agent/WeatherKitValueTests.swift#testWeatherAvailability	Linux value-type behaviour from the pinned Xcode 26.1 surface.
s:10WeatherKit0A12AvailabilityV6encode2toys7Encoder_p_tKF	implemented	test:full/weatherkit/tests/agent/WeatherKitValueTests.swift#testWeatherAvailability	Linux value-type behaviour from the pinned Xcode 26.1 surface.
s:10WeatherKit0A5AlertV	implemented	test:full/weatherkit/tests/agent/WeatherKitValueTests.swift#testWeatherAlertAndAttribution	Linux value-type behaviour from the pinned Xcode 26.1 surface.
s:10WeatherKit0A5AlertV10detailsURL10Foundation0E0Vvp	implemented	test:full/weatherkit/tests/agent/WeatherKitValueTests.swift#testWeatherAlertAndAttribution	Linux value-type behaviour from the pinned Xcode 26.1 surface.
s:10WeatherKit0A5AlertV2eeoiySbAC_ACtFZ	implemented	test:full/weatherkit/tests/agent/WeatherKitValueTests.swift#testWeatherAlertAndAttribution	Linux value-type behaviour from the pinned Xcode 26.1 surface.
s:10WeatherKit0A5AlertV4fromACs7Decoder_p_tKcfc	implemented	test:full/weatherkit/tests/agent/WeatherKitValueTests.swift#testWeatherAlertAndAttribution	Linux value-type behaviour from the pinned Xcode 26.1 surface.
s:10WeatherKit0A5AlertV6encode2toys7Encoder_p_tKF	implemented	test:full/weatherkit/tests/agent/WeatherKitValueTests.swift#testWeatherAlertAndAttribution	Linux value-type behaviour from the pinned Xcode 26.1 surface.
s:10WeatherKit0A5AlertV6regionSSSgvp	implemented	test:full/weatherkit/tests/agent/WeatherKitValueTests.swift#testWeatherAlertAndAttribution	Linux value-type behaviour from the pinned Xcode 26.1 surface.
s:10WeatherKit0A5AlertV6sourceSSvp	implemented	test:full/weatherkit/tests/agent/WeatherKitValueTests.swift#testWeatherAlertAndAttribution	Linux value-type behaviour from the pinned Xcode 26.1 surface.
s:10WeatherKit0A5AlertV7summarySSvp	implemented	test:full/weatherkit/tests/agent/WeatherKitValueTests.swift#testWeatherAlertAndAttribution	Linux value-type behaviour from the pinned Xcode 26.1 surface.
s:10WeatherKit0A5AlertV8metadataAA0A8MetadataVvp	implemented	test:full/weatherkit/tests/agent/WeatherKitValueTests.swift#testWeatherAlertAndAttribution	Linux value-type behaviour from the pinned Xcode 26.1 surface.
s:10WeatherKit0A5AlertV8severityAA0A8SeverityOvp	implemented	test:full/weatherkit/tests/agent/WeatherKitValueTests.swift#testWeatherAlertAndAttribution	Linux value-type behaviour from the pinned Xcode 26.1 surface.
s:10WeatherKit0A5ErrorO	implemented	test:full/weatherkit/tests/agent/WeatherKitCoreTests.swift#testWeatherErrorLocalizedAndHashable	Linux value-type behaviour from the pinned Xcode 26.1 surface.
s:10WeatherKit0A5ErrorO10helpAnchorSSSgvp	implemented	test:full/weatherkit/tests/agent/WeatherKitCoreTests.swift#testWeatherErrorLocalizedAndHashable	Linux value-type behaviour from the pinned Xcode 26.1 surface.
s:10WeatherKit0A5ErrorO13failureReasonSSSgvp	implemented	test:full/weatherkit/tests/agent/WeatherKitCoreTests.swift#testWeatherErrorLocalizedAndHashable	Linux value-type behaviour from the pinned Xcode 26.1 surface.
s:10WeatherKit0A5ErrorO16errorDescriptionSSSgvp	implemented	test:full/weatherkit/tests/agent/WeatherKitCoreTests.swift#testWeatherErrorLocalizedAndHashable	Linux value-type behaviour from the pinned Xcode 26.1 surface.
s:10WeatherKit0A5ErrorO16permissionDeniedyA2CmF	implemented	test:full/weatherkit/tests/agent/WeatherKitCoreTests.swift#testWeatherErrorLocalizedAndHashable	Linux value-type behaviour from the pinned Xcode 26.1 surface.
s:10WeatherKit0A5ErrorO18recoverySuggestionSSSgvp	implemented	test:full/weatherkit/tests/agent/WeatherKitCoreTests.swift#testWeatherErrorLocalizedAndHashable	Linux value-type behaviour from the pinned Xcode 26.1 surface.
s:10WeatherKit0A5ErrorO2eeoiySbAC_ACtFZ	implemented	test:full/weatherkit/tests/agent/WeatherKitCoreTests.swift#testWeatherErrorLocalizedAndHashable	Linux value-type behaviour from the pinned Xcode 26.1 surface.
s:10WeatherKit0A5ErrorO4hash4intoys6HasherVz_tF	implemented	test:full/weatherkit/tests/agent/WeatherKitCoreTests.swift#testWeatherErrorLocalizedAndHashable	Linux value-type behaviour from the pinned Xcode 26.1 surface.
s:10WeatherKit0A5ErrorO7unknownyA2CmF	implemented	test:full/weatherkit/tests/agent/WeatherKitCoreTests.swift#testWeatherErrorLocalizedAndHashable	Linux value-type behaviour from the pinned Xcode 26.1 surface.
s:10WeatherKit0A5ErrorO9hashValueSivp	implemented	test:full/weatherkit/tests/agent/WeatherKitCoreTests.swift#testWeatherErrorLocalizedAndHashable	Linux value-type behaviour from the pinned Xcode 26.1 surface.
s:10WeatherKit0A5QueryV	implemented	test:full/weatherkit/tests/agent/WeatherKitCoreTests.swift#testWeatherQueryDataSetsAndDateRanges	Linux value-type behaviour from the pinned Xcode 26.1 surface.
s:10WeatherKit0A5QueryV12availabilityACyAA0A12AvailabilityVGvpZ	implemented	test:full/weatherkit/tests/agent/WeatherKitCoreTests.swift#testWeatherQueryDataSetsAndDateRanges	Linux value-type behaviour from the pinned Xcode 26.1 surface.
s:10WeatherKit0A5QueryV21historicalComparisonsACyAA010HistoricalE0VSgGvpZ	implemented	test:full/weatherkit/tests/agent/WeatherKitCoreTests.swift#testWeatherQueryDataSetsAndDateRanges	Linux value-type behaviour from the pinned Xcode 26.1 surface.
s:10WeatherKit0A5QueryV5dailyACyAA8ForecastVyAA03DayA0VGGvpZ	implemented	test:full/weatherkit/tests/agent/WeatherKitCoreTests.swift#testWeatherQueryDataSetsAndDateRanges	Linux value-type behaviour from the pinned Xcode 26.1 surface.
s:10WeatherKit0A5QueryV6alertsACySayAA0A5AlertVGSgGvpZ	implemented	test:full/weatherkit/tests/agent/WeatherKitCoreTests.swift#testWeatherQueryDataSetsAndDateRanges	Linux value-type behaviour from the pinned Xcode 26.1 surface.
s:10WeatherKit0A5QueryV6hourlyACyAA8ForecastVyAA04HourA0VGGvpZ	implemented	test:full/weatherkit/tests/agent/WeatherKitCoreTests.swift#testWeatherQueryDataSetsAndDateRanges	Linux value-type behaviour from the pinned Xcode 26.1 surface.
s:10WeatherKit0A5QueryV6minuteACyAA8ForecastVyAA06MinuteA0VGSgGvpZ	implemented	test:full/weatherkit/tests/agent/WeatherKitCoreTests.swift#testWeatherQueryDataSetsAndDateRanges	Linux value-type behaviour from the pinned Xcode 26.1 surface.
s:10WeatherKit0A5QueryV7changesACyAA0A7ChangesVSgGvpZ	implemented	test:full/weatherkit/tests/agent/WeatherKitCoreTests.swift#testWeatherQueryDataSetsAndDateRanges	Linux value-type behaviour from the pinned Xcode 26.1 surface.
s:10WeatherKit0A5QueryV7currentACyAA07CurrentA0VGvpZ	implemented	test:full/weatherkit/tests/agent/WeatherKitCoreTests.swift#testWeatherQueryDataSetsAndDateRanges	Linux value-type behaviour from the pinned Xcode 26.1 surface.
s:10WeatherKit0A5QueryVA2A8ForecastVyAA03DayA0VGRszlE5daily9startDate03endH0ACyAHG10Foundation0H0V_AOtFZ	implemented	test:full/weatherkit/tests/agent/WeatherKitCoreTests.swift#testWeatherQueryDataSetsAndDateRanges	Linux value-type behaviour from the pinned Xcode 26.1 surface.
s:10WeatherKit0A5QueryVA2A8ForecastVyAA04HourA0VGRszlE6hourly9startDate03endH0ACyAHG10Foundation0H0V_AOtFZ	implemented	test:full/weatherkit/tests/agent/WeatherKitCoreTests.swift#testWeatherQueryDataSetsAndDateRanges	Linux value-type behaviour from the pinned Xcode 26.1 surface.
s:10WeatherKit0A6ChangeV	implemented	test:full/weatherkit/tests/agent/WeatherKitCollectionTests.swift#testWeatherChangesCollection	Linux value-type behaviour from the pinned Xcode 26.1 surface.
s:10WeatherKit0A6ChangeV14lowTemperatureAC9DirectionOvp	implemented	test:full/weatherkit/tests/agent/WeatherKitCollectionTests.swift#testWeatherChangesCollection	Linux value-type behaviour from the pinned Xcode 26.1 surface.
s:10WeatherKit0A6ChangeV15highTemperatureAC9DirectionOvp	implemented	test:full/weatherkit/tests/agent/WeatherKitCollectionTests.swift#testWeatherChangesCollection	Linux value-type behaviour from the pinned Xcode 26.1 surface.
s:10WeatherKit0A6ChangeV22dayPrecipitationAmountAC9DirectionOvp	implemented	test:full/weatherkit/tests/agent/WeatherKitCollectionTests.swift#testWeatherChangesCollection	Linux value-type behaviour from the pinned Xcode 26.1 surface.
s:10WeatherKit0A6ChangeV24nightPrecipitationAmountAC9DirectionOvp	implemented	test:full/weatherkit/tests/agent/WeatherKitCollectionTests.swift#testWeatherChangesCollection	Linux value-type behaviour from the pinned Xcode 26.1 surface.
s:10WeatherKit0A6ChangeV2eeoiySbAC_ACtFZ	implemented	test:full/weatherkit/tests/agent/WeatherKitCollectionTests.swift#testWeatherChangesCollection	Linux value-type behaviour from the pinned Xcode 26.1 surface.
s:10WeatherKit0A6ChangeV4date10Foundation4DateVvp	implemented	test:full/weatherkit/tests/agent/WeatherKitCollectionTests.swift#testWeatherChangesCollection	Linux value-type behaviour from the pinned Xcode 26.1 surface.
s:10WeatherKit0A6ChangeV4fromACs7Decoder_p_tKcfc	implemented	test:full/weatherkit/tests/agent/WeatherKitCollectionTests.swift#testWeatherChangesCollection	Linux value-type behaviour from the pinned Xcode 26.1 surface.
s:10WeatherKit0A6ChangeV6encode2toys7Encoder_p_tKF	implemented	test:full/weatherkit/tests/agent/WeatherKitCollectionTests.swift#testWeatherChangesCollection	Linux value-type behaviour from the pinned Xcode 26.1 surface.
s:10WeatherKit0A6ChangeV9DirectionO	implemented	test:full/weatherkit/tests/agent/WeatherKitEnumTests.swift#testWeatherChangeDirectionCases	Linux value-type behaviour from the pinned Xcode 26.1 surface.
s:10WeatherKit0A6ChangeV9DirectionO2eeoiySbAE_AEtFZ	implemented	test:full/weatherkit/tests/agent/WeatherKitEnumTests.swift#testWeatherChangeDirectionCases	Linux value-type behaviour from the pinned Xcode 26.1 surface.
s:10WeatherKit0A6ChangeV9DirectionO4fromAEs7Decoder_p_tKcfc	implemented	test:full/weatherkit/tests/agent/WeatherKitEnumTests.swift#testWeatherChangeDirectionCases	Linux value-type behaviour from the pinned Xcode 26.1 surface.
s:10WeatherKit0A6ChangeV9DirectionO4hash4intoys6HasherVz_tF	implemented	test:full/weatherkit/tests/agent/WeatherKitEnumTests.swift#testWeatherChangeDirectionCases	Linux value-type behaviour from the pinned Xcode 26.1 surface.
s:10WeatherKit0A6ChangeV9DirectionO6encode2toys7Encoder_p_tKF	implemented	test:full/weatherkit/tests/agent/WeatherKitEnumTests.swift#testWeatherChangeDirectionCases	Linux value-type behaviour from the pinned Xcode 26.1 surface.
s:10WeatherKit0A6ChangeV9DirectionO6steadyyA2EmF	implemented	test:full/weatherkit/tests/agent/WeatherKitEnumTests.swift#testWeatherChangeDirectionCases	Linux value-type behaviour from the pinned Xcode 26.1 surface.
s:10WeatherKit0A6ChangeV9DirectionO8decreaseyA2EmF	implemented	test:full/weatherkit/tests/agent/WeatherKitEnumTests.swift#testWeatherChangeDirectionCases	Linux value-type behaviour from the pinned Xcode 26.1 surface.
s:10WeatherKit0A6ChangeV9DirectionO8increaseyA2EmF	implemented	test:full/weatherkit/tests/agent/WeatherKitEnumTests.swift#testWeatherChangeDirectionCases	Linux value-type behaviour from the pinned Xcode 26.1 surface.
s:10WeatherKit0A6ChangeV9DirectionO9hashValueSivp	implemented	test:full/weatherkit/tests/agent/WeatherKitEnumTests.swift#testWeatherChangeDirectionCases	Linux value-type behaviour from the pinned Xcode 26.1 surface.
s:10WeatherKit0A7ChangesV	implemented	test:full/weatherkit/tests/agent/WeatherKitCollectionTests.swift#testWeatherChangesCollection	Linux value-type behaviour from the pinned Xcode 26.1 surface.
s:10WeatherKit0A7ChangesV10startIndexSivp	implemented	test:full/weatherkit/tests/agent/WeatherKitCollectionTests.swift#testWeatherChangesCollection	Linux value-type behaviour from the pinned Xcode 26.1 surface.
s:10WeatherKit0A7ChangesV11SubSequencea	implemented	test:full/weatherkit/tests/agent/WeatherKitCollectionTests.swift#testWeatherChangesCollection	Linux value-type behaviour from the pinned Xcode 26.1 surface.
s:10WeatherKit0A7ChangesV2eeoiySbAC_ACtFZ	implemented	test:full/weatherkit/tests/agent/WeatherKitCollectionTests.swift#testWeatherChangesCollection	Linux value-type behaviour from the pinned Xcode 26.1 surface.
s:10WeatherKit0A7ChangesV4fromACs7Decoder_p_tKcfc	implemented	test:full/weatherkit/tests/agent/WeatherKitCollectionTests.swift#testWeatherChangesCollection	Linux value-type behaviour from the pinned Xcode 26.1 surface.
s:10WeatherKit0A7ChangesV5Indexa	implemented	test:full/weatherkit/tests/agent/WeatherKitCollectionTests.swift#testWeatherChangesCollection	Linux value-type behaviour from the pinned Xcode 26.1 surface.
s:10WeatherKit0A7ChangesV6encode2toys7Encoder_p_tKF	implemented	test:full/weatherkit/tests/agent/WeatherKitCollectionTests.swift#testWeatherChangesCollection	Linux value-type behaviour from the pinned Xcode 26.1 surface.
s:10WeatherKit0A7ChangesV7Elementa	implemented	test:full/weatherkit/tests/agent/WeatherKitCollectionTests.swift#testWeatherChangesCollection	Linux value-type behaviour from the pinned Xcode 26.1 surface.
s:10WeatherKit0A7ChangesV7Indicesa	implemented	test:full/weatherkit/tests/agent/WeatherKitCollectionTests.swift#testWeatherChangesCollection	Linux value-type behaviour from the pinned Xcode 26.1 surface.
s:10WeatherKit0A7ChangesV7changesSayAA0A6ChangeVGvp	implemented	test:full/weatherkit/tests/agent/WeatherKitCollectionTests.swift#testWeatherChangesCollection	Linux value-type behaviour from the pinned Xcode 26.1 surface.
s:10WeatherKit0A7ChangesV8Iteratora	implemented	test:full/weatherkit/tests/agent/WeatherKitCollectionTests.swift#testWeatherChangesCollection	Linux value-type behaviour from the pinned Xcode 26.1 surface.
s:10WeatherKit0A7ChangesV8endIndexSivp	implemented	test:full/weatherkit/tests/agent/WeatherKitCollectionTests.swift#testWeatherChangesCollection	Linux value-type behaviour from the pinned Xcode 26.1 surface.
s:10WeatherKit0A7ChangesV8metadataAA0A8MetadataVvp	implemented	test:full/weatherkit/tests/agent/WeatherKitCollectionTests.swift#testWeatherChangesCollection	Linux value-type behaviour from the pinned Xcode 26.1 surface.
s:10WeatherKit0A7ChangesVyAA0A6ChangeVSicip	implemented	test:full/weatherkit/tests/agent/WeatherKitCollectionTests.swift#testWeatherChangesCollection	Linux value-type behaviour from the pinned Xcode 26.1 surface.
s:10WeatherKit0A7ServiceC	implemented	test:full/weatherkit/tests/agent/WeatherKitCoreTests.swift#testWeatherServiceSharedIdentity	Linux singleton and convenience init; no Apple weather daemon.
s:10WeatherKit0A7ServiceC11attributionAA0A11AttributionVvp	declared	source:full/weatherkit/WeatherKit.swift#attribution	Async Apple attribution fetch is fail-closed; the sealed runner has no run loop so the throw is not awaited.
s:10WeatherKit0A7ServiceC12dailySummary3for0F6DaysIn9includingAA05DailyaE0VyxGxQp_tSo10CLLocationC_10Foundation12DateIntervalVAA0jaE5QueryVyxGxQptYaKRvzSeRzSERzSQRzs8SendableRzlF	deferred		Requires the CoreLocation module on the integration toolchain; the isolated Linux host gate cannot import CLLocation, so Apple weather fetches stay fail-closed and uncompiled here.
s:10WeatherKit0A7ServiceC12dailySummary3for9includingAA05DailyaE0VyxGxQp_tSo10CLLocationC_AA0haE5QueryVyxGxQptYaKRvzSeRzSERzSQRzs8SendableRzlF	deferred		Requires the CoreLocation module on the integration toolchain; the isolated Linux host gate cannot import CLLocation, so Apple weather fetches stay fail-closed and uncompiled here.
s:10WeatherKit0A7ServiceC15dailyStatistics3for0F6DaysIn9includingAA05DailyaE0VyxGxQp_tSo10CLLocationC_10Foundation12DateIntervalVAA0jaE5QueryVyxGxQptYaKRvzSeRzSERzSQRzs8SendableRzlF	deferred		Requires the CoreLocation module on the integration toolchain; the isolated Linux host gate cannot import CLLocation, so Apple weather fetches stay fail-closed and uncompiled here.
s:10WeatherKit0A7ServiceC15dailyStatistics3for8startDay03endH09includingAA05DailyaE0VyxGxQp_tSo10CLLocationC_S2iAA0kaE5QueryVyxGxQptYaKRvzSeRzSERzSQRzs8SendableRzlF	deferred		Requires the CoreLocation module on the integration toolchain; the isolated Linux host gate cannot import CLLocation, so Apple weather fetches stay fail-closed and uncompiled here.
s:10WeatherKit0A7ServiceC15dailyStatistics3for9includingAA05DailyaE0VyxGxQp_tSo10CLLocationC_AA0haE5QueryVyxGxQptYaKRvzSeRzSERzSQRzs8SendableRzlF	deferred		Requires the CoreLocation module on the integration toolchain; the isolated Linux host gate cannot import CLLocation, so Apple weather fetches stay fail-closed and uncompiled here.
s:10WeatherKit0A7ServiceC16hourlyStatistics3for0F7HoursIn9includingAA06HourlyaE0VyxGxQp_tSo10CLLocationC_10Foundation12DateIntervalVAA0jaE5QueryVyxGxQptYaKRvzSeRzSERzSQRzs8SendableRzlF	deferred		Requires the CoreLocation module on the integration toolchain; the isolated Linux host gate cannot import CLLocation, so Apple weather fetches stay fail-closed and uncompiled here.
s:10WeatherKit0A7ServiceC16hourlyStatistics3for9includingAA06HourlyaE0VyxGxQp_tSo10CLLocationC_AA0haE5QueryVyxGxQptYaKRvzSeRzSERzSQRzs8SendableRzlF	deferred		Requires the CoreLocation module on the integration toolchain; the isolated Linux host gate cannot import CLLocation, so Apple weather fetches stay fail-closed and uncompiled here.
s:10WeatherKit0A7ServiceC16hourlyStatistics3for9startHour03endH09includingAA06HourlyaE0VyxGxQp_tSo10CLLocationC_S2iAA0kaE5QueryVyxGxQptYaKRvzSeRzSERzSQRzs8SendableRzlF	deferred		Requires the CoreLocation module on the integration toolchain; the isolated Linux host gate cannot import CLLocation, so Apple weather fetches stay fail-closed and uncompiled here.
s:10WeatherKit0A7ServiceC17monthlyStatistics3for0F8MonthsIn9includingAA07MonthlyaE0VyxGxQp_tSo10CLLocationC_10Foundation12DateIntervalVAA0jaE5QueryVyxGxQptYaKRvzSeRzSERzSQRzs8SendableRzlF	deferred		Requires the CoreLocation module on the integration toolchain; the isolated Linux host gate cannot import CLLocation, so Apple weather fetches stay fail-closed and uncompiled here.
s:10WeatherKit0A7ServiceC17monthlyStatistics3for10startMonth03endH09includingAA07MonthlyaE0VyxGxQp_tSo10CLLocationC_S2iAA0kaE5QueryVyxGxQptYaKRvzSeRzSERzSQRzs8SendableRzlF	deferred		Requires the CoreLocation module on the integration toolchain; the isolated Linux host gate cannot import CLLocation, so Apple weather fetches stay fail-closed and uncompiled here.
s:10WeatherKit0A7ServiceC17monthlyStatistics3for9includingAA07MonthlyaE0VyxGxQp_tSo10CLLocationC_AA0haE5QueryVyxGxQptYaKRvzSeRzSERzSQRzs8SendableRzlF	deferred		Requires the CoreLocation module on the integration toolchain; the isolated Linux host gate cannot import CLLocation, so Apple weather fetches stay fail-closed and uncompiled here.
s:10WeatherKit0A7ServiceC6sharedACvpZ	implemented	test:full/weatherkit/tests/agent/WeatherKitCoreTests.swift#testWeatherServiceSharedIdentity	Linux singleton and convenience init; no Apple weather daemon.
s:10WeatherKit0A7ServiceC7weather3for9including_____x_q_q0_q1_q2_q3_tSo10CLLocationC_AA0A5QueryVyxGAJyq_GAJyq0_GAJyq1_GAJyq2_GAJyq3_GtYaKr4_lF	deferred		Requires the CoreLocation module on the integration toolchain; the isolated Linux host gate cannot import CLLocation, so Apple weather fetches stay fail-closed and uncompiled here.
s:10WeatherKit0A7ServiceC7weather3for9including____x_q_q0_q1_q2_tSo10CLLocationC_AA0A5QueryVyxGAJyq_GAJyq0_GAJyq1_GAJyq2_GtYaKr3_lF	deferred		Requires the CoreLocation module on the integration toolchain; the isolated Linux host gate cannot import CLLocation, so Apple weather fetches stay fail-closed and uncompiled here.
s:10WeatherKit0A7ServiceC7weather3for9including___x_q_q0_q1_tSo10CLLocationC_AA0A5QueryVyxGAJyq_GAJyq0_GAJyq1_GtYaKr2_lF	deferred		Requires the CoreLocation module on the integration toolchain; the isolated Linux host gate cannot import CLLocation, so Apple weather fetches stay fail-closed and uncompiled here.
s:10WeatherKit0A7ServiceC7weather3for9including__x_q_q0_tSo10CLLocationC_AA0A5QueryVyxGAJyq_GAJyq0_GtYaKr1_lF	deferred		Requires the CoreLocation module on the integration toolchain; the isolated Linux host gate cannot import CLLocation, so Apple weather fetches stay fail-closed and uncompiled here.
s:10WeatherKit0A7ServiceC7weather3for9including_x_q_tSo10CLLocationC_AA0A5QueryVyxGAJyq_GtYaKr0_lF	deferred		Requires the CoreLocation module on the integration toolchain; the isolated Linux host gate cannot import CLLocation, so Apple weather fetches stay fail-closed and uncompiled here.
s:10WeatherKit0A7ServiceC7weather3for9includingxSo10CLLocationC_AA0A5QueryVyxGtYaKlF	deferred		Requires the CoreLocation module on the integration toolchain; the isolated Linux host gate cannot import CLLocation, so Apple weather fetches stay fail-closed and uncompiled here.
s:10WeatherKit0A7ServiceC7weather3for9includingxxQp_tSo10CLLocationC_AA0A5QueryVyxGxQptYaKRvzlF	deferred		Requires the CoreLocation module on the integration toolchain; the isolated Linux host gate cannot import CLLocation, so Apple weather fetches stay fail-closed and uncompiled here.
s:10WeatherKit0A7ServiceC7weather3forAA0A0VSo10CLLocationC_tYaKF	deferred		Requires the CoreLocation module on the integration toolchain; the isolated Linux host gate cannot import CLLocation, so Apple weather fetches stay fail-closed and uncompiled here.
s:10WeatherKit0A7ServiceCACycfc	implemented	test:full/weatherkit/tests/agent/WeatherKitCoreTests.swift#testWeatherServiceSharedIdentity	Linux singleton and convenience init; no Apple weather daemon.
s:10WeatherKit0A8MetadataV	implemented	test:full/weatherkit/tests/agent/WeatherKitValueTests.swift#testWeatherMetadataCodable	Linux value-type behaviour from the pinned Xcode 26.1 surface.
s:10WeatherKit0A8MetadataV14expirationDate10Foundation0E0Vvp	implemented	test:full/weatherkit/tests/agent/WeatherKitValueTests.swift#testWeatherMetadataCodable	Linux value-type behaviour from the pinned Xcode 26.1 surface.
s:10WeatherKit0A8MetadataV2eeoiySbAC_ACtFZ	implemented	test:full/weatherkit/tests/agent/WeatherKitValueTests.swift#testWeatherMetadataCodable	Linux value-type behaviour from the pinned Xcode 26.1 surface.
s:10WeatherKit0A8MetadataV4date10Foundation4DateVvp	implemented	test:full/weatherkit/tests/agent/WeatherKitValueTests.swift#testWeatherMetadataCodable	Linux value-type behaviour from the pinned Xcode 26.1 surface.
s:10WeatherKit0A8MetadataV4fromACs7Decoder_p_tKcfc	implemented	test:full/weatherkit/tests/agent/WeatherKitValueTests.swift#testWeatherMetadataCodable	Linux value-type behaviour from the pinned Xcode 26.1 surface.
s:10WeatherKit0A8MetadataV6encode2toys7Encoder_p_tKF	implemented	test:full/weatherkit/tests/agent/WeatherKitValueTests.swift#testWeatherMetadataCodable	Linux value-type behaviour from the pinned Xcode 26.1 surface.
s:10WeatherKit0A8MetadataV8locationSo10CLLocationCvp	deferred		Requires the CoreLocation module on the integration toolchain; the isolated Linux host gate cannot import CLLocation, so Apple weather fetches stay fail-closed and uncompiled here.
s:10WeatherKit0A8SeverityO	implemented	test:full/weatherkit/tests/agent/WeatherKitEnumTests.swift#testWeatherSeverityRawValuesAndDescriptions	Linux value-type behaviour from the pinned Xcode 26.1 surface.
s:10WeatherKit0A8SeverityO11descriptionSSvp	implemented	test:full/weatherkit/tests/agent/WeatherKitEnumTests.swift#testWeatherSeverityRawValuesAndDescriptions	Linux value-type behaviour from the pinned Xcode 26.1 surface.
s:10WeatherKit0A8SeverityO24accessibilityDescriptionSSvp	implemented	test:full/weatherkit/tests/agent/WeatherKitEnumTests.swift#testWeatherSeverityRawValuesAndDescriptions	Linux value-type behaviour from the pinned Xcode 26.1 surface.
s:10WeatherKit0A8SeverityO5minoryA2CmF	implemented	test:full/weatherkit/tests/agent/WeatherKitEnumTests.swift#testWeatherSeverityRawValuesAndDescriptions	Linux value-type behaviour from the pinned Xcode 26.1 surface.
s:10WeatherKit0A8SeverityO6severeyA2CmF	implemented	test:full/weatherkit/tests/agent/WeatherKitEnumTests.swift#testWeatherSeverityRawValuesAndDescriptions	Linux value-type behaviour from the pinned Xcode 26.1 surface.
s:10WeatherKit0A8SeverityO7extremeyA2CmF	implemented	test:full/weatherkit/tests/agent/WeatherKitEnumTests.swift#testWeatherSeverityRawValuesAndDescriptions	Linux value-type behaviour from the pinned Xcode 26.1 surface.
s:10WeatherKit0A8SeverityO7unknownyA2CmF	implemented	test:full/weatherkit/tests/agent/WeatherKitEnumTests.swift#testWeatherSeverityRawValuesAndDescriptions	Linux value-type behaviour from the pinned Xcode 26.1 surface.
s:10WeatherKit0A8SeverityO8AllCasesa	implemented	test:full/weatherkit/tests/agent/WeatherKitEnumTests.swift#testWeatherSeverityRawValuesAndDescriptions	Linux value-type behaviour from the pinned Xcode 26.1 surface.
s:10WeatherKit0A8SeverityO8RawValuea	implemented	test:full/weatherkit/tests/agent/WeatherKitEnumTests.swift#testWeatherSeverityRawValuesAndDescriptions	Linux value-type behaviour from the pinned Xcode 26.1 surface.
s:10WeatherKit0A8SeverityO8allCasesSayACGvpZ	implemented	test:full/weatherkit/tests/agent/WeatherKitEnumTests.swift#testWeatherSeverityRawValuesAndDescriptions	Linux value-type behaviour from the pinned Xcode 26.1 surface.
s:10WeatherKit0A8SeverityO8moderateyA2CmF	implemented	test:full/weatherkit/tests/agent/WeatherKitEnumTests.swift#testWeatherSeverityRawValuesAndDescriptions	Linux value-type behaviour from the pinned Xcode 26.1 surface.
s:10WeatherKit0A8SeverityO8rawValueACSgSS_tcfc	implemented	test:full/weatherkit/tests/agent/WeatherKitEnumTests.swift#testWeatherSeverityRawValuesAndDescriptions	Linux value-type behaviour from the pinned Xcode 26.1 surface.
s:10WeatherKit0A8SeverityO8rawValueSSvp	implemented	test:full/weatherkit/tests/agent/WeatherKitEnumTests.swift#testWeatherSeverityRawValuesAndDescriptions	Linux value-type behaviour from the pinned Xcode 26.1 surface.
s:10WeatherKit0A9ConditionO	implemented	test:full/weatherkit/tests/agent/WeatherKitEnumTests.swift#testWeatherConditionRawValuesAndDescriptions	Linux value-type behaviour from the pinned Xcode 26.1 surface.
s:10WeatherKit0A9ConditionO10sunShowersyA2CmF	implemented	test:full/weatherkit/tests/agent/WeatherKitEnumTests.swift#testWeatherConditionRawValuesAndDescriptions	Linux value-type behaviour from the pinned Xcode 26.1 surface.
s:10WeatherKit0A9ConditionO11blowingDustyA2CmF	implemented	test:full/weatherkit/tests/agent/WeatherKitEnumTests.swift#testWeatherConditionRawValuesAndDescriptions	Linux value-type behaviour from the pinned Xcode 26.1 surface.
s:10WeatherKit0A9ConditionO11blowingSnowyA2CmF	implemented	test:full/weatherkit/tests/agent/WeatherKitEnumTests.swift#testWeatherConditionRawValuesAndDescriptions	Linux value-type behaviour from the pinned Xcode 26.1 surface.
s:10WeatherKit0A9ConditionO11descriptionSSvp	implemented	test:full/weatherkit/tests/agent/WeatherKitEnumTests.swift#testWeatherConditionRawValuesAndDescriptions	Linux value-type behaviour from the pinned Xcode 26.1 surface.
s:10WeatherKit0A9ConditionO11mostlyClearyA2CmF	implemented	test:full/weatherkit/tests/agent/WeatherKitEnumTests.swift#testWeatherConditionRawValuesAndDescriptions	Linux value-type behaviour from the pinned Xcode 26.1 surface.
s:10WeatherKit0A9ConditionO11sunFlurriesyA2CmF	implemented	test:full/weatherkit/tests/agent/WeatherKitEnumTests.swift#testWeatherConditionRawValuesAndDescriptions	Linux value-type behaviour from the pinned Xcode 26.1 surface.
s:10WeatherKit0A9ConditionO12freezingRainyA2CmF	implemented	test:full/weatherkit/tests/agent/WeatherKitEnumTests.swift#testWeatherConditionRawValuesAndDescriptions	Linux value-type behaviour from the pinned Xcode 26.1 surface.
s:10WeatherKit0A9ConditionO12mostlyCloudyyA2CmF	implemented	test:full/weatherkit/tests/agent/WeatherKitEnumTests.swift#testWeatherConditionRawValuesAndDescriptions	Linux value-type behaviour from the pinned Xcode 26.1 surface.
s:10WeatherKit0A9ConditionO12partlyCloudyyA2CmF	implemented	test:full/weatherkit/tests/agent/WeatherKitEnumTests.swift#testWeatherConditionRawValuesAndDescriptions	Linux value-type behaviour from the pinned Xcode 26.1 surface.
s:10WeatherKit0A9ConditionO12strongStormsyA2CmF	implemented	test:full/weatherkit/tests/agent/WeatherKitEnumTests.swift#testWeatherConditionRawValuesAndDescriptions	Linux value-type behaviour from the pinned Xcode 26.1 surface.
s:10WeatherKit0A9ConditionO13thunderstormsyA2CmF	implemented	test:full/weatherkit/tests/agent/WeatherKitEnumTests.swift#testWeatherConditionRawValuesAndDescriptions	Linux value-type behaviour from the pinned Xcode 26.1 surface.
s:10WeatherKit0A9ConditionO13tropicalStormyA2CmF	implemented	test:full/weatherkit/tests/agent/WeatherKitEnumTests.swift#testWeatherConditionRawValuesAndDescriptions	Linux value-type behaviour from the pinned Xcode 26.1 surface.
s:10WeatherKit0A9ConditionO15freezingDrizzleyA2CmF	implemented	test:full/weatherkit/tests/agent/WeatherKitEnumTests.swift#testWeatherConditionRawValuesAndDescriptions	Linux value-type behaviour from the pinned Xcode 26.1 surface.
s:10WeatherKit0A9ConditionO21isolatedThunderstormsyA2CmF	implemented	test:full/weatherkit/tests/agent/WeatherKitEnumTests.swift#testWeatherConditionRawValuesAndDescriptions	Linux value-type behaviour from the pinned Xcode 26.1 surface.
s:10WeatherKit0A9ConditionO22scatteredThunderstormsyA2CmF	implemented	test:full/weatherkit/tests/agent/WeatherKitEnumTests.swift#testWeatherConditionRawValuesAndDescriptions	Linux value-type behaviour from the pinned Xcode 26.1 surface.
s:10WeatherKit0A9ConditionO24accessibilityDescriptionSSvp	implemented	test:full/weatherkit/tests/agent/WeatherKitEnumTests.swift#testWeatherConditionRawValuesAndDescriptions	Linux value-type behaviour from the pinned Xcode 26.1 surface.
s:10WeatherKit0A9ConditionO3hotyA2CmF	implemented	test:full/weatherkit/tests/agent/WeatherKitEnumTests.swift#testWeatherConditionRawValuesAndDescriptions	Linux value-type behaviour from the pinned Xcode 26.1 surface.
s:10WeatherKit0A9ConditionO4hailyA2CmF	implemented	test:full/weatherkit/tests/agent/WeatherKitEnumTests.swift#testWeatherConditionRawValuesAndDescriptions	Linux value-type behaviour from the pinned Xcode 26.1 surface.
s:10WeatherKit0A9ConditionO4hazeyA2CmF	implemented	test:full/weatherkit/tests/agent/WeatherKitEnumTests.swift#testWeatherConditionRawValuesAndDescriptions	Linux value-type behaviour from the pinned Xcode 26.1 surface.
s:10WeatherKit0A9ConditionO4rainyA2CmF	implemented	test:full/weatherkit/tests/agent/WeatherKitEnumTests.swift#testWeatherConditionRawValuesAndDescriptions	Linux value-type behaviour from the pinned Xcode 26.1 surface.
s:10WeatherKit0A9ConditionO4snowyA2CmF	implemented	test:full/weatherkit/tests/agent/WeatherKitEnumTests.swift#testWeatherConditionRawValuesAndDescriptions	Linux value-type behaviour from the pinned Xcode 26.1 surface.
s:10WeatherKit0A9ConditionO5clearyA2CmF	implemented	test:full/weatherkit/tests/agent/WeatherKitEnumTests.swift#testWeatherConditionRawValuesAndDescriptions	Linux value-type behaviour from the pinned Xcode 26.1 surface.
s:10WeatherKit0A9ConditionO5foggyyA2CmF	implemented	test:full/weatherkit/tests/agent/WeatherKitEnumTests.swift#testWeatherConditionRawValuesAndDescriptions	Linux value-type behaviour from the pinned Xcode 26.1 surface.
s:10WeatherKit0A9ConditionO5sleetyA2CmF	implemented	test:full/weatherkit/tests/agent/WeatherKitEnumTests.swift#testWeatherConditionRawValuesAndDescriptions	Linux value-type behaviour from the pinned Xcode 26.1 surface.
s:10WeatherKit0A9ConditionO5smokyyA2CmF	implemented	test:full/weatherkit/tests/agent/WeatherKitEnumTests.swift#testWeatherConditionRawValuesAndDescriptions	Linux value-type behaviour from the pinned Xcode 26.1 surface.
s:10WeatherKit0A9ConditionO5windyyA2CmF	implemented	test:full/weatherkit/tests/agent/WeatherKitEnumTests.swift#testWeatherConditionRawValuesAndDescriptions	Linux value-type behaviour from the pinned Xcode 26.1 surface.
s:10WeatherKit0A9ConditionO6breezyyA2CmF	implemented	test:full/weatherkit/tests/agent/WeatherKitEnumTests.swift#testWeatherConditionRawValuesAndDescriptions	Linux value-type behaviour from the pinned Xcode 26.1 surface.
s:10WeatherKit0A9ConditionO6cloudyyA2CmF	implemented	test:full/weatherkit/tests/agent/WeatherKitEnumTests.swift#testWeatherConditionRawValuesAndDescriptions	Linux value-type behaviour from the pinned Xcode 26.1 surface.
s:10WeatherKit0A9ConditionO6frigidyA2CmF	implemented	test:full/weatherkit/tests/agent/WeatherKitEnumTests.swift#testWeatherConditionRawValuesAndDescriptions	Linux value-type behaviour from the pinned Xcode 26.1 surface.
s:10WeatherKit0A9ConditionO7drizzleyA2CmF	implemented	test:full/weatherkit/tests/agent/WeatherKitEnumTests.swift#testWeatherConditionRawValuesAndDescriptions	Linux value-type behaviour from the pinned Xcode 26.1 surface.
s:10WeatherKit0A9ConditionO8AllCasesa	implemented	test:full/weatherkit/tests/agent/WeatherKitEnumTests.swift#testWeatherConditionRawValuesAndDescriptions	Linux value-type behaviour from the pinned Xcode 26.1 surface.
s:10WeatherKit0A9ConditionO8RawValuea	implemented	test:full/weatherkit/tests/agent/WeatherKitEnumTests.swift#testWeatherConditionRawValuesAndDescriptions	Linux value-type behaviour from the pinned Xcode 26.1 surface.
s:10WeatherKit0A9ConditionO8allCasesSayACGvpZ	implemented	test:full/weatherkit/tests/agent/WeatherKitEnumTests.swift#testWeatherConditionRawValuesAndDescriptions	Linux value-type behaviour from the pinned Xcode 26.1 surface.
s:10WeatherKit0A9ConditionO8blizzardyA2CmF	implemented	test:full/weatherkit/tests/agent/WeatherKitEnumTests.swift#testWeatherConditionRawValuesAndDescriptions	Linux value-type behaviour from the pinned Xcode 26.1 surface.
s:10WeatherKit0A9ConditionO8flurriesyA2CmF	implemented	test:full/weatherkit/tests/agent/WeatherKitEnumTests.swift#testWeatherConditionRawValuesAndDescriptions	Linux value-type behaviour from the pinned Xcode 26.1 surface.
s:10WeatherKit0A9ConditionO8rawValueACSgSS_tcfc	implemented	test:full/weatherkit/tests/agent/WeatherKitEnumTests.swift#testWeatherConditionRawValuesAndDescriptions	Linux value-type behaviour from the pinned Xcode 26.1 surface.
s:10WeatherKit0A9ConditionO8rawValueSSvp	implemented	test:full/weatherkit/tests/agent/WeatherKitEnumTests.swift#testWeatherConditionRawValuesAndDescriptions	Linux value-type behaviour from the pinned Xcode 26.1 surface.
s:10WeatherKit0A9ConditionO9heavyRainyA2CmF	implemented	test:full/weatherkit/tests/agent/WeatherKitEnumTests.swift#testWeatherConditionRawValuesAndDescriptions	Linux value-type behaviour from the pinned Xcode 26.1 surface.
s:10WeatherKit0A9ConditionO9heavySnowyA2CmF	implemented	test:full/weatherkit/tests/agent/WeatherKitEnumTests.swift#testWeatherConditionRawValuesAndDescriptions	Linux value-type behaviour from the pinned Xcode 26.1 surface.
s:10WeatherKit0A9ConditionO9hurricaneyA2CmF	implemented	test:full/weatherkit/tests/agent/WeatherKitEnumTests.swift#testWeatherConditionRawValuesAndDescriptions	Linux value-type behaviour from the pinned Xcode 26.1 surface.
s:10WeatherKit0A9ConditionO9wintryMixyA2CmF	implemented	test:full/weatherkit/tests/agent/WeatherKitEnumTests.swift#testWeatherConditionRawValuesAndDescriptions	Linux value-type behaviour from the pinned Xcode 26.1 surface.
s:10WeatherKit10MoonEventsV	implemented	test:full/weatherkit/tests/agent/WeatherKitValueTests.swift#testMoonEvents	Linux value-type behaviour from the pinned Xcode 26.1 surface.
s:10WeatherKit10MoonEventsV2eeoiySbAC_ACtFZ	implemented	test:full/weatherkit/tests/agent/WeatherKitValueTests.swift#testMoonEvents	Linux value-type behaviour from the pinned Xcode 26.1 surface.
s:10WeatherKit10MoonEventsV4fromACs7Decoder_p_tKcfc	implemented	test:full/weatherkit/tests/agent/WeatherKitValueTests.swift#testMoonEvents	Linux value-type behaviour from the pinned Xcode 26.1 surface.
s:10WeatherKit10MoonEventsV5phaseAA0C5PhaseOvp	implemented	test:full/weatherkit/tests/agent/WeatherKitValueTests.swift#testMoonEvents	Linux value-type behaviour from the pinned Xcode 26.1 surface.
s:10WeatherKit10MoonEventsV6encode2toys7Encoder_p_tKF	implemented	test:full/weatherkit/tests/agent/WeatherKitValueTests.swift#testMoonEvents	Linux value-type behaviour from the pinned Xcode 26.1 surface.
s:10WeatherKit10MoonEventsV7moonset10Foundation4DateVSgvp	implemented	test:full/weatherkit/tests/agent/WeatherKitValueTests.swift#testMoonEvents	Linux value-type behaviour from the pinned Xcode 26.1 surface.
s:10WeatherKit10MoonEventsV8moonrise10Foundation4DateVSgvp	implemented	test:full/weatherkit/tests/agent/WeatherKitValueTests.swift#testMoonEvents	Linux value-type behaviour from the pinned Xcode 26.1 surface.
s:10WeatherKit11PercentilesV	implemented	test:full/weatherkit/tests/agent/WeatherKitValueTests.swift#testPercentiles	Linux value-type behaviour from the pinned Xcode 26.1 surface.
s:10WeatherKit11PercentilesV2eeoiySbACyxG_AEtFZ	implemented	test:full/weatherkit/tests/agent/WeatherKitValueTests.swift#testPercentiles	Linux value-type behaviour from the pinned Xcode 26.1 surface.
s:10WeatherKit11PercentilesV3p1010Foundation11MeasurementVyxGvp	implemented	test:full/weatherkit/tests/agent/WeatherKitValueTests.swift#testPercentiles	Linux value-type behaviour from the pinned Xcode 26.1 surface.
s:10WeatherKit11PercentilesV3p5010Foundation11MeasurementVyxGvp	implemented	test:full/weatherkit/tests/agent/WeatherKitValueTests.swift#testPercentiles	Linux value-type behaviour from the pinned Xcode 26.1 surface.
s:10WeatherKit11PercentilesV3p9010Foundation11MeasurementVyxGvp	implemented	test:full/weatherkit/tests/agent/WeatherKitValueTests.swift#testPercentiles	Linux value-type behaviour from the pinned Xcode 26.1 surface.
s:10WeatherKit11PercentilesV4fromACyxGs7Decoder_p_tKcfc	implemented	test:full/weatherkit/tests/agent/WeatherKitValueTests.swift#testPercentiles	Linux value-type behaviour from the pinned Xcode 26.1 surface.
s:10WeatherKit11PercentilesV6encode2toys7Encoder_p_tKF	implemented	test:full/weatherkit/tests/agent/WeatherKitValueTests.swift#testPercentiles	Linux value-type behaviour from the pinned Xcode 26.1 surface.
s:10WeatherKit13PrecipitationO	implemented	test:full/weatherkit/tests/agent/WeatherKitEnumTests.swift#testPrecipitationRawValuesAndDescriptions	Linux value-type behaviour from the pinned Xcode 26.1 surface.
s:10WeatherKit13PrecipitationO11descriptionSSvp	implemented	test:full/weatherkit/tests/agent/WeatherKitEnumTests.swift#testPrecipitationRawValuesAndDescriptions	Linux value-type behaviour from the pinned Xcode 26.1 surface.
s:10WeatherKit13PrecipitationO24accessibilityDescriptionSSvp	implemented	test:full/weatherkit/tests/agent/WeatherKitEnumTests.swift#testPrecipitationRawValuesAndDescriptions	Linux value-type behaviour from the pinned Xcode 26.1 surface.
s:10WeatherKit13PrecipitationO4hailyA2CmF	implemented	test:full/weatherkit/tests/agent/WeatherKitEnumTests.swift#testPrecipitationRawValuesAndDescriptions	Linux value-type behaviour from the pinned Xcode 26.1 surface.
s:10WeatherKit13PrecipitationO4noneyA2CmF	implemented	test:full/weatherkit/tests/agent/WeatherKitEnumTests.swift#testPrecipitationRawValuesAndDescriptions	Linux value-type behaviour from the pinned Xcode 26.1 surface.
s:10WeatherKit13PrecipitationO4rainyA2CmF	implemented	test:full/weatherkit/tests/agent/WeatherKitEnumTests.swift#testPrecipitationRawValuesAndDescriptions	Linux value-type behaviour from the pinned Xcode 26.1 surface.
s:10WeatherKit13PrecipitationO4snowyA2CmF	implemented	test:full/weatherkit/tests/agent/WeatherKitEnumTests.swift#testPrecipitationRawValuesAndDescriptions	Linux value-type behaviour from the pinned Xcode 26.1 surface.
s:10WeatherKit13PrecipitationO5mixedyA2CmF	implemented	test:full/weatherkit/tests/agent/WeatherKitEnumTests.swift#testPrecipitationRawValuesAndDescriptions	Linux value-type behaviour from the pinned Xcode 26.1 surface.
s:10WeatherKit13PrecipitationO5sleetyA2CmF	implemented	test:full/weatherkit/tests/agent/WeatherKitEnumTests.swift#testPrecipitationRawValuesAndDescriptions	Linux value-type behaviour from the pinned Xcode 26.1 surface.
s:10WeatherKit13PrecipitationO8AllCasesa	implemented	test:full/weatherkit/tests/agent/WeatherKitEnumTests.swift#testPrecipitationRawValuesAndDescriptions	Linux value-type behaviour from the pinned Xcode 26.1 surface.
s:10WeatherKit13PrecipitationO8RawValuea	implemented	test:full/weatherkit/tests/agent/WeatherKitEnumTests.swift#testPrecipitationRawValuesAndDescriptions	Linux value-type behaviour from the pinned Xcode 26.1 surface.
s:10WeatherKit13PrecipitationO8allCasesSayACGvpZ	implemented	test:full/weatherkit/tests/agent/WeatherKitEnumTests.swift#testPrecipitationRawValuesAndDescriptions	Linux value-type behaviour from the pinned Xcode 26.1 surface.
s:10WeatherKit13PrecipitationO8rawValueACSgSS_tcfc	implemented	test:full/weatherkit/tests/agent/WeatherKitEnumTests.swift#testPrecipitationRawValuesAndDescriptions	Linux value-type behaviour from the pinned Xcode 26.1 surface.
s:10WeatherKit13PrecipitationO8rawValueSSvp	implemented	test:full/weatherkit/tests/agent/WeatherKitEnumTests.swift#testPrecipitationRawValuesAndDescriptions	Linux value-type behaviour from the pinned Xcode 26.1 surface.
s:10WeatherKit13PressureTrendO	implemented	test:full/weatherkit/tests/agent/WeatherKitEnumTests.swift#testPressureTrendRawValuesAndDescriptions	Linux value-type behaviour from the pinned Xcode 26.1 surface.
s:10WeatherKit13PressureTrendO11descriptionSSvp	implemented	test:full/weatherkit/tests/agent/WeatherKitEnumTests.swift#testPressureTrendRawValuesAndDescriptions	Linux value-type behaviour from the pinned Xcode 26.1 surface.
s:10WeatherKit13PressureTrendO24accessibilityDescriptionSSvp	implemented	test:full/weatherkit/tests/agent/WeatherKitEnumTests.swift#testPressureTrendRawValuesAndDescriptions	Linux value-type behaviour from the pinned Xcode 26.1 surface.
s:10WeatherKit13PressureTrendO6risingyA2CmF	implemented	test:full/weatherkit/tests/agent/WeatherKitEnumTests.swift#testPressureTrendRawValuesAndDescriptions	Linux value-type behaviour from the pinned Xcode 26.1 surface.
s:10WeatherKit13PressureTrendO6steadyyA2CmF	implemented	test:full/weatherkit/tests/agent/WeatherKitEnumTests.swift#testPressureTrendRawValuesAndDescriptions	Linux value-type behaviour from the pinned Xcode 26.1 surface.
s:10WeatherKit13PressureTrendO7fallingyA2CmF	implemented	test:full/weatherkit/tests/agent/WeatherKitEnumTests.swift#testPressureTrendRawValuesAndDescriptions	Linux value-type behaviour from the pinned Xcode 26.1 surface.
s:10WeatherKit13PressureTrendO8AllCasesa	implemented	test:full/weatherkit/tests/agent/WeatherKitEnumTests.swift#testPressureTrendRawValuesAndDescriptions	Linux value-type behaviour from the pinned Xcode 26.1 surface.
s:10WeatherKit13PressureTrendO8RawValuea	implemented	test:full/weatherkit/tests/agent/WeatherKitEnumTests.swift#testPressureTrendRawValuesAndDescriptions	Linux value-type behaviour from the pinned Xcode 26.1 surface.
s:10WeatherKit13PressureTrendO8allCasesSayACGvpZ	implemented	test:full/weatherkit/tests/agent/WeatherKitEnumTests.swift#testPressureTrendRawValuesAndDescriptions	Linux value-type behaviour from the pinned Xcode 26.1 surface.
s:10WeatherKit13PressureTrendO8rawValueACSgSS_tcfc	implemented	test:full/weatherkit/tests/agent/WeatherKitEnumTests.swift#testPressureTrendRawValuesAndDescriptions	Linux value-type behaviour from the pinned Xcode 26.1 surface.
s:10WeatherKit13PressureTrendO8rawValueSSvp	implemented	test:full/weatherkit/tests/agent/WeatherKitEnumTests.swift#testPressureTrendRawValuesAndDescriptions	Linux value-type behaviour from the pinned Xcode 26.1 surface.
s:10WeatherKit13TrendBaselineV	implemented	test:full/weatherkit/tests/agent/WeatherKitValueTests.swift#testTrendAndBaseline	Linux value-type behaviour from the pinned Xcode 26.1 surface.
s:10WeatherKit13TrendBaselineV2eeoiySbACyxG_AEtFZ	implemented	test:full/weatherkit/tests/agent/WeatherKitValueTests.swift#testTrendAndBaseline	Linux value-type behaviour from the pinned Xcode 26.1 surface.
s:10WeatherKit13TrendBaselineV4KindO	implemented	test:full/weatherkit/tests/agent/WeatherKitEnumTests.swift#testTrendBaselineKindMean	Linux value-type behaviour from the pinned Xcode 26.1 surface.
s:10WeatherKit13TrendBaselineV4KindO2eeoiySbAEyx_G_AGtFZ	implemented	test:full/weatherkit/tests/agent/WeatherKitEnumTests.swift#testTrendBaselineKindMean	Linux value-type behaviour from the pinned Xcode 26.1 surface.
s:10WeatherKit13TrendBaselineV4KindO4fromAEyx_Gs7Decoder_p_tKcfc	implemented	test:full/weatherkit/tests/agent/WeatherKitEnumTests.swift#testTrendBaselineKindMean	Linux value-type behaviour from the pinned Xcode 26.1 surface.
s:10WeatherKit13TrendBaselineV4KindO4hash4intoys6HasherVz_tF	implemented	test:full/weatherkit/tests/agent/WeatherKitEnumTests.swift#testTrendBaselineKindMean	Linux value-type behaviour from the pinned Xcode 26.1 surface.
s:10WeatherKit13TrendBaselineV4KindO4meanyAEyx_GAGmSo11NSDimensionCRbzlF	implemented	test:full/weatherkit/tests/agent/WeatherKitEnumTests.swift#testTrendBaselineKindMean	Linux value-type behaviour from the pinned Xcode 26.1 surface.
s:10WeatherKit13TrendBaselineV4KindO6encode2toys7Encoder_p_tKF	implemented	test:full/weatherkit/tests/agent/WeatherKitEnumTests.swift#testTrendBaselineKindMean	Linux value-type behaviour from the pinned Xcode 26.1 surface.
s:10WeatherKit13TrendBaselineV4KindO9hashValueSivp	implemented	test:full/weatherkit/tests/agent/WeatherKitEnumTests.swift#testTrendBaselineKindMean	Linux value-type behaviour from the pinned Xcode 26.1 surface.
s:10WeatherKit13TrendBaselineV4fromACyxGs7Decoder_p_tKcfc	implemented	test:full/weatherkit/tests/agent/WeatherKitValueTests.swift#testTrendAndBaseline	Linux value-type behaviour from the pinned Xcode 26.1 surface.
s:10WeatherKit13TrendBaselineV4kindAC4KindOyx_Gvp	implemented	test:full/weatherkit/tests/agent/WeatherKitValueTests.swift#testTrendAndBaseline	Linux value-type behaviour from the pinned Xcode 26.1 surface.
s:10WeatherKit13TrendBaselineV5value10Foundation11MeasurementVyxGvp	implemented	test:full/weatherkit/tests/agent/WeatherKitValueTests.swift#testTrendAndBaseline	Linux value-type behaviour from the pinned Xcode 26.1 surface.
s:10WeatherKit13TrendBaselineV6encode2toys7Encoder_p_tKF	implemented	test:full/weatherkit/tests/agent/WeatherKitValueTests.swift#testTrendAndBaseline	Linux value-type behaviour from the pinned Xcode 26.1 surface.
s:10WeatherKit13TrendBaselineV9startDate10Foundation0F0Vvp	implemented	test:full/weatherkit/tests/agent/WeatherKitValueTests.swift#testTrendAndBaseline	Linux value-type behaviour from the pinned Xcode 26.1 surface.
s:10WeatherKit14SnowfallAmountV	implemented	test:full/weatherkit/tests/agent/WeatherKitValueTests.swift#testSnowfallAmount	Linux value-type behaviour from the pinned Xcode 26.1 surface.
s:10WeatherKit14SnowfallAmountV22amountLiquidEquivalent10Foundation11MeasurementVySo12NSUnitLengthCGvp	implemented	test:full/weatherkit/tests/agent/WeatherKitValueTests.swift#testSnowfallAmount	Linux value-type behaviour from the pinned Xcode 26.1 surface.
s:10WeatherKit14SnowfallAmountV23maximumLiquidEquivalent10Foundation11MeasurementVySo12NSUnitLengthCGvp	implemented	test:full/weatherkit/tests/agent/WeatherKitValueTests.swift#testSnowfallAmount	Linux value-type behaviour from the pinned Xcode 26.1 surface.
s:10WeatherKit14SnowfallAmountV23minimumLiquidEquivalent10Foundation11MeasurementVySo12NSUnitLengthCGvp	implemented	test:full/weatherkit/tests/agent/WeatherKitValueTests.swift#testSnowfallAmount	Linux value-type behaviour from the pinned Xcode 26.1 surface.
s:10WeatherKit14SnowfallAmountV2eeoiySbAC_ACtFZ	implemented	test:full/weatherkit/tests/agent/WeatherKitValueTests.swift#testSnowfallAmount	Linux value-type behaviour from the pinned Xcode 26.1 surface.
s:10WeatherKit14SnowfallAmountV4fromACs7Decoder_p_tKcfc	implemented	test:full/weatherkit/tests/agent/WeatherKitValueTests.swift#testSnowfallAmount	Linux value-type behaviour from the pinned Xcode 26.1 surface.
s:10WeatherKit14SnowfallAmountV6amount10Foundation11MeasurementVySo12NSUnitLengthCGvp	implemented	test:full/weatherkit/tests/agent/WeatherKitValueTests.swift#testSnowfallAmount	Linux value-type behaviour from the pinned Xcode 26.1 surface.
s:10WeatherKit14SnowfallAmountV6encode2toys7Encoder_p_tKF	implemented	test:full/weatherkit/tests/agent/WeatherKitValueTests.swift#testSnowfallAmount	Linux value-type behaviour from the pinned Xcode 26.1 surface.
s:10WeatherKit14SnowfallAmountV7maximum10Foundation11MeasurementVySo12NSUnitLengthCGvp	implemented	test:full/weatherkit/tests/agent/WeatherKitValueTests.swift#testSnowfallAmount	Linux value-type behaviour from the pinned Xcode 26.1 surface.
s:10WeatherKit14SnowfallAmountV7minimum10Foundation11MeasurementVySo12NSUnitLengthCGvp	implemented	test:full/weatherkit/tests/agent/WeatherKitValueTests.swift#testSnowfallAmount	Linux value-type behaviour from the pinned Xcode 26.1 surface.
s:10WeatherKit15DayPartForecastV	implemented	test:full/weatherkit/tests/agent/WeatherKitValueTests.swift#testDayPartForecast	Linux value-type behaviour from the pinned Xcode 26.1 surface.
s:10WeatherKit15DayPartForecastV10cloudCoverSdvp	implemented	test:full/weatherkit/tests/agent/WeatherKitValueTests.swift#testDayPartForecast	Linux value-type behaviour from the pinned Xcode 26.1 surface.
s:10WeatherKit15DayPartForecastV13highWindSpeed10Foundation11MeasurementVySo06NSUnitH0CGvp	implemented	test:full/weatherkit/tests/agent/WeatherKitValueTests.swift#testDayPartForecast	Linux value-type behaviour from the pinned Xcode 26.1 surface.
s:10WeatherKit15DayPartForecastV13precipitationAA13PrecipitationOvp	implemented	test:full/weatherkit/tests/agent/WeatherKitValueTests.swift#testDayPartForecast	Linux value-type behaviour from the pinned Xcode 26.1 surface.
s:10WeatherKit15DayPartForecastV14lowTemperature10Foundation11MeasurementVySo06NSUnitG0CGvp	implemented	test:full/weatherkit/tests/agent/WeatherKitValueTests.swift#testDayPartForecast	Linux value-type behaviour from the pinned Xcode 26.1 surface.
s:10WeatherKit15DayPartForecastV15highTemperature10Foundation11MeasurementVySo06NSUnitG0CGvp	implemented	test:full/weatherkit/tests/agent/WeatherKitValueTests.swift#testDayPartForecast	Linux value-type behaviour from the pinned Xcode 26.1 surface.
s:10WeatherKit15DayPartForecastV15maximumHumiditySdvp	implemented	test:full/weatherkit/tests/agent/WeatherKitValueTests.swift#testDayPartForecast	Linux value-type behaviour from the pinned Xcode 26.1 surface.
s:10WeatherKit15DayPartForecastV15minimumHumiditySdvp	implemented	test:full/weatherkit/tests/agent/WeatherKitValueTests.swift#testDayPartForecast	Linux value-type behaviour from the pinned Xcode 26.1 surface.
s:10WeatherKit15DayPartForecastV17maximumVisibility10Foundation11MeasurementVySo12NSUnitLengthCGvp	implemented	test:full/weatherkit/tests/agent/WeatherKitValueTests.swift#testDayPartForecast	Linux value-type behaviour from the pinned Xcode 26.1 surface.
s:10WeatherKit15DayPartForecastV17minimumVisibility10Foundation11MeasurementVySo12NSUnitLengthCGvp	implemented	test:full/weatherkit/tests/agent/WeatherKitValueTests.swift#testDayPartForecast	Linux value-type behaviour from the pinned Xcode 26.1 surface.
s:10WeatherKit15DayPartForecastV19precipitationChanceSdvp	implemented	test:full/weatherkit/tests/agent/WeatherKitValueTests.swift#testDayPartForecast	Linux value-type behaviour from the pinned Xcode 26.1 surface.
s:10WeatherKit15DayPartForecastV20cloudCoverByAltitudeAA05CloudghI0Vvp	implemented	test:full/weatherkit/tests/agent/WeatherKitValueTests.swift#testDayPartForecast	Linux value-type behaviour from the pinned Xcode 26.1 surface.
s:10WeatherKit15DayPartForecastV25precipitationAmountByTypeAA013PrecipitationghI0Vvp	implemented	test:full/weatherkit/tests/agent/WeatherKitValueTests.swift#testDayPartForecast	Linux value-type behaviour from the pinned Xcode 26.1 surface.
s:10WeatherKit15DayPartForecastV4windAA4WindVvp	implemented	test:full/weatherkit/tests/agent/WeatherKitValueTests.swift#testDayPartForecast	Linux value-type behaviour from the pinned Xcode 26.1 surface.
s:10WeatherKit15DayPartForecastV9conditionAA0A9ConditionOvp	implemented	test:full/weatherkit/tests/agent/WeatherKitValueTests.swift#testDayPartForecast	Linux value-type behaviour from the pinned Xcode 26.1 surface.
s:10WeatherKit20CloudCoverByAltitudeV	implemented	test:full/weatherkit/tests/agent/WeatherKitValueTests.swift#testCloudCoverByAltitude	Linux value-type behaviour from the pinned Xcode 26.1 surface.
s:10WeatherKit20CloudCoverByAltitudeV2eeoiySbAC_ACtFZ	implemented	test:full/weatherkit/tests/agent/WeatherKitValueTests.swift#testCloudCoverByAltitude	Linux value-type behaviour from the pinned Xcode 26.1 surface.
s:10WeatherKit20CloudCoverByAltitudeV3lowSdvp	implemented	test:full/weatherkit/tests/agent/WeatherKitValueTests.swift#testCloudCoverByAltitude	Linux value-type behaviour from the pinned Xcode 26.1 surface.
s:10WeatherKit20CloudCoverByAltitudeV4fromACs7Decoder_p_tKcfc	implemented	test:full/weatherkit/tests/agent/WeatherKitValueTests.swift#testCloudCoverByAltitude	Linux value-type behaviour from the pinned Xcode 26.1 surface.
s:10WeatherKit20CloudCoverByAltitudeV4highSdvp	implemented	test:full/weatherkit/tests/agent/WeatherKitValueTests.swift#testCloudCoverByAltitude	Linux value-type behaviour from the pinned Xcode 26.1 surface.
s:10WeatherKit20CloudCoverByAltitudeV6encode2toys7Encoder_p_tKF	implemented	test:full/weatherkit/tests/agent/WeatherKitValueTests.swift#testCloudCoverByAltitude	Linux value-type behaviour from the pinned Xcode 26.1 surface.
s:10WeatherKit20CloudCoverByAltitudeV6mediumSdvp	implemented	test:full/weatherkit/tests/agent/WeatherKitValueTests.swift#testCloudCoverByAltitude	Linux value-type behaviour from the pinned Xcode 26.1 surface.
s:10WeatherKit20HistoricalComparisonO	implemented	test:full/weatherkit/tests/agent/WeatherKitEnumTests.swift#testHistoricalComparisonCases	Linux value-type behaviour from the pinned Xcode 26.1 surface.
s:10WeatherKit20HistoricalComparisonO14lowTemperatureyAcA5TrendVySo06NSUnitF0CGcACmF	implemented	test:full/weatherkit/tests/agent/WeatherKitEnumTests.swift#testHistoricalComparisonCases	Linux value-type behaviour from the pinned Xcode 26.1 surface.
s:10WeatherKit20HistoricalComparisonO14snowfallAmountyAcA5TrendVySo12NSUnitLengthCGcACmF	implemented	test:full/weatherkit/tests/agent/WeatherKitEnumTests.swift#testHistoricalComparisonCases	Linux value-type behaviour from the pinned Xcode 26.1 surface.
s:10WeatherKit20HistoricalComparisonO15highTemperatureyAcA5TrendVySo06NSUnitF0CGcACmF	implemented	test:full/weatherkit/tests/agent/WeatherKitEnumTests.swift#testHistoricalComparisonCases	Linux value-type behaviour from the pinned Xcode 26.1 surface.
s:10WeatherKit20HistoricalComparisonO19precipitationAmountyAcA5TrendVySo12NSUnitLengthCGcACmF	implemented	test:full/weatherkit/tests/agent/WeatherKitEnumTests.swift#testHistoricalComparisonCases	Linux value-type behaviour from the pinned Xcode 26.1 surface.
s:10WeatherKit20HistoricalComparisonO2eeoiySbAC_ACtFZ	implemented	test:full/weatherkit/tests/agent/WeatherKitEnumTests.swift#testHistoricalComparisonCases	Linux value-type behaviour from the pinned Xcode 26.1 surface.
s:10WeatherKit20HistoricalComparisonO4fromACs7Decoder_p_tKcfc	implemented	test:full/weatherkit/tests/agent/WeatherKitEnumTests.swift#testHistoricalComparisonCases	Linux value-type behaviour from the pinned Xcode 26.1 surface.
s:10WeatherKit20HistoricalComparisonO6encode2toys7Encoder_p_tKF	implemented	test:full/weatherkit/tests/agent/WeatherKitEnumTests.swift#testHistoricalComparisonCases	Linux value-type behaviour from the pinned Xcode 26.1 surface.
s:10WeatherKit21DayTemperatureSummaryV	implemented	test:full/weatherkit/tests/agent/WeatherKitValueTests.swift#testDayTemperatureSummary	Linux value-type behaviour from the pinned Xcode 26.1 surface.
s:10WeatherKit21DayTemperatureSummaryV03lowD010Foundation11MeasurementVySo06NSUnitD0CGvp	implemented	test:full/weatherkit/tests/agent/WeatherKitValueTests.swift#testDayTemperatureSummary	Linux value-type behaviour from the pinned Xcode 26.1 surface.
s:10WeatherKit21DayTemperatureSummaryV04highD010Foundation11MeasurementVySo06NSUnitD0CGvp	implemented	test:full/weatherkit/tests/agent/WeatherKitValueTests.swift#testDayTemperatureSummary	Linux value-type behaviour from the pinned Xcode 26.1 surface.
s:10WeatherKit21DayTemperatureSummaryV2eeoiySbAC_ACtFZ	implemented	test:full/weatherkit/tests/agent/WeatherKitValueTests.swift#testDayTemperatureSummary	Linux value-type behaviour from the pinned Xcode 26.1 surface.
s:10WeatherKit21DayTemperatureSummaryV4date10Foundation4DateVvp	implemented	test:full/weatherkit/tests/agent/WeatherKitValueTests.swift#testDayTemperatureSummary	Linux value-type behaviour from the pinned Xcode 26.1 surface.
s:10WeatherKit21DayTemperatureSummaryV4fromACs7Decoder_p_tKcfc	implemented	test:full/weatherkit/tests/agent/WeatherKitValueTests.swift#testDayTemperatureSummary	Linux value-type behaviour from the pinned Xcode 26.1 surface.
s:10WeatherKit21DayTemperatureSummaryV6encode2toys7Encoder_p_tKF	implemented	test:full/weatherkit/tests/agent/WeatherKitValueTests.swift#testDayTemperatureSummary	Linux value-type behaviour from the pinned Xcode 26.1 surface.
s:10WeatherKit21HistoricalComparisonsV	implemented	test:full/weatherkit/tests/agent/WeatherKitCollectionTests.swift#testHistoricalComparisonsCollection	Linux value-type behaviour from the pinned Xcode 26.1 surface.
s:10WeatherKit21HistoricalComparisonsV10startIndexSivp	implemented	test:full/weatherkit/tests/agent/WeatherKitCollectionTests.swift#testHistoricalComparisonsCollection	Linux value-type behaviour from the pinned Xcode 26.1 surface.
s:10WeatherKit21HistoricalComparisonsV11SubSequencea	implemented	test:full/weatherkit/tests/agent/WeatherKitCollectionTests.swift#testHistoricalComparisonsCollection	Linux value-type behaviour from the pinned Xcode 26.1 surface.
s:10WeatherKit21HistoricalComparisonsV11comparisonsSayAA0C10ComparisonOGvp	implemented	test:full/weatherkit/tests/agent/WeatherKitCollectionTests.swift#testHistoricalComparisonsCollection	Linux value-type behaviour from the pinned Xcode 26.1 surface.
s:10WeatherKit21HistoricalComparisonsV2eeoiySbAC_ACtFZ	implemented	test:full/weatherkit/tests/agent/WeatherKitCollectionTests.swift#testHistoricalComparisonsCollection	Linux value-type behaviour from the pinned Xcode 26.1 surface.
s:10WeatherKit21HistoricalComparisonsV4fromACs7Decoder_p_tKcfc	implemented	test:full/weatherkit/tests/agent/WeatherKitCollectionTests.swift#testHistoricalComparisonsCollection	Linux value-type behaviour from the pinned Xcode 26.1 surface.
s:10WeatherKit21HistoricalComparisonsV5Indexa	implemented	test:full/weatherkit/tests/agent/WeatherKitCollectionTests.swift#testHistoricalComparisonsCollection	Linux value-type behaviour from the pinned Xcode 26.1 surface.
s:10WeatherKit21HistoricalComparisonsV6encode2toys7Encoder_p_tKF	implemented	test:full/weatherkit/tests/agent/WeatherKitCollectionTests.swift#testHistoricalComparisonsCollection	Linux value-type behaviour from the pinned Xcode 26.1 surface.
s:10WeatherKit21HistoricalComparisonsV7Elementa	implemented	test:full/weatherkit/tests/agent/WeatherKitCollectionTests.swift#testHistoricalComparisonsCollection	Linux value-type behaviour from the pinned Xcode 26.1 surface.
s:10WeatherKit21HistoricalComparisonsV7Indicesa	implemented	test:full/weatherkit/tests/agent/WeatherKitCollectionTests.swift#testHistoricalComparisonsCollection	Linux value-type behaviour from the pinned Xcode 26.1 surface.
s:10WeatherKit21HistoricalComparisonsV8Iteratora	implemented	test:full/weatherkit/tests/agent/WeatherKitCollectionTests.swift#testHistoricalComparisonsCollection	Linux value-type behaviour from the pinned Xcode 26.1 surface.
s:10WeatherKit21HistoricalComparisonsV8endIndexSivp	implemented	test:full/weatherkit/tests/agent/WeatherKitCollectionTests.swift#testHistoricalComparisonsCollection	Linux value-type behaviour from the pinned Xcode 26.1 surface.
s:10WeatherKit21HistoricalComparisonsV8metadataAA0A8MetadataVvp	implemented	test:full/weatherkit/tests/agent/WeatherKitCollectionTests.swift#testHistoricalComparisonsCollection	Linux value-type behaviour from the pinned Xcode 26.1 surface.
s:10WeatherKit21HistoricalComparisonsVyAA0C10ComparisonOSicip	implemented	test:full/weatherkit/tests/agent/WeatherKitCollectionTests.swift#testHistoricalComparisonsCollection	Linux value-type behaviour from the pinned Xcode 26.1 surface.
s:10WeatherKit23DayPrecipitationSummaryV	implemented	test:full/weatherkit/tests/agent/WeatherKitValueTests.swift#testDayPrecipitationSummary	Linux value-type behaviour from the pinned Xcode 26.1 surface.
s:10WeatherKit23DayPrecipitationSummaryV14snowfallAmount10Foundation11MeasurementVySo12NSUnitLengthCGvp	implemented	test:full/weatherkit/tests/agent/WeatherKitValueTests.swift#testDayPrecipitationSummary	Linux value-type behaviour from the pinned Xcode 26.1 surface.
s:10WeatherKit23DayPrecipitationSummaryV19precipitationAmount10Foundation11MeasurementVySo12NSUnitLengthCGvp	implemented	test:full/weatherkit/tests/agent/WeatherKitValueTests.swift#testDayPrecipitationSummary	Linux value-type behaviour from the pinned Xcode 26.1 surface.
s:10WeatherKit23DayPrecipitationSummaryV2eeoiySbAC_ACtFZ	implemented	test:full/weatherkit/tests/agent/WeatherKitValueTests.swift#testDayPrecipitationSummary	Linux value-type behaviour from the pinned Xcode 26.1 surface.
s:10WeatherKit23DayPrecipitationSummaryV4date10Foundation4DateVvp	implemented	test:full/weatherkit/tests/agent/WeatherKitValueTests.swift#testDayPrecipitationSummary	Linux value-type behaviour from the pinned Xcode 26.1 surface.
s:10WeatherKit23DayPrecipitationSummaryV4fromACs7Decoder_p_tKcfc	implemented	test:full/weatherkit/tests/agent/WeatherKitValueTests.swift#testDayPrecipitationSummary	Linux value-type behaviour from the pinned Xcode 26.1 surface.
s:10WeatherKit23DayPrecipitationSummaryV6encode2toys7Encoder_p_tKF	implemented	test:full/weatherkit/tests/agent/WeatherKitValueTests.swift#testDayPrecipitationSummary	Linux value-type behaviour from the pinned Xcode 26.1 surface.
s:10WeatherKit24DayTemperatureStatisticsV	implemented	test:full/weatherkit/tests/agent/WeatherKitValueTests.swift#testDayTemperatureStatistics	Linux value-type behaviour from the pinned Xcode 26.1 surface.
s:10WeatherKit24DayTemperatureStatisticsV010averageLowD010Foundation11MeasurementVySo06NSUnitD0CGvp	implemented	test:full/weatherkit/tests/agent/WeatherKitValueTests.swift#testDayTemperatureStatistics	Linux value-type behaviour from the pinned Xcode 26.1 surface.
s:10WeatherKit24DayTemperatureStatisticsV011averageHighD010Foundation11MeasurementVySo06NSUnitD0CGvp	implemented	test:full/weatherkit/tests/agent/WeatherKitValueTests.swift#testDayTemperatureStatistics	Linux value-type behaviour from the pinned Xcode 26.1 surface.
s:10WeatherKit24DayTemperatureStatisticsV2eeoiySbAC_ACtFZ	implemented	test:full/weatherkit/tests/agent/WeatherKitValueTests.swift#testDayTemperatureStatistics	Linux value-type behaviour from the pinned Xcode 26.1 surface.
s:10WeatherKit24DayTemperatureStatisticsV3daySivp	implemented	test:full/weatherkit/tests/agent/WeatherKitValueTests.swift#testDayTemperatureStatistics	Linux value-type behaviour from the pinned Xcode 26.1 surface.
s:10WeatherKit24DayTemperatureStatisticsV4fromACs7Decoder_p_tKcfc	implemented	test:full/weatherkit/tests/agent/WeatherKitValueTests.swift#testDayTemperatureStatistics	Linux value-type behaviour from the pinned Xcode 26.1 surface.
s:10WeatherKit24DayTemperatureStatisticsV6encode2toys7Encoder_p_tKF	implemented	test:full/weatherkit/tests/agent/WeatherKitValueTests.swift#testDayTemperatureStatistics	Linux value-type behaviour from the pinned Xcode 26.1 surface.
s:10WeatherKit25HourTemperatureStatisticsV	implemented	test:full/weatherkit/tests/agent/WeatherKitValueTests.swift#testHourTemperatureStatistics	Linux value-type behaviour from the pinned Xcode 26.1 surface.
s:10WeatherKit25HourTemperatureStatisticsV11percentilesAA11PercentilesVySo06NSUnitD0CGvp	implemented	test:full/weatherkit/tests/agent/WeatherKitValueTests.swift#testHourTemperatureStatistics	Linux value-type behaviour from the pinned Xcode 26.1 surface.
s:10WeatherKit25HourTemperatureStatisticsV2eeoiySbAC_ACtFZ	implemented	test:full/weatherkit/tests/agent/WeatherKitValueTests.swift#testHourTemperatureStatistics	Linux value-type behaviour from the pinned Xcode 26.1 surface.
s:10WeatherKit25HourTemperatureStatisticsV4fromACs7Decoder_p_tKcfc	implemented	test:full/weatherkit/tests/agent/WeatherKitValueTests.swift#testHourTemperatureStatistics	Linux value-type behaviour from the pinned Xcode 26.1 surface.
s:10WeatherKit25HourTemperatureStatisticsV4hourSivp	implemented	test:full/weatherkit/tests/agent/WeatherKitValueTests.swift#testHourTemperatureStatistics	Linux value-type behaviour from the pinned Xcode 26.1 surface.
s:10WeatherKit25HourTemperatureStatisticsV6encode2toys7Encoder_p_tKF	implemented	test:full/weatherkit/tests/agent/WeatherKitValueTests.swift#testHourTemperatureStatistics	Linux value-type behaviour from the pinned Xcode 26.1 surface.
s:10WeatherKit25PrecipitationAmountByTypeV	implemented	test:full/weatherkit/tests/agent/WeatherKitValueTests.swift#testPrecipitationAmountByType	Linux value-type behaviour from the pinned Xcode 26.1 surface.
s:10WeatherKit25PrecipitationAmountByTypeV08snowfallD0AA08SnowfallD0Vvp	implemented	test:full/weatherkit/tests/agent/WeatherKitValueTests.swift#testPrecipitationAmountByType	Linux value-type behaviour from the pinned Xcode 26.1 surface.
s:10WeatherKit25PrecipitationAmountByTypeV13precipitation10Foundation11MeasurementVySo12NSUnitLengthCGvp	implemented	test:full/weatherkit/tests/agent/WeatherKitValueTests.swift#testPrecipitationAmountByType	Linux value-type behaviour from the pinned Xcode 26.1 surface.
s:10WeatherKit25PrecipitationAmountByTypeV2eeoiySbAC_ACtFZ	implemented	test:full/weatherkit/tests/agent/WeatherKitValueTests.swift#testPrecipitationAmountByType	Linux value-type behaviour from the pinned Xcode 26.1 surface.
s:10WeatherKit25PrecipitationAmountByTypeV4fromACs7Decoder_p_tKcfc	implemented	test:full/weatherkit/tests/agent/WeatherKitValueTests.swift#testPrecipitationAmountByType	Linux value-type behaviour from the pinned Xcode 26.1 surface.
s:10WeatherKit25PrecipitationAmountByTypeV4hail10Foundation11MeasurementVySo12NSUnitLengthCGvp	implemented	test:full/weatherkit/tests/agent/WeatherKitValueTests.swift#testPrecipitationAmountByType	Linux value-type behaviour from the pinned Xcode 26.1 surface.
s:10WeatherKit25PrecipitationAmountByTypeV5mixed10Foundation11MeasurementVySo12NSUnitLengthCGvp	implemented	test:full/weatherkit/tests/agent/WeatherKitValueTests.swift#testPrecipitationAmountByType	Linux value-type behaviour from the pinned Xcode 26.1 surface.
s:10WeatherKit25PrecipitationAmountByTypeV5sleet10Foundation11MeasurementVySo12NSUnitLengthCGvp	implemented	test:full/weatherkit/tests/agent/WeatherKitValueTests.swift#testPrecipitationAmountByType	Linux value-type behaviour from the pinned Xcode 26.1 surface.
s:10WeatherKit25PrecipitationAmountByTypeV6encode2toys7Encoder_p_tKF	implemented	test:full/weatherkit/tests/agent/WeatherKitValueTests.swift#testPrecipitationAmountByType	Linux value-type behaviour from the pinned Xcode 26.1 surface.
s:10WeatherKit25PrecipitationAmountByTypeV8rainfall10Foundation11MeasurementVySo12NSUnitLengthCGvp	implemented	test:full/weatherkit/tests/agent/WeatherKitValueTests.swift#testPrecipitationAmountByType	Linux value-type behaviour from the pinned Xcode 26.1 surface.
s:10WeatherKit26DayPrecipitationStatisticsV	implemented	test:full/weatherkit/tests/agent/WeatherKitValueTests.swift#testDayPrecipitationStatistics	Linux value-type behaviour from the pinned Xcode 26.1 surface.
s:10WeatherKit26DayPrecipitationStatisticsV07averageD11ProbabilitySdvp	implemented	test:full/weatherkit/tests/agent/WeatherKitValueTests.swift#testDayPrecipitationStatistics	Linux value-type behaviour from the pinned Xcode 26.1 surface.
s:10WeatherKit26DayPrecipitationStatisticsV07averageD6Amount10Foundation11MeasurementVySo12NSUnitLengthCGvp	implemented	test:full/weatherkit/tests/agent/WeatherKitValueTests.swift#testDayPrecipitationStatistics	Linux value-type behaviour from the pinned Xcode 26.1 surface.
s:10WeatherKit26DayPrecipitationStatisticsV21averageSnowfallAmount10Foundation11MeasurementVySo12NSUnitLengthCGvp	implemented	test:full/weatherkit/tests/agent/WeatherKitValueTests.swift#testDayPrecipitationStatistics	Linux value-type behaviour from the pinned Xcode 26.1 surface.
s:10WeatherKit26DayPrecipitationStatisticsV2eeoiySbAC_ACtFZ	implemented	test:full/weatherkit/tests/agent/WeatherKitValueTests.swift#testDayPrecipitationStatistics	Linux value-type behaviour from the pinned Xcode 26.1 surface.
s:10WeatherKit26DayPrecipitationStatisticsV3daySivp	implemented	test:full/weatherkit/tests/agent/WeatherKitValueTests.swift#testDayPrecipitationStatistics	Linux value-type behaviour from the pinned Xcode 26.1 surface.
s:10WeatherKit26DayPrecipitationStatisticsV4fromACs7Decoder_p_tKcfc	implemented	test:full/weatherkit/tests/agent/WeatherKitValueTests.swift#testDayPrecipitationStatistics	Linux value-type behaviour from the pinned Xcode 26.1 surface.
s:10WeatherKit26DayPrecipitationStatisticsV6encode2toys7Encoder_p_tKF	implemented	test:full/weatherkit/tests/agent/WeatherKitValueTests.swift#testDayPrecipitationStatistics	Linux value-type behaviour from the pinned Xcode 26.1 surface.
s:10WeatherKit26MonthTemperatureStatisticsV	implemented	test:full/weatherkit/tests/agent/WeatherKitValueTests.swift#testMonthTemperatureStatistics	Linux value-type behaviour from the pinned Xcode 26.1 surface.
s:10WeatherKit26MonthTemperatureStatisticsV010averageLowD010Foundation11MeasurementVySo06NSUnitD0CGvp	implemented	test:full/weatherkit/tests/agent/WeatherKitValueTests.swift#testMonthTemperatureStatistics	Linux value-type behaviour from the pinned Xcode 26.1 surface.
s:10WeatherKit26MonthTemperatureStatisticsV011averageHighD010Foundation11MeasurementVySo06NSUnitD0CGvp	implemented	test:full/weatherkit/tests/agent/WeatherKitValueTests.swift#testMonthTemperatureStatistics	Linux value-type behaviour from the pinned Xcode 26.1 surface.
s:10WeatherKit26MonthTemperatureStatisticsV2eeoiySbAC_ACtFZ	implemented	test:full/weatherkit/tests/agent/WeatherKitValueTests.swift#testMonthTemperatureStatistics	Linux value-type behaviour from the pinned Xcode 26.1 surface.
s:10WeatherKit26MonthTemperatureStatisticsV4fromACs7Decoder_p_tKcfc	implemented	test:full/weatherkit/tests/agent/WeatherKitValueTests.swift#testMonthTemperatureStatistics	Linux value-type behaviour from the pinned Xcode 26.1 surface.
s:10WeatherKit26MonthTemperatureStatisticsV5monthSivp	implemented	test:full/weatherkit/tests/agent/WeatherKitValueTests.swift#testMonthTemperatureStatistics	Linux value-type behaviour from the pinned Xcode 26.1 surface.
s:10WeatherKit26MonthTemperatureStatisticsV6encode2toys7Encoder_p_tKF	implemented	test:full/weatherkit/tests/agent/WeatherKitValueTests.swift#testMonthTemperatureStatistics	Linux value-type behaviour from the pinned Xcode 26.1 surface.
s:10WeatherKit28MonthPrecipitationStatisticsV	implemented	test:full/weatherkit/tests/agent/WeatherKitValueTests.swift#testMonthPrecipitationStatistics	Linux value-type behaviour from the pinned Xcode 26.1 surface.
s:10WeatherKit28MonthPrecipitationStatisticsV07averageD11ProbabilitySdvp	implemented	test:full/weatherkit/tests/agent/WeatherKitValueTests.swift#testMonthPrecipitationStatistics	Linux value-type behaviour from the pinned Xcode 26.1 surface.
s:10WeatherKit28MonthPrecipitationStatisticsV07averageD6Amount10Foundation11MeasurementVySo12NSUnitLengthCGvp	implemented	test:full/weatherkit/tests/agent/WeatherKitValueTests.swift#testMonthPrecipitationStatistics	Linux value-type behaviour from the pinned Xcode 26.1 surface.
s:10WeatherKit28MonthPrecipitationStatisticsV21averageSnowfallAmount10Foundation11MeasurementVySo12NSUnitLengthCGvp	implemented	test:full/weatherkit/tests/agent/WeatherKitValueTests.swift#testMonthPrecipitationStatistics	Linux value-type behaviour from the pinned Xcode 26.1 surface.
s:10WeatherKit28MonthPrecipitationStatisticsV2eeoiySbAC_ACtFZ	implemented	test:full/weatherkit/tests/agent/WeatherKitValueTests.swift#testMonthPrecipitationStatistics	Linux value-type behaviour from the pinned Xcode 26.1 surface.
s:10WeatherKit28MonthPrecipitationStatisticsV4fromACs7Decoder_p_tKcfc	implemented	test:full/weatherkit/tests/agent/WeatherKitValueTests.swift#testMonthPrecipitationStatistics	Linux value-type behaviour from the pinned Xcode 26.1 surface.
s:10WeatherKit28MonthPrecipitationStatisticsV5monthSivp	implemented	test:full/weatherkit/tests/agent/WeatherKitValueTests.swift#testMonthPrecipitationStatistics	Linux value-type behaviour from the pinned Xcode 26.1 surface.
s:10WeatherKit28MonthPrecipitationStatisticsV6encode2toys7Encoder_p_tKF	implemented	test:full/weatherkit/tests/agent/WeatherKitValueTests.swift#testMonthPrecipitationStatistics	Linux value-type behaviour from the pinned Xcode 26.1 surface.
s:10WeatherKit4WindV	implemented	test:full/weatherkit/tests/agent/WeatherKitCoreTests.swift#testWindCompassDirectionFromDegrees	Linux value-type behaviour from the pinned Xcode 26.1 surface.
s:10WeatherKit4WindV16CompassDirectionO	implemented	test:full/weatherkit/tests/agent/WeatherKitCoreTests.swift#testWindCompassDirectionRawValuesAndAbbreviations	Linux value-type behaviour from the pinned Xcode 26.1 surface.
s:10WeatherKit4WindV16CompassDirectionO11descriptionSSvp	implemented	test:full/weatherkit/tests/agent/WeatherKitCoreTests.swift#testWindCompassDirectionRawValuesAndAbbreviations	Linux value-type behaviour from the pinned Xcode 26.1 surface.
s:10WeatherKit4WindV16CompassDirectionO12abbreviationSSvp	implemented	test:full/weatherkit/tests/agent/WeatherKitCoreTests.swift#testWindCompassDirectionRawValuesAndAbbreviations	Linux value-type behaviour from the pinned Xcode 26.1 surface.
s:10WeatherKit4WindV16CompassDirectionO13eastNortheastyA2EmF	implemented	test:full/weatherkit/tests/agent/WeatherKitCoreTests.swift#testWindCompassDirectionRawValuesAndAbbreviations	Linux value-type behaviour from the pinned Xcode 26.1 surface.
s:10WeatherKit4WindV16CompassDirectionO13eastSoutheastyA2EmF	implemented	test:full/weatherkit/tests/agent/WeatherKitCoreTests.swift#testWindCompassDirectionRawValuesAndAbbreviations	Linux value-type behaviour from the pinned Xcode 26.1 surface.
s:10WeatherKit4WindV16CompassDirectionO13westNorthwestyA2EmF	implemented	test:full/weatherkit/tests/agent/WeatherKitCoreTests.swift#testWindCompassDirectionRawValuesAndAbbreviations	Linux value-type behaviour from the pinned Xcode 26.1 surface.
s:10WeatherKit4WindV16CompassDirectionO13westSouthwestyA2EmF	implemented	test:full/weatherkit/tests/agent/WeatherKitCoreTests.swift#testWindCompassDirectionRawValuesAndAbbreviations	Linux value-type behaviour from the pinned Xcode 26.1 surface.
s:10WeatherKit4WindV16CompassDirectionO14northNortheastyA2EmF	implemented	test:full/weatherkit/tests/agent/WeatherKitCoreTests.swift#testWindCompassDirectionRawValuesAndAbbreviations	Linux value-type behaviour from the pinned Xcode 26.1 surface.
s:10WeatherKit4WindV16CompassDirectionO14northNorthwestyA2EmF	implemented	test:full/weatherkit/tests/agent/WeatherKitCoreTests.swift#testWindCompassDirectionRawValuesAndAbbreviations	Linux value-type behaviour from the pinned Xcode 26.1 surface.
s:10WeatherKit4WindV16CompassDirectionO14southSoutheastyA2EmF	implemented	test:full/weatherkit/tests/agent/WeatherKitCoreTests.swift#testWindCompassDirectionRawValuesAndAbbreviations	Linux value-type behaviour from the pinned Xcode 26.1 surface.
s:10WeatherKit4WindV16CompassDirectionO14southSouthwestyA2EmF	implemented	test:full/weatherkit/tests/agent/WeatherKitCoreTests.swift#testWindCompassDirectionRawValuesAndAbbreviations	Linux value-type behaviour from the pinned Xcode 26.1 surface.
s:10WeatherKit4WindV16CompassDirectionO24accessibilityDescriptionSSvp	implemented	test:full/weatherkit/tests/agent/WeatherKitCoreTests.swift#testWindCompassDirectionRawValuesAndAbbreviations	Linux value-type behaviour from the pinned Xcode 26.1 surface.
s:10WeatherKit4WindV16CompassDirectionO4eastyA2EmF	implemented	test:full/weatherkit/tests/agent/WeatherKitCoreTests.swift#testWindCompassDirectionRawValuesAndAbbreviations	Linux value-type behaviour from the pinned Xcode 26.1 surface.
s:10WeatherKit4WindV16CompassDirectionO4westyA2EmF	implemented	test:full/weatherkit/tests/agent/WeatherKitCoreTests.swift#testWindCompassDirectionRawValuesAndAbbreviations	Linux value-type behaviour from the pinned Xcode 26.1 surface.
s:10WeatherKit4WindV16CompassDirectionO5northyA2EmF	implemented	test:full/weatherkit/tests/agent/WeatherKitCoreTests.swift#testWindCompassDirectionRawValuesAndAbbreviations	Linux value-type behaviour from the pinned Xcode 26.1 surface.
s:10WeatherKit4WindV16CompassDirectionO5southyA2EmF	implemented	test:full/weatherkit/tests/agent/WeatherKitCoreTests.swift#testWindCompassDirectionRawValuesAndAbbreviations	Linux value-type behaviour from the pinned Xcode 26.1 surface.
s:10WeatherKit4WindV16CompassDirectionO8AllCasesa	implemented	test:full/weatherkit/tests/agent/WeatherKitCoreTests.swift#testWindCompassDirectionRawValuesAndAbbreviations	Linux value-type behaviour from the pinned Xcode 26.1 surface.
s:10WeatherKit4WindV16CompassDirectionO8RawValuea	implemented	test:full/weatherkit/tests/agent/WeatherKitCoreTests.swift#testWindCompassDirectionRawValuesAndAbbreviations	Linux value-type behaviour from the pinned Xcode 26.1 surface.
s:10WeatherKit4WindV16CompassDirectionO8allCasesSayAEGvpZ	implemented	test:full/weatherkit/tests/agent/WeatherKitCoreTests.swift#testWindCompassDirectionRawValuesAndAbbreviations	Linux value-type behaviour from the pinned Xcode 26.1 surface.
s:10WeatherKit4WindV16CompassDirectionO8rawValueAESgSS_tcfc	implemented	test:full/weatherkit/tests/agent/WeatherKitCoreTests.swift#testWindCompassDirectionRawValuesAndAbbreviations	Linux value-type behaviour from the pinned Xcode 26.1 surface.
s:10WeatherKit4WindV16CompassDirectionO8rawValueSSvp	implemented	test:full/weatherkit/tests/agent/WeatherKitCoreTests.swift#testWindCompassDirectionRawValuesAndAbbreviations	Linux value-type behaviour from the pinned Xcode 26.1 surface.
s:10WeatherKit4WindV16CompassDirectionO9northeastyA2EmF	implemented	test:full/weatherkit/tests/agent/WeatherKitCoreTests.swift#testWindCompassDirectionRawValuesAndAbbreviations	Linux value-type behaviour from the pinned Xcode 26.1 surface.
s:10WeatherKit4WindV16CompassDirectionO9northwestyA2EmF	implemented	test:full/weatherkit/tests/agent/WeatherKitCoreTests.swift#testWindCompassDirectionRawValuesAndAbbreviations	Linux value-type behaviour from the pinned Xcode 26.1 surface.
s:10WeatherKit4WindV16CompassDirectionO9southeastyA2EmF	implemented	test:full/weatherkit/tests/agent/WeatherKitCoreTests.swift#testWindCompassDirectionRawValuesAndAbbreviations	Linux value-type behaviour from the pinned Xcode 26.1 surface.
s:10WeatherKit4WindV16CompassDirectionO9southwestyA2EmF	implemented	test:full/weatherkit/tests/agent/WeatherKitCoreTests.swift#testWindCompassDirectionRawValuesAndAbbreviations	Linux value-type behaviour from the pinned Xcode 26.1 surface.
s:10WeatherKit4WindV16compassDirectionAC07CompassE0Ovp	implemented	test:full/weatherkit/tests/agent/WeatherKitCoreTests.swift#testWindCompassDirectionFromDegrees	Linux value-type behaviour from the pinned Xcode 26.1 surface.
s:10WeatherKit4WindV2eeoiySbAC_ACtFZ	implemented	test:full/weatherkit/tests/agent/WeatherKitCoreTests.swift#testWindCompassDirectionFromDegrees	Linux value-type behaviour from the pinned Xcode 26.1 surface.
s:10WeatherKit4WindV4fromACs7Decoder_p_tKcfc	implemented	test:full/weatherkit/tests/agent/WeatherKitCoreTests.swift#testWindCompassDirectionFromDegrees	Linux value-type behaviour from the pinned Xcode 26.1 surface.
s:10WeatherKit4WindV4gust10Foundation11MeasurementVySo11NSUnitSpeedCGSgvp	implemented	test:full/weatherkit/tests/agent/WeatherKitCoreTests.swift#testWindCompassDirectionFromDegrees	Linux value-type behaviour from the pinned Xcode 26.1 surface.
s:10WeatherKit4WindV5speed10Foundation11MeasurementVySo11NSUnitSpeedCGvp	implemented	test:full/weatherkit/tests/agent/WeatherKitCoreTests.swift#testWindCompassDirectionFromDegrees	Linux value-type behaviour from the pinned Xcode 26.1 surface.
s:10WeatherKit4WindV6encode2toys7Encoder_p_tKF	implemented	test:full/weatherkit/tests/agent/WeatherKitCoreTests.swift#testWindCompassDirectionFromDegrees	Linux value-type behaviour from the pinned Xcode 26.1 surface.
s:10WeatherKit4WindV9direction10Foundation11MeasurementVySo11NSUnitAngleCGvp	implemented	test:full/weatherkit/tests/agent/WeatherKitCoreTests.swift#testWindCompassDirectionFromDegrees	Linux value-type behaviour from the pinned Xcode 26.1 surface.
s:10WeatherKit5TrendV	implemented	test:full/weatherkit/tests/agent/WeatherKitValueTests.swift#testTrendAndBaseline	Linux value-type behaviour from the pinned Xcode 26.1 surface.
s:10WeatherKit5TrendV12currentValue10Foundation11MeasurementVyxGvp	implemented	test:full/weatherkit/tests/agent/WeatherKitValueTests.swift#testTrendAndBaseline	Linux value-type behaviour from the pinned Xcode 26.1 surface.
s:10WeatherKit5TrendV2eeoiySbACyxG_AEtFZ	implemented	test:full/weatherkit/tests/agent/WeatherKitValueTests.swift#testTrendAndBaseline	Linux value-type behaviour from the pinned Xcode 26.1 surface.
s:10WeatherKit5TrendV4fromACyxGs7Decoder_p_tKcfc	implemented	test:full/weatherkit/tests/agent/WeatherKitValueTests.swift#testTrendAndBaseline	Linux value-type behaviour from the pinned Xcode 26.1 surface.
s:10WeatherKit5TrendV6encode2toys7Encoder_p_tKF	implemented	test:full/weatherkit/tests/agent/WeatherKitValueTests.swift#testTrendAndBaseline	Linux value-type behaviour from the pinned Xcode 26.1 surface.
s:10WeatherKit5TrendV8baselineAA0C8BaselineVyxGvp	implemented	test:full/weatherkit/tests/agent/WeatherKitValueTests.swift#testTrendAndBaseline	Linux value-type behaviour from the pinned Xcode 26.1 surface.
s:10WeatherKit5TrendV9deviationAA9DeviationOvp	implemented	test:full/weatherkit/tests/agent/WeatherKitValueTests.swift#testTrendAndBaseline	Linux value-type behaviour from the pinned Xcode 26.1 surface.
s:10WeatherKit7UVIndexV	implemented	test:full/weatherkit/tests/agent/WeatherKitCoreTests.swift#testUVIndexCategoryFromValue	Linux value-type behaviour from the pinned Xcode 26.1 surface.
s:10WeatherKit7UVIndexV16ExposureCategoryO	implemented	test:full/weatherkit/tests/agent/WeatherKitCoreTests.swift#testUVIndexExposureCategoryRawValuesRangesAndOrder	Linux value-type behaviour from the pinned Xcode 26.1 surface.
s:10WeatherKit7UVIndexV16ExposureCategoryO10rangeValueSNySiGvp	implemented	test:full/weatherkit/tests/agent/WeatherKitCoreTests.swift#testUVIndexExposureCategoryRawValuesRangesAndOrder	Linux value-type behaviour from the pinned Xcode 26.1 surface.
s:10WeatherKit7UVIndexV16ExposureCategoryO11descriptionSSvp	implemented	test:full/weatherkit/tests/agent/WeatherKitCoreTests.swift#testUVIndexExposureCategoryRawValuesRangesAndOrder	Linux value-type behaviour from the pinned Xcode 26.1 surface.
s:10WeatherKit7UVIndexV16ExposureCategoryO1loiySbAE_AEtFZ	implemented	test:full/weatherkit/tests/agent/WeatherKitCoreTests.swift#testUVIndexExposureCategoryRawValuesRangesAndOrder	Linux value-type behaviour from the pinned Xcode 26.1 surface.
s:10WeatherKit7UVIndexV16ExposureCategoryO24accessibilityDescriptionSSvp	implemented	test:full/weatherkit/tests/agent/WeatherKitCoreTests.swift#testUVIndexExposureCategoryRawValuesRangesAndOrder	Linux value-type behaviour from the pinned Xcode 26.1 surface.
s:10WeatherKit7UVIndexV16ExposureCategoryO3lowyA2EmF	implemented	test:full/weatherkit/tests/agent/WeatherKitCoreTests.swift#testUVIndexExposureCategoryRawValuesRangesAndOrder	Linux value-type behaviour from the pinned Xcode 26.1 surface.
s:10WeatherKit7UVIndexV16ExposureCategoryO4highyA2EmF	implemented	test:full/weatherkit/tests/agent/WeatherKitCoreTests.swift#testUVIndexExposureCategoryRawValuesRangesAndOrder	Linux value-type behaviour from the pinned Xcode 26.1 surface.
s:10WeatherKit7UVIndexV16ExposureCategoryO7extremeyA2EmF	implemented	test:full/weatherkit/tests/agent/WeatherKitCoreTests.swift#testUVIndexExposureCategoryRawValuesRangesAndOrder	Linux value-type behaviour from the pinned Xcode 26.1 surface.
s:10WeatherKit7UVIndexV16ExposureCategoryO8AllCasesa	implemented	test:full/weatherkit/tests/agent/WeatherKitCoreTests.swift#testUVIndexExposureCategoryRawValuesRangesAndOrder	Linux value-type behaviour from the pinned Xcode 26.1 surface.
s:10WeatherKit7UVIndexV16ExposureCategoryO8RawValuea	implemented	test:full/weatherkit/tests/agent/WeatherKitCoreTests.swift#testUVIndexExposureCategoryRawValuesRangesAndOrder	Linux value-type behaviour from the pinned Xcode 26.1 surface.
s:10WeatherKit7UVIndexV16ExposureCategoryO8allCasesSayAEGvpZ	implemented	test:full/weatherkit/tests/agent/WeatherKitCoreTests.swift#testUVIndexExposureCategoryRawValuesRangesAndOrder	Linux value-type behaviour from the pinned Xcode 26.1 surface.
s:10WeatherKit7UVIndexV16ExposureCategoryO8moderateyA2EmF	implemented	test:full/weatherkit/tests/agent/WeatherKitCoreTests.swift#testUVIndexExposureCategoryRawValuesRangesAndOrder	Linux value-type behaviour from the pinned Xcode 26.1 surface.
s:10WeatherKit7UVIndexV16ExposureCategoryO8rawValueAESgSS_tcfc	implemented	test:full/weatherkit/tests/agent/WeatherKitCoreTests.swift#testUVIndexExposureCategoryRawValuesRangesAndOrder	Linux value-type behaviour from the pinned Xcode 26.1 surface.
s:10WeatherKit7UVIndexV16ExposureCategoryO8rawValueSSvp	implemented	test:full/weatherkit/tests/agent/WeatherKitCoreTests.swift#testUVIndexExposureCategoryRawValuesRangesAndOrder	Linux value-type behaviour from the pinned Xcode 26.1 surface.
s:10WeatherKit7UVIndexV16ExposureCategoryO8veryHighyA2EmF	implemented	test:full/weatherkit/tests/agent/WeatherKitCoreTests.swift#testUVIndexExposureCategoryRawValuesRangesAndOrder	Linux value-type behaviour from the pinned Xcode 26.1 surface.
s:10WeatherKit7UVIndexV2eeoiySbAC_ACtFZ	implemented	test:full/weatherkit/tests/agent/WeatherKitCoreTests.swift#testUVIndexCategoryFromValue	Linux value-type behaviour from the pinned Xcode 26.1 surface.
s:10WeatherKit7UVIndexV4fromACs7Decoder_p_tKcfc	implemented	test:full/weatherkit/tests/agent/WeatherKitCoreTests.swift#testUVIndexCategoryFromValue	Linux value-type behaviour from the pinned Xcode 26.1 surface.
s:10WeatherKit7UVIndexV5valueSivp	implemented	test:full/weatherkit/tests/agent/WeatherKitCoreTests.swift#testUVIndexCategoryFromValue	Linux value-type behaviour from the pinned Xcode 26.1 surface.
s:10WeatherKit7UVIndexV6encode2toys7Encoder_p_tKF	implemented	test:full/weatherkit/tests/agent/WeatherKitCoreTests.swift#testUVIndexCategoryFromValue	Linux value-type behaviour from the pinned Xcode 26.1 surface.
s:10WeatherKit7UVIndexV8categoryAC16ExposureCategoryOvp	implemented	test:full/weatherkit/tests/agent/WeatherKitCoreTests.swift#testUVIndexCategoryFromValue	Linux value-type behaviour from the pinned Xcode 26.1 surface.
s:10WeatherKit8ForecastV	implemented	test:full/weatherkit/tests/agent/WeatherKitCollectionTests.swift#testForecastCollectionAndCodable	Linux value-type behaviour from the pinned Xcode 26.1 surface.
s:10WeatherKit8ForecastV10startIndexSivp	implemented	test:full/weatherkit/tests/agent/WeatherKitCollectionTests.swift#testForecastCollectionAndCodable	Linux value-type behaviour from the pinned Xcode 26.1 surface.
s:10WeatherKit8ForecastV11SubSequencea	implemented	test:full/weatherkit/tests/agent/WeatherKitCollectionTests.swift#testForecastCollectionAndCodable	Linux value-type behaviour from the pinned Xcode 26.1 surface.
s:10WeatherKit8ForecastV2eeoiySbACyAA06MinuteA0VG_AGtFZ	implemented	test:full/weatherkit/tests/agent/WeatherKitCollectionTests.swift#testForecastCollectionAndCodable	Linux value-type behaviour from the pinned Xcode 26.1 surface.
s:10WeatherKit8ForecastV2eeoiySbACyxG_AEtFZ	implemented	test:full/weatherkit/tests/agent/WeatherKitCollectionTests.swift#testForecastCollectionAndCodable	Linux value-type behaviour from the pinned Xcode 26.1 surface.
s:10WeatherKit8ForecastV4fromACyxGs7Decoder_p_tKcfc	implemented	test:full/weatherkit/tests/agent/WeatherKitCollectionTests.swift#testForecastCollectionAndCodable	Linux value-type behaviour from the pinned Xcode 26.1 surface.
s:10WeatherKit8ForecastV5Indexa	implemented	test:full/weatherkit/tests/agent/WeatherKitCollectionTests.swift#testForecastCollectionAndCodable	Linux value-type behaviour from the pinned Xcode 26.1 surface.
s:10WeatherKit8ForecastV6encode2toys7Encoder_p_tKF	implemented	test:full/weatherkit/tests/agent/WeatherKitCollectionTests.swift#testForecastCollectionAndCodable	Linux value-type behaviour from the pinned Xcode 26.1 surface.
s:10WeatherKit8ForecastV7Indicesa	implemented	test:full/weatherkit/tests/agent/WeatherKitCollectionTests.swift#testForecastCollectionAndCodable	Linux value-type behaviour from the pinned Xcode 26.1 surface.
s:10WeatherKit8ForecastV8Iteratora	implemented	test:full/weatherkit/tests/agent/WeatherKitCollectionTests.swift#testForecastCollectionAndCodable	Linux value-type behaviour from the pinned Xcode 26.1 surface.
s:10WeatherKit8ForecastV8endIndexSivp	implemented	test:full/weatherkit/tests/agent/WeatherKitCollectionTests.swift#testForecastCollectionAndCodable	Linux value-type behaviour from the pinned Xcode 26.1 surface.
s:10WeatherKit8ForecastV8forecastSayxGvp	implemented	test:full/weatherkit/tests/agent/WeatherKitCollectionTests.swift#testForecastCollectionAndCodable	Linux value-type behaviour from the pinned Xcode 26.1 surface.
s:10WeatherKit8ForecastV8metadataAA0A8MetadataVvp	implemented	test:full/weatherkit/tests/agent/WeatherKitCollectionTests.swift#testForecastCollectionAndCodable	Linux value-type behaviour from the pinned Xcode 26.1 surface.
s:10WeatherKit8ForecastVA2A03DayA0VRszrlE4fromACyAEGs7Decoder_p_tKcfc	implemented	test:full/weatherkit/tests/agent/WeatherKitCollectionTests.swift#testForecastCollectionAndCodable	Linux value-type behaviour from the pinned Xcode 26.1 surface.
s:10WeatherKit8ForecastVA2A03DayA0VRszrlE6encode2toys7Encoder_p_tKF	implemented	test:full/weatherkit/tests/agent/WeatherKitCollectionTests.swift#testForecastCollectionAndCodable	Linux value-type behaviour from the pinned Xcode 26.1 surface.
s:10WeatherKit8ForecastVA2A04HourA0VRszrlE4fromACyAEGs7Decoder_p_tKcfc	implemented	test:full/weatherkit/tests/agent/WeatherKitCollectionTests.swift#testForecastCollectionAndCodable	Linux value-type behaviour from the pinned Xcode 26.1 surface.
s:10WeatherKit8ForecastVA2A04HourA0VRszrlE6encode2toys7Encoder_p_tKF	implemented	test:full/weatherkit/tests/agent/WeatherKitCollectionTests.swift#testForecastCollectionAndCodable	Linux value-type behaviour from the pinned Xcode 26.1 surface.
s:10WeatherKit8ForecastVA2A06MinuteA0VRszrlE7summarySSvp	implemented	test:full/weatherkit/tests/agent/WeatherKitCollectionTests.swift#testForecastCollectionAndCodable	Linux value-type behaviour from the pinned Xcode 26.1 surface.
s:10WeatherKit8ForecastVyxSicip	implemented	test:full/weatherkit/tests/agent/WeatherKitCollectionTests.swift#testForecastCollectionAndCodable	Linux value-type behaviour from the pinned Xcode 26.1 surface.
s:10WeatherKit9DeviationO	implemented	test:full/weatherkit/tests/agent/WeatherKitEnumTests.swift#testDeviationCases	Linux value-type behaviour from the pinned Xcode 26.1 surface.
s:10WeatherKit9DeviationO10muchHigheryA2CmF	implemented	test:full/weatherkit/tests/agent/WeatherKitEnumTests.swift#testDeviationCases	Linux value-type behaviour from the pinned Xcode 26.1 surface.
s:10WeatherKit9DeviationO2eeoiySbAC_ACtFZ	implemented	test:full/weatherkit/tests/agent/WeatherKitEnumTests.swift#testDeviationCases	Linux value-type behaviour from the pinned Xcode 26.1 surface.
s:10WeatherKit9DeviationO4fromACs7Decoder_p_tKcfc	implemented	test:full/weatherkit/tests/agent/WeatherKitEnumTests.swift#testDeviationCases	Linux value-type behaviour from the pinned Xcode 26.1 surface.
s:10WeatherKit9DeviationO4hash4intoys6HasherVz_tF	implemented	test:full/weatherkit/tests/agent/WeatherKitEnumTests.swift#testDeviationCases	Linux value-type behaviour from the pinned Xcode 26.1 surface.
s:10WeatherKit9DeviationO5loweryA2CmF	implemented	test:full/weatherkit/tests/agent/WeatherKitEnumTests.swift#testDeviationCases	Linux value-type behaviour from the pinned Xcode 26.1 surface.
s:10WeatherKit9DeviationO6encode2toys7Encoder_p_tKF	implemented	test:full/weatherkit/tests/agent/WeatherKitEnumTests.swift#testDeviationCases	Linux value-type behaviour from the pinned Xcode 26.1 surface.
s:10WeatherKit9DeviationO6higheryA2CmF	implemented	test:full/weatherkit/tests/agent/WeatherKitEnumTests.swift#testDeviationCases	Linux value-type behaviour from the pinned Xcode 26.1 surface.
s:10WeatherKit9DeviationO6normalyA2CmF	implemented	test:full/weatherkit/tests/agent/WeatherKitEnumTests.swift#testDeviationCases	Linux value-type behaviour from the pinned Xcode 26.1 surface.
s:10WeatherKit9DeviationO9hashValueSivp	implemented	test:full/weatherkit/tests/agent/WeatherKitEnumTests.swift#testDeviationCases	Linux value-type behaviour from the pinned Xcode 26.1 surface.
s:10WeatherKit9DeviationO9muchLoweryA2CmF	implemented	test:full/weatherkit/tests/agent/WeatherKitEnumTests.swift#testDeviationCases	Linux value-type behaviour from the pinned Xcode 26.1 surface.
s:10WeatherKit9MoonPhaseO	implemented	test:full/weatherkit/tests/agent/WeatherKitEnumTests.swift#testMoonPhaseRawValuesSymbolsAndDescriptions	Linux value-type behaviour from the pinned Xcode 26.1 surface.
s:10WeatherKit9MoonPhaseO10symbolNameSSvp	implemented	test:full/weatherkit/tests/agent/WeatherKitEnumTests.swift#testMoonPhaseRawValuesSymbolsAndDescriptions	Linux value-type behaviour from the pinned Xcode 26.1 surface.
s:10WeatherKit9MoonPhaseO11descriptionSSvp	implemented	test:full/weatherkit/tests/agent/WeatherKitEnumTests.swift#testMoonPhaseRawValuesSymbolsAndDescriptions	Linux value-type behaviour from the pinned Xcode 26.1 surface.
s:10WeatherKit9MoonPhaseO11lastQuarteryA2CmF	implemented	test:full/weatherkit/tests/agent/WeatherKitEnumTests.swift#testMoonPhaseRawValuesSymbolsAndDescriptions	Linux value-type behaviour from the pinned Xcode 26.1 surface.
s:10WeatherKit9MoonPhaseO12firstQuarteryA2CmF	implemented	test:full/weatherkit/tests/agent/WeatherKitEnumTests.swift#testMoonPhaseRawValuesSymbolsAndDescriptions	Linux value-type behaviour from the pinned Xcode 26.1 surface.
s:10WeatherKit9MoonPhaseO13waningGibbousyA2CmF	implemented	test:full/weatherkit/tests/agent/WeatherKitEnumTests.swift#testMoonPhaseRawValuesSymbolsAndDescriptions	Linux value-type behaviour from the pinned Xcode 26.1 surface.
s:10WeatherKit9MoonPhaseO13waxingGibbousyA2CmF	implemented	test:full/weatherkit/tests/agent/WeatherKitEnumTests.swift#testMoonPhaseRawValuesSymbolsAndDescriptions	Linux value-type behaviour from the pinned Xcode 26.1 surface.
s:10WeatherKit9MoonPhaseO14waningCrescentyA2CmF	implemented	test:full/weatherkit/tests/agent/WeatherKitEnumTests.swift#testMoonPhaseRawValuesSymbolsAndDescriptions	Linux value-type behaviour from the pinned Xcode 26.1 surface.
s:10WeatherKit9MoonPhaseO14waxingCrescentyA2CmF	implemented	test:full/weatherkit/tests/agent/WeatherKitEnumTests.swift#testMoonPhaseRawValuesSymbolsAndDescriptions	Linux value-type behaviour from the pinned Xcode 26.1 surface.
s:10WeatherKit9MoonPhaseO24accessibilityDescriptionSSvp	implemented	test:full/weatherkit/tests/agent/WeatherKitEnumTests.swift#testMoonPhaseRawValuesSymbolsAndDescriptions	Linux value-type behaviour from the pinned Xcode 26.1 surface.
s:10WeatherKit9MoonPhaseO3newyA2CmF	implemented	test:full/weatherkit/tests/agent/WeatherKitEnumTests.swift#testMoonPhaseRawValuesSymbolsAndDescriptions	Linux value-type behaviour from the pinned Xcode 26.1 surface.
s:10WeatherKit9MoonPhaseO4fullyA2CmF	implemented	test:full/weatherkit/tests/agent/WeatherKitEnumTests.swift#testMoonPhaseRawValuesSymbolsAndDescriptions	Linux value-type behaviour from the pinned Xcode 26.1 surface.
s:10WeatherKit9MoonPhaseO8AllCasesa	implemented	test:full/weatherkit/tests/agent/WeatherKitEnumTests.swift#testMoonPhaseRawValuesSymbolsAndDescriptions	Linux value-type behaviour from the pinned Xcode 26.1 surface.
s:10WeatherKit9MoonPhaseO8RawValuea	implemented	test:full/weatherkit/tests/agent/WeatherKitEnumTests.swift#testMoonPhaseRawValuesSymbolsAndDescriptions	Linux value-type behaviour from the pinned Xcode 26.1 surface.
s:10WeatherKit9MoonPhaseO8allCasesSayACGvpZ	implemented	test:full/weatherkit/tests/agent/WeatherKitEnumTests.swift#testMoonPhaseRawValuesSymbolsAndDescriptions	Linux value-type behaviour from the pinned Xcode 26.1 surface.
s:10WeatherKit9MoonPhaseO8rawValueACSgSS_tcfc	implemented	test:full/weatherkit/tests/agent/WeatherKitEnumTests.swift#testMoonPhaseRawValuesSymbolsAndDescriptions	Linux value-type behaviour from the pinned Xcode 26.1 surface.
s:10WeatherKit9MoonPhaseO8rawValueSSvp	implemented	test:full/weatherkit/tests/agent/WeatherKitEnumTests.swift#testMoonPhaseRawValuesSymbolsAndDescriptions	Linux value-type behaviour from the pinned Xcode 26.1 surface.
s:10WeatherKit9SunEventsV	implemented	test:full/weatherkit/tests/agent/WeatherKitValueTests.swift#testSunEvents	Linux value-type behaviour from the pinned Xcode 26.1 surface.
s:10WeatherKit9SunEventsV12nauticalDawn10Foundation4DateVSgvp	implemented	test:full/weatherkit/tests/agent/WeatherKitValueTests.swift#testSunEvents	Linux value-type behaviour from the pinned Xcode 26.1 surface.
s:10WeatherKit9SunEventsV12nauticalDusk10Foundation4DateVSgvp	implemented	test:full/weatherkit/tests/agent/WeatherKitValueTests.swift#testSunEvents	Linux value-type behaviour from the pinned Xcode 26.1 surface.
s:10WeatherKit9SunEventsV13solarMidnight10Foundation4DateVSgvp	implemented	test:full/weatherkit/tests/agent/WeatherKitValueTests.swift#testSunEvents	Linux value-type behaviour from the pinned Xcode 26.1 surface.
s:10WeatherKit9SunEventsV16astronomicalDawn10Foundation4DateVSgvp	implemented	test:full/weatherkit/tests/agent/WeatherKitValueTests.swift#testSunEvents	Linux value-type behaviour from the pinned Xcode 26.1 surface.
s:10WeatherKit9SunEventsV16astronomicalDusk10Foundation4DateVSgvp	implemented	test:full/weatherkit/tests/agent/WeatherKitValueTests.swift#testSunEvents	Linux value-type behaviour from the pinned Xcode 26.1 surface.
s:10WeatherKit9SunEventsV2eeoiySbAC_ACtFZ	implemented	test:full/weatherkit/tests/agent/WeatherKitValueTests.swift#testSunEvents	Linux value-type behaviour from the pinned Xcode 26.1 surface.
s:10WeatherKit9SunEventsV4fromACs7Decoder_p_tKcfc	implemented	test:full/weatherkit/tests/agent/WeatherKitValueTests.swift#testSunEvents	Linux value-type behaviour from the pinned Xcode 26.1 surface.
s:10WeatherKit9SunEventsV6encode2toys7Encoder_p_tKF	implemented	test:full/weatherkit/tests/agent/WeatherKitValueTests.swift#testSunEvents	Linux value-type behaviour from the pinned Xcode 26.1 surface.
s:10WeatherKit9SunEventsV6sunset10Foundation4DateVSgvp	implemented	test:full/weatherkit/tests/agent/WeatherKitValueTests.swift#testSunEvents	Linux value-type behaviour from the pinned Xcode 26.1 surface.
s:10WeatherKit9SunEventsV7sunrise10Foundation4DateVSgvp	implemented	test:full/weatherkit/tests/agent/WeatherKitValueTests.swift#testSunEvents	Linux value-type behaviour from the pinned Xcode 26.1 surface.
s:10WeatherKit9SunEventsV9civilDawn10Foundation4DateVSgvp	implemented	test:full/weatherkit/tests/agent/WeatherKitValueTests.swift#testSunEvents	Linux value-type behaviour from the pinned Xcode 26.1 surface.
s:10WeatherKit9SunEventsV9civilDusk10Foundation4DateVSgvp	implemented	test:full/weatherkit/tests/agent/WeatherKitValueTests.swift#testSunEvents	Linux value-type behaviour from the pinned Xcode 26.1 surface.
s:10WeatherKit9SunEventsV9solarNoon10Foundation4DateVSgvp	implemented	test:full/weatherkit/tests/agent/WeatherKitValueTests.swift#testSunEvents	Linux value-type behaviour from the pinned Xcode 26.1 surface.
s:SK17_StringProcessingSL7ElementRpzrlE10firstRange2ofSny5IndexQzGSgqd___tSlRd__ABQyd__ACRSlF::SYNTHESIZED::s:10WeatherKit05DailyA10StatisticsV	deferred		Swift Sequence/Collection protocol witness inherited from RandomAccessCollection; not a distinct WeatherKit-owned implementation.
s:SK17_StringProcessingSL7ElementRpzrlE10firstRange2ofSny5IndexQzGSgqd___tSlRd__ABQyd__ACRSlF::SYNTHESIZED::s:10WeatherKit05DailyA7SummaryV	deferred		Swift Sequence/Collection protocol witness inherited from RandomAccessCollection; not a distinct WeatherKit-owned implementation.
s:SK17_StringProcessingSL7ElementRpzrlE10firstRange2ofSny5IndexQzGSgqd___tSlRd__ABQyd__ACRSlF::SYNTHESIZED::s:10WeatherKit06HourlyA10StatisticsV	deferred		Swift Sequence/Collection protocol witness inherited from RandomAccessCollection; not a distinct WeatherKit-owned implementation.
s:SK17_StringProcessingSL7ElementRpzrlE10firstRange2ofSny5IndexQzGSgqd___tSlRd__ABQyd__ACRSlF::SYNTHESIZED::s:10WeatherKit07MonthlyA10StatisticsV	deferred		Swift Sequence/Collection protocol witness inherited from RandomAccessCollection; not a distinct WeatherKit-owned implementation.
s:SK17_StringProcessingSL7ElementRpzrlE10firstRange2ofSny5IndexQzGSgqd___tSlRd__ABQyd__ACRSlF::SYNTHESIZED::s:10WeatherKit8ForecastV	deferred		Swift Sequence/Collection protocol witness inherited from RandomAccessCollection; not a distinct WeatherKit-owned implementation.
s:SKsE10difference4from2bys20CollectionDifferenceVy7ElementQzGqd___SbAG_AGtXEtSKRd__AFQyd__AGRSlF::SYNTHESIZED::s:10WeatherKit05DailyA10StatisticsV	deferred		Swift Sequence/Collection protocol witness inherited from RandomAccessCollection; not a distinct WeatherKit-owned implementation.
s:SKsE10difference4from2bys20CollectionDifferenceVy7ElementQzGqd___SbAG_AGtXEtSKRd__AFQyd__AGRSlF::SYNTHESIZED::s:10WeatherKit05DailyA7SummaryV	deferred		Swift Sequence/Collection protocol witness inherited from RandomAccessCollection; not a distinct WeatherKit-owned implementation.
s:SKsE10difference4from2bys20CollectionDifferenceVy7ElementQzGqd___SbAG_AGtXEtSKRd__AFQyd__AGRSlF::SYNTHESIZED::s:10WeatherKit06HourlyA10StatisticsV	deferred		Swift Sequence/Collection protocol witness inherited from RandomAccessCollection; not a distinct WeatherKit-owned implementation.
s:SKsE10difference4from2bys20CollectionDifferenceVy7ElementQzGqd___SbAG_AGtXEtSKRd__AFQyd__AGRSlF::SYNTHESIZED::s:10WeatherKit07MonthlyA10StatisticsV	deferred		Swift Sequence/Collection protocol witness inherited from RandomAccessCollection; not a distinct WeatherKit-owned implementation.
s:SKsE10difference4from2bys20CollectionDifferenceVy7ElementQzGqd___SbAG_AGtXEtSKRd__AFQyd__AGRSlF::SYNTHESIZED::s:10WeatherKit0A7ChangesV	deferred		Swift Sequence/Collection protocol witness inherited from RandomAccessCollection; not a distinct WeatherKit-owned implementation.
s:SKsE10difference4from2bys20CollectionDifferenceVy7ElementQzGqd___SbAG_AGtXEtSKRd__AFQyd__AGRSlF::SYNTHESIZED::s:10WeatherKit21HistoricalComparisonsV	deferred		Swift Sequence/Collection protocol witness inherited from RandomAccessCollection; not a distinct WeatherKit-owned implementation.
s:SKsE10difference4from2bys20CollectionDifferenceVy7ElementQzGqd___SbAG_AGtXEtSKRd__AFQyd__AGRSlF::SYNTHESIZED::s:10WeatherKit8ForecastV	deferred		Swift Sequence/Collection protocol witness inherited from RandomAccessCollection; not a distinct WeatherKit-owned implementation.
s:SKsE4last5where7ElementQzSgSbADKXE_tKF::SYNTHESIZED::s:10WeatherKit05DailyA10StatisticsV	deferred		Swift Sequence/Collection protocol witness inherited from RandomAccessCollection; not a distinct WeatherKit-owned implementation.
s:SKsE4last5where7ElementQzSgSbADKXE_tKF::SYNTHESIZED::s:10WeatherKit05DailyA7SummaryV	deferred		Swift Sequence/Collection protocol witness inherited from RandomAccessCollection; not a distinct WeatherKit-owned implementation.
s:SKsE4last5where7ElementQzSgSbADKXE_tKF::SYNTHESIZED::s:10WeatherKit06HourlyA10StatisticsV	deferred		Swift Sequence/Collection protocol witness inherited from RandomAccessCollection; not a distinct WeatherKit-owned implementation.
s:SKsE4last5where7ElementQzSgSbADKXE_tKF::SYNTHESIZED::s:10WeatherKit07MonthlyA10StatisticsV	deferred		Swift Sequence/Collection protocol witness inherited from RandomAccessCollection; not a distinct WeatherKit-owned implementation.
s:SKsE4last5where7ElementQzSgSbADKXE_tKF::SYNTHESIZED::s:10WeatherKit0A7ChangesV	deferred		Swift Sequence/Collection protocol witness inherited from RandomAccessCollection; not a distinct WeatherKit-owned implementation.
s:SKsE4last5where7ElementQzSgSbADKXE_tKF::SYNTHESIZED::s:10WeatherKit21HistoricalComparisonsV	deferred		Swift Sequence/Collection protocol witness inherited from RandomAccessCollection; not a distinct WeatherKit-owned implementation.
s:SKsE4last5where7ElementQzSgSbADKXE_tKF::SYNTHESIZED::s:10WeatherKit8ForecastV	deferred		Swift Sequence/Collection protocol witness inherited from RandomAccessCollection; not a distinct WeatherKit-owned implementation.
s:SKsE4last7ElementQzSgvp::SYNTHESIZED::s:10WeatherKit05DailyA10StatisticsV	deferred		Swift Sequence/Collection protocol witness inherited from RandomAccessCollection; not a distinct WeatherKit-owned implementation.
s:SKsE4last7ElementQzSgvp::SYNTHESIZED::s:10WeatherKit05DailyA7SummaryV	deferred		Swift Sequence/Collection protocol witness inherited from RandomAccessCollection; not a distinct WeatherKit-owned implementation.
s:SKsE4last7ElementQzSgvp::SYNTHESIZED::s:10WeatherKit06HourlyA10StatisticsV	deferred		Swift Sequence/Collection protocol witness inherited from RandomAccessCollection; not a distinct WeatherKit-owned implementation.
s:SKsE4last7ElementQzSgvp::SYNTHESIZED::s:10WeatherKit07MonthlyA10StatisticsV	deferred		Swift Sequence/Collection protocol witness inherited from RandomAccessCollection; not a distinct WeatherKit-owned implementation.
s:SKsE4last7ElementQzSgvp::SYNTHESIZED::s:10WeatherKit0A7ChangesV	deferred		Swift Sequence/Collection protocol witness inherited from RandomAccessCollection; not a distinct WeatherKit-owned implementation.
s:SKsE4last7ElementQzSgvp::SYNTHESIZED::s:10WeatherKit21HistoricalComparisonsV	deferred		Swift Sequence/Collection protocol witness inherited from RandomAccessCollection; not a distinct WeatherKit-owned implementation.
s:SKsE4last7ElementQzSgvp::SYNTHESIZED::s:10WeatherKit8ForecastV	implemented	test:full/weatherkit/tests/agent/WeatherKitCollectionTests.swift#testForecastCollectionAndCodable	Exercised inherited RandomAccessCollection/Sequence member on the Linux value type.
s:SKsE6suffixy11SubSequenceQzSiF::SYNTHESIZED::s:10WeatherKit05DailyA10StatisticsV	deferred		Swift Sequence/Collection protocol witness inherited from RandomAccessCollection; not a distinct WeatherKit-owned implementation.
s:SKsE6suffixy11SubSequenceQzSiF::SYNTHESIZED::s:10WeatherKit05DailyA7SummaryV	deferred		Swift Sequence/Collection protocol witness inherited from RandomAccessCollection; not a distinct WeatherKit-owned implementation.
s:SKsE6suffixy11SubSequenceQzSiF::SYNTHESIZED::s:10WeatherKit06HourlyA10StatisticsV	deferred		Swift Sequence/Collection protocol witness inherited from RandomAccessCollection; not a distinct WeatherKit-owned implementation.
s:SKsE6suffixy11SubSequenceQzSiF::SYNTHESIZED::s:10WeatherKit07MonthlyA10StatisticsV	deferred		Swift Sequence/Collection protocol witness inherited from RandomAccessCollection; not a distinct WeatherKit-owned implementation.
s:SKsE6suffixy11SubSequenceQzSiF::SYNTHESIZED::s:10WeatherKit0A7ChangesV	deferred		Swift Sequence/Collection protocol witness inherited from RandomAccessCollection; not a distinct WeatherKit-owned implementation.
s:SKsE6suffixy11SubSequenceQzSiF::SYNTHESIZED::s:10WeatherKit21HistoricalComparisonsV	deferred		Swift Sequence/Collection protocol witness inherited from RandomAccessCollection; not a distinct WeatherKit-owned implementation.
s:SKsE6suffixy11SubSequenceQzSiF::SYNTHESIZED::s:10WeatherKit8ForecastV	deferred		Swift Sequence/Collection protocol witness inherited from RandomAccessCollection; not a distinct WeatherKit-owned implementation.
s:SKsE8dropLasty11SubSequenceQzSiF::SYNTHESIZED::s:10WeatherKit05DailyA10StatisticsV	deferred		Swift Sequence/Collection protocol witness inherited from RandomAccessCollection; not a distinct WeatherKit-owned implementation.
s:SKsE8dropLasty11SubSequenceQzSiF::SYNTHESIZED::s:10WeatherKit05DailyA7SummaryV	deferred		Swift Sequence/Collection protocol witness inherited from RandomAccessCollection; not a distinct WeatherKit-owned implementation.
s:SKsE8dropLasty11SubSequenceQzSiF::SYNTHESIZED::s:10WeatherKit06HourlyA10StatisticsV	deferred		Swift Sequence/Collection protocol witness inherited from RandomAccessCollection; not a distinct WeatherKit-owned implementation.
s:SKsE8dropLasty11SubSequenceQzSiF::SYNTHESIZED::s:10WeatherKit07MonthlyA10StatisticsV	deferred		Swift Sequence/Collection protocol witness inherited from RandomAccessCollection; not a distinct WeatherKit-owned implementation.
s:SKsE8dropLasty11SubSequenceQzSiF::SYNTHESIZED::s:10WeatherKit0A7ChangesV	deferred		Swift Sequence/Collection protocol witness inherited from RandomAccessCollection; not a distinct WeatherKit-owned implementation.
s:SKsE8dropLasty11SubSequenceQzSiF::SYNTHESIZED::s:10WeatherKit21HistoricalComparisonsV	deferred		Swift Sequence/Collection protocol witness inherited from RandomAccessCollection; not a distinct WeatherKit-owned implementation.
s:SKsE8dropLasty11SubSequenceQzSiF::SYNTHESIZED::s:10WeatherKit8ForecastV	deferred		Swift Sequence/Collection protocol witness inherited from RandomAccessCollection; not a distinct WeatherKit-owned implementation.
s:SKsE8reverseds18ReversedCollectionVyxGyF::SYNTHESIZED::s:10WeatherKit05DailyA10StatisticsV	deferred		Swift Sequence/Collection protocol witness inherited from RandomAccessCollection; not a distinct WeatherKit-owned implementation.
s:SKsE8reverseds18ReversedCollectionVyxGyF::SYNTHESIZED::s:10WeatherKit05DailyA7SummaryV	deferred		Swift Sequence/Collection protocol witness inherited from RandomAccessCollection; not a distinct WeatherKit-owned implementation.
s:SKsE8reverseds18ReversedCollectionVyxGyF::SYNTHESIZED::s:10WeatherKit06HourlyA10StatisticsV	deferred		Swift Sequence/Collection protocol witness inherited from RandomAccessCollection; not a distinct WeatherKit-owned implementation.
s:SKsE8reverseds18ReversedCollectionVyxGyF::SYNTHESIZED::s:10WeatherKit07MonthlyA10StatisticsV	deferred		Swift Sequence/Collection protocol witness inherited from RandomAccessCollection; not a distinct WeatherKit-owned implementation.
s:SKsE8reverseds18ReversedCollectionVyxGyF::SYNTHESIZED::s:10WeatherKit0A7ChangesV	deferred		Swift Sequence/Collection protocol witness inherited from RandomAccessCollection; not a distinct WeatherKit-owned implementation.
s:SKsE8reverseds18ReversedCollectionVyxGyF::SYNTHESIZED::s:10WeatherKit21HistoricalComparisonsV	deferred		Swift Sequence/Collection protocol witness inherited from RandomAccessCollection; not a distinct WeatherKit-owned implementation.
s:SKsE8reverseds18ReversedCollectionVyxGyF::SYNTHESIZED::s:10WeatherKit8ForecastV	deferred		Swift Sequence/Collection protocol witness inherited from RandomAccessCollection; not a distinct WeatherKit-owned implementation.
s:SKsE9formIndex6beforey0B0Qzz_tF::SYNTHESIZED::s:10WeatherKit05DailyA10StatisticsV	deferred		Swift Sequence/Collection protocol witness inherited from RandomAccessCollection; not a distinct WeatherKit-owned implementation.
s:SKsE9formIndex6beforey0B0Qzz_tF::SYNTHESIZED::s:10WeatherKit05DailyA7SummaryV	deferred		Swift Sequence/Collection protocol witness inherited from RandomAccessCollection; not a distinct WeatherKit-owned implementation.
s:SKsE9formIndex6beforey0B0Qzz_tF::SYNTHESIZED::s:10WeatherKit06HourlyA10StatisticsV	deferred		Swift Sequence/Collection protocol witness inherited from RandomAccessCollection; not a distinct WeatherKit-owned implementation.
s:SKsE9formIndex6beforey0B0Qzz_tF::SYNTHESIZED::s:10WeatherKit07MonthlyA10StatisticsV	deferred		Swift Sequence/Collection protocol witness inherited from RandomAccessCollection; not a distinct WeatherKit-owned implementation.
s:SKsE9formIndex6beforey0B0Qzz_tF::SYNTHESIZED::s:10WeatherKit0A7ChangesV	deferred		Swift Sequence/Collection protocol witness inherited from RandomAccessCollection; not a distinct WeatherKit-owned implementation.
s:SKsE9formIndex6beforey0B0Qzz_tF::SYNTHESIZED::s:10WeatherKit21HistoricalComparisonsV	deferred		Swift Sequence/Collection protocol witness inherited from RandomAccessCollection; not a distinct WeatherKit-owned implementation.
s:SKsE9formIndex6beforey0B0Qzz_tF::SYNTHESIZED::s:10WeatherKit8ForecastV	deferred		Swift Sequence/Collection protocol witness inherited from RandomAccessCollection; not a distinct WeatherKit-owned implementation.
s:SKsE9lastIndex5where0B0QzSgSb7ElementQzKXE_tKF::SYNTHESIZED::s:10WeatherKit05DailyA10StatisticsV	deferred		Swift Sequence/Collection protocol witness inherited from RandomAccessCollection; not a distinct WeatherKit-owned implementation.
s:SKsE9lastIndex5where0B0QzSgSb7ElementQzKXE_tKF::SYNTHESIZED::s:10WeatherKit05DailyA7SummaryV	deferred		Swift Sequence/Collection protocol witness inherited from RandomAccessCollection; not a distinct WeatherKit-owned implementation.
s:SKsE9lastIndex5where0B0QzSgSb7ElementQzKXE_tKF::SYNTHESIZED::s:10WeatherKit06HourlyA10StatisticsV	deferred		Swift Sequence/Collection protocol witness inherited from RandomAccessCollection; not a distinct WeatherKit-owned implementation.
s:SKsE9lastIndex5where0B0QzSgSb7ElementQzKXE_tKF::SYNTHESIZED::s:10WeatherKit07MonthlyA10StatisticsV	deferred		Swift Sequence/Collection protocol witness inherited from RandomAccessCollection; not a distinct WeatherKit-owned implementation.
s:SKsE9lastIndex5where0B0QzSgSb7ElementQzKXE_tKF::SYNTHESIZED::s:10WeatherKit0A7ChangesV	deferred		Swift Sequence/Collection protocol witness inherited from RandomAccessCollection; not a distinct WeatherKit-owned implementation.
s:SKsE9lastIndex5where0B0QzSgSb7ElementQzKXE_tKF::SYNTHESIZED::s:10WeatherKit21HistoricalComparisonsV	deferred		Swift Sequence/Collection protocol witness inherited from RandomAccessCollection; not a distinct WeatherKit-owned implementation.
s:SKsE9lastIndex5where0B0QzSgSb7ElementQzKXE_tKF::SYNTHESIZED::s:10WeatherKit8ForecastV	deferred		Swift Sequence/Collection protocol witness inherited from RandomAccessCollection; not a distinct WeatherKit-owned implementation.
s:SKsSQ7ElementRpzrlE10difference4froms20CollectionDifferenceVyABGqd___tSKRd__AAQyd__ABRSlF::SYNTHESIZED::s:10WeatherKit05DailyA10StatisticsV	deferred		Swift Sequence/Collection protocol witness inherited from RandomAccessCollection; not a distinct WeatherKit-owned implementation.
s:SKsSQ7ElementRpzrlE10difference4froms20CollectionDifferenceVyABGqd___tSKRd__AAQyd__ABRSlF::SYNTHESIZED::s:10WeatherKit05DailyA7SummaryV	deferred		Swift Sequence/Collection protocol witness inherited from RandomAccessCollection; not a distinct WeatherKit-owned implementation.
s:SKsSQ7ElementRpzrlE10difference4froms20CollectionDifferenceVyABGqd___tSKRd__AAQyd__ABRSlF::SYNTHESIZED::s:10WeatherKit06HourlyA10StatisticsV	deferred		Swift Sequence/Collection protocol witness inherited from RandomAccessCollection; not a distinct WeatherKit-owned implementation.
s:SKsSQ7ElementRpzrlE10difference4froms20CollectionDifferenceVyABGqd___tSKRd__AAQyd__ABRSlF::SYNTHESIZED::s:10WeatherKit07MonthlyA10StatisticsV	deferred		Swift Sequence/Collection protocol witness inherited from RandomAccessCollection; not a distinct WeatherKit-owned implementation.
s:SKsSQ7ElementRpzrlE10difference4froms20CollectionDifferenceVyABGqd___tSKRd__AAQyd__ABRSlF::SYNTHESIZED::s:10WeatherKit0A7ChangesV	deferred		Swift Sequence/Collection protocol witness inherited from RandomAccessCollection; not a distinct WeatherKit-owned implementation.
s:SKsSQ7ElementRpzrlE10difference4froms20CollectionDifferenceVyABGqd___tSKRd__AAQyd__ABRSlF::SYNTHESIZED::s:10WeatherKit21HistoricalComparisonsV	deferred		Swift Sequence/Collection protocol witness inherited from RandomAccessCollection; not a distinct WeatherKit-owned implementation.
s:SKsSQ7ElementRpzrlE10difference4froms20CollectionDifferenceVyABGqd___tSKRd__AAQyd__ABRSlF::SYNTHESIZED::s:10WeatherKit8ForecastV	deferred		Swift Sequence/Collection protocol witness inherited from RandomAccessCollection; not a distinct WeatherKit-owned implementation.
s:SKsSQ7ElementRpzrlE9lastIndex2of0C0QzSgAB_tF::SYNTHESIZED::s:10WeatherKit05DailyA10StatisticsV	deferred		Swift Sequence/Collection protocol witness inherited from RandomAccessCollection; not a distinct WeatherKit-owned implementation.
s:SKsSQ7ElementRpzrlE9lastIndex2of0C0QzSgAB_tF::SYNTHESIZED::s:10WeatherKit05DailyA7SummaryV	deferred		Swift Sequence/Collection protocol witness inherited from RandomAccessCollection; not a distinct WeatherKit-owned implementation.
s:SKsSQ7ElementRpzrlE9lastIndex2of0C0QzSgAB_tF::SYNTHESIZED::s:10WeatherKit06HourlyA10StatisticsV	deferred		Swift Sequence/Collection protocol witness inherited from RandomAccessCollection; not a distinct WeatherKit-owned implementation.
s:SKsSQ7ElementRpzrlE9lastIndex2of0C0QzSgAB_tF::SYNTHESIZED::s:10WeatherKit07MonthlyA10StatisticsV	deferred		Swift Sequence/Collection protocol witness inherited from RandomAccessCollection; not a distinct WeatherKit-owned implementation.
s:SKsSQ7ElementRpzrlE9lastIndex2of0C0QzSgAB_tF::SYNTHESIZED::s:10WeatherKit0A7ChangesV	deferred		Swift Sequence/Collection protocol witness inherited from RandomAccessCollection; not a distinct WeatherKit-owned implementation.
s:SKsSQ7ElementRpzrlE9lastIndex2of0C0QzSgAB_tF::SYNTHESIZED::s:10WeatherKit21HistoricalComparisonsV	deferred		Swift Sequence/Collection protocol witness inherited from RandomAccessCollection; not a distinct WeatherKit-owned implementation.
s:SKsSQ7ElementRpzrlE9lastIndex2of0C0QzSgAB_tF::SYNTHESIZED::s:10WeatherKit8ForecastV	deferred		Swift Sequence/Collection protocol witness inherited from RandomAccessCollection; not a distinct WeatherKit-owned implementation.
s:SKsSS7ElementRtzrlE6joined9separatorS2S_tF::SYNTHESIZED::s:10WeatherKit05DailyA10StatisticsV	deferred		Swift Sequence/Collection protocol witness inherited from RandomAccessCollection; not a distinct WeatherKit-owned implementation.
s:SKsSS7ElementRtzrlE6joined9separatorS2S_tF::SYNTHESIZED::s:10WeatherKit05DailyA7SummaryV	deferred		Swift Sequence/Collection protocol witness inherited from RandomAccessCollection; not a distinct WeatherKit-owned implementation.
s:SKsSS7ElementRtzrlE6joined9separatorS2S_tF::SYNTHESIZED::s:10WeatherKit06HourlyA10StatisticsV	deferred		Swift Sequence/Collection protocol witness inherited from RandomAccessCollection; not a distinct WeatherKit-owned implementation.
s:SKsSS7ElementRtzrlE6joined9separatorS2S_tF::SYNTHESIZED::s:10WeatherKit07MonthlyA10StatisticsV	deferred		Swift Sequence/Collection protocol witness inherited from RandomAccessCollection; not a distinct WeatherKit-owned implementation.
s:SKsSS7ElementRtzrlE6joined9separatorS2S_tF::SYNTHESIZED::s:10WeatherKit8ForecastV	deferred		Swift Sequence/Collection protocol witness inherited from RandomAccessCollection; not a distinct WeatherKit-owned implementation.
s:SLsE1goiySbx_xtFZ::SYNTHESIZED::s:10WeatherKit7UVIndexV16ExposureCategoryO	implemented	test:full/weatherkit/tests/agent/WeatherKitCoreTests.swift#testUVIndexExposureCategoryRawValuesRangesAndOrder	Linux value-type behaviour from the pinned Xcode 26.1 surface.
s:SLsE2geoiySbx_xtFZ::SYNTHESIZED::s:10WeatherKit7UVIndexV16ExposureCategoryO	implemented	test:full/weatherkit/tests/agent/WeatherKitCoreTests.swift#testUVIndexExposureCategoryRawValuesRangesAndOrder	Linux value-type behaviour from the pinned Xcode 26.1 surface.
s:SLsE2leoiySbx_xtFZ::SYNTHESIZED::s:10WeatherKit7UVIndexV16ExposureCategoryO	implemented	test:full/weatherkit/tests/agent/WeatherKitCoreTests.swift#testUVIndexExposureCategoryRawValuesRangesAndOrder	Linux value-type behaviour from the pinned Xcode 26.1 surface.
s:SLsE3zzloiySnyxGx_xtFZ::SYNTHESIZED::s:10WeatherKit7UVIndexV16ExposureCategoryO	implemented	test:full/weatherkit/tests/agent/WeatherKitCoreTests.swift#testUVIndexExposureCategoryRawValuesRangesAndOrder	Linux value-type behaviour from the pinned Xcode 26.1 surface.
s:SLsE3zzlopys16PartialRangeUpToVyxGxFZ::SYNTHESIZED::s:10WeatherKit7UVIndexV16ExposureCategoryO	implemented	test:full/weatherkit/tests/agent/WeatherKitCoreTests.swift#testUVIndexExposureCategoryRawValuesRangesAndOrder	Linux value-type behaviour from the pinned Xcode 26.1 surface.
s:SLsE3zzzoPys16PartialRangeFromVyxGxFZ::SYNTHESIZED::s:10WeatherKit7UVIndexV16ExposureCategoryO	implemented	test:full/weatherkit/tests/agent/WeatherKitCoreTests.swift#testUVIndexExposureCategoryRawValuesRangesAndOrder	Linux value-type behaviour from the pinned Xcode 26.1 surface.
s:SLsE3zzzoiySNyxGx_xtFZ::SYNTHESIZED::s:10WeatherKit7UVIndexV16ExposureCategoryO	implemented	test:full/weatherkit/tests/agent/WeatherKitCoreTests.swift#testUVIndexExposureCategoryRawValuesRangesAndOrder	Linux value-type behaviour from the pinned Xcode 26.1 surface.
s:SLsE3zzzopys19PartialRangeThroughVyxGxFZ::SYNTHESIZED::s:10WeatherKit7UVIndexV16ExposureCategoryO	implemented	test:full/weatherkit/tests/agent/WeatherKitCoreTests.swift#testUVIndexExposureCategoryRawValuesRangesAndOrder	Linux value-type behaviour from the pinned Xcode 26.1 surface.
s:SQsE2neoiySbx_xtFZ::SYNTHESIZED::s:10WeatherKit03DayA0V	implemented	test:full/weatherkit/tests/agent/WeatherKitValueTests.swift#testDayWeatherRoundTrip	Linux value-type behaviour from the pinned Xcode 26.1 surface.
s:SQsE2neoiySbx_xtFZ::SYNTHESIZED::s:10WeatherKit04HourA0V	implemented	test:full/weatherkit/tests/agent/WeatherKitValueTests.swift#testHourWeatherRoundTrip	Linux value-type behaviour from the pinned Xcode 26.1 surface.
s:SQsE2neoiySbx_xtFZ::SYNTHESIZED::s:10WeatherKit05DailyA10StatisticsV	implemented	test:full/weatherkit/tests/agent/WeatherKitCollectionTests.swift#testDailyWeatherStatisticsCollection	Linux value-type behaviour from the pinned Xcode 26.1 surface.
s:SQsE2neoiySbx_xtFZ::SYNTHESIZED::s:10WeatherKit05DailyA7SummaryV	implemented	test:full/weatherkit/tests/agent/WeatherKitCollectionTests.swift#testDailyWeatherSummaryCollection	Linux value-type behaviour from the pinned Xcode 26.1 surface.
s:SQsE2neoiySbx_xtFZ::SYNTHESIZED::s:10WeatherKit06HourlyA10StatisticsV	implemented	test:full/weatherkit/tests/agent/WeatherKitCollectionTests.swift#testHourlyWeatherStatisticsCollection	Linux value-type behaviour from the pinned Xcode 26.1 surface.
s:SQsE2neoiySbx_xtFZ::SYNTHESIZED::s:10WeatherKit06MinuteA0V	implemented	test:full/weatherkit/tests/agent/WeatherKitValueTests.swift#testMinuteWeatherRoundTrip	Linux value-type behaviour from the pinned Xcode 26.1 surface.
s:SQsE2neoiySbx_xtFZ::SYNTHESIZED::s:10WeatherKit07CurrentA0V	implemented	test:full/weatherkit/tests/agent/WeatherKitValueTests.swift#testCurrentWeatherRoundTrip	Linux value-type behaviour from the pinned Xcode 26.1 surface.
s:SQsE2neoiySbx_xtFZ::SYNTHESIZED::s:10WeatherKit07MonthlyA10StatisticsV	implemented	test:full/weatherkit/tests/agent/WeatherKitCollectionTests.swift#testMonthlyWeatherStatisticsCollection	Linux value-type behaviour from the pinned Xcode 26.1 surface.
s:SQsE2neoiySbx_xtFZ::SYNTHESIZED::s:10WeatherKit0A0V	implemented	test:full/weatherkit/tests/agent/WeatherKitCollectionTests.swift#testWeatherAggregate	Linux value-type behaviour from the pinned Xcode 26.1 surface.
s:SQsE2neoiySbx_xtFZ::SYNTHESIZED::s:10WeatherKit0A11AttributionV	implemented	test:full/weatherkit/tests/agent/WeatherKitValueTests.swift#testWeatherAlertAndAttribution	Linux value-type behaviour from the pinned Xcode 26.1 surface.
s:SQsE2neoiySbx_xtFZ::SYNTHESIZED::s:10WeatherKit0A12AvailabilityV	implemented	test:full/weatherkit/tests/agent/WeatherKitValueTests.swift#testWeatherAvailability	Linux value-type behaviour from the pinned Xcode 26.1 surface.
s:SQsE2neoiySbx_xtFZ::SYNTHESIZED::s:10WeatherKit0A12AvailabilityV0C4KindO	implemented	test:full/weatherkit/tests/agent/WeatherKitEnumTests.swift#testWeatherAvailabilityKindRawValues	Linux value-type behaviour from the pinned Xcode 26.1 surface.
s:SQsE2neoiySbx_xtFZ::SYNTHESIZED::s:10WeatherKit0A5AlertV	implemented	test:full/weatherkit/tests/agent/WeatherKitValueTests.swift#testWeatherAlertAndAttribution	Linux value-type behaviour from the pinned Xcode 26.1 surface.
s:SQsE2neoiySbx_xtFZ::SYNTHESIZED::s:10WeatherKit0A5ErrorO	implemented	test:full/weatherkit/tests/agent/WeatherKitCoreTests.swift#testWeatherErrorLocalizedAndHashable	Linux value-type behaviour from the pinned Xcode 26.1 surface.
s:SQsE2neoiySbx_xtFZ::SYNTHESIZED::s:10WeatherKit0A6ChangeV	implemented	test:full/weatherkit/tests/agent/WeatherKitCollectionTests.swift#testWeatherChangesCollection	Linux value-type behaviour from the pinned Xcode 26.1 surface.
s:SQsE2neoiySbx_xtFZ::SYNTHESIZED::s:10WeatherKit0A6ChangeV9DirectionO	implemented	test:full/weatherkit/tests/agent/WeatherKitEnumTests.swift#testWeatherChangeDirectionCases	Linux value-type behaviour from the pinned Xcode 26.1 surface.
s:SQsE2neoiySbx_xtFZ::SYNTHESIZED::s:10WeatherKit0A7ChangesV	implemented	test:full/weatherkit/tests/agent/WeatherKitCollectionTests.swift#testWeatherChangesCollection	Linux value-type behaviour from the pinned Xcode 26.1 surface.
s:SQsE2neoiySbx_xtFZ::SYNTHESIZED::s:10WeatherKit0A8MetadataV	implemented	test:full/weatherkit/tests/agent/WeatherKitValueTests.swift#testWeatherMetadataCodable	Linux value-type behaviour from the pinned Xcode 26.1 surface.
s:SQsE2neoiySbx_xtFZ::SYNTHESIZED::s:10WeatherKit0A8SeverityO	implemented	test:full/weatherkit/tests/agent/WeatherKitEnumTests.swift#testWeatherSeverityRawValuesAndDescriptions	Linux value-type behaviour from the pinned Xcode 26.1 surface.
s:SQsE2neoiySbx_xtFZ::SYNTHESIZED::s:10WeatherKit0A9ConditionO	implemented	test:full/weatherkit/tests/agent/WeatherKitEnumTests.swift#testWeatherConditionRawValuesAndDescriptions	Linux value-type behaviour from the pinned Xcode 26.1 surface.
s:SQsE2neoiySbx_xtFZ::SYNTHESIZED::s:10WeatherKit10MoonEventsV	implemented	test:full/weatherkit/tests/agent/WeatherKitValueTests.swift#testMoonEvents	Linux value-type behaviour from the pinned Xcode 26.1 surface.
s:SQsE2neoiySbx_xtFZ::SYNTHESIZED::s:10WeatherKit11PercentilesV	implemented	test:full/weatherkit/tests/agent/WeatherKitValueTests.swift#testPercentiles	Linux value-type behaviour from the pinned Xcode 26.1 surface.
s:SQsE2neoiySbx_xtFZ::SYNTHESIZED::s:10WeatherKit13PrecipitationO	implemented	test:full/weatherkit/tests/agent/WeatherKitEnumTests.swift#testPrecipitationRawValuesAndDescriptions	Linux value-type behaviour from the pinned Xcode 26.1 surface.
s:SQsE2neoiySbx_xtFZ::SYNTHESIZED::s:10WeatherKit13PressureTrendO	implemented	test:full/weatherkit/tests/agent/WeatherKitEnumTests.swift#testPressureTrendRawValuesAndDescriptions	Linux value-type behaviour from the pinned Xcode 26.1 surface.
s:SQsE2neoiySbx_xtFZ::SYNTHESIZED::s:10WeatherKit13TrendBaselineV	implemented	test:full/weatherkit/tests/agent/WeatherKitValueTests.swift#testTrendAndBaseline	Linux value-type behaviour from the pinned Xcode 26.1 surface.
s:SQsE2neoiySbx_xtFZ::SYNTHESIZED::s:10WeatherKit13TrendBaselineV4KindO	implemented	test:full/weatherkit/tests/agent/WeatherKitEnumTests.swift#testTrendBaselineKindMean	Linux value-type behaviour from the pinned Xcode 26.1 surface.
s:SQsE2neoiySbx_xtFZ::SYNTHESIZED::s:10WeatherKit14SnowfallAmountV	implemented	test:full/weatherkit/tests/agent/WeatherKitValueTests.swift#testSnowfallAmount	Linux value-type behaviour from the pinned Xcode 26.1 surface.
s:SQsE2neoiySbx_xtFZ::SYNTHESIZED::s:10WeatherKit20CloudCoverByAltitudeV	implemented	test:full/weatherkit/tests/agent/WeatherKitValueTests.swift#testCloudCoverByAltitude	Linux value-type behaviour from the pinned Xcode 26.1 surface.
s:SQsE2neoiySbx_xtFZ::SYNTHESIZED::s:10WeatherKit20HistoricalComparisonO	implemented	test:full/weatherkit/tests/agent/WeatherKitEnumTests.swift#testHistoricalComparisonCases	Linux value-type behaviour from the pinned Xcode 26.1 surface.
s:SQsE2neoiySbx_xtFZ::SYNTHESIZED::s:10WeatherKit21DayTemperatureSummaryV	implemented	test:full/weatherkit/tests/agent/WeatherKitValueTests.swift#testDayTemperatureSummary	Linux value-type behaviour from the pinned Xcode 26.1 surface.
s:SQsE2neoiySbx_xtFZ::SYNTHESIZED::s:10WeatherKit21HistoricalComparisonsV	implemented	test:full/weatherkit/tests/agent/WeatherKitCollectionTests.swift#testHistoricalComparisonsCollection	Linux value-type behaviour from the pinned Xcode 26.1 surface.
s:SQsE2neoiySbx_xtFZ::SYNTHESIZED::s:10WeatherKit23DayPrecipitationSummaryV	implemented	test:full/weatherkit/tests/agent/WeatherKitValueTests.swift#testDayPrecipitationSummary	Linux value-type behaviour from the pinned Xcode 26.1 surface.
s:SQsE2neoiySbx_xtFZ::SYNTHESIZED::s:10WeatherKit24DayTemperatureStatisticsV	implemented	test:full/weatherkit/tests/agent/WeatherKitValueTests.swift#testDayTemperatureStatistics	Linux value-type behaviour from the pinned Xcode 26.1 surface.
s:SQsE2neoiySbx_xtFZ::SYNTHESIZED::s:10WeatherKit25HourTemperatureStatisticsV	implemented	test:full/weatherkit/tests/agent/WeatherKitValueTests.swift#testHourTemperatureStatistics	Linux value-type behaviour from the pinned Xcode 26.1 surface.
s:SQsE2neoiySbx_xtFZ::SYNTHESIZED::s:10WeatherKit25PrecipitationAmountByTypeV	implemented	test:full/weatherkit/tests/agent/WeatherKitValueTests.swift#testPrecipitationAmountByType	Linux value-type behaviour from the pinned Xcode 26.1 surface.
s:SQsE2neoiySbx_xtFZ::SYNTHESIZED::s:10WeatherKit26DayPrecipitationStatisticsV	implemented	test:full/weatherkit/tests/agent/WeatherKitValueTests.swift#testDayPrecipitationStatistics	Linux value-type behaviour from the pinned Xcode 26.1 surface.
s:SQsE2neoiySbx_xtFZ::SYNTHESIZED::s:10WeatherKit26MonthTemperatureStatisticsV	implemented	test:full/weatherkit/tests/agent/WeatherKitValueTests.swift#testMonthTemperatureStatistics	Linux value-type behaviour from the pinned Xcode 26.1 surface.
s:SQsE2neoiySbx_xtFZ::SYNTHESIZED::s:10WeatherKit28MonthPrecipitationStatisticsV	implemented	test:full/weatherkit/tests/agent/WeatherKitValueTests.swift#testMonthPrecipitationStatistics	Linux value-type behaviour from the pinned Xcode 26.1 surface.
s:SQsE2neoiySbx_xtFZ::SYNTHESIZED::s:10WeatherKit4WindV	implemented	test:full/weatherkit/tests/agent/WeatherKitCoreTests.swift#testWindCompassDirectionFromDegrees	Linux value-type behaviour from the pinned Xcode 26.1 surface.
s:SQsE2neoiySbx_xtFZ::SYNTHESIZED::s:10WeatherKit4WindV16CompassDirectionO	implemented	test:full/weatherkit/tests/agent/WeatherKitCoreTests.swift#testWindCompassDirectionFromDegrees	Linux value-type behaviour from the pinned Xcode 26.1 surface.
s:SQsE2neoiySbx_xtFZ::SYNTHESIZED::s:10WeatherKit5TrendV	implemented	test:full/weatherkit/tests/agent/WeatherKitValueTests.swift#testTrendAndBaseline	Linux value-type behaviour from the pinned Xcode 26.1 surface.
s:SQsE2neoiySbx_xtFZ::SYNTHESIZED::s:10WeatherKit7UVIndexV	implemented	test:full/weatherkit/tests/agent/WeatherKitCoreTests.swift#testUVIndexCategoryFromValue	Linux value-type behaviour from the pinned Xcode 26.1 surface.
s:SQsE2neoiySbx_xtFZ::SYNTHESIZED::s:10WeatherKit7UVIndexV16ExposureCategoryO	implemented	test:full/weatherkit/tests/agent/WeatherKitCoreTests.swift#testUVIndexCategoryFromValue	Linux value-type behaviour from the pinned Xcode 26.1 surface.
s:SQsE2neoiySbx_xtFZ::SYNTHESIZED::s:10WeatherKit8ForecastV	implemented	test:full/weatherkit/tests/agent/WeatherKitCollectionTests.swift#testForecastCollectionAndCodable	Linux value-type behaviour from the pinned Xcode 26.1 surface.
s:SQsE2neoiySbx_xtFZ::SYNTHESIZED::s:10WeatherKit9DeviationO	implemented	test:full/weatherkit/tests/agent/WeatherKitEnumTests.swift#testDeviationCases	Linux value-type behaviour from the pinned Xcode 26.1 surface.
s:SQsE2neoiySbx_xtFZ::SYNTHESIZED::s:10WeatherKit9MoonPhaseO	implemented	test:full/weatherkit/tests/agent/WeatherKitEnumTests.swift#testMoonPhaseRawValuesSymbolsAndDescriptions	Linux value-type behaviour from the pinned Xcode 26.1 surface.
s:SQsE2neoiySbx_xtFZ::SYNTHESIZED::s:10WeatherKit9SunEventsV	implemented	test:full/weatherkit/tests/agent/WeatherKitValueTests.swift#testSunEvents	Linux value-type behaviour from the pinned Xcode 26.1 surface.
s:ST10FoundationE6sorted5usingSay7ElementQzGqd___tAA14SortComparatorRd__8ComparedQyd__AERSlF::SYNTHESIZED::s:10WeatherKit05DailyA10StatisticsV	deferred		Foundation SortComparator helpers are inherited Sequence witnesses, not a WeatherKit-owned implementation.
s:ST10FoundationE6sorted5usingSay7ElementQzGqd___tAA14SortComparatorRd__8ComparedQyd__AERSlF::SYNTHESIZED::s:10WeatherKit05DailyA7SummaryV	deferred		Foundation SortComparator helpers are inherited Sequence witnesses, not a WeatherKit-owned implementation.
s:ST10FoundationE6sorted5usingSay7ElementQzGqd___tAA14SortComparatorRd__8ComparedQyd__AERSlF::SYNTHESIZED::s:10WeatherKit06HourlyA10StatisticsV	deferred		Foundation SortComparator helpers are inherited Sequence witnesses, not a WeatherKit-owned implementation.
s:ST10FoundationE6sorted5usingSay7ElementQzGqd___tAA14SortComparatorRd__8ComparedQyd__AERSlF::SYNTHESIZED::s:10WeatherKit07MonthlyA10StatisticsV	deferred		Foundation SortComparator helpers are inherited Sequence witnesses, not a WeatherKit-owned implementation.
s:ST10FoundationE6sorted5usingSay7ElementQzGqd___tAA14SortComparatorRd__8ComparedQyd__AERSlF::SYNTHESIZED::s:10WeatherKit0A7ChangesV	deferred		Foundation SortComparator helpers are inherited Sequence witnesses, not a WeatherKit-owned implementation.
s:ST10FoundationE6sorted5usingSay7ElementQzGqd___tAA14SortComparatorRd__8ComparedQyd__AERSlF::SYNTHESIZED::s:10WeatherKit21HistoricalComparisonsV	deferred		Foundation SortComparator helpers are inherited Sequence witnesses, not a WeatherKit-owned implementation.
s:ST10FoundationE6sorted5usingSay7ElementQzGqd___tAA14SortComparatorRd__8ComparedQyd__AERSlF::SYNTHESIZED::s:10WeatherKit8ForecastV	deferred		Foundation SortComparator helpers are inherited Sequence witnesses, not a WeatherKit-owned implementation.
s:ST10FoundationE6sorted5usingSay7ElementQzGqd___tSTRd__AA14SortComparatorRd_0_ADQyd__Rsd_0_8ComparedQyd_0_AERSr0_lF::SYNTHESIZED::s:10WeatherKit05DailyA10StatisticsV	deferred		Foundation SortComparator helpers are inherited Sequence witnesses, not a WeatherKit-owned implementation.
s:ST10FoundationE6sorted5usingSay7ElementQzGqd___tSTRd__AA14SortComparatorRd_0_ADQyd__Rsd_0_8ComparedQyd_0_AERSr0_lF::SYNTHESIZED::s:10WeatherKit05DailyA7SummaryV	deferred		Foundation SortComparator helpers are inherited Sequence witnesses, not a WeatherKit-owned implementation.
s:ST10FoundationE6sorted5usingSay7ElementQzGqd___tSTRd__AA14SortComparatorRd_0_ADQyd__Rsd_0_8ComparedQyd_0_AERSr0_lF::SYNTHESIZED::s:10WeatherKit06HourlyA10StatisticsV	deferred		Foundation SortComparator helpers are inherited Sequence witnesses, not a WeatherKit-owned implementation.
s:ST10FoundationE6sorted5usingSay7ElementQzGqd___tSTRd__AA14SortComparatorRd_0_ADQyd__Rsd_0_8ComparedQyd_0_AERSr0_lF::SYNTHESIZED::s:10WeatherKit07MonthlyA10StatisticsV	deferred		Foundation SortComparator helpers are inherited Sequence witnesses, not a WeatherKit-owned implementation.
s:ST10FoundationE6sorted5usingSay7ElementQzGqd___tSTRd__AA14SortComparatorRd_0_ADQyd__Rsd_0_8ComparedQyd_0_AERSr0_lF::SYNTHESIZED::s:10WeatherKit0A7ChangesV	deferred		Foundation SortComparator helpers are inherited Sequence witnesses, not a WeatherKit-owned implementation.
s:ST10FoundationE6sorted5usingSay7ElementQzGqd___tSTRd__AA14SortComparatorRd_0_ADQyd__Rsd_0_8ComparedQyd_0_AERSr0_lF::SYNTHESIZED::s:10WeatherKit21HistoricalComparisonsV	deferred		Foundation SortComparator helpers are inherited Sequence witnesses, not a WeatherKit-owned implementation.
s:ST10FoundationE6sorted5usingSay7ElementQzGqd___tSTRd__AA14SortComparatorRd_0_ADQyd__Rsd_0_8ComparedQyd_0_AERSr0_lF::SYNTHESIZED::s:10WeatherKit8ForecastV	deferred		Foundation SortComparator helpers are inherited Sequence witnesses, not a WeatherKit-owned implementation.
s:ST10FoundationE7compareySo18NSComparisonResultV8ComparedQyd___AFtAA14SortComparatorRd__7ElementQzRsd__lF::SYNTHESIZED::s:10WeatherKit05DailyA10StatisticsV	deferred		Foundation SortComparator helpers are inherited Sequence witnesses, not a WeatherKit-owned implementation.
s:ST10FoundationE7compareySo18NSComparisonResultV8ComparedQyd___AFtAA14SortComparatorRd__7ElementQzRsd__lF::SYNTHESIZED::s:10WeatherKit05DailyA7SummaryV	deferred		Foundation SortComparator helpers are inherited Sequence witnesses, not a WeatherKit-owned implementation.
s:ST10FoundationE7compareySo18NSComparisonResultV8ComparedQyd___AFtAA14SortComparatorRd__7ElementQzRsd__lF::SYNTHESIZED::s:10WeatherKit06HourlyA10StatisticsV	deferred		Foundation SortComparator helpers are inherited Sequence witnesses, not a WeatherKit-owned implementation.
s:ST10FoundationE7compareySo18NSComparisonResultV8ComparedQyd___AFtAA14SortComparatorRd__7ElementQzRsd__lF::SYNTHESIZED::s:10WeatherKit07MonthlyA10StatisticsV	deferred		Foundation SortComparator helpers are inherited Sequence witnesses, not a WeatherKit-owned implementation.
s:ST10FoundationE7compareySo18NSComparisonResultV8ComparedQyd___AFtAA14SortComparatorRd__7ElementQzRsd__lF::SYNTHESIZED::s:10WeatherKit0A7ChangesV	deferred		Foundation SortComparator helpers are inherited Sequence witnesses, not a WeatherKit-owned implementation.
s:ST10FoundationE7compareySo18NSComparisonResultV8ComparedQyd___AFtAA14SortComparatorRd__7ElementQzRsd__lF::SYNTHESIZED::s:10WeatherKit21HistoricalComparisonsV	deferred		Foundation SortComparator helpers are inherited Sequence witnesses, not a WeatherKit-owned implementation.
s:ST10FoundationE7compareySo18NSComparisonResultV8ComparedQyd___AFtAA14SortComparatorRd__7ElementQzRsd__lF::SYNTHESIZED::s:10WeatherKit8ForecastV	deferred		Foundation SortComparator helpers are inherited Sequence witnesses, not a WeatherKit-owned implementation.
s:ST10FoundationE9formattedy12FormatOutputQyd__qd__0C5InputQyd__RszAA0C5StyleRd__lF::SYNTHESIZED::s:10WeatherKit05DailyA10StatisticsV	deferred		Foundation FormatStyle sequence formatting is not exercised; Apple wording is unknown.
s:ST10FoundationE9formattedy12FormatOutputQyd__qd__0C5InputQyd__RszAA0C5StyleRd__lF::SYNTHESIZED::s:10WeatherKit05DailyA7SummaryV	deferred		Foundation FormatStyle sequence formatting is not exercised; Apple wording is unknown.
s:ST10FoundationE9formattedy12FormatOutputQyd__qd__0C5InputQyd__RszAA0C5StyleRd__lF::SYNTHESIZED::s:10WeatherKit06HourlyA10StatisticsV	deferred		Foundation FormatStyle sequence formatting is not exercised; Apple wording is unknown.
s:ST10FoundationE9formattedy12FormatOutputQyd__qd__0C5InputQyd__RszAA0C5StyleRd__lF::SYNTHESIZED::s:10WeatherKit07MonthlyA10StatisticsV	deferred		Foundation FormatStyle sequence formatting is not exercised; Apple wording is unknown.
s:ST10FoundationE9formattedy12FormatOutputQyd__qd__0C5InputQyd__RszAA0C5StyleRd__lF::SYNTHESIZED::s:10WeatherKit0A7ChangesV	deferred		Foundation FormatStyle sequence formatting is not exercised; Apple wording is unknown.
s:ST10FoundationE9formattedy12FormatOutputQyd__qd__0C5InputQyd__RszAA0C5StyleRd__lF::SYNTHESIZED::s:10WeatherKit21HistoricalComparisonsV	deferred		Foundation FormatStyle sequence formatting is not exercised; Apple wording is unknown.
s:ST10FoundationE9formattedy12FormatOutputQyd__qd__0C5InputQyd__RszAA0C5StyleRd__lF::SYNTHESIZED::s:10WeatherKit8ForecastV	deferred		Foundation FormatStyle sequence formatting is not exercised; Apple wording is unknown.
s:ST10FoundationSS7ElementRtzrlE9formattedSSyF::SYNTHESIZED::s:10WeatherKit05DailyA10StatisticsV	deferred		Foundation FormatStyle sequence formatting is not exercised; Apple wording is unknown.
s:ST10FoundationSS7ElementRtzrlE9formattedSSyF::SYNTHESIZED::s:10WeatherKit05DailyA7SummaryV	deferred		Foundation FormatStyle sequence formatting is not exercised; Apple wording is unknown.
s:ST10FoundationSS7ElementRtzrlE9formattedSSyF::SYNTHESIZED::s:10WeatherKit06HourlyA10StatisticsV	deferred		Foundation FormatStyle sequence formatting is not exercised; Apple wording is unknown.
s:ST10FoundationSS7ElementRtzrlE9formattedSSyF::SYNTHESIZED::s:10WeatherKit07MonthlyA10StatisticsV	deferred		Foundation FormatStyle sequence formatting is not exercised; Apple wording is unknown.
s:ST10FoundationSS7ElementRtzrlE9formattedSSyF::SYNTHESIZED::s:10WeatherKit8ForecastV	deferred		Foundation FormatStyle sequence formatting is not exercised; Apple wording is unknown.
s:ST7CombineE9publisherAA10PublishersO8SequenceVy_xs5NeverOGvp::SYNTHESIZED::s:10WeatherKit05DailyA10StatisticsV	unavailable		Combine Publishers.Sequence is not a declared WeatherKit dependency on Linux.
s:ST7CombineE9publisherAA10PublishersO8SequenceVy_xs5NeverOGvp::SYNTHESIZED::s:10WeatherKit05DailyA7SummaryV	unavailable		Combine Publishers.Sequence is not a declared WeatherKit dependency on Linux.
s:ST7CombineE9publisherAA10PublishersO8SequenceVy_xs5NeverOGvp::SYNTHESIZED::s:10WeatherKit06HourlyA10StatisticsV	unavailable		Combine Publishers.Sequence is not a declared WeatherKit dependency on Linux.
s:ST7CombineE9publisherAA10PublishersO8SequenceVy_xs5NeverOGvp::SYNTHESIZED::s:10WeatherKit07MonthlyA10StatisticsV	unavailable		Combine Publishers.Sequence is not a declared WeatherKit dependency on Linux.
s:ST7CombineE9publisherAA10PublishersO8SequenceVy_xs5NeverOGvp::SYNTHESIZED::s:10WeatherKit0A7ChangesV	unavailable		Combine Publishers.Sequence is not a declared WeatherKit dependency on Linux.
s:ST7CombineE9publisherAA10PublishersO8SequenceVy_xs5NeverOGvp::SYNTHESIZED::s:10WeatherKit21HistoricalComparisonsV	unavailable		Combine Publishers.Sequence is not a declared WeatherKit dependency on Linux.
s:ST7CombineE9publisherAA10PublishersO8SequenceVy_xs5NeverOGvp::SYNTHESIZED::s:10WeatherKit8ForecastV	unavailable		Combine Publishers.Sequence is not a declared WeatherKit dependency on Linux.
s:STsE10allSatisfyyS2b7ElementQzKXEKF::SYNTHESIZED::s:10WeatherKit05DailyA10StatisticsV	deferred		Swift Sequence/Collection protocol witness inherited from RandomAccessCollection; not a distinct WeatherKit-owned implementation.
s:STsE10allSatisfyyS2b7ElementQzKXEKF::SYNTHESIZED::s:10WeatherKit05DailyA7SummaryV	deferred		Swift Sequence/Collection protocol witness inherited from RandomAccessCollection; not a distinct WeatherKit-owned implementation.
s:STsE10allSatisfyyS2b7ElementQzKXEKF::SYNTHESIZED::s:10WeatherKit06HourlyA10StatisticsV	deferred		Swift Sequence/Collection protocol witness inherited from RandomAccessCollection; not a distinct WeatherKit-owned implementation.
s:STsE10allSatisfyyS2b7ElementQzKXEKF::SYNTHESIZED::s:10WeatherKit07MonthlyA10StatisticsV	deferred		Swift Sequence/Collection protocol witness inherited from RandomAccessCollection; not a distinct WeatherKit-owned implementation.
s:STsE10allSatisfyyS2b7ElementQzKXEKF::SYNTHESIZED::s:10WeatherKit0A7ChangesV	deferred		Swift Sequence/Collection protocol witness inherited from RandomAccessCollection; not a distinct WeatherKit-owned implementation.
s:STsE10allSatisfyyS2b7ElementQzKXEKF::SYNTHESIZED::s:10WeatherKit21HistoricalComparisonsV	deferred		Swift Sequence/Collection protocol witness inherited from RandomAccessCollection; not a distinct WeatherKit-owned implementation.
s:STsE10allSatisfyyS2b7ElementQzKXEKF::SYNTHESIZED::s:10WeatherKit8ForecastV	deferred		Swift Sequence/Collection protocol witness inherited from RandomAccessCollection; not a distinct WeatherKit-owned implementation.
s:STsE10compactMapySayqd__Gqd__Sg7ElementQzKXEKlF::SYNTHESIZED::s:10WeatherKit05DailyA10StatisticsV	deferred		Swift Sequence/Collection protocol witness inherited from RandomAccessCollection; not a distinct WeatherKit-owned implementation.
s:STsE10compactMapySayqd__Gqd__Sg7ElementQzKXEKlF::SYNTHESIZED::s:10WeatherKit05DailyA7SummaryV	deferred		Swift Sequence/Collection protocol witness inherited from RandomAccessCollection; not a distinct WeatherKit-owned implementation.
s:STsE10compactMapySayqd__Gqd__Sg7ElementQzKXEKlF::SYNTHESIZED::s:10WeatherKit06HourlyA10StatisticsV	deferred		Swift Sequence/Collection protocol witness inherited from RandomAccessCollection; not a distinct WeatherKit-owned implementation.
s:STsE10compactMapySayqd__Gqd__Sg7ElementQzKXEKlF::SYNTHESIZED::s:10WeatherKit07MonthlyA10StatisticsV	deferred		Swift Sequence/Collection protocol witness inherited from RandomAccessCollection; not a distinct WeatherKit-owned implementation.
s:STsE10compactMapySayqd__Gqd__Sg7ElementQzKXEKlF::SYNTHESIZED::s:10WeatherKit0A7ChangesV	deferred		Swift Sequence/Collection protocol witness inherited from RandomAccessCollection; not a distinct WeatherKit-owned implementation.
s:STsE10compactMapySayqd__Gqd__Sg7ElementQzKXEKlF::SYNTHESIZED::s:10WeatherKit21HistoricalComparisonsV	deferred		Swift Sequence/Collection protocol witness inherited from RandomAccessCollection; not a distinct WeatherKit-owned implementation.
s:STsE10compactMapySayqd__Gqd__Sg7ElementQzKXEKlF::SYNTHESIZED::s:10WeatherKit8ForecastV	deferred		Swift Sequence/Collection protocol witness inherited from RandomAccessCollection; not a distinct WeatherKit-owned implementation.
s:STsE10enumerateds18EnumeratedSequenceVyxGyF::SYNTHESIZED::s:10WeatherKit05DailyA10StatisticsV	deferred		Swift Sequence/Collection protocol witness inherited from RandomAccessCollection; not a distinct WeatherKit-owned implementation.
s:STsE10enumerateds18EnumeratedSequenceVyxGyF::SYNTHESIZED::s:10WeatherKit05DailyA7SummaryV	deferred		Swift Sequence/Collection protocol witness inherited from RandomAccessCollection; not a distinct WeatherKit-owned implementation.
s:STsE10enumerateds18EnumeratedSequenceVyxGyF::SYNTHESIZED::s:10WeatherKit06HourlyA10StatisticsV	deferred		Swift Sequence/Collection protocol witness inherited from RandomAccessCollection; not a distinct WeatherKit-owned implementation.
s:STsE10enumerateds18EnumeratedSequenceVyxGyF::SYNTHESIZED::s:10WeatherKit07MonthlyA10StatisticsV	deferred		Swift Sequence/Collection protocol witness inherited from RandomAccessCollection; not a distinct WeatherKit-owned implementation.
s:STsE10enumerateds18EnumeratedSequenceVyxGyF::SYNTHESIZED::s:10WeatherKit0A7ChangesV	deferred		Swift Sequence/Collection protocol witness inherited from RandomAccessCollection; not a distinct WeatherKit-owned implementation.
s:STsE10enumerateds18EnumeratedSequenceVyxGyF::SYNTHESIZED::s:10WeatherKit21HistoricalComparisonsV	deferred		Swift Sequence/Collection protocol witness inherited from RandomAccessCollection; not a distinct WeatherKit-owned implementation.
s:STsE10enumerateds18EnumeratedSequenceVyxGyF::SYNTHESIZED::s:10WeatherKit8ForecastV	deferred		Swift Sequence/Collection protocol witness inherited from RandomAccessCollection; not a distinct WeatherKit-owned implementation.
s:STsE13elementsEqual_2bySbqd___Sb7ElementQz_ACQyd__tKXEtKSTRd__lF::SYNTHESIZED::s:10WeatherKit05DailyA10StatisticsV	deferred		Swift Sequence/Collection protocol witness inherited from RandomAccessCollection; not a distinct WeatherKit-owned implementation.
s:STsE13elementsEqual_2bySbqd___Sb7ElementQz_ACQyd__tKXEtKSTRd__lF::SYNTHESIZED::s:10WeatherKit05DailyA7SummaryV	deferred		Swift Sequence/Collection protocol witness inherited from RandomAccessCollection; not a distinct WeatherKit-owned implementation.
s:STsE13elementsEqual_2bySbqd___Sb7ElementQz_ACQyd__tKXEtKSTRd__lF::SYNTHESIZED::s:10WeatherKit06HourlyA10StatisticsV	deferred		Swift Sequence/Collection protocol witness inherited from RandomAccessCollection; not a distinct WeatherKit-owned implementation.
s:STsE13elementsEqual_2bySbqd___Sb7ElementQz_ACQyd__tKXEtKSTRd__lF::SYNTHESIZED::s:10WeatherKit07MonthlyA10StatisticsV	deferred		Swift Sequence/Collection protocol witness inherited from RandomAccessCollection; not a distinct WeatherKit-owned implementation.
s:STsE13elementsEqual_2bySbqd___Sb7ElementQz_ACQyd__tKXEtKSTRd__lF::SYNTHESIZED::s:10WeatherKit0A7ChangesV	deferred		Swift Sequence/Collection protocol witness inherited from RandomAccessCollection; not a distinct WeatherKit-owned implementation.
s:STsE13elementsEqual_2bySbqd___Sb7ElementQz_ACQyd__tKXEtKSTRd__lF::SYNTHESIZED::s:10WeatherKit21HistoricalComparisonsV	deferred		Swift Sequence/Collection protocol witness inherited from RandomAccessCollection; not a distinct WeatherKit-owned implementation.
s:STsE13elementsEqual_2bySbqd___Sb7ElementQz_ACQyd__tKXEtKSTRd__lF::SYNTHESIZED::s:10WeatherKit8ForecastV	deferred		Swift Sequence/Collection protocol witness inherited from RandomAccessCollection; not a distinct WeatherKit-owned implementation.
s:STsE25lexicographicallyPrecedes_2bySbqd___Sb7ElementQz_ADtKXEtKSTRd__ACQyd__ADRSlF::SYNTHESIZED::s:10WeatherKit05DailyA10StatisticsV	deferred		Swift Sequence/Collection protocol witness inherited from RandomAccessCollection; not a distinct WeatherKit-owned implementation.
s:STsE25lexicographicallyPrecedes_2bySbqd___Sb7ElementQz_ADtKXEtKSTRd__ACQyd__ADRSlF::SYNTHESIZED::s:10WeatherKit05DailyA7SummaryV	deferred		Swift Sequence/Collection protocol witness inherited from RandomAccessCollection; not a distinct WeatherKit-owned implementation.
s:STsE25lexicographicallyPrecedes_2bySbqd___Sb7ElementQz_ADtKXEtKSTRd__ACQyd__ADRSlF::SYNTHESIZED::s:10WeatherKit06HourlyA10StatisticsV	deferred		Swift Sequence/Collection protocol witness inherited from RandomAccessCollection; not a distinct WeatherKit-owned implementation.
s:STsE25lexicographicallyPrecedes_2bySbqd___Sb7ElementQz_ADtKXEtKSTRd__ACQyd__ADRSlF::SYNTHESIZED::s:10WeatherKit07MonthlyA10StatisticsV	deferred		Swift Sequence/Collection protocol witness inherited from RandomAccessCollection; not a distinct WeatherKit-owned implementation.
s:STsE25lexicographicallyPrecedes_2bySbqd___Sb7ElementQz_ADtKXEtKSTRd__ACQyd__ADRSlF::SYNTHESIZED::s:10WeatherKit0A7ChangesV	deferred		Swift Sequence/Collection protocol witness inherited from RandomAccessCollection; not a distinct WeatherKit-owned implementation.
s:STsE25lexicographicallyPrecedes_2bySbqd___Sb7ElementQz_ADtKXEtKSTRd__ACQyd__ADRSlF::SYNTHESIZED::s:10WeatherKit21HistoricalComparisonsV	deferred		Swift Sequence/Collection protocol witness inherited from RandomAccessCollection; not a distinct WeatherKit-owned implementation.
s:STsE25lexicographicallyPrecedes_2bySbqd___Sb7ElementQz_ADtKXEtKSTRd__ACQyd__ADRSlF::SYNTHESIZED::s:10WeatherKit8ForecastV	deferred		Swift Sequence/Collection protocol witness inherited from RandomAccessCollection; not a distinct WeatherKit-owned implementation.
s:STsE32withContiguousStorageIfAvailableyqd__Sgqd__SRy7ElementQzGKXEKlF::SYNTHESIZED::s:10WeatherKit05DailyA10StatisticsV	deferred		Swift Sequence/Collection protocol witness inherited from RandomAccessCollection; not a distinct WeatherKit-owned implementation.
s:STsE32withContiguousStorageIfAvailableyqd__Sgqd__SRy7ElementQzGKXEKlF::SYNTHESIZED::s:10WeatherKit05DailyA7SummaryV	deferred		Swift Sequence/Collection protocol witness inherited from RandomAccessCollection; not a distinct WeatherKit-owned implementation.
s:STsE32withContiguousStorageIfAvailableyqd__Sgqd__SRy7ElementQzGKXEKlF::SYNTHESIZED::s:10WeatherKit06HourlyA10StatisticsV	deferred		Swift Sequence/Collection protocol witness inherited from RandomAccessCollection; not a distinct WeatherKit-owned implementation.
s:STsE32withContiguousStorageIfAvailableyqd__Sgqd__SRy7ElementQzGKXEKlF::SYNTHESIZED::s:10WeatherKit07MonthlyA10StatisticsV	deferred		Swift Sequence/Collection protocol witness inherited from RandomAccessCollection; not a distinct WeatherKit-owned implementation.
s:STsE32withContiguousStorageIfAvailableyqd__Sgqd__SRy7ElementQzGKXEKlF::SYNTHESIZED::s:10WeatherKit0A7ChangesV	deferred		Swift Sequence/Collection protocol witness inherited from RandomAccessCollection; not a distinct WeatherKit-owned implementation.
s:STsE32withContiguousStorageIfAvailableyqd__Sgqd__SRy7ElementQzGKXEKlF::SYNTHESIZED::s:10WeatherKit21HistoricalComparisonsV	deferred		Swift Sequence/Collection protocol witness inherited from RandomAccessCollection; not a distinct WeatherKit-owned implementation.
s:STsE32withContiguousStorageIfAvailableyqd__Sgqd__SRy7ElementQzGKXEKlF::SYNTHESIZED::s:10WeatherKit8ForecastV	deferred		Swift Sequence/Collection protocol witness inherited from RandomAccessCollection; not a distinct WeatherKit-owned implementation.
s:STsE3mapySayqd__Gqd__7ElementQzqd_0_YKXEqd_0_YKs5ErrorRd_0_r0_lF::SYNTHESIZED::s:10WeatherKit05DailyA10StatisticsV	deferred		Swift Sequence/Collection protocol witness inherited from RandomAccessCollection; not a distinct WeatherKit-owned implementation.
s:STsE3mapySayqd__Gqd__7ElementQzqd_0_YKXEqd_0_YKs5ErrorRd_0_r0_lF::SYNTHESIZED::s:10WeatherKit05DailyA7SummaryV	deferred		Swift Sequence/Collection protocol witness inherited from RandomAccessCollection; not a distinct WeatherKit-owned implementation.
s:STsE3mapySayqd__Gqd__7ElementQzqd_0_YKXEqd_0_YKs5ErrorRd_0_r0_lF::SYNTHESIZED::s:10WeatherKit06HourlyA10StatisticsV	deferred		Swift Sequence/Collection protocol witness inherited from RandomAccessCollection; not a distinct WeatherKit-owned implementation.
s:STsE3mapySayqd__Gqd__7ElementQzqd_0_YKXEqd_0_YKs5ErrorRd_0_r0_lF::SYNTHESIZED::s:10WeatherKit07MonthlyA10StatisticsV	deferred		Swift Sequence/Collection protocol witness inherited from RandomAccessCollection; not a distinct WeatherKit-owned implementation.
s:STsE3mapySayqd__Gqd__7ElementQzqd_0_YKXEqd_0_YKs5ErrorRd_0_r0_lF::SYNTHESIZED::s:10WeatherKit0A7ChangesV	deferred		Swift Sequence/Collection protocol witness inherited from RandomAccessCollection; not a distinct WeatherKit-owned implementation.
s:STsE3mapySayqd__Gqd__7ElementQzqd_0_YKXEqd_0_YKs5ErrorRd_0_r0_lF::SYNTHESIZED::s:10WeatherKit21HistoricalComparisonsV	deferred		Swift Sequence/Collection protocol witness inherited from RandomAccessCollection; not a distinct WeatherKit-owned implementation.
s:STsE3mapySayqd__Gqd__7ElementQzqd_0_YKXEqd_0_YKs5ErrorRd_0_r0_lF::SYNTHESIZED::s:10WeatherKit8ForecastV	implemented	test:full/weatherkit/tests/agent/WeatherKitCollectionTests.swift#testForecastCollectionAndCodable	Exercised inherited RandomAccessCollection/Sequence member on the Linux value type.
s:STsE3max2by7ElementQzSgSbAD_ADtKXE_tKF::SYNTHESIZED::s:10WeatherKit05DailyA10StatisticsV	deferred		Swift Sequence/Collection protocol witness inherited from RandomAccessCollection; not a distinct WeatherKit-owned implementation.
s:STsE3max2by7ElementQzSgSbAD_ADtKXE_tKF::SYNTHESIZED::s:10WeatherKit05DailyA7SummaryV	deferred		Swift Sequence/Collection protocol witness inherited from RandomAccessCollection; not a distinct WeatherKit-owned implementation.
s:STsE3max2by7ElementQzSgSbAD_ADtKXE_tKF::SYNTHESIZED::s:10WeatherKit06HourlyA10StatisticsV	deferred		Swift Sequence/Collection protocol witness inherited from RandomAccessCollection; not a distinct WeatherKit-owned implementation.
s:STsE3max2by7ElementQzSgSbAD_ADtKXE_tKF::SYNTHESIZED::s:10WeatherKit07MonthlyA10StatisticsV	deferred		Swift Sequence/Collection protocol witness inherited from RandomAccessCollection; not a distinct WeatherKit-owned implementation.
s:STsE3max2by7ElementQzSgSbAD_ADtKXE_tKF::SYNTHESIZED::s:10WeatherKit0A7ChangesV	deferred		Swift Sequence/Collection protocol witness inherited from RandomAccessCollection; not a distinct WeatherKit-owned implementation.
s:STsE3max2by7ElementQzSgSbAD_ADtKXE_tKF::SYNTHESIZED::s:10WeatherKit21HistoricalComparisonsV	deferred		Swift Sequence/Collection protocol witness inherited from RandomAccessCollection; not a distinct WeatherKit-owned implementation.
s:STsE3max2by7ElementQzSgSbAD_ADtKXE_tKF::SYNTHESIZED::s:10WeatherKit8ForecastV	deferred		Swift Sequence/Collection protocol witness inherited from RandomAccessCollection; not a distinct WeatherKit-owned implementation.
s:STsE3min2by7ElementQzSgSbAD_ADtKXE_tKF::SYNTHESIZED::s:10WeatherKit05DailyA10StatisticsV	deferred		Swift Sequence/Collection protocol witness inherited from RandomAccessCollection; not a distinct WeatherKit-owned implementation.
s:STsE3min2by7ElementQzSgSbAD_ADtKXE_tKF::SYNTHESIZED::s:10WeatherKit05DailyA7SummaryV	deferred		Swift Sequence/Collection protocol witness inherited from RandomAccessCollection; not a distinct WeatherKit-owned implementation.
s:STsE3min2by7ElementQzSgSbAD_ADtKXE_tKF::SYNTHESIZED::s:10WeatherKit06HourlyA10StatisticsV	deferred		Swift Sequence/Collection protocol witness inherited from RandomAccessCollection; not a distinct WeatherKit-owned implementation.
s:STsE3min2by7ElementQzSgSbAD_ADtKXE_tKF::SYNTHESIZED::s:10WeatherKit07MonthlyA10StatisticsV	deferred		Swift Sequence/Collection protocol witness inherited from RandomAccessCollection; not a distinct WeatherKit-owned implementation.
s:STsE3min2by7ElementQzSgSbAD_ADtKXE_tKF::SYNTHESIZED::s:10WeatherKit0A7ChangesV	deferred		Swift Sequence/Collection protocol witness inherited from RandomAccessCollection; not a distinct WeatherKit-owned implementation.
s:STsE3min2by7ElementQzSgSbAD_ADtKXE_tKF::SYNTHESIZED::s:10WeatherKit21HistoricalComparisonsV	deferred		Swift Sequence/Collection protocol witness inherited from RandomAccessCollection; not a distinct WeatherKit-owned implementation.
s:STsE3min2by7ElementQzSgSbAD_ADtKXE_tKF::SYNTHESIZED::s:10WeatherKit8ForecastV	deferred		Swift Sequence/Collection protocol witness inherited from RandomAccessCollection; not a distinct WeatherKit-owned implementation.
s:STsE4lazys12LazySequenceVyxGvp::SYNTHESIZED::s:10WeatherKit05DailyA10StatisticsV	deferred		Swift Sequence/Collection protocol witness inherited from RandomAccessCollection; not a distinct WeatherKit-owned implementation.
s:STsE4lazys12LazySequenceVyxGvp::SYNTHESIZED::s:10WeatherKit05DailyA7SummaryV	deferred		Swift Sequence/Collection protocol witness inherited from RandomAccessCollection; not a distinct WeatherKit-owned implementation.
s:STsE4lazys12LazySequenceVyxGvp::SYNTHESIZED::s:10WeatherKit06HourlyA10StatisticsV	deferred		Swift Sequence/Collection protocol witness inherited from RandomAccessCollection; not a distinct WeatherKit-owned implementation.
s:STsE4lazys12LazySequenceVyxGvp::SYNTHESIZED::s:10WeatherKit07MonthlyA10StatisticsV	deferred		Swift Sequence/Collection protocol witness inherited from RandomAccessCollection; not a distinct WeatherKit-owned implementation.
s:STsE4lazys12LazySequenceVyxGvp::SYNTHESIZED::s:10WeatherKit0A7ChangesV	deferred		Swift Sequence/Collection protocol witness inherited from RandomAccessCollection; not a distinct WeatherKit-owned implementation.
s:STsE4lazys12LazySequenceVyxGvp::SYNTHESIZED::s:10WeatherKit21HistoricalComparisonsV	deferred		Swift Sequence/Collection protocol witness inherited from RandomAccessCollection; not a distinct WeatherKit-owned implementation.
s:STsE4lazys12LazySequenceVyxGvp::SYNTHESIZED::s:10WeatherKit8ForecastV	deferred		Swift Sequence/Collection protocol witness inherited from RandomAccessCollection; not a distinct WeatherKit-owned implementation.
s:STsE5count5whereSiSb7ElementQzqd__YKXE_tqd__YKs5ErrorRd__lF::SYNTHESIZED::s:10WeatherKit05DailyA10StatisticsV	deferred		Swift Sequence/Collection protocol witness inherited from RandomAccessCollection; not a distinct WeatherKit-owned implementation.
s:STsE5count5whereSiSb7ElementQzqd__YKXE_tqd__YKs5ErrorRd__lF::SYNTHESIZED::s:10WeatherKit05DailyA7SummaryV	deferred		Swift Sequence/Collection protocol witness inherited from RandomAccessCollection; not a distinct WeatherKit-owned implementation.
s:STsE5count5whereSiSb7ElementQzqd__YKXE_tqd__YKs5ErrorRd__lF::SYNTHESIZED::s:10WeatherKit06HourlyA10StatisticsV	deferred		Swift Sequence/Collection protocol witness inherited from RandomAccessCollection; not a distinct WeatherKit-owned implementation.
s:STsE5count5whereSiSb7ElementQzqd__YKXE_tqd__YKs5ErrorRd__lF::SYNTHESIZED::s:10WeatherKit07MonthlyA10StatisticsV	deferred		Swift Sequence/Collection protocol witness inherited from RandomAccessCollection; not a distinct WeatherKit-owned implementation.
s:STsE5count5whereSiSb7ElementQzqd__YKXE_tqd__YKs5ErrorRd__lF::SYNTHESIZED::s:10WeatherKit0A7ChangesV	deferred		Swift Sequence/Collection protocol witness inherited from RandomAccessCollection; not a distinct WeatherKit-owned implementation.
s:STsE5count5whereSiSb7ElementQzqd__YKXE_tqd__YKs5ErrorRd__lF::SYNTHESIZED::s:10WeatherKit21HistoricalComparisonsV	deferred		Swift Sequence/Collection protocol witness inherited from RandomAccessCollection; not a distinct WeatherKit-owned implementation.
s:STsE5count5whereSiSb7ElementQzqd__YKXE_tqd__YKs5ErrorRd__lF::SYNTHESIZED::s:10WeatherKit8ForecastV	deferred		Swift Sequence/Collection protocol witness inherited from RandomAccessCollection; not a distinct WeatherKit-owned implementation.
s:STsE5first5where7ElementQzSgSbADKXE_tKF::SYNTHESIZED::s:10WeatherKit05DailyA10StatisticsV	deferred		Swift Sequence/Collection protocol witness inherited from RandomAccessCollection; not a distinct WeatherKit-owned implementation.
s:STsE5first5where7ElementQzSgSbADKXE_tKF::SYNTHESIZED::s:10WeatherKit05DailyA7SummaryV	deferred		Swift Sequence/Collection protocol witness inherited from RandomAccessCollection; not a distinct WeatherKit-owned implementation.
s:STsE5first5where7ElementQzSgSbADKXE_tKF::SYNTHESIZED::s:10WeatherKit06HourlyA10StatisticsV	deferred		Swift Sequence/Collection protocol witness inherited from RandomAccessCollection; not a distinct WeatherKit-owned implementation.
s:STsE5first5where7ElementQzSgSbADKXE_tKF::SYNTHESIZED::s:10WeatherKit07MonthlyA10StatisticsV	deferred		Swift Sequence/Collection protocol witness inherited from RandomAccessCollection; not a distinct WeatherKit-owned implementation.
s:STsE5first5where7ElementQzSgSbADKXE_tKF::SYNTHESIZED::s:10WeatherKit0A7ChangesV	deferred		Swift Sequence/Collection protocol witness inherited from RandomAccessCollection; not a distinct WeatherKit-owned implementation.
s:STsE5first5where7ElementQzSgSbADKXE_tKF::SYNTHESIZED::s:10WeatherKit21HistoricalComparisonsV	deferred		Swift Sequence/Collection protocol witness inherited from RandomAccessCollection; not a distinct WeatherKit-owned implementation.
s:STsE5first5where7ElementQzSgSbADKXE_tKF::SYNTHESIZED::s:10WeatherKit8ForecastV	deferred		Swift Sequence/Collection protocol witness inherited from RandomAccessCollection; not a distinct WeatherKit-owned implementation.
s:STsE6filterySay7ElementQzGSbACKXEKF::SYNTHESIZED::s:10WeatherKit05DailyA10StatisticsV	deferred		Swift Sequence/Collection protocol witness inherited from RandomAccessCollection; not a distinct WeatherKit-owned implementation.
s:STsE6filterySay7ElementQzGSbACKXEKF::SYNTHESIZED::s:10WeatherKit05DailyA7SummaryV	deferred		Swift Sequence/Collection protocol witness inherited from RandomAccessCollection; not a distinct WeatherKit-owned implementation.
s:STsE6filterySay7ElementQzGSbACKXEKF::SYNTHESIZED::s:10WeatherKit06HourlyA10StatisticsV	deferred		Swift Sequence/Collection protocol witness inherited from RandomAccessCollection; not a distinct WeatherKit-owned implementation.
s:STsE6filterySay7ElementQzGSbACKXEKF::SYNTHESIZED::s:10WeatherKit07MonthlyA10StatisticsV	deferred		Swift Sequence/Collection protocol witness inherited from RandomAccessCollection; not a distinct WeatherKit-owned implementation.
s:STsE6filterySay7ElementQzGSbACKXEKF::SYNTHESIZED::s:10WeatherKit0A7ChangesV	deferred		Swift Sequence/Collection protocol witness inherited from RandomAccessCollection; not a distinct WeatherKit-owned implementation.
s:STsE6filterySay7ElementQzGSbACKXEKF::SYNTHESIZED::s:10WeatherKit21HistoricalComparisonsV	deferred		Swift Sequence/Collection protocol witness inherited from RandomAccessCollection; not a distinct WeatherKit-owned implementation.
s:STsE6filterySay7ElementQzGSbACKXEKF::SYNTHESIZED::s:10WeatherKit8ForecastV	deferred		Swift Sequence/Collection protocol witness inherited from RandomAccessCollection; not a distinct WeatherKit-owned implementation.
s:STsE6reduce4into_qd__qd__n_yqd__z_7ElementQztKXEtKlF::SYNTHESIZED::s:10WeatherKit05DailyA10StatisticsV	deferred		Swift Sequence/Collection protocol witness inherited from RandomAccessCollection; not a distinct WeatherKit-owned implementation.
s:STsE6reduce4into_qd__qd__n_yqd__z_7ElementQztKXEtKlF::SYNTHESIZED::s:10WeatherKit05DailyA7SummaryV	deferred		Swift Sequence/Collection protocol witness inherited from RandomAccessCollection; not a distinct WeatherKit-owned implementation.
s:STsE6reduce4into_qd__qd__n_yqd__z_7ElementQztKXEtKlF::SYNTHESIZED::s:10WeatherKit06HourlyA10StatisticsV	deferred		Swift Sequence/Collection protocol witness inherited from RandomAccessCollection; not a distinct WeatherKit-owned implementation.
s:STsE6reduce4into_qd__qd__n_yqd__z_7ElementQztKXEtKlF::SYNTHESIZED::s:10WeatherKit07MonthlyA10StatisticsV	deferred		Swift Sequence/Collection protocol witness inherited from RandomAccessCollection; not a distinct WeatherKit-owned implementation.
s:STsE6reduce4into_qd__qd__n_yqd__z_7ElementQztKXEtKlF::SYNTHESIZED::s:10WeatherKit0A7ChangesV	deferred		Swift Sequence/Collection protocol witness inherited from RandomAccessCollection; not a distinct WeatherKit-owned implementation.
s:STsE6reduce4into_qd__qd__n_yqd__z_7ElementQztKXEtKlF::SYNTHESIZED::s:10WeatherKit21HistoricalComparisonsV	deferred		Swift Sequence/Collection protocol witness inherited from RandomAccessCollection; not a distinct WeatherKit-owned implementation.
s:STsE6reduce4into_qd__qd__n_yqd__z_7ElementQztKXEtKlF::SYNTHESIZED::s:10WeatherKit8ForecastV	deferred		Swift Sequence/Collection protocol witness inherited from RandomAccessCollection; not a distinct WeatherKit-owned implementation.
s:STsE6reduceyqd__qd___qd__qd___7ElementQztKXEtKlF::SYNTHESIZED::s:10WeatherKit05DailyA10StatisticsV	deferred		Swift Sequence/Collection protocol witness inherited from RandomAccessCollection; not a distinct WeatherKit-owned implementation.
s:STsE6reduceyqd__qd___qd__qd___7ElementQztKXEtKlF::SYNTHESIZED::s:10WeatherKit05DailyA7SummaryV	deferred		Swift Sequence/Collection protocol witness inherited from RandomAccessCollection; not a distinct WeatherKit-owned implementation.
s:STsE6reduceyqd__qd___qd__qd___7ElementQztKXEtKlF::SYNTHESIZED::s:10WeatherKit06HourlyA10StatisticsV	deferred		Swift Sequence/Collection protocol witness inherited from RandomAccessCollection; not a distinct WeatherKit-owned implementation.
s:STsE6reduceyqd__qd___qd__qd___7ElementQztKXEtKlF::SYNTHESIZED::s:10WeatherKit07MonthlyA10StatisticsV	deferred		Swift Sequence/Collection protocol witness inherited from RandomAccessCollection; not a distinct WeatherKit-owned implementation.
s:STsE6reduceyqd__qd___qd__qd___7ElementQztKXEtKlF::SYNTHESIZED::s:10WeatherKit0A7ChangesV	deferred		Swift Sequence/Collection protocol witness inherited from RandomAccessCollection; not a distinct WeatherKit-owned implementation.
s:STsE6reduceyqd__qd___qd__qd___7ElementQztKXEtKlF::SYNTHESIZED::s:10WeatherKit21HistoricalComparisonsV	deferred		Swift Sequence/Collection protocol witness inherited from RandomAccessCollection; not a distinct WeatherKit-owned implementation.
s:STsE6reduceyqd__qd___qd__qd___7ElementQztKXEtKlF::SYNTHESIZED::s:10WeatherKit8ForecastV	deferred		Swift Sequence/Collection protocol witness inherited from RandomAccessCollection; not a distinct WeatherKit-owned implementation.
s:STsE6sorted2bySay7ElementQzGSbAD_ADtKXE_tKF::SYNTHESIZED::s:10WeatherKit05DailyA10StatisticsV	deferred		Swift Sequence/Collection protocol witness inherited from RandomAccessCollection; not a distinct WeatherKit-owned implementation.
s:STsE6sorted2bySay7ElementQzGSbAD_ADtKXE_tKF::SYNTHESIZED::s:10WeatherKit05DailyA7SummaryV	deferred		Swift Sequence/Collection protocol witness inherited from RandomAccessCollection; not a distinct WeatherKit-owned implementation.
s:STsE6sorted2bySay7ElementQzGSbAD_ADtKXE_tKF::SYNTHESIZED::s:10WeatherKit06HourlyA10StatisticsV	deferred		Swift Sequence/Collection protocol witness inherited from RandomAccessCollection; not a distinct WeatherKit-owned implementation.
s:STsE6sorted2bySay7ElementQzGSbAD_ADtKXE_tKF::SYNTHESIZED::s:10WeatherKit07MonthlyA10StatisticsV	deferred		Swift Sequence/Collection protocol witness inherited from RandomAccessCollection; not a distinct WeatherKit-owned implementation.
s:STsE6sorted2bySay7ElementQzGSbAD_ADtKXE_tKF::SYNTHESIZED::s:10WeatherKit0A7ChangesV	deferred		Swift Sequence/Collection protocol witness inherited from RandomAccessCollection; not a distinct WeatherKit-owned implementation.
s:STsE6sorted2bySay7ElementQzGSbAD_ADtKXE_tKF::SYNTHESIZED::s:10WeatherKit21HistoricalComparisonsV	deferred		Swift Sequence/Collection protocol witness inherited from RandomAccessCollection; not a distinct WeatherKit-owned implementation.
s:STsE6sorted2bySay7ElementQzGSbAD_ADtKXE_tKF::SYNTHESIZED::s:10WeatherKit8ForecastV	deferred		Swift Sequence/Collection protocol witness inherited from RandomAccessCollection; not a distinct WeatherKit-owned implementation.
s:STsE6starts4with2bySbqd___Sb7ElementQz_ADQyd__tKXEtKSTRd__lF::SYNTHESIZED::s:10WeatherKit05DailyA10StatisticsV	deferred		Swift Sequence/Collection protocol witness inherited from RandomAccessCollection; not a distinct WeatherKit-owned implementation.
s:STsE6starts4with2bySbqd___Sb7ElementQz_ADQyd__tKXEtKSTRd__lF::SYNTHESIZED::s:10WeatherKit05DailyA7SummaryV	deferred		Swift Sequence/Collection protocol witness inherited from RandomAccessCollection; not a distinct WeatherKit-owned implementation.
s:STsE6starts4with2bySbqd___Sb7ElementQz_ADQyd__tKXEtKSTRd__lF::SYNTHESIZED::s:10WeatherKit06HourlyA10StatisticsV	deferred		Swift Sequence/Collection protocol witness inherited from RandomAccessCollection; not a distinct WeatherKit-owned implementation.
s:STsE6starts4with2bySbqd___Sb7ElementQz_ADQyd__tKXEtKSTRd__lF::SYNTHESIZED::s:10WeatherKit07MonthlyA10StatisticsV	deferred		Swift Sequence/Collection protocol witness inherited from RandomAccessCollection; not a distinct WeatherKit-owned implementation.
s:STsE6starts4with2bySbqd___Sb7ElementQz_ADQyd__tKXEtKSTRd__lF::SYNTHESIZED::s:10WeatherKit0A7ChangesV	deferred		Swift Sequence/Collection protocol witness inherited from RandomAccessCollection; not a distinct WeatherKit-owned implementation.
s:STsE6starts4with2bySbqd___Sb7ElementQz_ADQyd__tKXEtKSTRd__lF::SYNTHESIZED::s:10WeatherKit21HistoricalComparisonsV	deferred		Swift Sequence/Collection protocol witness inherited from RandomAccessCollection; not a distinct WeatherKit-owned implementation.
s:STsE6starts4with2bySbqd___Sb7ElementQz_ADQyd__tKXEtKSTRd__lF::SYNTHESIZED::s:10WeatherKit8ForecastV	deferred		Swift Sequence/Collection protocol witness inherited from RandomAccessCollection; not a distinct WeatherKit-owned implementation.
s:STsE7flatMapySay7ElementQyd__Gqd__ABQzKXEKSTRd__lF::SYNTHESIZED::s:10WeatherKit05DailyA10StatisticsV	deferred		Swift Sequence/Collection protocol witness inherited from RandomAccessCollection; not a distinct WeatherKit-owned implementation.
s:STsE7flatMapySay7ElementQyd__Gqd__ABQzKXEKSTRd__lF::SYNTHESIZED::s:10WeatherKit05DailyA7SummaryV	deferred		Swift Sequence/Collection protocol witness inherited from RandomAccessCollection; not a distinct WeatherKit-owned implementation.
s:STsE7flatMapySay7ElementQyd__Gqd__ABQzKXEKSTRd__lF::SYNTHESIZED::s:10WeatherKit06HourlyA10StatisticsV	deferred		Swift Sequence/Collection protocol witness inherited from RandomAccessCollection; not a distinct WeatherKit-owned implementation.
s:STsE7flatMapySay7ElementQyd__Gqd__ABQzKXEKSTRd__lF::SYNTHESIZED::s:10WeatherKit07MonthlyA10StatisticsV	deferred		Swift Sequence/Collection protocol witness inherited from RandomAccessCollection; not a distinct WeatherKit-owned implementation.
s:STsE7flatMapySay7ElementQyd__Gqd__ABQzKXEKSTRd__lF::SYNTHESIZED::s:10WeatherKit0A7ChangesV	deferred		Swift Sequence/Collection protocol witness inherited from RandomAccessCollection; not a distinct WeatherKit-owned implementation.
s:STsE7flatMapySay7ElementQyd__Gqd__ABQzKXEKSTRd__lF::SYNTHESIZED::s:10WeatherKit21HistoricalComparisonsV	deferred		Swift Sequence/Collection protocol witness inherited from RandomAccessCollection; not a distinct WeatherKit-owned implementation.
s:STsE7flatMapySay7ElementQyd__Gqd__ABQzKXEKSTRd__lF::SYNTHESIZED::s:10WeatherKit8ForecastV	deferred		Swift Sequence/Collection protocol witness inherited from RandomAccessCollection; not a distinct WeatherKit-owned implementation.
s:STsE7flatMapySayqd__Gqd__Sg7ElementQzKXEKlF::SYNTHESIZED::s:10WeatherKit05DailyA10StatisticsV	deferred		Swift Sequence/Collection protocol witness inherited from RandomAccessCollection; not a distinct WeatherKit-owned implementation.
s:STsE7flatMapySayqd__Gqd__Sg7ElementQzKXEKlF::SYNTHESIZED::s:10WeatherKit05DailyA7SummaryV	deferred		Swift Sequence/Collection protocol witness inherited from RandomAccessCollection; not a distinct WeatherKit-owned implementation.
s:STsE7flatMapySayqd__Gqd__Sg7ElementQzKXEKlF::SYNTHESIZED::s:10WeatherKit06HourlyA10StatisticsV	deferred		Swift Sequence/Collection protocol witness inherited from RandomAccessCollection; not a distinct WeatherKit-owned implementation.
s:STsE7flatMapySayqd__Gqd__Sg7ElementQzKXEKlF::SYNTHESIZED::s:10WeatherKit07MonthlyA10StatisticsV	deferred		Swift Sequence/Collection protocol witness inherited from RandomAccessCollection; not a distinct WeatherKit-owned implementation.
s:STsE7flatMapySayqd__Gqd__Sg7ElementQzKXEKlF::SYNTHESIZED::s:10WeatherKit0A7ChangesV	deferred		Swift Sequence/Collection protocol witness inherited from RandomAccessCollection; not a distinct WeatherKit-owned implementation.
s:STsE7flatMapySayqd__Gqd__Sg7ElementQzKXEKlF::SYNTHESIZED::s:10WeatherKit21HistoricalComparisonsV	deferred		Swift Sequence/Collection protocol witness inherited from RandomAccessCollection; not a distinct WeatherKit-owned implementation.
s:STsE7flatMapySayqd__Gqd__Sg7ElementQzKXEKlF::SYNTHESIZED::s:10WeatherKit8ForecastV	deferred		Swift Sequence/Collection protocol witness inherited from RandomAccessCollection; not a distinct WeatherKit-owned implementation.
s:STsE7forEachyyy7ElementQzKXEKF::SYNTHESIZED::s:10WeatherKit05DailyA10StatisticsV	deferred		Swift Sequence/Collection protocol witness inherited from RandomAccessCollection; not a distinct WeatherKit-owned implementation.
s:STsE7forEachyyy7ElementQzKXEKF::SYNTHESIZED::s:10WeatherKit05DailyA7SummaryV	deferred		Swift Sequence/Collection protocol witness inherited from RandomAccessCollection; not a distinct WeatherKit-owned implementation.
s:STsE7forEachyyy7ElementQzKXEKF::SYNTHESIZED::s:10WeatherKit06HourlyA10StatisticsV	deferred		Swift Sequence/Collection protocol witness inherited from RandomAccessCollection; not a distinct WeatherKit-owned implementation.
s:STsE7forEachyyy7ElementQzKXEKF::SYNTHESIZED::s:10WeatherKit07MonthlyA10StatisticsV	deferred		Swift Sequence/Collection protocol witness inherited from RandomAccessCollection; not a distinct WeatherKit-owned implementation.
s:STsE7forEachyyy7ElementQzKXEKF::SYNTHESIZED::s:10WeatherKit0A7ChangesV	deferred		Swift Sequence/Collection protocol witness inherited from RandomAccessCollection; not a distinct WeatherKit-owned implementation.
s:STsE7forEachyyy7ElementQzKXEKF::SYNTHESIZED::s:10WeatherKit21HistoricalComparisonsV	deferred		Swift Sequence/Collection protocol witness inherited from RandomAccessCollection; not a distinct WeatherKit-owned implementation.
s:STsE7forEachyyy7ElementQzKXEKF::SYNTHESIZED::s:10WeatherKit8ForecastV	deferred		Swift Sequence/Collection protocol witness inherited from RandomAccessCollection; not a distinct WeatherKit-owned implementation.
s:STsE8contains5whereS2b7ElementQzKXE_tKF::SYNTHESIZED::s:10WeatherKit05DailyA10StatisticsV	deferred		Swift Sequence/Collection protocol witness inherited from RandomAccessCollection; not a distinct WeatherKit-owned implementation.
s:STsE8contains5whereS2b7ElementQzKXE_tKF::SYNTHESIZED::s:10WeatherKit05DailyA7SummaryV	deferred		Swift Sequence/Collection protocol witness inherited from RandomAccessCollection; not a distinct WeatherKit-owned implementation.
s:STsE8contains5whereS2b7ElementQzKXE_tKF::SYNTHESIZED::s:10WeatherKit06HourlyA10StatisticsV	deferred		Swift Sequence/Collection protocol witness inherited from RandomAccessCollection; not a distinct WeatherKit-owned implementation.
s:STsE8contains5whereS2b7ElementQzKXE_tKF::SYNTHESIZED::s:10WeatherKit07MonthlyA10StatisticsV	deferred		Swift Sequence/Collection protocol witness inherited from RandomAccessCollection; not a distinct WeatherKit-owned implementation.
s:STsE8contains5whereS2b7ElementQzKXE_tKF::SYNTHESIZED::s:10WeatherKit0A7ChangesV	deferred		Swift Sequence/Collection protocol witness inherited from RandomAccessCollection; not a distinct WeatherKit-owned implementation.
s:STsE8contains5whereS2b7ElementQzKXE_tKF::SYNTHESIZED::s:10WeatherKit21HistoricalComparisonsV	deferred		Swift Sequence/Collection protocol witness inherited from RandomAccessCollection; not a distinct WeatherKit-owned implementation.
s:STsE8contains5whereS2b7ElementQzKXE_tKF::SYNTHESIZED::s:10WeatherKit8ForecastV	implemented	test:full/weatherkit/tests/agent/WeatherKitCollectionTests.swift#testForecastCollectionAndCodable	Exercised inherited RandomAccessCollection/Sequence member on the Linux value type.
s:STsE8shuffled5usingSay7ElementQzGqd__z_tSGRd__lF::SYNTHESIZED::s:10WeatherKit05DailyA10StatisticsV	deferred		Swift Sequence/Collection protocol witness inherited from RandomAccessCollection; not a distinct WeatherKit-owned implementation.
s:STsE8shuffled5usingSay7ElementQzGqd__z_tSGRd__lF::SYNTHESIZED::s:10WeatherKit05DailyA7SummaryV	deferred		Swift Sequence/Collection protocol witness inherited from RandomAccessCollection; not a distinct WeatherKit-owned implementation.
s:STsE8shuffled5usingSay7ElementQzGqd__z_tSGRd__lF::SYNTHESIZED::s:10WeatherKit06HourlyA10StatisticsV	deferred		Swift Sequence/Collection protocol witness inherited from RandomAccessCollection; not a distinct WeatherKit-owned implementation.
s:STsE8shuffled5usingSay7ElementQzGqd__z_tSGRd__lF::SYNTHESIZED::s:10WeatherKit07MonthlyA10StatisticsV	deferred		Swift Sequence/Collection protocol witness inherited from RandomAccessCollection; not a distinct WeatherKit-owned implementation.
s:STsE8shuffled5usingSay7ElementQzGqd__z_tSGRd__lF::SYNTHESIZED::s:10WeatherKit0A7ChangesV	deferred		Swift Sequence/Collection protocol witness inherited from RandomAccessCollection; not a distinct WeatherKit-owned implementation.
s:STsE8shuffled5usingSay7ElementQzGqd__z_tSGRd__lF::SYNTHESIZED::s:10WeatherKit21HistoricalComparisonsV	deferred		Swift Sequence/Collection protocol witness inherited from RandomAccessCollection; not a distinct WeatherKit-owned implementation.
s:STsE8shuffled5usingSay7ElementQzGqd__z_tSGRd__lF::SYNTHESIZED::s:10WeatherKit8ForecastV	deferred		Swift Sequence/Collection protocol witness inherited from RandomAccessCollection; not a distinct WeatherKit-owned implementation.
s:STsE8shuffledSay7ElementQzGyF::SYNTHESIZED::s:10WeatherKit05DailyA10StatisticsV	deferred		Swift Sequence/Collection protocol witness inherited from RandomAccessCollection; not a distinct WeatherKit-owned implementation.
s:STsE8shuffledSay7ElementQzGyF::SYNTHESIZED::s:10WeatherKit05DailyA7SummaryV	deferred		Swift Sequence/Collection protocol witness inherited from RandomAccessCollection; not a distinct WeatherKit-owned implementation.
s:STsE8shuffledSay7ElementQzGyF::SYNTHESIZED::s:10WeatherKit06HourlyA10StatisticsV	deferred		Swift Sequence/Collection protocol witness inherited from RandomAccessCollection; not a distinct WeatherKit-owned implementation.
s:STsE8shuffledSay7ElementQzGyF::SYNTHESIZED::s:10WeatherKit07MonthlyA10StatisticsV	deferred		Swift Sequence/Collection protocol witness inherited from RandomAccessCollection; not a distinct WeatherKit-owned implementation.
s:STsE8shuffledSay7ElementQzGyF::SYNTHESIZED::s:10WeatherKit0A7ChangesV	deferred		Swift Sequence/Collection protocol witness inherited from RandomAccessCollection; not a distinct WeatherKit-owned implementation.
s:STsE8shuffledSay7ElementQzGyF::SYNTHESIZED::s:10WeatherKit21HistoricalComparisonsV	deferred		Swift Sequence/Collection protocol witness inherited from RandomAccessCollection; not a distinct WeatherKit-owned implementation.
s:STsE8shuffledSay7ElementQzGyF::SYNTHESIZED::s:10WeatherKit8ForecastV	deferred		Swift Sequence/Collection protocol witness inherited from RandomAccessCollection; not a distinct WeatherKit-owned implementation.
s:STsSL7ElementRpzrlE25lexicographicallyPrecedesySbqd__STRd__AAQyd__ABRSlF::SYNTHESIZED::s:10WeatherKit05DailyA10StatisticsV	deferred		Swift Sequence/Collection protocol witness inherited from RandomAccessCollection; not a distinct WeatherKit-owned implementation.
s:STsSL7ElementRpzrlE25lexicographicallyPrecedesySbqd__STRd__AAQyd__ABRSlF::SYNTHESIZED::s:10WeatherKit05DailyA7SummaryV	deferred		Swift Sequence/Collection protocol witness inherited from RandomAccessCollection; not a distinct WeatherKit-owned implementation.
s:STsSL7ElementRpzrlE25lexicographicallyPrecedesySbqd__STRd__AAQyd__ABRSlF::SYNTHESIZED::s:10WeatherKit06HourlyA10StatisticsV	deferred		Swift Sequence/Collection protocol witness inherited from RandomAccessCollection; not a distinct WeatherKit-owned implementation.
s:STsSL7ElementRpzrlE25lexicographicallyPrecedesySbqd__STRd__AAQyd__ABRSlF::SYNTHESIZED::s:10WeatherKit07MonthlyA10StatisticsV	deferred		Swift Sequence/Collection protocol witness inherited from RandomAccessCollection; not a distinct WeatherKit-owned implementation.
s:STsSL7ElementRpzrlE25lexicographicallyPrecedesySbqd__STRd__AAQyd__ABRSlF::SYNTHESIZED::s:10WeatherKit8ForecastV	deferred		Swift Sequence/Collection protocol witness inherited from RandomAccessCollection; not a distinct WeatherKit-owned implementation.
s:STsSL7ElementRpzrlE3maxABSgyF::SYNTHESIZED::s:10WeatherKit05DailyA10StatisticsV	deferred		Swift Sequence/Collection protocol witness inherited from RandomAccessCollection; not a distinct WeatherKit-owned implementation.
s:STsSL7ElementRpzrlE3maxABSgyF::SYNTHESIZED::s:10WeatherKit05DailyA7SummaryV	deferred		Swift Sequence/Collection protocol witness inherited from RandomAccessCollection; not a distinct WeatherKit-owned implementation.
s:STsSL7ElementRpzrlE3maxABSgyF::SYNTHESIZED::s:10WeatherKit06HourlyA10StatisticsV	deferred		Swift Sequence/Collection protocol witness inherited from RandomAccessCollection; not a distinct WeatherKit-owned implementation.
s:STsSL7ElementRpzrlE3maxABSgyF::SYNTHESIZED::s:10WeatherKit07MonthlyA10StatisticsV	deferred		Swift Sequence/Collection protocol witness inherited from RandomAccessCollection; not a distinct WeatherKit-owned implementation.
s:STsSL7ElementRpzrlE3maxABSgyF::SYNTHESIZED::s:10WeatherKit8ForecastV	deferred		Swift Sequence/Collection protocol witness inherited from RandomAccessCollection; not a distinct WeatherKit-owned implementation.
s:STsSL7ElementRpzrlE3minABSgyF::SYNTHESIZED::s:10WeatherKit05DailyA10StatisticsV	deferred		Swift Sequence/Collection protocol witness inherited from RandomAccessCollection; not a distinct WeatherKit-owned implementation.
s:STsSL7ElementRpzrlE3minABSgyF::SYNTHESIZED::s:10WeatherKit05DailyA7SummaryV	deferred		Swift Sequence/Collection protocol witness inherited from RandomAccessCollection; not a distinct WeatherKit-owned implementation.
s:STsSL7ElementRpzrlE3minABSgyF::SYNTHESIZED::s:10WeatherKit06HourlyA10StatisticsV	deferred		Swift Sequence/Collection protocol witness inherited from RandomAccessCollection; not a distinct WeatherKit-owned implementation.
s:STsSL7ElementRpzrlE3minABSgyF::SYNTHESIZED::s:10WeatherKit07MonthlyA10StatisticsV	deferred		Swift Sequence/Collection protocol witness inherited from RandomAccessCollection; not a distinct WeatherKit-owned implementation.
s:STsSL7ElementRpzrlE3minABSgyF::SYNTHESIZED::s:10WeatherKit8ForecastV	deferred		Swift Sequence/Collection protocol witness inherited from RandomAccessCollection; not a distinct WeatherKit-owned implementation.
s:STsSL7ElementRpzrlE6sortedSayABGyF::SYNTHESIZED::s:10WeatherKit05DailyA10StatisticsV	deferred		Swift Sequence/Collection protocol witness inherited from RandomAccessCollection; not a distinct WeatherKit-owned implementation.
s:STsSL7ElementRpzrlE6sortedSayABGyF::SYNTHESIZED::s:10WeatherKit05DailyA7SummaryV	deferred		Swift Sequence/Collection protocol witness inherited from RandomAccessCollection; not a distinct WeatherKit-owned implementation.
s:STsSL7ElementRpzrlE6sortedSayABGyF::SYNTHESIZED::s:10WeatherKit06HourlyA10StatisticsV	deferred		Swift Sequence/Collection protocol witness inherited from RandomAccessCollection; not a distinct WeatherKit-owned implementation.
s:STsSL7ElementRpzrlE6sortedSayABGyF::SYNTHESIZED::s:10WeatherKit07MonthlyA10StatisticsV	deferred		Swift Sequence/Collection protocol witness inherited from RandomAccessCollection; not a distinct WeatherKit-owned implementation.
s:STsSL7ElementRpzrlE6sortedSayABGyF::SYNTHESIZED::s:10WeatherKit8ForecastV	deferred		Swift Sequence/Collection protocol witness inherited from RandomAccessCollection; not a distinct WeatherKit-owned implementation.
s:STsSQ7ElementRpzrlE13elementsEqualySbqd__STRd__AAQyd__ABRSlF::SYNTHESIZED::s:10WeatherKit05DailyA10StatisticsV	deferred		Swift Sequence/Collection protocol witness inherited from RandomAccessCollection; not a distinct WeatherKit-owned implementation.
s:STsSQ7ElementRpzrlE13elementsEqualySbqd__STRd__AAQyd__ABRSlF::SYNTHESIZED::s:10WeatherKit05DailyA7SummaryV	deferred		Swift Sequence/Collection protocol witness inherited from RandomAccessCollection; not a distinct WeatherKit-owned implementation.
s:STsSQ7ElementRpzrlE13elementsEqualySbqd__STRd__AAQyd__ABRSlF::SYNTHESIZED::s:10WeatherKit06HourlyA10StatisticsV	deferred		Swift Sequence/Collection protocol witness inherited from RandomAccessCollection; not a distinct WeatherKit-owned implementation.
s:STsSQ7ElementRpzrlE13elementsEqualySbqd__STRd__AAQyd__ABRSlF::SYNTHESIZED::s:10WeatherKit07MonthlyA10StatisticsV	deferred		Swift Sequence/Collection protocol witness inherited from RandomAccessCollection; not a distinct WeatherKit-owned implementation.
s:STsSQ7ElementRpzrlE13elementsEqualySbqd__STRd__AAQyd__ABRSlF::SYNTHESIZED::s:10WeatherKit0A7ChangesV	deferred		Swift Sequence/Collection protocol witness inherited from RandomAccessCollection; not a distinct WeatherKit-owned implementation.
s:STsSQ7ElementRpzrlE13elementsEqualySbqd__STRd__AAQyd__ABRSlF::SYNTHESIZED::s:10WeatherKit21HistoricalComparisonsV	deferred		Swift Sequence/Collection protocol witness inherited from RandomAccessCollection; not a distinct WeatherKit-owned implementation.
s:STsSQ7ElementRpzrlE13elementsEqualySbqd__STRd__AAQyd__ABRSlF::SYNTHESIZED::s:10WeatherKit8ForecastV	deferred		Swift Sequence/Collection protocol witness inherited from RandomAccessCollection; not a distinct WeatherKit-owned implementation.
s:STsSQ7ElementRpzrlE6starts4withSbqd___tSTRd__AAQyd__ABRSlF::SYNTHESIZED::s:10WeatherKit05DailyA10StatisticsV	deferred		Swift Sequence/Collection protocol witness inherited from RandomAccessCollection; not a distinct WeatherKit-owned implementation.
s:STsSQ7ElementRpzrlE6starts4withSbqd___tSTRd__AAQyd__ABRSlF::SYNTHESIZED::s:10WeatherKit05DailyA7SummaryV	deferred		Swift Sequence/Collection protocol witness inherited from RandomAccessCollection; not a distinct WeatherKit-owned implementation.
s:STsSQ7ElementRpzrlE6starts4withSbqd___tSTRd__AAQyd__ABRSlF::SYNTHESIZED::s:10WeatherKit06HourlyA10StatisticsV	deferred		Swift Sequence/Collection protocol witness inherited from RandomAccessCollection; not a distinct WeatherKit-owned implementation.
s:STsSQ7ElementRpzrlE6starts4withSbqd___tSTRd__AAQyd__ABRSlF::SYNTHESIZED::s:10WeatherKit07MonthlyA10StatisticsV	deferred		Swift Sequence/Collection protocol witness inherited from RandomAccessCollection; not a distinct WeatherKit-owned implementation.
s:STsSQ7ElementRpzrlE6starts4withSbqd___tSTRd__AAQyd__ABRSlF::SYNTHESIZED::s:10WeatherKit0A7ChangesV	deferred		Swift Sequence/Collection protocol witness inherited from RandomAccessCollection; not a distinct WeatherKit-owned implementation.
s:STsSQ7ElementRpzrlE6starts4withSbqd___tSTRd__AAQyd__ABRSlF::SYNTHESIZED::s:10WeatherKit21HistoricalComparisonsV	deferred		Swift Sequence/Collection protocol witness inherited from RandomAccessCollection; not a distinct WeatherKit-owned implementation.
s:STsSQ7ElementRpzrlE6starts4withSbqd___tSTRd__AAQyd__ABRSlF::SYNTHESIZED::s:10WeatherKit8ForecastV	deferred		Swift Sequence/Collection protocol witness inherited from RandomAccessCollection; not a distinct WeatherKit-owned implementation.
s:STsSQ7ElementRpzrlE8containsySbABF::SYNTHESIZED::s:10WeatherKit05DailyA10StatisticsV	deferred		Swift Sequence/Collection protocol witness inherited from RandomAccessCollection; not a distinct WeatherKit-owned implementation.
s:STsSQ7ElementRpzrlE8containsySbABF::SYNTHESIZED::s:10WeatherKit05DailyA7SummaryV	deferred		Swift Sequence/Collection protocol witness inherited from RandomAccessCollection; not a distinct WeatherKit-owned implementation.
s:STsSQ7ElementRpzrlE8containsySbABF::SYNTHESIZED::s:10WeatherKit06HourlyA10StatisticsV	deferred		Swift Sequence/Collection protocol witness inherited from RandomAccessCollection; not a distinct WeatherKit-owned implementation.
s:STsSQ7ElementRpzrlE8containsySbABF::SYNTHESIZED::s:10WeatherKit07MonthlyA10StatisticsV	deferred		Swift Sequence/Collection protocol witness inherited from RandomAccessCollection; not a distinct WeatherKit-owned implementation.
s:STsSQ7ElementRpzrlE8containsySbABF::SYNTHESIZED::s:10WeatherKit0A7ChangesV	deferred		Swift Sequence/Collection protocol witness inherited from RandomAccessCollection; not a distinct WeatherKit-owned implementation.
s:STsSQ7ElementRpzrlE8containsySbABF::SYNTHESIZED::s:10WeatherKit21HistoricalComparisonsV	deferred		Swift Sequence/Collection protocol witness inherited from RandomAccessCollection; not a distinct WeatherKit-owned implementation.
s:STsSQ7ElementRpzrlE8containsySbABF::SYNTHESIZED::s:10WeatherKit8ForecastV	deferred		Swift Sequence/Collection protocol witness inherited from RandomAccessCollection; not a distinct WeatherKit-owned implementation.
s:STsST7ElementRpzrlE6joined9separators14JoinedSequenceVyxGqd___tSTRd__AA_AAQZAARtd__lF::SYNTHESIZED::s:10WeatherKit05DailyA10StatisticsV	deferred		Swift Sequence/Collection protocol witness inherited from RandomAccessCollection; not a distinct WeatherKit-owned implementation.
s:STsST7ElementRpzrlE6joined9separators14JoinedSequenceVyxGqd___tSTRd__AA_AAQZAARtd__lF::SYNTHESIZED::s:10WeatherKit05DailyA7SummaryV	deferred		Swift Sequence/Collection protocol witness inherited from RandomAccessCollection; not a distinct WeatherKit-owned implementation.
s:STsST7ElementRpzrlE6joined9separators14JoinedSequenceVyxGqd___tSTRd__AA_AAQZAARtd__lF::SYNTHESIZED::s:10WeatherKit06HourlyA10StatisticsV	deferred		Swift Sequence/Collection protocol witness inherited from RandomAccessCollection; not a distinct WeatherKit-owned implementation.
s:STsST7ElementRpzrlE6joined9separators14JoinedSequenceVyxGqd___tSTRd__AA_AAQZAARtd__lF::SYNTHESIZED::s:10WeatherKit07MonthlyA10StatisticsV	deferred		Swift Sequence/Collection protocol witness inherited from RandomAccessCollection; not a distinct WeatherKit-owned implementation.
s:STsST7ElementRpzrlE6joined9separators14JoinedSequenceVyxGqd___tSTRd__AA_AAQZAARtd__lF::SYNTHESIZED::s:10WeatherKit8ForecastV	deferred		Swift Sequence/Collection protocol witness inherited from RandomAccessCollection; not a distinct WeatherKit-owned implementation.
s:STsST7ElementRpzrlE6joineds15FlattenSequenceVyxGyF::SYNTHESIZED::s:10WeatherKit05DailyA10StatisticsV	deferred		Swift Sequence/Collection protocol witness inherited from RandomAccessCollection; not a distinct WeatherKit-owned implementation.
s:STsST7ElementRpzrlE6joineds15FlattenSequenceVyxGyF::SYNTHESIZED::s:10WeatherKit05DailyA7SummaryV	deferred		Swift Sequence/Collection protocol witness inherited from RandomAccessCollection; not a distinct WeatherKit-owned implementation.
s:STsST7ElementRpzrlE6joineds15FlattenSequenceVyxGyF::SYNTHESIZED::s:10WeatherKit06HourlyA10StatisticsV	deferred		Swift Sequence/Collection protocol witness inherited from RandomAccessCollection; not a distinct WeatherKit-owned implementation.
s:STsST7ElementRpzrlE6joineds15FlattenSequenceVyxGyF::SYNTHESIZED::s:10WeatherKit07MonthlyA10StatisticsV	deferred		Swift Sequence/Collection protocol witness inherited from RandomAccessCollection; not a distinct WeatherKit-owned implementation.
s:STsST7ElementRpzrlE6joineds15FlattenSequenceVyxGyF::SYNTHESIZED::s:10WeatherKit8ForecastV	deferred		Swift Sequence/Collection protocol witness inherited from RandomAccessCollection; not a distinct WeatherKit-owned implementation.
s:STsSy7ElementRpzrlE6joined9separatorS2S_tF::SYNTHESIZED::s:10WeatherKit05DailyA10StatisticsV	deferred		Swift Sequence/Collection protocol witness inherited from RandomAccessCollection; not a distinct WeatherKit-owned implementation.
s:STsSy7ElementRpzrlE6joined9separatorS2S_tF::SYNTHESIZED::s:10WeatherKit05DailyA7SummaryV	deferred		Swift Sequence/Collection protocol witness inherited from RandomAccessCollection; not a distinct WeatherKit-owned implementation.
s:STsSy7ElementRpzrlE6joined9separatorS2S_tF::SYNTHESIZED::s:10WeatherKit06HourlyA10StatisticsV	deferred		Swift Sequence/Collection protocol witness inherited from RandomAccessCollection; not a distinct WeatherKit-owned implementation.
s:STsSy7ElementRpzrlE6joined9separatorS2S_tF::SYNTHESIZED::s:10WeatherKit07MonthlyA10StatisticsV	deferred		Swift Sequence/Collection protocol witness inherited from RandomAccessCollection; not a distinct WeatherKit-owned implementation.
s:STsSy7ElementRpzrlE6joined9separatorS2S_tF::SYNTHESIZED::s:10WeatherKit8ForecastV	deferred		Swift Sequence/Collection protocol witness inherited from RandomAccessCollection; not a distinct WeatherKit-owned implementation.
s:SYsSERzSS8RawValueSYRtzrlE6encode2toys7Encoder_p_tKF::SYNTHESIZED::s:10WeatherKit0A12AvailabilityV0C4KindO	implemented	test:full/weatherkit/tests/agent/WeatherKitEnumTests.swift#testWeatherAvailabilityKindRawValues	Linux value-type behaviour from the pinned Xcode 26.1 surface.
s:SYsSERzSS8RawValueSYRtzrlE6encode2toys7Encoder_p_tKF::SYNTHESIZED::s:10WeatherKit0A8SeverityO	implemented	test:full/weatherkit/tests/agent/WeatherKitEnumTests.swift#testWeatherSeverityRawValuesAndDescriptions	Linux value-type behaviour from the pinned Xcode 26.1 surface.
s:SYsSERzSS8RawValueSYRtzrlE6encode2toys7Encoder_p_tKF::SYNTHESIZED::s:10WeatherKit0A9ConditionO	implemented	test:full/weatherkit/tests/agent/WeatherKitEnumTests.swift#testWeatherConditionRawValuesAndDescriptions	Linux value-type behaviour from the pinned Xcode 26.1 surface.
s:SYsSERzSS8RawValueSYRtzrlE6encode2toys7Encoder_p_tKF::SYNTHESIZED::s:10WeatherKit13PrecipitationO	implemented	test:full/weatherkit/tests/agent/WeatherKitEnumTests.swift#testPrecipitationRawValuesAndDescriptions	Linux value-type behaviour from the pinned Xcode 26.1 surface.
s:SYsSERzSS8RawValueSYRtzrlE6encode2toys7Encoder_p_tKF::SYNTHESIZED::s:10WeatherKit13PressureTrendO	implemented	test:full/weatherkit/tests/agent/WeatherKitEnumTests.swift#testPressureTrendRawValuesAndDescriptions	Linux value-type behaviour from the pinned Xcode 26.1 surface.
s:SYsSERzSS8RawValueSYRtzrlE6encode2toys7Encoder_p_tKF::SYNTHESIZED::s:10WeatherKit4WindV16CompassDirectionO	implemented	test:full/weatherkit/tests/agent/WeatherKitCoreTests.swift#testWindCompassDirectionFromDegrees	Linux value-type behaviour from the pinned Xcode 26.1 surface.
s:SYsSERzSS8RawValueSYRtzrlE6encode2toys7Encoder_p_tKF::SYNTHESIZED::s:10WeatherKit7UVIndexV16ExposureCategoryO	implemented	test:full/weatherkit/tests/agent/WeatherKitCoreTests.swift#testUVIndexCategoryFromValue	Linux value-type behaviour from the pinned Xcode 26.1 surface.
s:SYsSERzSS8RawValueSYRtzrlE6encode2toys7Encoder_p_tKF::SYNTHESIZED::s:10WeatherKit9MoonPhaseO	implemented	test:full/weatherkit/tests/agent/WeatherKitEnumTests.swift#testMoonPhaseRawValuesSymbolsAndDescriptions	Linux value-type behaviour from the pinned Xcode 26.1 surface.
s:SYsSHRzSH8RawValueSYRpzrlE04hashB0Sivp::SYNTHESIZED::s:10WeatherKit0A12AvailabilityV0C4KindO	implemented	test:full/weatherkit/tests/agent/WeatherKitEnumTests.swift#testWeatherAvailabilityKindRawValues	Linux value-type behaviour from the pinned Xcode 26.1 surface.
s:SYsSHRzSH8RawValueSYRpzrlE04hashB0Sivp::SYNTHESIZED::s:10WeatherKit0A8SeverityO	implemented	test:full/weatherkit/tests/agent/WeatherKitEnumTests.swift#testWeatherSeverityRawValuesAndDescriptions	Linux value-type behaviour from the pinned Xcode 26.1 surface.
s:SYsSHRzSH8RawValueSYRpzrlE04hashB0Sivp::SYNTHESIZED::s:10WeatherKit0A9ConditionO	implemented	test:full/weatherkit/tests/agent/WeatherKitEnumTests.swift#testWeatherConditionRawValuesAndDescriptions	Linux value-type behaviour from the pinned Xcode 26.1 surface.
s:SYsSHRzSH8RawValueSYRpzrlE04hashB0Sivp::SYNTHESIZED::s:10WeatherKit13PrecipitationO	implemented	test:full/weatherkit/tests/agent/WeatherKitEnumTests.swift#testPrecipitationRawValuesAndDescriptions	Linux value-type behaviour from the pinned Xcode 26.1 surface.
s:SYsSHRzSH8RawValueSYRpzrlE04hashB0Sivp::SYNTHESIZED::s:10WeatherKit13PressureTrendO	implemented	test:full/weatherkit/tests/agent/WeatherKitEnumTests.swift#testPressureTrendRawValuesAndDescriptions	Linux value-type behaviour from the pinned Xcode 26.1 surface.
s:SYsSHRzSH8RawValueSYRpzrlE04hashB0Sivp::SYNTHESIZED::s:10WeatherKit4WindV16CompassDirectionO	implemented	test:full/weatherkit/tests/agent/WeatherKitCoreTests.swift#testWindCompassDirectionRawValuesAndAbbreviations	Linux value-type behaviour from the pinned Xcode 26.1 surface.
s:SYsSHRzSH8RawValueSYRpzrlE04hashB0Sivp::SYNTHESIZED::s:10WeatherKit7UVIndexV16ExposureCategoryO	implemented	test:full/weatherkit/tests/agent/WeatherKitCoreTests.swift#testUVIndexExposureCategoryRawValuesRangesAndOrder	Linux value-type behaviour from the pinned Xcode 26.1 surface.
s:SYsSHRzSH8RawValueSYRpzrlE04hashB0Sivp::SYNTHESIZED::s:10WeatherKit9MoonPhaseO	implemented	test:full/weatherkit/tests/agent/WeatherKitEnumTests.swift#testMoonPhaseRawValuesSymbolsAndDescriptions	Linux value-type behaviour from the pinned Xcode 26.1 surface.
s:SYsSHRzSH8RawValueSYRpzrlE4hash4intoys6HasherVz_tF::SYNTHESIZED::s:10WeatherKit0A12AvailabilityV0C4KindO	implemented	test:full/weatherkit/tests/agent/WeatherKitEnumTests.swift#testWeatherAvailabilityKindRawValues	Linux value-type behaviour from the pinned Xcode 26.1 surface.
s:SYsSHRzSH8RawValueSYRpzrlE4hash4intoys6HasherVz_tF::SYNTHESIZED::s:10WeatherKit0A8SeverityO	implemented	test:full/weatherkit/tests/agent/WeatherKitEnumTests.swift#testWeatherSeverityRawValuesAndDescriptions	Linux value-type behaviour from the pinned Xcode 26.1 surface.
s:SYsSHRzSH8RawValueSYRpzrlE4hash4intoys6HasherVz_tF::SYNTHESIZED::s:10WeatherKit0A9ConditionO	implemented	test:full/weatherkit/tests/agent/WeatherKitEnumTests.swift#testWeatherConditionRawValuesAndDescriptions	Linux value-type behaviour from the pinned Xcode 26.1 surface.
s:SYsSHRzSH8RawValueSYRpzrlE4hash4intoys6HasherVz_tF::SYNTHESIZED::s:10WeatherKit13PrecipitationO	implemented	test:full/weatherkit/tests/agent/WeatherKitEnumTests.swift#testPrecipitationRawValuesAndDescriptions	Linux value-type behaviour from the pinned Xcode 26.1 surface.
s:SYsSHRzSH8RawValueSYRpzrlE4hash4intoys6HasherVz_tF::SYNTHESIZED::s:10WeatherKit13PressureTrendO	implemented	test:full/weatherkit/tests/agent/WeatherKitEnumTests.swift#testPressureTrendRawValuesAndDescriptions	Linux value-type behaviour from the pinned Xcode 26.1 surface.
s:SYsSHRzSH8RawValueSYRpzrlE4hash4intoys6HasherVz_tF::SYNTHESIZED::s:10WeatherKit4WindV16CompassDirectionO	implemented	test:full/weatherkit/tests/agent/WeatherKitCoreTests.swift#testWindCompassDirectionRawValuesAndAbbreviations	Linux value-type behaviour from the pinned Xcode 26.1 surface.
s:SYsSHRzSH8RawValueSYRpzrlE4hash4intoys6HasherVz_tF::SYNTHESIZED::s:10WeatherKit7UVIndexV16ExposureCategoryO	implemented	test:full/weatherkit/tests/agent/WeatherKitCoreTests.swift#testUVIndexExposureCategoryRawValuesRangesAndOrder	Linux value-type behaviour from the pinned Xcode 26.1 surface.
s:SYsSHRzSH8RawValueSYRpzrlE4hash4intoys6HasherVz_tF::SYNTHESIZED::s:10WeatherKit9MoonPhaseO	implemented	test:full/weatherkit/tests/agent/WeatherKitEnumTests.swift#testMoonPhaseRawValuesSymbolsAndDescriptions	Linux value-type behaviour from the pinned Xcode 26.1 surface.
s:SYsSeRzSS8RawValueSYRtzrlE4fromxs7Decoder_p_tKcfc::SYNTHESIZED::s:10WeatherKit0A12AvailabilityV0C4KindO	implemented	test:full/weatherkit/tests/agent/WeatherKitEnumTests.swift#testWeatherAvailabilityKindRawValues	Linux value-type behaviour from the pinned Xcode 26.1 surface.
s:SYsSeRzSS8RawValueSYRtzrlE4fromxs7Decoder_p_tKcfc::SYNTHESIZED::s:10WeatherKit0A8SeverityO	implemented	test:full/weatherkit/tests/agent/WeatherKitEnumTests.swift#testWeatherSeverityRawValuesAndDescriptions	Linux value-type behaviour from the pinned Xcode 26.1 surface.
s:SYsSeRzSS8RawValueSYRtzrlE4fromxs7Decoder_p_tKcfc::SYNTHESIZED::s:10WeatherKit0A9ConditionO	implemented	test:full/weatherkit/tests/agent/WeatherKitEnumTests.swift#testWeatherConditionRawValuesAndDescriptions	Linux value-type behaviour from the pinned Xcode 26.1 surface.
s:SYsSeRzSS8RawValueSYRtzrlE4fromxs7Decoder_p_tKcfc::SYNTHESIZED::s:10WeatherKit13PrecipitationO	implemented	test:full/weatherkit/tests/agent/WeatherKitEnumTests.swift#testPrecipitationRawValuesAndDescriptions	Linux value-type behaviour from the pinned Xcode 26.1 surface.
s:SYsSeRzSS8RawValueSYRtzrlE4fromxs7Decoder_p_tKcfc::SYNTHESIZED::s:10WeatherKit13PressureTrendO	implemented	test:full/weatherkit/tests/agent/WeatherKitEnumTests.swift#testPressureTrendRawValuesAndDescriptions	Linux value-type behaviour from the pinned Xcode 26.1 surface.
s:SYsSeRzSS8RawValueSYRtzrlE4fromxs7Decoder_p_tKcfc::SYNTHESIZED::s:10WeatherKit4WindV16CompassDirectionO	implemented	test:full/weatherkit/tests/agent/WeatherKitCoreTests.swift#testWindCompassDirectionFromDegrees	Linux value-type behaviour from the pinned Xcode 26.1 surface.
s:SYsSeRzSS8RawValueSYRtzrlE4fromxs7Decoder_p_tKcfc::SYNTHESIZED::s:10WeatherKit7UVIndexV16ExposureCategoryO	implemented	test:full/weatherkit/tests/agent/WeatherKitCoreTests.swift#testUVIndexCategoryFromValue	Linux value-type behaviour from the pinned Xcode 26.1 surface.
s:SYsSeRzSS8RawValueSYRtzrlE4fromxs7Decoder_p_tKcfc::SYNTHESIZED::s:10WeatherKit9MoonPhaseO	implemented	test:full/weatherkit/tests/agent/WeatherKitEnumTests.swift#testMoonPhaseRawValuesSymbolsAndDescriptions	Linux value-type behaviour from the pinned Xcode 26.1 surface.
s:SksE5index_8offsetBy07limitedC05IndexQzSgAE_SiAEtF::SYNTHESIZED::s:10WeatherKit05DailyA10StatisticsV	deferred		Swift Sequence/Collection protocol witness inherited from RandomAccessCollection; not a distinct WeatherKit-owned implementation.
s:SksE5index_8offsetBy07limitedC05IndexQzSgAE_SiAEtF::SYNTHESIZED::s:10WeatherKit05DailyA7SummaryV	deferred		Swift Sequence/Collection protocol witness inherited from RandomAccessCollection; not a distinct WeatherKit-owned implementation.
s:SksE5index_8offsetBy07limitedC05IndexQzSgAE_SiAEtF::SYNTHESIZED::s:10WeatherKit06HourlyA10StatisticsV	deferred		Swift Sequence/Collection protocol witness inherited from RandomAccessCollection; not a distinct WeatherKit-owned implementation.
s:SksE5index_8offsetBy07limitedC05IndexQzSgAE_SiAEtF::SYNTHESIZED::s:10WeatherKit07MonthlyA10StatisticsV	deferred		Swift Sequence/Collection protocol witness inherited from RandomAccessCollection; not a distinct WeatherKit-owned implementation.
s:SksE5index_8offsetBy07limitedC05IndexQzSgAE_SiAEtF::SYNTHESIZED::s:10WeatherKit0A7ChangesV	deferred		Swift Sequence/Collection protocol witness inherited from RandomAccessCollection; not a distinct WeatherKit-owned implementation.
s:SksE5index_8offsetBy07limitedC05IndexQzSgAE_SiAEtF::SYNTHESIZED::s:10WeatherKit21HistoricalComparisonsV	deferred		Swift Sequence/Collection protocol witness inherited from RandomAccessCollection; not a distinct WeatherKit-owned implementation.
s:SksE5index_8offsetBy07limitedC05IndexQzSgAE_SiAEtF::SYNTHESIZED::s:10WeatherKit8ForecastV	deferred		Swift Sequence/Collection protocol witness inherited from RandomAccessCollection; not a distinct WeatherKit-owned implementation.
s:Sl17_StringProcessingE14trimmingPrefix5while11SubSequenceQzSb7ElementQzKXE_tKF::SYNTHESIZED::s:10WeatherKit05DailyA10StatisticsV	deferred		Swift Sequence/Collection protocol witness inherited from RandomAccessCollection; not a distinct WeatherKit-owned implementation.
s:Sl17_StringProcessingE14trimmingPrefix5while11SubSequenceQzSb7ElementQzKXE_tKF::SYNTHESIZED::s:10WeatherKit05DailyA7SummaryV	deferred		Swift Sequence/Collection protocol witness inherited from RandomAccessCollection; not a distinct WeatherKit-owned implementation.
s:Sl17_StringProcessingE14trimmingPrefix5while11SubSequenceQzSb7ElementQzKXE_tKF::SYNTHESIZED::s:10WeatherKit06HourlyA10StatisticsV	deferred		Swift Sequence/Collection protocol witness inherited from RandomAccessCollection; not a distinct WeatherKit-owned implementation.
s:Sl17_StringProcessingE14trimmingPrefix5while11SubSequenceQzSb7ElementQzKXE_tKF::SYNTHESIZED::s:10WeatherKit07MonthlyA10StatisticsV	deferred		Swift Sequence/Collection protocol witness inherited from RandomAccessCollection; not a distinct WeatherKit-owned implementation.
s:Sl17_StringProcessingE14trimmingPrefix5while11SubSequenceQzSb7ElementQzKXE_tKF::SYNTHESIZED::s:10WeatherKit0A7ChangesV	deferred		Swift Sequence/Collection protocol witness inherited from RandomAccessCollection; not a distinct WeatherKit-owned implementation.
s:Sl17_StringProcessingE14trimmingPrefix5while11SubSequenceQzSb7ElementQzKXE_tKF::SYNTHESIZED::s:10WeatherKit21HistoricalComparisonsV	deferred		Swift Sequence/Collection protocol witness inherited from RandomAccessCollection; not a distinct WeatherKit-owned implementation.
s:Sl17_StringProcessingE14trimmingPrefix5while11SubSequenceQzSb7ElementQzKXE_tKF::SYNTHESIZED::s:10WeatherKit8ForecastV	deferred		Swift Sequence/Collection protocol witness inherited from RandomAccessCollection; not a distinct WeatherKit-owned implementation.
s:Sl17_StringProcessingSQ7ElementRpzrlE10firstRange2ofSny5IndexQzGSgqd___tSlRd__ABQyd__ACRSlF::SYNTHESIZED::s:10WeatherKit05DailyA10StatisticsV	deferred		Swift Sequence/Collection protocol witness inherited from RandomAccessCollection; not a distinct WeatherKit-owned implementation.
s:Sl17_StringProcessingSQ7ElementRpzrlE10firstRange2ofSny5IndexQzGSgqd___tSlRd__ABQyd__ACRSlF::SYNTHESIZED::s:10WeatherKit05DailyA7SummaryV	deferred		Swift Sequence/Collection protocol witness inherited from RandomAccessCollection; not a distinct WeatherKit-owned implementation.
s:Sl17_StringProcessingSQ7ElementRpzrlE10firstRange2ofSny5IndexQzGSgqd___tSlRd__ABQyd__ACRSlF::SYNTHESIZED::s:10WeatherKit06HourlyA10StatisticsV	deferred		Swift Sequence/Collection protocol witness inherited from RandomAccessCollection; not a distinct WeatherKit-owned implementation.
s:Sl17_StringProcessingSQ7ElementRpzrlE10firstRange2ofSny5IndexQzGSgqd___tSlRd__ABQyd__ACRSlF::SYNTHESIZED::s:10WeatherKit07MonthlyA10StatisticsV	deferred		Swift Sequence/Collection protocol witness inherited from RandomAccessCollection; not a distinct WeatherKit-owned implementation.
s:Sl17_StringProcessingSQ7ElementRpzrlE10firstRange2ofSny5IndexQzGSgqd___tSlRd__ABQyd__ACRSlF::SYNTHESIZED::s:10WeatherKit0A7ChangesV	deferred		Swift Sequence/Collection protocol witness inherited from RandomAccessCollection; not a distinct WeatherKit-owned implementation.
s:Sl17_StringProcessingSQ7ElementRpzrlE10firstRange2ofSny5IndexQzGSgqd___tSlRd__ABQyd__ACRSlF::SYNTHESIZED::s:10WeatherKit21HistoricalComparisonsV	deferred		Swift Sequence/Collection protocol witness inherited from RandomAccessCollection; not a distinct WeatherKit-owned implementation.
s:Sl17_StringProcessingSQ7ElementRpzrlE10firstRange2ofSny5IndexQzGSgqd___tSlRd__ABQyd__ACRSlF::SYNTHESIZED::s:10WeatherKit8ForecastV	deferred		Swift Sequence/Collection protocol witness inherited from RandomAccessCollection; not a distinct WeatherKit-owned implementation.
s:Sl17_StringProcessingSQ7ElementRpzrlE14trimmingPrefixy11SubSequenceQzqd__STRd__ABQyd__ACRSlF::SYNTHESIZED::s:10WeatherKit05DailyA10StatisticsV	deferred		Swift Sequence/Collection protocol witness inherited from RandomAccessCollection; not a distinct WeatherKit-owned implementation.
s:Sl17_StringProcessingSQ7ElementRpzrlE14trimmingPrefixy11SubSequenceQzqd__STRd__ABQyd__ACRSlF::SYNTHESIZED::s:10WeatherKit05DailyA7SummaryV	deferred		Swift Sequence/Collection protocol witness inherited from RandomAccessCollection; not a distinct WeatherKit-owned implementation.
s:Sl17_StringProcessingSQ7ElementRpzrlE14trimmingPrefixy11SubSequenceQzqd__STRd__ABQyd__ACRSlF::SYNTHESIZED::s:10WeatherKit06HourlyA10StatisticsV	deferred		Swift Sequence/Collection protocol witness inherited from RandomAccessCollection; not a distinct WeatherKit-owned implementation.
s:Sl17_StringProcessingSQ7ElementRpzrlE14trimmingPrefixy11SubSequenceQzqd__STRd__ABQyd__ACRSlF::SYNTHESIZED::s:10WeatherKit07MonthlyA10StatisticsV	deferred		Swift Sequence/Collection protocol witness inherited from RandomAccessCollection; not a distinct WeatherKit-owned implementation.
s:Sl17_StringProcessingSQ7ElementRpzrlE14trimmingPrefixy11SubSequenceQzqd__STRd__ABQyd__ACRSlF::SYNTHESIZED::s:10WeatherKit0A7ChangesV	deferred		Swift Sequence/Collection protocol witness inherited from RandomAccessCollection; not a distinct WeatherKit-owned implementation.
s:Sl17_StringProcessingSQ7ElementRpzrlE14trimmingPrefixy11SubSequenceQzqd__STRd__ABQyd__ACRSlF::SYNTHESIZED::s:10WeatherKit21HistoricalComparisonsV	deferred		Swift Sequence/Collection protocol witness inherited from RandomAccessCollection; not a distinct WeatherKit-owned implementation.
s:Sl17_StringProcessingSQ7ElementRpzrlE14trimmingPrefixy11SubSequenceQzqd__STRd__ABQyd__ACRSlF::SYNTHESIZED::s:10WeatherKit8ForecastV	deferred		Swift Sequence/Collection protocol witness inherited from RandomAccessCollection; not a distinct WeatherKit-owned implementation.
s:Sl17_StringProcessingSQ7ElementRpzrlE6ranges2ofSaySny5IndexQzGGqd___tSlRd__ABQyd__ACRSlF::SYNTHESIZED::s:10WeatherKit05DailyA10StatisticsV	deferred		Swift Sequence/Collection protocol witness inherited from RandomAccessCollection; not a distinct WeatherKit-owned implementation.
s:Sl17_StringProcessingSQ7ElementRpzrlE6ranges2ofSaySny5IndexQzGGqd___tSlRd__ABQyd__ACRSlF::SYNTHESIZED::s:10WeatherKit05DailyA7SummaryV	deferred		Swift Sequence/Collection protocol witness inherited from RandomAccessCollection; not a distinct WeatherKit-owned implementation.
s:Sl17_StringProcessingSQ7ElementRpzrlE6ranges2ofSaySny5IndexQzGGqd___tSlRd__ABQyd__ACRSlF::SYNTHESIZED::s:10WeatherKit06HourlyA10StatisticsV	deferred		Swift Sequence/Collection protocol witness inherited from RandomAccessCollection; not a distinct WeatherKit-owned implementation.
s:Sl17_StringProcessingSQ7ElementRpzrlE6ranges2ofSaySny5IndexQzGGqd___tSlRd__ABQyd__ACRSlF::SYNTHESIZED::s:10WeatherKit07MonthlyA10StatisticsV	deferred		Swift Sequence/Collection protocol witness inherited from RandomAccessCollection; not a distinct WeatherKit-owned implementation.
s:Sl17_StringProcessingSQ7ElementRpzrlE6ranges2ofSaySny5IndexQzGGqd___tSlRd__ABQyd__ACRSlF::SYNTHESIZED::s:10WeatherKit0A7ChangesV	deferred		Swift Sequence/Collection protocol witness inherited from RandomAccessCollection; not a distinct WeatherKit-owned implementation.
s:Sl17_StringProcessingSQ7ElementRpzrlE6ranges2ofSaySny5IndexQzGGqd___tSlRd__ABQyd__ACRSlF::SYNTHESIZED::s:10WeatherKit21HistoricalComparisonsV	deferred		Swift Sequence/Collection protocol witness inherited from RandomAccessCollection; not a distinct WeatherKit-owned implementation.
s:Sl17_StringProcessingSQ7ElementRpzrlE6ranges2ofSaySny5IndexQzGGqd___tSlRd__ABQyd__ACRSlF::SYNTHESIZED::s:10WeatherKit8ForecastV	deferred		Swift Sequence/Collection protocol witness inherited from RandomAccessCollection; not a distinct WeatherKit-owned implementation.
s:SlsE10firstIndex5where0B0QzSgSb7ElementQzKXE_tKF::SYNTHESIZED::s:10WeatherKit05DailyA10StatisticsV	deferred		Swift Sequence/Collection protocol witness inherited from RandomAccessCollection; not a distinct WeatherKit-owned implementation.
s:SlsE10firstIndex5where0B0QzSgSb7ElementQzKXE_tKF::SYNTHESIZED::s:10WeatherKit05DailyA7SummaryV	deferred		Swift Sequence/Collection protocol witness inherited from RandomAccessCollection; not a distinct WeatherKit-owned implementation.
s:SlsE10firstIndex5where0B0QzSgSb7ElementQzKXE_tKF::SYNTHESIZED::s:10WeatherKit06HourlyA10StatisticsV	deferred		Swift Sequence/Collection protocol witness inherited from RandomAccessCollection; not a distinct WeatherKit-owned implementation.
s:SlsE10firstIndex5where0B0QzSgSb7ElementQzKXE_tKF::SYNTHESIZED::s:10WeatherKit07MonthlyA10StatisticsV	deferred		Swift Sequence/Collection protocol witness inherited from RandomAccessCollection; not a distinct WeatherKit-owned implementation.
s:SlsE10firstIndex5where0B0QzSgSb7ElementQzKXE_tKF::SYNTHESIZED::s:10WeatherKit0A7ChangesV	deferred		Swift Sequence/Collection protocol witness inherited from RandomAccessCollection; not a distinct WeatherKit-owned implementation.
s:SlsE10firstIndex5where0B0QzSgSb7ElementQzKXE_tKF::SYNTHESIZED::s:10WeatherKit21HistoricalComparisonsV	deferred		Swift Sequence/Collection protocol witness inherited from RandomAccessCollection; not a distinct WeatherKit-owned implementation.
s:SlsE10firstIndex5where0B0QzSgSb7ElementQzKXE_tKF::SYNTHESIZED::s:10WeatherKit8ForecastV	deferred		Swift Sequence/Collection protocol witness inherited from RandomAccessCollection; not a distinct WeatherKit-owned implementation.
s:SlsE13randomElement0B0QzSgyF::SYNTHESIZED::s:10WeatherKit05DailyA10StatisticsV	deferred		Swift Sequence/Collection protocol witness inherited from RandomAccessCollection; not a distinct WeatherKit-owned implementation.
s:SlsE13randomElement0B0QzSgyF::SYNTHESIZED::s:10WeatherKit05DailyA7SummaryV	deferred		Swift Sequence/Collection protocol witness inherited from RandomAccessCollection; not a distinct WeatherKit-owned implementation.
s:SlsE13randomElement0B0QzSgyF::SYNTHESIZED::s:10WeatherKit06HourlyA10StatisticsV	deferred		Swift Sequence/Collection protocol witness inherited from RandomAccessCollection; not a distinct WeatherKit-owned implementation.
s:SlsE13randomElement0B0QzSgyF::SYNTHESIZED::s:10WeatherKit07MonthlyA10StatisticsV	deferred		Swift Sequence/Collection protocol witness inherited from RandomAccessCollection; not a distinct WeatherKit-owned implementation.
s:SlsE13randomElement0B0QzSgyF::SYNTHESIZED::s:10WeatherKit0A7ChangesV	deferred		Swift Sequence/Collection protocol witness inherited from RandomAccessCollection; not a distinct WeatherKit-owned implementation.
s:SlsE13randomElement0B0QzSgyF::SYNTHESIZED::s:10WeatherKit21HistoricalComparisonsV	deferred		Swift Sequence/Collection protocol witness inherited from RandomAccessCollection; not a distinct WeatherKit-owned implementation.
s:SlsE13randomElement0B0QzSgyF::SYNTHESIZED::s:10WeatherKit8ForecastV	deferred		Swift Sequence/Collection protocol witness inherited from RandomAccessCollection; not a distinct WeatherKit-owned implementation.
s:SlsE13randomElement5using0B0QzSgqd__z_tSGRd__lF::SYNTHESIZED::s:10WeatherKit05DailyA10StatisticsV	deferred		Swift Sequence/Collection protocol witness inherited from RandomAccessCollection; not a distinct WeatherKit-owned implementation.
s:SlsE13randomElement5using0B0QzSgqd__z_tSGRd__lF::SYNTHESIZED::s:10WeatherKit05DailyA7SummaryV	deferred		Swift Sequence/Collection protocol witness inherited from RandomAccessCollection; not a distinct WeatherKit-owned implementation.
s:SlsE13randomElement5using0B0QzSgqd__z_tSGRd__lF::SYNTHESIZED::s:10WeatherKit06HourlyA10StatisticsV	deferred		Swift Sequence/Collection protocol witness inherited from RandomAccessCollection; not a distinct WeatherKit-owned implementation.
s:SlsE13randomElement5using0B0QzSgqd__z_tSGRd__lF::SYNTHESIZED::s:10WeatherKit07MonthlyA10StatisticsV	deferred		Swift Sequence/Collection protocol witness inherited from RandomAccessCollection; not a distinct WeatherKit-owned implementation.
s:SlsE13randomElement5using0B0QzSgqd__z_tSGRd__lF::SYNTHESIZED::s:10WeatherKit0A7ChangesV	deferred		Swift Sequence/Collection protocol witness inherited from RandomAccessCollection; not a distinct WeatherKit-owned implementation.
s:SlsE13randomElement5using0B0QzSgqd__z_tSGRd__lF::SYNTHESIZED::s:10WeatherKit21HistoricalComparisonsV	deferred		Swift Sequence/Collection protocol witness inherited from RandomAccessCollection; not a distinct WeatherKit-owned implementation.
s:SlsE13randomElement5using0B0QzSgqd__z_tSGRd__lF::SYNTHESIZED::s:10WeatherKit8ForecastV	deferred		Swift Sequence/Collection protocol witness inherited from RandomAccessCollection; not a distinct WeatherKit-owned implementation.
s:SlsE17removingSubrangesys18DiscontiguousSliceVyxGs8RangeSetVy5IndexQzGF::SYNTHESIZED::s:10WeatherKit05DailyA10StatisticsV	deferred		Swift Sequence/Collection protocol witness inherited from RandomAccessCollection; not a distinct WeatherKit-owned implementation.
s:SlsE17removingSubrangesys18DiscontiguousSliceVyxGs8RangeSetVy5IndexQzGF::SYNTHESIZED::s:10WeatherKit05DailyA7SummaryV	deferred		Swift Sequence/Collection protocol witness inherited from RandomAccessCollection; not a distinct WeatherKit-owned implementation.
s:SlsE17removingSubrangesys18DiscontiguousSliceVyxGs8RangeSetVy5IndexQzGF::SYNTHESIZED::s:10WeatherKit06HourlyA10StatisticsV	deferred		Swift Sequence/Collection protocol witness inherited from RandomAccessCollection; not a distinct WeatherKit-owned implementation.
s:SlsE17removingSubrangesys18DiscontiguousSliceVyxGs8RangeSetVy5IndexQzGF::SYNTHESIZED::s:10WeatherKit07MonthlyA10StatisticsV	deferred		Swift Sequence/Collection protocol witness inherited from RandomAccessCollection; not a distinct WeatherKit-owned implementation.
s:SlsE17removingSubrangesys18DiscontiguousSliceVyxGs8RangeSetVy5IndexQzGF::SYNTHESIZED::s:10WeatherKit0A7ChangesV	deferred		Swift Sequence/Collection protocol witness inherited from RandomAccessCollection; not a distinct WeatherKit-owned implementation.
s:SlsE17removingSubrangesys18DiscontiguousSliceVyxGs8RangeSetVy5IndexQzGF::SYNTHESIZED::s:10WeatherKit21HistoricalComparisonsV	deferred		Swift Sequence/Collection protocol witness inherited from RandomAccessCollection; not a distinct WeatherKit-owned implementation.
s:SlsE17removingSubrangesys18DiscontiguousSliceVyxGs8RangeSetVy5IndexQzGF::SYNTHESIZED::s:10WeatherKit8ForecastV	deferred		Swift Sequence/Collection protocol witness inherited from RandomAccessCollection; not a distinct WeatherKit-owned implementation.
s:SlsE19underestimatedCountSivp::SYNTHESIZED::s:10WeatherKit05DailyA10StatisticsV	deferred		Swift Sequence/Collection protocol witness inherited from RandomAccessCollection; not a distinct WeatherKit-owned implementation.
s:SlsE19underestimatedCountSivp::SYNTHESIZED::s:10WeatherKit05DailyA7SummaryV	deferred		Swift Sequence/Collection protocol witness inherited from RandomAccessCollection; not a distinct WeatherKit-owned implementation.
s:SlsE19underestimatedCountSivp::SYNTHESIZED::s:10WeatherKit06HourlyA10StatisticsV	deferred		Swift Sequence/Collection protocol witness inherited from RandomAccessCollection; not a distinct WeatherKit-owned implementation.
s:SlsE19underestimatedCountSivp::SYNTHESIZED::s:10WeatherKit07MonthlyA10StatisticsV	deferred		Swift Sequence/Collection protocol witness inherited from RandomAccessCollection; not a distinct WeatherKit-owned implementation.
s:SlsE19underestimatedCountSivp::SYNTHESIZED::s:10WeatherKit0A7ChangesV	deferred		Swift Sequence/Collection protocol witness inherited from RandomAccessCollection; not a distinct WeatherKit-owned implementation.
s:SlsE19underestimatedCountSivp::SYNTHESIZED::s:10WeatherKit21HistoricalComparisonsV	deferred		Swift Sequence/Collection protocol witness inherited from RandomAccessCollection; not a distinct WeatherKit-owned implementation.
s:SlsE19underestimatedCountSivp::SYNTHESIZED::s:10WeatherKit8ForecastV	deferred		Swift Sequence/Collection protocol witness inherited from RandomAccessCollection; not a distinct WeatherKit-owned implementation.
s:SlsE3mapySayqd__Gqd__7ElementQzqd_0_YKXEqd_0_YKs5ErrorRd_0_r0_lF::SYNTHESIZED::s:10WeatherKit05DailyA10StatisticsV	deferred		Swift Sequence/Collection protocol witness inherited from RandomAccessCollection; not a distinct WeatherKit-owned implementation.
s:SlsE3mapySayqd__Gqd__7ElementQzqd_0_YKXEqd_0_YKs5ErrorRd_0_r0_lF::SYNTHESIZED::s:10WeatherKit05DailyA7SummaryV	deferred		Swift Sequence/Collection protocol witness inherited from RandomAccessCollection; not a distinct WeatherKit-owned implementation.
s:SlsE3mapySayqd__Gqd__7ElementQzqd_0_YKXEqd_0_YKs5ErrorRd_0_r0_lF::SYNTHESIZED::s:10WeatherKit06HourlyA10StatisticsV	deferred		Swift Sequence/Collection protocol witness inherited from RandomAccessCollection; not a distinct WeatherKit-owned implementation.
s:SlsE3mapySayqd__Gqd__7ElementQzqd_0_YKXEqd_0_YKs5ErrorRd_0_r0_lF::SYNTHESIZED::s:10WeatherKit07MonthlyA10StatisticsV	deferred		Swift Sequence/Collection protocol witness inherited from RandomAccessCollection; not a distinct WeatherKit-owned implementation.
s:SlsE3mapySayqd__Gqd__7ElementQzqd_0_YKXEqd_0_YKs5ErrorRd_0_r0_lF::SYNTHESIZED::s:10WeatherKit0A7ChangesV	deferred		Swift Sequence/Collection protocol witness inherited from RandomAccessCollection; not a distinct WeatherKit-owned implementation.
s:SlsE3mapySayqd__Gqd__7ElementQzqd_0_YKXEqd_0_YKs5ErrorRd_0_r0_lF::SYNTHESIZED::s:10WeatherKit21HistoricalComparisonsV	deferred		Swift Sequence/Collection protocol witness inherited from RandomAccessCollection; not a distinct WeatherKit-owned implementation.
s:SlsE3mapySayqd__Gqd__7ElementQzqd_0_YKXEqd_0_YKs5ErrorRd_0_r0_lF::SYNTHESIZED::s:10WeatherKit8ForecastV	implemented	test:full/weatherkit/tests/agent/WeatherKitCollectionTests.swift#testForecastCollectionAndCodable	Exercised inherited RandomAccessCollection/Sequence member on the Linux value type.
s:SlsE4drop5while11SubSequenceQzSb7ElementQzKXE_tKF::SYNTHESIZED::s:10WeatherKit05DailyA10StatisticsV	deferred		Swift Sequence/Collection protocol witness inherited from RandomAccessCollection; not a distinct WeatherKit-owned implementation.
s:SlsE4drop5while11SubSequenceQzSb7ElementQzKXE_tKF::SYNTHESIZED::s:10WeatherKit05DailyA7SummaryV	deferred		Swift Sequence/Collection protocol witness inherited from RandomAccessCollection; not a distinct WeatherKit-owned implementation.
s:SlsE4drop5while11SubSequenceQzSb7ElementQzKXE_tKF::SYNTHESIZED::s:10WeatherKit06HourlyA10StatisticsV	deferred		Swift Sequence/Collection protocol witness inherited from RandomAccessCollection; not a distinct WeatherKit-owned implementation.
s:SlsE4drop5while11SubSequenceQzSb7ElementQzKXE_tKF::SYNTHESIZED::s:10WeatherKit07MonthlyA10StatisticsV	deferred		Swift Sequence/Collection protocol witness inherited from RandomAccessCollection; not a distinct WeatherKit-owned implementation.
s:SlsE4drop5while11SubSequenceQzSb7ElementQzKXE_tKF::SYNTHESIZED::s:10WeatherKit0A7ChangesV	deferred		Swift Sequence/Collection protocol witness inherited from RandomAccessCollection; not a distinct WeatherKit-owned implementation.
s:SlsE4drop5while11SubSequenceQzSb7ElementQzKXE_tKF::SYNTHESIZED::s:10WeatherKit21HistoricalComparisonsV	deferred		Swift Sequence/Collection protocol witness inherited from RandomAccessCollection; not a distinct WeatherKit-owned implementation.
s:SlsE4drop5while11SubSequenceQzSb7ElementQzKXE_tKF::SYNTHESIZED::s:10WeatherKit8ForecastV	deferred		Swift Sequence/Collection protocol witness inherited from RandomAccessCollection; not a distinct WeatherKit-owned implementation.
s:SlsE5countSivp::SYNTHESIZED::s:10WeatherKit05DailyA10StatisticsV	deferred		Swift Sequence/Collection protocol witness inherited from RandomAccessCollection; not a distinct WeatherKit-owned implementation.
s:SlsE5countSivp::SYNTHESIZED::s:10WeatherKit05DailyA7SummaryV	deferred		Swift Sequence/Collection protocol witness inherited from RandomAccessCollection; not a distinct WeatherKit-owned implementation.
s:SlsE5countSivp::SYNTHESIZED::s:10WeatherKit06HourlyA10StatisticsV	deferred		Swift Sequence/Collection protocol witness inherited from RandomAccessCollection; not a distinct WeatherKit-owned implementation.
s:SlsE5countSivp::SYNTHESIZED::s:10WeatherKit07MonthlyA10StatisticsV	deferred		Swift Sequence/Collection protocol witness inherited from RandomAccessCollection; not a distinct WeatherKit-owned implementation.
s:SlsE5countSivp::SYNTHESIZED::s:10WeatherKit0A7ChangesV	implemented	test:full/weatherkit/tests/agent/WeatherKitCollectionTests.swift#testWeatherChangesCollection	Exercised inherited RandomAccessCollection/Sequence member on the Linux value type.
s:SlsE5countSivp::SYNTHESIZED::s:10WeatherKit21HistoricalComparisonsV	implemented	test:full/weatherkit/tests/agent/WeatherKitCollectionTests.swift#testHistoricalComparisonsCollection	Exercised inherited RandomAccessCollection/Sequence member on the Linux value type.
s:SlsE5countSivp::SYNTHESIZED::s:10WeatherKit8ForecastV	implemented	test:full/weatherkit/tests/agent/WeatherKitCollectionTests.swift#testForecastCollectionAndCodable	Exercised inherited RandomAccessCollection/Sequence member on the Linux value type.
s:SlsE5first7ElementQzSgvp::SYNTHESIZED::s:10WeatherKit05DailyA10StatisticsV	deferred		Swift Sequence/Collection protocol witness inherited from RandomAccessCollection; not a distinct WeatherKit-owned implementation.
s:SlsE5first7ElementQzSgvp::SYNTHESIZED::s:10WeatherKit05DailyA7SummaryV	deferred		Swift Sequence/Collection protocol witness inherited from RandomAccessCollection; not a distinct WeatherKit-owned implementation.
s:SlsE5first7ElementQzSgvp::SYNTHESIZED::s:10WeatherKit06HourlyA10StatisticsV	deferred		Swift Sequence/Collection protocol witness inherited from RandomAccessCollection; not a distinct WeatherKit-owned implementation.
s:SlsE5first7ElementQzSgvp::SYNTHESIZED::s:10WeatherKit07MonthlyA10StatisticsV	deferred		Swift Sequence/Collection protocol witness inherited from RandomAccessCollection; not a distinct WeatherKit-owned implementation.
s:SlsE5first7ElementQzSgvp::SYNTHESIZED::s:10WeatherKit0A7ChangesV	deferred		Swift Sequence/Collection protocol witness inherited from RandomAccessCollection; not a distinct WeatherKit-owned implementation.
s:SlsE5first7ElementQzSgvp::SYNTHESIZED::s:10WeatherKit21HistoricalComparisonsV	deferred		Swift Sequence/Collection protocol witness inherited from RandomAccessCollection; not a distinct WeatherKit-owned implementation.
s:SlsE5first7ElementQzSgvp::SYNTHESIZED::s:10WeatherKit8ForecastV	implemented	test:full/weatherkit/tests/agent/WeatherKitCollectionTests.swift#testForecastCollectionAndCodable	Exercised inherited RandomAccessCollection/Sequence member on the Linux value type.
s:SlsE5split9maxSplits25omittingEmptySubsequences14whereSeparatorSay11SubSequenceQzGSi_S2b7ElementQzKXEtKF::SYNTHESIZED::s:10WeatherKit05DailyA10StatisticsV	deferred		Swift Sequence/Collection protocol witness inherited from RandomAccessCollection; not a distinct WeatherKit-owned implementation.
s:SlsE5split9maxSplits25omittingEmptySubsequences14whereSeparatorSay11SubSequenceQzGSi_S2b7ElementQzKXEtKF::SYNTHESIZED::s:10WeatherKit05DailyA7SummaryV	deferred		Swift Sequence/Collection protocol witness inherited from RandomAccessCollection; not a distinct WeatherKit-owned implementation.
s:SlsE5split9maxSplits25omittingEmptySubsequences14whereSeparatorSay11SubSequenceQzGSi_S2b7ElementQzKXEtKF::SYNTHESIZED::s:10WeatherKit06HourlyA10StatisticsV	deferred		Swift Sequence/Collection protocol witness inherited from RandomAccessCollection; not a distinct WeatherKit-owned implementation.
s:SlsE5split9maxSplits25omittingEmptySubsequences14whereSeparatorSay11SubSequenceQzGSi_S2b7ElementQzKXEtKF::SYNTHESIZED::s:10WeatherKit07MonthlyA10StatisticsV	deferred		Swift Sequence/Collection protocol witness inherited from RandomAccessCollection; not a distinct WeatherKit-owned implementation.
s:SlsE5split9maxSplits25omittingEmptySubsequences14whereSeparatorSay11SubSequenceQzGSi_S2b7ElementQzKXEtKF::SYNTHESIZED::s:10WeatherKit0A7ChangesV	deferred		Swift Sequence/Collection protocol witness inherited from RandomAccessCollection; not a distinct WeatherKit-owned implementation.
s:SlsE5split9maxSplits25omittingEmptySubsequences14whereSeparatorSay11SubSequenceQzGSi_S2b7ElementQzKXEtKF::SYNTHESIZED::s:10WeatherKit21HistoricalComparisonsV	deferred		Swift Sequence/Collection protocol witness inherited from RandomAccessCollection; not a distinct WeatherKit-owned implementation.
s:SlsE5split9maxSplits25omittingEmptySubsequences14whereSeparatorSay11SubSequenceQzGSi_S2b7ElementQzKXEtKF::SYNTHESIZED::s:10WeatherKit8ForecastV	deferred		Swift Sequence/Collection protocol witness inherited from RandomAccessCollection; not a distinct WeatherKit-owned implementation.
s:SlsE6prefix4upTo11SubSequenceQz5IndexQz_tF::SYNTHESIZED::s:10WeatherKit05DailyA10StatisticsV	deferred		Swift Sequence/Collection protocol witness inherited from RandomAccessCollection; not a distinct WeatherKit-owned implementation.
s:SlsE6prefix4upTo11SubSequenceQz5IndexQz_tF::SYNTHESIZED::s:10WeatherKit05DailyA7SummaryV	deferred		Swift Sequence/Collection protocol witness inherited from RandomAccessCollection; not a distinct WeatherKit-owned implementation.
s:SlsE6prefix4upTo11SubSequenceQz5IndexQz_tF::SYNTHESIZED::s:10WeatherKit06HourlyA10StatisticsV	deferred		Swift Sequence/Collection protocol witness inherited from RandomAccessCollection; not a distinct WeatherKit-owned implementation.
s:SlsE6prefix4upTo11SubSequenceQz5IndexQz_tF::SYNTHESIZED::s:10WeatherKit07MonthlyA10StatisticsV	deferred		Swift Sequence/Collection protocol witness inherited from RandomAccessCollection; not a distinct WeatherKit-owned implementation.
s:SlsE6prefix4upTo11SubSequenceQz5IndexQz_tF::SYNTHESIZED::s:10WeatherKit0A7ChangesV	deferred		Swift Sequence/Collection protocol witness inherited from RandomAccessCollection; not a distinct WeatherKit-owned implementation.
s:SlsE6prefix4upTo11SubSequenceQz5IndexQz_tF::SYNTHESIZED::s:10WeatherKit21HistoricalComparisonsV	deferred		Swift Sequence/Collection protocol witness inherited from RandomAccessCollection; not a distinct WeatherKit-owned implementation.
s:SlsE6prefix4upTo11SubSequenceQz5IndexQz_tF::SYNTHESIZED::s:10WeatherKit8ForecastV	deferred		Swift Sequence/Collection protocol witness inherited from RandomAccessCollection; not a distinct WeatherKit-owned implementation.
s:SlsE6prefix5while11SubSequenceQzSb7ElementQzKXE_tKF::SYNTHESIZED::s:10WeatherKit05DailyA10StatisticsV	deferred		Swift Sequence/Collection protocol witness inherited from RandomAccessCollection; not a distinct WeatherKit-owned implementation.
s:SlsE6prefix5while11SubSequenceQzSb7ElementQzKXE_tKF::SYNTHESIZED::s:10WeatherKit05DailyA7SummaryV	deferred		Swift Sequence/Collection protocol witness inherited from RandomAccessCollection; not a distinct WeatherKit-owned implementation.
s:SlsE6prefix5while11SubSequenceQzSb7ElementQzKXE_tKF::SYNTHESIZED::s:10WeatherKit06HourlyA10StatisticsV	deferred		Swift Sequence/Collection protocol witness inherited from RandomAccessCollection; not a distinct WeatherKit-owned implementation.
s:SlsE6prefix5while11SubSequenceQzSb7ElementQzKXE_tKF::SYNTHESIZED::s:10WeatherKit07MonthlyA10StatisticsV	deferred		Swift Sequence/Collection protocol witness inherited from RandomAccessCollection; not a distinct WeatherKit-owned implementation.
s:SlsE6prefix5while11SubSequenceQzSb7ElementQzKXE_tKF::SYNTHESIZED::s:10WeatherKit0A7ChangesV	deferred		Swift Sequence/Collection protocol witness inherited from RandomAccessCollection; not a distinct WeatherKit-owned implementation.
s:SlsE6prefix5while11SubSequenceQzSb7ElementQzKXE_tKF::SYNTHESIZED::s:10WeatherKit21HistoricalComparisonsV	deferred		Swift Sequence/Collection protocol witness inherited from RandomAccessCollection; not a distinct WeatherKit-owned implementation.
s:SlsE6prefix5while11SubSequenceQzSb7ElementQzKXE_tKF::SYNTHESIZED::s:10WeatherKit8ForecastV	deferred		Swift Sequence/Collection protocol witness inherited from RandomAccessCollection; not a distinct WeatherKit-owned implementation.
s:SlsE6prefix7through11SubSequenceQz5IndexQz_tF::SYNTHESIZED::s:10WeatherKit05DailyA10StatisticsV	deferred		Swift Sequence/Collection protocol witness inherited from RandomAccessCollection; not a distinct WeatherKit-owned implementation.
s:SlsE6prefix7through11SubSequenceQz5IndexQz_tF::SYNTHESIZED::s:10WeatherKit05DailyA7SummaryV	deferred		Swift Sequence/Collection protocol witness inherited from RandomAccessCollection; not a distinct WeatherKit-owned implementation.
s:SlsE6prefix7through11SubSequenceQz5IndexQz_tF::SYNTHESIZED::s:10WeatherKit06HourlyA10StatisticsV	deferred		Swift Sequence/Collection protocol witness inherited from RandomAccessCollection; not a distinct WeatherKit-owned implementation.
s:SlsE6prefix7through11SubSequenceQz5IndexQz_tF::SYNTHESIZED::s:10WeatherKit07MonthlyA10StatisticsV	deferred		Swift Sequence/Collection protocol witness inherited from RandomAccessCollection; not a distinct WeatherKit-owned implementation.
s:SlsE6prefix7through11SubSequenceQz5IndexQz_tF::SYNTHESIZED::s:10WeatherKit0A7ChangesV	deferred		Swift Sequence/Collection protocol witness inherited from RandomAccessCollection; not a distinct WeatherKit-owned implementation.
s:SlsE6prefix7through11SubSequenceQz5IndexQz_tF::SYNTHESIZED::s:10WeatherKit21HistoricalComparisonsV	deferred		Swift Sequence/Collection protocol witness inherited from RandomAccessCollection; not a distinct WeatherKit-owned implementation.
s:SlsE6prefix7through11SubSequenceQz5IndexQz_tF::SYNTHESIZED::s:10WeatherKit8ForecastV	deferred		Swift Sequence/Collection protocol witness inherited from RandomAccessCollection; not a distinct WeatherKit-owned implementation.
s:SlsE6prefixy11SubSequenceQzSiF::SYNTHESIZED::s:10WeatherKit05DailyA10StatisticsV	deferred		Swift Sequence/Collection protocol witness inherited from RandomAccessCollection; not a distinct WeatherKit-owned implementation.
s:SlsE6prefixy11SubSequenceQzSiF::SYNTHESIZED::s:10WeatherKit05DailyA7SummaryV	deferred		Swift Sequence/Collection protocol witness inherited from RandomAccessCollection; not a distinct WeatherKit-owned implementation.
s:SlsE6prefixy11SubSequenceQzSiF::SYNTHESIZED::s:10WeatherKit06HourlyA10StatisticsV	deferred		Swift Sequence/Collection protocol witness inherited from RandomAccessCollection; not a distinct WeatherKit-owned implementation.
s:SlsE6prefixy11SubSequenceQzSiF::SYNTHESIZED::s:10WeatherKit07MonthlyA10StatisticsV	deferred		Swift Sequence/Collection protocol witness inherited from RandomAccessCollection; not a distinct WeatherKit-owned implementation.
s:SlsE6prefixy11SubSequenceQzSiF::SYNTHESIZED::s:10WeatherKit0A7ChangesV	deferred		Swift Sequence/Collection protocol witness inherited from RandomAccessCollection; not a distinct WeatherKit-owned implementation.
s:SlsE6prefixy11SubSequenceQzSiF::SYNTHESIZED::s:10WeatherKit21HistoricalComparisonsV	deferred		Swift Sequence/Collection protocol witness inherited from RandomAccessCollection; not a distinct WeatherKit-owned implementation.
s:SlsE6prefixy11SubSequenceQzSiF::SYNTHESIZED::s:10WeatherKit8ForecastV	deferred		Swift Sequence/Collection protocol witness inherited from RandomAccessCollection; not a distinct WeatherKit-owned implementation.
s:SlsE6suffix4from11SubSequenceQz5IndexQz_tF::SYNTHESIZED::s:10WeatherKit05DailyA10StatisticsV	deferred		Swift Sequence/Collection protocol witness inherited from RandomAccessCollection; not a distinct WeatherKit-owned implementation.
s:SlsE6suffix4from11SubSequenceQz5IndexQz_tF::SYNTHESIZED::s:10WeatherKit05DailyA7SummaryV	deferred		Swift Sequence/Collection protocol witness inherited from RandomAccessCollection; not a distinct WeatherKit-owned implementation.
s:SlsE6suffix4from11SubSequenceQz5IndexQz_tF::SYNTHESIZED::s:10WeatherKit06HourlyA10StatisticsV	deferred		Swift Sequence/Collection protocol witness inherited from RandomAccessCollection; not a distinct WeatherKit-owned implementation.
s:SlsE6suffix4from11SubSequenceQz5IndexQz_tF::SYNTHESIZED::s:10WeatherKit07MonthlyA10StatisticsV	deferred		Swift Sequence/Collection protocol witness inherited from RandomAccessCollection; not a distinct WeatherKit-owned implementation.
s:SlsE6suffix4from11SubSequenceQz5IndexQz_tF::SYNTHESIZED::s:10WeatherKit0A7ChangesV	deferred		Swift Sequence/Collection protocol witness inherited from RandomAccessCollection; not a distinct WeatherKit-owned implementation.
s:SlsE6suffix4from11SubSequenceQz5IndexQz_tF::SYNTHESIZED::s:10WeatherKit21HistoricalComparisonsV	deferred		Swift Sequence/Collection protocol witness inherited from RandomAccessCollection; not a distinct WeatherKit-owned implementation.
s:SlsE6suffix4from11SubSequenceQz5IndexQz_tF::SYNTHESIZED::s:10WeatherKit8ForecastV	deferred		Swift Sequence/Collection protocol witness inherited from RandomAccessCollection; not a distinct WeatherKit-owned implementation.
s:SlsE7indices5wheres8RangeSetVy5IndexQzGSb7ElementQzKXE_tKF::SYNTHESIZED::s:10WeatherKit05DailyA10StatisticsV	deferred		Swift Sequence/Collection protocol witness inherited from RandomAccessCollection; not a distinct WeatherKit-owned implementation.
s:SlsE7indices5wheres8RangeSetVy5IndexQzGSb7ElementQzKXE_tKF::SYNTHESIZED::s:10WeatherKit05DailyA7SummaryV	deferred		Swift Sequence/Collection protocol witness inherited from RandomAccessCollection; not a distinct WeatherKit-owned implementation.
s:SlsE7indices5wheres8RangeSetVy5IndexQzGSb7ElementQzKXE_tKF::SYNTHESIZED::s:10WeatherKit06HourlyA10StatisticsV	deferred		Swift Sequence/Collection protocol witness inherited from RandomAccessCollection; not a distinct WeatherKit-owned implementation.
s:SlsE7indices5wheres8RangeSetVy5IndexQzGSb7ElementQzKXE_tKF::SYNTHESIZED::s:10WeatherKit07MonthlyA10StatisticsV	deferred		Swift Sequence/Collection protocol witness inherited from RandomAccessCollection; not a distinct WeatherKit-owned implementation.
s:SlsE7indices5wheres8RangeSetVy5IndexQzGSb7ElementQzKXE_tKF::SYNTHESIZED::s:10WeatherKit0A7ChangesV	deferred		Swift Sequence/Collection protocol witness inherited from RandomAccessCollection; not a distinct WeatherKit-owned implementation.
s:SlsE7indices5wheres8RangeSetVy5IndexQzGSb7ElementQzKXE_tKF::SYNTHESIZED::s:10WeatherKit21HistoricalComparisonsV	deferred		Swift Sequence/Collection protocol witness inherited from RandomAccessCollection; not a distinct WeatherKit-owned implementation.
s:SlsE7indices5wheres8RangeSetVy5IndexQzGSb7ElementQzKXE_tKF::SYNTHESIZED::s:10WeatherKit8ForecastV	deferred		Swift Sequence/Collection protocol witness inherited from RandomAccessCollection; not a distinct WeatherKit-owned implementation.
s:SlsE7isEmptySbvp::SYNTHESIZED::s:10WeatherKit05DailyA10StatisticsV	deferred		Swift Sequence/Collection protocol witness inherited from RandomAccessCollection; not a distinct WeatherKit-owned implementation.
s:SlsE7isEmptySbvp::SYNTHESIZED::s:10WeatherKit05DailyA7SummaryV	deferred		Swift Sequence/Collection protocol witness inherited from RandomAccessCollection; not a distinct WeatherKit-owned implementation.
s:SlsE7isEmptySbvp::SYNTHESIZED::s:10WeatherKit06HourlyA10StatisticsV	deferred		Swift Sequence/Collection protocol witness inherited from RandomAccessCollection; not a distinct WeatherKit-owned implementation.
s:SlsE7isEmptySbvp::SYNTHESIZED::s:10WeatherKit07MonthlyA10StatisticsV	deferred		Swift Sequence/Collection protocol witness inherited from RandomAccessCollection; not a distinct WeatherKit-owned implementation.
s:SlsE7isEmptySbvp::SYNTHESIZED::s:10WeatherKit0A7ChangesV	deferred		Swift Sequence/Collection protocol witness inherited from RandomAccessCollection; not a distinct WeatherKit-owned implementation.
s:SlsE7isEmptySbvp::SYNTHESIZED::s:10WeatherKit21HistoricalComparisonsV	deferred		Swift Sequence/Collection protocol witness inherited from RandomAccessCollection; not a distinct WeatherKit-owned implementation.
s:SlsE7isEmptySbvp::SYNTHESIZED::s:10WeatherKit8ForecastV	implemented	test:full/weatherkit/tests/agent/WeatherKitCollectionTests.swift#testForecastCollectionAndCodable	Exercised inherited RandomAccessCollection/Sequence member on the Linux value type.
s:SlsE9dropFirsty11SubSequenceQzSiF::SYNTHESIZED::s:10WeatherKit05DailyA10StatisticsV	deferred		Swift Sequence/Collection protocol witness inherited from RandomAccessCollection; not a distinct WeatherKit-owned implementation.
s:SlsE9dropFirsty11SubSequenceQzSiF::SYNTHESIZED::s:10WeatherKit05DailyA7SummaryV	deferred		Swift Sequence/Collection protocol witness inherited from RandomAccessCollection; not a distinct WeatherKit-owned implementation.
s:SlsE9dropFirsty11SubSequenceQzSiF::SYNTHESIZED::s:10WeatherKit06HourlyA10StatisticsV	deferred		Swift Sequence/Collection protocol witness inherited from RandomAccessCollection; not a distinct WeatherKit-owned implementation.
s:SlsE9dropFirsty11SubSequenceQzSiF::SYNTHESIZED::s:10WeatherKit07MonthlyA10StatisticsV	deferred		Swift Sequence/Collection protocol witness inherited from RandomAccessCollection; not a distinct WeatherKit-owned implementation.
s:SlsE9dropFirsty11SubSequenceQzSiF::SYNTHESIZED::s:10WeatherKit0A7ChangesV	deferred		Swift Sequence/Collection protocol witness inherited from RandomAccessCollection; not a distinct WeatherKit-owned implementation.
s:SlsE9dropFirsty11SubSequenceQzSiF::SYNTHESIZED::s:10WeatherKit21HistoricalComparisonsV	deferred		Swift Sequence/Collection protocol witness inherited from RandomAccessCollection; not a distinct WeatherKit-owned implementation.
s:SlsE9dropFirsty11SubSequenceQzSiF::SYNTHESIZED::s:10WeatherKit8ForecastV	deferred		Swift Sequence/Collection protocol witness inherited from RandomAccessCollection; not a distinct WeatherKit-owned implementation.
s:SlsE9formIndex5aftery0B0Qzz_tF::SYNTHESIZED::s:10WeatherKit05DailyA10StatisticsV	deferred		Swift Sequence/Collection protocol witness inherited from RandomAccessCollection; not a distinct WeatherKit-owned implementation.
s:SlsE9formIndex5aftery0B0Qzz_tF::SYNTHESIZED::s:10WeatherKit05DailyA7SummaryV	deferred		Swift Sequence/Collection protocol witness inherited from RandomAccessCollection; not a distinct WeatherKit-owned implementation.
s:SlsE9formIndex5aftery0B0Qzz_tF::SYNTHESIZED::s:10WeatherKit06HourlyA10StatisticsV	deferred		Swift Sequence/Collection protocol witness inherited from RandomAccessCollection; not a distinct WeatherKit-owned implementation.
s:SlsE9formIndex5aftery0B0Qzz_tF::SYNTHESIZED::s:10WeatherKit07MonthlyA10StatisticsV	deferred		Swift Sequence/Collection protocol witness inherited from RandomAccessCollection; not a distinct WeatherKit-owned implementation.
s:SlsE9formIndex5aftery0B0Qzz_tF::SYNTHESIZED::s:10WeatherKit0A7ChangesV	deferred		Swift Sequence/Collection protocol witness inherited from RandomAccessCollection; not a distinct WeatherKit-owned implementation.
s:SlsE9formIndex5aftery0B0Qzz_tF::SYNTHESIZED::s:10WeatherKit21HistoricalComparisonsV	deferred		Swift Sequence/Collection protocol witness inherited from RandomAccessCollection; not a distinct WeatherKit-owned implementation.
s:SlsE9formIndex5aftery0B0Qzz_tF::SYNTHESIZED::s:10WeatherKit8ForecastV	deferred		Swift Sequence/Collection protocol witness inherited from RandomAccessCollection; not a distinct WeatherKit-owned implementation.
s:SlsE9formIndex_8offsetBy07limitedD0Sb0B0Qzz_SiAEtF::SYNTHESIZED::s:10WeatherKit05DailyA10StatisticsV	deferred		Swift Sequence/Collection protocol witness inherited from RandomAccessCollection; not a distinct WeatherKit-owned implementation.
s:SlsE9formIndex_8offsetBy07limitedD0Sb0B0Qzz_SiAEtF::SYNTHESIZED::s:10WeatherKit05DailyA7SummaryV	deferred		Swift Sequence/Collection protocol witness inherited from RandomAccessCollection; not a distinct WeatherKit-owned implementation.
s:SlsE9formIndex_8offsetBy07limitedD0Sb0B0Qzz_SiAEtF::SYNTHESIZED::s:10WeatherKit06HourlyA10StatisticsV	deferred		Swift Sequence/Collection protocol witness inherited from RandomAccessCollection; not a distinct WeatherKit-owned implementation.
s:SlsE9formIndex_8offsetBy07limitedD0Sb0B0Qzz_SiAEtF::SYNTHESIZED::s:10WeatherKit07MonthlyA10StatisticsV	deferred		Swift Sequence/Collection protocol witness inherited from RandomAccessCollection; not a distinct WeatherKit-owned implementation.
s:SlsE9formIndex_8offsetBy07limitedD0Sb0B0Qzz_SiAEtF::SYNTHESIZED::s:10WeatherKit0A7ChangesV	deferred		Swift Sequence/Collection protocol witness inherited from RandomAccessCollection; not a distinct WeatherKit-owned implementation.
s:SlsE9formIndex_8offsetBy07limitedD0Sb0B0Qzz_SiAEtF::SYNTHESIZED::s:10WeatherKit21HistoricalComparisonsV	deferred		Swift Sequence/Collection protocol witness inherited from RandomAccessCollection; not a distinct WeatherKit-owned implementation.
s:SlsE9formIndex_8offsetBy07limitedD0Sb0B0Qzz_SiAEtF::SYNTHESIZED::s:10WeatherKit8ForecastV	deferred		Swift Sequence/Collection protocol witness inherited from RandomAccessCollection; not a distinct WeatherKit-owned implementation.
s:SlsE9formIndex_8offsetByy0B0Qzz_SitF::SYNTHESIZED::s:10WeatherKit05DailyA10StatisticsV	deferred		Swift Sequence/Collection protocol witness inherited from RandomAccessCollection; not a distinct WeatherKit-owned implementation.
s:SlsE9formIndex_8offsetByy0B0Qzz_SitF::SYNTHESIZED::s:10WeatherKit05DailyA7SummaryV	deferred		Swift Sequence/Collection protocol witness inherited from RandomAccessCollection; not a distinct WeatherKit-owned implementation.
s:SlsE9formIndex_8offsetByy0B0Qzz_SitF::SYNTHESIZED::s:10WeatherKit06HourlyA10StatisticsV	deferred		Swift Sequence/Collection protocol witness inherited from RandomAccessCollection; not a distinct WeatherKit-owned implementation.
s:SlsE9formIndex_8offsetByy0B0Qzz_SitF::SYNTHESIZED::s:10WeatherKit07MonthlyA10StatisticsV	deferred		Swift Sequence/Collection protocol witness inherited from RandomAccessCollection; not a distinct WeatherKit-owned implementation.
s:SlsE9formIndex_8offsetByy0B0Qzz_SitF::SYNTHESIZED::s:10WeatherKit0A7ChangesV	deferred		Swift Sequence/Collection protocol witness inherited from RandomAccessCollection; not a distinct WeatherKit-owned implementation.
s:SlsE9formIndex_8offsetByy0B0Qzz_SitF::SYNTHESIZED::s:10WeatherKit21HistoricalComparisonsV	deferred		Swift Sequence/Collection protocol witness inherited from RandomAccessCollection; not a distinct WeatherKit-owned implementation.
s:SlsE9formIndex_8offsetByy0B0Qzz_SitF::SYNTHESIZED::s:10WeatherKit8ForecastV	deferred		Swift Sequence/Collection protocol witness inherited from RandomAccessCollection; not a distinct WeatherKit-owned implementation.
s:SlsSQ7ElementRpzrlE10firstIndex2of0C0QzSgAB_tF::SYNTHESIZED::s:10WeatherKit05DailyA10StatisticsV	deferred		Swift Sequence/Collection protocol witness inherited from RandomAccessCollection; not a distinct WeatherKit-owned implementation.
s:SlsSQ7ElementRpzrlE10firstIndex2of0C0QzSgAB_tF::SYNTHESIZED::s:10WeatherKit05DailyA7SummaryV	deferred		Swift Sequence/Collection protocol witness inherited from RandomAccessCollection; not a distinct WeatherKit-owned implementation.
s:SlsSQ7ElementRpzrlE10firstIndex2of0C0QzSgAB_tF::SYNTHESIZED::s:10WeatherKit06HourlyA10StatisticsV	deferred		Swift Sequence/Collection protocol witness inherited from RandomAccessCollection; not a distinct WeatherKit-owned implementation.
s:SlsSQ7ElementRpzrlE10firstIndex2of0C0QzSgAB_tF::SYNTHESIZED::s:10WeatherKit07MonthlyA10StatisticsV	deferred		Swift Sequence/Collection protocol witness inherited from RandomAccessCollection; not a distinct WeatherKit-owned implementation.
s:SlsSQ7ElementRpzrlE10firstIndex2of0C0QzSgAB_tF::SYNTHESIZED::s:10WeatherKit0A7ChangesV	deferred		Swift Sequence/Collection protocol witness inherited from RandomAccessCollection; not a distinct WeatherKit-owned implementation.
s:SlsSQ7ElementRpzrlE10firstIndex2of0C0QzSgAB_tF::SYNTHESIZED::s:10WeatherKit21HistoricalComparisonsV	deferred		Swift Sequence/Collection protocol witness inherited from RandomAccessCollection; not a distinct WeatherKit-owned implementation.
s:SlsSQ7ElementRpzrlE10firstIndex2of0C0QzSgAB_tF::SYNTHESIZED::s:10WeatherKit8ForecastV	deferred		Swift Sequence/Collection protocol witness inherited from RandomAccessCollection; not a distinct WeatherKit-owned implementation.
s:SlsSQ7ElementRpzrlE5index2of5IndexQzSgAB_tF::SYNTHESIZED::s:10WeatherKit05DailyA10StatisticsV	deferred		Swift Sequence/Collection protocol witness inherited from RandomAccessCollection; not a distinct WeatherKit-owned implementation.
s:SlsSQ7ElementRpzrlE5index2of5IndexQzSgAB_tF::SYNTHESIZED::s:10WeatherKit05DailyA7SummaryV	deferred		Swift Sequence/Collection protocol witness inherited from RandomAccessCollection; not a distinct WeatherKit-owned implementation.
s:SlsSQ7ElementRpzrlE5index2of5IndexQzSgAB_tF::SYNTHESIZED::s:10WeatherKit06HourlyA10StatisticsV	deferred		Swift Sequence/Collection protocol witness inherited from RandomAccessCollection; not a distinct WeatherKit-owned implementation.
s:SlsSQ7ElementRpzrlE5index2of5IndexQzSgAB_tF::SYNTHESIZED::s:10WeatherKit07MonthlyA10StatisticsV	deferred		Swift Sequence/Collection protocol witness inherited from RandomAccessCollection; not a distinct WeatherKit-owned implementation.
s:SlsSQ7ElementRpzrlE5index2of5IndexQzSgAB_tF::SYNTHESIZED::s:10WeatherKit0A7ChangesV	deferred		Swift Sequence/Collection protocol witness inherited from RandomAccessCollection; not a distinct WeatherKit-owned implementation.
s:SlsSQ7ElementRpzrlE5index2of5IndexQzSgAB_tF::SYNTHESIZED::s:10WeatherKit21HistoricalComparisonsV	deferred		Swift Sequence/Collection protocol witness inherited from RandomAccessCollection; not a distinct WeatherKit-owned implementation.
s:SlsSQ7ElementRpzrlE5index2of5IndexQzSgAB_tF::SYNTHESIZED::s:10WeatherKit8ForecastV	deferred		Swift Sequence/Collection protocol witness inherited from RandomAccessCollection; not a distinct WeatherKit-owned implementation.
s:SlsSQ7ElementRpzrlE5split9separator9maxSplits25omittingEmptySubsequencesSay11SubSequenceQzGAB_SiSbtF::SYNTHESIZED::s:10WeatherKit05DailyA10StatisticsV	deferred		Swift Sequence/Collection protocol witness inherited from RandomAccessCollection; not a distinct WeatherKit-owned implementation.
s:SlsSQ7ElementRpzrlE5split9separator9maxSplits25omittingEmptySubsequencesSay11SubSequenceQzGAB_SiSbtF::SYNTHESIZED::s:10WeatherKit05DailyA7SummaryV	deferred		Swift Sequence/Collection protocol witness inherited from RandomAccessCollection; not a distinct WeatherKit-owned implementation.
s:SlsSQ7ElementRpzrlE5split9separator9maxSplits25omittingEmptySubsequencesSay11SubSequenceQzGAB_SiSbtF::SYNTHESIZED::s:10WeatherKit06HourlyA10StatisticsV	deferred		Swift Sequence/Collection protocol witness inherited from RandomAccessCollection; not a distinct WeatherKit-owned implementation.
s:SlsSQ7ElementRpzrlE5split9separator9maxSplits25omittingEmptySubsequencesSay11SubSequenceQzGAB_SiSbtF::SYNTHESIZED::s:10WeatherKit07MonthlyA10StatisticsV	deferred		Swift Sequence/Collection protocol witness inherited from RandomAccessCollection; not a distinct WeatherKit-owned implementation.
s:SlsSQ7ElementRpzrlE5split9separator9maxSplits25omittingEmptySubsequencesSay11SubSequenceQzGAB_SiSbtF::SYNTHESIZED::s:10WeatherKit0A7ChangesV	deferred		Swift Sequence/Collection protocol witness inherited from RandomAccessCollection; not a distinct WeatherKit-owned implementation.
s:SlsSQ7ElementRpzrlE5split9separator9maxSplits25omittingEmptySubsequencesSay11SubSequenceQzGAB_SiSbtF::SYNTHESIZED::s:10WeatherKit21HistoricalComparisonsV	deferred		Swift Sequence/Collection protocol witness inherited from RandomAccessCollection; not a distinct WeatherKit-owned implementation.
s:SlsSQ7ElementRpzrlE5split9separator9maxSplits25omittingEmptySubsequencesSay11SubSequenceQzGAB_SiSbtF::SYNTHESIZED::s:10WeatherKit8ForecastV	deferred		Swift Sequence/Collection protocol witness inherited from RandomAccessCollection; not a distinct WeatherKit-owned implementation.
s:SlsSQ7ElementRpzrlE7indices2ofs8RangeSetVy5IndexQzGAB_tF::SYNTHESIZED::s:10WeatherKit05DailyA10StatisticsV	deferred		Swift Sequence/Collection protocol witness inherited from RandomAccessCollection; not a distinct WeatherKit-owned implementation.
s:SlsSQ7ElementRpzrlE7indices2ofs8RangeSetVy5IndexQzGAB_tF::SYNTHESIZED::s:10WeatherKit05DailyA7SummaryV	deferred		Swift Sequence/Collection protocol witness inherited from RandomAccessCollection; not a distinct WeatherKit-owned implementation.
s:SlsSQ7ElementRpzrlE7indices2ofs8RangeSetVy5IndexQzGAB_tF::SYNTHESIZED::s:10WeatherKit06HourlyA10StatisticsV	deferred		Swift Sequence/Collection protocol witness inherited from RandomAccessCollection; not a distinct WeatherKit-owned implementation.
s:SlsSQ7ElementRpzrlE7indices2ofs8RangeSetVy5IndexQzGAB_tF::SYNTHESIZED::s:10WeatherKit07MonthlyA10StatisticsV	deferred		Swift Sequence/Collection protocol witness inherited from RandomAccessCollection; not a distinct WeatherKit-owned implementation.
s:SlsSQ7ElementRpzrlE7indices2ofs8RangeSetVy5IndexQzGAB_tF::SYNTHESIZED::s:10WeatherKit0A7ChangesV	deferred		Swift Sequence/Collection protocol witness inherited from RandomAccessCollection; not a distinct WeatherKit-owned implementation.
s:SlsSQ7ElementRpzrlE7indices2ofs8RangeSetVy5IndexQzGAB_tF::SYNTHESIZED::s:10WeatherKit21HistoricalComparisonsV	deferred		Swift Sequence/Collection protocol witness inherited from RandomAccessCollection; not a distinct WeatherKit-owned implementation.
s:SlsSQ7ElementRpzrlE7indices2ofs8RangeSetVy5IndexQzGAB_tF::SYNTHESIZED::s:10WeatherKit8ForecastV	deferred		Swift Sequence/Collection protocol witness inherited from RandomAccessCollection; not a distinct WeatherKit-owned implementation.
s:Slss16IndexingIteratorVyxG0B0RtzrlE04makeB0ACyF::SYNTHESIZED::s:10WeatherKit05DailyA10StatisticsV	deferred		Swift Sequence/Collection protocol witness inherited from RandomAccessCollection; not a distinct WeatherKit-owned implementation.
s:Slss16IndexingIteratorVyxG0B0RtzrlE04makeB0ACyF::SYNTHESIZED::s:10WeatherKit05DailyA7SummaryV	deferred		Swift Sequence/Collection protocol witness inherited from RandomAccessCollection; not a distinct WeatherKit-owned implementation.
s:Slss16IndexingIteratorVyxG0B0RtzrlE04makeB0ACyF::SYNTHESIZED::s:10WeatherKit06HourlyA10StatisticsV	deferred		Swift Sequence/Collection protocol witness inherited from RandomAccessCollection; not a distinct WeatherKit-owned implementation.
s:Slss16IndexingIteratorVyxG0B0RtzrlE04makeB0ACyF::SYNTHESIZED::s:10WeatherKit07MonthlyA10StatisticsV	deferred		Swift Sequence/Collection protocol witness inherited from RandomAccessCollection; not a distinct WeatherKit-owned implementation.
s:Slss16IndexingIteratorVyxG0B0RtzrlE04makeB0ACyF::SYNTHESIZED::s:10WeatherKit0A7ChangesV	deferred		Swift Sequence/Collection protocol witness inherited from RandomAccessCollection; not a distinct WeatherKit-owned implementation.
s:Slss16IndexingIteratorVyxG0B0RtzrlE04makeB0ACyF::SYNTHESIZED::s:10WeatherKit21HistoricalComparisonsV	deferred		Swift Sequence/Collection protocol witness inherited from RandomAccessCollection; not a distinct WeatherKit-owned implementation.
s:Slss16IndexingIteratorVyxG0B0RtzrlE04makeB0ACyF::SYNTHESIZED::s:10WeatherKit8ForecastV	deferred		Swift Sequence/Collection protocol witness inherited from RandomAccessCollection; not a distinct WeatherKit-owned implementation.
s:s5ErrorP10FoundationE20localizedDescriptionSSvp::SYNTHESIZED::s:10WeatherKit0A5ErrorO	deferred		Swift Sequence/Collection protocol witness inherited from RandomAccessCollection; not a distinct WeatherKit-owned implementation.
