precise	graphKind	graphPath	status	basis	rawCandidateCount	compatibleCandidateCount	selectedNodePath	candidateNodePaths
s:12FinanceKitUI17TransactionPickerV	swift.struct	["TransactionPicker"]	exact-usr	exact-usr	1	1	/ABIRoot/children/20	["/ABIRoot/children/20"]
s:12FinanceKitUI17TransactionPickerV4Bodya	swift.typealias	["TransactionPicker","Body"]	exact-usr	exact-usr	1	1	/ABIRoot/children/20/children/2	["/ABIRoot/children/20/children/2"]
s:12FinanceKitUI17TransactionPickerV4bodyQrvp	swift.property	["TransactionPicker","body"]	exact-usr	exact-usr	1	1	/ABIRoot/children/20/children/1	["/ABIRoot/children/20/children/1"]
s:12FinanceKitUI17TransactionPickerV9selection5labelACyxG05SwiftC07BindingVySay0aB00D0VGG_xyXEtcfc	swift.init	["TransactionPicker","init(selection:label:)"]	exact-usr	exact-usr	1	1	/ABIRoot/children/20/children/0	["/ABIRoot/children/20/children/0"]
s:12FinanceKitUI22AddOrderToWalletButtonV	swift.struct	["AddOrderToWalletButton"]	exact-usr	exact-usr	1	1	/ABIRoot/children/15	["/ABIRoot/children/15"]
s:12FinanceKitUI22AddOrderToWalletButtonV13signedArchive12onCompletionAC10Foundation4DataV_ys6ResultOy0aB00A5StoreC04SaveeO0Os5Error_pGctcfc	swift.init	["AddOrderToWalletButton","init(signedArchive:onCompletion:)"]	exact-usr	exact-usr	1	1	/ABIRoot/children/15/children/0	["/ABIRoot/children/15/children/0"]
s:12FinanceKitUI22AddOrderToWalletButtonV4Bodya	swift.typealias	["AddOrderToWalletButton","Body"]	exact-usr	exact-usr	1	1	/ABIRoot/children/15/children/2	["/ABIRoot/children/15/children/2"]
s:12FinanceKitUI22AddOrderToWalletButtonV4bodyQrvp	swift.property	["AddOrderToWalletButton","body"]	exact-usr	exact-usr	1	1	/ABIRoot/children/15/children/1	["/ABIRoot/children/15/children/1"]
s:12FinanceKitUI27AddOrderToWalletButtonStyleV	swift.struct	["AddOrderToWalletButtonStyle"]	exact-usr	exact-usr	1	1	/ABIRoot/children/16	["/ABIRoot/children/16"]
s:12FinanceKitUI27AddOrderToWalletButtonStyleV12blackOutlineACvpZ	swift.type.property	["AddOrderToWalletButtonStyle","blackOutline"]	exact-usr	exact-usr	1	1	/ABIRoot/children/16/children/1	["/ABIRoot/children/16/children/1"]
s:12FinanceKitUI27AddOrderToWalletButtonStyleV5blackACvpZ	swift.type.property	["AddOrderToWalletButtonStyle","black"]	exact-usr	exact-usr	1	1	/ABIRoot/children/16/children/0	["/ABIRoot/children/16/children/0"]
s:12FinanceKitUI30FinancialConnectionUIExtensionP	swift.protocol	["FinancialConnectionUIExtension"]	exact-usr	exact-usr	1	1	/ABIRoot/children/11	["/ABIRoot/children/11"]
s:12FinanceKitUI30FinancialConnectionUIExtensionP4BodyQa	swift.associatedtype	["FinancialConnectionUIExtension","Body"]	exact-usr	exact-usr	1	1	/ABIRoot/children/11/children/0	["/ABIRoot/children/11/children/0"]
s:12FinanceKitUI30FinancialConnectionUIExtensionP4body4BodyQzvp	swift.property	["FinancialConnectionUIExtension","body"]	exact-usr	exact-usr	1	1	/ABIRoot/children/11/children/1	["/ABIRoot/children/11/children/1"]
s:12FinanceKitUI30FinancialConnectionUIExtensionPAAE13configuration09ExtensionB003AppH18SceneConfigurationVvp	swift.property	["FinancialConnectionUIExtension","configuration"]	exact-usr	exact-usr	1	1	/ABIRoot/children/11/children/2	["/ABIRoot/children/11/children/2"]
s:12FinanceKitUI35FinancialConnectionUIExtensionSceneP	swift.protocol	["FinancialConnectionUIExtensionScene"]	exact-usr	exact-usr	1	1	/ABIRoot/children/12	["/ABIRoot/children/12"]
s:12FinanceKitUI39FinancialConnectionUIExtensionProvidingP	swift.protocol	["FinancialConnectionUIExtensionProviding"]	exact-usr	exact-usr	1	1	/ABIRoot/children/14	["/ABIRoot/children/14"]
s:12FinanceKitUI39FinancialConnectionUIExtensionProvidingP9authorizeyyAA0dE29ExtensionAuthorizationRequestVF	swift.method	["FinancialConnectionUIExtensionProviding","authorize(_:)"]	exact-usr	exact-usr	1	1	/ABIRoot/children/14/children/0	["/ABIRoot/children/14/children/0"]
s:12FinanceKitUI47FinancialConnectionExtensionAuthorizationParamsa	swift.typealias	["FinancialConnectionExtensionAuthorizationParams"]	exact-usr	exact-usr	1	1	/ABIRoot/children/17	["/ABIRoot/children/17"]
s:12FinanceKitUI47FinancialConnectionExtensionAuthorizationResultV	swift.struct	["FinancialConnectionExtensionAuthorizationResult"]	exact-usr	exact-usr	1	1	/ABIRoot/children/19	["/ABIRoot/children/19"]
s:12FinanceKitUI47FinancialConnectionExtensionAuthorizationResultV4fromACs7Decoder_p_tKcfc	swift.init	["FinancialConnectionExtensionAuthorizationResult","init(from:)"]	exact-usr	exact-usr	1	1	/ABIRoot/children/19/children/3	["/ABIRoot/children/19/children/3"]
s:12FinanceKitUI47FinancialConnectionExtensionAuthorizationResultV6encode2toys7Encoder_p_tKF	swift.method	["FinancialConnectionExtensionAuthorizationResult","encode(to:)"]	exact-usr	exact-usr	1	1	/ABIRoot/children/19/children/2	["/ABIRoot/children/19/children/2"]
s:12FinanceKitUI47FinancialConnectionExtensionAuthorizationResultV6paramsACSDyS2SG_tcfc	swift.init	["FinancialConnectionExtensionAuthorizationResult","init(params:)"]	exact-usr	exact-usr	1	1	/ABIRoot/children/19/children/1	["/ABIRoot/children/19/children/1"]
s:12FinanceKitUI47FinancialConnectionExtensionAuthorizationResultV6paramsSDyS2SGvp	swift.property	["FinancialConnectionExtensionAuthorizationResult","params"]	exact-usr	exact-usr	1	1	/ABIRoot/children/19/children/0	["/ABIRoot/children/19/children/0"]
s:12FinanceKitUI48FinancialConnectionExtensionAuthorizationRequestV	swift.struct	["FinancialConnectionExtensionAuthorizationRequest"]	exact-usr	exact-usr	1	1	/ABIRoot/children/18	["/ABIRoot/children/18"]
s:12FinanceKitUI48FinancialConnectionExtensionAuthorizationRequestV17CompletionHandlera	swift.typealias	["FinancialConnectionExtensionAuthorizationRequest","CompletionHandler"]	exact-usr	exact-usr	1	1	/ABIRoot/children/18/children/2	["/ABIRoot/children/18/children/2"]
s:12FinanceKitUI48FinancialConnectionExtensionAuthorizationRequestV23CompletionHandlerResulta	swift.typealias	["FinancialConnectionExtensionAuthorizationRequest","CompletionHandlerResult"]	exact-usr	exact-usr	1	1	/ABIRoot/children/18/children/1	["/ABIRoot/children/18/children/1"]
s:12FinanceKitUI48FinancialConnectionExtensionAuthorizationRequestV6paramsSDyS2SGvp	swift.property	["FinancialConnectionExtensionAuthorizationRequest","params"]	exact-usr	exact-usr	1	1	/ABIRoot/children/18/children/0	["/ABIRoot/children/18/children/0"]
s:12FinanceKitUI48FinancialConnectionExtensionAuthorizationRequestV8complete19authorizationResultyAA0defgK0V_tF	swift.method	["FinancialConnectionExtensionAuthorizationRequest","complete(authorizationResult:)"]	exact-usr	exact-usr	1	1	/ABIRoot/children/18/children/3	["/ABIRoot/children/18/children/3"]
s:12FinanceKitUI48FinancialConnectionExtensionAuthorizationRequestV8complete5errorys5Error_p_tF	swift.method	["FinancialConnectionExtensionAuthorizationRequest","complete(error:)"]	exact-usr	exact-usr	1	1	/ABIRoot/children/18/children/4	["/ABIRoot/children/18/children/4"]
s:12FinanceKitUI48FinancialConnectionUIExtensionAuthorizationSceneV	swift.struct	["FinancialConnectionUIExtensionAuthorizationScene"]	exact-usr	exact-usr	1	1	/ABIRoot/children/13	["/ABIRoot/children/13"]
s:12FinanceKitUI48FinancialConnectionUIExtensionAuthorizationSceneV4Bodya	swift.typealias	["FinancialConnectionUIExtensionAuthorizationScene","Body"]	exact-usr	exact-usr	1	1	/ABIRoot/children/13/children/2	["/ABIRoot/children/13/children/2"]
s:12FinanceKitUI48FinancialConnectionUIExtensionAuthorizationSceneV4bodyQrvp	swift.property	["FinancialConnectionUIExtensionAuthorizationScene","body"]	exact-usr	exact-usr	1	1	/ABIRoot/children/13/children/1	["/ABIRoot/children/13/children/1"]
s:12FinanceKitUI48FinancialConnectionUIExtensionAuthorizationSceneV7contentACyxGxyc_tcfc	swift.init	["FinancialConnectionUIExtensionAuthorizationScene","init(content:)"]	exact-usr	exact-usr	1	1	/ABIRoot/children/13/children/0	["/ABIRoot/children/13/children/0"]
s:7SwiftUI4ViewP010FinanceKitB0E17transactionPicker11isPresented9selectionQrAA7BindingVySbG_AIySay0dE011TransactionVGGtF	swift.method	["View","transactionPicker(isPresented:selection:)"]	exact-usr	exact-usr	1	1	/ABIRoot/children/21/children/1	["/ABIRoot/children/21/children/1"]
s:7SwiftUI4ViewP010FinanceKitB0E17transactionPicker11isPresented9selectionQrAA7BindingVySbG_AIySay0dE011TransactionVGGtF::SYNTHESIZED::s:12FinanceKitUI17TransactionPickerV	swift.method	["TransactionPicker","transactionPicker(isPresented:selection:)"]	unmatched	none	0	0		[]
s:7SwiftUI4ViewP010FinanceKitB0E17transactionPicker11isPresented9selectionQrAA7BindingVySbG_AIySay0dE011TransactionVGGtF::SYNTHESIZED::s:12FinanceKitUI22AddOrderToWalletButtonV	swift.method	["AddOrderToWalletButton","transactionPicker(isPresented:selection:)"]	unmatched	none	0	0		[]
s:7SwiftUI4ViewP010FinanceKitB0E27addOrderToWalletButtonStyleyQrAD03AddghijK0VF	swift.method	["View","addOrderToWalletButtonStyle(_:)"]	exact-usr	exact-usr	1	1	/ABIRoot/children/21/children/0	["/ABIRoot/children/21/children/0"]
s:7SwiftUI4ViewP010FinanceKitB0E27addOrderToWalletButtonStyleyQrAD03AddghijK0VF::SYNTHESIZED::s:12FinanceKitUI17TransactionPickerV	swift.method	["TransactionPicker","addOrderToWalletButtonStyle(_:)"]	unmatched	none	0	0		[]
s:7SwiftUI4ViewP010FinanceKitB0E27addOrderToWalletButtonStyleyQrAD03AddghijK0VF::SYNTHESIZED::s:12FinanceKitUI22AddOrderToWalletButtonV	swift.method	["AddOrderToWalletButton","addOrderToWalletButtonStyle(_:)"]	unmatched	none	0	0		[]
s:7SwiftUI4ViewPAAE010navigationC5StyleyQrqd__AA010NavigationcE0Rd__lF::SYNTHESIZED::s:12FinanceKitUI17TransactionPickerV	swift.method	["TransactionPicker","navigationViewStyle(_:)"]	unmatched	none	0	0		[]
s:7SwiftUI4ViewPAAE010navigationC5StyleyQrqd__AA010NavigationcE0Rd__lF::SYNTHESIZED::s:12FinanceKitUI22AddOrderToWalletButtonV	swift.method	["AddOrderToWalletButton","navigationViewStyle(_:)"]	unmatched	none	0	0		[]
s:7SwiftUI4ViewPAAE015navigationSplitC11ColumnWidth3min5ideal3maxQr14CoreFoundation7CGFloatVSg_AjKtF::SYNTHESIZED::s:12FinanceKitUI17TransactionPickerV	swift.method	["TransactionPicker","navigationSplitViewColumnWidth(min:ideal:max:)"]	unmatched	none	0	0		[]
s:7SwiftUI4ViewPAAE015navigationSplitC11ColumnWidth3min5ideal3maxQr14CoreFoundation7CGFloatVSg_AjKtF::SYNTHESIZED::s:12FinanceKitUI22AddOrderToWalletButtonV	swift.method	["AddOrderToWalletButton","navigationSplitViewColumnWidth(min:ideal:max:)"]	unmatched	none	0	0		[]
s:7SwiftUI4ViewPAAE015navigationSplitC11ColumnWidthyQr14CoreFoundation7CGFloatVF::SYNTHESIZED::s:12FinanceKitUI17TransactionPickerV	swift.method	["TransactionPicker","navigationSplitViewColumnWidth(_:)"]	unmatched	none	0	0		[]
s:7SwiftUI4ViewPAAE015navigationSplitC11ColumnWidthyQr14CoreFoundation7CGFloatVF::SYNTHESIZED::s:12FinanceKitUI22AddOrderToWalletButtonV	swift.method	["AddOrderToWalletButton","navigationSplitViewColumnWidth(_:)"]	unmatched	none	0	0		[]
s:7SwiftUI4ViewPAAE015navigationSplitC5StyleyQrqd__AA010NavigationecF0Rd__lF::SYNTHESIZED::s:12FinanceKitUI17TransactionPickerV	swift.method	["TransactionPicker","navigationSplitViewStyle(_:)"]	unmatched	none	0	0		[]
s:7SwiftUI4ViewPAAE015navigationSplitC5StyleyQrqd__AA010NavigationecF0Rd__lF::SYNTHESIZED::s:12FinanceKitUI22AddOrderToWalletButtonV	swift.method	["AddOrderToWalletButton","navigationSplitViewStyle(_:)"]	unmatched	none	0	0		[]
s:7SwiftUI4ViewPAAE03tabC13CustomizationyQrAA7BindingVyAA03TabcE0VGSgF::SYNTHESIZED::s:12FinanceKitUI17TransactionPickerV	swift.method	["TransactionPicker","tabViewCustomization(_:)"]	unmatched	none	0	0		[]
s:7SwiftUI4ViewPAAE03tabC13CustomizationyQrAA7BindingVyAA03TabcE0VGSgF::SYNTHESIZED::s:12FinanceKitUI22AddOrderToWalletButtonV	swift.method	["AddOrderToWalletButton","tabViewCustomization(_:)"]	unmatched	none	0	0		[]
s:7SwiftUI4ViewPAAE03tabC13SidebarFooter7contentQrqd__yXE_tAaBRd__lF::SYNTHESIZED::s:12FinanceKitUI17TransactionPickerV	swift.method	["TransactionPicker","tabViewSidebarFooter(content:)"]	unmatched	none	0	0		[]
s:7SwiftUI4ViewPAAE03tabC13SidebarFooter7contentQrqd__yXE_tAaBRd__lF::SYNTHESIZED::s:12FinanceKitUI22AddOrderToWalletButtonV	swift.method	["AddOrderToWalletButton","tabViewSidebarFooter(content:)"]	unmatched	none	0	0		[]
s:7SwiftUI4ViewPAAE03tabC13SidebarHeader7contentQrqd__yXE_tAaBRd__lF::SYNTHESIZED::s:12FinanceKitUI17TransactionPickerV	swift.method	["TransactionPicker","tabViewSidebarHeader(content:)"]	unmatched	none	0	0		[]
s:7SwiftUI4ViewPAAE03tabC13SidebarHeader7contentQrqd__yXE_tAaBRd__lF::SYNTHESIZED::s:12FinanceKitUI22AddOrderToWalletButtonV	swift.method	["AddOrderToWalletButton","tabViewSidebarHeader(content:)"]	unmatched	none	0	0		[]
s:7SwiftUI4ViewPAAE03tabC15BottomAccessory7contentQrqd__yXE_tAaBRd__lF::SYNTHESIZED::s:12FinanceKitUI17TransactionPickerV	swift.method	["TransactionPicker","tabViewBottomAccessory(content:)"]	unmatched	none	0	0		[]
s:7SwiftUI4ViewPAAE03tabC15BottomAccessory7contentQrqd__yXE_tAaBRd__lF::SYNTHESIZED::s:12FinanceKitUI22AddOrderToWalletButtonV	swift.method	["AddOrderToWalletButton","tabViewBottomAccessory(content:)"]	unmatched	none	0	0		[]
s:7SwiftUI4ViewPAAE03tabC16SearchActivationyQrAA03TabeF0VF::SYNTHESIZED::s:12FinanceKitUI17TransactionPickerV	swift.method	["TransactionPicker","tabViewSearchActivation(_:)"]	unmatched	none	0	0		[]
s:7SwiftUI4ViewPAAE03tabC16SearchActivationyQrAA03TabeF0VF::SYNTHESIZED::s:12FinanceKitUI22AddOrderToWalletButtonV	swift.method	["AddOrderToWalletButton","tabViewSearchActivation(_:)"]	unmatched	none	0	0		[]
s:7SwiftUI4ViewPAAE03tabC16SidebarBottomBar7contentQrqd__yXE_tAaBRd__lF::SYNTHESIZED::s:12FinanceKitUI17TransactionPickerV	swift.method	["TransactionPicker","tabViewSidebarBottomBar(content:)"]	unmatched	none	0	0		[]
s:7SwiftUI4ViewPAAE03tabC16SidebarBottomBar7contentQrqd__yXE_tAaBRd__lF::SYNTHESIZED::s:12FinanceKitUI22AddOrderToWalletButtonV	swift.method	["AddOrderToWalletButton","tabViewSidebarBottomBar(content:)"]	unmatched	none	0	0		[]
s:7SwiftUI4ViewPAAE03tabC5StyleyQrqd__AA03TabcE0Rd__lF::SYNTHESIZED::s:12FinanceKitUI17TransactionPickerV	swift.method	["TransactionPicker","tabViewStyle(_:)"]	unmatched	none	0	0		[]
s:7SwiftUI4ViewPAAE03tabC5StyleyQrqd__AA03TabcE0Rd__lF::SYNTHESIZED::s:12FinanceKitUI22AddOrderToWalletButtonV	swift.method	["AddOrderToWalletButton","tabViewStyle(_:)"]	unmatched	none	0	0		[]
s:7SwiftUI4ViewPAAE05indexC5StyleyQrqd__AA05IndexcE0Rd__lF::SYNTHESIZED::s:12FinanceKitUI17TransactionPickerV	swift.method	["TransactionPicker","indexViewStyle(_:)"]	unmatched	none	0	0		[]
s:7SwiftUI4ViewPAAE05indexC5StyleyQrqd__AA05IndexcE0Rd__lF::SYNTHESIZED::s:12FinanceKitUI22AddOrderToWalletButtonV	swift.method	["AddOrderToWalletButton","indexViewStyle(_:)"]	unmatched	none	0	0		[]
s:7SwiftUI4ViewPAAE08progressC5StyleyQrqd__AA08ProgresscE0Rd__lF::SYNTHESIZED::s:12FinanceKitUI17TransactionPickerV	swift.method	["TransactionPicker","progressViewStyle(_:)"]	unmatched	none	0	0		[]
s:7SwiftUI4ViewPAAE08progressC5StyleyQrqd__AA08ProgresscE0Rd__lF::SYNTHESIZED::s:12FinanceKitUI22AddOrderToWalletButtonV	swift.method	["AddOrderToWalletButton","progressViewStyle(_:)"]	unmatched	none	0	0		[]
s:7SwiftUI4ViewPAAE10background20ignoresSafeAreaEdgesQrAA4EdgeO3SetV_tF::SYNTHESIZED::s:12FinanceKitUI17TransactionPickerV	swift.method	["TransactionPicker","background(ignoresSafeAreaEdges:)"]	unmatched	none	0	0		[]
s:7SwiftUI4ViewPAAE10background20ignoresSafeAreaEdgesQrAA4EdgeO3SetV_tF::SYNTHESIZED::s:12FinanceKitUI22AddOrderToWalletButtonV	swift.method	["AddOrderToWalletButton","background(ignoresSafeAreaEdges:)"]	unmatched	none	0	0		[]
s:7SwiftUI4ViewPAAE10background2in9fillStyleQrqd___AA04FillG0VtAA15InsettableShapeRd__lF::SYNTHESIZED::s:12FinanceKitUI17TransactionPickerV	swift.method	["TransactionPicker","background(in:fillStyle:)"]	unmatched	none	0	0		[]
s:7SwiftUI4ViewPAAE10background2in9fillStyleQrqd___AA04FillG0VtAA15InsettableShapeRd__lF::SYNTHESIZED::s:12FinanceKitUI22AddOrderToWalletButtonV	swift.method	["AddOrderToWalletButton","background(in:fillStyle:)"]	unmatched	none	0	0		[]
s:7SwiftUI4ViewPAAE10background2in9fillStyleQrqd___AA04FillG0VtAA5ShapeRd__lF::SYNTHESIZED::s:12FinanceKitUI17TransactionPickerV	swift.method	["TransactionPicker","background(in:fillStyle:)"]	unmatched	none	0	0		[]
s:7SwiftUI4ViewPAAE10background2in9fillStyleQrqd___AA04FillG0VtAA5ShapeRd__lF::SYNTHESIZED::s:12FinanceKitUI22AddOrderToWalletButtonV	swift.method	["AddOrderToWalletButton","background(in:fillStyle:)"]	unmatched	none	0	0		[]
s:7SwiftUI4ViewPAAE10background9alignment7contentQrAA9AlignmentV_qd__yXEtAaBRd__lF::SYNTHESIZED::s:12FinanceKitUI17TransactionPickerV	swift.method	["TransactionPicker","background(alignment:content:)"]	unmatched	none	0	0		[]
s:7SwiftUI4ViewPAAE10background9alignment7contentQrAA9AlignmentV_qd__yXEtAaBRd__lF::SYNTHESIZED::s:12FinanceKitUI22AddOrderToWalletButtonV	swift.method	["AddOrderToWalletButton","background(alignment:content:)"]	unmatched	none	0	0		[]
s:7SwiftUI4ViewPAAE10background_20ignoresSafeAreaEdgesQrqd___AA4EdgeO3SetVtAA10ShapeStyleRd__lF::SYNTHESIZED::s:12FinanceKitUI17TransactionPickerV	swift.method	["TransactionPicker","background(_:ignoresSafeAreaEdges:)"]	unmatched	none	0	0		[]
s:7SwiftUI4ViewPAAE10background_20ignoresSafeAreaEdgesQrqd___AA4EdgeO3SetVtAA10ShapeStyleRd__lF::SYNTHESIZED::s:12FinanceKitUI22AddOrderToWalletButtonV	swift.method	["AddOrderToWalletButton","background(_:ignoresSafeAreaEdges:)"]	unmatched	none	0	0		[]
s:7SwiftUI4ViewPAAE10background_2in9fillStyleQrqd___qd_0_AA04FillG0VtAA05ShapeG0Rd__AA010InsettableI0Rd_0_r0_lF::SYNTHESIZED::s:12FinanceKitUI17TransactionPickerV	swift.method	["TransactionPicker","background(_:in:fillStyle:)"]	unmatched	none	0	0		[]
s:7SwiftUI4ViewPAAE10background_2in9fillStyleQrqd___qd_0_AA04FillG0VtAA05ShapeG0Rd__AA010InsettableI0Rd_0_r0_lF::SYNTHESIZED::s:12FinanceKitUI22AddOrderToWalletButtonV	swift.method	["AddOrderToWalletButton","background(_:in:fillStyle:)"]	unmatched	none	0	0		[]
s:7SwiftUI4ViewPAAE10background_2in9fillStyleQrqd___qd_0_AA04FillG0VtAA05ShapeG0Rd__AA0I0Rd_0_r0_lF::SYNTHESIZED::s:12FinanceKitUI17TransactionPickerV	swift.method	["TransactionPicker","background(_:in:fillStyle:)"]	unmatched	none	0	0		[]
s:7SwiftUI4ViewPAAE10background_2in9fillStyleQrqd___qd_0_AA04FillG0VtAA05ShapeG0Rd__AA0I0Rd_0_r0_lF::SYNTHESIZED::s:12FinanceKitUI22AddOrderToWalletButtonV	swift.method	["AddOrderToWalletButton","background(_:in:fillStyle:)"]	unmatched	none	0	0		[]
s:7SwiftUI4ViewPAAE10background_9alignmentQrqd___AA9AlignmentVtAaBRd__lF::SYNTHESIZED::s:12FinanceKitUI17TransactionPickerV	swift.method	["TransactionPicker","background(_:alignment:)"]	unmatched	none	0	0		[]
s:7SwiftUI4ViewPAAE10background_9alignmentQrqd___AA9AlignmentVtAaBRd__lF::SYNTHESIZED::s:12FinanceKitUI22AddOrderToWalletButtonV	swift.method	["AddOrderToWalletButton","background(_:alignment:)"]	unmatched	none	0	0		[]
s:7SwiftUI4ViewPAAE10brightnessyQrSdF::SYNTHESIZED::s:12FinanceKitUI17TransactionPickerV	swift.method	["TransactionPicker","brightness(_:)"]	unmatched	none	0	0		[]
s:7SwiftUI4ViewPAAE10brightnessyQrSdF::SYNTHESIZED::s:12FinanceKitUI22AddOrderToWalletButtonV	swift.method	["AddOrderToWalletButton","brightness(_:)"]	unmatched	none	0	0		[]
s:7SwiftUI4ViewPAAE10dialogIconyQrAA5ImageVSgF::SYNTHESIZED::s:12FinanceKitUI17TransactionPickerV	swift.method	["TransactionPicker","dialogIcon(_:)"]	unmatched	none	0	0		[]
s:7SwiftUI4ViewPAAE10dialogIconyQrAA5ImageVSgF::SYNTHESIZED::s:12FinanceKitUI22AddOrderToWalletButtonV	swift.method	["AddOrderToWalletButton","dialogIcon(_:)"]	unmatched	none	0	0		[]
s:7SwiftUI4ViewPAAE10fontDesignyQrAA4FontV0E0OSgF::SYNTHESIZED::s:12FinanceKitUI17TransactionPickerV	swift.method	["TransactionPicker","fontDesign(_:)"]	unmatched	none	0	0		[]
s:7SwiftUI4ViewPAAE10fontDesignyQrAA4FontV0E0OSgF::SYNTHESIZED::s:12FinanceKitUI22AddOrderToWalletButtonV	swift.method	["AddOrderToWalletButton","fontDesign(_:)"]	unmatched	none	0	0		[]
s:7SwiftUI4ViewPAAE10fontWeightyQrAA4FontV0E0VSgF::SYNTHESIZED::s:12FinanceKitUI17TransactionPickerV	swift.method	["TransactionPicker","fontWeight(_:)"]	unmatched	none	0	0		[]
s:7SwiftUI4ViewPAAE10fontWeightyQrAA4FontV0E0VSgF::SYNTHESIZED::s:12FinanceKitUI22AddOrderToWalletButtonV	swift.method	["AddOrderToWalletButton","fontWeight(_:)"]	unmatched	none	0	0		[]
s:7SwiftUI4ViewPAAE10gaugeStyleyQrqd__AA05GaugeE0Rd__lF::SYNTHESIZED::s:12FinanceKitUI17TransactionPickerV	swift.method	["TransactionPicker","gaugeStyle(_:)"]	unmatched	none	0	0		[]
s:7SwiftUI4ViewPAAE10gaugeStyleyQrqd__AA05GaugeE0Rd__lF::SYNTHESIZED::s:12FinanceKitUI22AddOrderToWalletButtonV	swift.method	["AddOrderToWalletButton","gaugeStyle(_:)"]	unmatched	none	0	0		[]
s:7SwiftUI4ViewPAAE10imageScaleyQrAA5ImageV0E0OF::SYNTHESIZED::s:12FinanceKitUI17TransactionPickerV	swift.method	["TransactionPicker","imageScale(_:)"]	unmatched	none	0	0		[]
s:7SwiftUI4ViewPAAE10imageScaleyQrAA5ImageV0E0OF::SYNTHESIZED::s:12FinanceKitUI22AddOrderToWalletButtonV	swift.method	["AddOrderToWalletButton","imageScale(_:)"]	unmatched	none	0	0		[]
s:7SwiftUI4ViewPAAE10labelStyleyQrqd__AA05LabelE0Rd__lF::SYNTHESIZED::s:12FinanceKitUI17TransactionPickerV	swift.method	["TransactionPicker","labelStyle(_:)"]	unmatched	none	0	0		[]
s:7SwiftUI4ViewPAAE10labelStyleyQrqd__AA05LabelE0Rd__lF::SYNTHESIZED::s:12FinanceKitUI22AddOrderToWalletButtonV	swift.method	["AddOrderToWalletButton","labelStyle(_:)"]	unmatched	none	0	0		[]
s:7SwiftUI4ViewPAAE10lineHeightyQr10Foundation16AttributedStringV8CoreTextE04LineE0VSgF::SYNTHESIZED::s:12FinanceKitUI17TransactionPickerV	swift.method	["TransactionPicker","lineHeight(_:)"]	unmatched	none	0	0		[]
s:7SwiftUI4ViewPAAE10lineHeightyQr10Foundation16AttributedStringV8CoreTextE04LineE0VSgF::SYNTHESIZED::s:12FinanceKitUI22AddOrderToWalletButtonV	swift.method	["AddOrderToWalletButton","lineHeight(_:)"]	unmatched	none	0	0		[]
s:7SwiftUI4ViewPAAE10monospacedyQrSbF::SYNTHESIZED::s:12FinanceKitUI17TransactionPickerV	swift.method	["TransactionPicker","monospaced(_:)"]	unmatched	none	0	0		[]
s:7SwiftUI4ViewPAAE10monospacedyQrSbF::SYNTHESIZED::s:12FinanceKitUI22AddOrderToWalletButtonV	swift.method	["AddOrderToWalletButton","monospaced(_:)"]	unmatched	none	0	0		[]
s:7SwiftUI4ViewPAAE10onKeyPress10characters6phases6actionQr10Foundation12CharacterSetV_AA0eF0V6PhasesVAL6ResultOALctF::SYNTHESIZED::s:12FinanceKitUI17TransactionPickerV	swift.method	["TransactionPicker","onKeyPress(characters:phases:action:)"]	unmatched	none	0	0		[]
s:7SwiftUI4ViewPAAE10onKeyPress10characters6phases6actionQr10Foundation12CharacterSetV_AA0eF0V6PhasesVAL6ResultOALctF::SYNTHESIZED::s:12FinanceKitUI22AddOrderToWalletButtonV	swift.method	["AddOrderToWalletButton","onKeyPress(characters:phases:action:)"]	unmatched	none	0	0		[]
s:7SwiftUI4ViewPAAE10onKeyPress4keys6phases6actionQrShyAA0E10EquivalentVG_AA0eF0V6PhasesVAL6ResultOALctF::SYNTHESIZED::s:12FinanceKitUI17TransactionPickerV	swift.method	["TransactionPicker","onKeyPress(keys:phases:action:)"]	unmatched	none	0	0		[]
s:7SwiftUI4ViewPAAE10onKeyPress4keys6phases6actionQrShyAA0E10EquivalentVG_AA0eF0V6PhasesVAL6ResultOALctF::SYNTHESIZED::s:12FinanceKitUI22AddOrderToWalletButtonV	swift.method	["AddOrderToWalletButton","onKeyPress(keys:phases:action:)"]	unmatched	none	0	0		[]
s:7SwiftUI4ViewPAAE10onKeyPress6phases6actionQrAA0eF0V6PhasesV_AH6ResultOAHctF::SYNTHESIZED::s:12FinanceKitUI17TransactionPickerV	swift.method	["TransactionPicker","onKeyPress(phases:action:)"]	unmatched	none	0	0		[]
s:7SwiftUI4ViewPAAE10onKeyPress6phases6actionQrAA0eF0V6PhasesV_AH6ResultOAHctF::SYNTHESIZED::s:12FinanceKitUI22AddOrderToWalletButtonV	swift.method	["AddOrderToWalletButton","onKeyPress(phases:action:)"]	unmatched	none	0	0		[]
s:7SwiftUI4ViewPAAE10onKeyPress_6actionQrAA0E10EquivalentV_AA0eF0V6ResultOyctF::SYNTHESIZED::s:12FinanceKitUI17TransactionPickerV	swift.method	["TransactionPicker","onKeyPress(_:action:)"]	unmatched	none	0	0		[]
s:7SwiftUI4ViewPAAE10onKeyPress_6actionQrAA0E10EquivalentV_AA0eF0V6ResultOyctF::SYNTHESIZED::s:12FinanceKitUI22AddOrderToWalletButtonV	swift.method	["AddOrderToWalletButton","onKeyPress(_:action:)"]	unmatched	none	0	0		[]
s:7SwiftUI4ViewPAAE10onKeyPress_6phases6actionQrAA0E10EquivalentV_AA0eF0V6PhasesVAJ6ResultOAJctF::SYNTHESIZED::s:12FinanceKitUI17TransactionPickerV	swift.method	["TransactionPicker","onKeyPress(_:phases:action:)"]	unmatched	none	0	0		[]
s:7SwiftUI4ViewPAAE10onKeyPress_6phases6actionQrAA0E10EquivalentV_AA0eF0V6PhasesVAJ6ResultOAJctF::SYNTHESIZED::s:12FinanceKitUI22AddOrderToWalletButtonV	swift.method	["AddOrderToWalletButton","onKeyPress(_:phases:action:)"]	unmatched	none	0	0		[]
s:7SwiftUI4ViewPAAE10preference3key5valueQrqd__m_5ValueQyd__tAA13PreferenceKeyRd__lF::SYNTHESIZED::s:12FinanceKitUI17TransactionPickerV	swift.method	["TransactionPicker","preference(key:value:)"]	unmatched	none	0	0		[]
s:7SwiftUI4ViewPAAE10preference3key5valueQrqd__m_5ValueQyd__tAA13PreferenceKeyRd__lF::SYNTHESIZED::s:12FinanceKitUI22AddOrderToWalletButtonV	swift.method	["AddOrderToWalletButton","preference(key:value:)"]	unmatched	none	0	0		[]
s:7SwiftUI4ViewPAAE10saturationyQrSdF::SYNTHESIZED::s:12FinanceKitUI17TransactionPickerV	swift.method	["TransactionPicker","saturation(_:)"]	unmatched	none	0	0		[]
s:7SwiftUI4ViewPAAE10saturationyQrSdF::SYNTHESIZED::s:12FinanceKitUI22AddOrderToWalletButtonV	swift.method	["AddOrderToWalletButton","saturation(_:)"]	unmatched	none	0	0		[]
s:7SwiftUI4ViewPAAE10searchable4text11isPresented9placement6promptQrAA7BindingVySSG_AJySbGAA20SearchFieldPlacementV10Foundation23LocalizedStringResourceVtF::SYNTHESIZED::s:12FinanceKitUI17TransactionPickerV	swift.method	["TransactionPicker","searchable(text:isPresented:placement:prompt:)"]	unmatched	none	0	0		[]
s:7SwiftUI4ViewPAAE10searchable4text11isPresented9placement6promptQrAA7BindingVySSG_AJySbGAA20SearchFieldPlacementV10Foundation23LocalizedStringResourceVtF::SYNTHESIZED::s:12FinanceKitUI22AddOrderToWalletButtonV	swift.method	["AddOrderToWalletButton","searchable(text:isPresented:placement:prompt:)"]	unmatched	none	0	0		[]
s:7SwiftUI4ViewPAAE10searchable4text11isPresented9placement6promptQrAA7BindingVySSG_AJySbGAA20SearchFieldPlacementVAA18LocalizedStringKeyVtF::SYNTHESIZED::s:12FinanceKitUI17TransactionPickerV	swift.method	["TransactionPicker","searchable(text:isPresented:placement:prompt:)"]	unmatched	none	0	0		[]
s:7SwiftUI4ViewPAAE10searchable4text11isPresented9placement6promptQrAA7BindingVySSG_AJySbGAA20SearchFieldPlacementVAA18LocalizedStringKeyVtF::SYNTHESIZED::s:12FinanceKitUI22AddOrderToWalletButtonV	swift.method	["AddOrderToWalletButton","searchable(text:isPresented:placement:prompt:)"]	unmatched	none	0	0		[]
s:7SwiftUI4ViewPAAE10searchable4text11isPresented9placement6promptQrAA7BindingVySSG_AJySbGAA20SearchFieldPlacementVAA4TextVSgtF::SYNTHESIZED::s:12FinanceKitUI17TransactionPickerV	swift.method	["TransactionPicker","searchable(text:isPresented:placement:prompt:)"]	unmatched	none	0	0		[]
s:7SwiftUI4ViewPAAE10searchable4text11isPresented9placement6promptQrAA7BindingVySSG_AJySbGAA20SearchFieldPlacementVAA4TextVSgtF::SYNTHESIZED::s:12FinanceKitUI22AddOrderToWalletButtonV	swift.method	["AddOrderToWalletButton","searchable(text:isPresented:placement:prompt:)"]	unmatched	none	0	0		[]
s:7SwiftUI4ViewPAAE10searchable4text11isPresented9placement6promptQrAA7BindingVySSG_AJySbGAA20SearchFieldPlacementVqd__tSyRd__lF::SYNTHESIZED::s:12FinanceKitUI17TransactionPickerV	swift.method	["TransactionPicker","searchable(text:isPresented:placement:prompt:)"]	unmatched	none	0	0		[]
s:7SwiftUI4ViewPAAE10searchable4text11isPresented9placement6promptQrAA7BindingVySSG_AJySbGAA20SearchFieldPlacementVqd__tSyRd__lF::SYNTHESIZED::s:12FinanceKitUI22AddOrderToWalletButtonV	swift.method	["AddOrderToWalletButton","searchable(text:isPresented:placement:prompt:)"]	unmatched	none	0	0		[]
s:7SwiftUI4ViewPAAE10searchable4text14editableTokens11isPresented9placement6prompt5tokenQrAA7BindingVySSG_ALyqd__GALySbGAA20SearchFieldPlacementV10Foundation23LocalizedStringResourceVqd_0_ALy7ElementSTQyd__GctSkRd__SmRd__AaBRd_0_s12IdentifiableAVRQr0_lF::SYNTHESIZED::s:12FinanceKitUI17TransactionPickerV	swift.method	["TransactionPicker","searchable(text:editableTokens:isPresented:placement:prompt:token:)"]	unmatched	none	0	0		[]
s:7SwiftUI4ViewPAAE10searchable4text14editableTokens11isPresented9placement6prompt5tokenQrAA7BindingVySSG_ALyqd__GALySbGAA20SearchFieldPlacementV10Foundation23LocalizedStringResourceVqd_0_ALy7ElementSTQyd__GctSkRd__SmRd__AaBRd_0_s12IdentifiableAVRQr0_lF::SYNTHESIZED::s:12FinanceKitUI22AddOrderToWalletButtonV	swift.method	["AddOrderToWalletButton","searchable(text:editableTokens:isPresented:placement:prompt:token:)"]	unmatched	none	0	0		[]
s:7SwiftUI4ViewPAAE10searchable4text14editableTokens11isPresented9placement6prompt5tokenQrAA7BindingVySSG_ALyqd__GALySbGAA20SearchFieldPlacementVAA18LocalizedStringKeyVqd_0_ALy7ElementSTQyd__GctSkRd__SmRd__AaBRd_0_s12IdentifiableAURQr0_lF::SYNTHESIZED::s:12FinanceKitUI17TransactionPickerV	swift.method	["TransactionPicker","searchable(text:editableTokens:isPresented:placement:prompt:token:)"]	unmatched	none	0	0		[]
s:7SwiftUI4ViewPAAE10searchable4text14editableTokens11isPresented9placement6prompt5tokenQrAA7BindingVySSG_ALyqd__GALySbGAA20SearchFieldPlacementVAA18LocalizedStringKeyVqd_0_ALy7ElementSTQyd__GctSkRd__SmRd__AaBRd_0_s12IdentifiableAURQr0_lF::SYNTHESIZED::s:12FinanceKitUI22AddOrderToWalletButtonV	swift.method	["AddOrderToWalletButton","searchable(text:editableTokens:isPresented:placement:prompt:token:)"]	unmatched	none	0	0		[]
s:7SwiftUI4ViewPAAE10searchable4text14editableTokens11isPresented9placement6prompt5tokenQrAA7BindingVySSG_ALyqd__GALySbGAA20SearchFieldPlacementVAA4TextVSgqd_0_ALy7ElementSTQyd__GctSkRd__SmRd__AaBRd_0_s12IdentifiableAVRQr0_lF::SYNTHESIZED::s:12FinanceKitUI17TransactionPickerV	swift.method	["TransactionPicker","searchable(text:editableTokens:isPresented:placement:prompt:token:)"]	unmatched	none	0	0		[]
s:7SwiftUI4ViewPAAE10searchable4text14editableTokens11isPresented9placement6prompt5tokenQrAA7BindingVySSG_ALyqd__GALySbGAA20SearchFieldPlacementVAA4TextVSgqd_0_ALy7ElementSTQyd__GctSkRd__SmRd__AaBRd_0_s12IdentifiableAVRQr0_lF::SYNTHESIZED::s:12FinanceKitUI22AddOrderToWalletButtonV	swift.method	["AddOrderToWalletButton","searchable(text:editableTokens:isPresented:placement:prompt:token:)"]	unmatched	none	0	0		[]
s:7SwiftUI4ViewPAAE10searchable4text14editableTokens11isPresented9placement6prompt5tokenQrAA7BindingVySSG_ALyqd__GALySbGAA20SearchFieldPlacementVqd_0_qd_1_ALy7ElementSTQyd__GctSkRd__SmRd__SyRd_0_AaBRd_1_s12IdentifiableASRQr1_lF::SYNTHESIZED::s:12FinanceKitUI17TransactionPickerV	swift.method	["TransactionPicker","searchable(text:editableTokens:isPresented:placement:prompt:token:)"]	unmatched	none	0	0		[]
s:7SwiftUI4ViewPAAE10searchable4text14editableTokens11isPresented9placement6prompt5tokenQrAA7BindingVySSG_ALyqd__GALySbGAA20SearchFieldPlacementVqd_0_qd_1_ALy7ElementSTQyd__GctSkRd__SmRd__SyRd_0_AaBRd_1_s12IdentifiableASRQr1_lF::SYNTHESIZED::s:12FinanceKitUI22AddOrderToWalletButtonV	swift.method	["AddOrderToWalletButton","searchable(text:editableTokens:isPresented:placement:prompt:token:)"]	unmatched	none	0	0		[]
s:7SwiftUI4ViewPAAE10searchable4text14editableTokens9placement6prompt5tokenQrAA7BindingVySSG_AKyqd__GAA20SearchFieldPlacementV10Foundation23LocalizedStringResourceVqd_0_AKy7ElementSTQyd__GctSkRd__SmRd__AaBRd_0_s12IdentifiableATRQr0_lF::SYNTHESIZED::s:12FinanceKitUI17TransactionPickerV	swift.method	["TransactionPicker","searchable(text:editableTokens:placement:prompt:token:)"]	unmatched	none	0	0		[]
s:7SwiftUI4ViewPAAE10searchable4text14editableTokens9placement6prompt5tokenQrAA7BindingVySSG_AKyqd__GAA20SearchFieldPlacementV10Foundation23LocalizedStringResourceVqd_0_AKy7ElementSTQyd__GctSkRd__SmRd__AaBRd_0_s12IdentifiableATRQr0_lF::SYNTHESIZED::s:12FinanceKitUI22AddOrderToWalletButtonV	swift.method	["AddOrderToWalletButton","searchable(text:editableTokens:placement:prompt:token:)"]	unmatched	none	0	0		[]
s:7SwiftUI4ViewPAAE10searchable4text14editableTokens9placement6prompt5tokenQrAA7BindingVySSG_AKyqd__GAA20SearchFieldPlacementVAA18LocalizedStringKeyVqd_0_AKy7ElementSTQyd__GctSkRd__SmRd__AaBRd_0_s12IdentifiableASRQr0_lF::SYNTHESIZED::s:12FinanceKitUI17TransactionPickerV	swift.method	["TransactionPicker","searchable(text:editableTokens:placement:prompt:token:)"]	unmatched	none	0	0		[]
s:7SwiftUI4ViewPAAE10searchable4text14editableTokens9placement6prompt5tokenQrAA7BindingVySSG_AKyqd__GAA20SearchFieldPlacementVAA18LocalizedStringKeyVqd_0_AKy7ElementSTQyd__GctSkRd__SmRd__AaBRd_0_s12IdentifiableASRQr0_lF::SYNTHESIZED::s:12FinanceKitUI22AddOrderToWalletButtonV	swift.method	["AddOrderToWalletButton","searchable(text:editableTokens:placement:prompt:token:)"]	unmatched	none	0	0		[]
s:7SwiftUI4ViewPAAE10searchable4text14editableTokens9placement6prompt5tokenQrAA7BindingVySSG_AKyqd__GAA20SearchFieldPlacementVAA4TextVSgqd_0_AKy7ElementSTQyd__GctSkRd__SmRd__AaBRd_0_s12IdentifiableATRQr0_lF::SYNTHESIZED::s:12FinanceKitUI17TransactionPickerV	swift.method	["TransactionPicker","searchable(text:editableTokens:placement:prompt:token:)"]	unmatched	none	0	0		[]
s:7SwiftUI4ViewPAAE10searchable4text14editableTokens9placement6prompt5tokenQrAA7BindingVySSG_AKyqd__GAA20SearchFieldPlacementVAA4TextVSgqd_0_AKy7ElementSTQyd__GctSkRd__SmRd__AaBRd_0_s12IdentifiableATRQr0_lF::SYNTHESIZED::s:12FinanceKitUI22AddOrderToWalletButtonV	swift.method	["AddOrderToWalletButton","searchable(text:editableTokens:placement:prompt:token:)"]	unmatched	none	0	0		[]
s:7SwiftUI4ViewPAAE10searchable4text14editableTokens9placement6prompt5tokenQrAA7BindingVySSG_AKyqd__GAA20SearchFieldPlacementVqd_0_qd_1_AKy7ElementSTQyd__GctSkRd__SmRd__SyRd_0_AaBRd_1_s12IdentifiableAQRQr1_lF::SYNTHESIZED::s:12FinanceKitUI17TransactionPickerV	swift.method	["TransactionPicker","searchable(text:editableTokens:placement:prompt:token:)"]	unmatched	none	0	0		[]
s:7SwiftUI4ViewPAAE10searchable4text14editableTokens9placement6prompt5tokenQrAA7BindingVySSG_AKyqd__GAA20SearchFieldPlacementVqd_0_qd_1_AKy7ElementSTQyd__GctSkRd__SmRd__SyRd_0_AaBRd_1_s12IdentifiableAQRQr1_lF::SYNTHESIZED::s:12FinanceKitUI22AddOrderToWalletButtonV	swift.method	["AddOrderToWalletButton","searchable(text:editableTokens:placement:prompt:token:)"]	unmatched	none	0	0		[]
s:7SwiftUI4ViewPAAE10searchable4text6tokens11isPresented9placement6prompt5tokenQrAA7BindingVySSG_ALyqd__GALySbGAA20SearchFieldPlacementV10Foundation23LocalizedStringResourceVqd_0_7ElementSTQyd__ctSkRd__SmRd__AaBRd_0_s12IdentifiableAVRQr0_lF::SYNTHESIZED::s:12FinanceKitUI17TransactionPickerV	swift.method	["TransactionPicker","searchable(text:tokens:isPresented:placement:prompt:token:)"]	unmatched	none	0	0		[]
s:7SwiftUI4ViewPAAE10searchable4text6tokens11isPresented9placement6prompt5tokenQrAA7BindingVySSG_ALyqd__GALySbGAA20SearchFieldPlacementV10Foundation23LocalizedStringResourceVqd_0_7ElementSTQyd__ctSkRd__SmRd__AaBRd_0_s12IdentifiableAVRQr0_lF::SYNTHESIZED::s:12FinanceKitUI22AddOrderToWalletButtonV	swift.method	["AddOrderToWalletButton","searchable(text:tokens:isPresented:placement:prompt:token:)"]	unmatched	none	0	0		[]
s:7SwiftUI4ViewPAAE10searchable4text6tokens11isPresented9placement6prompt5tokenQrAA7BindingVySSG_ALyqd__GALySbGAA20SearchFieldPlacementVAA18LocalizedStringKeyVqd_0_7ElementSTQyd__ctSkRd__SmRd__AaBRd_0_s12IdentifiableAURQr0_lF::SYNTHESIZED::s:12FinanceKitUI17TransactionPickerV	swift.method	["TransactionPicker","searchable(text:tokens:isPresented:placement:prompt:token:)"]	unmatched	none	0	0		[]
s:7SwiftUI4ViewPAAE10searchable4text6tokens11isPresented9placement6prompt5tokenQrAA7BindingVySSG_ALyqd__GALySbGAA20SearchFieldPlacementVAA18LocalizedStringKeyVqd_0_7ElementSTQyd__ctSkRd__SmRd__AaBRd_0_s12IdentifiableAURQr0_lF::SYNTHESIZED::s:12FinanceKitUI22AddOrderToWalletButtonV	swift.method	["AddOrderToWalletButton","searchable(text:tokens:isPresented:placement:prompt:token:)"]	unmatched	none	0	0		[]
s:7SwiftUI4ViewPAAE10searchable4text6tokens11isPresented9placement6prompt5tokenQrAA7BindingVySSG_ALyqd__GALySbGAA20SearchFieldPlacementVAA4TextVSgqd_0_7ElementSTQyd__ctSkRd__SmRd__AaBRd_0_s12IdentifiableAVRQr0_lF::SYNTHESIZED::s:12FinanceKitUI17TransactionPickerV	swift.method	["TransactionPicker","searchable(text:tokens:isPresented:placement:prompt:token:)"]	unmatched	none	0	0		[]
s:7SwiftUI4ViewPAAE10searchable4text6tokens11isPresented9placement6prompt5tokenQrAA7BindingVySSG_ALyqd__GALySbGAA20SearchFieldPlacementVAA4TextVSgqd_0_7ElementSTQyd__ctSkRd__SmRd__AaBRd_0_s12IdentifiableAVRQr0_lF::SYNTHESIZED::s:12FinanceKitUI22AddOrderToWalletButtonV	swift.method	["AddOrderToWalletButton","searchable(text:tokens:isPresented:placement:prompt:token:)"]	unmatched	none	0	0		[]
s:7SwiftUI4ViewPAAE10searchable4text6tokens11isPresented9placement6prompt5tokenQrAA7BindingVySSG_ALyqd__GALySbGAA20SearchFieldPlacementVqd_1_qd_0_7ElementSTQyd__ctSkRd__SmRd__AaBRd_0_SyRd_1_s12IdentifiableASRQr1_lF::SYNTHESIZED::s:12FinanceKitUI17TransactionPickerV	swift.method	["TransactionPicker","searchable(text:tokens:isPresented:placement:prompt:token:)"]	unmatched	none	0	0		[]
s:7SwiftUI4ViewPAAE10searchable4text6tokens11isPresented9placement6prompt5tokenQrAA7BindingVySSG_ALyqd__GALySbGAA20SearchFieldPlacementVqd_1_qd_0_7ElementSTQyd__ctSkRd__SmRd__AaBRd_0_SyRd_1_s12IdentifiableASRQr1_lF::SYNTHESIZED::s:12FinanceKitUI22AddOrderToWalletButtonV	swift.method	["AddOrderToWalletButton","searchable(text:tokens:isPresented:placement:prompt:token:)"]	unmatched	none	0	0		[]
s:7SwiftUI4ViewPAAE10searchable4text6tokens15suggestedTokens11isPresented9placement6prompt5tokenQrAA7BindingVySSG_AMyqd__GAoMySbGAA20SearchFieldPlacementV10Foundation23LocalizedStringResourceVqd_0_7ElementSTQyd__ctSkRd__SmRd__AaBRd_0_s12IdentifiableAWRQr0_lF::SYNTHESIZED::s:12FinanceKitUI17TransactionPickerV	swift.method	["TransactionPicker","searchable(text:tokens:suggestedTokens:isPresented:placement:prompt:token:)"]	unmatched	none	0	0		[]
s:7SwiftUI4ViewPAAE10searchable4text6tokens15suggestedTokens11isPresented9placement6prompt5tokenQrAA7BindingVySSG_AMyqd__GAoMySbGAA20SearchFieldPlacementV10Foundation23LocalizedStringResourceVqd_0_7ElementSTQyd__ctSkRd__SmRd__AaBRd_0_s12IdentifiableAWRQr0_lF::SYNTHESIZED::s:12FinanceKitUI22AddOrderToWalletButtonV	swift.method	["AddOrderToWalletButton","searchable(text:tokens:suggestedTokens:isPresented:placement:prompt:token:)"]	unmatched	none	0	0		[]
s:7SwiftUI4ViewPAAE10searchable4text6tokens15suggestedTokens11isPresented9placement6prompt5tokenQrAA7BindingVySSG_AMyqd__GAoMySbGAA20SearchFieldPlacementVAA18LocalizedStringKeyVqd_0_7ElementSTQyd__ctSkRd__SmRd__AaBRd_0_s12IdentifiableAVRQr0_lF::SYNTHESIZED::s:12FinanceKitUI17TransactionPickerV	swift.method	["TransactionPicker","searchable(text:tokens:suggestedTokens:isPresented:placement:prompt:token:)"]	unmatched	none	0	0		[]
s:7SwiftUI4ViewPAAE10searchable4text6tokens15suggestedTokens11isPresented9placement6prompt5tokenQrAA7BindingVySSG_AMyqd__GAoMySbGAA20SearchFieldPlacementVAA18LocalizedStringKeyVqd_0_7ElementSTQyd__ctSkRd__SmRd__AaBRd_0_s12IdentifiableAVRQr0_lF::SYNTHESIZED::s:12FinanceKitUI22AddOrderToWalletButtonV	swift.method	["AddOrderToWalletButton","searchable(text:tokens:suggestedTokens:isPresented:placement:prompt:token:)"]	unmatched	none	0	0		[]
s:7SwiftUI4ViewPAAE10searchable4text6tokens15suggestedTokens11isPresented9placement6prompt5tokenQrAA7BindingVySSG_AMyqd__GAoMySbGAA20SearchFieldPlacementVAA4TextVSgqd_0_7ElementSTQyd__ctSkRd__SmRd__AaBRd_0_s12IdentifiableAWRQr0_lF::SYNTHESIZED::s:12FinanceKitUI17TransactionPickerV	swift.method	["TransactionPicker","searchable(text:tokens:suggestedTokens:isPresented:placement:prompt:token:)"]	unmatched	none	0	0		[]
s:7SwiftUI4ViewPAAE10searchable4text6tokens15suggestedTokens11isPresented9placement6prompt5tokenQrAA7BindingVySSG_AMyqd__GAoMySbGAA20SearchFieldPlacementVAA4TextVSgqd_0_7ElementSTQyd__ctSkRd__SmRd__AaBRd_0_s12IdentifiableAWRQr0_lF::SYNTHESIZED::s:12FinanceKitUI22AddOrderToWalletButtonV	swift.method	["AddOrderToWalletButton","searchable(text:tokens:suggestedTokens:isPresented:placement:prompt:token:)"]	unmatched	none	0	0		[]
s:7SwiftUI4ViewPAAE10searchable4text6tokens15suggestedTokens11isPresented9placement6prompt5tokenQrAA7BindingVySSG_AMyqd__GAoMySbGAA20SearchFieldPlacementVqd_1_qd_0_7ElementSTQyd__ctSMRd__SkRd__SmRd__AaBRd_0_SyRd_1_s12IdentifiableATRQr1_lF::SYNTHESIZED::s:12FinanceKitUI17TransactionPickerV	swift.method	["TransactionPicker","searchable(text:tokens:suggestedTokens:isPresented:placement:prompt:token:)"]	unmatched	none	0	0		[]
s:7SwiftUI4ViewPAAE10searchable4text6tokens15suggestedTokens11isPresented9placement6prompt5tokenQrAA7BindingVySSG_AMyqd__GAoMySbGAA20SearchFieldPlacementVqd_1_qd_0_7ElementSTQyd__ctSMRd__SkRd__SmRd__AaBRd_0_SyRd_1_s12IdentifiableATRQr1_lF::SYNTHESIZED::s:12FinanceKitUI22AddOrderToWalletButtonV	swift.method	["AddOrderToWalletButton","searchable(text:tokens:suggestedTokens:isPresented:placement:prompt:token:)"]	unmatched	none	0	0		[]
s:7SwiftUI4ViewPAAE10searchable4text6tokens15suggestedTokens9placement6prompt5tokenQrAA7BindingVySSG_ALyqd__GAnA20SearchFieldPlacementV10Foundation23LocalizedStringResourceVqd_0_7ElementSTQyd__ctSMRd__SkRd__SmRd__AaBRd_0_s12IdentifiableAURQr0_lF::SYNTHESIZED::s:12FinanceKitUI17TransactionPickerV	swift.method	["TransactionPicker","searchable(text:tokens:suggestedTokens:placement:prompt:token:)"]	unmatched	none	0	0		[]
s:7SwiftUI4ViewPAAE10searchable4text6tokens15suggestedTokens9placement6prompt5tokenQrAA7BindingVySSG_ALyqd__GAnA20SearchFieldPlacementV10Foundation23LocalizedStringResourceVqd_0_7ElementSTQyd__ctSMRd__SkRd__SmRd__AaBRd_0_s12IdentifiableAURQr0_lF::SYNTHESIZED::s:12FinanceKitUI22AddOrderToWalletButtonV	swift.method	["AddOrderToWalletButton","searchable(text:tokens:suggestedTokens:placement:prompt:token:)"]	unmatched	none	0	0		[]
s:7SwiftUI4ViewPAAE10searchable4text6tokens15suggestedTokens9placement6prompt5tokenQrAA7BindingVySSG_ALyqd__GAnA20SearchFieldPlacementVAA18LocalizedStringKeyVqd_0_7ElementSTQyd__ctSMRd__SkRd__SmRd__AaBRd_0_s12IdentifiableATRQr0_lF::SYNTHESIZED::s:12FinanceKitUI17TransactionPickerV	swift.method	["TransactionPicker","searchable(text:tokens:suggestedTokens:placement:prompt:token:)"]	unmatched	none	0	0		[]
s:7SwiftUI4ViewPAAE10searchable4text6tokens15suggestedTokens9placement6prompt5tokenQrAA7BindingVySSG_ALyqd__GAnA20SearchFieldPlacementVAA18LocalizedStringKeyVqd_0_7ElementSTQyd__ctSMRd__SkRd__SmRd__AaBRd_0_s12IdentifiableATRQr0_lF::SYNTHESIZED::s:12FinanceKitUI22AddOrderToWalletButtonV	swift.method	["AddOrderToWalletButton","searchable(text:tokens:suggestedTokens:placement:prompt:token:)"]	unmatched	none	0	0		[]
s:7SwiftUI4ViewPAAE10searchable4text6tokens15suggestedTokens9placement6prompt5tokenQrAA7BindingVySSG_ALyqd__GAnA20SearchFieldPlacementVAA4TextVSgqd_0_7ElementSTQyd__ctSMRd__SkRd__SmRd__AaBRd_0_s12IdentifiableAURQr0_lF::SYNTHESIZED::s:12FinanceKitUI17TransactionPickerV	swift.method	["TransactionPicker","searchable(text:tokens:suggestedTokens:placement:prompt:token:)"]	unmatched	none	0	0		[]
s:7SwiftUI4ViewPAAE10searchable4text6tokens15suggestedTokens9placement6prompt5tokenQrAA7BindingVySSG_ALyqd__GAnA20SearchFieldPlacementVAA4TextVSgqd_0_7ElementSTQyd__ctSMRd__SkRd__SmRd__AaBRd_0_s12IdentifiableAURQr0_lF::SYNTHESIZED::s:12FinanceKitUI22AddOrderToWalletButtonV	swift.method	["AddOrderToWalletButton","searchable(text:tokens:suggestedTokens:placement:prompt:token:)"]	unmatched	none	0	0		[]
s:7SwiftUI4ViewPAAE10searchable4text6tokens15suggestedTokens9placement6prompt5tokenQrAA7BindingVySSG_ALyqd__GAnA20SearchFieldPlacementVqd_1_qd_0_7ElementSTQyd__ctSMRd__SkRd__SmRd__AaBRd_0_SyRd_1_s12IdentifiableARRQr1_lF::SYNTHESIZED::s:12FinanceKitUI17TransactionPickerV	swift.method	["TransactionPicker","searchable(text:tokens:suggestedTokens:placement:prompt:token:)"]	unmatched	none	0	0		[]
s:7SwiftUI4ViewPAAE10searchable4text6tokens15suggestedTokens9placement6prompt5tokenQrAA7BindingVySSG_ALyqd__GAnA20SearchFieldPlacementVqd_1_qd_0_7ElementSTQyd__ctSMRd__SkRd__SmRd__AaBRd_0_SyRd_1_s12IdentifiableARRQr1_lF::SYNTHESIZED::s:12FinanceKitUI22AddOrderToWalletButtonV	swift.method	["AddOrderToWalletButton","searchable(text:tokens:suggestedTokens:placement:prompt:token:)"]	unmatched	none	0	0		[]
s:7SwiftUI4ViewPAAE10searchable4text6tokens9placement6prompt5tokenQrAA7BindingVySSG_AKyqd__GAA20SearchFieldPlacementV10Foundation23LocalizedStringResourceVqd_0_7ElementSTQyd__ctSkRd__SmRd__AaBRd_0_s12IdentifiableATRQr0_lF::SYNTHESIZED::s:12FinanceKitUI17TransactionPickerV	swift.method	["TransactionPicker","searchable(text:tokens:placement:prompt:token:)"]	unmatched	none	0	0		[]
s:7SwiftUI4ViewPAAE10searchable4text6tokens9placement6prompt5tokenQrAA7BindingVySSG_AKyqd__GAA20SearchFieldPlacementV10Foundation23LocalizedStringResourceVqd_0_7ElementSTQyd__ctSkRd__SmRd__AaBRd_0_s12IdentifiableATRQr0_lF::SYNTHESIZED::s:12FinanceKitUI22AddOrderToWalletButtonV	swift.method	["AddOrderToWalletButton","searchable(text:tokens:placement:prompt:token:)"]	unmatched	none	0	0		[]
s:7SwiftUI4ViewPAAE10searchable4text6tokens9placement6prompt5tokenQrAA7BindingVySSG_AKyqd__GAA20SearchFieldPlacementVAA18LocalizedStringKeyVqd_0_7ElementSTQyd__ctSkRd__SmRd__AaBRd_0_s12IdentifiableASRQr0_lF::SYNTHESIZED::s:12FinanceKitUI17TransactionPickerV	swift.method	["TransactionPicker","searchable(text:tokens:placement:prompt:token:)"]	unmatched	none	0	0		[]
s:7SwiftUI4ViewPAAE10searchable4text6tokens9placement6prompt5tokenQrAA7BindingVySSG_AKyqd__GAA20SearchFieldPlacementVAA18LocalizedStringKeyVqd_0_7ElementSTQyd__ctSkRd__SmRd__AaBRd_0_s12IdentifiableASRQr0_lF::SYNTHESIZED::s:12FinanceKitUI22AddOrderToWalletButtonV	swift.method	["AddOrderToWalletButton","searchable(text:tokens:placement:prompt:token:)"]	unmatched	none	0	0		[]
s:7SwiftUI4ViewPAAE10searchable4text6tokens9placement6prompt5tokenQrAA7BindingVySSG_AKyqd__GAA20SearchFieldPlacementVAA4TextVSgqd_0_7ElementSTQyd__ctSkRd__SmRd__AaBRd_0_s12IdentifiableATRQr0_lF::SYNTHESIZED::s:12FinanceKitUI17TransactionPickerV	swift.method	["TransactionPicker","searchable(text:tokens:placement:prompt:token:)"]	unmatched	none	0	0		[]
s:7SwiftUI4ViewPAAE10searchable4text6tokens9placement6prompt5tokenQrAA7BindingVySSG_AKyqd__GAA20SearchFieldPlacementVAA4TextVSgqd_0_7ElementSTQyd__ctSkRd__SmRd__AaBRd_0_s12IdentifiableATRQr0_lF::SYNTHESIZED::s:12FinanceKitUI22AddOrderToWalletButtonV	swift.method	["AddOrderToWalletButton","searchable(text:tokens:placement:prompt:token:)"]	unmatched	none	0	0		[]
s:7SwiftUI4ViewPAAE10searchable4text6tokens9placement6prompt5tokenQrAA7BindingVySSG_AKyqd__GAA20SearchFieldPlacementVqd_1_qd_0_7ElementSTQyd__ctSkRd__SmRd__AaBRd_0_SyRd_1_s12IdentifiableAQRQr1_lF::SYNTHESIZED::s:12FinanceKitUI17TransactionPickerV	swift.method	["TransactionPicker","searchable(text:tokens:placement:prompt:token:)"]	unmatched	none	0	0		[]
s:7SwiftUI4ViewPAAE10searchable4text6tokens9placement6prompt5tokenQrAA7BindingVySSG_AKyqd__GAA20SearchFieldPlacementVqd_1_qd_0_7ElementSTQyd__ctSkRd__SmRd__AaBRd_0_SyRd_1_s12IdentifiableAQRQr1_lF::SYNTHESIZED::s:12FinanceKitUI22AddOrderToWalletButtonV	swift.method	["AddOrderToWalletButton","searchable(text:tokens:placement:prompt:token:)"]	unmatched	none	0	0		[]
s:7SwiftUI4ViewPAAE10searchable4text9placement6prompt11suggestionsQrAA7BindingVySSG_AA20SearchFieldPlacementVAA18LocalizedStringKeyVqd__yXEtAaBRd__lF::SYNTHESIZED::s:12FinanceKitUI17TransactionPickerV	swift.method	["TransactionPicker","searchable(text:placement:prompt:suggestions:)"]	unmatched	none	0	0		[]
s:7SwiftUI4ViewPAAE10searchable4text9placement6prompt11suggestionsQrAA7BindingVySSG_AA20SearchFieldPlacementVAA18LocalizedStringKeyVqd__yXEtAaBRd__lF::SYNTHESIZED::s:12FinanceKitUI22AddOrderToWalletButtonV	swift.method	["AddOrderToWalletButton","searchable(text:placement:prompt:suggestions:)"]	unmatched	none	0	0		[]
s:7SwiftUI4ViewPAAE10searchable4text9placement6prompt11suggestionsQrAA7BindingVySSG_AA20SearchFieldPlacementVAA4TextVSgqd__yXEtAaBRd__lF::SYNTHESIZED::s:12FinanceKitUI17TransactionPickerV	swift.method	["TransactionPicker","searchable(text:placement:prompt:suggestions:)"]	unmatched	none	0	0		[]
s:7SwiftUI4ViewPAAE10searchable4text9placement6prompt11suggestionsQrAA7BindingVySSG_AA20SearchFieldPlacementVAA4TextVSgqd__yXEtAaBRd__lF::SYNTHESIZED::s:12FinanceKitUI22AddOrderToWalletButtonV	swift.method	["AddOrderToWalletButton","searchable(text:placement:prompt:suggestions:)"]	unmatched	none	0	0		[]
s:7SwiftUI4ViewPAAE10searchable4text9placement6prompt11suggestionsQrAA7BindingVySSG_AA20SearchFieldPlacementVqd_0_qd__yXEtAaBRd__SyRd_0_r0_lF::SYNTHESIZED::s:12FinanceKitUI17TransactionPickerV	swift.method	["TransactionPicker","searchable(text:placement:prompt:suggestions:)"]	unmatched	none	0	0		[]
s:7SwiftUI4ViewPAAE10searchable4text9placement6prompt11suggestionsQrAA7BindingVySSG_AA20SearchFieldPlacementVqd_0_qd__yXEtAaBRd__SyRd_0_r0_lF::SYNTHESIZED::s:12FinanceKitUI22AddOrderToWalletButtonV	swift.method	["AddOrderToWalletButton","searchable(text:placement:prompt:suggestions:)"]	unmatched	none	0	0		[]
s:7SwiftUI4ViewPAAE10searchable4text9placement6promptQrAA7BindingVySSG_AA20SearchFieldPlacementV10Foundation23LocalizedStringResourceVtF::SYNTHESIZED::s:12FinanceKitUI17TransactionPickerV	swift.method	["TransactionPicker","searchable(text:placement:prompt:)"]	unmatched	none	0	0		[]
s:7SwiftUI4ViewPAAE10searchable4text9placement6promptQrAA7BindingVySSG_AA20SearchFieldPlacementV10Foundation23LocalizedStringResourceVtF::SYNTHESIZED::s:12FinanceKitUI22AddOrderToWalletButtonV	swift.method	["AddOrderToWalletButton","searchable(text:placement:prompt:)"]	unmatched	none	0	0		[]
s:7SwiftUI4ViewPAAE10searchable4text9placement6promptQrAA7BindingVySSG_AA20SearchFieldPlacementVAA18LocalizedStringKeyVtF::SYNTHESIZED::s:12FinanceKitUI17TransactionPickerV	swift.method	["TransactionPicker","searchable(text:placement:prompt:)"]	unmatched	none	0	0		[]
s:7SwiftUI4ViewPAAE10searchable4text9placement6promptQrAA7BindingVySSG_AA20SearchFieldPlacementVAA18LocalizedStringKeyVtF::SYNTHESIZED::s:12FinanceKitUI22AddOrderToWalletButtonV	swift.method	["AddOrderToWalletButton","searchable(text:placement:prompt:)"]	unmatched	none	0	0		[]
s:7SwiftUI4ViewPAAE10searchable4text9placement6promptQrAA7BindingVySSG_AA20SearchFieldPlacementVAA4TextVSgtF::SYNTHESIZED::s:12FinanceKitUI17TransactionPickerV	swift.method	["TransactionPicker","searchable(text:placement:prompt:)"]	unmatched	none	0	0		[]
s:7SwiftUI4ViewPAAE10searchable4text9placement6promptQrAA7BindingVySSG_AA20SearchFieldPlacementVAA4TextVSgtF::SYNTHESIZED::s:12FinanceKitUI22AddOrderToWalletButtonV	swift.method	["AddOrderToWalletButton","searchable(text:placement:prompt:)"]	unmatched	none	0	0		[]
s:7SwiftUI4ViewPAAE10searchable4text9placement6promptQrAA7BindingVySSG_AA20SearchFieldPlacementVqd__tSyRd__lF::SYNTHESIZED::s:12FinanceKitUI17TransactionPickerV	swift.method	["TransactionPicker","searchable(text:placement:prompt:)"]	unmatched	none	0	0		[]
s:7SwiftUI4ViewPAAE10searchable4text9placement6promptQrAA7BindingVySSG_AA20SearchFieldPlacementVqd__tSyRd__lF::SYNTHESIZED::s:12FinanceKitUI22AddOrderToWalletButtonV	swift.method	["AddOrderToWalletButton","searchable(text:placement:prompt:)"]	unmatched	none	0	0		[]
s:7SwiftUI4ViewPAAE10tableStyleyQrqd__AA05TableE0Rd__lF::SYNTHESIZED::s:12FinanceKitUI17TransactionPickerV	swift.method	["TransactionPicker","tableStyle(_:)"]	unmatched	none	0	0		[]
s:7SwiftUI4ViewPAAE10tableStyleyQrqd__AA05TableE0Rd__lF::SYNTHESIZED::s:12FinanceKitUI22AddOrderToWalletButtonV	swift.method	["AddOrderToWalletButton","tableStyle(_:)"]	unmatched	none	0	0		[]
s:7SwiftUI4ViewPAAE10transitionyQrAA13AnyTransitionVF::SYNTHESIZED::s:12FinanceKitUI17TransactionPickerV	swift.method	["TransactionPicker","transition(_:)"]	unmatched	none	0	0		[]
s:7SwiftUI4ViewPAAE10transitionyQrAA13AnyTransitionVF::SYNTHESIZED::s:12FinanceKitUI22AddOrderToWalletButtonV	swift.method	["AddOrderToWalletButton","transition(_:)"]	unmatched	none	0	0		[]
s:7SwiftUI4ViewPAAE10transitionyQrqd__AA10TransitionRd__lF::SYNTHESIZED::s:12FinanceKitUI17TransactionPickerV	swift.method	["TransactionPicker","transition(_:)"]	unmatched	none	0	0		[]
s:7SwiftUI4ViewPAAE10transitionyQrqd__AA10TransitionRd__lF::SYNTHESIZED::s:12FinanceKitUI22AddOrderToWalletButtonV	swift.method	["AddOrderToWalletButton","transition(_:)"]	unmatched	none	0	0		[]
s:7SwiftUI4ViewPAAE10unredactedQryF::SYNTHESIZED::s:12FinanceKitUI17TransactionPickerV	swift.method	["TransactionPicker","unredacted()"]	unmatched	none	0	0		[]
s:7SwiftUI4ViewPAAE10unredactedQryF::SYNTHESIZED::s:12FinanceKitUI22AddOrderToWalletButtonV	swift.method	["AddOrderToWalletButton","unredacted()"]	unmatched	none	0	0		[]
s:7SwiftUI4ViewPAAE11accentColoryQrAA0E0VSgF::SYNTHESIZED::s:12FinanceKitUI17TransactionPickerV	swift.method	["TransactionPicker","accentColor(_:)"]	unmatched	none	0	0		[]
s:7SwiftUI4ViewPAAE11accentColoryQrAA0E0VSgF::SYNTHESIZED::s:12FinanceKitUI22AddOrderToWalletButtonV	swift.method	["AddOrderToWalletButton","accentColor(_:)"]	unmatched	none	0	0		[]
s:7SwiftUI4ViewPAAE11actionSheet11isPresented7contentQrAA7BindingVySbG_AA06ActionE0VyXEtF::SYNTHESIZED::s:12FinanceKitUI17TransactionPickerV	swift.method	["TransactionPicker","actionSheet(isPresented:content:)"]	unmatched	none	0	0		[]
s:7SwiftUI4ViewPAAE11actionSheet11isPresented7contentQrAA7BindingVySbG_AA06ActionE0VyXEtF::SYNTHESIZED::s:12FinanceKitUI22AddOrderToWalletButtonV	swift.method	["AddOrderToWalletButton","actionSheet(isPresented:content:)"]	unmatched	none	0	0		[]
s:7SwiftUI4ViewPAAE11actionSheet4item7contentQrAA7BindingVyqd__SgG_AA06ActionE0Vqd__XEts12IdentifiableRd__lF::SYNTHESIZED::s:12FinanceKitUI17TransactionPickerV	swift.method	["TransactionPicker","actionSheet(item:content:)"]	unmatched	none	0	0		[]
s:7SwiftUI4ViewPAAE11actionSheet4item7contentQrAA7BindingVyqd__SgG_AA06ActionE0Vqd__XEts12IdentifiableRd__lF::SYNTHESIZED::s:12FinanceKitUI22AddOrderToWalletButtonV	swift.method	["AddOrderToWalletButton","actionSheet(item:content:)"]	unmatched	none	0	0		[]
s:7SwiftUI4ViewPAAE11aspectRatio_11contentModeQr14CoreFoundation7CGFloatVSg_AA07ContentG0OtF::SYNTHESIZED::s:12FinanceKitUI17TransactionPickerV	swift.method	["TransactionPicker","aspectRatio(_:contentMode:)"]	unmatched	none	0	0		[]
s:7SwiftUI4ViewPAAE11aspectRatio_11contentModeQr14CoreFoundation7CGFloatVSg_AA07ContentG0OtF::SYNTHESIZED::s:12FinanceKitUI22AddOrderToWalletButtonV	swift.method	["AddOrderToWalletButton","aspectRatio(_:contentMode:)"]	unmatched	none	0	0		[]
s:7SwiftUI4ViewPAAE11aspectRatio_11contentModeQrSo6CGSizeV_AA07ContentG0OtF::SYNTHESIZED::s:12FinanceKitUI17TransactionPickerV	swift.method	["TransactionPicker","aspectRatio(_:contentMode:)"]	unmatched	none	0	0		[]
s:7SwiftUI4ViewPAAE11aspectRatio_11contentModeQrSo6CGSizeV_AA07ContentG0OtF::SYNTHESIZED::s:12FinanceKitUI22AddOrderToWalletButtonV	swift.method	["AddOrderToWalletButton","aspectRatio(_:contentMode:)"]	unmatched	none	0	0		[]
s:7SwiftUI4ViewPAAE11buttonStyleyQrqd__AA015PrimitiveButtonE0Rd__lF::SYNTHESIZED::s:12FinanceKitUI17TransactionPickerV	swift.method	["TransactionPicker","buttonStyle(_:)"]	unmatched	none	0	0		[]
s:7SwiftUI4ViewPAAE11buttonStyleyQrqd__AA015PrimitiveButtonE0Rd__lF::SYNTHESIZED::s:12FinanceKitUI22AddOrderToWalletButtonV	swift.method	["AddOrderToWalletButton","buttonStyle(_:)"]	unmatched	none	0	0		[]
s:7SwiftUI4ViewPAAE11buttonStyleyQrqd__AA06ButtonE0Rd__lF::SYNTHESIZED::s:12FinanceKitUI17TransactionPickerV	swift.method	["TransactionPicker","buttonStyle(_:)"]	unmatched	none	0	0		[]
s:7SwiftUI4ViewPAAE11buttonStyleyQrqd__AA06ButtonE0Rd__lF::SYNTHESIZED::s:12FinanceKitUI22AddOrderToWalletButtonV	swift.method	["AddOrderToWalletButton","buttonStyle(_:)"]	unmatched	none	0	0		[]
s:7SwiftUI4ViewPAAE11colorEffect_9isEnabledQrAA6ShaderV_SbtF::SYNTHESIZED::s:12FinanceKitUI17TransactionPickerV	swift.method	["TransactionPicker","colorEffect(_:isEnabled:)"]	unmatched	none	0	0		[]
s:7SwiftUI4ViewPAAE11colorEffect_9isEnabledQrAA6ShaderV_SbtF::SYNTHESIZED::s:12FinanceKitUI22AddOrderToWalletButtonV	swift.method	["AddOrderToWalletButton","colorEffect(_:isEnabled:)"]	unmatched	none	0	0		[]
s:7SwiftUI4ViewPAAE11colorInvertQryF::SYNTHESIZED::s:12FinanceKitUI17TransactionPickerV	swift.method	["TransactionPicker","colorInvert()"]	unmatched	none	0	0		[]
s:7SwiftUI4ViewPAAE11colorInvertQryF::SYNTHESIZED::s:12FinanceKitUI22AddOrderToWalletButtonV	swift.method	["AddOrderToWalletButton","colorInvert()"]	unmatched	none	0	0		[]
s:7SwiftUI4ViewPAAE11colorSchemeyQrAA05ColorE0OF::SYNTHESIZED::s:12FinanceKitUI17TransactionPickerV	swift.method	["TransactionPicker","colorScheme(_:)"]	unmatched	none	0	0		[]
s:7SwiftUI4ViewPAAE11colorSchemeyQrAA05ColorE0OF::SYNTHESIZED::s:12FinanceKitUI22AddOrderToWalletButtonV	swift.method	["AddOrderToWalletButton","colorScheme(_:)"]	unmatched	none	0	0		[]
s:7SwiftUI4ViewPAAE11contextMenu16forSelectionType4menu13primaryActionQrqd__m_qd_0_Shyqd__GcyAHcSgtSHRd__AaBRd_0_r0_lF::SYNTHESIZED::s:12FinanceKitUI17TransactionPickerV	swift.method	["TransactionPicker","contextMenu(forSelectionType:menu:primaryAction:)"]	unmatched	none	0	0		[]
s:7SwiftUI4ViewPAAE11contextMenu16forSelectionType4menu13primaryActionQrqd__m_qd_0_Shyqd__GcyAHcSgtSHRd__AaBRd_0_r0_lF::SYNTHESIZED::s:12FinanceKitUI22AddOrderToWalletButtonV	swift.method	["AddOrderToWalletButton","contextMenu(forSelectionType:menu:primaryAction:)"]	unmatched	none	0	0		[]
s:7SwiftUI4ViewPAAE11contextMenu9menuItems7previewQrqd__yXE_qd_0_yXEtAaBRd__AaBRd_0_r0_lF::SYNTHESIZED::s:12FinanceKitUI17TransactionPickerV	swift.method	["TransactionPicker","contextMenu(menuItems:preview:)"]	unmatched	none	0	0		[]
s:7SwiftUI4ViewPAAE11contextMenu9menuItems7previewQrqd__yXE_qd_0_yXEtAaBRd__AaBRd_0_r0_lF::SYNTHESIZED::s:12FinanceKitUI22AddOrderToWalletButtonV	swift.method	["AddOrderToWalletButton","contextMenu(menuItems:preview:)"]	unmatched	none	0	0		[]
s:7SwiftUI4ViewPAAE11contextMenu9menuItemsQrqd__yXE_tAaBRd__lF::SYNTHESIZED::s:12FinanceKitUI17TransactionPickerV	swift.method	["TransactionPicker","contextMenu(menuItems:)"]	unmatched	none	0	0		[]
s:7SwiftUI4ViewPAAE11contextMenu9menuItemsQrqd__yXE_tAaBRd__lF::SYNTHESIZED::s:12FinanceKitUI22AddOrderToWalletButtonV	swift.method	["AddOrderToWalletButton","contextMenu(menuItems:)"]	unmatched	none	0	0		[]
s:7SwiftUI4ViewPAAE11contextMenuyQrAA07ContextE0Vyqd__GSgAaBRd__lF::SYNTHESIZED::s:12FinanceKitUI17TransactionPickerV	swift.method	["TransactionPicker","contextMenu(_:)"]	unmatched	none	0	0		[]
s:7SwiftUI4ViewPAAE11contextMenuyQrAA07ContextE0Vyqd__GSgAaBRd__lF::SYNTHESIZED::s:12FinanceKitUI22AddOrderToWalletButtonV	swift.method	["AddOrderToWalletButton","contextMenu(_:)"]	unmatched	none	0	0		[]
s:7SwiftUI4ViewPAAE11controlSizeyQrAA07ControlE0OF::SYNTHESIZED::s:12FinanceKitUI17TransactionPickerV	swift.method	["TransactionPicker","controlSize(_:)"]	unmatched	none	0	0		[]
s:7SwiftUI4ViewPAAE11controlSizeyQrAA07ControlE0OF::SYNTHESIZED::s:12FinanceKitUI22AddOrderToWalletButtonV	swift.method	["AddOrderToWalletButton","controlSize(_:)"]	unmatched	none	0	0		[]
s:7SwiftUI4ViewPAAE11controlSizeyQrqd__SXRd__AA07ControlE0O5BoundRtd__lF::SYNTHESIZED::s:12FinanceKitUI17TransactionPickerV	swift.method	["TransactionPicker","controlSize(_:)"]	unmatched	none	0	0		[]
s:7SwiftUI4ViewPAAE11controlSizeyQrqd__SXRd__AA07ControlE0O5BoundRtd__lF::SYNTHESIZED::s:12FinanceKitUI22AddOrderToWalletButtonV	swift.method	["AddOrderToWalletButton","controlSize(_:)"]	unmatched	none	0	0		[]
s:7SwiftUI4ViewPAAE11environmentyQrqd__SgRld__C11Observation10ObservableRd__lF::SYNTHESIZED::s:12FinanceKitUI17TransactionPickerV	swift.method	["TransactionPicker","environment(_:)"]	unmatched	none	0	0		[]
s:7SwiftUI4ViewPAAE11environmentyQrqd__SgRld__C11Observation10ObservableRd__lF::SYNTHESIZED::s:12FinanceKitUI22AddOrderToWalletButtonV	swift.method	["AddOrderToWalletButton","environment(_:)"]	unmatched	none	0	0		[]
s:7SwiftUI4ViewPAAE11environmentyQrs15WritableKeyPathCyAA17EnvironmentValuesVqd__G_qd__tlF::SYNTHESIZED::s:12FinanceKitUI17TransactionPickerV	swift.method	["TransactionPicker","environment(_:_:)"]	unmatched	none	0	0		[]
s:7SwiftUI4ViewPAAE11environmentyQrs15WritableKeyPathCyAA17EnvironmentValuesVqd__G_qd__tlF::SYNTHESIZED::s:12FinanceKitUI22AddOrderToWalletButtonV	swift.method	["AddOrderToWalletButton","environment(_:_:)"]	unmatched	none	0	0		[]
s:7SwiftUI4ViewPAAE11glassEffect_2inQrAA5GlassV_qd__tAA5ShapeRd__lF::SYNTHESIZED::s:12FinanceKitUI17TransactionPickerV	swift.method	["TransactionPicker","glassEffect(_:in:)"]	unmatched	none	0	0		[]
s:7SwiftUI4ViewPAAE11glassEffect_2inQrAA5GlassV_qd__tAA5ShapeRd__lF::SYNTHESIZED::s:12FinanceKitUI22AddOrderToWalletButtonV	swift.method	["AddOrderToWalletButton","glassEffect(_:in:)"]	unmatched	none	0	0		[]
s:7SwiftUI4ViewPAAE11hoverEffect_9isEnabledQrAA05HoverE0V_SbtF::SYNTHESIZED::s:12FinanceKitUI17TransactionPickerV	swift.method	["TransactionPicker","hoverEffect(_:isEnabled:)"]	unmatched	none	0	0		[]
s:7SwiftUI4ViewPAAE11hoverEffect_9isEnabledQrAA05HoverE0V_SbtF::SYNTHESIZED::s:12FinanceKitUI22AddOrderToWalletButtonV	swift.method	["AddOrderToWalletButton","hoverEffect(_:isEnabled:)"]	unmatched	none	0	0		[]
s:7SwiftUI4ViewPAAE11hoverEffectyQrAA05HoverE0VF::SYNTHESIZED::s:12FinanceKitUI17TransactionPickerV	swift.method	["TransactionPicker","hoverEffect(_:)"]	unmatched	none	0	0		[]
s:7SwiftUI4ViewPAAE11hoverEffectyQrAA05HoverE0VF::SYNTHESIZED::s:12FinanceKitUI22AddOrderToWalletButtonV	swift.method	["AddOrderToWalletButton","hoverEffect(_:)"]	unmatched	none	0	0		[]
s:7SwiftUI4ViewPAAE11hueRotationyQrAA5AngleVF::SYNTHESIZED::s:12FinanceKitUI17TransactionPickerV	swift.method	["TransactionPicker","hueRotation(_:)"]	unmatched	none	0	0		[]
s:7SwiftUI4ViewPAAE11hueRotationyQrAA5AngleVF::SYNTHESIZED::s:12FinanceKitUI22AddOrderToWalletButtonV	swift.method	["AddOrderToWalletButton","hueRotation(_:)"]	unmatched	none	0	0		[]
s:7SwiftUI4ViewPAAE11layerEffect_15maxSampleOffset9isEnabledQrAA6ShaderV_So6CGSizeVSbtF::SYNTHESIZED::s:12FinanceKitUI17TransactionPickerV	swift.method	["TransactionPicker","layerEffect(_:maxSampleOffset:isEnabled:)"]	unmatched	none	0	0		[]
s:7SwiftUI4ViewPAAE11layerEffect_15maxSampleOffset9isEnabledQrAA6ShaderV_So6CGSizeVSbtF::SYNTHESIZED::s:12FinanceKitUI22AddOrderToWalletButtonV	swift.method	["AddOrderToWalletButton","layerEffect(_:maxSampleOffset:isEnabled:)"]	unmatched	none	0	0		[]
s:7SwiftUI4ViewPAAE11layoutValue3key5valueQrqd__m_0E0Qyd__tAA06LayoutE3KeyRd__lF::SYNTHESIZED::s:12FinanceKitUI17TransactionPickerV	swift.method	["TransactionPicker","layoutValue(key:value:)"]	unmatched	none	0	0		[]
s:7SwiftUI4ViewPAAE11layoutValue3key5valueQrqd__m_0E0Qyd__tAA06LayoutE3KeyRd__lF::SYNTHESIZED::s:12FinanceKitUI22AddOrderToWalletButtonV	swift.method	["AddOrderToWalletButton","layoutValue(key:value:)"]	unmatched	none	0	0		[]
s:7SwiftUI4ViewPAAE11lineSpacingyQr14CoreFoundation7CGFloatVF::SYNTHESIZED::s:12FinanceKitUI17TransactionPickerV	swift.method	["TransactionPicker","lineSpacing(_:)"]	unmatched	none	0	0		[]
s:7SwiftUI4ViewPAAE11lineSpacingyQr14CoreFoundation7CGFloatVF::SYNTHESIZED::s:12FinanceKitUI22AddOrderToWalletButtonV	swift.method	["AddOrderToWalletButton","lineSpacing(_:)"]	unmatched	none	0	0		[]
s:7SwiftUI4ViewPAAE11onDisappear7performQryycSg_tF::SYNTHESIZED::s:12FinanceKitUI17TransactionPickerV	swift.method	["TransactionPicker","onDisappear(perform:)"]	unmatched	none	0	0		[]
s:7SwiftUI4ViewPAAE11onDisappear7performQryycSg_tF::SYNTHESIZED::s:12FinanceKitUI22AddOrderToWalletButtonV	swift.method	["AddOrderToWalletButton","onDisappear(perform:)"]	unmatched	none	0	0		[]
s:7SwiftUI4ViewPAAE11pickerStyleyQrqd__AA06PickerE0Rd__lF::SYNTHESIZED::s:12FinanceKitUI17TransactionPickerV	swift.method	["TransactionPicker","pickerStyle(_:)"]	unmatched	none	0	0		[]
s:7SwiftUI4ViewPAAE11pickerStyleyQrqd__AA06PickerE0Rd__lF::SYNTHESIZED::s:12FinanceKitUI22AddOrderToWalletButtonV	swift.method	["AddOrderToWalletButton","pickerStyle(_:)"]	unmatched	none	0	0		[]
s:7SwiftUI4ViewPAAE11refreshable6actionQryyYaYbc_tF::SYNTHESIZED::s:12FinanceKitUI17TransactionPickerV	swift.method	["TransactionPicker","refreshable(action:)"]	unmatched	none	0	0		[]
s:7SwiftUI4ViewPAAE11refreshable6actionQryyYaYbc_tF::SYNTHESIZED::s:12FinanceKitUI22AddOrderToWalletButtonV	swift.method	["AddOrderToWalletButton","refreshable(action:)"]	unmatched	none	0	0		[]
s:7SwiftUI4ViewPAAE11safeAreaBar4edge9alignment7spacing7contentQrAA12VerticalEdgeO_AA19HorizontalAlignmentV14CoreFoundation7CGFloatVSgqd__yXEtAaBRd__lF::SYNTHESIZED::s:12FinanceKitUI17TransactionPickerV	swift.method	["TransactionPicker","safeAreaBar(edge:alignment:spacing:content:)"]	unmatched	none	0	0		[]
s:7SwiftUI4ViewPAAE11safeAreaBar4edge9alignment7spacing7contentQrAA12VerticalEdgeO_AA19HorizontalAlignmentV14CoreFoundation7CGFloatVSgqd__yXEtAaBRd__lF::SYNTHESIZED::s:12FinanceKitUI22AddOrderToWalletButtonV	swift.method	["AddOrderToWalletButton","safeAreaBar(edge:alignment:spacing:content:)"]	unmatched	none	0	0		[]
s:7SwiftUI4ViewPAAE11safeAreaBar4edge9alignment7spacing7contentQrAA14HorizontalEdgeO_AA17VerticalAlignmentV14CoreFoundation7CGFloatVSgqd__yXEtAaBRd__lF::SYNTHESIZED::s:12FinanceKitUI17TransactionPickerV	swift.method	["TransactionPicker","safeAreaBar(edge:alignment:spacing:content:)"]	unmatched	none	0	0		[]
s:7SwiftUI4ViewPAAE11safeAreaBar4edge9alignment7spacing7contentQrAA14HorizontalEdgeO_AA17VerticalAlignmentV14CoreFoundation7CGFloatVSgqd__yXEtAaBRd__lF::SYNTHESIZED::s:12FinanceKitUI22AddOrderToWalletButtonV	swift.method	["AddOrderToWalletButton","safeAreaBar(edge:alignment:spacing:content:)"]	unmatched	none	0	0		[]
s:7SwiftUI4ViewPAAE11scaleEffect1x1y6anchorQr14CoreFoundation7CGFloatV_AjA9UnitPointVtF::SYNTHESIZED::s:12FinanceKitUI17TransactionPickerV	swift.method	["TransactionPicker","scaleEffect(x:y:anchor:)"]	unmatched	none	0	0		[]
s:7SwiftUI4ViewPAAE11scaleEffect1x1y6anchorQr14CoreFoundation7CGFloatV_AjA9UnitPointVtF::SYNTHESIZED::s:12FinanceKitUI22AddOrderToWalletButtonV	swift.method	["AddOrderToWalletButton","scaleEffect(x:y:anchor:)"]	unmatched	none	0	0		[]
s:7SwiftUI4ViewPAAE11scaleEffect_6anchorQr14CoreFoundation7CGFloatV_AA9UnitPointVtF::SYNTHESIZED::s:12FinanceKitUI17TransactionPickerV	swift.method	["TransactionPicker","scaleEffect(_:anchor:)"]	unmatched	none	0	0		[]
s:7SwiftUI4ViewPAAE11scaleEffect_6anchorQr14CoreFoundation7CGFloatV_AA9UnitPointVtF::SYNTHESIZED::s:12FinanceKitUI22AddOrderToWalletButtonV	swift.method	["AddOrderToWalletButton","scaleEffect(_:anchor:)"]	unmatched	none	0	0		[]
s:7SwiftUI4ViewPAAE11scaleEffect_6anchorQrSo6CGSizeV_AA9UnitPointVtF::SYNTHESIZED::s:12FinanceKitUI17TransactionPickerV	swift.method	["TransactionPicker","scaleEffect(_:anchor:)"]	unmatched	none	0	0		[]
s:7SwiftUI4ViewPAAE11scaleEffect_6anchorQrSo6CGSizeV_AA9UnitPointVtF::SYNTHESIZED::s:12FinanceKitUI22AddOrderToWalletButtonV	swift.method	["AddOrderToWalletButton","scaleEffect(_:anchor:)"]	unmatched	none	0	0		[]
s:7SwiftUI4ViewPAAE11scaledToFitQryF::SYNTHESIZED::s:12FinanceKitUI17TransactionPickerV	swift.method	["TransactionPicker","scaledToFit()"]	unmatched	none	0	0		[]
s:7SwiftUI4ViewPAAE11scaledToFitQryF::SYNTHESIZED::s:12FinanceKitUI22AddOrderToWalletButtonV	swift.method	["AddOrderToWalletButton","scaledToFit()"]	unmatched	none	0	0		[]
s:7SwiftUI4ViewPAAE11submitLabelyQrAA06SubmitE0VF::SYNTHESIZED::s:12FinanceKitUI17TransactionPickerV	swift.method	["TransactionPicker","submitLabel(_:)"]	unmatched	none	0	0		[]
s:7SwiftUI4ViewPAAE11submitLabelyQrAA06SubmitE0VF::SYNTHESIZED::s:12FinanceKitUI22AddOrderToWalletButtonV	swift.method	["AddOrderToWalletButton","submitLabel(_:)"]	unmatched	none	0	0		[]
s:7SwiftUI4ViewPAAE11submitScopeyQrSbF::SYNTHESIZED::s:12FinanceKitUI17TransactionPickerV	swift.method	["TransactionPicker","submitScope(_:)"]	unmatched	none	0	0		[]
s:7SwiftUI4ViewPAAE11submitScopeyQrSbF::SYNTHESIZED::s:12FinanceKitUI22AddOrderToWalletButtonV	swift.method	["AddOrderToWalletButton","submitScope(_:)"]	unmatched	none	0	0		[]
s:7SwiftUI4ViewPAAE11toggleStyleyQrqd__AA06ToggleE0Rd__lF::SYNTHESIZED::s:12FinanceKitUI17TransactionPickerV	swift.method	["TransactionPicker","toggleStyle(_:)"]	unmatched	none	0	0		[]
s:7SwiftUI4ViewPAAE11toggleStyleyQrqd__AA06ToggleE0Rd__lF::SYNTHESIZED::s:12FinanceKitUI22AddOrderToWalletButtonV	swift.method	["AddOrderToWalletButton","toggleStyle(_:)"]	unmatched	none	0	0		[]
s:7SwiftUI4ViewPAAE11toolbarRoleyQrAA07ToolbarE0VF::SYNTHESIZED::s:12FinanceKitUI17TransactionPickerV	swift.method	["TransactionPicker","toolbarRole(_:)"]	unmatched	none	0	0		[]
s:7SwiftUI4ViewPAAE11toolbarRoleyQrAA07ToolbarE0VF::SYNTHESIZED::s:12FinanceKitUI22AddOrderToWalletButtonV	swift.method	["AddOrderToWalletButton","toolbarRole(_:)"]	unmatched	none	0	0		[]
s:7SwiftUI4ViewPAAE11transaction5value_Qrqd___yAA11TransactionVzctSQRd__lF::SYNTHESIZED::s:12FinanceKitUI17TransactionPickerV	swift.method	["TransactionPicker","transaction(value:_:)"]	unmatched	none	0	0		[]
s:7SwiftUI4ViewPAAE11transaction5value_Qrqd___yAA11TransactionVzctSQRd__lF::SYNTHESIZED::s:12FinanceKitUI22AddOrderToWalletButtonV	swift.method	["AddOrderToWalletButton","transaction(value:_:)"]	unmatched	none	0	0		[]
s:7SwiftUI4ViewPAAE11transaction_4bodyQryAA11TransactionVzc_qd__AA018PlaceholderContentC0VyxGXEtAaBRd__lF::SYNTHESIZED::s:12FinanceKitUI17TransactionPickerV	swift.method	["TransactionPicker","transaction(_:body:)"]	unmatched	none	0	0		[]
s:7SwiftUI4ViewPAAE11transaction_4bodyQryAA11TransactionVzc_qd__AA018PlaceholderContentC0VyxGXEtAaBRd__lF::SYNTHESIZED::s:12FinanceKitUI22AddOrderToWalletButtonV	swift.method	["AddOrderToWalletButton","transaction(_:body:)"]	unmatched	none	0	0		[]
s:7SwiftUI4ViewPAAE11transactionyQryAA11TransactionVzcF::SYNTHESIZED::s:12FinanceKitUI17TransactionPickerV	swift.method	["TransactionPicker","transaction(_:)"]	unmatched	none	0	0		[]
s:7SwiftUI4ViewPAAE11transactionyQryAA11TransactionVzcF::SYNTHESIZED::s:12FinanceKitUI22AddOrderToWalletButtonV	swift.method	["AddOrderToWalletButton","transaction(_:)"]	unmatched	none	0	0		[]
s:7SwiftUI4ViewPAAE12buttonSizingyQrAA06ButtonE0VF::SYNTHESIZED::s:12FinanceKitUI17TransactionPickerV	swift.method	["TransactionPicker","buttonSizing(_:)"]	unmatched	none	0	0		[]
s:7SwiftUI4ViewPAAE12buttonSizingyQrAA06ButtonE0VF::SYNTHESIZED::s:12FinanceKitUI22AddOrderToWalletButtonV	swift.method	["AddOrderToWalletButton","buttonSizing(_:)"]	unmatched	none	0	0		[]
s:7SwiftUI4ViewPAAE12contentShape_6eoFillQrqd___SbtAA0E0Rd__lF::SYNTHESIZED::s:12FinanceKitUI17TransactionPickerV	swift.method	["TransactionPicker","contentShape(_:eoFill:)"]	unmatched	none	0	0		[]
s:7SwiftUI4ViewPAAE12contentShape_6eoFillQrqd___SbtAA0E0Rd__lF::SYNTHESIZED::s:12FinanceKitUI22AddOrderToWalletButtonV	swift.method	["AddOrderToWalletButton","contentShape(_:eoFill:)"]	unmatched	none	0	0		[]
s:7SwiftUI4ViewPAAE12contentShape__6eoFillQrAA07ContentE5KindsV_qd__SbtAA0E0Rd__lF::SYNTHESIZED::s:12FinanceKitUI17TransactionPickerV	swift.method	["TransactionPicker","contentShape(_:_:eoFill:)"]	unmatched	none	0	0		[]
s:7SwiftUI4ViewPAAE12contentShape__6eoFillQrAA07ContentE5KindsV_qd__SbtAA0E0Rd__lF::SYNTHESIZED::s:12FinanceKitUI22AddOrderToWalletButtonV	swift.method	["AddOrderToWalletButton","contentShape(_:_:eoFill:)"]	unmatched	none	0	0		[]
s:7SwiftUI4ViewPAAE12cornerRadius_11antialiasedQr14CoreFoundation7CGFloatV_SbtF::SYNTHESIZED::s:12FinanceKitUI17TransactionPickerV	swift.method	["TransactionPicker","cornerRadius(_:antialiased:)"]	unmatched	none	0	0		[]
s:7SwiftUI4ViewPAAE12cornerRadius_11antialiasedQr14CoreFoundation7CGFloatV_SbtF::SYNTHESIZED::s:12FinanceKitUI22AddOrderToWalletButtonV	swift.method	["AddOrderToWalletButton","cornerRadius(_:antialiased:)"]	unmatched	none	0	0		[]
s:7SwiftUI4ViewPAAE12defaultFocus__8priorityQrAA0E5StateV7BindingVyqd___G_qd__AA07DefaultE18EvaluationPriorityVtSHRd__lF::SYNTHESIZED::s:12FinanceKitUI17TransactionPickerV	swift.method	["TransactionPicker","defaultFocus(_:_:priority:)"]	unmatched	none	0	0		[]
s:7SwiftUI4ViewPAAE12defaultFocus__8priorityQrAA0E5StateV7BindingVyqd___G_qd__AA07DefaultE18EvaluationPriorityVtSHRd__lF::SYNTHESIZED::s:12FinanceKitUI22AddOrderToWalletButtonV	swift.method	["AddOrderToWalletButton","defaultFocus(_:_:priority:)"]	unmatched	none	0	0		[]
s:7SwiftUI4ViewPAAE12drawingGroup6opaque9colorModeQrSb_AA014ColorRenderingH0OtF::SYNTHESIZED::s:12FinanceKitUI17TransactionPickerV	swift.method	["TransactionPicker","drawingGroup(opaque:colorMode:)"]	unmatched	none	0	0		[]
s:7SwiftUI4ViewPAAE12drawingGroup6opaque9colorModeQrSb_AA014ColorRenderingH0OtF::SYNTHESIZED::s:12FinanceKitUI22AddOrderToWalletButtonV	swift.method	["AddOrderToWalletButton","drawingGroup(opaque:colorMode:)"]	unmatched	none	0	0		[]
s:7SwiftUI4ViewPAAE12fileExporter11isPresented4item12contentTypes15defaultFilename12onCompletion0M12CancellationQrAA7BindingVySbG_qd__SgSay22UniformTypeIdentifiers6UTTypeVGSSSgys6ResultOy10Foundation3URLVs5Error_pGcyyct16CoreTransferable0Z0Rd__lF::SYNTHESIZED::s:12FinanceKitUI17TransactionPickerV	swift.method	["TransactionPicker","fileExporter(isPresented:item:contentTypes:defaultFilename:onCompletion:onCancellation:)"]	unmatched	none	0	0		[]
s:7SwiftUI4ViewPAAE12fileExporter11isPresented4item12contentTypes15defaultFilename12onCompletion0M12CancellationQrAA7BindingVySbG_qd__SgSay22UniformTypeIdentifiers6UTTypeVGSSSgys6ResultOy10Foundation3URLVs5Error_pGcyyct16CoreTransferable0Z0Rd__lF::SYNTHESIZED::s:12FinanceKitUI22AddOrderToWalletButtonV	swift.method	["AddOrderToWalletButton","fileExporter(isPresented:item:contentTypes:defaultFilename:onCompletion:onCancellation:)"]	unmatched	none	0	0		[]
s:7SwiftUI4ViewPAAE12fileExporter11isPresented5items12contentTypes12onCompletion0K12CancellationQrAA7BindingVySbG_qd__Say22UniformTypeIdentifiers6UTTypeVGys6ResultOySay10Foundation3URLVGs5Error_pGcyyctSlRd__16CoreTransferable0X0Rd_0_7ElementQyd__Rsd_0_r0_lF::SYNTHESIZED::s:12FinanceKitUI17TransactionPickerV	swift.method	["TransactionPicker","fileExporter(isPresented:items:contentTypes:onCompletion:onCancellation:)"]	unmatched	none	0	0		[]
s:7SwiftUI4ViewPAAE12fileExporter11isPresented5items12contentTypes12onCompletion0K12CancellationQrAA7BindingVySbG_qd__Say22UniformTypeIdentifiers6UTTypeVGys6ResultOySay10Foundation3URLVGs5Error_pGcyyctSlRd__16CoreTransferable0X0Rd_0_7ElementQyd__Rsd_0_r0_lF::SYNTHESIZED::s:12FinanceKitUI22AddOrderToWalletButtonV	swift.method	["AddOrderToWalletButton","fileExporter(isPresented:items:contentTypes:onCompletion:onCancellation:)"]	unmatched	none	0	0		[]
s:7SwiftUI4ViewPAAE12fileExporter11isPresented8document11contentType15defaultFilename12onCompletionQrAA7BindingVySbG_qd__Sg07UniformJ11Identifiers6UTTypeVSSSgys6ResultOy10Foundation3URLVs5Error_pGctAA12FileDocumentRd__lF::SYNTHESIZED::s:12FinanceKitUI17TransactionPickerV	swift.method	["TransactionPicker","fileExporter(isPresented:document:contentType:defaultFilename:onCompletion:)"]	unmatched	none	0	0		[]
s:7SwiftUI4ViewPAAE12fileExporter11isPresented8document11contentType15defaultFilename12onCompletionQrAA7BindingVySbG_qd__Sg07UniformJ11Identifiers6UTTypeVSSSgys6ResultOy10Foundation3URLVs5Error_pGctAA12FileDocumentRd__lF::SYNTHESIZED::s:12FinanceKitUI22AddOrderToWalletButtonV	swift.method	["AddOrderToWalletButton","fileExporter(isPresented:document:contentType:defaultFilename:onCompletion:)"]	unmatched	none	0	0		[]
s:7SwiftUI4ViewPAAE12fileExporter11isPresented8document11contentType15defaultFilename12onCompletionQrAA7BindingVySbG_qd__Sg07UniformJ11Identifiers6UTTypeVSSSgys6ResultOy10Foundation3URLVs5Error_pGctAA21ReferenceFileDocumentRd__lF::SYNTHESIZED::s:12FinanceKitUI17TransactionPickerV	swift.method	["TransactionPicker","fileExporter(isPresented:document:contentType:defaultFilename:onCompletion:)"]	unmatched	none	0	0		[]
s:7SwiftUI4ViewPAAE12fileExporter11isPresented8document11contentType15defaultFilename12onCompletionQrAA7BindingVySbG_qd__Sg07UniformJ11Identifiers6UTTypeVSSSgys6ResultOy10Foundation3URLVs5Error_pGctAA21ReferenceFileDocumentRd__lF::SYNTHESIZED::s:12FinanceKitUI22AddOrderToWalletButtonV	swift.method	["AddOrderToWalletButton","fileExporter(isPresented:document:contentType:defaultFilename:onCompletion:)"]	unmatched	none	0	0		[]
s:7SwiftUI4ViewPAAE12fileExporter11isPresented8document12contentTypes15defaultFilename12onCompletion0M12CancellationQrAA7BindingVySbG_qd__SgSay22UniformTypeIdentifiers6UTTypeVGSSSgys6ResultOy10Foundation3URLVs5Error_pGcyyctAA12FileDocumentRd__lF::SYNTHESIZED::s:12FinanceKitUI17TransactionPickerV	swift.method	["TransactionPicker","fileExporter(isPresented:document:contentTypes:defaultFilename:onCompletion:onCancellation:)"]	unmatched	none	0	0		[]
s:7SwiftUI4ViewPAAE12fileExporter11isPresented8document12contentTypes15defaultFilename12onCompletion0M12CancellationQrAA7BindingVySbG_qd__SgSay22UniformTypeIdentifiers6UTTypeVGSSSgys6ResultOy10Foundation3URLVs5Error_pGcyyctAA12FileDocumentRd__lF::SYNTHESIZED::s:12FinanceKitUI22AddOrderToWalletButtonV	swift.method	["AddOrderToWalletButton","fileExporter(isPresented:document:contentTypes:defaultFilename:onCompletion:onCancellation:)"]	unmatched	none	0	0		[]
s:7SwiftUI4ViewPAAE12fileExporter11isPresented8document12contentTypes15defaultFilename12onCompletion0M12CancellationQrAA7BindingVySbG_qd__SgSay22UniformTypeIdentifiers6UTTypeVGSSSgys6ResultOy10Foundation3URLVs5Error_pGcyyctAA21ReferenceFileDocumentRd__lF::SYNTHESIZED::s:12FinanceKitUI17TransactionPickerV	swift.method	["TransactionPicker","fileExporter(isPresented:document:contentTypes:defaultFilename:onCompletion:onCancellation:)"]	unmatched	none	0	0		[]
s:7SwiftUI4ViewPAAE12fileExporter11isPresented8document12contentTypes15defaultFilename12onCompletion0M12CancellationQrAA7BindingVySbG_qd__SgSay22UniformTypeIdentifiers6UTTypeVGSSSgys6ResultOy10Foundation3URLVs5Error_pGcyyctAA21ReferenceFileDocumentRd__lF::SYNTHESIZED::s:12FinanceKitUI22AddOrderToWalletButtonV	swift.method	["AddOrderToWalletButton","fileExporter(isPresented:document:contentTypes:defaultFilename:onCompletion:onCancellation:)"]	unmatched	none	0	0		[]
s:7SwiftUI4ViewPAAE12fileExporter11isPresented9documents11contentType12onCompletionQrAA7BindingVySbG_qd__07UniformJ11Identifiers6UTTypeVys6ResultOySay10Foundation3URLVGs5Error_pGctSlRd__AA12FileDocument7ElementRpd__lF::SYNTHESIZED::s:12FinanceKitUI17TransactionPickerV	swift.method	["TransactionPicker","fileExporter(isPresented:documents:contentType:onCompletion:)"]	unmatched	none	0	0		[]
s:7SwiftUI4ViewPAAE12fileExporter11isPresented9documents11contentType12onCompletionQrAA7BindingVySbG_qd__07UniformJ11Identifiers6UTTypeVys6ResultOySay10Foundation3URLVGs5Error_pGctSlRd__AA12FileDocument7ElementRpd__lF::SYNTHESIZED::s:12FinanceKitUI22AddOrderToWalletButtonV	swift.method	["AddOrderToWalletButton","fileExporter(isPresented:documents:contentType:onCompletion:)"]	unmatched	none	0	0		[]
s:7SwiftUI4ViewPAAE12fileExporter11isPresented9documents11contentType12onCompletionQrAA7BindingVySbG_qd__07UniformJ11Identifiers6UTTypeVys6ResultOySay10Foundation3URLVGs5Error_pGctSlRd__AA21ReferenceFileDocument7ElementRpd__lF::SYNTHESIZED::s:12FinanceKitUI17TransactionPickerV	swift.method	["TransactionPicker","fileExporter(isPresented:documents:contentType:onCompletion:)"]	unmatched	none	0	0		[]
s:7SwiftUI4ViewPAAE12fileExporter11isPresented9documents11contentType12onCompletionQrAA7BindingVySbG_qd__07UniformJ11Identifiers6UTTypeVys6ResultOySay10Foundation3URLVGs5Error_pGctSlRd__AA21ReferenceFileDocument7ElementRpd__lF::SYNTHESIZED::s:12FinanceKitUI22AddOrderToWalletButtonV	swift.method	["AddOrderToWalletButton","fileExporter(isPresented:documents:contentType:onCompletion:)"]	unmatched	none	0	0		[]
s:7SwiftUI4ViewPAAE12fileExporter11isPresented9documents12contentTypes12onCompletion0K12CancellationQrAA7BindingVySbG_qd__Say22UniformTypeIdentifiers6UTTypeVGys6ResultOySay10Foundation3URLVGs5Error_pGcyyctSlRd__AA12FileDocument7ElementRpd__lF::SYNTHESIZED::s:12FinanceKitUI17TransactionPickerV	swift.method	["TransactionPicker","fileExporter(isPresented:documents:contentTypes:onCompletion:onCancellation:)"]	unmatched	none	0	0		[]
s:7SwiftUI4ViewPAAE12fileExporter11isPresented9documents12contentTypes12onCompletion0K12CancellationQrAA7BindingVySbG_qd__Say22UniformTypeIdentifiers6UTTypeVGys6ResultOySay10Foundation3URLVGs5Error_pGcyyctSlRd__AA12FileDocument7ElementRpd__lF::SYNTHESIZED::s:12FinanceKitUI22AddOrderToWalletButtonV	swift.method	["AddOrderToWalletButton","fileExporter(isPresented:documents:contentTypes:onCompletion:onCancellation:)"]	unmatched	none	0	0		[]
s:7SwiftUI4ViewPAAE12fileExporter11isPresented9documents12contentTypes12onCompletion0K12CancellationQrAA7BindingVySbG_qd__Say22UniformTypeIdentifiers6UTTypeVGys6ResultOySay10Foundation3URLVGs5Error_pGcyyctSlRd__AA21ReferenceFileDocument7ElementRpd__lF::SYNTHESIZED::s:12FinanceKitUI17TransactionPickerV	swift.method	["TransactionPicker","fileExporter(isPresented:documents:contentTypes:onCompletion:onCancellation:)"]	unmatched	none	0	0		[]
s:7SwiftUI4ViewPAAE12fileExporter11isPresented9documents12contentTypes12onCompletion0K12CancellationQrAA7BindingVySbG_qd__Say22UniformTypeIdentifiers6UTTypeVGys6ResultOySay10Foundation3URLVGs5Error_pGcyyctSlRd__AA21ReferenceFileDocument7ElementRpd__lF::SYNTHESIZED::s:12FinanceKitUI22AddOrderToWalletButtonV	swift.method	["AddOrderToWalletButton","fileExporter(isPresented:documents:contentTypes:onCompletion:onCancellation:)"]	unmatched	none	0	0		[]
s:7SwiftUI4ViewPAAE12fileImporter11isPresented19allowedContentTypes12onCompletionQrAA7BindingVySbG_Say22UniformTypeIdentifiers6UTTypeVGys6ResultOy10Foundation3URLVs5Error_pGctF::SYNTHESIZED::s:12FinanceKitUI17TransactionPickerV	swift.method	["TransactionPicker","fileImporter(isPresented:allowedContentTypes:onCompletion:)"]	unmatched	none	0	0		[]
s:7SwiftUI4ViewPAAE12fileImporter11isPresented19allowedContentTypes12onCompletionQrAA7BindingVySbG_Say22UniformTypeIdentifiers6UTTypeVGys6ResultOy10Foundation3URLVs5Error_pGctF::SYNTHESIZED::s:12FinanceKitUI22AddOrderToWalletButtonV	swift.method	["AddOrderToWalletButton","fileImporter(isPresented:allowedContentTypes:onCompletion:)"]	unmatched	none	0	0		[]
s:7SwiftUI4ViewPAAE12fileImporter11isPresented19allowedContentTypes23allowsMultipleSelection12onCompletion0N12CancellationQrAA7BindingVySbG_Say22UniformTypeIdentifiers6UTTypeVGSbys6ResultOySay10Foundation3URLVGs5Error_pGcyyctF::SYNTHESIZED::s:12FinanceKitUI17TransactionPickerV	swift.method	["TransactionPicker","fileImporter(isPresented:allowedContentTypes:allowsMultipleSelection:onCompletion:onCancellation:)"]	unmatched	none	0	0		[]
s:7SwiftUI4ViewPAAE12fileImporter11isPresented19allowedContentTypes23allowsMultipleSelection12onCompletion0N12CancellationQrAA7BindingVySbG_Say22UniformTypeIdentifiers6UTTypeVGSbys6ResultOySay10Foundation3URLVGs5Error_pGcyyctF::SYNTHESIZED::s:12FinanceKitUI22AddOrderToWalletButtonV	swift.method	["AddOrderToWalletButton","fileImporter(isPresented:allowedContentTypes:allowsMultipleSelection:onCompletion:onCancellation:)"]	unmatched	none	0	0		[]
s:7SwiftUI4ViewPAAE12fileImporter11isPresented19allowedContentTypes23allowsMultipleSelection12onCompletionQrAA7BindingVySbG_Say22UniformTypeIdentifiers6UTTypeVGSbys6ResultOySay10Foundation3URLVGs5Error_pGctF::SYNTHESIZED::s:12FinanceKitUI17TransactionPickerV	swift.method	["TransactionPicker","fileImporter(isPresented:allowedContentTypes:allowsMultipleSelection:onCompletion:)"]	unmatched	none	0	0		[]
s:7SwiftUI4ViewPAAE12fileImporter11isPresented19allowedContentTypes23allowsMultipleSelection12onCompletionQrAA7BindingVySbG_Say22UniformTypeIdentifiers6UTTypeVGSbys6ResultOySay10Foundation3URLVGs5Error_pGctF::SYNTHESIZED::s:12FinanceKitUI22AddOrderToWalletButtonV	swift.method	["AddOrderToWalletButton","fileImporter(isPresented:allowedContentTypes:allowsMultipleSelection:onCompletion:)"]	unmatched	none	0	0		[]
s:7SwiftUI4ViewPAAE12findDisabledyQrSbF::SYNTHESIZED::s:12FinanceKitUI17TransactionPickerV	swift.method	["TransactionPicker","findDisabled(_:)"]	unmatched	none	0	0		[]
s:7SwiftUI4ViewPAAE12findDisabledyQrSbF::SYNTHESIZED::s:12FinanceKitUI22AddOrderToWalletButtonV	swift.method	["AddOrderToWalletButton","findDisabled(_:)"]	unmatched	none	0	0		[]
s:7SwiftUI4ViewPAAE12focusedValueyQrqd__SgRld__C11Observation10ObservableRd__lF::SYNTHESIZED::s:12FinanceKitUI17TransactionPickerV	swift.method	["TransactionPicker","focusedValue(_:)"]	unmatched	none	0	0		[]
s:7SwiftUI4ViewPAAE12focusedValueyQrqd__SgRld__C11Observation10ObservableRd__lF::SYNTHESIZED::s:12FinanceKitUI22AddOrderToWalletButtonV	swift.method	["AddOrderToWalletButton","focusedValue(_:)"]	unmatched	none	0	0		[]
s:7SwiftUI4ViewPAAE12focusedValueyQrs15WritableKeyPathCyAA13FocusedValuesVqd__SgG_AItlF::SYNTHESIZED::s:12FinanceKitUI17TransactionPickerV	swift.method	["TransactionPicker","focusedValue(_:_:)"]	unmatched	none	0	0		[]
s:7SwiftUI4ViewPAAE12focusedValueyQrs15WritableKeyPathCyAA13FocusedValuesVqd__SgG_AItlF::SYNTHESIZED::s:12FinanceKitUI22AddOrderToWalletButtonV	swift.method	["AddOrderToWalletButton","focusedValue(_:_:)"]	unmatched	none	0	0		[]
s:7SwiftUI4ViewPAAE12focusedValueyQrs15WritableKeyPathCyAA13FocusedValuesVqd__SgG_qd__tlF::SYNTHESIZED::s:12FinanceKitUI17TransactionPickerV	swift.method	["TransactionPicker","focusedValue(_:_:)"]	unmatched	none	0	0		[]
s:7SwiftUI4ViewPAAE12focusedValueyQrs15WritableKeyPathCyAA13FocusedValuesVqd__SgG_qd__tlF::SYNTHESIZED::s:12FinanceKitUI22AddOrderToWalletButtonV	swift.method	["AddOrderToWalletButton","focusedValue(_:_:)"]	unmatched	none	0	0		[]
s:7SwiftUI4ViewPAAE12itemProvideryQrSo06NSItemE0CSgycSgF::SYNTHESIZED::s:12FinanceKitUI17TransactionPickerV	swift.method	["TransactionPicker","itemProvider(_:)"]	unmatched	none	0	0		[]
s:7SwiftUI4ViewPAAE12itemProvideryQrSo06NSItemE0CSgycSgF::SYNTHESIZED::s:12FinanceKitUI22AddOrderToWalletButtonV	swift.method	["AddOrderToWalletButton","itemProvider(_:)"]	unmatched	none	0	0		[]
s:7SwiftUI4ViewPAAE12keyboardTypeyQrSo010UIKeyboardE0VF::SYNTHESIZED::s:12FinanceKitUI17TransactionPickerV	swift.method	["TransactionPicker","keyboardType(_:)"]	unmatched	none	0	0		[]
s:7SwiftUI4ViewPAAE12keyboardTypeyQrSo010UIKeyboardE0VF::SYNTHESIZED::s:12FinanceKitUI22AddOrderToWalletButtonV	swift.method	["AddOrderToWalletButton","keyboardType(_:)"]	unmatched	none	0	0		[]
s:7SwiftUI4ViewPAAE12labelsHiddenQryF::SYNTHESIZED::s:12FinanceKitUI17TransactionPickerV	swift.method	["TransactionPicker","labelsHidden()"]	unmatched	none	0	0		[]
s:7SwiftUI4ViewPAAE12labelsHiddenQryF::SYNTHESIZED::s:12FinanceKitUI22AddOrderToWalletButtonV	swift.method	["AddOrderToWalletButton","labelsHidden()"]	unmatched	none	0	0		[]
s:7SwiftUI4ViewPAAE12listItemTintyQrAA04ListeF0VSgF::SYNTHESIZED::s:12FinanceKitUI17TransactionPickerV	swift.method	["TransactionPicker","listItemTint(_:)"]	unmatched	none	0	0		[]
s:7SwiftUI4ViewPAAE12listItemTintyQrAA04ListeF0VSgF::SYNTHESIZED::s:12FinanceKitUI22AddOrderToWalletButtonV	swift.method	["AddOrderToWalletButton","listItemTint(_:)"]	unmatched	none	0	0		[]
s:7SwiftUI4ViewPAAE12listItemTintyQrAA5ColorVSgF::SYNTHESIZED::s:12FinanceKitUI17TransactionPickerV	swift.method	["TransactionPicker","listItemTint(_:)"]	unmatched	none	0	0		[]
s:7SwiftUI4ViewPAAE12listItemTintyQrAA5ColorVSgF::SYNTHESIZED::s:12FinanceKitUI22AddOrderToWalletButtonV	swift.method	["AddOrderToWalletButton","listItemTint(_:)"]	unmatched	none	0	0		[]
s:7SwiftUI4ViewPAAE12moveDisabledyQrSbF::SYNTHESIZED::s:12FinanceKitUI17TransactionPickerV	swift.method	["TransactionPicker","moveDisabled(_:)"]	unmatched	none	0	0		[]
s:7SwiftUI4ViewPAAE12moveDisabledyQrSbF::SYNTHESIZED::s:12FinanceKitUI22AddOrderToWalletButtonV	swift.method	["AddOrderToWalletButton","moveDisabled(_:)"]	unmatched	none	0	0		[]
s:7SwiftUI4ViewPAAE12onTapGesture5count15coordinateSpace7performQrSi_AA010CoordinateI0OySo7CGPointVctF::SYNTHESIZED::s:12FinanceKitUI17TransactionPickerV	swift.method	["TransactionPicker","onTapGesture(count:coordinateSpace:perform:)"]	unmatched	none	0	0		[]
s:7SwiftUI4ViewPAAE12onTapGesture5count15coordinateSpace7performQrSi_AA010CoordinateI0OySo7CGPointVctF::SYNTHESIZED::s:12FinanceKitUI22AddOrderToWalletButtonV	swift.method	["AddOrderToWalletButton","onTapGesture(count:coordinateSpace:perform:)"]	unmatched	none	0	0		[]
s:7SwiftUI4ViewPAAE12onTapGesture5count7performQrSi_yyctF::SYNTHESIZED::s:12FinanceKitUI17TransactionPickerV	swift.method	["TransactionPicker","onTapGesture(count:perform:)"]	unmatched	none	0	0		[]
s:7SwiftUI4ViewPAAE12onTapGesture5count7performQrSi_yyctF::SYNTHESIZED::s:12FinanceKitUI22AddOrderToWalletButtonV	swift.method	["AddOrderToWalletButton","onTapGesture(count:perform:)"]	unmatched	none	0	0		[]
s:7SwiftUI4ViewPAAE12renameActionyQrAA10FocusStateV7BindingVySb_GF::SYNTHESIZED::s:12FinanceKitUI17TransactionPickerV	swift.method	["TransactionPicker","renameAction(_:)"]	unmatched	none	0	0		[]
s:7SwiftUI4ViewPAAE12renameActionyQrAA10FocusStateV7BindingVySb_GF::SYNTHESIZED::s:12FinanceKitUI22AddOrderToWalletButtonV	swift.method	["AddOrderToWalletButton","renameAction(_:)"]	unmatched	none	0	0		[]
s:7SwiftUI4ViewPAAE12renameActionyQryycF::SYNTHESIZED::s:12FinanceKitUI17TransactionPickerV	swift.method	["TransactionPicker","renameAction(_:)"]	unmatched	none	0	0		[]
s:7SwiftUI4ViewPAAE12renameActionyQryycF::SYNTHESIZED::s:12FinanceKitUI22AddOrderToWalletButtonV	swift.method	["AddOrderToWalletButton","renameAction(_:)"]	unmatched	none	0	0		[]
s:7SwiftUI4ViewPAAE12scaledToFillQryF::SYNTHESIZED::s:12FinanceKitUI17TransactionPickerV	swift.method	["TransactionPicker","scaledToFill()"]	unmatched	none	0	0		[]
s:7SwiftUI4ViewPAAE12scaledToFillQryF::SYNTHESIZED::s:12FinanceKitUI22AddOrderToWalletButtonV	swift.method	["AddOrderToWalletButton","scaledToFill()"]	unmatched	none	0	0		[]
s:7SwiftUI4ViewPAAE12scenePadding_5edgesQrAA05SceneE0V_AA4EdgeO3SetVtF::SYNTHESIZED::s:12FinanceKitUI17TransactionPickerV	swift.method	["TransactionPicker","scenePadding(_:edges:)"]	unmatched	none	0	0		[]
s:7SwiftUI4ViewPAAE12scenePadding_5edgesQrAA05SceneE0V_AA4EdgeO3SetVtF::SYNTHESIZED::s:12FinanceKitUI22AddOrderToWalletButtonV	swift.method	["AddOrderToWalletButton","scenePadding(_:edges:)"]	unmatched	none	0	0		[]
s:7SwiftUI4ViewPAAE12scenePaddingyQrAA4EdgeO3SetVF::SYNTHESIZED::s:12FinanceKitUI17TransactionPickerV	swift.method	["TransactionPicker","scenePadding(_:)"]	unmatched	none	0	0		[]
s:7SwiftUI4ViewPAAE12scenePaddingyQrAA4EdgeO3SetVF::SYNTHESIZED::s:12FinanceKitUI22AddOrderToWalletButtonV	swift.method	["AddOrderToWalletButton","scenePadding(_:)"]	unmatched	none	0	0		[]
s:7SwiftUI4ViewPAAE12searchScopes_10activation_QrAA7BindingVyqd__G_AA21SearchScopeActivationVqd_0_yXEtSHRd__AaBRd_0_r0_lF::SYNTHESIZED::s:12FinanceKitUI17TransactionPickerV	swift.method	["TransactionPicker","searchScopes(_:activation:_:)"]	unmatched	none	0	0		[]
s:7SwiftUI4ViewPAAE12searchScopes_10activation_QrAA7BindingVyqd__G_AA21SearchScopeActivationVqd_0_yXEtSHRd__AaBRd_0_r0_lF::SYNTHESIZED::s:12FinanceKitUI22AddOrderToWalletButtonV	swift.method	["AddOrderToWalletButton","searchScopes(_:activation:_:)"]	unmatched	none	0	0		[]
s:7SwiftUI4ViewPAAE12searchScopes_6scopesQrAA7BindingVyqd__G_qd_0_yXEtSHRd__AaBRd_0_r0_lF::SYNTHESIZED::s:12FinanceKitUI17TransactionPickerV	swift.method	["TransactionPicker","searchScopes(_:scopes:)"]	unmatched	none	0	0		[]
s:7SwiftUI4ViewPAAE12searchScopes_6scopesQrAA7BindingVyqd__G_qd_0_yXEtSHRd__AaBRd_0_r0_lF::SYNTHESIZED::s:12FinanceKitUI22AddOrderToWalletButtonV	swift.method	["AddOrderToWalletButton","searchScopes(_:scopes:)"]	unmatched	none	0	0		[]
s:7SwiftUI4ViewPAAE12swipeActions4edge15allowsFullSwipe7contentQrAA14HorizontalEdgeO_Sbqd__yXEtAaBRd__lF::SYNTHESIZED::s:12FinanceKitUI17TransactionPickerV	swift.method	["TransactionPicker","swipeActions(edge:allowsFullSwipe:content:)"]	unmatched	none	0	0		[]
s:7SwiftUI4ViewPAAE12swipeActions4edge15allowsFullSwipe7contentQrAA14HorizontalEdgeO_Sbqd__yXEtAaBRd__lF::SYNTHESIZED::s:12FinanceKitUI22AddOrderToWalletButtonV	swift.method	["AddOrderToWalletButton","swipeActions(edge:allowsFullSwipe:content:)"]	unmatched	none	0	0		[]
s:7SwiftUI4ViewPAAE12symbolEffect_7options5valueQrqd___7Symbols06SymbolE7OptionsVqd_0_tAG08DiscreteiE0Rd__AG0iE0Rd__SQRd_0_r0_lF::SYNTHESIZED::s:12FinanceKitUI17TransactionPickerV	swift.method	["TransactionPicker","symbolEffect(_:options:value:)"]	unmatched	none	0	0		[]
s:7SwiftUI4ViewPAAE12symbolEffect_7options5valueQrqd___7Symbols06SymbolE7OptionsVqd_0_tAG08DiscreteiE0Rd__AG0iE0Rd__SQRd_0_r0_lF::SYNTHESIZED::s:12FinanceKitUI22AddOrderToWalletButtonV	swift.method	["AddOrderToWalletButton","symbolEffect(_:options:value:)"]	unmatched	none	0	0		[]
s:7SwiftUI4ViewPAAE12symbolEffect_7options8isActiveQrqd___7Symbols06SymbolE7OptionsVSbtAG010IndefinitejE0Rd__AG0jE0Rd__lF::SYNTHESIZED::s:12FinanceKitUI17TransactionPickerV	swift.method	["TransactionPicker","symbolEffect(_:options:isActive:)"]	unmatched	none	0	0		[]
s:7SwiftUI4ViewPAAE12symbolEffect_7options8isActiveQrqd___7Symbols06SymbolE7OptionsVSbtAG010IndefinitejE0Rd__AG0jE0Rd__lF::SYNTHESIZED::s:12FinanceKitUI22AddOrderToWalletButtonV	swift.method	["AddOrderToWalletButton","symbolEffect(_:options:isActive:)"]	unmatched	none	0	0		[]
s:7SwiftUI4ViewPAAE12textRendereryQrqd__AA04TextE0Rd__lF::SYNTHESIZED::s:12FinanceKitUI17TransactionPickerV	swift.method	["TransactionPicker","textRenderer(_:)"]	unmatched	none	0	0		[]
s:7SwiftUI4ViewPAAE12textRendereryQrqd__AA04TextE0Rd__lF::SYNTHESIZED::s:12FinanceKitUI22AddOrderToWalletButtonV	swift.method	["AddOrderToWalletButton","textRenderer(_:)"]	unmatched	none	0	0		[]
s:7SwiftUI4ViewPAAE12userActivity_7element_QrSS_qd__Sgyqd___So06NSUserE0CtctlF::SYNTHESIZED::s:12FinanceKitUI17TransactionPickerV	swift.method	["TransactionPicker","userActivity(_:element:_:)"]	unmatched	none	0	0		[]
s:7SwiftUI4ViewPAAE12userActivity_7element_QrSS_qd__Sgyqd___So06NSUserE0CtctlF::SYNTHESIZED::s:12FinanceKitUI22AddOrderToWalletButtonV	swift.method	["AddOrderToWalletButton","userActivity(_:element:_:)"]	unmatched	none	0	0		[]
s:7SwiftUI4ViewPAAE12userActivity_8isActive_QrSS_SbySo06NSUserE0CctF::SYNTHESIZED::s:12FinanceKitUI17TransactionPickerV	swift.method	["TransactionPicker","userActivity(_:isActive:_:)"]	unmatched	none	0	0		[]
s:7SwiftUI4ViewPAAE12userActivity_8isActive_QrSS_SbySo06NSUserE0CctF::SYNTHESIZED::s:12FinanceKitUI22AddOrderToWalletButtonV	swift.method	["AddOrderToWalletButton","userActivity(_:isActive:_:)"]	unmatched	none	0	0		[]
s:7SwiftUI4ViewPAAE12visualEffectyQrqd__AA011EmptyVisualE0V_AA13GeometryProxyVtYbcAA0gE0Rd__lF::SYNTHESIZED::s:12FinanceKitUI17TransactionPickerV	swift.method	["TransactionPicker","visualEffect(_:)"]	unmatched	none	0	0		[]
s:7SwiftUI4ViewPAAE12visualEffectyQrqd__AA011EmptyVisualE0V_AA13GeometryProxyVtYbcAA0gE0Rd__lF::SYNTHESIZED::s:12FinanceKitUI22AddOrderToWalletButtonV	swift.method	["AddOrderToWalletButton","visualEffect(_:)"]	unmatched	none	0	0		[]
s:7SwiftUI4ViewPAAE13accessibility10identifierAA15ModifiedContentVyxAA31AccessibilityAttachmentModifierVGSS_tF::SYNTHESIZED::s:12FinanceKitUI17TransactionPickerV	swift.method	["TransactionPicker","accessibility(identifier:)"]	unmatched	none	0	0		[]
s:7SwiftUI4ViewPAAE13accessibility10identifierAA15ModifiedContentVyxAA31AccessibilityAttachmentModifierVGSS_tF::SYNTHESIZED::s:12FinanceKitUI22AddOrderToWalletButtonV	swift.method	["AddOrderToWalletButton","accessibility(identifier:)"]	unmatched	none	0	0		[]
s:7SwiftUI4ViewPAAE13accessibility11inputLabelsAA15ModifiedContentVyxAA31AccessibilityAttachmentModifierVGSayAA4TextVG_tF::SYNTHESIZED::s:12FinanceKitUI17TransactionPickerV	swift.method	["TransactionPicker","accessibility(inputLabels:)"]	unmatched	none	0	0		[]
s:7SwiftUI4ViewPAAE13accessibility11inputLabelsAA15ModifiedContentVyxAA31AccessibilityAttachmentModifierVGSayAA4TextVG_tF::SYNTHESIZED::s:12FinanceKitUI22AddOrderToWalletButtonV	swift.method	["AddOrderToWalletButton","accessibility(inputLabels:)"]	unmatched	none	0	0		[]
s:7SwiftUI4ViewPAAE13accessibility12removeTraitsAA15ModifiedContentVyxAA31AccessibilityAttachmentModifierVGAA0iF0V_tF::SYNTHESIZED::s:12FinanceKitUI17TransactionPickerV	swift.method	["TransactionPicker","accessibility(removeTraits:)"]	unmatched	none	0	0		[]
s:7SwiftUI4ViewPAAE13accessibility12removeTraitsAA15ModifiedContentVyxAA31AccessibilityAttachmentModifierVGAA0iF0V_tF::SYNTHESIZED::s:12FinanceKitUI22AddOrderToWalletButtonV	swift.method	["AddOrderToWalletButton","accessibility(removeTraits:)"]	unmatched	none	0	0		[]
s:7SwiftUI4ViewPAAE13accessibility12sortPriorityAA15ModifiedContentVyxAA31AccessibilityAttachmentModifierVGSd_tF::SYNTHESIZED::s:12FinanceKitUI17TransactionPickerV	swift.method	["TransactionPicker","accessibility(sortPriority:)"]	unmatched	none	0	0		[]
s:7SwiftUI4ViewPAAE13accessibility12sortPriorityAA15ModifiedContentVyxAA31AccessibilityAttachmentModifierVGSd_tF::SYNTHESIZED::s:12FinanceKitUI22AddOrderToWalletButtonV	swift.method	["AddOrderToWalletButton","accessibility(sortPriority:)"]	unmatched	none	0	0		[]
s:7SwiftUI4ViewPAAE13accessibility15activationPointAA15ModifiedContentVyxAA31AccessibilityAttachmentModifierVGAA04UnitF0V_tF::SYNTHESIZED::s:12FinanceKitUI17TransactionPickerV	swift.method	["TransactionPicker","accessibility(activationPoint:)"]	unmatched	none	0	0		[]
s:7SwiftUI4ViewPAAE13accessibility15activationPointAA15ModifiedContentVyxAA31AccessibilityAttachmentModifierVGAA04UnitF0V_tF::SYNTHESIZED::s:12FinanceKitUI22AddOrderToWalletButtonV	swift.method	["AddOrderToWalletButton","accessibility(activationPoint:)"]	unmatched	none	0	0		[]
s:7SwiftUI4ViewPAAE13accessibility15activationPointAA15ModifiedContentVyxAA31AccessibilityAttachmentModifierVGSo7CGPointV_tF::SYNTHESIZED::s:12FinanceKitUI17TransactionPickerV	swift.method	["TransactionPicker","accessibility(activationPoint:)"]	unmatched	none	0	0		[]
s:7SwiftUI4ViewPAAE13accessibility15activationPointAA15ModifiedContentVyxAA31AccessibilityAttachmentModifierVGSo7CGPointV_tF::SYNTHESIZED::s:12FinanceKitUI22AddOrderToWalletButtonV	swift.method	["AddOrderToWalletButton","accessibility(activationPoint:)"]	unmatched	none	0	0		[]
s:7SwiftUI4ViewPAAE13accessibility19selectionIdentifierAA15ModifiedContentVyxAA31AccessibilityAttachmentModifierVGs11AnyHashableV_tF::SYNTHESIZED::s:12FinanceKitUI17TransactionPickerV	swift.method	["TransactionPicker","accessibility(selectionIdentifier:)"]	unmatched	none	0	0		[]
s:7SwiftUI4ViewPAAE13accessibility19selectionIdentifierAA15ModifiedContentVyxAA31AccessibilityAttachmentModifierVGs11AnyHashableV_tF::SYNTHESIZED::s:12FinanceKitUI22AddOrderToWalletButtonV	swift.method	["AddOrderToWalletButton","accessibility(selectionIdentifier:)"]	unmatched	none	0	0		[]
s:7SwiftUI4ViewPAAE13accessibility4hintAA15ModifiedContentVyxAA31AccessibilityAttachmentModifierVGAA4TextV_tF::SYNTHESIZED::s:12FinanceKitUI17TransactionPickerV	swift.method	["TransactionPicker","accessibility(hint:)"]	unmatched	none	0	0		[]
s:7SwiftUI4ViewPAAE13accessibility4hintAA15ModifiedContentVyxAA31AccessibilityAttachmentModifierVGAA4TextV_tF::SYNTHESIZED::s:12FinanceKitUI22AddOrderToWalletButtonV	swift.method	["AddOrderToWalletButton","accessibility(hint:)"]	unmatched	none	0	0		[]
s:7SwiftUI4ViewPAAE13accessibility5labelAA15ModifiedContentVyxAA31AccessibilityAttachmentModifierVGAA4TextV_tF::SYNTHESIZED::s:12FinanceKitUI17TransactionPickerV	swift.method	["TransactionPicker","accessibility(label:)"]	unmatched	none	0	0		[]
s:7SwiftUI4ViewPAAE13accessibility5labelAA15ModifiedContentVyxAA31AccessibilityAttachmentModifierVGAA4TextV_tF::SYNTHESIZED::s:12FinanceKitUI22AddOrderToWalletButtonV	swift.method	["AddOrderToWalletButton","accessibility(label:)"]	unmatched	none	0	0		[]
s:7SwiftUI4ViewPAAE13accessibility5valueAA15ModifiedContentVyxAA31AccessibilityAttachmentModifierVGAA4TextV_tF::SYNTHESIZED::s:12FinanceKitUI17TransactionPickerV	swift.method	["TransactionPicker","accessibility(value:)"]	unmatched	none	0	0		[]
s:7SwiftUI4ViewPAAE13accessibility5valueAA15ModifiedContentVyxAA31AccessibilityAttachmentModifierVGAA4TextV_tF::SYNTHESIZED::s:12FinanceKitUI22AddOrderToWalletButtonV	swift.method	["AddOrderToWalletButton","accessibility(value:)"]	unmatched	none	0	0		[]
s:7SwiftUI4ViewPAAE13accessibility6hiddenAA15ModifiedContentVyxAA31AccessibilityAttachmentModifierVGSb_tF::SYNTHESIZED::s:12FinanceKitUI17TransactionPickerV	swift.method	["TransactionPicker","accessibility(hidden:)"]	unmatched	none	0	0		[]
s:7SwiftUI4ViewPAAE13accessibility6hiddenAA15ModifiedContentVyxAA31AccessibilityAttachmentModifierVGSb_tF::SYNTHESIZED::s:12FinanceKitUI22AddOrderToWalletButtonV	swift.method	["AddOrderToWalletButton","accessibility(hidden:)"]	unmatched	none	0	0		[]
s:7SwiftUI4ViewPAAE13accessibility9addTraitsAA15ModifiedContentVyxAA31AccessibilityAttachmentModifierVGAA0iF0V_tF::SYNTHESIZED::s:12FinanceKitUI17TransactionPickerV	swift.method	["TransactionPicker","accessibility(addTraits:)"]	unmatched	none	0	0		[]
s:7SwiftUI4ViewPAAE13accessibility9addTraitsAA15ModifiedContentVyxAA31AccessibilityAttachmentModifierVGAA0iF0V_tF::SYNTHESIZED::s:12FinanceKitUI22AddOrderToWalletButtonV	swift.method	["AddOrderToWalletButton","accessibility(addTraits:)"]	unmatched	none	0	0		[]
s:7SwiftUI4ViewPAAE13colorMultiplyyQrAA5ColorVF::SYNTHESIZED::s:12FinanceKitUI17TransactionPickerV	swift.method	["TransactionPicker","colorMultiply(_:)"]	unmatched	none	0	0		[]
s:7SwiftUI4ViewPAAE13colorMultiplyyQrAA5ColorVF::SYNTHESIZED::s:12FinanceKitUI22AddOrderToWalletButtonV	swift.method	["AddOrderToWalletButton","colorMultiply(_:)"]	unmatched	none	0	0		[]
s:7SwiftUI4ViewPAAE13findNavigator11isPresentedQrAA7BindingVySbG_tF::SYNTHESIZED::s:12FinanceKitUI17TransactionPickerV	swift.method	["TransactionPicker","findNavigator(isPresented:)"]	unmatched	none	0	0		[]
s:7SwiftUI4ViewPAAE13findNavigator11isPresentedQrAA7BindingVySbG_tF::SYNTHESIZED::s:12FinanceKitUI22AddOrderToWalletButtonV	swift.method	["AddOrderToWalletButton","findNavigator(isPresented:)"]	unmatched	none	0	0		[]
s:7SwiftUI4ViewPAAE13focusedObjectyQrqd__7Combine010ObservableE0Rd__lF::SYNTHESIZED::s:12FinanceKitUI17TransactionPickerV	swift.method	["TransactionPicker","focusedObject(_:)"]	unmatched	none	0	0		[]
s:7SwiftUI4ViewPAAE13focusedObjectyQrqd__7Combine010ObservableE0Rd__lF::SYNTHESIZED::s:12FinanceKitUI22AddOrderToWalletButtonV	swift.method	["AddOrderToWalletButton","focusedObject(_:)"]	unmatched	none	0	0		[]
s:7SwiftUI4ViewPAAE13focusedObjectyQrqd__Sg7Combine010ObservableE0Rd__lF::SYNTHESIZED::s:12FinanceKitUI17TransactionPickerV	swift.method	["TransactionPicker","focusedObject(_:)"]	unmatched	none	0	0		[]
s:7SwiftUI4ViewPAAE13focusedObjectyQrqd__Sg7Combine010ObservableE0Rd__lF::SYNTHESIZED::s:12FinanceKitUI22AddOrderToWalletButtonV	swift.method	["AddOrderToWalletButton","focusedObject(_:)"]	unmatched	none	0	0		[]
s:7SwiftUI4ViewPAAE13geometryGroupQryF::SYNTHESIZED::s:12FinanceKitUI17TransactionPickerV	swift.method	["TransactionPicker","geometryGroup()"]	unmatched	none	0	0		[]
s:7SwiftUI4ViewPAAE13geometryGroupQryF::SYNTHESIZED::s:12FinanceKitUI22AddOrderToWalletButtonV	swift.method	["AddOrderToWalletButton","geometryGroup()"]	unmatched	none	0	0		[]
s:7SwiftUI4ViewPAAE13glassEffectID_2inQrqd__Sg_AA9NamespaceV0F0VtSHRd__s8SendableRd__lF::SYNTHESIZED::s:12FinanceKitUI17TransactionPickerV	swift.method	["TransactionPicker","glassEffectID(_:in:)"]	unmatched	none	0	0		[]
s:7SwiftUI4ViewPAAE13glassEffectID_2inQrqd__Sg_AA9NamespaceV0F0VtSHRd__s8SendableRd__lF::SYNTHESIZED::s:12FinanceKitUI22AddOrderToWalletButtonV	swift.method	["AddOrderToWalletButton","glassEffectID(_:in:)"]	unmatched	none	0	0		[]
s:7SwiftUI4ViewPAAE13groupBoxStyleyQrqd__AA05GroupeF0Rd__lF::SYNTHESIZED::s:12FinanceKitUI17TransactionPickerV	swift.method	["TransactionPicker","groupBoxStyle(_:)"]	unmatched	none	0	0		[]
s:7SwiftUI4ViewPAAE13groupBoxStyleyQrqd__AA05GroupeF0Rd__lF::SYNTHESIZED::s:12FinanceKitUI22AddOrderToWalletButtonV	swift.method	["AddOrderToWalletButton","groupBoxStyle(_:)"]	unmatched	none	0	0		[]
s:7SwiftUI4ViewPAAE13listRowInsetsyQrAA04EdgeF0VSgF::SYNTHESIZED::s:12FinanceKitUI17TransactionPickerV	swift.method	["TransactionPicker","listRowInsets(_:)"]	unmatched	none	0	0		[]
s:7SwiftUI4ViewPAAE13listRowInsetsyQrAA04EdgeF0VSgF::SYNTHESIZED::s:12FinanceKitUI22AddOrderToWalletButtonV	swift.method	["AddOrderToWalletButton","listRowInsets(_:)"]	unmatched	none	0	0		[]
s:7SwiftUI4ViewPAAE13listRowInsetsyQrAA4EdgeO3SetV_14CoreFoundation7CGFloatVSgtF::SYNTHESIZED::s:12FinanceKitUI17TransactionPickerV	swift.method	["TransactionPicker","listRowInsets(_:_:)"]	unmatched	none	0	0		[]
s:7SwiftUI4ViewPAAE13listRowInsetsyQrAA4EdgeO3SetV_14CoreFoundation7CGFloatVSgtF::SYNTHESIZED::s:12FinanceKitUI22AddOrderToWalletButtonV	swift.method	["AddOrderToWalletButton","listRowInsets(_:_:)"]	unmatched	none	0	0		[]
s:7SwiftUI4ViewPAAE13menuIndicatoryQrAA10VisibilityOF::SYNTHESIZED::s:12FinanceKitUI17TransactionPickerV	swift.method	["TransactionPicker","menuIndicator(_:)"]	unmatched	none	0	0		[]
s:7SwiftUI4ViewPAAE13menuIndicatoryQrAA10VisibilityOF::SYNTHESIZED::s:12FinanceKitUI22AddOrderToWalletButtonV	swift.method	["AddOrderToWalletButton","menuIndicator(_:)"]	unmatched	none	0	0		[]
s:7SwiftUI4ViewPAAE13phaseAnimator_7content9animationQrqd_0__qd_1_AA018PlaceholderContentC0VyxG_qd__tcAA9AnimationVSgqd__ctSQRd__7ElementQyd_0_Rsd__STRd_0_AaBRd_1_r1_lF::SYNTHESIZED::s:12FinanceKitUI17TransactionPickerV	swift.method	["TransactionPicker","phaseAnimator(_:content:animation:)"]	unmatched	none	0	0		[]
s:7SwiftUI4ViewPAAE13phaseAnimator_7content9animationQrqd_0__qd_1_AA018PlaceholderContentC0VyxG_qd__tcAA9AnimationVSgqd__ctSQRd__7ElementQyd_0_Rsd__STRd_0_AaBRd_1_r1_lF::SYNTHESIZED::s:12FinanceKitUI22AddOrderToWalletButtonV	swift.method	["AddOrderToWalletButton","phaseAnimator(_:content:animation:)"]	unmatched	none	0	0		[]
s:7SwiftUI4ViewPAAE13phaseAnimator_7trigger7content9animationQrqd_0__qd_1_qd_2_AA018PlaceholderContentC0VyxG_qd__tcAA9AnimationVSgqd__ctSQRd__7ElementQyd_0_Rsd__STRd_0_SQRd_1_AaBRd_2_r2_lF::SYNTHESIZED::s:12FinanceKitUI17TransactionPickerV	swift.method	["TransactionPicker","phaseAnimator(_:trigger:content:animation:)"]	unmatched	none	0	0		[]
s:7SwiftUI4ViewPAAE13phaseAnimator_7trigger7content9animationQrqd_0__qd_1_qd_2_AA018PlaceholderContentC0VyxG_qd__tcAA9AnimationVSgqd__ctSQRd__7ElementQyd_0_Rsd__STRd_0_SQRd_1_AaBRd_2_r2_lF::SYNTHESIZED::s:12FinanceKitUI22AddOrderToWalletButtonV	swift.method	["AddOrderToWalletButton","phaseAnimator(_:trigger:content:animation:)"]	unmatched	none	0	0		[]
s:7SwiftUI4ViewPAAE13previewDeviceyQrAA07PreviewE0VSgF::SYNTHESIZED::s:12FinanceKitUI17TransactionPickerV	swift.method	["TransactionPicker","previewDevice(_:)"]	unmatched	none	0	0		[]
s:7SwiftUI4ViewPAAE13previewDeviceyQrAA07PreviewE0VSgF::SYNTHESIZED::s:12FinanceKitUI22AddOrderToWalletButtonV	swift.method	["AddOrderToWalletButton","previewDevice(_:)"]	unmatched	none	0	0		[]
s:7SwiftUI4ViewPAAE13previewLayoutyQr21DeveloperToolsSupport07PreviewE0OF::SYNTHESIZED::s:12FinanceKitUI17TransactionPickerV	swift.method	["TransactionPicker","previewLayout(_:)"]	unmatched	none	0	0		[]
s:7SwiftUI4ViewPAAE13previewLayoutyQr21DeveloperToolsSupport07PreviewE0OF::SYNTHESIZED::s:12FinanceKitUI22AddOrderToWalletButtonV	swift.method	["AddOrderToWalletButton","previewLayout(_:)"]	unmatched	none	0	0		[]
s:7SwiftUI4ViewPAAE13safeAreaInset4edge9alignment7spacing7contentQrAA12VerticalEdgeO_AA19HorizontalAlignmentV14CoreFoundation7CGFloatVSgqd__yXEtAaBRd__lF::SYNTHESIZED::s:12FinanceKitUI17TransactionPickerV	swift.method	["TransactionPicker","safeAreaInset(edge:alignment:spacing:content:)"]	unmatched	none	0	0		[]
s:7SwiftUI4ViewPAAE13safeAreaInset4edge9alignment7spacing7contentQrAA12VerticalEdgeO_AA19HorizontalAlignmentV14CoreFoundation7CGFloatVSgqd__yXEtAaBRd__lF::SYNTHESIZED::s:12FinanceKitUI22AddOrderToWalletButtonV	swift.method	["AddOrderToWalletButton","safeAreaInset(edge:alignment:spacing:content:)"]	unmatched	none	0	0		[]
s:7SwiftUI4ViewPAAE13safeAreaInset4edge9alignment7spacing7contentQrAA14HorizontalEdgeO_AA17VerticalAlignmentV14CoreFoundation7CGFloatVSgqd__yXEtAaBRd__lF::SYNTHESIZED::s:12FinanceKitUI17TransactionPickerV	swift.method	["TransactionPicker","safeAreaInset(edge:alignment:spacing:content:)"]	unmatched	none	0	0		[]
s:7SwiftUI4ViewPAAE13safeAreaInset4edge9alignment7spacing7contentQrAA14HorizontalEdgeO_AA17VerticalAlignmentV14CoreFoundation7CGFloatVSgqd__yXEtAaBRd__lF::SYNTHESIZED::s:12FinanceKitUI22AddOrderToWalletButtonV	swift.method	["AddOrderToWalletButton","safeAreaInset(edge:alignment:spacing:content:)"]	unmatched	none	0	0		[]
s:7SwiftUI4ViewPAAE13searchFocused_6equalsQrAA10FocusStateV7BindingVyqd___G_qd__tSHRd__lF::SYNTHESIZED::s:12FinanceKitUI17TransactionPickerV	swift.method	["TransactionPicker","searchFocused(_:equals:)"]	unmatched	none	0	0		[]
s:7SwiftUI4ViewPAAE13searchFocused_6equalsQrAA10FocusStateV7BindingVyqd___G_qd__tSHRd__lF::SYNTHESIZED::s:12FinanceKitUI22AddOrderToWalletButtonV	swift.method	["AddOrderToWalletButton","searchFocused(_:equals:)"]	unmatched	none	0	0		[]
s:7SwiftUI4ViewPAAE13searchFocusedyQrAA10FocusStateV7BindingVySb_GF::SYNTHESIZED::s:12FinanceKitUI17TransactionPickerV	swift.method	["TransactionPicker","searchFocused(_:)"]	unmatched	none	0	0		[]
s:7SwiftUI4ViewPAAE13searchFocusedyQrAA10FocusStateV7BindingVySb_GF::SYNTHESIZED::s:12FinanceKitUI22AddOrderToWalletButtonV	swift.method	["AddOrderToWalletButton","searchFocused(_:)"]	unmatched	none	0	0		[]
s:7SwiftUI4ViewPAAE13strikethrough_7pattern5colorQrSb_AA4TextV9LineStyleV7PatternVAA5ColorVSgtF::SYNTHESIZED::s:12FinanceKitUI17TransactionPickerV	swift.method	["TransactionPicker","strikethrough(_:pattern:color:)"]	unmatched	none	0	0		[]
s:7SwiftUI4ViewPAAE13strikethrough_7pattern5colorQrSb_AA4TextV9LineStyleV7PatternVAA5ColorVSgtF::SYNTHESIZED::s:12FinanceKitUI22AddOrderToWalletButtonV	swift.method	["AddOrderToWalletButton","strikethrough(_:pattern:color:)"]	unmatched	none	0	0		[]
s:7SwiftUI4ViewPAAE13symbolVariantyQrAA14SymbolVariantsVF::SYNTHESIZED::s:12FinanceKitUI17TransactionPickerV	swift.method	["TransactionPicker","symbolVariant(_:)"]	unmatched	none	0	0		[]
s:7SwiftUI4ViewPAAE13symbolVariantyQrAA14SymbolVariantsVF::SYNTHESIZED::s:12FinanceKitUI22AddOrderToWalletButtonV	swift.method	["AddOrderToWalletButton","symbolVariant(_:)"]	unmatched	none	0	0		[]
s:7SwiftUI4ViewPAAE13textSelectionyQrqd__AA17TextSelectabilityRd__lF::SYNTHESIZED::s:12FinanceKitUI17TransactionPickerV	swift.method	["TransactionPicker","textSelection(_:)"]	unmatched	none	0	0		[]
s:7SwiftUI4ViewPAAE13textSelectionyQrqd__AA17TextSelectabilityRd__lF::SYNTHESIZED::s:12FinanceKitUI22AddOrderToWalletButtonV	swift.method	["AddOrderToWalletButton","textSelection(_:)"]	unmatched	none	0	0		[]
s:7SwiftUI4ViewPAAE14alignmentGuide_12computeValueQrAA17VerticalAlignmentV_14CoreFoundation7CGFloatVAA0C10DimensionsVctF::SYNTHESIZED::s:12FinanceKitUI17TransactionPickerV	swift.method	["TransactionPicker","alignmentGuide(_:computeValue:)"]	unmatched	none	0	0		[]
s:7SwiftUI4ViewPAAE14alignmentGuide_12computeValueQrAA17VerticalAlignmentV_14CoreFoundation7CGFloatVAA0C10DimensionsVctF::SYNTHESIZED::s:12FinanceKitUI22AddOrderToWalletButtonV	swift.method	["AddOrderToWalletButton","alignmentGuide(_:computeValue:)"]	unmatched	none	0	0		[]
s:7SwiftUI4ViewPAAE14alignmentGuide_12computeValueQrAA19HorizontalAlignmentV_14CoreFoundation7CGFloatVAA0C10DimensionsVctF::SYNTHESIZED::s:12FinanceKitUI17TransactionPickerV	swift.method	["TransactionPicker","alignmentGuide(_:computeValue:)"]	unmatched	none	0	0		[]
s:7SwiftUI4ViewPAAE14alignmentGuide_12computeValueQrAA19HorizontalAlignmentV_14CoreFoundation7CGFloatVAA0C10DimensionsVctF::SYNTHESIZED::s:12FinanceKitUI22AddOrderToWalletButtonV	swift.method	["AddOrderToWalletButton","alignmentGuide(_:computeValue:)"]	unmatched	none	0	0		[]
s:7SwiftUI4ViewPAAE14baselineOffsetyQr14CoreFoundation7CGFloatVF::SYNTHESIZED::s:12FinanceKitUI17TransactionPickerV	swift.method	["TransactionPicker","baselineOffset(_:)"]	unmatched	none	0	0		[]
s:7SwiftUI4ViewPAAE14baselineOffsetyQr14CoreFoundation7CGFloatVF::SYNTHESIZED::s:12FinanceKitUI22AddOrderToWalletButtonV	swift.method	["AddOrderToWalletButton","baselineOffset(_:)"]	unmatched	none	0	0		[]
s:7SwiftUI4ViewPAAE14containerShapeyQrqd__AA010InsettableE0Rd__lF::SYNTHESIZED::s:12FinanceKitUI17TransactionPickerV	swift.method	["TransactionPicker","containerShape(_:)"]	unmatched	none	0	0		[]
s:7SwiftUI4ViewPAAE14containerShapeyQrqd__AA010InsettableE0Rd__lF::SYNTHESIZED::s:12FinanceKitUI22AddOrderToWalletButtonV	swift.method	["AddOrderToWalletButton","containerShape(_:)"]	unmatched	none	0	0		[]
s:7SwiftUI4ViewPAAE14containerShapeyQrqd__AA018RoundedRectangularE0Rd__lF::SYNTHESIZED::s:12FinanceKitUI17TransactionPickerV	swift.method	["TransactionPicker","containerShape(_:)"]	unmatched	none	0	0		[]
s:7SwiftUI4ViewPAAE14containerShapeyQrqd__AA018RoundedRectangularE0Rd__lF::SYNTHESIZED::s:12FinanceKitUI22AddOrderToWalletButtonV	swift.method	["AddOrderToWalletButton","containerShape(_:)"]	unmatched	none	0	0		[]
s:7SwiftUI4ViewPAAE14containerValueyQrs15WritableKeyPathCyAA15ContainerValuesVqd__G_qd__tlF::SYNTHESIZED::s:12FinanceKitUI17TransactionPickerV	swift.method	["TransactionPicker","containerValue(_:_:)"]	unmatched	none	0	0		[]
s:7SwiftUI4ViewPAAE14containerValueyQrs15WritableKeyPathCyAA15ContainerValuesVqd__G_qd__tlF::SYNTHESIZED::s:12FinanceKitUI22AddOrderToWalletButtonV	swift.method	["AddOrderToWalletButton","containerValue(_:_:)"]	unmatched	none	0	0		[]
s:7SwiftUI4ViewPAAE14contentMargins_3forQr14CoreFoundation7CGFloatV_AA22ContentMarginPlacementVtF::SYNTHESIZED::s:12FinanceKitUI17TransactionPickerV	swift.method	["TransactionPicker","contentMargins(_:for:)"]	unmatched	none	0	0		[]
s:7SwiftUI4ViewPAAE14contentMargins_3forQr14CoreFoundation7CGFloatV_AA22ContentMarginPlacementVtF::SYNTHESIZED::s:12FinanceKitUI22AddOrderToWalletButtonV	swift.method	["AddOrderToWalletButton","contentMargins(_:for:)"]	unmatched	none	0	0		[]
s:7SwiftUI4ViewPAAE14contentMargins__3forQrAA4EdgeO3SetV_14CoreFoundation7CGFloatVSgAA22ContentMarginPlacementVtF::SYNTHESIZED::s:12FinanceKitUI17TransactionPickerV	swift.method	["TransactionPicker","contentMargins(_:_:for:)"]	unmatched	none	0	0		[]
s:7SwiftUI4ViewPAAE14contentMargins__3forQrAA4EdgeO3SetV_14CoreFoundation7CGFloatVSgAA22ContentMarginPlacementVtF::SYNTHESIZED::s:12FinanceKitUI22AddOrderToWalletButtonV	swift.method	["AddOrderToWalletButton","contentMargins(_:_:for:)"]	unmatched	none	0	0		[]
s:7SwiftUI4ViewPAAE14contentMargins__3forQrAA4EdgeO3SetV_AA0G6InsetsVAA22ContentMarginPlacementVtF::SYNTHESIZED::s:12FinanceKitUI17TransactionPickerV	swift.method	["TransactionPicker","contentMargins(_:_:for:)"]	unmatched	none	0	0		[]
s:7SwiftUI4ViewPAAE14contentMargins__3forQrAA4EdgeO3SetV_AA0G6InsetsVAA22ContentMarginPlacementVtF::SYNTHESIZED::s:12FinanceKitUI22AddOrderToWalletButtonV	swift.method	["AddOrderToWalletButton","contentMargins(_:_:for:)"]	unmatched	none	0	0		[]
s:7SwiftUI4ViewPAAE14contentToolbar3for0D0QrAA07ContentE9PlacementV_qd__yXEtAA0eG0Rd__lF::SYNTHESIZED::s:12FinanceKitUI17TransactionPickerV	swift.method	["TransactionPicker","contentToolbar(for:content:)"]	unmatched	none	0	0		[]
s:7SwiftUI4ViewPAAE14contentToolbar3for0D0QrAA07ContentE9PlacementV_qd__yXEtAA0eG0Rd__lF::SYNTHESIZED::s:12FinanceKitUI22AddOrderToWalletButtonV	swift.method	["AddOrderToWalletButton","contentToolbar(for:content:)"]	unmatched	none	0	0		[]
s:7SwiftUI4ViewPAAE14contentToolbar3for0D0QrAA07ContentE9PlacementV_qd__yXEtAaBRd__lF::SYNTHESIZED::s:12FinanceKitUI17TransactionPickerV	swift.method	["TransactionPicker","contentToolbar(for:content:)"]	unmatched	none	0	0		[]
s:7SwiftUI4ViewPAAE14contentToolbar3for0D0QrAA07ContentE9PlacementV_qd__yXEtAaBRd__lF::SYNTHESIZED::s:12FinanceKitUI22AddOrderToWalletButtonV	swift.method	["AddOrderToWalletButton","contentToolbar(for:content:)"]	unmatched	none	0	0		[]
s:7SwiftUI4ViewPAAE14deleteDisabledyQrSbF::SYNTHESIZED::s:12FinanceKitUI17TransactionPickerV	swift.method	["TransactionPicker","deleteDisabled(_:)"]	unmatched	none	0	0		[]
s:7SwiftUI4ViewPAAE14deleteDisabledyQrSbF::SYNTHESIZED::s:12FinanceKitUI22AddOrderToWalletButtonV	swift.method	["AddOrderToWalletButton","deleteDisabled(_:)"]	unmatched	none	0	0		[]
s:7SwiftUI4ViewPAAE14gridCellAnchoryQrAA9UnitPointVF::SYNTHESIZED::s:12FinanceKitUI17TransactionPickerV	swift.method	["TransactionPicker","gridCellAnchor(_:)"]	unmatched	none	0	0		[]
s:7SwiftUI4ViewPAAE14gridCellAnchoryQrAA9UnitPointVF::SYNTHESIZED::s:12FinanceKitUI22AddOrderToWalletButtonV	swift.method	["AddOrderToWalletButton","gridCellAnchor(_:)"]	unmatched	none	0	0		[]
s:7SwiftUI4ViewPAAE14layoutPriorityyQrSdF::SYNTHESIZED::s:12FinanceKitUI17TransactionPickerV	swift.method	["TransactionPicker","layoutPriority(_:)"]	unmatched	none	0	0		[]
s:7SwiftUI4ViewPAAE14layoutPriorityyQrSdF::SYNTHESIZED::s:12FinanceKitUI22AddOrderToWalletButtonV	swift.method	["AddOrderToWalletButton","layoutPriority(_:)"]	unmatched	none	0	0		[]
s:7SwiftUI4ViewPAAE14listRowSpacingyQr14CoreFoundation7CGFloatVSgF::SYNTHESIZED::s:12FinanceKitUI17TransactionPickerV	swift.method	["TransactionPicker","listRowSpacing(_:)"]	unmatched	none	0	0		[]
s:7SwiftUI4ViewPAAE14listRowSpacingyQr14CoreFoundation7CGFloatVSgF::SYNTHESIZED::s:12FinanceKitUI22AddOrderToWalletButtonV	swift.method	["AddOrderToWalletButton","listRowSpacing(_:)"]	unmatched	none	0	0		[]
s:7SwiftUI4ViewPAAE14previewContextyQrqd__AA07PreviewE0Rd__lF::SYNTHESIZED::s:12FinanceKitUI17TransactionPickerV	swift.method	["TransactionPicker","previewContext(_:)"]	unmatched	none	0	0		[]
s:7SwiftUI4ViewPAAE14previewContextyQrqd__AA07PreviewE0Rd__lF::SYNTHESIZED::s:12FinanceKitUI22AddOrderToWalletButtonV	swift.method	["AddOrderToWalletButton","previewContext(_:)"]	unmatched	none	0	0		[]
s:7SwiftUI4ViewPAAE14rotationEffect_6anchorQrAA5AngleV_AA9UnitPointVtF::SYNTHESIZED::s:12FinanceKitUI17TransactionPickerV	swift.method	["TransactionPicker","rotationEffect(_:anchor:)"]	unmatched	none	0	0		[]
s:7SwiftUI4ViewPAAE14rotationEffect_6anchorQrAA5AngleV_AA9UnitPointVtF::SYNTHESIZED::s:12FinanceKitUI22AddOrderToWalletButtonV	swift.method	["AddOrderToWalletButton","rotationEffect(_:anchor:)"]	unmatched	none	0	0		[]
s:7SwiftUI4ViewPAAE14scrollDisabledyQrSbF::SYNTHESIZED::s:12FinanceKitUI17TransactionPickerV	swift.method	["TransactionPicker","scrollDisabled(_:)"]	unmatched	none	0	0		[]
s:7SwiftUI4ViewPAAE14scrollDisabledyQrSbF::SYNTHESIZED::s:12FinanceKitUI22AddOrderToWalletButtonV	swift.method	["AddOrderToWalletButton","scrollDisabled(_:)"]	unmatched	none	0	0		[]
s:7SwiftUI4ViewPAAE14scrollPosition2id6anchorQrAA7BindingVyqd__SgG_AA9UnitPointVSgtSHRd__lF::SYNTHESIZED::s:12FinanceKitUI17TransactionPickerV	swift.method	["TransactionPicker","scrollPosition(id:anchor:)"]	unmatched	none	0	0		[]
s:7SwiftUI4ViewPAAE14scrollPosition2id6anchorQrAA7BindingVyqd__SgG_AA9UnitPointVSgtSHRd__lF::SYNTHESIZED::s:12FinanceKitUI22AddOrderToWalletButtonV	swift.method	["AddOrderToWalletButton","scrollPosition(id:anchor:)"]	unmatched	none	0	0		[]
s:7SwiftUI4ViewPAAE14scrollPosition_6anchorQrAA7BindingVyAA06ScrollE0VG_AA9UnitPointVSgtF::SYNTHESIZED::s:12FinanceKitUI17TransactionPickerV	swift.method	["TransactionPicker","scrollPosition(_:anchor:)"]	unmatched	none	0	0		[]
s:7SwiftUI4ViewPAAE14scrollPosition_6anchorQrAA7BindingVyAA06ScrollE0VG_AA9UnitPointVSgtF::SYNTHESIZED::s:12FinanceKitUI22AddOrderToWalletButtonV	swift.method	["AddOrderToWalletButton","scrollPosition(_:anchor:)"]	unmatched	none	0	0		[]
s:7SwiftUI4ViewPAAE14sectionActions7contentQrqd__yXE_tAaBRd__lF::SYNTHESIZED::s:12FinanceKitUI17TransactionPickerV	swift.method	["TransactionPicker","sectionActions(content:)"]	unmatched	none	0	0		[]
s:7SwiftUI4ViewPAAE14sectionActions7contentQrqd__yXE_tAaBRd__lF::SYNTHESIZED::s:12FinanceKitUI22AddOrderToWalletButtonV	swift.method	["AddOrderToWalletButton","sectionActions(content:)"]	unmatched	none	0	0		[]
s:7SwiftUI4ViewPAAE14textFieldStyleyQrqd__AA04TexteF0Rd__lF::SYNTHESIZED::s:12FinanceKitUI17TransactionPickerV	swift.method	["TransactionPicker","textFieldStyle(_:)"]	unmatched	none	0	0		[]
s:7SwiftUI4ViewPAAE14textFieldStyleyQrqd__AA04TexteF0Rd__lF::SYNTHESIZED::s:12FinanceKitUI22AddOrderToWalletButtonV	swift.method	["AddOrderToWalletButton","textFieldStyle(_:)"]	unmatched	none	0	0		[]
s:7SwiftUI4ViewPAAE14truncationModeyQrAA4TextV010TruncationE0OF::SYNTHESIZED::s:12FinanceKitUI17TransactionPickerV	swift.method	["TransactionPicker","truncationMode(_:)"]	unmatched	none	0	0		[]
s:7SwiftUI4ViewPAAE14truncationModeyQrAA4TextV010TruncationE0OF::SYNTHESIZED::s:12FinanceKitUI22AddOrderToWalletButtonV	swift.method	["AddOrderToWalletButton","truncationMode(_:)"]	unmatched	none	0	0		[]
s:7SwiftUI4ViewPAAE15backgroundStyleyQrqd__AA05ShapeE0Rd__lF::SYNTHESIZED::s:12FinanceKitUI17TransactionPickerV	swift.method	["TransactionPicker","backgroundStyle(_:)"]	unmatched	none	0	0		[]
s:7SwiftUI4ViewPAAE15backgroundStyleyQrqd__AA05ShapeE0Rd__lF::SYNTHESIZED::s:12FinanceKitUI22AddOrderToWalletButtonV	swift.method	["AddOrderToWalletButton","backgroundStyle(_:)"]	unmatched	none	0	0		[]
s:7SwiftUI4ViewPAAE15badgeProminenceyQrAA05BadgeE0VF::SYNTHESIZED::s:12FinanceKitUI17TransactionPickerV	swift.method	["TransactionPicker","badgeProminence(_:)"]	unmatched	none	0	0		[]
s:7SwiftUI4ViewPAAE15badgeProminenceyQrAA05BadgeE0VF::SYNTHESIZED::s:12FinanceKitUI22AddOrderToWalletButtonV	swift.method	["AddOrderToWalletButton","badgeProminence(_:)"]	unmatched	none	0	0		[]
s:7SwiftUI4ViewPAAE15coordinateSpace4nameQrqd___tSHRd__lF::SYNTHESIZED::s:12FinanceKitUI17TransactionPickerV	swift.method	["TransactionPicker","coordinateSpace(name:)"]	unmatched	none	0	0		[]
s:7SwiftUI4ViewPAAE15coordinateSpace4nameQrqd___tSHRd__lF::SYNTHESIZED::s:12FinanceKitUI22AddOrderToWalletButtonV	swift.method	["AddOrderToWalletButton","coordinateSpace(name:)"]	unmatched	none	0	0		[]
s:7SwiftUI4ViewPAAE15coordinateSpaceyQrAA015NamedCoordinateE0VF::SYNTHESIZED::s:12FinanceKitUI17TransactionPickerV	swift.method	["TransactionPicker","coordinateSpace(_:)"]	unmatched	none	0	0		[]
s:7SwiftUI4ViewPAAE15coordinateSpaceyQrAA015NamedCoordinateE0VF::SYNTHESIZED::s:12FinanceKitUI22AddOrderToWalletButtonV	swift.method	["AddOrderToWalletButton","coordinateSpace(_:)"]	unmatched	none	0	0		[]
s:7SwiftUI4ViewPAAE15datePickerStyleyQrqd__AA04DateeF0Rd__lF::SYNTHESIZED::s:12FinanceKitUI17TransactionPickerV	swift.method	["TransactionPicker","datePickerStyle(_:)"]	unmatched	none	0	0		[]
s:7SwiftUI4ViewPAAE15datePickerStyleyQrqd__AA04DateeF0Rd__lF::SYNTHESIZED::s:12FinanceKitUI22AddOrderToWalletButtonV	swift.method	["AddOrderToWalletButton","datePickerStyle(_:)"]	unmatched	none	0	0		[]
s:7SwiftUI4ViewPAAE15dropDestination3for6action10isTargetedQrqd__m_SbSayqd__G_So7CGPointVtcySbct16CoreTransferable0L0Rd__lF::SYNTHESIZED::s:12FinanceKitUI17TransactionPickerV	swift.method	["TransactionPicker","dropDestination(for:action:isTargeted:)"]	unmatched	none	0	0		[]
s:7SwiftUI4ViewPAAE15dropDestination3for6action10isTargetedQrqd__m_SbSayqd__G_So7CGPointVtcySbct16CoreTransferable0L0Rd__lF::SYNTHESIZED::s:12FinanceKitUI22AddOrderToWalletButtonV	swift.method	["AddOrderToWalletButton","dropDestination(for:action:isTargeted:)"]	unmatched	none	0	0		[]
s:7SwiftUI4ViewPAAE15dropDestination3for9isEnabled6actionQrqd__m_SbySayqd__G_AA11DropSessionVtct16CoreTransferable0M0Rd__lF::SYNTHESIZED::s:12FinanceKitUI17TransactionPickerV	swift.method	["TransactionPicker","dropDestination(for:isEnabled:action:)"]	unmatched	none	0	0		[]
s:7SwiftUI4ViewPAAE15dropDestination3for9isEnabled6actionQrqd__m_SbySayqd__G_AA11DropSessionVtct16CoreTransferable0M0Rd__lF::SYNTHESIZED::s:12FinanceKitUI22AddOrderToWalletButtonV	swift.method	["AddOrderToWalletButton","dropDestination(for:isEnabled:action:)"]	unmatched	none	0	0		[]
s:7SwiftUI4ViewPAAE15dynamicTypeSizeyQrAA07DynamiceF0OF::SYNTHESIZED::s:12FinanceKitUI17TransactionPickerV	swift.method	["TransactionPicker","dynamicTypeSize(_:)"]	unmatched	none	0	0		[]
s:7SwiftUI4ViewPAAE15dynamicTypeSizeyQrAA07DynamiceF0OF::SYNTHESIZED::s:12FinanceKitUI22AddOrderToWalletButtonV	swift.method	["AddOrderToWalletButton","dynamicTypeSize(_:)"]	unmatched	none	0	0		[]
s:7SwiftUI4ViewPAAE15dynamicTypeSizeyQrqd__SXRd__AA07DynamiceF0O5BoundRtd__lF::SYNTHESIZED::s:12FinanceKitUI17TransactionPickerV	swift.method	["TransactionPicker","dynamicTypeSize(_:)"]	unmatched	none	0	0		[]
s:7SwiftUI4ViewPAAE15dynamicTypeSizeyQrqd__SXRd__AA07DynamiceF0O5BoundRtd__lF::SYNTHESIZED::s:12FinanceKitUI22AddOrderToWalletButtonV	swift.method	["AddOrderToWalletButton","dynamicTypeSize(_:)"]	unmatched	none	0	0		[]
s:7SwiftUI4ViewPAAE15foregroundColoryQrAA0E0VSgF::SYNTHESIZED::s:12FinanceKitUI17TransactionPickerV	swift.method	["TransactionPicker","foregroundColor(_:)"]	unmatched	none	0	0		[]
s:7SwiftUI4ViewPAAE15foregroundColoryQrAA0E0VSgF::SYNTHESIZED::s:12FinanceKitUI22AddOrderToWalletButtonV	swift.method	["AddOrderToWalletButton","foregroundColor(_:)"]	unmatched	none	0	0		[]
s:7SwiftUI4ViewPAAE15foregroundStyleyQrqd__AA05ShapeE0Rd__lF::SYNTHESIZED::s:12FinanceKitUI17TransactionPickerV	swift.method	["TransactionPicker","foregroundStyle(_:)"]	unmatched	none	0	0		[]
s:7SwiftUI4ViewPAAE15foregroundStyleyQrqd__AA05ShapeE0Rd__lF::SYNTHESIZED::s:12FinanceKitUI22AddOrderToWalletButtonV	swift.method	["AddOrderToWalletButton","foregroundStyle(_:)"]	unmatched	none	0	0		[]
s:7SwiftUI4ViewPAAE15foregroundStyleyQrqd___qd_0_qd_1_tAA05ShapeE0Rd__AaERd_0_AaERd_1_r1_lF::SYNTHESIZED::s:12FinanceKitUI17TransactionPickerV	swift.method	["TransactionPicker","foregroundStyle(_:_:_:)"]	unmatched	none	0	0		[]
s:7SwiftUI4ViewPAAE15foregroundStyleyQrqd___qd_0_qd_1_tAA05ShapeE0Rd__AaERd_0_AaERd_1_r1_lF::SYNTHESIZED::s:12FinanceKitUI22AddOrderToWalletButtonV	swift.method	["AddOrderToWalletButton","foregroundStyle(_:_:_:)"]	unmatched	none	0	0		[]
s:7SwiftUI4ViewPAAE15foregroundStyleyQrqd___qd_0_tAA05ShapeE0Rd__AaERd_0_r0_lF::SYNTHESIZED::s:12FinanceKitUI17TransactionPickerV	swift.method	["TransactionPicker","foregroundStyle(_:_:)"]	unmatched	none	0	0		[]
s:7SwiftUI4ViewPAAE15foregroundStyleyQrqd___qd_0_tAA05ShapeE0Rd__AaERd_0_r0_lF::SYNTHESIZED::s:12FinanceKitUI22AddOrderToWalletButtonV	swift.method	["AddOrderToWalletButton","foregroundStyle(_:_:)"]	unmatched	none	0	0		[]
s:7SwiftUI4ViewPAAE15fullScreenCover11isPresented9onDismiss7contentQrAA7BindingVySbG_yycSgqd__yctAaBRd__lF::SYNTHESIZED::s:12FinanceKitUI17TransactionPickerV	swift.method	["TransactionPicker","fullScreenCover(isPresented:onDismiss:content:)"]	unmatched	none	0	0		[]
s:7SwiftUI4ViewPAAE15fullScreenCover11isPresented9onDismiss7contentQrAA7BindingVySbG_yycSgqd__yctAaBRd__lF::SYNTHESIZED::s:12FinanceKitUI22AddOrderToWalletButtonV	swift.method	["AddOrderToWalletButton","fullScreenCover(isPresented:onDismiss:content:)"]	unmatched	none	0	0		[]
s:7SwiftUI4ViewPAAE15fullScreenCover4item9onDismiss7contentQrAA7BindingVyqd__SgG_yycSgqd_0_qd__cts12IdentifiableRd__AaBRd_0_r0_lF::SYNTHESIZED::s:12FinanceKitUI17TransactionPickerV	swift.method	["TransactionPicker","fullScreenCover(item:onDismiss:content:)"]	unmatched	none	0	0		[]
s:7SwiftUI4ViewPAAE15fullScreenCover4item9onDismiss7contentQrAA7BindingVyqd__SgG_yycSgqd_0_qd__cts12IdentifiableRd__AaBRd_0_r0_lF::SYNTHESIZED::s:12FinanceKitUI22AddOrderToWalletButtonV	swift.method	["AddOrderToWalletButton","fullScreenCover(item:onDismiss:content:)"]	unmatched	none	0	0		[]
s:7SwiftUI4ViewPAAE15gridCellColumnsyQrSiF::SYNTHESIZED::s:12FinanceKitUI17TransactionPickerV	swift.method	["TransactionPicker","gridCellColumns(_:)"]	unmatched	none	0	0		[]
s:7SwiftUI4ViewPAAE15gridCellColumnsyQrSiF::SYNTHESIZED::s:12FinanceKitUI22AddOrderToWalletButtonV	swift.method	["AddOrderToWalletButton","gridCellColumns(_:)"]	unmatched	none	0	0		[]
s:7SwiftUI4ViewPAAE15ignoresSafeArea_5edgesQrAA0eF7RegionsV_AA4EdgeO3SetVtF::SYNTHESIZED::s:12FinanceKitUI17TransactionPickerV	swift.method	["TransactionPicker","ignoresSafeArea(_:edges:)"]	unmatched	none	0	0		[]
s:7SwiftUI4ViewPAAE15ignoresSafeArea_5edgesQrAA0eF7RegionsV_AA4EdgeO3SetVtF::SYNTHESIZED::s:12FinanceKitUI22AddOrderToWalletButtonV	swift.method	["AddOrderToWalletButton","ignoresSafeArea(_:edges:)"]	unmatched	none	0	0		[]
s:7SwiftUI4ViewPAAE15monospacedDigitQryF::SYNTHESIZED::s:12FinanceKitUI17TransactionPickerV	swift.method	["TransactionPicker","monospacedDigit()"]	unmatched	none	0	0		[]
s:7SwiftUI4ViewPAAE15monospacedDigitQryF::SYNTHESIZED::s:12FinanceKitUI22AddOrderToWalletButtonV	swift.method	["AddOrderToWalletButton","monospacedDigit()"]	unmatched	none	0	0		[]
s:7SwiftUI4ViewPAAE15navigationTitleyQr10Foundation23LocalizedStringResourceVF::SYNTHESIZED::s:12FinanceKitUI17TransactionPickerV	swift.method	["TransactionPicker","navigationTitle(_:)"]	unmatched	none	0	0		[]
s:7SwiftUI4ViewPAAE15navigationTitleyQr10Foundation23LocalizedStringResourceVF::SYNTHESIZED::s:12FinanceKitUI22AddOrderToWalletButtonV	swift.method	["AddOrderToWalletButton","navigationTitle(_:)"]	unmatched	none	0	0		[]
s:7SwiftUI4ViewPAAE15navigationTitleyQrAA18LocalizedStringKeyVF::SYNTHESIZED::s:12FinanceKitUI17TransactionPickerV	swift.method	["TransactionPicker","navigationTitle(_:)"]	unmatched	none	0	0		[]
s:7SwiftUI4ViewPAAE15navigationTitleyQrAA18LocalizedStringKeyVF::SYNTHESIZED::s:12FinanceKitUI22AddOrderToWalletButtonV	swift.method	["AddOrderToWalletButton","navigationTitle(_:)"]	unmatched	none	0	0		[]
s:7SwiftUI4ViewPAAE15navigationTitleyQrAA4TextVF::SYNTHESIZED::s:12FinanceKitUI17TransactionPickerV	swift.method	["TransactionPicker","navigationTitle(_:)"]	unmatched	none	0	0		[]
s:7SwiftUI4ViewPAAE15navigationTitleyQrAA4TextVF::SYNTHESIZED::s:12FinanceKitUI22AddOrderToWalletButtonV	swift.method	["AddOrderToWalletButton","navigationTitle(_:)"]	unmatched	none	0	0		[]
s:7SwiftUI4ViewPAAE15navigationTitleyQrAA7BindingVySSGF::SYNTHESIZED::s:12FinanceKitUI17TransactionPickerV	swift.method	["TransactionPicker","navigationTitle(_:)"]	unmatched	none	0	0		[]
s:7SwiftUI4ViewPAAE15navigationTitleyQrAA7BindingVySSGF::SYNTHESIZED::s:12FinanceKitUI22AddOrderToWalletButtonV	swift.method	["AddOrderToWalletButton","navigationTitle(_:)"]	unmatched	none	0	0		[]
s:7SwiftUI4ViewPAAE15navigationTitleyQrqd__SyRd__lF::SYNTHESIZED::s:12FinanceKitUI17TransactionPickerV	swift.method	["TransactionPicker","navigationTitle(_:)"]	unmatched	none	0	0		[]
s:7SwiftUI4ViewPAAE15navigationTitleyQrqd__SyRd__lF::SYNTHESIZED::s:12FinanceKitUI22AddOrderToWalletButtonV	swift.method	["AddOrderToWalletButton","navigationTitle(_:)"]	unmatched	none	0	0		[]
s:7SwiftUI4ViewPAAE15navigationTitleyQrqd__yXEAaBRd__lF::SYNTHESIZED::s:12FinanceKitUI17TransactionPickerV	swift.method	["TransactionPicker","navigationTitle(_:)"]	unmatched	none	0	0		[]
s:7SwiftUI4ViewPAAE15navigationTitleyQrqd__yXEAaBRd__lF::SYNTHESIZED::s:12FinanceKitUI22AddOrderToWalletButtonV	swift.method	["AddOrderToWalletButton","navigationTitle(_:)"]	unmatched	none	0	0		[]
s:7SwiftUI4ViewPAAE15onPencilSqueeze7performQryAA0eF12GesturePhaseOc_tF::SYNTHESIZED::s:12FinanceKitUI17TransactionPickerV	swift.method	["TransactionPicker","onPencilSqueeze(perform:)"]	unmatched	none	0	0		[]
s:7SwiftUI4ViewPAAE15onPencilSqueeze7performQryAA0eF12GesturePhaseOc_tF::SYNTHESIZED::s:12FinanceKitUI22AddOrderToWalletButtonV	swift.method	["AddOrderToWalletButton","onPencilSqueeze(perform:)"]	unmatched	none	0	0		[]
s:7SwiftUI4ViewPAAE15replaceDisabledyQrSbF::SYNTHESIZED::s:12FinanceKitUI17TransactionPickerV	swift.method	["TransactionPicker","replaceDisabled(_:)"]	unmatched	none	0	0		[]
s:7SwiftUI4ViewPAAE15replaceDisabledyQrSbF::SYNTHESIZED::s:12FinanceKitUI22AddOrderToWalletButtonV	swift.method	["AddOrderToWalletButton","replaceDisabled(_:)"]	unmatched	none	0	0		[]
s:7SwiftUI4ViewPAAE15safeAreaPaddingyQr14CoreFoundation7CGFloatVF::SYNTHESIZED::s:12FinanceKitUI17TransactionPickerV	swift.method	["TransactionPicker","safeAreaPadding(_:)"]	unmatched	none	0	0		[]
s:7SwiftUI4ViewPAAE15safeAreaPaddingyQr14CoreFoundation7CGFloatVF::SYNTHESIZED::s:12FinanceKitUI22AddOrderToWalletButtonV	swift.method	["AddOrderToWalletButton","safeAreaPadding(_:)"]	unmatched	none	0	0		[]
s:7SwiftUI4ViewPAAE15safeAreaPaddingyQrAA10EdgeInsetsVF::SYNTHESIZED::s:12FinanceKitUI17TransactionPickerV	swift.method	["TransactionPicker","safeAreaPadding(_:)"]	unmatched	none	0	0		[]
s:7SwiftUI4ViewPAAE15safeAreaPaddingyQrAA10EdgeInsetsVF::SYNTHESIZED::s:12FinanceKitUI22AddOrderToWalletButtonV	swift.method	["AddOrderToWalletButton","safeAreaPadding(_:)"]	unmatched	none	0	0		[]
s:7SwiftUI4ViewPAAE15safeAreaPaddingyQrAA4EdgeO3SetV_14CoreFoundation7CGFloatVSgtF::SYNTHESIZED::s:12FinanceKitUI17TransactionPickerV	swift.method	["TransactionPicker","safeAreaPadding(_:_:)"]	unmatched	none	0	0		[]
s:7SwiftUI4ViewPAAE15safeAreaPaddingyQrAA4EdgeO3SetV_14CoreFoundation7CGFloatVSgtF::SYNTHESIZED::s:12FinanceKitUI22AddOrderToWalletButtonV	swift.method	["AddOrderToWalletButton","safeAreaPadding(_:_:)"]	unmatched	none	0	0		[]
s:7SwiftUI4ViewPAAE15searchSelectionyQrAA7BindingVyAA04TextE0VSgGF::SYNTHESIZED::s:12FinanceKitUI17TransactionPickerV	swift.method	["TransactionPicker","searchSelection(_:)"]	unmatched	none	0	0		[]
s:7SwiftUI4ViewPAAE15searchSelectionyQrAA7BindingVyAA04TextE0VSgGF::SYNTHESIZED::s:12FinanceKitUI22AddOrderToWalletButtonV	swift.method	["AddOrderToWalletButton","searchSelection(_:)"]	unmatched	none	0	0		[]
s:7SwiftUI4ViewPAAE15sensoryFeedback7trigger_Qrqd___AA07SensoryE0VSgqd___qd__tctSQRd__lF::SYNTHESIZED::s:12FinanceKitUI17TransactionPickerV	swift.method	["TransactionPicker","sensoryFeedback(trigger:_:)"]	unmatched	none	0	0		[]
s:7SwiftUI4ViewPAAE15sensoryFeedback7trigger_Qrqd___AA07SensoryE0VSgqd___qd__tctSQRd__lF::SYNTHESIZED::s:12FinanceKitUI22AddOrderToWalletButtonV	swift.method	["AddOrderToWalletButton","sensoryFeedback(trigger:_:)"]	unmatched	none	0	0		[]
s:7SwiftUI4ViewPAAE15sensoryFeedback7trigger_Qrqd___AA07SensoryE0VSgyctSQRd__lF::SYNTHESIZED::s:12FinanceKitUI17TransactionPickerV	swift.method	["TransactionPicker","sensoryFeedback(trigger:_:)"]	unmatched	none	0	0		[]
s:7SwiftUI4ViewPAAE15sensoryFeedback7trigger_Qrqd___AA07SensoryE0VSgyctSQRd__lF::SYNTHESIZED::s:12FinanceKitUI22AddOrderToWalletButtonV	swift.method	["AddOrderToWalletButton","sensoryFeedback(trigger:_:)"]	unmatched	none	0	0		[]
s:7SwiftUI4ViewPAAE15sensoryFeedback_7trigger9conditionQrAA07SensoryE0V_qd__Sbqd___qd__tctSQRd__lF::SYNTHESIZED::s:12FinanceKitUI17TransactionPickerV	swift.method	["TransactionPicker","sensoryFeedback(_:trigger:condition:)"]	unmatched	none	0	0		[]
s:7SwiftUI4ViewPAAE15sensoryFeedback_7trigger9conditionQrAA07SensoryE0V_qd__Sbqd___qd__tctSQRd__lF::SYNTHESIZED::s:12FinanceKitUI22AddOrderToWalletButtonV	swift.method	["AddOrderToWalletButton","sensoryFeedback(_:trigger:condition:)"]	unmatched	none	0	0		[]
s:7SwiftUI4ViewPAAE15sensoryFeedback_7triggerQrAA07SensoryE0V_qd__tSQRd__lF::SYNTHESIZED::s:12FinanceKitUI17TransactionPickerV	swift.method	["TransactionPicker","sensoryFeedback(_:trigger:)"]	unmatched	none	0	0		[]
s:7SwiftUI4ViewPAAE15sensoryFeedback_7triggerQrAA07SensoryE0V_qd__tSQRd__lF::SYNTHESIZED::s:12FinanceKitUI22AddOrderToWalletButtonV	swift.method	["AddOrderToWalletButton","sensoryFeedback(_:trigger:)"]	unmatched	none	0	0		[]
s:7SwiftUI4ViewPAAE15statusBarHiddenyQrSbF::SYNTHESIZED::s:12FinanceKitUI17TransactionPickerV	swift.method	["TransactionPicker","statusBarHidden(_:)"]	unmatched	none	0	0		[]
s:7SwiftUI4ViewPAAE15statusBarHiddenyQrSbF::SYNTHESIZED::s:12FinanceKitUI22AddOrderToWalletButtonV	swift.method	["AddOrderToWalletButton","statusBarHidden(_:)"]	unmatched	none	0	0		[]
s:7SwiftUI4ViewPAAE15textContentTypeyQrSo06UITexteF0aSgF::SYNTHESIZED::s:12FinanceKitUI17TransactionPickerV	swift.method	["TransactionPicker","textContentType(_:)"]	unmatched	none	0	0		[]
s:7SwiftUI4ViewPAAE15textContentTypeyQrSo06UITexteF0aSgF::SYNTHESIZED::s:12FinanceKitUI22AddOrderToWalletButtonV	swift.method	["AddOrderToWalletButton","textContentType(_:)"]	unmatched	none	0	0		[]
s:7SwiftUI4ViewPAAE15textEditorStyleyQrqd__AA04TexteF0Rd__lF::SYNTHESIZED::s:12FinanceKitUI17TransactionPickerV	swift.method	["TransactionPicker","textEditorStyle(_:)"]	unmatched	none	0	0		[]
s:7SwiftUI4ViewPAAE15textEditorStyleyQrqd__AA04TexteF0Rd__lF::SYNTHESIZED::s:12FinanceKitUI22AddOrderToWalletButtonV	swift.method	["AddOrderToWalletButton","textEditorStyle(_:)"]	unmatched	none	0	0		[]
s:7SwiftUI4ViewPAAE15transformEffectyQrSo17CGAffineTransformVF::SYNTHESIZED::s:12FinanceKitUI17TransactionPickerV	swift.method	["TransactionPicker","transformEffect(_:)"]	unmatched	none	0	0		[]
s:7SwiftUI4ViewPAAE15transformEffectyQrSo17CGAffineTransformVF::SYNTHESIZED::s:12FinanceKitUI22AddOrderToWalletButtonV	swift.method	["AddOrderToWalletButton","transformEffect(_:)"]	unmatched	none	0	0		[]
s:7SwiftUI4ViewPAAE16allowsHitTestingyQrSbF::SYNTHESIZED::s:12FinanceKitUI17TransactionPickerV	swift.method	["TransactionPicker","allowsHitTesting(_:)"]	unmatched	none	0	0		[]
s:7SwiftUI4ViewPAAE16allowsHitTestingyQrSbF::SYNTHESIZED::s:12FinanceKitUI22AddOrderToWalletButtonV	swift.method	["AddOrderToWalletButton","allowsHitTesting(_:)"]	unmatched	none	0	0		[]
s:7SwiftUI4ViewPAAE16allowsTighteningyQrSbF::SYNTHESIZED::s:12FinanceKitUI17TransactionPickerV	swift.method	["TransactionPicker","allowsTightening(_:)"]	unmatched	none	0	0		[]
s:7SwiftUI4ViewPAAE16allowsTighteningyQrSbF::SYNTHESIZED::s:12FinanceKitUI22AddOrderToWalletButtonV	swift.method	["AddOrderToWalletButton","allowsTightening(_:)"]	unmatched	none	0	0		[]
s:7SwiftUI4ViewPAAE16anchorPreference3key5value9transformQrqd_0_m_AA6AnchorV6SourceVyqd___G5ValueQyd_0_AIyqd__GctAA0E3KeyRd_0_r0_lF::SYNTHESIZED::s:12FinanceKitUI17TransactionPickerV	swift.method	["TransactionPicker","anchorPreference(key:value:transform:)"]	unmatched	none	0	0		[]
s:7SwiftUI4ViewPAAE16anchorPreference3key5value9transformQrqd_0_m_AA6AnchorV6SourceVyqd___G5ValueQyd_0_AIyqd__GctAA0E3KeyRd_0_r0_lF::SYNTHESIZED::s:12FinanceKitUI22AddOrderToWalletButtonV	swift.method	["AddOrderToWalletButton","anchorPreference(key:value:transform:)"]	unmatched	none	0	0		[]
s:7SwiftUI4ViewPAAE16compositingGroupQryF::SYNTHESIZED::s:12FinanceKitUI17TransactionPickerV	swift.method	["TransactionPicker","compositingGroup()"]	unmatched	none	0	0		[]
s:7SwiftUI4ViewPAAE16compositingGroupQryF::SYNTHESIZED::s:12FinanceKitUI22AddOrderToWalletButtonV	swift.method	["AddOrderToWalletButton","compositingGroup()"]	unmatched	none	0	0		[]
s:7SwiftUI4ViewPAAE16distortionEffect_15maxSampleOffset9isEnabledQrAA6ShaderV_So6CGSizeVSbtF::SYNTHESIZED::s:12FinanceKitUI17TransactionPickerV	swift.method	["TransactionPicker","distortionEffect(_:maxSampleOffset:isEnabled:)"]	unmatched	none	0	0		[]
s:7SwiftUI4ViewPAAE16distortionEffect_15maxSampleOffset9isEnabledQrAA6ShaderV_So6CGSizeVSbtF::SYNTHESIZED::s:12FinanceKitUI22AddOrderToWalletButtonV	swift.method	["AddOrderToWalletButton","distortionEffect(_:maxSampleOffset:isEnabled:)"]	unmatched	none	0	0		[]
s:7SwiftUI4ViewPAAE16glassEffectUnion2id9namespaceQrqd__Sg_AA9NamespaceV2IDVtSHRd__lF::SYNTHESIZED::s:12FinanceKitUI17TransactionPickerV	swift.method	["TransactionPicker","glassEffectUnion(id:namespace:)"]	unmatched	none	0	0		[]
s:7SwiftUI4ViewPAAE16glassEffectUnion2id9namespaceQrqd__Sg_AA9NamespaceV2IDVtSHRd__lF::SYNTHESIZED::s:12FinanceKitUI22AddOrderToWalletButtonV	swift.method	["AddOrderToWalletButton","glassEffectUnion(id:namespace:)"]	unmatched	none	0	0		[]
s:7SwiftUI4ViewPAAE16headerProminenceyQrAA0E0OF::SYNTHESIZED::s:12FinanceKitUI17TransactionPickerV	swift.method	["TransactionPicker","headerProminence(_:)"]	unmatched	none	0	0		[]
s:7SwiftUI4ViewPAAE16headerProminenceyQrAA0E0OF::SYNTHESIZED::s:12FinanceKitUI22AddOrderToWalletButtonV	swift.method	["AddOrderToWalletButton","headerProminence(_:)"]	unmatched	none	0	0		[]
s:7SwiftUI4ViewPAAE16keyboardShortcut_9modifiers12localizationQrAA13KeyEquivalentV_AA14EventModifiersVAA08KeyboardE0V12LocalizationVtF::SYNTHESIZED::s:12FinanceKitUI17TransactionPickerV	swift.method	["TransactionPicker","keyboardShortcut(_:modifiers:localization:)"]	unmatched	none	0	0		[]
s:7SwiftUI4ViewPAAE16keyboardShortcut_9modifiers12localizationQrAA13KeyEquivalentV_AA14EventModifiersVAA08KeyboardE0V12LocalizationVtF::SYNTHESIZED::s:12FinanceKitUI22AddOrderToWalletButtonV	swift.method	["AddOrderToWalletButton","keyboardShortcut(_:modifiers:localization:)"]	unmatched	none	0	0		[]
s:7SwiftUI4ViewPAAE16keyboardShortcut_9modifiersQrAA13KeyEquivalentV_AA14EventModifiersVtF::SYNTHESIZED::s:12FinanceKitUI17TransactionPickerV	swift.method	["TransactionPicker","keyboardShortcut(_:modifiers:)"]	unmatched	none	0	0		[]
s:7SwiftUI4ViewPAAE16keyboardShortcut_9modifiersQrAA13KeyEquivalentV_AA14EventModifiersVtF::SYNTHESIZED::s:12FinanceKitUI22AddOrderToWalletButtonV	swift.method	["AddOrderToWalletButton","keyboardShortcut(_:modifiers:)"]	unmatched	none	0	0		[]
s:7SwiftUI4ViewPAAE16keyboardShortcutyQrAA08KeyboardE0VF::SYNTHESIZED::s:12FinanceKitUI17TransactionPickerV	swift.method	["TransactionPicker","keyboardShortcut(_:)"]	unmatched	none	0	0		[]
s:7SwiftUI4ViewPAAE16keyboardShortcutyQrAA08KeyboardE0VF::SYNTHESIZED::s:12FinanceKitUI22AddOrderToWalletButtonV	swift.method	["AddOrderToWalletButton","keyboardShortcut(_:)"]	unmatched	none	0	0		[]
s:7SwiftUI4ViewPAAE16keyboardShortcutyQrAA08KeyboardE0VSgF::SYNTHESIZED::s:12FinanceKitUI17TransactionPickerV	swift.method	["TransactionPicker","keyboardShortcut(_:)"]	unmatched	none	0	0		[]
s:7SwiftUI4ViewPAAE16keyboardShortcutyQrAA08KeyboardE0VSgF::SYNTHESIZED::s:12FinanceKitUI22AddOrderToWalletButtonV	swift.method	["AddOrderToWalletButton","keyboardShortcut(_:)"]	unmatched	none	0	0		[]
s:7SwiftUI4ViewPAAE16keyframeAnimator12initialValue7trigger7content9keyframesQrqd___qd_0_qd_1_AA018PlaceholderContentC0VyxG_qd__tYbcqd_2_qd__ct0G0Qyd_2_Rsd__SQRd_0_AaBRd_1_AA9KeyframesRd_2_r2_lF::SYNTHESIZED::s:12FinanceKitUI17TransactionPickerV	swift.method	["TransactionPicker","keyframeAnimator(initialValue:trigger:content:keyframes:)"]	unmatched	none	0	0		[]
s:7SwiftUI4ViewPAAE16keyframeAnimator12initialValue7trigger7content9keyframesQrqd___qd_0_qd_1_AA018PlaceholderContentC0VyxG_qd__tYbcqd_2_qd__ct0G0Qyd_2_Rsd__SQRd_0_AaBRd_1_AA9KeyframesRd_2_r2_lF::SYNTHESIZED::s:12FinanceKitUI22AddOrderToWalletButtonV	swift.method	["AddOrderToWalletButton","keyframeAnimator(initialValue:trigger:content:keyframes:)"]	unmatched	none	0	0		[]
s:7SwiftUI4ViewPAAE16keyframeAnimator12initialValue9repeating7content9keyframesQrqd___Sbqd_0_AA018PlaceholderContentC0VyxG_qd__tYbcqd_1_qd__ct0G0Qyd_1_Rsd__AaBRd_0_AA9KeyframesRd_1_r1_lF::SYNTHESIZED::s:12FinanceKitUI17TransactionPickerV	swift.method	["TransactionPicker","keyframeAnimator(initialValue:repeating:content:keyframes:)"]	unmatched	none	0	0		[]
s:7SwiftUI4ViewPAAE16keyframeAnimator12initialValue9repeating7content9keyframesQrqd___Sbqd_0_AA018PlaceholderContentC0VyxG_qd__tYbcqd_1_qd__ct0G0Qyd_1_Rsd__AaBRd_0_AA9KeyframesRd_1_r1_lF::SYNTHESIZED::s:12FinanceKitUI22AddOrderToWalletButtonV	swift.method	["AddOrderToWalletButton","keyframeAnimator(initialValue:repeating:content:keyframes:)"]	unmatched	none	0	0		[]
s:7SwiftUI4ViewPAAE16labelsVisibilityyQrAA0E0OF::SYNTHESIZED::s:12FinanceKitUI17TransactionPickerV	swift.method	["TransactionPicker","labelsVisibility(_:)"]	unmatched	none	0	0		[]
s:7SwiftUI4ViewPAAE16labelsVisibilityyQrAA0E0OF::SYNTHESIZED::s:12FinanceKitUI22AddOrderToWalletButtonV	swift.method	["AddOrderToWalletButton","labelsVisibility(_:)"]	unmatched	none	0	0		[]
s:7SwiftUI4ViewPAAE16listRowSeparator_5edgesQrAA10VisibilityO_AA12VerticalEdgeO3SetVtF::SYNTHESIZED::s:12FinanceKitUI17TransactionPickerV	swift.method	["TransactionPicker","listRowSeparator(_:edges:)"]	unmatched	none	0	0		[]
s:7SwiftUI4ViewPAAE16listRowSeparator_5edgesQrAA10VisibilityO_AA12VerticalEdgeO3SetVtF::SYNTHESIZED::s:12FinanceKitUI22AddOrderToWalletButtonV	swift.method	["AddOrderToWalletButton","listRowSeparator(_:edges:)"]	unmatched	none	0	0		[]
s:7SwiftUI4ViewPAAE16luminanceToAlphaQryF::SYNTHESIZED::s:12FinanceKitUI17TransactionPickerV	swift.method	["TransactionPicker","luminanceToAlpha()"]	unmatched	none	0	0		[]
s:7SwiftUI4ViewPAAE16luminanceToAlphaQryF::SYNTHESIZED::s:12FinanceKitUI22AddOrderToWalletButtonV	swift.method	["AddOrderToWalletButton","luminanceToAlpha()"]	unmatched	none	0	0		[]
s:7SwiftUI4ViewPAAE16onGeometryChange3for2of6actionQrqd__m_qd__AA0E5ProxyVcyqd___qd__tctSQRd__lF::SYNTHESIZED::s:12FinanceKitUI17TransactionPickerV	swift.method	["TransactionPicker","onGeometryChange(for:of:action:)"]	unmatched	none	0	0		[]
s:7SwiftUI4ViewPAAE16onGeometryChange3for2of6actionQrqd__m_qd__AA0E5ProxyVcyqd___qd__tctSQRd__lF::SYNTHESIZED::s:12FinanceKitUI22AddOrderToWalletButtonV	swift.method	["AddOrderToWalletButton","onGeometryChange(for:of:action:)"]	unmatched	none	0	0		[]
s:7SwiftUI4ViewPAAE16onGeometryChange3for2of6actionQrqd__m_qd__AA0E5ProxyVcyqd__ctSQRd__lF::SYNTHESIZED::s:12FinanceKitUI17TransactionPickerV	swift.method	["TransactionPicker","onGeometryChange(for:of:action:)"]	unmatched	none	0	0		[]
s:7SwiftUI4ViewPAAE16onGeometryChange3for2of6actionQrqd__m_qd__AA0E5ProxyVcyqd__ctSQRd__lF::SYNTHESIZED::s:12FinanceKitUI22AddOrderToWalletButtonV	swift.method	["AddOrderToWalletButton","onGeometryChange(for:of:action:)"]	unmatched	none	0	0		[]
s:7SwiftUI4ViewPAAE16privacySensitiveyQrSbF::SYNTHESIZED::s:12FinanceKitUI17TransactionPickerV	swift.method	["TransactionPicker","privacySensitive(_:)"]	unmatched	none	0	0		[]
s:7SwiftUI4ViewPAAE16privacySensitiveyQrSbF::SYNTHESIZED::s:12FinanceKitUI22AddOrderToWalletButtonV	swift.method	["AddOrderToWalletButton","privacySensitive(_:)"]	unmatched	none	0	0		[]
s:7SwiftUI4ViewPAAE16projectionEffectyQrAA19ProjectionTransformVF::SYNTHESIZED::s:12FinanceKitUI17TransactionPickerV	swift.method	["TransactionPicker","projectionEffect(_:)"]	unmatched	none	0	0		[]
s:7SwiftUI4ViewPAAE16projectionEffectyQrAA19ProjectionTransformVF::SYNTHESIZED::s:12FinanceKitUI22AddOrderToWalletButtonV	swift.method	["AddOrderToWalletButton","projectionEffect(_:)"]	unmatched	none	0	0		[]
s:7SwiftUI4ViewPAAE16rotation3DEffect_4axis6anchor0G1Z11perspectiveQrAA5AngleV_14CoreFoundation7CGFloatV1x_AM1yAM1ztAA9UnitPointVA2MtF::SYNTHESIZED::s:12FinanceKitUI17TransactionPickerV	swift.method	["TransactionPicker","rotation3DEffect(_:axis:anchor:anchorZ:perspective:)"]	unmatched	none	0	0		[]
s:7SwiftUI4ViewPAAE16rotation3DEffect_4axis6anchor0G1Z11perspectiveQrAA5AngleV_14CoreFoundation7CGFloatV1x_AM1yAM1ztAA9UnitPointVA2MtF::SYNTHESIZED::s:12FinanceKitUI22AddOrderToWalletButtonV	swift.method	["AddOrderToWalletButton","rotation3DEffect(_:axis:anchor:anchorZ:perspective:)"]	unmatched	none	0	0		[]
s:7SwiftUI4ViewPAAE16scrollIndicators_4axesQrAA25ScrollIndicatorVisibilityV_AA4AxisO3SetVtF::SYNTHESIZED::s:12FinanceKitUI17TransactionPickerV	swift.method	["TransactionPicker","scrollIndicators(_:axes:)"]	unmatched	none	0	0		[]
s:7SwiftUI4ViewPAAE16scrollIndicators_4axesQrAA25ScrollIndicatorVisibilityV_AA4AxisO3SetVtF::SYNTHESIZED::s:12FinanceKitUI22AddOrderToWalletButtonV	swift.method	["AddOrderToWalletButton","scrollIndicators(_:axes:)"]	unmatched	none	0	0		[]
s:7SwiftUI4ViewPAAE16scrollTransition10topLeading14bottomTrailing4axis10transitionQrAA06ScrollE13ConfigurationV_AjA4AxisOSgqd__AA17EmptyVisualEffectV_AA0lE5PhaseOtYbctAA0pQ0Rd__lF::SYNTHESIZED::s:12FinanceKitUI17TransactionPickerV	swift.method	["TransactionPicker","scrollTransition(topLeading:bottomTrailing:axis:transition:)"]	unmatched	none	0	0		[]
s:7SwiftUI4ViewPAAE16scrollTransition10topLeading14bottomTrailing4axis10transitionQrAA06ScrollE13ConfigurationV_AjA4AxisOSgqd__AA17EmptyVisualEffectV_AA0lE5PhaseOtYbctAA0pQ0Rd__lF::SYNTHESIZED::s:12FinanceKitUI22AddOrderToWalletButtonV	swift.method	["AddOrderToWalletButton","scrollTransition(topLeading:bottomTrailing:axis:transition:)"]	unmatched	none	0	0		[]
s:7SwiftUI4ViewPAAE16scrollTransition_4axis10transitionQrAA06ScrollE13ConfigurationV_AA4AxisOSgqd__AA17EmptyVisualEffectV_AA0hE5PhaseOtYbctAA0lM0Rd__lF::SYNTHESIZED::s:12FinanceKitUI17TransactionPickerV	swift.method	["TransactionPicker","scrollTransition(_:axis:transition:)"]	unmatched	none	0	0		[]
s:7SwiftUI4ViewPAAE16scrollTransition_4axis10transitionQrAA06ScrollE13ConfigurationV_AA4AxisOSgqd__AA17EmptyVisualEffectV_AA0hE5PhaseOtYbctAA0lM0Rd__lF::SYNTHESIZED::s:12FinanceKitUI22AddOrderToWalletButtonV	swift.method	["AddOrderToWalletButton","scrollTransition(_:axis:transition:)"]	unmatched	none	0	0		[]
s:7SwiftUI4ViewPAAE16searchCompletionyQrSSF::SYNTHESIZED::s:12FinanceKitUI17TransactionPickerV	swift.method	["TransactionPicker","searchCompletion(_:)"]	unmatched	none	0	0		[]
s:7SwiftUI4ViewPAAE16searchCompletionyQrSSF::SYNTHESIZED::s:12FinanceKitUI22AddOrderToWalletButtonV	swift.method	["AddOrderToWalletButton","searchCompletion(_:)"]	unmatched	none	0	0		[]
s:7SwiftUI4ViewPAAE16searchCompletionyQrqd__s12IdentifiableRd__lF::SYNTHESIZED::s:12FinanceKitUI17TransactionPickerV	swift.method	["TransactionPicker","searchCompletion(_:)"]	unmatched	none	0	0		[]
s:7SwiftUI4ViewPAAE16searchCompletionyQrqd__s12IdentifiableRd__lF::SYNTHESIZED::s:12FinanceKitUI22AddOrderToWalletButtonV	swift.method	["AddOrderToWalletButton","searchCompletion(_:)"]	unmatched	none	0	0		[]
s:7SwiftUI4ViewPAAE16toolbarTitleMenu7contentQrqd__yXE_tAaBRd__lF::SYNTHESIZED::s:12FinanceKitUI17TransactionPickerV	swift.method	["TransactionPicker","toolbarTitleMenu(content:)"]	unmatched	none	0	0		[]
s:7SwiftUI4ViewPAAE16toolbarTitleMenu7contentQrqd__yXE_tAaBRd__lF::SYNTHESIZED::s:12FinanceKitUI22AddOrderToWalletButtonV	swift.method	["AddOrderToWalletButton","toolbarTitleMenu(content:)"]	unmatched	none	0	0		[]
s:7SwiftUI4ViewPAAE16writingDirection8strategyQrAA4TextV07WritingE8StrategyV_tF::SYNTHESIZED::s:12FinanceKitUI17TransactionPickerV	swift.method	["TransactionPicker","writingDirection(strategy:)"]	unmatched	none	0	0		[]
s:7SwiftUI4ViewPAAE16writingDirection8strategyQrAA4TextV07WritingE8StrategyV_tF::SYNTHESIZED::s:12FinanceKitUI22AddOrderToWalletButtonV	swift.method	["AddOrderToWalletButton","writingDirection(strategy:)"]	unmatched	none	0	0		[]
s:7SwiftUI4ViewPAAE17accessibilityHint_9isEnabledAA15ModifiedContentVyxAA31AccessibilityAttachmentModifierVG10Foundation23LocalizedStringResourceV_SbtF::SYNTHESIZED::s:12FinanceKitUI17TransactionPickerV	swift.method	["TransactionPicker","accessibilityHint(_:isEnabled:)"]	unmatched	none	0	0		[]
s:7SwiftUI4ViewPAAE17accessibilityHint_9isEnabledAA15ModifiedContentVyxAA31AccessibilityAttachmentModifierVG10Foundation23LocalizedStringResourceV_SbtF::SYNTHESIZED::s:12FinanceKitUI22AddOrderToWalletButtonV	swift.method	["AddOrderToWalletButton","accessibilityHint(_:isEnabled:)"]	unmatched	none	0	0		[]
s:7SwiftUI4ViewPAAE17accessibilityHint_9isEnabledAA15ModifiedContentVyxAA31AccessibilityAttachmentModifierVGAA18LocalizedStringKeyV_SbtF::SYNTHESIZED::s:12FinanceKitUI17TransactionPickerV	swift.method	["TransactionPicker","accessibilityHint(_:isEnabled:)"]	unmatched	none	0	0		[]
s:7SwiftUI4ViewPAAE17accessibilityHint_9isEnabledAA15ModifiedContentVyxAA31AccessibilityAttachmentModifierVGAA18LocalizedStringKeyV_SbtF::SYNTHESIZED::s:12FinanceKitUI22AddOrderToWalletButtonV	swift.method	["AddOrderToWalletButton","accessibilityHint(_:isEnabled:)"]	unmatched	none	0	0		[]
s:7SwiftUI4ViewPAAE17accessibilityHint_9isEnabledAA15ModifiedContentVyxAA31AccessibilityAttachmentModifierVGAA4TextV_SbtF::SYNTHESIZED::s:12FinanceKitUI17TransactionPickerV	swift.method	["TransactionPicker","accessibilityHint(_:isEnabled:)"]	unmatched	none	0	0		[]
s:7SwiftUI4ViewPAAE17accessibilityHint_9isEnabledAA15ModifiedContentVyxAA31AccessibilityAttachmentModifierVGAA4TextV_SbtF::SYNTHESIZED::s:12FinanceKitUI22AddOrderToWalletButtonV	swift.method	["AddOrderToWalletButton","accessibilityHint(_:isEnabled:)"]	unmatched	none	0	0		[]
s:7SwiftUI4ViewPAAE17accessibilityHint_9isEnabledAA15ModifiedContentVyxAA31AccessibilityAttachmentModifierVGqd___SbtSyRd__lF::SYNTHESIZED::s:12FinanceKitUI17TransactionPickerV	swift.method	["TransactionPicker","accessibilityHint(_:isEnabled:)"]	unmatched	none	0	0		[]
s:7SwiftUI4ViewPAAE17accessibilityHint_9isEnabledAA15ModifiedContentVyxAA31AccessibilityAttachmentModifierVGqd___SbtSyRd__lF::SYNTHESIZED::s:12FinanceKitUI22AddOrderToWalletButtonV	swift.method	["AddOrderToWalletButton","accessibilityHint(_:isEnabled:)"]	unmatched	none	0	0		[]
s:7SwiftUI4ViewPAAE17accessibilityHintyAA15ModifiedContentVyxAA31AccessibilityAttachmentModifierVG10Foundation23LocalizedStringResourceVF::SYNTHESIZED::s:12FinanceKitUI17TransactionPickerV	swift.method	["TransactionPicker","accessibilityHint(_:)"]	unmatched	none	0	0		[]
s:7SwiftUI4ViewPAAE17accessibilityHintyAA15ModifiedContentVyxAA31AccessibilityAttachmentModifierVG10Foundation23LocalizedStringResourceVF::SYNTHESIZED::s:12FinanceKitUI22AddOrderToWalletButtonV	swift.method	["AddOrderToWalletButton","accessibilityHint(_:)"]	unmatched	none	0	0		[]
s:7SwiftUI4ViewPAAE17accessibilityHintyAA15ModifiedContentVyxAA31AccessibilityAttachmentModifierVGAA18LocalizedStringKeyVF::SYNTHESIZED::s:12FinanceKitUI17TransactionPickerV	swift.method	["TransactionPicker","accessibilityHint(_:)"]	unmatched	none	0	0		[]
s:7SwiftUI4ViewPAAE17accessibilityHintyAA15ModifiedContentVyxAA31AccessibilityAttachmentModifierVGAA18LocalizedStringKeyVF::SYNTHESIZED::s:12FinanceKitUI22AddOrderToWalletButtonV	swift.method	["AddOrderToWalletButton","accessibilityHint(_:)"]	unmatched	none	0	0		[]
s:7SwiftUI4ViewPAAE17accessibilityHintyAA15ModifiedContentVyxAA31AccessibilityAttachmentModifierVGAA4TextVF::SYNTHESIZED::s:12FinanceKitUI17TransactionPickerV	swift.method	["TransactionPicker","accessibilityHint(_:)"]	unmatched	none	0	0		[]
s:7SwiftUI4ViewPAAE17accessibilityHintyAA15ModifiedContentVyxAA31AccessibilityAttachmentModifierVGAA4TextVF::SYNTHESIZED::s:12FinanceKitUI22AddOrderToWalletButtonV	swift.method	["AddOrderToWalletButton","accessibilityHint(_:)"]	unmatched	none	0	0		[]
s:7SwiftUI4ViewPAAE17accessibilityHintyAA15ModifiedContentVyxAA31AccessibilityAttachmentModifierVGqd__SyRd__lF::SYNTHESIZED::s:12FinanceKitUI17TransactionPickerV	swift.method	["TransactionPicker","accessibilityHint(_:)"]	unmatched	none	0	0		[]
s:7SwiftUI4ViewPAAE17accessibilityHintyAA15ModifiedContentVyxAA31AccessibilityAttachmentModifierVGqd__SyRd__lF::SYNTHESIZED::s:12FinanceKitUI22AddOrderToWalletButtonV	swift.method	["AddOrderToWalletButton","accessibilityHint(_:)"]	unmatched	none	0	0		[]
s:7SwiftUI4ViewPAAE17buttonBorderShapeyQrAA06ButtoneF0VF::SYNTHESIZED::s:12FinanceKitUI17TransactionPickerV	swift.method	["TransactionPicker","buttonBorderShape(_:)"]	unmatched	none	0	0		[]
s:7SwiftUI4ViewPAAE17buttonBorderShapeyQrAA06ButtoneF0VF::SYNTHESIZED::s:12FinanceKitUI22AddOrderToWalletButtonV	swift.method	["AddOrderToWalletButton","buttonBorderShape(_:)"]	unmatched	none	0	0		[]
s:7SwiftUI4ViewPAAE17contentTransitionyQrAA07ContentE0VF::SYNTHESIZED::s:12FinanceKitUI17TransactionPickerV	swift.method	["TransactionPicker","contentTransition(_:)"]	unmatched	none	0	0		[]
s:7SwiftUI4ViewPAAE17contentTransitionyQrAA07ContentE0VF::SYNTHESIZED::s:12FinanceKitUI22AddOrderToWalletButtonV	swift.method	["AddOrderToWalletButton","contentTransition(_:)"]	unmatched	none	0	0		[]
s:7SwiftUI4ViewPAAE17controlGroupStyleyQrqd__AA07ControleF0Rd__lF::SYNTHESIZED::s:12FinanceKitUI17TransactionPickerV	swift.method	["TransactionPicker","controlGroupStyle(_:)"]	unmatched	none	0	0		[]
s:7SwiftUI4ViewPAAE17controlGroupStyleyQrqd__AA07ControleF0Rd__lF::SYNTHESIZED::s:12FinanceKitUI22AddOrderToWalletButtonV	swift.method	["AddOrderToWalletButton","controlGroupStyle(_:)"]	unmatched	none	0	0		[]
s:7SwiftUI4ViewPAAE17defaultAppStorageyQrSo14NSUserDefaultsCF::SYNTHESIZED::s:12FinanceKitUI17TransactionPickerV	swift.method	["TransactionPicker","defaultAppStorage(_:)"]	unmatched	none	0	0		[]
s:7SwiftUI4ViewPAAE17defaultAppStorageyQrSo14NSUserDefaultsCF::SYNTHESIZED::s:12FinanceKitUI22AddOrderToWalletButtonV	swift.method	["AddOrderToWalletButton","defaultAppStorage(_:)"]	unmatched	none	0	0		[]
s:7SwiftUI4ViewPAAE17environmentObjectyQrqd__7Combine010ObservableE0Rd__lF::SYNTHESIZED::s:12FinanceKitUI17TransactionPickerV	swift.method	["TransactionPicker","environmentObject(_:)"]	unmatched	none	0	0		[]
s:7SwiftUI4ViewPAAE17environmentObjectyQrqd__7Combine010ObservableE0Rd__lF::SYNTHESIZED::s:12FinanceKitUI22AddOrderToWalletButtonV	swift.method	["AddOrderToWalletButton","environmentObject(_:)"]	unmatched	none	0	0		[]
s:7SwiftUI4ViewPAAE17fileDialogMessageyQr10Foundation23LocalizedStringResourceVF::SYNTHESIZED::s:12FinanceKitUI17TransactionPickerV	swift.method	["TransactionPicker","fileDialogMessage(_:)"]	unmatched	none	0	0		[]
s:7SwiftUI4ViewPAAE17fileDialogMessageyQr10Foundation23LocalizedStringResourceVF::SYNTHESIZED::s:12FinanceKitUI22AddOrderToWalletButtonV	swift.method	["AddOrderToWalletButton","fileDialogMessage(_:)"]	unmatched	none	0	0		[]
s:7SwiftUI4ViewPAAE17fileDialogMessageyQrAA18LocalizedStringKeyVF::SYNTHESIZED::s:12FinanceKitUI17TransactionPickerV	swift.method	["TransactionPicker","fileDialogMessage(_:)"]	unmatched	none	0	0		[]
s:7SwiftUI4ViewPAAE17fileDialogMessageyQrAA18LocalizedStringKeyVF::SYNTHESIZED::s:12FinanceKitUI22AddOrderToWalletButtonV	swift.method	["AddOrderToWalletButton","fileDialogMessage(_:)"]	unmatched	none	0	0		[]
s:7SwiftUI4ViewPAAE17fileDialogMessageyQrAA4TextVSgF::SYNTHESIZED::s:12FinanceKitUI17TransactionPickerV	swift.method	["TransactionPicker","fileDialogMessage(_:)"]	unmatched	none	0	0		[]
s:7SwiftUI4ViewPAAE17fileDialogMessageyQrAA4TextVSgF::SYNTHESIZED::s:12FinanceKitUI22AddOrderToWalletButtonV	swift.method	["AddOrderToWalletButton","fileDialogMessage(_:)"]	unmatched	none	0	0		[]
s:7SwiftUI4ViewPAAE17fileDialogMessageyQrqd__SyRd__lF::SYNTHESIZED::s:12FinanceKitUI17TransactionPickerV	swift.method	["TransactionPicker","fileDialogMessage(_:)"]	unmatched	none	0	0		[]
s:7SwiftUI4ViewPAAE17fileDialogMessageyQrqd__SyRd__lF::SYNTHESIZED::s:12FinanceKitUI22AddOrderToWalletButtonV	swift.method	["AddOrderToWalletButton","fileDialogMessage(_:)"]	unmatched	none	0	0		[]
s:7SwiftUI4ViewPAAE17focusedSceneValueyQrqd__SgRld__C11Observation10ObservableRd__lF::SYNTHESIZED::s:12FinanceKitUI17TransactionPickerV	swift.method	["TransactionPicker","focusedSceneValue(_:)"]	unmatched	none	0	0		[]
s:7SwiftUI4ViewPAAE17focusedSceneValueyQrqd__SgRld__C11Observation10ObservableRd__lF::SYNTHESIZED::s:12FinanceKitUI22AddOrderToWalletButtonV	swift.method	["AddOrderToWalletButton","focusedSceneValue(_:)"]	unmatched	none	0	0		[]
s:7SwiftUI4ViewPAAE17focusedSceneValueyQrs15WritableKeyPathCyAA13FocusedValuesVqd__SgG_AItlF::SYNTHESIZED::s:12FinanceKitUI17TransactionPickerV	swift.method	["TransactionPicker","focusedSceneValue(_:_:)"]	unmatched	none	0	0		[]
s:7SwiftUI4ViewPAAE17focusedSceneValueyQrs15WritableKeyPathCyAA13FocusedValuesVqd__SgG_AItlF::SYNTHESIZED::s:12FinanceKitUI22AddOrderToWalletButtonV	swift.method	["AddOrderToWalletButton","focusedSceneValue(_:_:)"]	unmatched	none	0	0		[]
s:7SwiftUI4ViewPAAE17focusedSceneValueyQrs15WritableKeyPathCyAA13FocusedValuesVqd__SgG_qd__tlF::SYNTHESIZED::s:12FinanceKitUI17TransactionPickerV	swift.method	["TransactionPicker","focusedSceneValue(_:_:)"]	unmatched	none	0	0		[]
s:7SwiftUI4ViewPAAE17focusedSceneValueyQrs15WritableKeyPathCyAA13FocusedValuesVqd__SgG_qd__tlF::SYNTHESIZED::s:12FinanceKitUI22AddOrderToWalletButtonV	swift.method	["AddOrderToWalletButton","focusedSceneValue(_:_:)"]	unmatched	none	0	0		[]
s:7SwiftUI4ViewPAAE17listRowBackgroundyQrqd__SgAaBRd__lF::SYNTHESIZED::s:12FinanceKitUI17TransactionPickerV	swift.method	["TransactionPicker","listRowBackground(_:)"]	unmatched	none	0	0		[]
s:7SwiftUI4ViewPAAE17listRowBackgroundyQrqd__SgAaBRd__lF::SYNTHESIZED::s:12FinanceKitUI22AddOrderToWalletButtonV	swift.method	["AddOrderToWalletButton","listRowBackground(_:)"]	unmatched	none	0	0		[]
s:7SwiftUI4ViewPAAE17onContinuousHover15coordinateSpace7performQrAA010CoordinateH0O_yAA0F5PhaseOctF::SYNTHESIZED::s:12FinanceKitUI17TransactionPickerV	swift.method	["TransactionPicker","onContinuousHover(coordinateSpace:perform:)"]	unmatched	none	0	0		[]
s:7SwiftUI4ViewPAAE17onContinuousHover15coordinateSpace7performQrAA010CoordinateH0O_yAA0F5PhaseOctF::SYNTHESIZED::s:12FinanceKitUI22AddOrderToWalletButtonV	swift.method	["AddOrderToWalletButton","onContinuousHover(coordinateSpace:perform:)"]	unmatched	none	0	0		[]
s:7SwiftUI4ViewPAAE17onPencilDoubleTap7performQryAA0efG12GestureValueVc_tF::SYNTHESIZED::s:12FinanceKitUI17TransactionPickerV	swift.method	["TransactionPicker","onPencilDoubleTap(perform:)"]	unmatched	none	0	0		[]
s:7SwiftUI4ViewPAAE17onPencilDoubleTap7performQryAA0efG12GestureValueVc_tF::SYNTHESIZED::s:12FinanceKitUI22AddOrderToWalletButtonV	swift.method	["AddOrderToWalletButton","onPencilDoubleTap(perform:)"]	unmatched	none	0	0		[]
s:7SwiftUI4ViewPAAE17searchSuggestions_3forQrAA10VisibilityO_AA06SearchE9PlacementV3SetVtF::SYNTHESIZED::s:12FinanceKitUI17TransactionPickerV	swift.method	["TransactionPicker","searchSuggestions(_:for:)"]	unmatched	none	0	0		[]
s:7SwiftUI4ViewPAAE17searchSuggestions_3forQrAA10VisibilityO_AA06SearchE9PlacementV3SetVtF::SYNTHESIZED::s:12FinanceKitUI22AddOrderToWalletButtonV	swift.method	["AddOrderToWalletButton","searchSuggestions(_:for:)"]	unmatched	none	0	0		[]
s:7SwiftUI4ViewPAAE17searchSuggestionsyQrqd__yXEAaBRd__lF::SYNTHESIZED::s:12FinanceKitUI17TransactionPickerV	swift.method	["TransactionPicker","searchSuggestions(_:)"]	unmatched	none	0	0		[]
s:7SwiftUI4ViewPAAE17searchSuggestionsyQrqd__yXEAaBRd__lF::SYNTHESIZED::s:12FinanceKitUI22AddOrderToWalletButtonV	swift.method	["AddOrderToWalletButton","searchSuggestions(_:)"]	unmatched	none	0	0		[]
s:7SwiftUI4ViewPAAE17sectionIndexLabelyQrAA4TextVSgF::SYNTHESIZED::s:12FinanceKitUI17TransactionPickerV	swift.method	["TransactionPicker","sectionIndexLabel(_:)"]	unmatched	none	0	0		[]
s:7SwiftUI4ViewPAAE17sectionIndexLabelyQrAA4TextVSgF::SYNTHESIZED::s:12FinanceKitUI22AddOrderToWalletButtonV	swift.method	["AddOrderToWalletButton","sectionIndexLabel(_:)"]	unmatched	none	0	0		[]
s:7SwiftUI4ViewPAAE17sectionIndexLabelyQrqd__SgSyRd__lF::SYNTHESIZED::s:12FinanceKitUI17TransactionPickerV	swift.method	["TransactionPicker","sectionIndexLabel(_:)"]	unmatched	none	0	0		[]
s:7SwiftUI4ViewPAAE17sectionIndexLabelyQrqd__SgSyRd__lF::SYNTHESIZED::s:12FinanceKitUI22AddOrderToWalletButtonV	swift.method	["AddOrderToWalletButton","sectionIndexLabel(_:)"]	unmatched	none	0	0		[]
s:7SwiftUI4ViewPAAE17selectionDisabledyQrSbF::SYNTHESIZED::s:12FinanceKitUI17TransactionPickerV	swift.method	["TransactionPicker","selectionDisabled(_:)"]	unmatched	none	0	0		[]
s:7SwiftUI4ViewPAAE17selectionDisabledyQrSbF::SYNTHESIZED::s:12FinanceKitUI22AddOrderToWalletButtonV	swift.method	["AddOrderToWalletButton","selectionDisabled(_:)"]	unmatched	none	0	0		[]
s:7SwiftUI4ViewPAAE17toolbarBackground_3forQrAA10VisibilityO_AA16ToolbarPlacementVdtF::SYNTHESIZED::s:12FinanceKitUI17TransactionPickerV	swift.method	["TransactionPicker","toolbarBackground(_:for:)"]	unmatched	none	0	0		[]
s:7SwiftUI4ViewPAAE17toolbarBackground_3forQrAA10VisibilityO_AA16ToolbarPlacementVdtF::SYNTHESIZED::s:12FinanceKitUI22AddOrderToWalletButtonV	swift.method	["AddOrderToWalletButton","toolbarBackground(_:for:)"]	unmatched	none	0	0		[]
s:7SwiftUI4ViewPAAE17toolbarBackground_3forQrqd___AA16ToolbarPlacementVdtAA10ShapeStyleRd__lF::SYNTHESIZED::s:12FinanceKitUI17TransactionPickerV	swift.method	["TransactionPicker","toolbarBackground(_:for:)"]	unmatched	none	0	0		[]
s:7SwiftUI4ViewPAAE17toolbarBackground_3forQrqd___AA16ToolbarPlacementVdtAA10ShapeStyleRd__lF::SYNTHESIZED::s:12FinanceKitUI22AddOrderToWalletButtonV	swift.method	["AddOrderToWalletButton","toolbarBackground(_:for:)"]	unmatched	none	0	0		[]
s:7SwiftUI4ViewPAAE17toolbarVisibility_3forQrAA0E0O_AA16ToolbarPlacementVdtF::SYNTHESIZED::s:12FinanceKitUI17TransactionPickerV	swift.method	["TransactionPicker","toolbarVisibility(_:for:)"]	unmatched	none	0	0		[]
s:7SwiftUI4ViewPAAE17toolbarVisibility_3forQrAA0E0O_AA16ToolbarPlacementVdtF::SYNTHESIZED::s:12FinanceKitUI22AddOrderToWalletButtonV	swift.method	["AddOrderToWalletButton","toolbarVisibility(_:for:)"]	unmatched	none	0	0		[]
s:7SwiftUI4ViewPAAE18accessibilityLabel7contentQrqd__AA018PlaceholderContentC0VyxGXE_tAaBRd__lF::SYNTHESIZED::s:12FinanceKitUI17TransactionPickerV	swift.method	["TransactionPicker","accessibilityLabel(content:)"]	unmatched	none	0	0		[]
s:7SwiftUI4ViewPAAE18accessibilityLabel7contentQrqd__AA018PlaceholderContentC0VyxGXE_tAaBRd__lF::SYNTHESIZED::s:12FinanceKitUI22AddOrderToWalletButtonV	swift.method	["AddOrderToWalletButton","accessibilityLabel(content:)"]	unmatched	none	0	0		[]
s:7SwiftUI4ViewPAAE18accessibilityLabel_9isEnabledAA15ModifiedContentVyxAA31AccessibilityAttachmentModifierVG10Foundation23LocalizedStringResourceV_SbtF::SYNTHESIZED::s:12FinanceKitUI17TransactionPickerV	swift.method	["TransactionPicker","accessibilityLabel(_:isEnabled:)"]	unmatched	none	0	0		[]
s:7SwiftUI4ViewPAAE18accessibilityLabel_9isEnabledAA15ModifiedContentVyxAA31AccessibilityAttachmentModifierVG10Foundation23LocalizedStringResourceV_SbtF::SYNTHESIZED::s:12FinanceKitUI22AddOrderToWalletButtonV	swift.method	["AddOrderToWalletButton","accessibilityLabel(_:isEnabled:)"]	unmatched	none	0	0		[]
s:7SwiftUI4ViewPAAE18accessibilityLabel_9isEnabledAA15ModifiedContentVyxAA31AccessibilityAttachmentModifierVGAA18LocalizedStringKeyV_SbtF::SYNTHESIZED::s:12FinanceKitUI17TransactionPickerV	swift.method	["TransactionPicker","accessibilityLabel(_:isEnabled:)"]	unmatched	none	0	0		[]
s:7SwiftUI4ViewPAAE18accessibilityLabel_9isEnabledAA15ModifiedContentVyxAA31AccessibilityAttachmentModifierVGAA18LocalizedStringKeyV_SbtF::SYNTHESIZED::s:12FinanceKitUI22AddOrderToWalletButtonV	swift.method	["AddOrderToWalletButton","accessibilityLabel(_:isEnabled:)"]	unmatched	none	0	0		[]
s:7SwiftUI4ViewPAAE18accessibilityLabel_9isEnabledAA15ModifiedContentVyxAA31AccessibilityAttachmentModifierVGAA4TextV_SbtF::SYNTHESIZED::s:12FinanceKitUI17TransactionPickerV	swift.method	["TransactionPicker","accessibilityLabel(_:isEnabled:)"]	unmatched	none	0	0		[]
s:7SwiftUI4ViewPAAE18accessibilityLabel_9isEnabledAA15ModifiedContentVyxAA31AccessibilityAttachmentModifierVGAA4TextV_SbtF::SYNTHESIZED::s:12FinanceKitUI22AddOrderToWalletButtonV	swift.method	["AddOrderToWalletButton","accessibilityLabel(_:isEnabled:)"]	unmatched	none	0	0		[]
s:7SwiftUI4ViewPAAE18accessibilityLabel_9isEnabledAA15ModifiedContentVyxAA31AccessibilityAttachmentModifierVGqd___SbtSyRd__lF::SYNTHESIZED::s:12FinanceKitUI17TransactionPickerV	swift.method	["TransactionPicker","accessibilityLabel(_:isEnabled:)"]	unmatched	none	0	0		[]
s:7SwiftUI4ViewPAAE18accessibilityLabel_9isEnabledAA15ModifiedContentVyxAA31AccessibilityAttachmentModifierVGqd___SbtSyRd__lF::SYNTHESIZED::s:12FinanceKitUI22AddOrderToWalletButtonV	swift.method	["AddOrderToWalletButton","accessibilityLabel(_:isEnabled:)"]	unmatched	none	0	0		[]
s:7SwiftUI4ViewPAAE18accessibilityLabelyAA15ModifiedContentVyxAA31AccessibilityAttachmentModifierVG10Foundation23LocalizedStringResourceVF::SYNTHESIZED::s:12FinanceKitUI17TransactionPickerV	swift.method	["TransactionPicker","accessibilityLabel(_:)"]	unmatched	none	0	0		[]
s:7SwiftUI4ViewPAAE18accessibilityLabelyAA15ModifiedContentVyxAA31AccessibilityAttachmentModifierVG10Foundation23LocalizedStringResourceVF::SYNTHESIZED::s:12FinanceKitUI22AddOrderToWalletButtonV	swift.method	["AddOrderToWalletButton","accessibilityLabel(_:)"]	unmatched	none	0	0		[]
s:7SwiftUI4ViewPAAE18accessibilityLabelyAA15ModifiedContentVyxAA31AccessibilityAttachmentModifierVGAA18LocalizedStringKeyVF::SYNTHESIZED::s:12FinanceKitUI17TransactionPickerV	swift.method	["TransactionPicker","accessibilityLabel(_:)"]	unmatched	none	0	0		[]
s:7SwiftUI4ViewPAAE18accessibilityLabelyAA15ModifiedContentVyxAA31AccessibilityAttachmentModifierVGAA18LocalizedStringKeyVF::SYNTHESIZED::s:12FinanceKitUI22AddOrderToWalletButtonV	swift.method	["AddOrderToWalletButton","accessibilityLabel(_:)"]	unmatched	none	0	0		[]
s:7SwiftUI4ViewPAAE18accessibilityLabelyAA15ModifiedContentVyxAA31AccessibilityAttachmentModifierVGAA4TextVF::SYNTHESIZED::s:12FinanceKitUI17TransactionPickerV	swift.method	["TransactionPicker","accessibilityLabel(_:)"]	unmatched	none	0	0		[]
s:7SwiftUI4ViewPAAE18accessibilityLabelyAA15ModifiedContentVyxAA31AccessibilityAttachmentModifierVGAA4TextVF::SYNTHESIZED::s:12FinanceKitUI22AddOrderToWalletButtonV	swift.method	["AddOrderToWalletButton","accessibilityLabel(_:)"]	unmatched	none	0	0		[]
s:7SwiftUI4ViewPAAE18accessibilityLabelyAA15ModifiedContentVyxAA31AccessibilityAttachmentModifierVGqd__SyRd__lF::SYNTHESIZED::s:12FinanceKitUI17TransactionPickerV	swift.method	["TransactionPicker","accessibilityLabel(_:)"]	unmatched	none	0	0		[]
s:7SwiftUI4ViewPAAE18accessibilityLabelyAA15ModifiedContentVyxAA31AccessibilityAttachmentModifierVGqd__SyRd__lF::SYNTHESIZED::s:12FinanceKitUI22AddOrderToWalletButtonV	swift.method	["AddOrderToWalletButton","accessibilityLabel(_:)"]	unmatched	none	0	0		[]
s:7SwiftUI4ViewPAAE18accessibilityRotor_10textRangesQr10Foundation23LocalizedStringResourceV_SaySnySS5IndexVGGtF::SYNTHESIZED::s:12FinanceKitUI17TransactionPickerV	swift.method	["TransactionPicker","accessibilityRotor(_:textRanges:)"]	unmatched	none	0	0		[]
s:7SwiftUI4ViewPAAE18accessibilityRotor_10textRangesQr10Foundation23LocalizedStringResourceV_SaySnySS5IndexVGGtF::SYNTHESIZED::s:12FinanceKitUI22AddOrderToWalletButtonV	swift.method	["AddOrderToWalletButton","accessibilityRotor(_:textRanges:)"]	unmatched	none	0	0		[]
s:7SwiftUI4ViewPAAE18accessibilityRotor_10textRangesQrAA019AccessibilitySystemE0V_SaySnySS5IndexVGGtF::SYNTHESIZED::s:12FinanceKitUI17TransactionPickerV	swift.method	["TransactionPicker","accessibilityRotor(_:textRanges:)"]	unmatched	none	0	0		[]
s:7SwiftUI4ViewPAAE18accessibilityRotor_10textRangesQrAA019AccessibilitySystemE0V_SaySnySS5IndexVGGtF::SYNTHESIZED::s:12FinanceKitUI22AddOrderToWalletButtonV	swift.method	["AddOrderToWalletButton","accessibilityRotor(_:textRanges:)"]	unmatched	none	0	0		[]
s:7SwiftUI4ViewPAAE18accessibilityRotor_10textRangesQrAA18LocalizedStringKeyV_SaySnySS5IndexVGGtF::SYNTHESIZED::s:12FinanceKitUI17TransactionPickerV	swift.method	["TransactionPicker","accessibilityRotor(_:textRanges:)"]	unmatched	none	0	0		[]
s:7SwiftUI4ViewPAAE18accessibilityRotor_10textRangesQrAA18LocalizedStringKeyV_SaySnySS5IndexVGGtF::SYNTHESIZED::s:12FinanceKitUI22AddOrderToWalletButtonV	swift.method	["AddOrderToWalletButton","accessibilityRotor(_:textRanges:)"]	unmatched	none	0	0		[]
s:7SwiftUI4ViewPAAE18accessibilityRotor_10textRangesQrAA4TextV_SaySnySS5IndexVGGtF::SYNTHESIZED::s:12FinanceKitUI17TransactionPickerV	swift.method	["TransactionPicker","accessibilityRotor(_:textRanges:)"]	unmatched	none	0	0		[]
s:7SwiftUI4ViewPAAE18accessibilityRotor_10textRangesQrAA4TextV_SaySnySS5IndexVGGtF::SYNTHESIZED::s:12FinanceKitUI22AddOrderToWalletButtonV	swift.method	["AddOrderToWalletButton","accessibilityRotor(_:textRanges:)"]	unmatched	none	0	0		[]
s:7SwiftUI4ViewPAAE18accessibilityRotor_10textRangesQrqd___SaySnySS5IndexVGGtSyRd__lF::SYNTHESIZED::s:12FinanceKitUI17TransactionPickerV	swift.method	["TransactionPicker","accessibilityRotor(_:textRanges:)"]	unmatched	none	0	0		[]
s:7SwiftUI4ViewPAAE18accessibilityRotor_10textRangesQrqd___SaySnySS5IndexVGGtSyRd__lF::SYNTHESIZED::s:12FinanceKitUI22AddOrderToWalletButtonV	swift.method	["AddOrderToWalletButton","accessibilityRotor(_:textRanges:)"]	unmatched	none	0	0		[]
s:7SwiftUI4ViewPAAE18accessibilityRotor_7entries10entryLabelQr10Foundation23LocalizedStringResourceV_Sayqd__Gs7KeyPathCyqd__SSGts12IdentifiableRd__lF::SYNTHESIZED::s:12FinanceKitUI17TransactionPickerV	swift.method	["TransactionPicker","accessibilityRotor(_:entries:entryLabel:)"]	unmatched	none	0	0		[]
s:7SwiftUI4ViewPAAE18accessibilityRotor_7entries10entryLabelQr10Foundation23LocalizedStringResourceV_Sayqd__Gs7KeyPathCyqd__SSGts12IdentifiableRd__lF::SYNTHESIZED::s:12FinanceKitUI22AddOrderToWalletButtonV	swift.method	["AddOrderToWalletButton","accessibilityRotor(_:entries:entryLabel:)"]	unmatched	none	0	0		[]
s:7SwiftUI4ViewPAAE18accessibilityRotor_7entries10entryLabelQrAA019AccessibilitySystemE0V_Sayqd__Gs7KeyPathCyqd__SSGts12IdentifiableRd__lF::SYNTHESIZED::s:12FinanceKitUI17TransactionPickerV	swift.method	["TransactionPicker","accessibilityRotor(_:entries:entryLabel:)"]	unmatched	none	0	0		[]
s:7SwiftUI4ViewPAAE18accessibilityRotor_7entries10entryLabelQrAA019AccessibilitySystemE0V_Sayqd__Gs7KeyPathCyqd__SSGts12IdentifiableRd__lF::SYNTHESIZED::s:12FinanceKitUI22AddOrderToWalletButtonV	swift.method	["AddOrderToWalletButton","accessibilityRotor(_:entries:entryLabel:)"]	unmatched	none	0	0		[]
s:7SwiftUI4ViewPAAE18accessibilityRotor_7entries10entryLabelQrAA18LocalizedStringKeyV_Sayqd__Gs0K4PathCyqd__SSGts12IdentifiableRd__lF::SYNTHESIZED::s:12FinanceKitUI17TransactionPickerV	swift.method	["TransactionPicker","accessibilityRotor(_:entries:entryLabel:)"]	unmatched	none	0	0		[]
s:7SwiftUI4ViewPAAE18accessibilityRotor_7entries10entryLabelQrAA18LocalizedStringKeyV_Sayqd__Gs0K4PathCyqd__SSGts12IdentifiableRd__lF::SYNTHESIZED::s:12FinanceKitUI22AddOrderToWalletButtonV	swift.method	["AddOrderToWalletButton","accessibilityRotor(_:entries:entryLabel:)"]	unmatched	none	0	0		[]
s:7SwiftUI4ViewPAAE18accessibilityRotor_7entries10entryLabelQrAA4TextV_Sayqd__Gs7KeyPathCyqd__SSGts12IdentifiableRd__lF::SYNTHESIZED::s:12FinanceKitUI17TransactionPickerV	swift.method	["TransactionPicker","accessibilityRotor(_:entries:entryLabel:)"]	unmatched	none	0	0		[]
s:7SwiftUI4ViewPAAE18accessibilityRotor_7entries10entryLabelQrAA4TextV_Sayqd__Gs7KeyPathCyqd__SSGts12IdentifiableRd__lF::SYNTHESIZED::s:12FinanceKitUI22AddOrderToWalletButtonV	swift.method	["AddOrderToWalletButton","accessibilityRotor(_:entries:entryLabel:)"]	unmatched	none	0	0		[]
s:7SwiftUI4ViewPAAE18accessibilityRotor_7entries10entryLabelQrqd___Sayqd_0_Gs7KeyPathCyqd_0_SSGtSyRd__s12IdentifiableRd_0_r0_lF::SYNTHESIZED::s:12FinanceKitUI17TransactionPickerV	swift.method	["TransactionPicker","accessibilityRotor(_:entries:entryLabel:)"]	unmatched	none	0	0		[]
s:7SwiftUI4ViewPAAE18accessibilityRotor_7entries10entryLabelQrqd___Sayqd_0_Gs7KeyPathCyqd_0_SSGtSyRd__s12IdentifiableRd_0_r0_lF::SYNTHESIZED::s:12FinanceKitUI22AddOrderToWalletButtonV	swift.method	["AddOrderToWalletButton","accessibilityRotor(_:entries:entryLabel:)"]	unmatched	none	0	0		[]
s:7SwiftUI4ViewPAAE18accessibilityRotor_7entries7entryID0G5LabelQr10Foundation23LocalizedStringResourceV_Sayqd__Gs7KeyPathCyqd__qd_0_GAMyqd__SSGtSHRd_0_r0_lF::SYNTHESIZED::s:12FinanceKitUI17TransactionPickerV	swift.method	["TransactionPicker","accessibilityRotor(_:entries:entryID:entryLabel:)"]	unmatched	none	0	0		[]
s:7SwiftUI4ViewPAAE18accessibilityRotor_7entries7entryID0G5LabelQr10Foundation23LocalizedStringResourceV_Sayqd__Gs7KeyPathCyqd__qd_0_GAMyqd__SSGtSHRd_0_r0_lF::SYNTHESIZED::s:12FinanceKitUI22AddOrderToWalletButtonV	swift.method	["AddOrderToWalletButton","accessibilityRotor(_:entries:entryID:entryLabel:)"]	unmatched	none	0	0		[]
s:7SwiftUI4ViewPAAE18accessibilityRotor_7entries7entryID0G5LabelQrAA019AccessibilitySystemE0V_Sayqd__Gs7KeyPathCyqd__qd_0_GALyqd__SSGtSHRd_0_r0_lF::SYNTHESIZED::s:12FinanceKitUI17TransactionPickerV	swift.method	["TransactionPicker","accessibilityRotor(_:entries:entryID:entryLabel:)"]	unmatched	none	0	0		[]
s:7SwiftUI4ViewPAAE18accessibilityRotor_7entries7entryID0G5LabelQrAA019AccessibilitySystemE0V_Sayqd__Gs7KeyPathCyqd__qd_0_GALyqd__SSGtSHRd_0_r0_lF::SYNTHESIZED::s:12FinanceKitUI22AddOrderToWalletButtonV	swift.method	["AddOrderToWalletButton","accessibilityRotor(_:entries:entryID:entryLabel:)"]	unmatched	none	0	0		[]
s:7SwiftUI4ViewPAAE18accessibilityRotor_7entries7entryID0G5LabelQrAA18LocalizedStringKeyV_Sayqd__Gs0L4PathCyqd__qd_0_GALyqd__SSGtSHRd_0_r0_lF::SYNTHESIZED::s:12FinanceKitUI17TransactionPickerV	swift.method	["TransactionPicker","accessibilityRotor(_:entries:entryID:entryLabel:)"]	unmatched	none	0	0		[]
s:7SwiftUI4ViewPAAE18accessibilityRotor_7entries7entryID0G5LabelQrAA18LocalizedStringKeyV_Sayqd__Gs0L4PathCyqd__qd_0_GALyqd__SSGtSHRd_0_r0_lF::SYNTHESIZED::s:12FinanceKitUI22AddOrderToWalletButtonV	swift.method	["AddOrderToWalletButton","accessibilityRotor(_:entries:entryID:entryLabel:)"]	unmatched	none	0	0		[]
s:7SwiftUI4ViewPAAE18accessibilityRotor_7entries7entryID0G5LabelQrAA4TextV_Sayqd__Gs7KeyPathCyqd__qd_0_GALyqd__SSGtSHRd_0_r0_lF::SYNTHESIZED::s:12FinanceKitUI17TransactionPickerV	swift.method	["TransactionPicker","accessibilityRotor(_:entries:entryID:entryLabel:)"]	unmatched	none	0	0		[]
s:7SwiftUI4ViewPAAE18accessibilityRotor_7entries7entryID0G5LabelQrAA4TextV_Sayqd__Gs7KeyPathCyqd__qd_0_GALyqd__SSGtSHRd_0_r0_lF::SYNTHESIZED::s:12FinanceKitUI22AddOrderToWalletButtonV	swift.method	["AddOrderToWalletButton","accessibilityRotor(_:entries:entryID:entryLabel:)"]	unmatched	none	0	0		[]
s:7SwiftUI4ViewPAAE18accessibilityRotor_7entries7entryID0G5LabelQrqd___Sayqd_0_Gs7KeyPathCyqd_0_qd_1_GAJyqd_0_SSGtSyRd__SHRd_1_r1_lF::SYNTHESIZED::s:12FinanceKitUI17TransactionPickerV	swift.method	["TransactionPicker","accessibilityRotor(_:entries:entryID:entryLabel:)"]	unmatched	none	0	0		[]
s:7SwiftUI4ViewPAAE18accessibilityRotor_7entries7entryID0G5LabelQrqd___Sayqd_0_Gs7KeyPathCyqd_0_qd_1_GAJyqd_0_SSGtSyRd__SHRd_1_r1_lF::SYNTHESIZED::s:12FinanceKitUI22AddOrderToWalletButtonV	swift.method	["AddOrderToWalletButton","accessibilityRotor(_:entries:entryID:entryLabel:)"]	unmatched	none	0	0		[]
s:7SwiftUI4ViewPAAE18accessibilityRotor_7entriesQr10Foundation23LocalizedStringResourceV_qd__yctAA013AccessibilityE7ContentRd__lF::SYNTHESIZED::s:12FinanceKitUI17TransactionPickerV	swift.method	["TransactionPicker","accessibilityRotor(_:entries:)"]	unmatched	none	0	0		[]
s:7SwiftUI4ViewPAAE18accessibilityRotor_7entriesQr10Foundation23LocalizedStringResourceV_qd__yctAA013AccessibilityE7ContentRd__lF::SYNTHESIZED::s:12FinanceKitUI22AddOrderToWalletButtonV	swift.method	["AddOrderToWalletButton","accessibilityRotor(_:entries:)"]	unmatched	none	0	0		[]
s:7SwiftUI4ViewPAAE18accessibilityRotor_7entriesQrAA019AccessibilitySystemE0V_qd__yctAA0gE7ContentRd__lF::SYNTHESIZED::s:12FinanceKitUI17TransactionPickerV	swift.method	["TransactionPicker","accessibilityRotor(_:entries:)"]	unmatched	none	0	0		[]
s:7SwiftUI4ViewPAAE18accessibilityRotor_7entriesQrAA019AccessibilitySystemE0V_qd__yctAA0gE7ContentRd__lF::SYNTHESIZED::s:12FinanceKitUI22AddOrderToWalletButtonV	swift.method	["AddOrderToWalletButton","accessibilityRotor(_:entries:)"]	unmatched	none	0	0		[]
s:7SwiftUI4ViewPAAE18accessibilityRotor_7entriesQrAA18LocalizedStringKeyV_qd__yctAA013AccessibilityE7ContentRd__lF::SYNTHESIZED::s:12FinanceKitUI17TransactionPickerV	swift.method	["TransactionPicker","accessibilityRotor(_:entries:)"]	unmatched	none	0	0		[]
s:7SwiftUI4ViewPAAE18accessibilityRotor_7entriesQrAA18LocalizedStringKeyV_qd__yctAA013AccessibilityE7ContentRd__lF::SYNTHESIZED::s:12FinanceKitUI22AddOrderToWalletButtonV	swift.method	["AddOrderToWalletButton","accessibilityRotor(_:entries:)"]	unmatched	none	0	0		[]
s:7SwiftUI4ViewPAAE18accessibilityRotor_7entriesQrAA4TextV_qd__yctAA013AccessibilityE7ContentRd__lF::SYNTHESIZED::s:12FinanceKitUI17TransactionPickerV	swift.method	["TransactionPicker","accessibilityRotor(_:entries:)"]	unmatched	none	0	0		[]
s:7SwiftUI4ViewPAAE18accessibilityRotor_7entriesQrAA4TextV_qd__yctAA013AccessibilityE7ContentRd__lF::SYNTHESIZED::s:12FinanceKitUI22AddOrderToWalletButtonV	swift.method	["AddOrderToWalletButton","accessibilityRotor(_:entries:)"]	unmatched	none	0	0		[]
s:7SwiftUI4ViewPAAE18accessibilityRotor_7entriesQrqd___qd_0_yctSyRd__AA013AccessibilityE7ContentRd_0_r0_lF::SYNTHESIZED::s:12FinanceKitUI17TransactionPickerV	swift.method	["TransactionPicker","accessibilityRotor(_:entries:)"]	unmatched	none	0	0		[]
s:7SwiftUI4ViewPAAE18accessibilityRotor_7entriesQrqd___qd_0_yctSyRd__AA013AccessibilityE7ContentRd_0_r0_lF::SYNTHESIZED::s:12FinanceKitUI22AddOrderToWalletButtonV	swift.method	["AddOrderToWalletButton","accessibilityRotor(_:entries:)"]	unmatched	none	0	0		[]
s:7SwiftUI4ViewPAAE18accessibilityValue_9isEnabledAA15ModifiedContentVyxAA31AccessibilityAttachmentModifierVG10Foundation23LocalizedStringResourceV_SbtF::SYNTHESIZED::s:12FinanceKitUI17TransactionPickerV	swift.method	["TransactionPicker","accessibilityValue(_:isEnabled:)"]	unmatched	none	0	0		[]
s:7SwiftUI4ViewPAAE18accessibilityValue_9isEnabledAA15ModifiedContentVyxAA31AccessibilityAttachmentModifierVG10Foundation23LocalizedStringResourceV_SbtF::SYNTHESIZED::s:12FinanceKitUI22AddOrderToWalletButtonV	swift.method	["AddOrderToWalletButton","accessibilityValue(_:isEnabled:)"]	unmatched	none	0	0		[]
s:7SwiftUI4ViewPAAE18accessibilityValue_9isEnabledAA15ModifiedContentVyxAA31AccessibilityAttachmentModifierVGAA18LocalizedStringKeyV_SbtF::SYNTHESIZED::s:12FinanceKitUI17TransactionPickerV	swift.method	["TransactionPicker","accessibilityValue(_:isEnabled:)"]	unmatched	none	0	0		[]
s:7SwiftUI4ViewPAAE18accessibilityValue_9isEnabledAA15ModifiedContentVyxAA31AccessibilityAttachmentModifierVGAA18LocalizedStringKeyV_SbtF::SYNTHESIZED::s:12FinanceKitUI22AddOrderToWalletButtonV	swift.method	["AddOrderToWalletButton","accessibilityValue(_:isEnabled:)"]	unmatched	none	0	0		[]
s:7SwiftUI4ViewPAAE18accessibilityValue_9isEnabledAA15ModifiedContentVyxAA31AccessibilityAttachmentModifierVGAA4TextV_SbtF::SYNTHESIZED::s:12FinanceKitUI17TransactionPickerV	swift.method	["TransactionPicker","accessibilityValue(_:isEnabled:)"]	unmatched	none	0	0		[]
s:7SwiftUI4ViewPAAE18accessibilityValue_9isEnabledAA15ModifiedContentVyxAA31AccessibilityAttachmentModifierVGAA4TextV_SbtF::SYNTHESIZED::s:12FinanceKitUI22AddOrderToWalletButtonV	swift.method	["AddOrderToWalletButton","accessibilityValue(_:isEnabled:)"]	unmatched	none	0	0		[]
s:7SwiftUI4ViewPAAE18accessibilityValue_9isEnabledAA15ModifiedContentVyxAA31AccessibilityAttachmentModifierVGqd___SbtSyRd__lF::SYNTHESIZED::s:12FinanceKitUI17TransactionPickerV	swift.method	["TransactionPicker","accessibilityValue(_:isEnabled:)"]	unmatched	none	0	0		[]
s:7SwiftUI4ViewPAAE18accessibilityValue_9isEnabledAA15ModifiedContentVyxAA31AccessibilityAttachmentModifierVGqd___SbtSyRd__lF::SYNTHESIZED::s:12FinanceKitUI22AddOrderToWalletButtonV	swift.method	["AddOrderToWalletButton","accessibilityValue(_:isEnabled:)"]	unmatched	none	0	0		[]
s:7SwiftUI4ViewPAAE18accessibilityValueyAA15ModifiedContentVyxAA31AccessibilityAttachmentModifierVG10Foundation23LocalizedStringResourceVF::SYNTHESIZED::s:12FinanceKitUI17TransactionPickerV	swift.method	["TransactionPicker","accessibilityValue(_:)"]	unmatched	none	0	0		[]
s:7SwiftUI4ViewPAAE18accessibilityValueyAA15ModifiedContentVyxAA31AccessibilityAttachmentModifierVG10Foundation23LocalizedStringResourceVF::SYNTHESIZED::s:12FinanceKitUI22AddOrderToWalletButtonV	swift.method	["AddOrderToWalletButton","accessibilityValue(_:)"]	unmatched	none	0	0		[]
s:7SwiftUI4ViewPAAE18accessibilityValueyAA15ModifiedContentVyxAA31AccessibilityAttachmentModifierVGAA18LocalizedStringKeyVF::SYNTHESIZED::s:12FinanceKitUI17TransactionPickerV	swift.method	["TransactionPicker","accessibilityValue(_:)"]	unmatched	none	0	0		[]
s:7SwiftUI4ViewPAAE18accessibilityValueyAA15ModifiedContentVyxAA31AccessibilityAttachmentModifierVGAA18LocalizedStringKeyVF::SYNTHESIZED::s:12FinanceKitUI22AddOrderToWalletButtonV	swift.method	["AddOrderToWalletButton","accessibilityValue(_:)"]	unmatched	none	0	0		[]
s:7SwiftUI4ViewPAAE18accessibilityValueyAA15ModifiedContentVyxAA31AccessibilityAttachmentModifierVGAA4TextVF::SYNTHESIZED::s:12FinanceKitUI17TransactionPickerV	swift.method	["TransactionPicker","accessibilityValue(_:)"]	unmatched	none	0	0		[]
s:7SwiftUI4ViewPAAE18accessibilityValueyAA15ModifiedContentVyxAA31AccessibilityAttachmentModifierVGAA4TextVF::SYNTHESIZED::s:12FinanceKitUI22AddOrderToWalletButtonV	swift.method	["AddOrderToWalletButton","accessibilityValue(_:)"]	unmatched	none	0	0		[]
s:7SwiftUI4ViewPAAE18accessibilityValueyAA15ModifiedContentVyxAA31AccessibilityAttachmentModifierVGqd__SyRd__lF::SYNTHESIZED::s:12FinanceKitUI17TransactionPickerV	swift.method	["TransactionPicker","accessibilityValue(_:)"]	unmatched	none	0	0		[]
s:7SwiftUI4ViewPAAE18accessibilityValueyAA15ModifiedContentVyxAA31AccessibilityAttachmentModifierVGqd__SyRd__lF::SYNTHESIZED::s:12FinanceKitUI22AddOrderToWalletButtonV	swift.method	["AddOrderToWalletButton","accessibilityValue(_:)"]	unmatched	none	0	0		[]
s:7SwiftUI4ViewPAAE18autocapitalizationyQrSo28UITextAutocapitalizationTypeVF::SYNTHESIZED::s:12FinanceKitUI17TransactionPickerV	swift.method	["TransactionPicker","autocapitalization(_:)"]	unmatched	none	0	0		[]
s:7SwiftUI4ViewPAAE18autocapitalizationyQrSo28UITextAutocapitalizationTypeVF::SYNTHESIZED::s:12FinanceKitUI22AddOrderToWalletButtonV	swift.method	["AddOrderToWalletButton","autocapitalization(_:)"]	unmatched	none	0	0		[]
s:7SwiftUI4ViewPAAE18confirmationDialog_11isPresented15titleVisibility10presenting7actions7messageQr10Foundation23LocalizedStringResourceV_AA7BindingVySbGAA0I0Oqd_1_Sgqd__qd_1_XEqd_0_qd_1_XEtAaBRd__AaBRd_0_r1_lF::SYNTHESIZED::s:12FinanceKitUI17TransactionPickerV	swift.method	["TransactionPicker","confirmationDialog(_:isPresented:titleVisibility:presenting:actions:message:)"]	unmatched	none	0	0		[]
s:7SwiftUI4ViewPAAE18confirmationDialog_11isPresented15titleVisibility10presenting7actions7messageQr10Foundation23LocalizedStringResourceV_AA7BindingVySbGAA0I0Oqd_1_Sgqd__qd_1_XEqd_0_qd_1_XEtAaBRd__AaBRd_0_r1_lF::SYNTHESIZED::s:12FinanceKitUI22AddOrderToWalletButtonV	swift.method	["AddOrderToWalletButton","confirmationDialog(_:isPresented:titleVisibility:presenting:actions:message:)"]	unmatched	none	0	0		[]
s:7SwiftUI4ViewPAAE18confirmationDialog_11isPresented15titleVisibility10presenting7actions7messageQrAA18LocalizedStringKeyV_AA7BindingVySbGAA0I0Oqd_1_Sgqd__qd_1_XEqd_0_qd_1_XEtAaBRd__AaBRd_0_r1_lF::SYNTHESIZED::s:12FinanceKitUI17TransactionPickerV	swift.method	["TransactionPicker","confirmationDialog(_:isPresented:titleVisibility:presenting:actions:message:)"]	unmatched	none	0	0		[]
s:7SwiftUI4ViewPAAE18confirmationDialog_11isPresented15titleVisibility10presenting7actions7messageQrAA18LocalizedStringKeyV_AA7BindingVySbGAA0I0Oqd_1_Sgqd__qd_1_XEqd_0_qd_1_XEtAaBRd__AaBRd_0_r1_lF::SYNTHESIZED::s:12FinanceKitUI22AddOrderToWalletButtonV	swift.method	["AddOrderToWalletButton","confirmationDialog(_:isPresented:titleVisibility:presenting:actions:message:)"]	unmatched	none	0	0		[]
s:7SwiftUI4ViewPAAE18confirmationDialog_11isPresented15titleVisibility10presenting7actions7messageQrAA4TextV_AA7BindingVySbGAA0I0Oqd_1_Sgqd__qd_1_XEqd_0_qd_1_XEtAaBRd__AaBRd_0_r1_lF::SYNTHESIZED::s:12FinanceKitUI17TransactionPickerV	swift.method	["TransactionPicker","confirmationDialog(_:isPresented:titleVisibility:presenting:actions:message:)"]	unmatched	none	0	0		[]
s:7SwiftUI4ViewPAAE18confirmationDialog_11isPresented15titleVisibility10presenting7actions7messageQrAA4TextV_AA7BindingVySbGAA0I0Oqd_1_Sgqd__qd_1_XEqd_0_qd_1_XEtAaBRd__AaBRd_0_r1_lF::SYNTHESIZED::s:12FinanceKitUI22AddOrderToWalletButtonV	swift.method	["AddOrderToWalletButton","confirmationDialog(_:isPresented:titleVisibility:presenting:actions:message:)"]	unmatched	none	0	0		[]
s:7SwiftUI4ViewPAAE18confirmationDialog_11isPresented15titleVisibility10presenting7actions7messageQrqd___AA7BindingVySbGAA0I0Oqd_2_Sgqd_0_qd_2_XEqd_1_qd_2_XEtSyRd__AaBRd_0_AaBRd_1_r2_lF::SYNTHESIZED::s:12FinanceKitUI17TransactionPickerV	swift.method	["TransactionPicker","confirmationDialog(_:isPresented:titleVisibility:presenting:actions:message:)"]	unmatched	none	0	0		[]
s:7SwiftUI4ViewPAAE18confirmationDialog_11isPresented15titleVisibility10presenting7actions7messageQrqd___AA7BindingVySbGAA0I0Oqd_2_Sgqd_0_qd_2_XEqd_1_qd_2_XEtSyRd__AaBRd_0_AaBRd_1_r2_lF::SYNTHESIZED::s:12FinanceKitUI22AddOrderToWalletButtonV	swift.method	["AddOrderToWalletButton","confirmationDialog(_:isPresented:titleVisibility:presenting:actions:message:)"]	unmatched	none	0	0		[]
s:7SwiftUI4ViewPAAE18confirmationDialog_11isPresented15titleVisibility10presenting7actionsQr10Foundation23LocalizedStringResourceV_AA7BindingVySbGAA0I0Oqd_0_Sgqd__qd_0_XEtAaBRd__r0_lF::SYNTHESIZED::s:12FinanceKitUI17TransactionPickerV	swift.method	["TransactionPicker","confirmationDialog(_:isPresented:titleVisibility:presenting:actions:)"]	unmatched	none	0	0		[]
s:7SwiftUI4ViewPAAE18confirmationDialog_11isPresented15titleVisibility10presenting7actionsQr10Foundation23LocalizedStringResourceV_AA7BindingVySbGAA0I0Oqd_0_Sgqd__qd_0_XEtAaBRd__r0_lF::SYNTHESIZED::s:12FinanceKitUI22AddOrderToWalletButtonV	swift.method	["AddOrderToWalletButton","confirmationDialog(_:isPresented:titleVisibility:presenting:actions:)"]	unmatched	none	0	0		[]
s:7SwiftUI4ViewPAAE18confirmationDialog_11isPresented15titleVisibility10presenting7actionsQrAA18LocalizedStringKeyV_AA7BindingVySbGAA0I0Oqd_0_Sgqd__qd_0_XEtAaBRd__r0_lF::SYNTHESIZED::s:12FinanceKitUI17TransactionPickerV	swift.method	["TransactionPicker","confirmationDialog(_:isPresented:titleVisibility:presenting:actions:)"]	unmatched	none	0	0		[]
s:7SwiftUI4ViewPAAE18confirmationDialog_11isPresented15titleVisibility10presenting7actionsQrAA18LocalizedStringKeyV_AA7BindingVySbGAA0I0Oqd_0_Sgqd__qd_0_XEtAaBRd__r0_lF::SYNTHESIZED::s:12FinanceKitUI22AddOrderToWalletButtonV	swift.method	["AddOrderToWalletButton","confirmationDialog(_:isPresented:titleVisibility:presenting:actions:)"]	unmatched	none	0	0		[]
s:7SwiftUI4ViewPAAE18confirmationDialog_11isPresented15titleVisibility10presenting7actionsQrAA4TextV_AA7BindingVySbGAA0I0Oqd_0_Sgqd__qd_0_XEtAaBRd__r0_lF::SYNTHESIZED::s:12FinanceKitUI17TransactionPickerV	swift.method	["TransactionPicker","confirmationDialog(_:isPresented:titleVisibility:presenting:actions:)"]	unmatched	none	0	0		[]
s:7SwiftUI4ViewPAAE18confirmationDialog_11isPresented15titleVisibility10presenting7actionsQrAA4TextV_AA7BindingVySbGAA0I0Oqd_0_Sgqd__qd_0_XEtAaBRd__r0_lF::SYNTHESIZED::s:12FinanceKitUI22AddOrderToWalletButtonV	swift.method	["AddOrderToWalletButton","confirmationDialog(_:isPresented:titleVisibility:presenting:actions:)"]	unmatched	none	0	0		[]
s:7SwiftUI4ViewPAAE18confirmationDialog_11isPresented15titleVisibility10presenting7actionsQrqd___AA7BindingVySbGAA0I0Oqd_1_Sgqd_0_qd_1_XEtSyRd__AaBRd_0_r1_lF::SYNTHESIZED::s:12FinanceKitUI17TransactionPickerV	swift.method	["TransactionPicker","confirmationDialog(_:isPresented:titleVisibility:presenting:actions:)"]	unmatched	none	0	0		[]
s:7SwiftUI4ViewPAAE18confirmationDialog_11isPresented15titleVisibility10presenting7actionsQrqd___AA7BindingVySbGAA0I0Oqd_1_Sgqd_0_qd_1_XEtSyRd__AaBRd_0_r1_lF::SYNTHESIZED::s:12FinanceKitUI22AddOrderToWalletButtonV	swift.method	["AddOrderToWalletButton","confirmationDialog(_:isPresented:titleVisibility:presenting:actions:)"]	unmatched	none	0	0		[]
s:7SwiftUI4ViewPAAE18confirmationDialog_11isPresented15titleVisibility7actions7messageQr10Foundation23LocalizedStringResourceV_AA7BindingVySbGAA0I0Oqd__yXEqd_0_yXEtAaBRd__AaBRd_0_r0_lF::SYNTHESIZED::s:12FinanceKitUI17TransactionPickerV	swift.method	["TransactionPicker","confirmationDialog(_:isPresented:titleVisibility:actions:message:)"]	unmatched	none	0	0		[]
s:7SwiftUI4ViewPAAE18confirmationDialog_11isPresented15titleVisibility7actions7messageQr10Foundation23LocalizedStringResourceV_AA7BindingVySbGAA0I0Oqd__yXEqd_0_yXEtAaBRd__AaBRd_0_r0_lF::SYNTHESIZED::s:12FinanceKitUI22AddOrderToWalletButtonV	swift.method	["AddOrderToWalletButton","confirmationDialog(_:isPresented:titleVisibility:actions:message:)"]	unmatched	none	0	0		[]
s:7SwiftUI4ViewPAAE18confirmationDialog_11isPresented15titleVisibility7actions7messageQrAA18LocalizedStringKeyV_AA7BindingVySbGAA0I0Oqd__yXEqd_0_yXEtAaBRd__AaBRd_0_r0_lF::SYNTHESIZED::s:12FinanceKitUI17TransactionPickerV	swift.method	["TransactionPicker","confirmationDialog(_:isPresented:titleVisibility:actions:message:)"]	unmatched	none	0	0		[]
s:7SwiftUI4ViewPAAE18confirmationDialog_11isPresented15titleVisibility7actions7messageQrAA18LocalizedStringKeyV_AA7BindingVySbGAA0I0Oqd__yXEqd_0_yXEtAaBRd__AaBRd_0_r0_lF::SYNTHESIZED::s:12FinanceKitUI22AddOrderToWalletButtonV	swift.method	["AddOrderToWalletButton","confirmationDialog(_:isPresented:titleVisibility:actions:message:)"]	unmatched	none	0	0		[]
s:7SwiftUI4ViewPAAE18confirmationDialog_11isPresented15titleVisibility7actions7messageQrAA4TextV_AA7BindingVySbGAA0I0Oqd__yXEqd_0_yXEtAaBRd__AaBRd_0_r0_lF::SYNTHESIZED::s:12FinanceKitUI17TransactionPickerV	swift.method	["TransactionPicker","confirmationDialog(_:isPresented:titleVisibility:actions:message:)"]	unmatched	none	0	0		[]
s:7SwiftUI4ViewPAAE18confirmationDialog_11isPresented15titleVisibility7actions7messageQrAA4TextV_AA7BindingVySbGAA0I0Oqd__yXEqd_0_yXEtAaBRd__AaBRd_0_r0_lF::SYNTHESIZED::s:12FinanceKitUI22AddOrderToWalletButtonV	swift.method	["AddOrderToWalletButton","confirmationDialog(_:isPresented:titleVisibility:actions:message:)"]	unmatched	none	0	0		[]
s:7SwiftUI4ViewPAAE18confirmationDialog_11isPresented15titleVisibility7actions7messageQrqd___AA7BindingVySbGAA0I0Oqd_0_yXEqd_1_yXEtSyRd__AaBRd_0_AaBRd_1_r1_lF::SYNTHESIZED::s:12FinanceKitUI17TransactionPickerV	swift.method	["TransactionPicker","confirmationDialog(_:isPresented:titleVisibility:actions:message:)"]	unmatched	none	0	0		[]
s:7SwiftUI4ViewPAAE18confirmationDialog_11isPresented15titleVisibility7actions7messageQrqd___AA7BindingVySbGAA0I0Oqd_0_yXEqd_1_yXEtSyRd__AaBRd_0_AaBRd_1_r1_lF::SYNTHESIZED::s:12FinanceKitUI22AddOrderToWalletButtonV	swift.method	["AddOrderToWalletButton","confirmationDialog(_:isPresented:titleVisibility:actions:message:)"]	unmatched	none	0	0		[]
s:7SwiftUI4ViewPAAE18confirmationDialog_11isPresented15titleVisibility7actionsQr10Foundation23LocalizedStringResourceV_AA7BindingVySbGAA0I0Oqd__yXEtAaBRd__lF::SYNTHESIZED::s:12FinanceKitUI17TransactionPickerV	swift.method	["TransactionPicker","confirmationDialog(_:isPresented:titleVisibility:actions:)"]	unmatched	none	0	0		[]
s:7SwiftUI4ViewPAAE18confirmationDialog_11isPresented15titleVisibility7actionsQr10Foundation23LocalizedStringResourceV_AA7BindingVySbGAA0I0Oqd__yXEtAaBRd__lF::SYNTHESIZED::s:12FinanceKitUI22AddOrderToWalletButtonV	swift.method	["AddOrderToWalletButton","confirmationDialog(_:isPresented:titleVisibility:actions:)"]	unmatched	none	0	0		[]
s:7SwiftUI4ViewPAAE18confirmationDialog_11isPresented15titleVisibility7actionsQrAA18LocalizedStringKeyV_AA7BindingVySbGAA0I0Oqd__yXEtAaBRd__lF::SYNTHESIZED::s:12FinanceKitUI17TransactionPickerV	swift.method	["TransactionPicker","confirmationDialog(_:isPresented:titleVisibility:actions:)"]	unmatched	none	0	0		[]
s:7SwiftUI4ViewPAAE18confirmationDialog_11isPresented15titleVisibility7actionsQrAA18LocalizedStringKeyV_AA7BindingVySbGAA0I0Oqd__yXEtAaBRd__lF::SYNTHESIZED::s:12FinanceKitUI22AddOrderToWalletButtonV	swift.method	["AddOrderToWalletButton","confirmationDialog(_:isPresented:titleVisibility:actions:)"]	unmatched	none	0	0		[]
s:7SwiftUI4ViewPAAE18confirmationDialog_11isPresented15titleVisibility7actionsQrAA4TextV_AA7BindingVySbGAA0I0Oqd__yXEtAaBRd__lF::SYNTHESIZED::s:12FinanceKitUI17TransactionPickerV	swift.method	["TransactionPicker","confirmationDialog(_:isPresented:titleVisibility:actions:)"]	unmatched	none	0	0		[]
s:7SwiftUI4ViewPAAE18confirmationDialog_11isPresented15titleVisibility7actionsQrAA4TextV_AA7BindingVySbGAA0I0Oqd__yXEtAaBRd__lF::SYNTHESIZED::s:12FinanceKitUI22AddOrderToWalletButtonV	swift.method	["AddOrderToWalletButton","confirmationDialog(_:isPresented:titleVisibility:actions:)"]	unmatched	none	0	0		[]
s:7SwiftUI4ViewPAAE18confirmationDialog_11isPresented15titleVisibility7actionsQrqd___AA7BindingVySbGAA0I0Oqd_0_yXEtSyRd__AaBRd_0_r0_lF::SYNTHESIZED::s:12FinanceKitUI17TransactionPickerV	swift.method	["TransactionPicker","confirmationDialog(_:isPresented:titleVisibility:actions:)"]	unmatched	none	0	0		[]
s:7SwiftUI4ViewPAAE18confirmationDialog_11isPresented15titleVisibility7actionsQrqd___AA7BindingVySbGAA0I0Oqd_0_yXEtSyRd__AaBRd_0_r0_lF::SYNTHESIZED::s:12FinanceKitUI22AddOrderToWalletButtonV	swift.method	["AddOrderToWalletButton","confirmationDialog(_:isPresented:titleVisibility:actions:)"]	unmatched	none	0	0		[]
s:7SwiftUI4ViewPAAE18defaultHoverEffectyQrAA0eF0VSgF::SYNTHESIZED::s:12FinanceKitUI17TransactionPickerV	swift.method	["TransactionPicker","defaultHoverEffect(_:)"]	unmatched	none	0	0		[]
s:7SwiftUI4ViewPAAE18defaultHoverEffectyQrAA0eF0VSgF::SYNTHESIZED::s:12FinanceKitUI22AddOrderToWalletButtonV	swift.method	["AddOrderToWalletButton","defaultHoverEffect(_:)"]	unmatched	none	0	0		[]
s:7SwiftUI4ViewPAAE18defaultHoverEffectyQrqd__AA06CustomeF0Rd__lF::SYNTHESIZED::s:12FinanceKitUI17TransactionPickerV	swift.method	["TransactionPicker","defaultHoverEffect(_:)"]	unmatched	none	0	0		[]
s:7SwiftUI4ViewPAAE18defaultHoverEffectyQrqd__AA06CustomeF0Rd__lF::SYNTHESIZED::s:12FinanceKitUI22AddOrderToWalletButtonV	swift.method	["AddOrderToWalletButton","defaultHoverEffect(_:)"]	unmatched	none	0	0		[]
s:7SwiftUI4ViewPAAE18focusedSceneObjectyQrqd__7Combine010ObservableF0Rd__lF::SYNTHESIZED::s:12FinanceKitUI17TransactionPickerV	swift.method	["TransactionPicker","focusedSceneObject(_:)"]	unmatched	none	0	0		[]
s:7SwiftUI4ViewPAAE18focusedSceneObjectyQrqd__7Combine010ObservableF0Rd__lF::SYNTHESIZED::s:12FinanceKitUI22AddOrderToWalletButtonV	swift.method	["AddOrderToWalletButton","focusedSceneObject(_:)"]	unmatched	none	0	0		[]
s:7SwiftUI4ViewPAAE18focusedSceneObjectyQrqd__Sg7Combine010ObservableF0Rd__lF::SYNTHESIZED::s:12FinanceKitUI17TransactionPickerV	swift.method	["TransactionPicker","focusedSceneObject(_:)"]	unmatched	none	0	0		[]
s:7SwiftUI4ViewPAAE18focusedSceneObjectyQrqd__Sg7Combine010ObservableF0Rd__lF::SYNTHESIZED::s:12FinanceKitUI22AddOrderToWalletButtonV	swift.method	["AddOrderToWalletButton","focusedSceneObject(_:)"]	unmatched	none	0	0		[]
s:7SwiftUI4ViewPAAE18listSectionMarginsyQrAA4EdgeO3SetV_14CoreFoundation7CGFloatVSgtF::SYNTHESIZED::s:12FinanceKitUI17TransactionPickerV	swift.method	["TransactionPicker","listSectionMargins(_:_:)"]	unmatched	none	0	0		[]
s:7SwiftUI4ViewPAAE18listSectionMarginsyQrAA4EdgeO3SetV_14CoreFoundation7CGFloatVSgtF::SYNTHESIZED::s:12FinanceKitUI22AddOrderToWalletButtonV	swift.method	["AddOrderToWalletButton","listSectionMargins(_:_:)"]	unmatched	none	0	0		[]
s:7SwiftUI4ViewPAAE18listSectionSpacingyQr14CoreFoundation7CGFloatVF::SYNTHESIZED::s:12FinanceKitUI17TransactionPickerV	swift.method	["TransactionPicker","listSectionSpacing(_:)"]	unmatched	none	0	0		[]
s:7SwiftUI4ViewPAAE18listSectionSpacingyQr14CoreFoundation7CGFloatVF::SYNTHESIZED::s:12FinanceKitUI22AddOrderToWalletButtonV	swift.method	["AddOrderToWalletButton","listSectionSpacing(_:)"]	unmatched	none	0	0		[]
s:7SwiftUI4ViewPAAE18listSectionSpacingyQrAA04ListeF0VF::SYNTHESIZED::s:12FinanceKitUI17TransactionPickerV	swift.method	["TransactionPicker","listSectionSpacing(_:)"]	unmatched	none	0	0		[]
s:7SwiftUI4ViewPAAE18listSectionSpacingyQrAA04ListeF0VF::SYNTHESIZED::s:12FinanceKitUI22AddOrderToWalletButtonV	swift.method	["AddOrderToWalletButton","listSectionSpacing(_:)"]	unmatched	none	0	0		[]
s:7SwiftUI4ViewPAAE18minimumScaleFactoryQr14CoreFoundation7CGFloatVF::SYNTHESIZED::s:12FinanceKitUI17TransactionPickerV	swift.method	["TransactionPicker","minimumScaleFactor(_:)"]	unmatched	none	0	0		[]
s:7SwiftUI4ViewPAAE18minimumScaleFactoryQr14CoreFoundation7CGFloatVF::SYNTHESIZED::s:12FinanceKitUI22AddOrderToWalletButtonV	swift.method	["AddOrderToWalletButton","minimumScaleFactor(_:)"]	unmatched	none	0	0		[]
s:7SwiftUI4ViewPAAE18navigationBarItems7leading8trailingQrqd___qd_0_tAaBRd__AaBRd_0_r0_lF::SYNTHESIZED::s:12FinanceKitUI17TransactionPickerV	swift.method	["TransactionPicker","navigationBarItems(leading:trailing:)"]	unmatched	none	0	0		[]
s:7SwiftUI4ViewPAAE18navigationBarItems7leading8trailingQrqd___qd_0_tAaBRd__AaBRd_0_r0_lF::SYNTHESIZED::s:12FinanceKitUI22AddOrderToWalletButtonV	swift.method	["AddOrderToWalletButton","navigationBarItems(leading:trailing:)"]	unmatched	none	0	0		[]
s:7SwiftUI4ViewPAAE18navigationBarItems7leadingQrqd___tAaBRd__lF::SYNTHESIZED::s:12FinanceKitUI17TransactionPickerV	swift.method	["TransactionPicker","navigationBarItems(leading:)"]	unmatched	none	0	0		[]
s:7SwiftUI4ViewPAAE18navigationBarItems7leadingQrqd___tAaBRd__lF::SYNTHESIZED::s:12FinanceKitUI22AddOrderToWalletButtonV	swift.method	["AddOrderToWalletButton","navigationBarItems(leading:)"]	unmatched	none	0	0		[]
s:7SwiftUI4ViewPAAE18navigationBarItems8trailingQrqd___tAaBRd__lF::SYNTHESIZED::s:12FinanceKitUI17TransactionPickerV	swift.method	["TransactionPicker","navigationBarItems(trailing:)"]	unmatched	none	0	0		[]
s:7SwiftUI4ViewPAAE18navigationBarItems8trailingQrqd___tAaBRd__lF::SYNTHESIZED::s:12FinanceKitUI22AddOrderToWalletButtonV	swift.method	["AddOrderToWalletButton","navigationBarItems(trailing:)"]	unmatched	none	0	0		[]
s:7SwiftUI4ViewPAAE18navigationBarTitle_11displayModeQrAA18LocalizedStringKeyV_AA010NavigationE4ItemV0f7DisplayH0OtF::SYNTHESIZED::s:12FinanceKitUI17TransactionPickerV	swift.method	["TransactionPicker","navigationBarTitle(_:displayMode:)"]	unmatched	none	0	0		[]
s:7SwiftUI4ViewPAAE18navigationBarTitle_11displayModeQrAA18LocalizedStringKeyV_AA010NavigationE4ItemV0f7DisplayH0OtF::SYNTHESIZED::s:12FinanceKitUI22AddOrderToWalletButtonV	swift.method	["AddOrderToWalletButton","navigationBarTitle(_:displayMode:)"]	unmatched	none	0	0		[]
s:7SwiftUI4ViewPAAE18navigationBarTitle_11displayModeQrAA4TextV_AA010NavigationE4ItemV0f7DisplayH0OtF::SYNTHESIZED::s:12FinanceKitUI17TransactionPickerV	swift.method	["TransactionPicker","navigationBarTitle(_:displayMode:)"]	unmatched	none	0	0		[]
s:7SwiftUI4ViewPAAE18navigationBarTitle_11displayModeQrAA4TextV_AA010NavigationE4ItemV0f7DisplayH0OtF::SYNTHESIZED::s:12FinanceKitUI22AddOrderToWalletButtonV	swift.method	["AddOrderToWalletButton","navigationBarTitle(_:displayMode:)"]	unmatched	none	0	0		[]
s:7SwiftUI4ViewPAAE18navigationBarTitle_11displayModeQrqd___AA010NavigationE4ItemV0f7DisplayH0OtSyRd__lF::SYNTHESIZED::s:12FinanceKitUI17TransactionPickerV	swift.method	["TransactionPicker","navigationBarTitle(_:displayMode:)"]	unmatched	none	0	0		[]
s:7SwiftUI4ViewPAAE18navigationBarTitle_11displayModeQrqd___AA010NavigationE4ItemV0f7DisplayH0OtSyRd__lF::SYNTHESIZED::s:12FinanceKitUI22AddOrderToWalletButtonV	swift.method	["AddOrderToWalletButton","navigationBarTitle(_:displayMode:)"]	unmatched	none	0	0		[]
s:7SwiftUI4ViewPAAE18navigationBarTitleyQrAA18LocalizedStringKeyVF::SYNTHESIZED::s:12FinanceKitUI17TransactionPickerV	swift.method	["TransactionPicker","navigationBarTitle(_:)"]	unmatched	none	0	0		[]
s:7SwiftUI4ViewPAAE18navigationBarTitleyQrAA18LocalizedStringKeyVF::SYNTHESIZED::s:12FinanceKitUI22AddOrderToWalletButtonV	swift.method	["AddOrderToWalletButton","navigationBarTitle(_:)"]	unmatched	none	0	0		[]
s:7SwiftUI4ViewPAAE18navigationBarTitleyQrAA4TextVF::SYNTHESIZED::s:12FinanceKitUI17TransactionPickerV	swift.method	["TransactionPicker","navigationBarTitle(_:)"]	unmatched	none	0	0		[]
s:7SwiftUI4ViewPAAE18navigationBarTitleyQrAA4TextVF::SYNTHESIZED::s:12FinanceKitUI22AddOrderToWalletButtonV	swift.method	["AddOrderToWalletButton","navigationBarTitle(_:)"]	unmatched	none	0	0		[]
s:7SwiftUI4ViewPAAE18navigationBarTitleyQrqd__SyRd__lF::SYNTHESIZED::s:12FinanceKitUI17TransactionPickerV	swift.method	["TransactionPicker","navigationBarTitle(_:)"]	unmatched	none	0	0		[]
s:7SwiftUI4ViewPAAE18navigationBarTitleyQrqd__SyRd__lF::SYNTHESIZED::s:12FinanceKitUI22AddOrderToWalletButtonV	swift.method	["AddOrderToWalletButton","navigationBarTitle(_:)"]	unmatched	none	0	0		[]
s:7SwiftUI4ViewPAAE18navigationDocument_7previewQrqd___AA12SharePreviewVyqd_0_qd_1_Gt16CoreTransferable0J0Rd__AiJRd_0_AiJRd_1_r1_lF::SYNTHESIZED::s:12FinanceKitUI17TransactionPickerV	swift.method	["TransactionPicker","navigationDocument(_:preview:)"]	unmatched	none	0	0		[]
s:7SwiftUI4ViewPAAE18navigationDocument_7previewQrqd___AA12SharePreviewVyqd_0_qd_1_Gt16CoreTransferable0J0Rd__AiJRd_0_AiJRd_1_r1_lF::SYNTHESIZED::s:12FinanceKitUI22AddOrderToWalletButtonV	swift.method	["AddOrderToWalletButton","navigationDocument(_:preview:)"]	unmatched	none	0	0		[]
s:7SwiftUI4ViewPAAE18navigationDocument_7previewQrqd___AA12SharePreviewVyqd_0_s5NeverOGt16CoreTransferable0K0Rd__AkLRd_0_r0_lF::SYNTHESIZED::s:12FinanceKitUI17TransactionPickerV	swift.method	["TransactionPicker","navigationDocument(_:preview:)"]	unmatched	none	0	0		[]
s:7SwiftUI4ViewPAAE18navigationDocument_7previewQrqd___AA12SharePreviewVyqd_0_s5NeverOGt16CoreTransferable0K0Rd__AkLRd_0_r0_lF::SYNTHESIZED::s:12FinanceKitUI22AddOrderToWalletButtonV	swift.method	["AddOrderToWalletButton","navigationDocument(_:preview:)"]	unmatched	none	0	0		[]
s:7SwiftUI4ViewPAAE18navigationDocument_7previewQrqd___AA12SharePreviewVys5NeverOAIGt16CoreTransferable0K0Rd__lF::SYNTHESIZED::s:12FinanceKitUI17TransactionPickerV	swift.method	["TransactionPicker","navigationDocument(_:preview:)"]	unmatched	none	0	0		[]
s:7SwiftUI4ViewPAAE18navigationDocument_7previewQrqd___AA12SharePreviewVys5NeverOAIGt16CoreTransferable0K0Rd__lF::SYNTHESIZED::s:12FinanceKitUI22AddOrderToWalletButtonV	swift.method	["AddOrderToWalletButton","navigationDocument(_:preview:)"]	unmatched	none	0	0		[]
s:7SwiftUI4ViewPAAE18navigationDocument_7previewQrqd___AA12SharePreviewVys5NeverOqd_0_Gt16CoreTransferable0K0Rd__AkLRd_0_r0_lF::SYNTHESIZED::s:12FinanceKitUI17TransactionPickerV	swift.method	["TransactionPicker","navigationDocument(_:preview:)"]	unmatched	none	0	0		[]
s:7SwiftUI4ViewPAAE18navigationDocument_7previewQrqd___AA12SharePreviewVys5NeverOqd_0_Gt16CoreTransferable0K0Rd__AkLRd_0_r0_lF::SYNTHESIZED::s:12FinanceKitUI22AddOrderToWalletButtonV	swift.method	["AddOrderToWalletButton","navigationDocument(_:preview:)"]	unmatched	none	0	0		[]
s:7SwiftUI4ViewPAAE18navigationDocumentyQr10Foundation3URLVF::SYNTHESIZED::s:12FinanceKitUI17TransactionPickerV	swift.method	["TransactionPicker","navigationDocument(_:)"]	unmatched	none	0	0		[]
s:7SwiftUI4ViewPAAE18navigationDocumentyQr10Foundation3URLVF::SYNTHESIZED::s:12FinanceKitUI22AddOrderToWalletButtonV	swift.method	["AddOrderToWalletButton","navigationDocument(_:)"]	unmatched	none	0	0		[]
s:7SwiftUI4ViewPAAE18navigationDocumentyQrqd__16CoreTransferable0G0Rd__lF::SYNTHESIZED::s:12FinanceKitUI17TransactionPickerV	swift.method	["TransactionPicker","navigationDocument(_:)"]	unmatched	none	0	0		[]
s:7SwiftUI4ViewPAAE18navigationDocumentyQrqd__16CoreTransferable0G0Rd__lF::SYNTHESIZED::s:12FinanceKitUI22AddOrderToWalletButtonV	swift.method	["AddOrderToWalletButton","navigationDocument(_:)"]	unmatched	none	0	0		[]
s:7SwiftUI4ViewPAAE18navigationSubtitleyQr10Foundation23LocalizedStringResourceVF::SYNTHESIZED::s:12FinanceKitUI17TransactionPickerV	swift.method	["TransactionPicker","navigationSubtitle(_:)"]	unmatched	none	0	0		[]
s:7SwiftUI4ViewPAAE18navigationSubtitleyQr10Foundation23LocalizedStringResourceVF::SYNTHESIZED::s:12FinanceKitUI22AddOrderToWalletButtonV	swift.method	["AddOrderToWalletButton","navigationSubtitle(_:)"]	unmatched	none	0	0		[]
s:7SwiftUI4ViewPAAE18navigationSubtitleyQrAA18LocalizedStringKeyVF::SYNTHESIZED::s:12FinanceKitUI17TransactionPickerV	swift.method	["TransactionPicker","navigationSubtitle(_:)"]	unmatched	none	0	0		[]
s:7SwiftUI4ViewPAAE18navigationSubtitleyQrAA18LocalizedStringKeyVF::SYNTHESIZED::s:12FinanceKitUI22AddOrderToWalletButtonV	swift.method	["AddOrderToWalletButton","navigationSubtitle(_:)"]	unmatched	none	0	0		[]
s:7SwiftUI4ViewPAAE18navigationSubtitleyQrAA4TextVF::SYNTHESIZED::s:12FinanceKitUI17TransactionPickerV	swift.method	["TransactionPicker","navigationSubtitle(_:)"]	unmatched	none	0	0		[]
s:7SwiftUI4ViewPAAE18navigationSubtitleyQrAA4TextVF::SYNTHESIZED::s:12FinanceKitUI22AddOrderToWalletButtonV	swift.method	["AddOrderToWalletButton","navigationSubtitle(_:)"]	unmatched	none	0	0		[]
s:7SwiftUI4ViewPAAE18navigationSubtitleyQrqd__SyRd__lF::SYNTHESIZED::s:12FinanceKitUI17TransactionPickerV	swift.method	["TransactionPicker","navigationSubtitle(_:)"]	unmatched	none	0	0		[]
s:7SwiftUI4ViewPAAE18navigationSubtitleyQrqd__SyRd__lF::SYNTHESIZED::s:12FinanceKitUI22AddOrderToWalletButtonV	swift.method	["AddOrderToWalletButton","navigationSubtitle(_:)"]	unmatched	none	0	0		[]
s:7SwiftUI4ViewPAAE18onLongPressGesture15minimumDuration15maximumDistance7perform0D15PressingChangedQrSd_14CoreFoundation7CGFloatVyycySbcSgtF::SYNTHESIZED::s:12FinanceKitUI17TransactionPickerV	swift.method	["TransactionPicker","onLongPressGesture(minimumDuration:maximumDistance:perform:onPressingChanged:)"]	unmatched	none	0	0		[]
s:7SwiftUI4ViewPAAE18onLongPressGesture15minimumDuration15maximumDistance7perform0D15PressingChangedQrSd_14CoreFoundation7CGFloatVyycySbcSgtF::SYNTHESIZED::s:12FinanceKitUI22AddOrderToWalletButtonV	swift.method	["AddOrderToWalletButton","onLongPressGesture(minimumDuration:maximumDistance:perform:onPressingChanged:)"]	unmatched	none	0	0		[]
s:7SwiftUI4ViewPAAE18onLongPressGesture15minimumDuration15maximumDistance8pressing7performQrSd_14CoreFoundation7CGFloatVySbcSgyyctF::SYNTHESIZED::s:12FinanceKitUI17TransactionPickerV	swift.method	["TransactionPicker","onLongPressGesture(minimumDuration:maximumDistance:pressing:perform:)"]	unmatched	none	0	0		[]
s:7SwiftUI4ViewPAAE18onLongPressGesture15minimumDuration15maximumDistance8pressing7performQrSd_14CoreFoundation7CGFloatVySbcSgyyctF::SYNTHESIZED::s:12FinanceKitUI22AddOrderToWalletButtonV	swift.method	["AddOrderToWalletButton","onLongPressGesture(minimumDuration:maximumDistance:pressing:perform:)"]	unmatched	none	0	0		[]
s:7SwiftUI4ViewPAAE18onLongPressGesture15minimumDuration7perform0D15PressingChangedQrSd_yycySbcSgtF::SYNTHESIZED::s:12FinanceKitUI17TransactionPickerV	swift.method	["TransactionPicker","onLongPressGesture(minimumDuration:perform:onPressingChanged:)"]	unmatched	none	0	0		[]
s:7SwiftUI4ViewPAAE18onLongPressGesture15minimumDuration7perform0D15PressingChangedQrSd_yycySbcSgtF::SYNTHESIZED::s:12FinanceKitUI22AddOrderToWalletButtonV	swift.method	["AddOrderToWalletButton","onLongPressGesture(minimumDuration:perform:onPressingChanged:)"]	unmatched	none	0	0		[]
s:7SwiftUI4ViewPAAE18onLongPressGesture15minimumDuration8pressing7performQrSd_ySbcSgyyctF::SYNTHESIZED::s:12FinanceKitUI17TransactionPickerV	swift.method	["TransactionPicker","onLongPressGesture(minimumDuration:pressing:perform:)"]	unmatched	none	0	0		[]
s:7SwiftUI4ViewPAAE18onLongPressGesture15minimumDuration8pressing7performQrSd_ySbcSgyyctF::SYNTHESIZED::s:12FinanceKitUI22AddOrderToWalletButtonV	swift.method	["AddOrderToWalletButton","onLongPressGesture(minimumDuration:pressing:perform:)"]	unmatched	none	0	0		[]
s:7SwiftUI4ViewPAAE18onPreferenceChange_7performQrqd__m_y5ValueQyd__ctAA0E3KeyRd__SQAGRQlF::SYNTHESIZED::s:12FinanceKitUI17TransactionPickerV	swift.method	["TransactionPicker","onPreferenceChange(_:perform:)"]	unmatched	none	0	0		[]
s:7SwiftUI4ViewPAAE18onPreferenceChange_7performQrqd__m_y5ValueQyd__ctAA0E3KeyRd__SQAGRQlF::SYNTHESIZED::s:12FinanceKitUI22AddOrderToWalletButtonV	swift.method	["AddOrderToWalletButton","onPreferenceChange(_:perform:)"]	unmatched	none	0	0		[]
s:7SwiftUI4ViewPAAE18presentationSizingyQrqd__AA012PresentationE0Rd__lF::SYNTHESIZED::s:12FinanceKitUI17TransactionPickerV	swift.method	["TransactionPicker","presentationSizing(_:)"]	unmatched	none	0	0		[]
s:7SwiftUI4ViewPAAE18presentationSizingyQrqd__AA012PresentationE0Rd__lF::SYNTHESIZED::s:12FinanceKitUI22AddOrderToWalletButtonV	swift.method	["AddOrderToWalletButton","presentationSizing(_:)"]	unmatched	none	0	0		[]
s:7SwiftUI4ViewPAAE18previewDisplayNameyQrSSSgF::SYNTHESIZED::s:12FinanceKitUI17TransactionPickerV	swift.method	["TransactionPicker","previewDisplayName(_:)"]	unmatched	none	0	0		[]
s:7SwiftUI4ViewPAAE18previewDisplayNameyQrSSSgF::SYNTHESIZED::s:12FinanceKitUI22AddOrderToWalletButtonV	swift.method	["AddOrderToWalletButton","previewDisplayName(_:)"]	unmatched	none	0	0		[]
s:7SwiftUI4ViewPAAE18scrollClipDisabledyQrSbF::SYNTHESIZED::s:12FinanceKitUI17TransactionPickerV	swift.method	["TransactionPicker","scrollClipDisabled(_:)"]	unmatched	none	0	0		[]
s:7SwiftUI4ViewPAAE18scrollClipDisabledyQrSbF::SYNTHESIZED::s:12FinanceKitUI22AddOrderToWalletButtonV	swift.method	["AddOrderToWalletButton","scrollClipDisabled(_:)"]	unmatched	none	0	0		[]
s:7SwiftUI4ViewPAAE18scrollTargetLayout9isEnabledQrSb_tF::SYNTHESIZED::s:12FinanceKitUI17TransactionPickerV	swift.method	["TransactionPicker","scrollTargetLayout(isEnabled:)"]	unmatched	none	0	0		[]
s:7SwiftUI4ViewPAAE18scrollTargetLayout9isEnabledQrSb_tF::SYNTHESIZED::s:12FinanceKitUI22AddOrderToWalletButtonV	swift.method	["AddOrderToWalletButton","scrollTargetLayout(isEnabled:)"]	unmatched	none	0	0		[]
s:7SwiftUI4ViewPAAE18tableColumnHeadersyQrAA10VisibilityOF::SYNTHESIZED::s:12FinanceKitUI17TransactionPickerV	swift.method	["TransactionPicker","tableColumnHeaders(_:)"]	unmatched	none	0	0		[]
s:7SwiftUI4ViewPAAE18tableColumnHeadersyQrAA10VisibilityOF::SYNTHESIZED::s:12FinanceKitUI22AddOrderToWalletButtonV	swift.method	["AddOrderToWalletButton","tableColumnHeaders(_:)"]	unmatched	none	0	0		[]
s:7SwiftUI4ViewPAAE18toolbarColorScheme_3forQrAA0eF0OSg_AA16ToolbarPlacementVdtF::SYNTHESIZED::s:12FinanceKitUI17TransactionPickerV	swift.method	["TransactionPicker","toolbarColorScheme(_:for:)"]	unmatched	none	0	0		[]
s:7SwiftUI4ViewPAAE18toolbarColorScheme_3forQrAA0eF0OSg_AA16ToolbarPlacementVdtF::SYNTHESIZED::s:12FinanceKitUI22AddOrderToWalletButtonV	swift.method	["AddOrderToWalletButton","toolbarColorScheme(_:for:)"]	unmatched	none	0	0		[]
s:7SwiftUI4ViewPAAE19accessibilityAction5named_AA15ModifiedContentVyxAA31AccessibilityAttachmentModifierVG10Foundation23LocalizedStringResourceV_yyctF::SYNTHESIZED::s:12FinanceKitUI17TransactionPickerV	swift.method	["TransactionPicker","accessibilityAction(named:_:)"]	unmatched	none	0	0		[]
s:7SwiftUI4ViewPAAE19accessibilityAction5named_AA15ModifiedContentVyxAA31AccessibilityAttachmentModifierVG10Foundation23LocalizedStringResourceV_yyctF::SYNTHESIZED::s:12FinanceKitUI22AddOrderToWalletButtonV	swift.method	["AddOrderToWalletButton","accessibilityAction(named:_:)"]	unmatched	none	0	0		[]
s:7SwiftUI4ViewPAAE19accessibilityAction5named_AA15ModifiedContentVyxAA31AccessibilityAttachmentModifierVGAA18LocalizedStringKeyV_yyctF::SYNTHESIZED::s:12FinanceKitUI17TransactionPickerV	swift.method	["TransactionPicker","accessibilityAction(named:_:)"]	unmatched	none	0	0		[]
s:7SwiftUI4ViewPAAE19accessibilityAction5named_AA15ModifiedContentVyxAA31AccessibilityAttachmentModifierVGAA18LocalizedStringKeyV_yyctF::SYNTHESIZED::s:12FinanceKitUI22AddOrderToWalletButtonV	swift.method	["AddOrderToWalletButton","accessibilityAction(named:_:)"]	unmatched	none	0	0		[]
s:7SwiftUI4ViewPAAE19accessibilityAction5named_AA15ModifiedContentVyxAA31AccessibilityAttachmentModifierVGAA4TextV_yyctF::SYNTHESIZED::s:12FinanceKitUI17TransactionPickerV	swift.method	["TransactionPicker","accessibilityAction(named:_:)"]	unmatched	none	0	0		[]
s:7SwiftUI4ViewPAAE19accessibilityAction5named_AA15ModifiedContentVyxAA31AccessibilityAttachmentModifierVGAA4TextV_yyctF::SYNTHESIZED::s:12FinanceKitUI22AddOrderToWalletButtonV	swift.method	["AddOrderToWalletButton","accessibilityAction(named:_:)"]	unmatched	none	0	0		[]
s:7SwiftUI4ViewPAAE19accessibilityAction5named_AA15ModifiedContentVyxAA31AccessibilityAttachmentModifierVGqd___yyctSyRd__lF::SYNTHESIZED::s:12FinanceKitUI17TransactionPickerV	swift.method	["TransactionPicker","accessibilityAction(named:_:)"]	unmatched	none	0	0		[]
s:7SwiftUI4ViewPAAE19accessibilityAction5named_AA15ModifiedContentVyxAA31AccessibilityAttachmentModifierVGqd___yyctSyRd__lF::SYNTHESIZED::s:12FinanceKitUI22AddOrderToWalletButtonV	swift.method	["AddOrderToWalletButton","accessibilityAction(named:_:)"]	unmatched	none	0	0		[]
s:7SwiftUI4ViewPAAE19accessibilityAction6action5labelQryyc_qd__yXEtAaBRd__lF::SYNTHESIZED::s:12FinanceKitUI17TransactionPickerV	swift.method	["TransactionPicker","accessibilityAction(action:label:)"]	unmatched	none	0	0		[]
s:7SwiftUI4ViewPAAE19accessibilityAction6action5labelQryyc_qd__yXEtAaBRd__lF::SYNTHESIZED::s:12FinanceKitUI22AddOrderToWalletButtonV	swift.method	["AddOrderToWalletButton","accessibilityAction(action:label:)"]	unmatched	none	0	0		[]
s:7SwiftUI4ViewPAAE19accessibilityActionyAA15ModifiedContentVyxAA31AccessibilityAttachmentModifierVGAA0hE4KindV_yyctF::SYNTHESIZED::s:12FinanceKitUI17TransactionPickerV	swift.method	["TransactionPicker","accessibilityAction(_:_:)"]	unmatched	none	0	0		[]
s:7SwiftUI4ViewPAAE19accessibilityActionyAA15ModifiedContentVyxAA31AccessibilityAttachmentModifierVGAA0hE4KindV_yyctF::SYNTHESIZED::s:12FinanceKitUI22AddOrderToWalletButtonV	swift.method	["AddOrderToWalletButton","accessibilityAction(_:_:)"]	unmatched	none	0	0		[]
s:7SwiftUI4ViewPAAE19accessibilityHidden_9isEnabledAA15ModifiedContentVyxAA31AccessibilityAttachmentModifierVGSb_SbtF::SYNTHESIZED::s:12FinanceKitUI17TransactionPickerV	swift.method	["TransactionPicker","accessibilityHidden(_:isEnabled:)"]	unmatched	none	0	0		[]
s:7SwiftUI4ViewPAAE19accessibilityHidden_9isEnabledAA15ModifiedContentVyxAA31AccessibilityAttachmentModifierVGSb_SbtF::SYNTHESIZED::s:12FinanceKitUI22AddOrderToWalletButtonV	swift.method	["AddOrderToWalletButton","accessibilityHidden(_:isEnabled:)"]	unmatched	none	0	0		[]
s:7SwiftUI4ViewPAAE19accessibilityHiddenyAA15ModifiedContentVyxAA31AccessibilityAttachmentModifierVGSbF::SYNTHESIZED::s:12FinanceKitUI17TransactionPickerV	swift.method	["TransactionPicker","accessibilityHidden(_:)"]	unmatched	none	0	0		[]
s:7SwiftUI4ViewPAAE19accessibilityHiddenyAA15ModifiedContentVyxAA31AccessibilityAttachmentModifierVGSbF::SYNTHESIZED::s:12FinanceKitUI22AddOrderToWalletButtonV	swift.method	["AddOrderToWalletButton","accessibilityHidden(_:)"]	unmatched	none	0	0		[]
s:7SwiftUI4ViewPAAE19allowedDynamicRangeyQrAA5ImageV0eF0VSgF::SYNTHESIZED::s:12FinanceKitUI17TransactionPickerV	swift.method	["TransactionPicker","allowedDynamicRange(_:)"]	unmatched	none	0	0		[]
s:7SwiftUI4ViewPAAE19allowedDynamicRangeyQrAA5ImageV0eF0VSgF::SYNTHESIZED::s:12FinanceKitUI22AddOrderToWalletButtonV	swift.method	["AddOrderToWalletButton","allowedDynamicRange(_:)"]	unmatched	none	0	0		[]
s:7SwiftUI4ViewPAAE19containerBackground3for9alignment7contentQrAA09ContainerE9PlacementV_AA9AlignmentVqd__yXEtAaBRd__lF::SYNTHESIZED::s:12FinanceKitUI17TransactionPickerV	swift.method	["TransactionPicker","containerBackground(for:alignment:content:)"]	unmatched	none	0	0		[]
s:7SwiftUI4ViewPAAE19containerBackground3for9alignment7contentQrAA09ContainerE9PlacementV_AA9AlignmentVqd__yXEtAaBRd__lF::SYNTHESIZED::s:12FinanceKitUI22AddOrderToWalletButtonV	swift.method	["AddOrderToWalletButton","containerBackground(for:alignment:content:)"]	unmatched	none	0	0		[]
s:7SwiftUI4ViewPAAE19containerBackground_3forQrqd___AA09ContainerE9PlacementVtAA10ShapeStyleRd__lF::SYNTHESIZED::s:12FinanceKitUI17TransactionPickerV	swift.method	["TransactionPicker","containerBackground(_:for:)"]	unmatched	none	0	0		[]
s:7SwiftUI4ViewPAAE19containerBackground_3forQrqd___AA09ContainerE9PlacementVtAA10ShapeStyleRd__lF::SYNTHESIZED::s:12FinanceKitUI22AddOrderToWalletButtonV	swift.method	["AddOrderToWalletButton","containerBackground(_:for:)"]	unmatched	none	0	0		[]
s:7SwiftUI4ViewPAAE19defaultScrollAnchor_3forQrAA9UnitPointVSg_AA0eF4RoleVtF::SYNTHESIZED::s:12FinanceKitUI17TransactionPickerV	swift.method	["TransactionPicker","defaultScrollAnchor(_:for:)"]	unmatched	none	0	0		[]
s:7SwiftUI4ViewPAAE19defaultScrollAnchor_3forQrAA9UnitPointVSg_AA0eF4RoleVtF::SYNTHESIZED::s:12FinanceKitUI22AddOrderToWalletButtonV	swift.method	["AddOrderToWalletButton","defaultScrollAnchor(_:for:)"]	unmatched	none	0	0		[]
s:7SwiftUI4ViewPAAE19defaultScrollAnchoryQrAA9UnitPointVSgF::SYNTHESIZED::s:12FinanceKitUI17TransactionPickerV	swift.method	["TransactionPicker","defaultScrollAnchor(_:)"]	unmatched	none	0	0		[]
s:7SwiftUI4ViewPAAE19defaultScrollAnchoryQrAA9UnitPointVSgF::SYNTHESIZED::s:12FinanceKitUI22AddOrderToWalletButtonV	swift.method	["AddOrderToWalletButton","defaultScrollAnchor(_:)"]	unmatched	none	0	0		[]
s:7SwiftUI4ViewPAAE19focusEffectDisabledyQrSbF::SYNTHESIZED::s:12FinanceKitUI17TransactionPickerV	swift.method	["TransactionPicker","focusEffectDisabled(_:)"]	unmatched	none	0	0		[]
s:7SwiftUI4ViewPAAE19focusEffectDisabledyQrSbF::SYNTHESIZED::s:12FinanceKitUI22AddOrderToWalletButtonV	swift.method	["AddOrderToWalletButton","focusEffectDisabled(_:)"]	unmatched	none	0	0		[]
s:7SwiftUI4ViewPAAE19gridCellUnsizedAxesyQrAA4AxisO3SetVF::SYNTHESIZED::s:12FinanceKitUI17TransactionPickerV	swift.method	["TransactionPicker","gridCellUnsizedAxes(_:)"]	unmatched	none	0	0		[]
s:7SwiftUI4ViewPAAE19gridCellUnsizedAxesyQrAA4AxisO3SetVF::SYNTHESIZED::s:12FinanceKitUI22AddOrderToWalletButtonV	swift.method	["AddOrderToWalletButton","gridCellUnsizedAxes(_:)"]	unmatched	none	0	0		[]
s:7SwiftUI4ViewPAAE19gridColumnAlignmentyQrAA010HorizontalF0VF::SYNTHESIZED::s:12FinanceKitUI17TransactionPickerV	swift.method	["TransactionPicker","gridColumnAlignment(_:)"]	unmatched	none	0	0		[]
s:7SwiftUI4ViewPAAE19gridColumnAlignmentyQrAA010HorizontalF0VF::SYNTHESIZED::s:12FinanceKitUI22AddOrderToWalletButtonV	swift.method	["AddOrderToWalletButton","gridColumnAlignment(_:)"]	unmatched	none	0	0		[]
s:7SwiftUI4ViewPAAE19handGestureShortcut_9isEnabledQrAA04HandeF0V_SbtF::SYNTHESIZED::s:12FinanceKitUI17TransactionPickerV	swift.method	["TransactionPicker","handGestureShortcut(_:isEnabled:)"]	unmatched	none	0	0		[]
s:7SwiftUI4ViewPAAE19handGestureShortcut_9isEnabledQrAA04HandeF0V_SbtF::SYNTHESIZED::s:12FinanceKitUI22AddOrderToWalletButtonV	swift.method	["AddOrderToWalletButton","handGestureShortcut(_:isEnabled:)"]	unmatched	none	0	0		[]
s:7SwiftUI4ViewPAAE19highPriorityGesture_4name9isEnabledQrqd___SSSbtAA0F0Rd__lF::SYNTHESIZED::s:12FinanceKitUI17TransactionPickerV	swift.method	["TransactionPicker","highPriorityGesture(_:name:isEnabled:)"]	unmatched	none	0	0		[]
s:7SwiftUI4ViewPAAE19highPriorityGesture_4name9isEnabledQrqd___SSSbtAA0F0Rd__lF::SYNTHESIZED::s:12FinanceKitUI22AddOrderToWalletButtonV	swift.method	["AddOrderToWalletButton","highPriorityGesture(_:name:isEnabled:)"]	unmatched	none	0	0		[]
s:7SwiftUI4ViewPAAE19highPriorityGesture_9includingQrqd___AA0F4MaskVtAA0F0Rd__lF::SYNTHESIZED::s:12FinanceKitUI17TransactionPickerV	swift.method	["TransactionPicker","highPriorityGesture(_:including:)"]	unmatched	none	0	0		[]
s:7SwiftUI4ViewPAAE19highPriorityGesture_9includingQrqd___AA0F4MaskVtAA0F0Rd__lF::SYNTHESIZED::s:12FinanceKitUI22AddOrderToWalletButtonV	swift.method	["AddOrderToWalletButton","highPriorityGesture(_:including:)"]	unmatched	none	0	0		[]
s:7SwiftUI4ViewPAAE19highPriorityGesture_9isEnabledQrqd___SbtAA0F0Rd__lF::SYNTHESIZED::s:12FinanceKitUI17TransactionPickerV	swift.method	["TransactionPicker","highPriorityGesture(_:isEnabled:)"]	unmatched	none	0	0		[]
s:7SwiftUI4ViewPAAE19highPriorityGesture_9isEnabledQrqd___SbtAA0F0Rd__lF::SYNTHESIZED::s:12FinanceKitUI22AddOrderToWalletButtonV	swift.method	["AddOrderToWalletButton","highPriorityGesture(_:isEnabled:)"]	unmatched	none	0	0		[]
s:7SwiftUI4ViewPAAE19hoverEffectDisabledyQrSbF::SYNTHESIZED::s:12FinanceKitUI17TransactionPickerV	swift.method	["TransactionPicker","hoverEffectDisabled(_:)"]	unmatched	none	0	0		[]
s:7SwiftUI4ViewPAAE19hoverEffectDisabledyQrSbF::SYNTHESIZED::s:12FinanceKitUI22AddOrderToWalletButtonV	swift.method	["AddOrderToWalletButton","hoverEffectDisabled(_:)"]	unmatched	none	0	0		[]
s:7SwiftUI4ViewPAAE19labeledContentStyleyQrqd__AA07LabeledeF0Rd__lF::SYNTHESIZED::s:12FinanceKitUI17TransactionPickerV	swift.method	["TransactionPicker","labeledContentStyle(_:)"]	unmatched	none	0	0		[]
s:7SwiftUI4ViewPAAE19labeledContentStyleyQrqd__AA07LabeledeF0Rd__lF::SYNTHESIZED::s:12FinanceKitUI22AddOrderToWalletButtonV	swift.method	["AddOrderToWalletButton","labeledContentStyle(_:)"]	unmatched	none	0	0		[]
s:7SwiftUI4ViewPAAE19navigationBarHiddenyQrSbF::SYNTHESIZED::s:12FinanceKitUI17TransactionPickerV	swift.method	["TransactionPicker","navigationBarHidden(_:)"]	unmatched	none	0	0		[]
s:7SwiftUI4ViewPAAE19navigationBarHiddenyQrSbF::SYNTHESIZED::s:12FinanceKitUI22AddOrderToWalletButtonV	swift.method	["AddOrderToWalletButton","navigationBarHidden(_:)"]	unmatched	none	0	0		[]
s:7SwiftUI4ViewPAAE19onScrollPhaseChangeyQryAA0eF0O_AFtcF::SYNTHESIZED::s:12FinanceKitUI17TransactionPickerV	swift.method	["TransactionPicker","onScrollPhaseChange(_:)"]	unmatched	none	0	0		[]
s:7SwiftUI4ViewPAAE19onScrollPhaseChangeyQryAA0eF0O_AFtcF::SYNTHESIZED::s:12FinanceKitUI22AddOrderToWalletButtonV	swift.method	["AddOrderToWalletButton","onScrollPhaseChange(_:)"]	unmatched	none	0	0		[]
s:7SwiftUI4ViewPAAE19onScrollPhaseChangeyQryAA0eF0O_AfA0efG7ContextVtcF::SYNTHESIZED::s:12FinanceKitUI17TransactionPickerV	swift.method	["TransactionPicker","onScrollPhaseChange(_:)"]	unmatched	none	0	0		[]
s:7SwiftUI4ViewPAAE19onScrollPhaseChangeyQryAA0eF0O_AfA0efG7ContextVtcF::SYNTHESIZED::s:12FinanceKitUI22AddOrderToWalletButtonV	swift.method	["AddOrderToWalletButton","onScrollPhaseChange(_:)"]	unmatched	none	0	0		[]
s:7SwiftUI4ViewPAAE19presentationDetents_9selectionQrShyAA18PresentationDetentVG_AA7BindingVyAGGtF::SYNTHESIZED::s:12FinanceKitUI17TransactionPickerV	swift.method	["TransactionPicker","presentationDetents(_:selection:)"]	unmatched	none	0	0		[]
s:7SwiftUI4ViewPAAE19presentationDetents_9selectionQrShyAA18PresentationDetentVG_AA7BindingVyAGGtF::SYNTHESIZED::s:12FinanceKitUI22AddOrderToWalletButtonV	swift.method	["AddOrderToWalletButton","presentationDetents(_:selection:)"]	unmatched	none	0	0		[]
s:7SwiftUI4ViewPAAE19presentationDetentsyQrShyAA18PresentationDetentVGF::SYNTHESIZED::s:12FinanceKitUI17TransactionPickerV	swift.method	["TransactionPicker","presentationDetents(_:)"]	unmatched	none	0	0		[]
s:7SwiftUI4ViewPAAE19presentationDetentsyQrShyAA18PresentationDetentVGF::SYNTHESIZED::s:12FinanceKitUI22AddOrderToWalletButtonV	swift.method	["AddOrderToWalletButton","presentationDetents(_:)"]	unmatched	none	0	0		[]
s:7SwiftUI4ViewPAAE19scrollInputBehavior_3forQrAA06ScrolleF0V_AA0hE4KindVtF::SYNTHESIZED::s:12FinanceKitUI17TransactionPickerV	swift.method	["TransactionPicker","scrollInputBehavior(_:for:)"]	unmatched	none	0	0		[]
s:7SwiftUI4ViewPAAE19scrollInputBehavior_3forQrAA06ScrolleF0V_AA0hE4KindVtF::SYNTHESIZED::s:12FinanceKitUI22AddOrderToWalletButtonV	swift.method	["AddOrderToWalletButton","scrollInputBehavior(_:for:)"]	unmatched	none	0	0		[]
s:7SwiftUI4ViewPAAE19simultaneousGesture_4name9isEnabledQrqd___SSSbtAA0E0Rd__lF::SYNTHESIZED::s:12FinanceKitUI17TransactionPickerV	swift.method	["TransactionPicker","simultaneousGesture(_:name:isEnabled:)"]	unmatched	none	0	0		[]
s:7SwiftUI4ViewPAAE19simultaneousGesture_4name9isEnabledQrqd___SSSbtAA0E0Rd__lF::SYNTHESIZED::s:12FinanceKitUI22AddOrderToWalletButtonV	swift.method	["AddOrderToWalletButton","simultaneousGesture(_:name:isEnabled:)"]	unmatched	none	0	0		[]
s:7SwiftUI4ViewPAAE19simultaneousGesture_9includingQrqd___AA0E4MaskVtAA0E0Rd__lF::SYNTHESIZED::s:12FinanceKitUI17TransactionPickerV	swift.method	["TransactionPicker","simultaneousGesture(_:including:)"]	unmatched	none	0	0		[]
s:7SwiftUI4ViewPAAE19simultaneousGesture_9includingQrqd___AA0E4MaskVtAA0E0Rd__lF::SYNTHESIZED::s:12FinanceKitUI22AddOrderToWalletButtonV	swift.method	["AddOrderToWalletButton","simultaneousGesture(_:including:)"]	unmatched	none	0	0		[]
s:7SwiftUI4ViewPAAE19simultaneousGesture_9isEnabledQrqd___SbtAA0E0Rd__lF::SYNTHESIZED::s:12FinanceKitUI17TransactionPickerV	swift.method	["TransactionPicker","simultaneousGesture(_:isEnabled:)"]	unmatched	none	0	0		[]
s:7SwiftUI4ViewPAAE19simultaneousGesture_9isEnabledQrqd___SbtAA0E0Rd__lF::SYNTHESIZED::s:12FinanceKitUI22AddOrderToWalletButtonV	swift.method	["AddOrderToWalletButton","simultaneousGesture(_:isEnabled:)"]	unmatched	none	0	0		[]
s:7SwiftUI4ViewPAAE19speechAdjustedPitchyQrSdF::SYNTHESIZED::s:12FinanceKitUI17TransactionPickerV	swift.method	["TransactionPicker","speechAdjustedPitch(_:)"]	unmatched	none	0	0		[]
s:7SwiftUI4ViewPAAE19speechAdjustedPitchyQrSdF::SYNTHESIZED::s:12FinanceKitUI22AddOrderToWalletButtonV	swift.method	["AddOrderToWalletButton","speechAdjustedPitch(_:)"]	unmatched	none	0	0		[]
s:7SwiftUI4ViewPAAE19symbolRenderingModeyQrAA06SymboleF0VSgF::SYNTHESIZED::s:12FinanceKitUI17TransactionPickerV	swift.method	["TransactionPicker","symbolRenderingMode(_:)"]	unmatched	none	0	0		[]
s:7SwiftUI4ViewPAAE19symbolRenderingModeyQrAA06SymboleF0VSgF::SYNTHESIZED::s:12FinanceKitUI22AddOrderToWalletButtonV	swift.method	["AddOrderToWalletButton","symbolRenderingMode(_:)"]	unmatched	none	0	0		[]
s:7SwiftUI4ViewPAAE19transformPreferenceyQrqd__m_y5ValueQyd__zctAA0E3KeyRd__lF::SYNTHESIZED::s:12FinanceKitUI17TransactionPickerV	swift.method	["TransactionPicker","transformPreference(_:_:)"]	unmatched	none	0	0		[]
s:7SwiftUI4ViewPAAE19transformPreferenceyQrqd__m_y5ValueQyd__zctAA0E3KeyRd__lF::SYNTHESIZED::s:12FinanceKitUI22AddOrderToWalletButtonV	swift.method	["AddOrderToWalletButton","transformPreference(_:_:)"]	unmatched	none	0	0		[]
s:7SwiftUI4ViewPAAE19typesettingLanguage_9isEnabledQr10Foundation6LocaleV0E0V_SbtF::SYNTHESIZED::s:12FinanceKitUI17TransactionPickerV	swift.method	["TransactionPicker","typesettingLanguage(_:isEnabled:)"]	unmatched	none	0	0		[]
s:7SwiftUI4ViewPAAE19typesettingLanguage_9isEnabledQr10Foundation6LocaleV0E0V_SbtF::SYNTHESIZED::s:12FinanceKitUI22AddOrderToWalletButtonV	swift.method	["AddOrderToWalletButton","typesettingLanguage(_:isEnabled:)"]	unmatched	none	0	0		[]
s:7SwiftUI4ViewPAAE19typesettingLanguage_9isEnabledQrAA011TypesettingE0V_SbtF::SYNTHESIZED::s:12FinanceKitUI17TransactionPickerV	swift.method	["TransactionPicker","typesettingLanguage(_:isEnabled:)"]	unmatched	none	0	0		[]
s:7SwiftUI4ViewPAAE19typesettingLanguage_9isEnabledQrAA011TypesettingE0V_SbtF::SYNTHESIZED::s:12FinanceKitUI22AddOrderToWalletButtonV	swift.method	["AddOrderToWalletButton","typesettingLanguage(_:isEnabled:)"]	unmatched	none	0	0		[]
s:7SwiftUI4ViewPAAE20accessibilityActions8category_QrAA27AccessibilityActionCategoryV_qd__yXEtAaBRd__lF::SYNTHESIZED::s:12FinanceKitUI17TransactionPickerV	swift.method	["TransactionPicker","accessibilityActions(category:_:)"]	unmatched	none	0	0		[]
s:7SwiftUI4ViewPAAE20accessibilityActions8category_QrAA27AccessibilityActionCategoryV_qd__yXEtAaBRd__lF::SYNTHESIZED::s:12FinanceKitUI22AddOrderToWalletButtonV	swift.method	["AddOrderToWalletButton","accessibilityActions(category:_:)"]	unmatched	none	0	0		[]
s:7SwiftUI4ViewPAAE20accessibilityActionsyQrqd__yXEAaBRd__lF::SYNTHESIZED::s:12FinanceKitUI17TransactionPickerV	swift.method	["TransactionPicker","accessibilityActions(_:)"]	unmatched	none	0	0		[]
s:7SwiftUI4ViewPAAE20accessibilityActionsyQrqd__yXEAaBRd__lF::SYNTHESIZED::s:12FinanceKitUI22AddOrderToWalletButtonV	swift.method	["AddOrderToWalletButton","accessibilityActions(_:)"]	unmatched	none	0	0		[]
s:7SwiftUI4ViewPAAE20accessibilityElement8childrenQrAA26AccessibilityChildBehaviorV_tF::SYNTHESIZED::s:12FinanceKitUI17TransactionPickerV	swift.method	["TransactionPicker","accessibilityElement(children:)"]	unmatched	none	0	0		[]
s:7SwiftUI4ViewPAAE20accessibilityElement8childrenQrAA26AccessibilityChildBehaviorV_tF::SYNTHESIZED::s:12FinanceKitUI22AddOrderToWalletButtonV	swift.method	["AddOrderToWalletButton","accessibilityElement(children:)"]	unmatched	none	0	0		[]
s:7SwiftUI4ViewPAAE20accessibilityFocused_6equalsQrAA23AccessibilityFocusStateV7BindingVyqd___G_qd__tSHRd__lF::SYNTHESIZED::s:12FinanceKitUI17TransactionPickerV	swift.method	["TransactionPicker","accessibilityFocused(_:equals:)"]	unmatched	none	0	0		[]
s:7SwiftUI4ViewPAAE20accessibilityFocused_6equalsQrAA23AccessibilityFocusStateV7BindingVyqd___G_qd__tSHRd__lF::SYNTHESIZED::s:12FinanceKitUI22AddOrderToWalletButtonV	swift.method	["AddOrderToWalletButton","accessibilityFocused(_:equals:)"]	unmatched	none	0	0		[]
s:7SwiftUI4ViewPAAE20accessibilityFocusedyQrAA23AccessibilityFocusStateV7BindingVySb_GF::SYNTHESIZED::s:12FinanceKitUI17TransactionPickerV	swift.method	["TransactionPicker","accessibilityFocused(_:)"]	unmatched	none	0	0		[]
s:7SwiftUI4ViewPAAE20accessibilityFocusedyQrAA23AccessibilityFocusStateV7BindingVySb_GF::SYNTHESIZED::s:12FinanceKitUI22AddOrderToWalletButtonV	swift.method	["AddOrderToWalletButton","accessibilityFocused(_:)"]	unmatched	none	0	0		[]
s:7SwiftUI4ViewPAAE20accessibilityHeadingyAA15ModifiedContentVyxAA31AccessibilityAttachmentModifierVGAA0hE5LevelOF::SYNTHESIZED::s:12FinanceKitUI17TransactionPickerV	swift.method	["TransactionPicker","accessibilityHeading(_:)"]	unmatched	none	0	0		[]
s:7SwiftUI4ViewPAAE20accessibilityHeadingyAA15ModifiedContentVyxAA31AccessibilityAttachmentModifierVGAA0hE5LevelOF::SYNTHESIZED::s:12FinanceKitUI22AddOrderToWalletButtonV	swift.method	["AddOrderToWalletButton","accessibilityHeading(_:)"]	unmatched	none	0	0		[]
s:7SwiftUI4ViewPAAE20buttonRepeatBehavioryQrAA06ButtoneF0VF::SYNTHESIZED::s:12FinanceKitUI17TransactionPickerV	swift.method	["TransactionPicker","buttonRepeatBehavior(_:)"]	unmatched	none	0	0		[]
s:7SwiftUI4ViewPAAE20buttonRepeatBehavioryQrAA06ButtoneF0VF::SYNTHESIZED::s:12FinanceKitUI22AddOrderToWalletButtonV	swift.method	["AddOrderToWalletButton","buttonRepeatBehavior(_:)"]	unmatched	none	0	0		[]
s:7SwiftUI4ViewPAAE20defersSystemGestures2onQrAA4EdgeO3SetV_tF::SYNTHESIZED::s:12FinanceKitUI17TransactionPickerV	swift.method	["TransactionPicker","defersSystemGestures(on:)"]	unmatched	none	0	0		[]
s:7SwiftUI4ViewPAAE20defersSystemGestures2onQrAA4EdgeO3SetV_tF::SYNTHESIZED::s:12FinanceKitUI22AddOrderToWalletButtonV	swift.method	["AddOrderToWalletButton","defersSystemGestures(on:)"]	unmatched	none	0	0		[]
s:7SwiftUI4ViewPAAE20disclosureGroupStyleyQrqd__AA010DisclosureeF0Rd__lF::SYNTHESIZED::s:12FinanceKitUI17TransactionPickerV	swift.method	["TransactionPicker","disclosureGroupStyle(_:)"]	unmatched	none	0	0		[]
s:7SwiftUI4ViewPAAE20disclosureGroupStyleyQrqd__AA010DisclosureeF0Rd__lF::SYNTHESIZED::s:12FinanceKitUI22AddOrderToWalletButtonV	swift.method	["AddOrderToWalletButton","disclosureGroupStyle(_:)"]	unmatched	none	0	0		[]
s:7SwiftUI4ViewPAAE20fileDialogURLEnabledyQr10Foundation9PredicateVyAE3URLV_QPGF::SYNTHESIZED::s:12FinanceKitUI17TransactionPickerV	swift.method	["TransactionPicker","fileDialogURLEnabled(_:)"]	unmatched	none	0	0		[]
s:7SwiftUI4ViewPAAE20fileDialogURLEnabledyQr10Foundation9PredicateVyAE3URLV_QPGF::SYNTHESIZED::s:12FinanceKitUI22AddOrderToWalletButtonV	swift.method	["AddOrderToWalletButton","fileDialogURLEnabled(_:)"]	unmatched	none	0	0		[]
s:7SwiftUI4ViewPAAE20inspectorColumnWidth3min5ideal3maxQr14CoreFoundation7CGFloatVSg_AjKtF::SYNTHESIZED::s:12FinanceKitUI17TransactionPickerV	swift.method	["TransactionPicker","inspectorColumnWidth(min:ideal:max:)"]	unmatched	none	0	0		[]
s:7SwiftUI4ViewPAAE20inspectorColumnWidth3min5ideal3maxQr14CoreFoundation7CGFloatVSg_AjKtF::SYNTHESIZED::s:12FinanceKitUI22AddOrderToWalletButtonV	swift.method	["AddOrderToWalletButton","inspectorColumnWidth(min:ideal:max:)"]	unmatched	none	0	0		[]
s:7SwiftUI4ViewPAAE20inspectorColumnWidthyQr14CoreFoundation7CGFloatVF::SYNTHESIZED::s:12FinanceKitUI17TransactionPickerV	swift.method	["TransactionPicker","inspectorColumnWidth(_:)"]	unmatched	none	0	0		[]
s:7SwiftUI4ViewPAAE20inspectorColumnWidthyQr14CoreFoundation7CGFloatVF::SYNTHESIZED::s:12FinanceKitUI22AddOrderToWalletButtonV	swift.method	["AddOrderToWalletButton","inspectorColumnWidth(_:)"]	unmatched	none	0	0		[]
s:7SwiftUI4ViewPAAE20invalidatableContentyQrSbF::SYNTHESIZED::s:12FinanceKitUI17TransactionPickerV	swift.method	["TransactionPicker","invalidatableContent(_:)"]	unmatched	none	0	0		[]
s:7SwiftUI4ViewPAAE20invalidatableContentyQrSbF::SYNTHESIZED::s:12FinanceKitUI22AddOrderToWalletButtonV	swift.method	["AddOrderToWalletButton","invalidatableContent(_:)"]	unmatched	none	0	0		[]
s:7SwiftUI4ViewPAAE20listRowSeparatorTint_5edgesQrAA5ColorVSg_AA12VerticalEdgeO3SetVtF::SYNTHESIZED::s:12FinanceKitUI17TransactionPickerV	swift.method	["TransactionPicker","listRowSeparatorTint(_:edges:)"]	unmatched	none	0	0		[]
s:7SwiftUI4ViewPAAE20listRowSeparatorTint_5edgesQrAA5ColorVSg_AA12VerticalEdgeO3SetVtF::SYNTHESIZED::s:12FinanceKitUI22AddOrderToWalletButtonV	swift.method	["AddOrderToWalletButton","listRowSeparatorTint(_:edges:)"]	unmatched	none	0	0		[]
s:7SwiftUI4ViewPAAE20listSectionSeparator_5edgesQrAA10VisibilityO_AA12VerticalEdgeO3SetVtF::SYNTHESIZED::s:12FinanceKitUI17TransactionPickerV	swift.method	["TransactionPicker","listSectionSeparator(_:edges:)"]	unmatched	none	0	0		[]
s:7SwiftUI4ViewPAAE20listSectionSeparator_5edgesQrAA10VisibilityO_AA12VerticalEdgeO3SetVtF::SYNTHESIZED::s:12FinanceKitUI22AddOrderToWalletButtonV	swift.method	["AddOrderToWalletButton","listSectionSeparator(_:edges:)"]	unmatched	none	0	0		[]
s:7SwiftUI4ViewPAAE20navigationTransitionyQrqd__AA010NavigationE0Rd__lF::SYNTHESIZED::s:12FinanceKitUI17TransactionPickerV	swift.method	["TransactionPicker","navigationTransition(_:)"]	unmatched	none	0	0		[]
s:7SwiftUI4ViewPAAE20navigationTransitionyQrqd__AA010NavigationE0Rd__lF::SYNTHESIZED::s:12FinanceKitUI22AddOrderToWalletButtonV	swift.method	["AddOrderToWalletButton","navigationTransition(_:)"]	unmatched	none	0	0		[]
s:7SwiftUI4ViewPAAE20preferredColorSchemeyQrAA0eF0OSgF::SYNTHESIZED::s:12FinanceKitUI17TransactionPickerV	swift.method	["TransactionPicker","preferredColorScheme(_:)"]	unmatched	none	0	0		[]
s:7SwiftUI4ViewPAAE20preferredColorSchemeyQrAA0eF0OSgF::SYNTHESIZED::s:12FinanceKitUI22AddOrderToWalletButtonV	swift.method	["AddOrderToWalletButton","preferredColorScheme(_:)"]	unmatched	none	0	0		[]
s:7SwiftUI4ViewPAAE20scrollBounceBehavior_4axesQrAA06ScrolleF0V_AA4AxisO3SetVtF::SYNTHESIZED::s:12FinanceKitUI17TransactionPickerV	swift.method	["TransactionPicker","scrollBounceBehavior(_:axes:)"]	unmatched	none	0	0		[]
s:7SwiftUI4ViewPAAE20scrollBounceBehavior_4axesQrAA06ScrolleF0V_AA4AxisO3SetVtF::SYNTHESIZED::s:12FinanceKitUI22AddOrderToWalletButtonV	swift.method	["AddOrderToWalletButton","scrollBounceBehavior(_:axes:)"]	unmatched	none	0	0		[]
s:7SwiftUI4ViewPAAE20scrollTargetBehavioryQrqd__AA06ScrolleF0Rd__lF::SYNTHESIZED::s:12FinanceKitUI17TransactionPickerV	swift.method	["TransactionPicker","scrollTargetBehavior(_:)"]	unmatched	none	0	0		[]
s:7SwiftUI4ViewPAAE20scrollTargetBehavioryQrqd__AA06ScrolleF0Rd__lF::SYNTHESIZED::s:12FinanceKitUI22AddOrderToWalletButtonV	swift.method	["AddOrderToWalletButton","scrollTargetBehavior(_:)"]	unmatched	none	0	0		[]
s:7SwiftUI4ViewPAAE20symbolEffectsRemovedyQrSbF::SYNTHESIZED::s:12FinanceKitUI17TransactionPickerV	swift.method	["TransactionPicker","symbolEffectsRemoved(_:)"]	unmatched	none	0	0		[]
s:7SwiftUI4ViewPAAE20symbolEffectsRemovedyQrSbF::SYNTHESIZED::s:12FinanceKitUI22AddOrderToWalletButtonV	swift.method	["AddOrderToWalletButton","symbolEffectsRemoved(_:)"]	unmatched	none	0	0		[]
s:7SwiftUI4ViewPAAE20transformEnvironment_0D0Qrs15WritableKeyPathCyAA0E6ValuesVqd__G_yqd__zctlF::SYNTHESIZED::s:12FinanceKitUI17TransactionPickerV	swift.method	["TransactionPicker","transformEnvironment(_:transform:)"]	unmatched	none	0	0		[]
s:7SwiftUI4ViewPAAE20transformEnvironment_0D0Qrs15WritableKeyPathCyAA0E6ValuesVqd__G_yqd__zctlF::SYNTHESIZED::s:12FinanceKitUI22AddOrderToWalletButtonV	swift.method	["AddOrderToWalletButton","transformEnvironment(_:transform:)"]	unmatched	none	0	0		[]
s:7SwiftUI4ViewPAAE20typeSelectEquivalentyQr10Foundation23LocalizedStringResourceVF::SYNTHESIZED::s:12FinanceKitUI17TransactionPickerV	swift.method	["TransactionPicker","typeSelectEquivalent(_:)"]	unmatched	none	0	0		[]
s:7SwiftUI4ViewPAAE20typeSelectEquivalentyQr10Foundation23LocalizedStringResourceVF::SYNTHESIZED::s:12FinanceKitUI22AddOrderToWalletButtonV	swift.method	["AddOrderToWalletButton","typeSelectEquivalent(_:)"]	unmatched	none	0	0		[]
s:7SwiftUI4ViewPAAE20typeSelectEquivalentyQrAA18LocalizedStringKeyVF::SYNTHESIZED::s:12FinanceKitUI17TransactionPickerV	swift.method	["TransactionPicker","typeSelectEquivalent(_:)"]	unmatched	none	0	0		[]
s:7SwiftUI4ViewPAAE20typeSelectEquivalentyQrAA18LocalizedStringKeyVF::SYNTHESIZED::s:12FinanceKitUI22AddOrderToWalletButtonV	swift.method	["AddOrderToWalletButton","typeSelectEquivalent(_:)"]	unmatched	none	0	0		[]
s:7SwiftUI4ViewPAAE20typeSelectEquivalentyQrAA4TextVSgF::SYNTHESIZED::s:12FinanceKitUI17TransactionPickerV	swift.method	["TransactionPicker","typeSelectEquivalent(_:)"]	unmatched	none	0	0		[]
s:7SwiftUI4ViewPAAE20typeSelectEquivalentyQrAA4TextVSgF::SYNTHESIZED::s:12FinanceKitUI22AddOrderToWalletButtonV	swift.method	["AddOrderToWalletButton","typeSelectEquivalent(_:)"]	unmatched	none	0	0		[]
s:7SwiftUI4ViewPAAE20typeSelectEquivalentyQrqd__SyRd__lF::SYNTHESIZED::s:12FinanceKitUI17TransactionPickerV	swift.method	["TransactionPicker","typeSelectEquivalent(_:)"]	unmatched	none	0	0		[]
s:7SwiftUI4ViewPAAE20typeSelectEquivalentyQrqd__SyRd__lF::SYNTHESIZED::s:12FinanceKitUI22AddOrderToWalletButtonV	swift.method	["AddOrderToWalletButton","typeSelectEquivalent(_:)"]	unmatched	none	0	0		[]
s:7SwiftUI4ViewPAAE20writingToolsBehavioryQrAA07WritingeF0VF::SYNTHESIZED::s:12FinanceKitUI17TransactionPickerV	swift.method	["TransactionPicker","writingToolsBehavior(_:)"]	unmatched	none	0	0		[]
s:7SwiftUI4ViewPAAE20writingToolsBehavioryQrAA07WritingeF0VF::SYNTHESIZED::s:12FinanceKitUI22AddOrderToWalletButtonV	swift.method	["AddOrderToWalletButton","writingToolsBehavior(_:)"]	unmatched	none	0	0		[]
s:7SwiftUI4ViewPAAE21accessibilityChildren8childrenQrqd__yXE_tAaBRd__lF::SYNTHESIZED::s:12FinanceKitUI17TransactionPickerV	swift.method	["TransactionPicker","accessibilityChildren(children:)"]	unmatched	none	0	0		[]
s:7SwiftUI4ViewPAAE21accessibilityChildren8childrenQrqd__yXE_tAaBRd__lF::SYNTHESIZED::s:12FinanceKitUI22AddOrderToWalletButtonV	swift.method	["AddOrderToWalletButton","accessibilityChildren(children:)"]	unmatched	none	0	0		[]
s:7SwiftUI4ViewPAAE21containerCornerOffset_9sizeToFitQrAA4EdgeO3SetV_SbtF::SYNTHESIZED::s:12FinanceKitUI17TransactionPickerV	swift.method	["TransactionPicker","containerCornerOffset(_:sizeToFit:)"]	unmatched	none	0	0		[]
s:7SwiftUI4ViewPAAE21containerCornerOffset_9sizeToFitQrAA4EdgeO3SetV_SbtF::SYNTHESIZED::s:12FinanceKitUI22AddOrderToWalletButtonV	swift.method	["AddOrderToWalletButton","containerCornerOffset(_:sizeToFit:)"]	unmatched	none	0	0		[]
s:7SwiftUI4ViewPAAE21disableAutocorrectionyQrSbSgF::SYNTHESIZED::s:12FinanceKitUI17TransactionPickerV	swift.method	["TransactionPicker","disableAutocorrection(_:)"]	unmatched	none	0	0		[]
s:7SwiftUI4ViewPAAE21disableAutocorrectionyQrSbSgF::SYNTHESIZED::s:12FinanceKitUI22AddOrderToWalletButtonV	swift.method	["AddOrderToWalletButton","disableAutocorrection(_:)"]	unmatched	none	0	0		[]
s:7SwiftUI4ViewPAAE21edgesIgnoringSafeAreayQrAA4EdgeO3SetVF::SYNTHESIZED::s:12FinanceKitUI17TransactionPickerV	swift.method	["TransactionPicker","edgesIgnoringSafeArea(_:)"]	unmatched	none	0	0		[]
s:7SwiftUI4ViewPAAE21edgesIgnoringSafeAreayQrAA4EdgeO3SetVF::SYNTHESIZED::s:12FinanceKitUI22AddOrderToWalletButtonV	swift.method	["AddOrderToWalletButton","edgesIgnoringSafeArea(_:)"]	unmatched	none	0	0		[]
s:7SwiftUI4ViewPAAE21glassEffectTransitionyQrAA05GlasseF0VF::SYNTHESIZED::s:12FinanceKitUI17TransactionPickerV	swift.method	["TransactionPicker","glassEffectTransition(_:)"]	unmatched	none	0	0		[]
s:7SwiftUI4ViewPAAE21glassEffectTransitionyQrAA05GlasseF0VF::SYNTHESIZED::s:12FinanceKitUI22AddOrderToWalletButtonV	swift.method	["AddOrderToWalletButton","glassEffectTransition(_:)"]	unmatched	none	0	0		[]
s:7SwiftUI4ViewPAAE21handlesExternalEvents10preferring8allowingQrShySSG_AGtF::SYNTHESIZED::s:12FinanceKitUI17TransactionPickerV	swift.method	["TransactionPicker","handlesExternalEvents(preferring:allowing:)"]	unmatched	none	0	0		[]
s:7SwiftUI4ViewPAAE21handlesExternalEvents10preferring8allowingQrShySSG_AGtF::SYNTHESIZED::s:12FinanceKitUI22AddOrderToWalletButtonV	swift.method	["AddOrderToWalletButton","handlesExternalEvents(preferring:allowing:)"]	unmatched	none	0	0		[]
s:7SwiftUI4ViewPAAE21matchedGeometryEffect2id2in10properties6anchor8isSourceQrqd___AA9NamespaceV2IDVAA07MatchedE10PropertiesVAA9UnitPointVSbtSHRd__lF::SYNTHESIZED::s:12FinanceKitUI17TransactionPickerV	swift.method	["TransactionPicker","matchedGeometryEffect(id:in:properties:anchor:isSource:)"]	unmatched	none	0	0		[]
s:7SwiftUI4ViewPAAE21matchedGeometryEffect2id2in10properties6anchor8isSourceQrqd___AA9NamespaceV2IDVAA07MatchedE10PropertiesVAA9UnitPointVSbtSHRd__lF::SYNTHESIZED::s:12FinanceKitUI22AddOrderToWalletButtonV	swift.method	["AddOrderToWalletButton","matchedGeometryEffect(id:in:properties:anchor:isSource:)"]	unmatched	none	0	0		[]
s:7SwiftUI4ViewPAAE21navigationDestination11isPresented11destinationQrAA7BindingVySbG_qd__yXEtAaBRd__lF::SYNTHESIZED::s:12FinanceKitUI17TransactionPickerV	swift.method	["TransactionPicker","navigationDestination(isPresented:destination:)"]	unmatched	none	0	0		[]
s:7SwiftUI4ViewPAAE21navigationDestination11isPresented11destinationQrAA7BindingVySbG_qd__yXEtAaBRd__lF::SYNTHESIZED::s:12FinanceKitUI22AddOrderToWalletButtonV	swift.method	["AddOrderToWalletButton","navigationDestination(isPresented:destination:)"]	unmatched	none	0	0		[]
s:7SwiftUI4ViewPAAE21navigationDestination3for11destinationQrqd__m_qd_0_qd__ctSHRd__AaBRd_0_r0_lF::SYNTHESIZED::s:12FinanceKitUI17TransactionPickerV	swift.method	["TransactionPicker","navigationDestination(for:destination:)"]	unmatched	none	0	0		[]
s:7SwiftUI4ViewPAAE21navigationDestination3for11destinationQrqd__m_qd_0_qd__ctSHRd__AaBRd_0_r0_lF::SYNTHESIZED::s:12FinanceKitUI22AddOrderToWalletButtonV	swift.method	["AddOrderToWalletButton","navigationDestination(for:destination:)"]	unmatched	none	0	0		[]
s:7SwiftUI4ViewPAAE21navigationDestination4item11destinationQrAA7BindingVyqd__SgG_qd_0_qd__ctSHRd__AaBRd_0_r0_lF::SYNTHESIZED::s:12FinanceKitUI17TransactionPickerV	swift.method	["TransactionPicker","navigationDestination(item:destination:)"]	unmatched	none	0	0		[]
s:7SwiftUI4ViewPAAE21navigationDestination4item11destinationQrAA7BindingVyqd__SgG_qd_0_qd__ctSHRd__AaBRd_0_r0_lF::SYNTHESIZED::s:12FinanceKitUI22AddOrderToWalletButtonV	swift.method	["AddOrderToWalletButton","navigationDestination(item:destination:)"]	unmatched	none	0	0		[]
s:7SwiftUI4ViewPAAE21scrollEdgeEffectStyle_3forQrAA06ScrollefG0VSg_AA0E0O3SetVtF::SYNTHESIZED::s:12FinanceKitUI17TransactionPickerV	swift.method	["TransactionPicker","scrollEdgeEffectStyle(_:for:)"]	unmatched	none	0	0		[]
s:7SwiftUI4ViewPAAE21scrollEdgeEffectStyle_3forQrAA06ScrollefG0VSg_AA0E0O3SetVtF::SYNTHESIZED::s:12FinanceKitUI22AddOrderToWalletButtonV	swift.method	["AddOrderToWalletButton","scrollEdgeEffectStyle(_:for:)"]	unmatched	none	0	0		[]
s:7SwiftUI4ViewPAAE21scrollIndicatorsFlash7triggerQrqd___tSQRd__lF::SYNTHESIZED::s:12FinanceKitUI17TransactionPickerV	swift.method	["TransactionPicker","scrollIndicatorsFlash(trigger:)"]	unmatched	none	0	0		[]
s:7SwiftUI4ViewPAAE21scrollIndicatorsFlash7triggerQrqd___tSQRd__lF::SYNTHESIZED::s:12FinanceKitUI22AddOrderToWalletButtonV	swift.method	["AddOrderToWalletButton","scrollIndicatorsFlash(trigger:)"]	unmatched	none	0	0		[]
s:7SwiftUI4ViewPAAE21scrollIndicatorsFlash8onAppearQrSb_tF::SYNTHESIZED::s:12FinanceKitUI17TransactionPickerV	swift.method	["TransactionPicker","scrollIndicatorsFlash(onAppear:)"]	unmatched	none	0	0		[]
s:7SwiftUI4ViewPAAE21scrollIndicatorsFlash8onAppearQrSb_tF::SYNTHESIZED::s:12FinanceKitUI22AddOrderToWalletButtonV	swift.method	["AddOrderToWalletButton","scrollIndicatorsFlash(onAppear:)"]	unmatched	none	0	0		[]
s:7SwiftUI4ViewPAAE21searchToolbarBehavioryQrAA06SearcheF0VF::SYNTHESIZED::s:12FinanceKitUI17TransactionPickerV	swift.method	["TransactionPicker","searchToolbarBehavior(_:)"]	unmatched	none	0	0		[]
s:7SwiftUI4ViewPAAE21searchToolbarBehavioryQrAA06SearcheF0VF::SYNTHESIZED::s:12FinanceKitUI22AddOrderToWalletButtonV	swift.method	["AddOrderToWalletButton","searchToolbarBehavior(_:)"]	unmatched	none	0	0		[]
s:7SwiftUI4ViewPAAE21sliderThumbVisibilityyQrAA0F0OF::SYNTHESIZED::s:12FinanceKitUI17TransactionPickerV	swift.method	["TransactionPicker","sliderThumbVisibility(_:)"]	unmatched	none	0	0		[]
s:7SwiftUI4ViewPAAE21sliderThumbVisibilityyQrAA0F0OF::SYNTHESIZED::s:12FinanceKitUI22AddOrderToWalletButtonV	swift.method	["AddOrderToWalletButton","sliderThumbVisibility(_:)"]	unmatched	none	0	0		[]
s:7SwiftUI4ViewPAAE21springLoadingBehavioryQrAA06SpringeF0VF::SYNTHESIZED::s:12FinanceKitUI17TransactionPickerV	swift.method	["TransactionPicker","springLoadingBehavior(_:)"]	unmatched	none	0	0		[]
s:7SwiftUI4ViewPAAE21springLoadingBehavioryQrAA06SpringeF0VF::SYNTHESIZED::s:12FinanceKitUI22AddOrderToWalletButtonV	swift.method	["AddOrderToWalletButton","springLoadingBehavior(_:)"]	unmatched	none	0	0		[]
s:7SwiftUI4ViewPAAE21textSelectionAffinityyQrAA04TexteF0OF::SYNTHESIZED::s:12FinanceKitUI17TransactionPickerV	swift.method	["TransactionPicker","textSelectionAffinity(_:)"]	unmatched	none	0	0		[]
s:7SwiftUI4ViewPAAE21textSelectionAffinityyQrAA04TexteF0OF::SYNTHESIZED::s:12FinanceKitUI22AddOrderToWalletButtonV	swift.method	["AddOrderToWalletButton","textSelectionAffinity(_:)"]	unmatched	none	0	0		[]
s:7SwiftUI4ViewPAAE22accessibilityAddTraitsyAA15ModifiedContentVyxAA31AccessibilityAttachmentModifierVGAA0iF0VF::SYNTHESIZED::s:12FinanceKitUI17TransactionPickerV	swift.method	["TransactionPicker","accessibilityAddTraits(_:)"]	unmatched	none	0	0		[]
s:7SwiftUI4ViewPAAE22accessibilityAddTraitsyAA15ModifiedContentVyxAA31AccessibilityAttachmentModifierVGAA0iF0VF::SYNTHESIZED::s:12FinanceKitUI22AddOrderToWalletButtonV	swift.method	["AddOrderToWalletButton","accessibilityAddTraits(_:)"]	unmatched	none	0	0		[]
s:7SwiftUI4ViewPAAE22accessibilityDragPoint_11description9isEnabledAA15ModifiedContentVyxAA31AccessibilityAttachmentModifierVGAA04UnitF0V_10Foundation23LocalizedStringResourceVSbtF::SYNTHESIZED::s:12FinanceKitUI17TransactionPickerV	swift.method	["TransactionPicker","accessibilityDragPoint(_:description:isEnabled:)"]	unmatched	none	0	0		[]
s:7SwiftUI4ViewPAAE22accessibilityDragPoint_11description9isEnabledAA15ModifiedContentVyxAA31AccessibilityAttachmentModifierVGAA04UnitF0V_10Foundation23LocalizedStringResourceVSbtF::SYNTHESIZED::s:12FinanceKitUI22AddOrderToWalletButtonV	swift.method	["AddOrderToWalletButton","accessibilityDragPoint(_:description:isEnabled:)"]	unmatched	none	0	0		[]
s:7SwiftUI4ViewPAAE22accessibilityDragPoint_11description9isEnabledAA15ModifiedContentVyxAA31AccessibilityAttachmentModifierVGAA04UnitF0V_AA18LocalizedStringKeyVSbtF::SYNTHESIZED::s:12FinanceKitUI17TransactionPickerV	swift.method	["TransactionPicker","accessibilityDragPoint(_:description:isEnabled:)"]	unmatched	none	0	0		[]
s:7SwiftUI4ViewPAAE22accessibilityDragPoint_11description9isEnabledAA15ModifiedContentVyxAA31AccessibilityAttachmentModifierVGAA04UnitF0V_AA18LocalizedStringKeyVSbtF::SYNTHESIZED::s:12FinanceKitUI22AddOrderToWalletButtonV	swift.method	["AddOrderToWalletButton","accessibilityDragPoint(_:description:isEnabled:)"]	unmatched	none	0	0		[]
s:7SwiftUI4ViewPAAE22accessibilityDragPoint_11description9isEnabledAA15ModifiedContentVyxAA31AccessibilityAttachmentModifierVGAA04UnitF0V_AA4TextVSbtF::SYNTHESIZED::s:12FinanceKitUI17TransactionPickerV	swift.method	["TransactionPicker","accessibilityDragPoint(_:description:isEnabled:)"]	unmatched	none	0	0		[]
s:7SwiftUI4ViewPAAE22accessibilityDragPoint_11description9isEnabledAA15ModifiedContentVyxAA31AccessibilityAttachmentModifierVGAA04UnitF0V_AA4TextVSbtF::SYNTHESIZED::s:12FinanceKitUI22AddOrderToWalletButtonV	swift.method	["AddOrderToWalletButton","accessibilityDragPoint(_:description:isEnabled:)"]	unmatched	none	0	0		[]
s:7SwiftUI4ViewPAAE22accessibilityDragPoint_11description9isEnabledAA15ModifiedContentVyxAA31AccessibilityAttachmentModifierVGAA04UnitF0V_qd__SbtSyRd__lF::SYNTHESIZED::s:12FinanceKitUI17TransactionPickerV	swift.method	["TransactionPicker","accessibilityDragPoint(_:description:isEnabled:)"]	unmatched	none	0	0		[]
s:7SwiftUI4ViewPAAE22accessibilityDragPoint_11description9isEnabledAA15ModifiedContentVyxAA31AccessibilityAttachmentModifierVGAA04UnitF0V_qd__SbtSyRd__lF::SYNTHESIZED::s:12FinanceKitUI22AddOrderToWalletButtonV	swift.method	["AddOrderToWalletButton","accessibilityDragPoint(_:description:isEnabled:)"]	unmatched	none	0	0		[]
s:7SwiftUI4ViewPAAE22accessibilityDragPoint_11descriptionAA15ModifiedContentVyxAA31AccessibilityAttachmentModifierVGAA04UnitF0V_10Foundation23LocalizedStringResourceVtF::SYNTHESIZED::s:12FinanceKitUI17TransactionPickerV	swift.method	["TransactionPicker","accessibilityDragPoint(_:description:)"]	unmatched	none	0	0		[]
s:7SwiftUI4ViewPAAE22accessibilityDragPoint_11descriptionAA15ModifiedContentVyxAA31AccessibilityAttachmentModifierVGAA04UnitF0V_10Foundation23LocalizedStringResourceVtF::SYNTHESIZED::s:12FinanceKitUI22AddOrderToWalletButtonV	swift.method	["AddOrderToWalletButton","accessibilityDragPoint(_:description:)"]	unmatched	none	0	0		[]
s:7SwiftUI4ViewPAAE22accessibilityDragPoint_11descriptionAA15ModifiedContentVyxAA31AccessibilityAttachmentModifierVGAA04UnitF0V_AA18LocalizedStringKeyVtF::SYNTHESIZED::s:12FinanceKitUI17TransactionPickerV	swift.method	["TransactionPicker","accessibilityDragPoint(_:description:)"]	unmatched	none	0	0		[]
s:7SwiftUI4ViewPAAE22accessibilityDragPoint_11descriptionAA15ModifiedContentVyxAA31AccessibilityAttachmentModifierVGAA04UnitF0V_AA18LocalizedStringKeyVtF::SYNTHESIZED::s:12FinanceKitUI22AddOrderToWalletButtonV	swift.method	["AddOrderToWalletButton","accessibilityDragPoint(_:description:)"]	unmatched	none	0	0		[]
s:7SwiftUI4ViewPAAE22accessibilityDragPoint_11descriptionAA15ModifiedContentVyxAA31AccessibilityAttachmentModifierVGAA04UnitF0V_AA4TextVtF::SYNTHESIZED::s:12FinanceKitUI17TransactionPickerV	swift.method	["TransactionPicker","accessibilityDragPoint(_:description:)"]	unmatched	none	0	0		[]
s:7SwiftUI4ViewPAAE22accessibilityDragPoint_11descriptionAA15ModifiedContentVyxAA31AccessibilityAttachmentModifierVGAA04UnitF0V_AA4TextVtF::SYNTHESIZED::s:12FinanceKitUI22AddOrderToWalletButtonV	swift.method	["AddOrderToWalletButton","accessibilityDragPoint(_:description:)"]	unmatched	none	0	0		[]
s:7SwiftUI4ViewPAAE22accessibilityDragPoint_11descriptionAA15ModifiedContentVyxAA31AccessibilityAttachmentModifierVGAA04UnitF0V_qd__tSyRd__lF::SYNTHESIZED::s:12FinanceKitUI17TransactionPickerV	swift.method	["TransactionPicker","accessibilityDragPoint(_:description:)"]	unmatched	none	0	0		[]
s:7SwiftUI4ViewPAAE22accessibilityDragPoint_11descriptionAA15ModifiedContentVyxAA31AccessibilityAttachmentModifierVGAA04UnitF0V_qd__tSyRd__lF::SYNTHESIZED::s:12FinanceKitUI22AddOrderToWalletButtonV	swift.method	["AddOrderToWalletButton","accessibilityDragPoint(_:description:)"]	unmatched	none	0	0		[]
s:7SwiftUI4ViewPAAE22accessibilityDropPoint_11description9isEnabledAA15ModifiedContentVyxAA31AccessibilityAttachmentModifierVGAA04UnitF0V_10Foundation23LocalizedStringResourceVSbtF::SYNTHESIZED::s:12FinanceKitUI17TransactionPickerV	swift.method	["TransactionPicker","accessibilityDropPoint(_:description:isEnabled:)"]	unmatched	none	0	0		[]
s:7SwiftUI4ViewPAAE22accessibilityDropPoint_11description9isEnabledAA15ModifiedContentVyxAA31AccessibilityAttachmentModifierVGAA04UnitF0V_10Foundation23LocalizedStringResourceVSbtF::SYNTHESIZED::s:12FinanceKitUI22AddOrderToWalletButtonV	swift.method	["AddOrderToWalletButton","accessibilityDropPoint(_:description:isEnabled:)"]	unmatched	none	0	0		[]
s:7SwiftUI4ViewPAAE22accessibilityDropPoint_11description9isEnabledAA15ModifiedContentVyxAA31AccessibilityAttachmentModifierVGAA04UnitF0V_AA18LocalizedStringKeyVSbtF::SYNTHESIZED::s:12FinanceKitUI17TransactionPickerV	swift.method	["TransactionPicker","accessibilityDropPoint(_:description:isEnabled:)"]	unmatched	none	0	0		[]
s:7SwiftUI4ViewPAAE22accessibilityDropPoint_11description9isEnabledAA15ModifiedContentVyxAA31AccessibilityAttachmentModifierVGAA04UnitF0V_AA18LocalizedStringKeyVSbtF::SYNTHESIZED::s:12FinanceKitUI22AddOrderToWalletButtonV	swift.method	["AddOrderToWalletButton","accessibilityDropPoint(_:description:isEnabled:)"]	unmatched	none	0	0		[]
s:7SwiftUI4ViewPAAE22accessibilityDropPoint_11description9isEnabledAA15ModifiedContentVyxAA31AccessibilityAttachmentModifierVGAA04UnitF0V_AA4TextVSbtF::SYNTHESIZED::s:12FinanceKitUI17TransactionPickerV	swift.method	["TransactionPicker","accessibilityDropPoint(_:description:isEnabled:)"]	unmatched	none	0	0		[]
s:7SwiftUI4ViewPAAE22accessibilityDropPoint_11description9isEnabledAA15ModifiedContentVyxAA31AccessibilityAttachmentModifierVGAA04UnitF0V_AA4TextVSbtF::SYNTHESIZED::s:12FinanceKitUI22AddOrderToWalletButtonV	swift.method	["AddOrderToWalletButton","accessibilityDropPoint(_:description:isEnabled:)"]	unmatched	none	0	0		[]
s:7SwiftUI4ViewPAAE22accessibilityDropPoint_11description9isEnabledAA15ModifiedContentVyxAA31AccessibilityAttachmentModifierVGAA04UnitF0V_qd__SbtSyRd__lF::SYNTHESIZED::s:12FinanceKitUI17TransactionPickerV	swift.method	["TransactionPicker","accessibilityDropPoint(_:description:isEnabled:)"]	unmatched	none	0	0		[]
s:7SwiftUI4ViewPAAE22accessibilityDropPoint_11description9isEnabledAA15ModifiedContentVyxAA31AccessibilityAttachmentModifierVGAA04UnitF0V_qd__SbtSyRd__lF::SYNTHESIZED::s:12FinanceKitUI22AddOrderToWalletButtonV	swift.method	["AddOrderToWalletButton","accessibilityDropPoint(_:description:isEnabled:)"]	unmatched	none	0	0		[]
s:7SwiftUI4ViewPAAE22accessibilityDropPoint_11descriptionAA15ModifiedContentVyxAA31AccessibilityAttachmentModifierVGAA04UnitF0V_10Foundation23LocalizedStringResourceVtF::SYNTHESIZED::s:12FinanceKitUI17TransactionPickerV	swift.method	["TransactionPicker","accessibilityDropPoint(_:description:)"]	unmatched	none	0	0		[]
s:7SwiftUI4ViewPAAE22accessibilityDropPoint_11descriptionAA15ModifiedContentVyxAA31AccessibilityAttachmentModifierVGAA04UnitF0V_10Foundation23LocalizedStringResourceVtF::SYNTHESIZED::s:12FinanceKitUI22AddOrderToWalletButtonV	swift.method	["AddOrderToWalletButton","accessibilityDropPoint(_:description:)"]	unmatched	none	0	0		[]
s:7SwiftUI4ViewPAAE22accessibilityDropPoint_11descriptionAA15ModifiedContentVyxAA31AccessibilityAttachmentModifierVGAA04UnitF0V_AA18LocalizedStringKeyVtF::SYNTHESIZED::s:12FinanceKitUI17TransactionPickerV	swift.method	["TransactionPicker","accessibilityDropPoint(_:description:)"]	unmatched	none	0	0		[]
s:7SwiftUI4ViewPAAE22accessibilityDropPoint_11descriptionAA15ModifiedContentVyxAA31AccessibilityAttachmentModifierVGAA04UnitF0V_AA18LocalizedStringKeyVtF::SYNTHESIZED::s:12FinanceKitUI22AddOrderToWalletButtonV	swift.method	["AddOrderToWalletButton","accessibilityDropPoint(_:description:)"]	unmatched	none	0	0		[]
s:7SwiftUI4ViewPAAE22accessibilityDropPoint_11descriptionAA15ModifiedContentVyxAA31AccessibilityAttachmentModifierVGAA04UnitF0V_AA4TextVtF::SYNTHESIZED::s:12FinanceKitUI17TransactionPickerV	swift.method	["TransactionPicker","accessibilityDropPoint(_:description:)"]	unmatched	none	0	0		[]
s:7SwiftUI4ViewPAAE22accessibilityDropPoint_11descriptionAA15ModifiedContentVyxAA31AccessibilityAttachmentModifierVGAA04UnitF0V_AA4TextVtF::SYNTHESIZED::s:12FinanceKitUI22AddOrderToWalletButtonV	swift.method	["AddOrderToWalletButton","accessibilityDropPoint(_:description:)"]	unmatched	none	0	0		[]
s:7SwiftUI4ViewPAAE22accessibilityDropPoint_11descriptionAA15ModifiedContentVyxAA31AccessibilityAttachmentModifierVGAA04UnitF0V_qd__tSyRd__lF::SYNTHESIZED::s:12FinanceKitUI17TransactionPickerV	swift.method	["TransactionPicker","accessibilityDropPoint(_:description:)"]	unmatched	none	0	0		[]
s:7SwiftUI4ViewPAAE22accessibilityDropPoint_11descriptionAA15ModifiedContentVyxAA31AccessibilityAttachmentModifierVGAA04UnitF0V_qd__tSyRd__lF::SYNTHESIZED::s:12FinanceKitUI22AddOrderToWalletButtonV	swift.method	["AddOrderToWalletButton","accessibilityDropPoint(_:description:)"]	unmatched	none	0	0		[]
s:7SwiftUI4ViewPAAE22autocorrectionDisabledyQrSbF::SYNTHESIZED::s:12FinanceKitUI17TransactionPickerV	swift.method	["TransactionPicker","autocorrectionDisabled(_:)"]	unmatched	none	0	0		[]
s:7SwiftUI4ViewPAAE22autocorrectionDisabledyQrSbF::SYNTHESIZED::s:12FinanceKitUI22AddOrderToWalletButtonV	swift.method	["AddOrderToWalletButton","autocorrectionDisabled(_:)"]	unmatched	none	0	0		[]
s:7SwiftUI4ViewPAAE22containerRelativeFrame_5count4span7spacing9alignmentQrAA4AxisO3SetV_S2i14CoreFoundation7CGFloatVAA9AlignmentVtF::SYNTHESIZED::s:12FinanceKitUI17TransactionPickerV	swift.method	["TransactionPicker","containerRelativeFrame(_:count:span:spacing:alignment:)"]	unmatched	none	0	0		[]
s:7SwiftUI4ViewPAAE22containerRelativeFrame_5count4span7spacing9alignmentQrAA4AxisO3SetV_S2i14CoreFoundation7CGFloatVAA9AlignmentVtF::SYNTHESIZED::s:12FinanceKitUI22AddOrderToWalletButtonV	swift.method	["AddOrderToWalletButton","containerRelativeFrame(_:count:span:spacing:alignment:)"]	unmatched	none	0	0		[]
s:7SwiftUI4ViewPAAE22containerRelativeFrame_9alignmentQrAA4AxisO3SetV_AA9AlignmentVtF::SYNTHESIZED::s:12FinanceKitUI17TransactionPickerV	swift.method	["TransactionPicker","containerRelativeFrame(_:alignment:)"]	unmatched	none	0	0		[]
s:7SwiftUI4ViewPAAE22containerRelativeFrame_9alignmentQrAA4AxisO3SetV_AA9AlignmentVtF::SYNTHESIZED::s:12FinanceKitUI22AddOrderToWalletButtonV	swift.method	["AddOrderToWalletButton","containerRelativeFrame(_:alignment:)"]	unmatched	none	0	0		[]
s:7SwiftUI4ViewPAAE22containerRelativeFrame_9alignment_QrAA4AxisO3SetV_AA9AlignmentV14CoreFoundation7CGFloatVAN_AGtctF::SYNTHESIZED::s:12FinanceKitUI17TransactionPickerV	swift.method	["TransactionPicker","containerRelativeFrame(_:alignment:_:)"]	unmatched	none	0	0		[]
s:7SwiftUI4ViewPAAE22containerRelativeFrame_9alignment_QrAA4AxisO3SetV_AA9AlignmentV14CoreFoundation7CGFloatVAN_AGtctF::SYNTHESIZED::s:12FinanceKitUI22AddOrderToWalletButtonV	swift.method	["AddOrderToWalletButton","containerRelativeFrame(_:alignment:_:)"]	unmatched	none	0	0		[]
s:7SwiftUI4ViewPAAE22labelReservedIconWidthyQr14CoreFoundation7CGFloatVF::SYNTHESIZED::s:12FinanceKitUI17TransactionPickerV	swift.method	["TransactionPicker","labelReservedIconWidth(_:)"]	unmatched	none	0	0		[]
s:7SwiftUI4ViewPAAE22labelReservedIconWidthyQr14CoreFoundation7CGFloatVF::SYNTHESIZED::s:12FinanceKitUI22AddOrderToWalletButtonV	swift.method	["AddOrderToWalletButton","labelReservedIconWidth(_:)"]	unmatched	none	0	0		[]
s:7SwiftUI4ViewPAAE22multilineTextAlignment8strategyQrAA0E0V0F8StrategyV_tF::SYNTHESIZED::s:12FinanceKitUI17TransactionPickerV	swift.method	["TransactionPicker","multilineTextAlignment(strategy:)"]	unmatched	none	0	0		[]
s:7SwiftUI4ViewPAAE22multilineTextAlignment8strategyQrAA0E0V0F8StrategyV_tF::SYNTHESIZED::s:12FinanceKitUI22AddOrderToWalletButtonV	swift.method	["AddOrderToWalletButton","multilineTextAlignment(strategy:)"]	unmatched	none	0	0		[]
s:7SwiftUI4ViewPAAE22multilineTextAlignmentyQrAA0eF0OF::SYNTHESIZED::s:12FinanceKitUI17TransactionPickerV	swift.method	["TransactionPicker","multilineTextAlignment(_:)"]	unmatched	none	0	0		[]
s:7SwiftUI4ViewPAAE22multilineTextAlignmentyQrAA0eF0OF::SYNTHESIZED::s:12FinanceKitUI22AddOrderToWalletButtonV	swift.method	["AddOrderToWalletButton","multilineTextAlignment(_:)"]	unmatched	none	0	0		[]
s:7SwiftUI4ViewPAAE22onContinueUserActivity_7performQrSS_ySo06NSUserG0CctF::SYNTHESIZED::s:12FinanceKitUI17TransactionPickerV	swift.method	["TransactionPicker","onContinueUserActivity(_:perform:)"]	unmatched	none	0	0		[]
s:7SwiftUI4ViewPAAE22onContinueUserActivity_7performQrSS_ySo06NSUserG0CctF::SYNTHESIZED::s:12FinanceKitUI22AddOrderToWalletButtonV	swift.method	["AddOrderToWalletButton","onContinueUserActivity(_:perform:)"]	unmatched	none	0	0		[]
s:7SwiftUI4ViewPAAE22onScrollGeometryChange3for2of6actionQrqd__m_qd__AA0eF0Vcyqd___qd__tctSQRd__lF::SYNTHESIZED::s:12FinanceKitUI17TransactionPickerV	swift.method	["TransactionPicker","onScrollGeometryChange(for:of:action:)"]	unmatched	none	0	0		[]
s:7SwiftUI4ViewPAAE22onScrollGeometryChange3for2of6actionQrqd__m_qd__AA0eF0Vcyqd___qd__tctSQRd__lF::SYNTHESIZED::s:12FinanceKitUI22AddOrderToWalletButtonV	swift.method	["AddOrderToWalletButton","onScrollGeometryChange(for:of:action:)"]	unmatched	none	0	0		[]
s:7SwiftUI4ViewPAAE22overlayPreferenceValue_9alignment_Qrqd__m_AA9AlignmentVqd_0_0F0Qyd__ctAA0E3KeyRd__AaBRd_0_r0_lF::SYNTHESIZED::s:12FinanceKitUI17TransactionPickerV	swift.method	["TransactionPicker","overlayPreferenceValue(_:alignment:_:)"]	unmatched	none	0	0		[]
s:7SwiftUI4ViewPAAE22overlayPreferenceValue_9alignment_Qrqd__m_AA9AlignmentVqd_0_0F0Qyd__ctAA0E3KeyRd__AaBRd_0_r0_lF::SYNTHESIZED::s:12FinanceKitUI22AddOrderToWalletButtonV	swift.method	["AddOrderToWalletButton","overlayPreferenceValue(_:alignment:_:)"]	unmatched	none	0	0		[]
s:7SwiftUI4ViewPAAE22overlayPreferenceValueyQrqd__m_qd_0_0F0Qyd__ctAA0E3KeyRd__AaBRd_0_r0_lF::SYNTHESIZED::s:12FinanceKitUI17TransactionPickerV	swift.method	["TransactionPicker","overlayPreferenceValue(_:_:)"]	unmatched	none	0	0		[]
s:7SwiftUI4ViewPAAE22overlayPreferenceValueyQrqd__m_qd_0_0F0Qyd__ctAA0E3KeyRd__AaBRd_0_r0_lF::SYNTHESIZED::s:12FinanceKitUI22AddOrderToWalletButtonV	swift.method	["AddOrderToWalletButton","overlayPreferenceValue(_:_:)"]	unmatched	none	0	0		[]
s:7SwiftUI4ViewPAAE22paletteSelectionEffectyQrAA07PaletteeF0VF::SYNTHESIZED::s:12FinanceKitUI17TransactionPickerV	swift.method	["TransactionPicker","paletteSelectionEffect(_:)"]	unmatched	none	0	0		[]
s:7SwiftUI4ViewPAAE22paletteSelectionEffectyQrAA07PaletteeF0VF::SYNTHESIZED::s:12FinanceKitUI22AddOrderToWalletButtonV	swift.method	["AddOrderToWalletButton","paletteSelectionEffect(_:)"]	unmatched	none	0	0		[]
s:7SwiftUI4ViewPAAE22presentationBackground9alignment7contentQrAA9AlignmentV_qd__yXEtAaBRd__lF::SYNTHESIZED::s:12FinanceKitUI17TransactionPickerV	swift.method	["TransactionPicker","presentationBackground(alignment:content:)"]	unmatched	none	0	0		[]
s:7SwiftUI4ViewPAAE22presentationBackground9alignment7contentQrAA9AlignmentV_qd__yXEtAaBRd__lF::SYNTHESIZED::s:12FinanceKitUI22AddOrderToWalletButtonV	swift.method	["AddOrderToWalletButton","presentationBackground(alignment:content:)"]	unmatched	none	0	0		[]
s:7SwiftUI4ViewPAAE22presentationBackgroundyQrqd__AA10ShapeStyleRd__lF::SYNTHESIZED::s:12FinanceKitUI17TransactionPickerV	swift.method	["TransactionPicker","presentationBackground(_:)"]	unmatched	none	0	0		[]
s:7SwiftUI4ViewPAAE22presentationBackgroundyQrqd__AA10ShapeStyleRd__lF::SYNTHESIZED::s:12FinanceKitUI22AddOrderToWalletButtonV	swift.method	["AddOrderToWalletButton","presentationBackground(_:)"]	unmatched	none	0	0		[]
s:7SwiftUI4ViewPAAE22scrollEdgeEffectHidden_3forQrSb_AA0E0O3SetVtF::SYNTHESIZED::s:12FinanceKitUI17TransactionPickerV	swift.method	["TransactionPicker","scrollEdgeEffectHidden(_:for:)"]	unmatched	none	0	0		[]
s:7SwiftUI4ViewPAAE22scrollEdgeEffectHidden_3forQrSb_AA0E0O3SetVtF::SYNTHESIZED::s:12FinanceKitUI22AddOrderToWalletButtonV	swift.method	["AddOrderToWalletButton","scrollEdgeEffectHidden(_:for:)"]	unmatched	none	0	0		[]
s:7SwiftUI4ViewPAAE22tabBarMinimizeBehavioryQrAA03TabefG0VF::SYNTHESIZED::s:12FinanceKitUI17TransactionPickerV	swift.method	["TransactionPicker","tabBarMinimizeBehavior(_:)"]	unmatched	none	0	0		[]
s:7SwiftUI4ViewPAAE22tabBarMinimizeBehavioryQrAA03TabefG0VF::SYNTHESIZED::s:12FinanceKitUI22AddOrderToWalletButtonV	swift.method	["AddOrderToWalletButton","tabBarMinimizeBehavior(_:)"]	unmatched	none	0	0		[]
s:7SwiftUI4ViewPAAE22toolbarForegroundStyle_3forQrqd___AA16ToolbarPlacementVdtAA05ShapeF0Rd__lF::SYNTHESIZED::s:12FinanceKitUI17TransactionPickerV	swift.method	["TransactionPicker","toolbarForegroundStyle(_:for:)"]	unmatched	none	0	0		[]
s:7SwiftUI4ViewPAAE22toolbarForegroundStyle_3forQrqd___AA16ToolbarPlacementVdtAA05ShapeF0Rd__lF::SYNTHESIZED::s:12FinanceKitUI22AddOrderToWalletButtonV	swift.method	["AddOrderToWalletButton","toolbarForegroundStyle(_:for:)"]	unmatched	none	0	0		[]
s:7SwiftUI4ViewPAAE23accessibilityIdentifier_9isEnabledAA15ModifiedContentVyxAA31AccessibilityAttachmentModifierVGSS_SbtF::SYNTHESIZED::s:12FinanceKitUI17TransactionPickerV	swift.method	["TransactionPicker","accessibilityIdentifier(_:isEnabled:)"]	unmatched	none	0	0		[]
s:7SwiftUI4ViewPAAE23accessibilityIdentifier_9isEnabledAA15ModifiedContentVyxAA31AccessibilityAttachmentModifierVGSS_SbtF::SYNTHESIZED::s:12FinanceKitUI22AddOrderToWalletButtonV	swift.method	["AddOrderToWalletButton","accessibilityIdentifier(_:isEnabled:)"]	unmatched	none	0	0		[]
s:7SwiftUI4ViewPAAE23accessibilityIdentifieryAA15ModifiedContentVyxAA31AccessibilityAttachmentModifierVGSSF::SYNTHESIZED::s:12FinanceKitUI17TransactionPickerV	swift.method	["TransactionPicker","accessibilityIdentifier(_:)"]	unmatched	none	0	0		[]
s:7SwiftUI4ViewPAAE23accessibilityIdentifieryAA15ModifiedContentVyxAA31AccessibilityAttachmentModifierVGSSF::SYNTHESIZED::s:12FinanceKitUI22AddOrderToWalletButtonV	swift.method	["AddOrderToWalletButton","accessibilityIdentifier(_:)"]	unmatched	none	0	0		[]
s:7SwiftUI4ViewPAAE23accessibilityRotorEntry2id2inQrqd___AA9NamespaceV2IDVtSHRd__lF::SYNTHESIZED::s:12FinanceKitUI17TransactionPickerV	swift.method	["TransactionPicker","accessibilityRotorEntry(id:in:)"]	unmatched	none	0	0		[]
s:7SwiftUI4ViewPAAE23accessibilityRotorEntry2id2inQrqd___AA9NamespaceV2IDVtSHRd__lF::SYNTHESIZED::s:12FinanceKitUI22AddOrderToWalletButtonV	swift.method	["AddOrderToWalletButton","accessibilityRotorEntry(id:in:)"]	unmatched	none	0	0		[]
s:7SwiftUI4ViewPAAE23accessibilityZoomActionyAA15ModifiedContentVyxAA31AccessibilityAttachmentModifierVGyAA0ie7GestureF0VcF::SYNTHESIZED::s:12FinanceKitUI17TransactionPickerV	swift.method	["TransactionPicker","accessibilityZoomAction(_:)"]	unmatched	none	0	0		[]
s:7SwiftUI4ViewPAAE23accessibilityZoomActionyAA15ModifiedContentVyxAA31AccessibilityAttachmentModifierVGyAA0ie7GestureF0VcF::SYNTHESIZED::s:12FinanceKitUI22AddOrderToWalletButtonV	swift.method	["AddOrderToWalletButton","accessibilityZoomAction(_:)"]	unmatched	none	0	0		[]
s:7SwiftUI4ViewPAAE23dialogSuppressionToggle12isSuppressedQrAA7BindingVySbG_tF::SYNTHESIZED::s:12FinanceKitUI17TransactionPickerV	swift.method	["TransactionPicker","dialogSuppressionToggle(isSuppressed:)"]	unmatched	none	0	0		[]
s:7SwiftUI4ViewPAAE23dialogSuppressionToggle12isSuppressedQrAA7BindingVySbG_tF::SYNTHESIZED::s:12FinanceKitUI22AddOrderToWalletButtonV	swift.method	["AddOrderToWalletButton","dialogSuppressionToggle(isSuppressed:)"]	unmatched	none	0	0		[]
s:7SwiftUI4ViewPAAE23dialogSuppressionToggle_12isSuppressedQr10Foundation23LocalizedStringResourceV_AA7BindingVySbGtF::SYNTHESIZED::s:12FinanceKitUI17TransactionPickerV	swift.method	["TransactionPicker","dialogSuppressionToggle(_:isSuppressed:)"]	unmatched	none	0	0		[]
s:7SwiftUI4ViewPAAE23dialogSuppressionToggle_12isSuppressedQr10Foundation23LocalizedStringResourceV_AA7BindingVySbGtF::SYNTHESIZED::s:12FinanceKitUI22AddOrderToWalletButtonV	swift.method	["AddOrderToWalletButton","dialogSuppressionToggle(_:isSuppressed:)"]	unmatched	none	0	0		[]
s:7SwiftUI4ViewPAAE23dialogSuppressionToggle_12isSuppressedQrAA18LocalizedStringKeyV_AA7BindingVySbGtF::SYNTHESIZED::s:12FinanceKitUI17TransactionPickerV	swift.method	["TransactionPicker","dialogSuppressionToggle(_:isSuppressed:)"]	unmatched	none	0	0		[]
s:7SwiftUI4ViewPAAE23dialogSuppressionToggle_12isSuppressedQrAA18LocalizedStringKeyV_AA7BindingVySbGtF::SYNTHESIZED::s:12FinanceKitUI22AddOrderToWalletButtonV	swift.method	["AddOrderToWalletButton","dialogSuppressionToggle(_:isSuppressed:)"]	unmatched	none	0	0		[]
s:7SwiftUI4ViewPAAE23dialogSuppressionToggle_12isSuppressedQrAA4TextV_AA7BindingVySbGtF::SYNTHESIZED::s:12FinanceKitUI17TransactionPickerV	swift.method	["TransactionPicker","dialogSuppressionToggle(_:isSuppressed:)"]	unmatched	none	0	0		[]
s:7SwiftUI4ViewPAAE23dialogSuppressionToggle_12isSuppressedQrAA4TextV_AA7BindingVySbGtF::SYNTHESIZED::s:12FinanceKitUI22AddOrderToWalletButtonV	swift.method	["AddOrderToWalletButton","dialogSuppressionToggle(_:isSuppressed:)"]	unmatched	none	0	0		[]
s:7SwiftUI4ViewPAAE23dialogSuppressionToggle_12isSuppressedQrqd___AA7BindingVySbGtSyRd__lF::SYNTHESIZED::s:12FinanceKitUI17TransactionPickerV	swift.method	["TransactionPicker","dialogSuppressionToggle(_:isSuppressed:)"]	unmatched	none	0	0		[]
s:7SwiftUI4ViewPAAE23dialogSuppressionToggle_12isSuppressedQrqd___AA7BindingVySbGtSyRd__lF::SYNTHESIZED::s:12FinanceKitUI22AddOrderToWalletButtonV	swift.method	["AddOrderToWalletButton","dialogSuppressionToggle(_:isSuppressed:)"]	unmatched	none	0	0		[]
s:7SwiftUI4ViewPAAE23labelIconToTitleSpacingyQr14CoreFoundation7CGFloatVF::SYNTHESIZED::s:12FinanceKitUI17TransactionPickerV	swift.method	["TransactionPicker","labelIconToTitleSpacing(_:)"]	unmatched	none	0	0		[]
s:7SwiftUI4ViewPAAE23labelIconToTitleSpacingyQr14CoreFoundation7CGFloatVF::SYNTHESIZED::s:12FinanceKitUI22AddOrderToWalletButtonV	swift.method	["AddOrderToWalletButton","labelIconToTitleSpacing(_:)"]	unmatched	none	0	0		[]
s:7SwiftUI4ViewPAAE23layoutDirectionBehavioryQrAA06LayouteF0OF::SYNTHESIZED::s:12FinanceKitUI17TransactionPickerV	swift.method	["TransactionPicker","layoutDirectionBehavior(_:)"]	unmatched	none	0	0		[]
s:7SwiftUI4ViewPAAE23layoutDirectionBehavioryQrAA06LayouteF0OF::SYNTHESIZED::s:12FinanceKitUI22AddOrderToWalletButtonV	swift.method	["AddOrderToWalletButton","layoutDirectionBehavior(_:)"]	unmatched	none	0	0		[]
s:7SwiftUI4ViewPAAE23matchedTransitionSource2id2in13configurationQrqd___AA9NamespaceV2IDVqd_0_AA012EmptyMatchedeF13ConfigurationVXEtSHRd__AA0mefN0Rd_0_r0_lF::SYNTHESIZED::s:12FinanceKitUI17TransactionPickerV	swift.method	["TransactionPicker","matchedTransitionSource(id:in:configuration:)"]	unmatched	none	0	0		[]
s:7SwiftUI4ViewPAAE23matchedTransitionSource2id2in13configurationQrqd___AA9NamespaceV2IDVqd_0_AA012EmptyMatchedeF13ConfigurationVXEtSHRd__AA0mefN0Rd_0_r0_lF::SYNTHESIZED::s:12FinanceKitUI22AddOrderToWalletButtonV	swift.method	["AddOrderToWalletButton","matchedTransitionSource(id:in:configuration:)"]	unmatched	none	0	0		[]
s:7SwiftUI4ViewPAAE23matchedTransitionSource2id2inQrqd___AA9NamespaceV2IDVtSHRd__lF::SYNTHESIZED::s:12FinanceKitUI17TransactionPickerV	swift.method	["TransactionPicker","matchedTransitionSource(id:in:)"]	unmatched	none	0	0		[]
s:7SwiftUI4ViewPAAE23matchedTransitionSource2id2inQrqd___AA9NamespaceV2IDVtSHRd__lF::SYNTHESIZED::s:12FinanceKitUI22AddOrderToWalletButtonV	swift.method	["AddOrderToWalletButton","matchedTransitionSource(id:in:)"]	unmatched	none	0	0		[]
s:7SwiftUI4ViewPAAE23scrollContentBackgroundyQrAA10VisibilityOF::SYNTHESIZED::s:12FinanceKitUI17TransactionPickerV	swift.method	["TransactionPicker","scrollContentBackground(_:)"]	unmatched	none	0	0		[]
s:7SwiftUI4ViewPAAE23scrollContentBackgroundyQrAA10VisibilityOF::SYNTHESIZED::s:12FinanceKitUI22AddOrderToWalletButtonV	swift.method	["AddOrderToWalletButton","scrollContentBackground(_:)"]	unmatched	none	0	0		[]
s:7SwiftUI4ViewPAAE23scrollDismissesKeyboardyQrAA06ScrolleF4ModeVF::SYNTHESIZED::s:12FinanceKitUI17TransactionPickerV	swift.method	["TransactionPicker","scrollDismissesKeyboard(_:)"]	unmatched	none	0	0		[]
s:7SwiftUI4ViewPAAE23scrollDismissesKeyboardyQrAA06ScrolleF4ModeVF::SYNTHESIZED::s:12FinanceKitUI22AddOrderToWalletButtonV	swift.method	["AddOrderToWalletButton","scrollDismissesKeyboard(_:)"]	unmatched	none	0	0		[]
s:7SwiftUI4ViewPAAE23searchDictationBehavioryQrAA09TextInputeF0VF::SYNTHESIZED::s:12FinanceKitUI17TransactionPickerV	swift.method	["TransactionPicker","searchDictationBehavior(_:)"]	unmatched	none	0	0		[]
s:7SwiftUI4ViewPAAE23searchDictationBehavioryQrAA09TextInputeF0VF::SYNTHESIZED::s:12FinanceKitUI22AddOrderToWalletButtonV	swift.method	["AddOrderToWalletButton","searchDictationBehavior(_:)"]	unmatched	none	0	0		[]
s:7SwiftUI4ViewPAAE23symbolVariableValueModeyQrAA06SymbolefG0VSgF::SYNTHESIZED::s:12FinanceKitUI17TransactionPickerV	swift.method	["TransactionPicker","symbolVariableValueMode(_:)"]	unmatched	none	0	0		[]
s:7SwiftUI4ViewPAAE23symbolVariableValueModeyQrAA06SymbolefG0VSgF::SYNTHESIZED::s:12FinanceKitUI22AddOrderToWalletButtonV	swift.method	["AddOrderToWalletButton","symbolVariableValueMode(_:)"]	unmatched	none	0	0		[]
s:7SwiftUI4ViewPAAE23toolbarTitleDisplayModeyQrAA07ToolbarefG0VF::SYNTHESIZED::s:12FinanceKitUI17TransactionPickerV	swift.method	["TransactionPicker","toolbarTitleDisplayMode(_:)"]	unmatched	none	0	0		[]
s:7SwiftUI4ViewPAAE23toolbarTitleDisplayModeyQrAA07ToolbarefG0VF::SYNTHESIZED::s:12FinanceKitUI22AddOrderToWalletButtonV	swift.method	["AddOrderToWalletButton","toolbarTitleDisplayMode(_:)"]	unmatched	none	0	0		[]
s:7SwiftUI4ViewPAAE24accessibilityDirectTouch_7optionsAA15ModifiedContentVyxAA31AccessibilityAttachmentModifierVGSb_AA0jeF7OptionsVtF::SYNTHESIZED::s:12FinanceKitUI17TransactionPickerV	swift.method	["TransactionPicker","accessibilityDirectTouch(_:options:)"]	unmatched	none	0	0		[]
s:7SwiftUI4ViewPAAE24accessibilityDirectTouch_7optionsAA15ModifiedContentVyxAA31AccessibilityAttachmentModifierVGSb_AA0jeF7OptionsVtF::SYNTHESIZED::s:12FinanceKitUI22AddOrderToWalletButtonV	swift.method	["AddOrderToWalletButton","accessibilityDirectTouch(_:options:)"]	unmatched	none	0	0		[]
s:7SwiftUI4ViewPAAE24accessibilityInputLabels_9isEnabledAA15ModifiedContentVyxAA31AccessibilityAttachmentModifierVGSayAA18LocalizedStringKeyVG_SbtF::SYNTHESIZED::s:12FinanceKitUI17TransactionPickerV	swift.method	["TransactionPicker","accessibilityInputLabels(_:isEnabled:)"]	unmatched	none	0	0		[]
s:7SwiftUI4ViewPAAE24accessibilityInputLabels_9isEnabledAA15ModifiedContentVyxAA31AccessibilityAttachmentModifierVGSayAA18LocalizedStringKeyVG_SbtF::SYNTHESIZED::s:12FinanceKitUI22AddOrderToWalletButtonV	swift.method	["AddOrderToWalletButton","accessibilityInputLabels(_:isEnabled:)"]	unmatched	none	0	0		[]
s:7SwiftUI4ViewPAAE24accessibilityInputLabels_9isEnabledAA15ModifiedContentVyxAA31AccessibilityAttachmentModifierVGSayAA4TextVG_SbtF::SYNTHESIZED::s:12FinanceKitUI17TransactionPickerV	swift.method	["TransactionPicker","accessibilityInputLabels(_:isEnabled:)"]	unmatched	none	0	0		[]
s:7SwiftUI4ViewPAAE24accessibilityInputLabels_9isEnabledAA15ModifiedContentVyxAA31AccessibilityAttachmentModifierVGSayAA4TextVG_SbtF::SYNTHESIZED::s:12FinanceKitUI22AddOrderToWalletButtonV	swift.method	["AddOrderToWalletButton","accessibilityInputLabels(_:isEnabled:)"]	unmatched	none	0	0		[]
s:7SwiftUI4ViewPAAE24accessibilityInputLabels_9isEnabledAA15ModifiedContentVyxAA31AccessibilityAttachmentModifierVGSayqd__G_SbtSyRd__lF::SYNTHESIZED::s:12FinanceKitUI17TransactionPickerV	swift.method	["TransactionPicker","accessibilityInputLabels(_:isEnabled:)"]	unmatched	none	0	0		[]
s:7SwiftUI4ViewPAAE24accessibilityInputLabels_9isEnabledAA15ModifiedContentVyxAA31AccessibilityAttachmentModifierVGSayqd__G_SbtSyRd__lF::SYNTHESIZED::s:12FinanceKitUI22AddOrderToWalletButtonV	swift.method	["AddOrderToWalletButton","accessibilityInputLabels(_:isEnabled:)"]	unmatched	none	0	0		[]
s:7SwiftUI4ViewPAAE24accessibilityInputLabelsyAA15ModifiedContentVyxAA31AccessibilityAttachmentModifierVGSayAA18LocalizedStringKeyVGF::SYNTHESIZED::s:12FinanceKitUI17TransactionPickerV	swift.method	["TransactionPicker","accessibilityInputLabels(_:)"]	unmatched	none	0	0		[]
s:7SwiftUI4ViewPAAE24accessibilityInputLabelsyAA15ModifiedContentVyxAA31AccessibilityAttachmentModifierVGSayAA18LocalizedStringKeyVGF::SYNTHESIZED::s:12FinanceKitUI22AddOrderToWalletButtonV	swift.method	["AddOrderToWalletButton","accessibilityInputLabels(_:)"]	unmatched	none	0	0		[]
s:7SwiftUI4ViewPAAE24accessibilityInputLabelsyAA15ModifiedContentVyxAA31AccessibilityAttachmentModifierVGSayAA4TextVGF::SYNTHESIZED::s:12FinanceKitUI17TransactionPickerV	swift.method	["TransactionPicker","accessibilityInputLabels(_:)"]	unmatched	none	0	0		[]
s:7SwiftUI4ViewPAAE24accessibilityInputLabelsyAA15ModifiedContentVyxAA31AccessibilityAttachmentModifierVGSayAA4TextVGF::SYNTHESIZED::s:12FinanceKitUI22AddOrderToWalletButtonV	swift.method	["AddOrderToWalletButton","accessibilityInputLabels(_:)"]	unmatched	none	0	0		[]
s:7SwiftUI4ViewPAAE24accessibilityInputLabelsyAA15ModifiedContentVyxAA31AccessibilityAttachmentModifierVGSayqd__GSyRd__lF::SYNTHESIZED::s:12FinanceKitUI17TransactionPickerV	swift.method	["TransactionPicker","accessibilityInputLabels(_:)"]	unmatched	none	0	0		[]
s:7SwiftUI4ViewPAAE24accessibilityInputLabelsyAA15ModifiedContentVyxAA31AccessibilityAttachmentModifierVGSayqd__GSyRd__lF::SYNTHESIZED::s:12FinanceKitUI22AddOrderToWalletButtonV	swift.method	["AddOrderToWalletButton","accessibilityInputLabels(_:)"]	unmatched	none	0	0		[]
s:7SwiftUI4ViewPAAE24accessibilityLabeledPair4role2id2inQrAA013AccessibilityeF4RoleO_qd__AA9NamespaceV2IDVtSHRd__lF::SYNTHESIZED::s:12FinanceKitUI17TransactionPickerV	swift.method	["TransactionPicker","accessibilityLabeledPair(role:id:in:)"]	unmatched	none	0	0		[]
s:7SwiftUI4ViewPAAE24accessibilityLabeledPair4role2id2inQrAA013AccessibilityeF4RoleO_qd__AA9NamespaceV2IDVtSHRd__lF::SYNTHESIZED::s:12FinanceKitUI22AddOrderToWalletButtonV	swift.method	["AddOrderToWalletButton","accessibilityLabeledPair(role:id:in:)"]	unmatched	none	0	0		[]
s:7SwiftUI4ViewPAAE24accessibilityLinkedGroup2id2inQrqd___AA9NamespaceV2IDVtSHRd__lF::SYNTHESIZED::s:12FinanceKitUI17TransactionPickerV	swift.method	["TransactionPicker","accessibilityLinkedGroup(id:in:)"]	unmatched	none	0	0		[]
s:7SwiftUI4ViewPAAE24accessibilityLinkedGroup2id2inQrqd___AA9NamespaceV2IDVtSHRd__lF::SYNTHESIZED::s:12FinanceKitUI22AddOrderToWalletButtonV	swift.method	["AddOrderToWalletButton","accessibilityLinkedGroup(id:in:)"]	unmatched	none	0	0		[]
s:7SwiftUI4ViewPAAE24fileDialogBrowserOptionsyQrAA04FileefG0VF::SYNTHESIZED::s:12FinanceKitUI17TransactionPickerV	swift.method	["TransactionPicker","fileDialogBrowserOptions(_:)"]	unmatched	none	0	0		[]
s:7SwiftUI4ViewPAAE24fileDialogBrowserOptionsyQrAA04FileefG0VF::SYNTHESIZED::s:12FinanceKitUI22AddOrderToWalletButtonV	swift.method	["AddOrderToWalletButton","fileDialogBrowserOptions(_:)"]	unmatched	none	0	0		[]
s:7SwiftUI4ViewPAAE24listSectionSeparatorTint_5edgesQrAA5ColorVSg_AA12VerticalEdgeO3SetVtF::SYNTHESIZED::s:12FinanceKitUI17TransactionPickerV	swift.method	["TransactionPicker","listSectionSeparatorTint(_:edges:)"]	unmatched	none	0	0		[]
s:7SwiftUI4ViewPAAE24listSectionSeparatorTint_5edgesQrAA5ColorVSg_AA12VerticalEdgeO3SetVtF::SYNTHESIZED::s:12FinanceKitUI22AddOrderToWalletButtonV	swift.method	["AddOrderToWalletButton","listSectionSeparatorTint(_:edges:)"]	unmatched	none	0	0		[]
s:7SwiftUI4ViewPAAE24materialActiveAppearanceyQrAA08MaterialeF0VF::SYNTHESIZED::s:12FinanceKitUI17TransactionPickerV	swift.method	["TransactionPicker","materialActiveAppearance(_:)"]	unmatched	none	0	0		[]
s:7SwiftUI4ViewPAAE24materialActiveAppearanceyQrAA08MaterialeF0VF::SYNTHESIZED::s:12FinanceKitUI22AddOrderToWalletButtonV	swift.method	["AddOrderToWalletButton","materialActiveAppearance(_:)"]	unmatched	none	0	0		[]
s:7SwiftUI4ViewPAAE24onScrollVisibilityChange9threshold_QrSd_ySbctF::SYNTHESIZED::s:12FinanceKitUI17TransactionPickerV	swift.method	["TransactionPicker","onScrollVisibilityChange(threshold:_:)"]	unmatched	none	0	0		[]
s:7SwiftUI4ViewPAAE24onScrollVisibilityChange9threshold_QrSd_ySbctF::SYNTHESIZED::s:12FinanceKitUI22AddOrderToWalletButtonV	swift.method	["AddOrderToWalletButton","onScrollVisibilityChange(threshold:_:)"]	unmatched	none	0	0		[]
s:7SwiftUI4ViewPAAE24persistentSystemOverlaysyQrAA10VisibilityOF::SYNTHESIZED::s:12FinanceKitUI17TransactionPickerV	swift.method	["TransactionPicker","persistentSystemOverlays(_:)"]	unmatched	none	0	0		[]
s:7SwiftUI4ViewPAAE24persistentSystemOverlaysyQrAA10VisibilityOF::SYNTHESIZED::s:12FinanceKitUI22AddOrderToWalletButtonV	swift.method	["AddOrderToWalletButton","persistentSystemOverlays(_:)"]	unmatched	none	0	0		[]
s:7SwiftUI4ViewPAAE24presentationCornerRadiusyQr14CoreFoundation7CGFloatVSgF::SYNTHESIZED::s:12FinanceKitUI17TransactionPickerV	swift.method	["TransactionPicker","presentationCornerRadius(_:)"]	unmatched	none	0	0		[]
s:7SwiftUI4ViewPAAE24presentationCornerRadiusyQr14CoreFoundation7CGFloatVSgF::SYNTHESIZED::s:12FinanceKitUI22AddOrderToWalletButtonV	swift.method	["AddOrderToWalletButton","presentationCornerRadius(_:)"]	unmatched	none	0	0		[]
s:7SwiftUI4ViewPAAE24symbolColorRenderingModeyQrAA06SymbolefG0VSgF::SYNTHESIZED::s:12FinanceKitUI17TransactionPickerV	swift.method	["TransactionPicker","symbolColorRenderingMode(_:)"]	unmatched	none	0	0		[]
s:7SwiftUI4ViewPAAE24symbolColorRenderingModeyQrAA06SymbolefG0VSgF::SYNTHESIZED::s:12FinanceKitUI22AddOrderToWalletButtonV	swift.method	["AddOrderToWalletButton","symbolColorRenderingMode(_:)"]	unmatched	none	0	0		[]
s:7SwiftUI4ViewPAAE25accessibilityDefaultFocusyQrAA013AccessibilityF5StateV7BindingVyqd___G_qd__tSHRd__lF::SYNTHESIZED::s:12FinanceKitUI17TransactionPickerV	swift.method	["TransactionPicker","accessibilityDefaultFocus(_:_:)"]	unmatched	none	0	0		[]
s:7SwiftUI4ViewPAAE25accessibilityDefaultFocusyQrAA013AccessibilityF5StateV7BindingVyqd___G_qd__tSHRd__lF::SYNTHESIZED::s:12FinanceKitUI22AddOrderToWalletButtonV	swift.method	["AddOrderToWalletButton","accessibilityDefaultFocus(_:_:)"]	unmatched	none	0	0		[]
s:7SwiftUI4ViewPAAE25accessibilityRemoveTraitsyAA15ModifiedContentVyxAA31AccessibilityAttachmentModifierVGAA0iF0VF::SYNTHESIZED::s:12FinanceKitUI17TransactionPickerV	swift.method	["TransactionPicker","accessibilityRemoveTraits(_:)"]	unmatched	none	0	0		[]
s:7SwiftUI4ViewPAAE25accessibilityRemoveTraitsyAA15ModifiedContentVyxAA31AccessibilityAttachmentModifierVGAA0iF0VF::SYNTHESIZED::s:12FinanceKitUI22AddOrderToWalletButtonV	swift.method	["AddOrderToWalletButton","accessibilityRemoveTraits(_:)"]	unmatched	none	0	0		[]
s:7SwiftUI4ViewPAAE25accessibilityScrollActionyAA15ModifiedContentVyxAA31AccessibilityAttachmentModifierVGyAA4EdgeOcF::SYNTHESIZED::s:12FinanceKitUI17TransactionPickerV	swift.method	["TransactionPicker","accessibilityScrollAction(_:)"]	unmatched	none	0	0		[]
s:7SwiftUI4ViewPAAE25accessibilityScrollActionyAA15ModifiedContentVyxAA31AccessibilityAttachmentModifierVGyAA4EdgeOcF::SYNTHESIZED::s:12FinanceKitUI22AddOrderToWalletButtonV	swift.method	["AddOrderToWalletButton","accessibilityScrollAction(_:)"]	unmatched	none	0	0		[]
s:7SwiftUI4ViewPAAE25accessibilityScrollStatus_9isEnabledAA15ModifiedContentVyxAA31AccessibilityAttachmentModifierVG10Foundation23LocalizedStringResourceV_SbtF::SYNTHESIZED::s:12FinanceKitUI17TransactionPickerV	swift.method	["TransactionPicker","accessibilityScrollStatus(_:isEnabled:)"]	unmatched	none	0	0		[]
s:7SwiftUI4ViewPAAE25accessibilityScrollStatus_9isEnabledAA15ModifiedContentVyxAA31AccessibilityAttachmentModifierVG10Foundation23LocalizedStringResourceV_SbtF::SYNTHESIZED::s:12FinanceKitUI22AddOrderToWalletButtonV	swift.method	["AddOrderToWalletButton","accessibilityScrollStatus(_:isEnabled:)"]	unmatched	none	0	0		[]
s:7SwiftUI4ViewPAAE25accessibilityScrollStatus_9isEnabledAA15ModifiedContentVyxAA31AccessibilityAttachmentModifierVGAA18LocalizedStringKeyV_SbtF::SYNTHESIZED::s:12FinanceKitUI17TransactionPickerV	swift.method	["TransactionPicker","accessibilityScrollStatus(_:isEnabled:)"]	unmatched	none	0	0		[]
s:7SwiftUI4ViewPAAE25accessibilityScrollStatus_9isEnabledAA15ModifiedContentVyxAA31AccessibilityAttachmentModifierVGAA18LocalizedStringKeyV_SbtF::SYNTHESIZED::s:12FinanceKitUI22AddOrderToWalletButtonV	swift.method	["AddOrderToWalletButton","accessibilityScrollStatus(_:isEnabled:)"]	unmatched	none	0	0		[]
s:7SwiftUI4ViewPAAE25accessibilityScrollStatus_9isEnabledAA15ModifiedContentVyxAA31AccessibilityAttachmentModifierVGAA4TextV_SbtF::SYNTHESIZED::s:12FinanceKitUI17TransactionPickerV	swift.method	["TransactionPicker","accessibilityScrollStatus(_:isEnabled:)"]	unmatched	none	0	0		[]
s:7SwiftUI4ViewPAAE25accessibilityScrollStatus_9isEnabledAA15ModifiedContentVyxAA31AccessibilityAttachmentModifierVGAA4TextV_SbtF::SYNTHESIZED::s:12FinanceKitUI22AddOrderToWalletButtonV	swift.method	["AddOrderToWalletButton","accessibilityScrollStatus(_:isEnabled:)"]	unmatched	none	0	0		[]
s:7SwiftUI4ViewPAAE25accessibilityScrollStatus_9isEnabledAA15ModifiedContentVyxAA31AccessibilityAttachmentModifierVGqd___SbtSyRd__lF::SYNTHESIZED::s:12FinanceKitUI17TransactionPickerV	swift.method	["TransactionPicker","accessibilityScrollStatus(_:isEnabled:)"]	unmatched	none	0	0		[]
s:7SwiftUI4ViewPAAE25accessibilityScrollStatus_9isEnabledAA15ModifiedContentVyxAA31AccessibilityAttachmentModifierVGqd___SbtSyRd__lF::SYNTHESIZED::s:12FinanceKitUI22AddOrderToWalletButtonV	swift.method	["AddOrderToWalletButton","accessibilityScrollStatus(_:isEnabled:)"]	unmatched	none	0	0		[]
s:7SwiftUI4ViewPAAE25accessibilitySortPriorityyAA15ModifiedContentVyxAA31AccessibilityAttachmentModifierVGSdF::SYNTHESIZED::s:12FinanceKitUI17TransactionPickerV	swift.method	["TransactionPicker","accessibilitySortPriority(_:)"]	unmatched	none	0	0		[]
s:7SwiftUI4ViewPAAE25accessibilitySortPriorityyAA15ModifiedContentVyxAA31AccessibilityAttachmentModifierVGSdF::SYNTHESIZED::s:12FinanceKitUI22AddOrderToWalletButtonV	swift.method	["AddOrderToWalletButton","accessibilitySortPriority(_:)"]	unmatched	none	0	0		[]
s:7SwiftUI4ViewPAAE25backgroundExtensionEffect9isEnabledQrSb_tF::SYNTHESIZED::s:12FinanceKitUI17TransactionPickerV	swift.method	["TransactionPicker","backgroundExtensionEffect(isEnabled:)"]	unmatched	none	0	0		[]
s:7SwiftUI4ViewPAAE25backgroundExtensionEffect9isEnabledQrSb_tF::SYNTHESIZED::s:12FinanceKitUI22AddOrderToWalletButtonV	swift.method	["AddOrderToWalletButton","backgroundExtensionEffect(isEnabled:)"]	unmatched	none	0	0		[]
s:7SwiftUI4ViewPAAE25backgroundExtensionEffectQryF::SYNTHESIZED::s:12FinanceKitUI17TransactionPickerV	swift.method	["TransactionPicker","backgroundExtensionEffect()"]	unmatched	none	0	0		[]
s:7SwiftUI4ViewPAAE25backgroundExtensionEffectQryF::SYNTHESIZED::s:12FinanceKitUI22AddOrderToWalletButtonV	swift.method	["AddOrderToWalletButton","backgroundExtensionEffect()"]	unmatched	none	0	0		[]
s:7SwiftUI4ViewPAAE25backgroundPreferenceValue_9alignment_Qrqd__m_AA9AlignmentVqd_0_0F0Qyd__ctAA0E3KeyRd__AaBRd_0_r0_lF::SYNTHESIZED::s:12FinanceKitUI17TransactionPickerV	swift.method	["TransactionPicker","backgroundPreferenceValue(_:alignment:_:)"]	unmatched	none	0	0		[]
s:7SwiftUI4ViewPAAE25backgroundPreferenceValue_9alignment_Qrqd__m_AA9AlignmentVqd_0_0F0Qyd__ctAA0E3KeyRd__AaBRd_0_r0_lF::SYNTHESIZED::s:12FinanceKitUI22AddOrderToWalletButtonV	swift.method	["AddOrderToWalletButton","backgroundPreferenceValue(_:alignment:_:)"]	unmatched	none	0	0		[]
s:7SwiftUI4ViewPAAE25backgroundPreferenceValueyQrqd__m_qd_0_0F0Qyd__ctAA0E3KeyRd__AaBRd_0_r0_lF::SYNTHESIZED::s:12FinanceKitUI17TransactionPickerV	swift.method	["TransactionPicker","backgroundPreferenceValue(_:_:)"]	unmatched	none	0	0		[]
s:7SwiftUI4ViewPAAE25backgroundPreferenceValueyQrqd__m_qd_0_0F0Qyd__ctAA0E3KeyRd__AaBRd_0_r0_lF::SYNTHESIZED::s:12FinanceKitUI22AddOrderToWalletButtonV	swift.method	["AddOrderToWalletButton","backgroundPreferenceValue(_:_:)"]	unmatched	none	0	0		[]
s:7SwiftUI4ViewPAAE25fileDialogCustomizationIDyQrSSF::SYNTHESIZED::s:12FinanceKitUI17TransactionPickerV	swift.method	["TransactionPicker","fileDialogCustomizationID(_:)"]	unmatched	none	0	0		[]
s:7SwiftUI4ViewPAAE25fileDialogCustomizationIDyQrSSF::SYNTHESIZED::s:12FinanceKitUI22AddOrderToWalletButtonV	swift.method	["AddOrderToWalletButton","fileDialogCustomizationID(_:)"]	unmatched	none	0	0		[]
s:7SwiftUI4ViewPAAE25fileExporterFilenameLabelyQr10Foundation23LocalizedStringResourceVF::SYNTHESIZED::s:12FinanceKitUI17TransactionPickerV	swift.method	["TransactionPicker","fileExporterFilenameLabel(_:)"]	unmatched	none	0	0		[]
s:7SwiftUI4ViewPAAE25fileExporterFilenameLabelyQr10Foundation23LocalizedStringResourceVF::SYNTHESIZED::s:12FinanceKitUI22AddOrderToWalletButtonV	swift.method	["AddOrderToWalletButton","fileExporterFilenameLabel(_:)"]	unmatched	none	0	0		[]
s:7SwiftUI4ViewPAAE25fileExporterFilenameLabelyQrAA18LocalizedStringKeyVF::SYNTHESIZED::s:12FinanceKitUI17TransactionPickerV	swift.method	["TransactionPicker","fileExporterFilenameLabel(_:)"]	unmatched	none	0	0		[]
s:7SwiftUI4ViewPAAE25fileExporterFilenameLabelyQrAA18LocalizedStringKeyVF::SYNTHESIZED::s:12FinanceKitUI22AddOrderToWalletButtonV	swift.method	["AddOrderToWalletButton","fileExporterFilenameLabel(_:)"]	unmatched	none	0	0		[]
s:7SwiftUI4ViewPAAE25fileExporterFilenameLabelyQrAA4TextVSgF::SYNTHESIZED::s:12FinanceKitUI17TransactionPickerV	swift.method	["TransactionPicker","fileExporterFilenameLabel(_:)"]	unmatched	none	0	0		[]
s:7SwiftUI4ViewPAAE25fileExporterFilenameLabelyQrAA4TextVSgF::SYNTHESIZED::s:12FinanceKitUI22AddOrderToWalletButtonV	swift.method	["AddOrderToWalletButton","fileExporterFilenameLabel(_:)"]	unmatched	none	0	0		[]
s:7SwiftUI4ViewPAAE25fileExporterFilenameLabelyQrqd__SyRd__lF::SYNTHESIZED::s:12FinanceKitUI17TransactionPickerV	swift.method	["TransactionPicker","fileExporterFilenameLabel(_:)"]	unmatched	none	0	0		[]
s:7SwiftUI4ViewPAAE25fileExporterFilenameLabelyQrqd__SyRd__lF::SYNTHESIZED::s:12FinanceKitUI22AddOrderToWalletButtonV	swift.method	["AddOrderToWalletButton","fileExporterFilenameLabel(_:)"]	unmatched	none	0	0		[]
s:7SwiftUI4ViewPAAE25menuActionDismissBehavioryQrAA04MenuefG0VF::SYNTHESIZED::s:12FinanceKitUI17TransactionPickerV	swift.method	["TransactionPicker","menuActionDismissBehavior(_:)"]	unmatched	none	0	0		[]
s:7SwiftUI4ViewPAAE25menuActionDismissBehavioryQrAA04MenuefG0VF::SYNTHESIZED::s:12FinanceKitUI22AddOrderToWalletButtonV	swift.method	["AddOrderToWalletButton","menuActionDismissBehavior(_:)"]	unmatched	none	0	0		[]
s:7SwiftUI4ViewPAAE25onInteractiveResizeChangeyQrySbcF::SYNTHESIZED::s:12FinanceKitUI17TransactionPickerV	swift.method	["TransactionPicker","onInteractiveResizeChange(_:)"]	unmatched	none	0	0		[]
s:7SwiftUI4ViewPAAE25onInteractiveResizeChangeyQrySbcF::SYNTHESIZED::s:12FinanceKitUI22AddOrderToWalletButtonV	swift.method	["AddOrderToWalletButton","onInteractiveResizeChange(_:)"]	unmatched	none	0	0		[]
s:7SwiftUI4ViewPAAE25presentationDragIndicatoryQrAA10VisibilityOF::SYNTHESIZED::s:12FinanceKitUI17TransactionPickerV	swift.method	["TransactionPicker","presentationDragIndicator(_:)"]	unmatched	none	0	0		[]
s:7SwiftUI4ViewPAAE25presentationDragIndicatoryQrAA10VisibilityOF::SYNTHESIZED::s:12FinanceKitUI22AddOrderToWalletButtonV	swift.method	["AddOrderToWalletButton","presentationDragIndicator(_:)"]	unmatched	none	0	0		[]
s:7SwiftUI4ViewPAAE25speechAnnouncementsQueuedyQrSbF::SYNTHESIZED::s:12FinanceKitUI17TransactionPickerV	swift.method	["TransactionPicker","speechAnnouncementsQueued(_:)"]	unmatched	none	0	0		[]
s:7SwiftUI4ViewPAAE25speechAnnouncementsQueuedyQrSbF::SYNTHESIZED::s:12FinanceKitUI22AddOrderToWalletButtonV	swift.method	["AddOrderToWalletButton","speechAnnouncementsQueued(_:)"]	unmatched	none	0	0		[]
s:7SwiftUI4ViewPAAE25speechSpellsOutCharactersyQrSbF::SYNTHESIZED::s:12FinanceKitUI17TransactionPickerV	swift.method	["TransactionPicker","speechSpellsOutCharacters(_:)"]	unmatched	none	0	0		[]
s:7SwiftUI4ViewPAAE25speechSpellsOutCharactersyQrSbF::SYNTHESIZED::s:12FinanceKitUI22AddOrderToWalletButtonV	swift.method	["AddOrderToWalletButton","speechSpellsOutCharacters(_:)"]	unmatched	none	0	0		[]
s:7SwiftUI4ViewPAAE25transformAnchorPreference3key5value0D0Qrqd_0_m_AA0E0V6SourceVyqd___Gy5ValueQyd_0_z_AIyqd__GtctAA0F3KeyRd_0_r0_lF::SYNTHESIZED::s:12FinanceKitUI17TransactionPickerV	swift.method	["TransactionPicker","transformAnchorPreference(key:value:transform:)"]	unmatched	none	0	0		[]
s:7SwiftUI4ViewPAAE25transformAnchorPreference3key5value0D0Qrqd_0_m_AA0E0V6SourceVyqd___Gy5ValueQyd_0_z_AIyqd__GtctAA0F3KeyRd_0_r0_lF::SYNTHESIZED::s:12FinanceKitUI22AddOrderToWalletButtonV	swift.method	["AddOrderToWalletButton","transformAnchorPreference(key:value:transform:)"]	unmatched	none	0	0		[]
s:7SwiftUI4ViewPAAE26accessibilityCustomContent__10importanceAA08ModifiedF0VyxAA31AccessibilityAttachmentModifierVG10Foundation23LocalizedStringResourceV_AA4TextVSo08AXCustomF10ImportanceVtF::SYNTHESIZED::s:12FinanceKitUI17TransactionPickerV	swift.method	["TransactionPicker","accessibilityCustomContent(_:_:importance:)"]	unmatched	none	0	0		[]
s:7SwiftUI4ViewPAAE26accessibilityCustomContent__10importanceAA08ModifiedF0VyxAA31AccessibilityAttachmentModifierVG10Foundation23LocalizedStringResourceV_AA4TextVSo08AXCustomF10ImportanceVtF::SYNTHESIZED::s:12FinanceKitUI22AddOrderToWalletButtonV	swift.method	["AddOrderToWalletButton","accessibilityCustomContent(_:_:importance:)"]	unmatched	none	0	0		[]
s:7SwiftUI4ViewPAAE26accessibilityCustomContent__10importanceAA08ModifiedF0VyxAA31AccessibilityAttachmentModifierVG10Foundation23LocalizedStringResourceV_AMSo08AXCustomF10ImportanceVtF::SYNTHESIZED::s:12FinanceKitUI17TransactionPickerV	swift.method	["TransactionPicker","accessibilityCustomContent(_:_:importance:)"]	unmatched	none	0	0		[]
s:7SwiftUI4ViewPAAE26accessibilityCustomContent__10importanceAA08ModifiedF0VyxAA31AccessibilityAttachmentModifierVG10Foundation23LocalizedStringResourceV_AMSo08AXCustomF10ImportanceVtF::SYNTHESIZED::s:12FinanceKitUI22AddOrderToWalletButtonV	swift.method	["AddOrderToWalletButton","accessibilityCustomContent(_:_:importance:)"]	unmatched	none	0	0		[]
s:7SwiftUI4ViewPAAE26accessibilityCustomContent__10importanceAA08ModifiedF0VyxAA31AccessibilityAttachmentModifierVG10Foundation23LocalizedStringResourceV_qd__So08AXCustomF10ImportanceVtSyRd__lF::SYNTHESIZED::s:12FinanceKitUI17TransactionPickerV	swift.method	["TransactionPicker","accessibilityCustomContent(_:_:importance:)"]	unmatched	none	0	0		[]
s:7SwiftUI4ViewPAAE26accessibilityCustomContent__10importanceAA08ModifiedF0VyxAA31AccessibilityAttachmentModifierVG10Foundation23LocalizedStringResourceV_qd__So08AXCustomF10ImportanceVtSyRd__lF::SYNTHESIZED::s:12FinanceKitUI22AddOrderToWalletButtonV	swift.method	["AddOrderToWalletButton","accessibilityCustomContent(_:_:importance:)"]	unmatched	none	0	0		[]
s:7SwiftUI4ViewPAAE26accessibilityCustomContent__10importanceAA08ModifiedF0VyxAA31AccessibilityAttachmentModifierVGAA0ieF3KeyV_10Foundation23LocalizedStringResourceVSo08AXCustomF10ImportanceVtF::SYNTHESIZED::s:12FinanceKitUI17TransactionPickerV	swift.method	["TransactionPicker","accessibilityCustomContent(_:_:importance:)"]	unmatched	none	0	0		[]
s:7SwiftUI4ViewPAAE26accessibilityCustomContent__10importanceAA08ModifiedF0VyxAA31AccessibilityAttachmentModifierVGAA0ieF3KeyV_10Foundation23LocalizedStringResourceVSo08AXCustomF10ImportanceVtF::SYNTHESIZED::s:12FinanceKitUI22AddOrderToWalletButtonV	swift.method	["AddOrderToWalletButton","accessibilityCustomContent(_:_:importance:)"]	unmatched	none	0	0		[]
s:7SwiftUI4ViewPAAE26accessibilityCustomContent__10importanceAA08ModifiedF0VyxAA31AccessibilityAttachmentModifierVGAA0ieF3KeyV_AA015LocalizedStringL0VSo08AXCustomF10ImportanceVtF::SYNTHESIZED::s:12FinanceKitUI17TransactionPickerV	swift.method	["TransactionPicker","accessibilityCustomContent(_:_:importance:)"]	unmatched	none	0	0		[]
s:7SwiftUI4ViewPAAE26accessibilityCustomContent__10importanceAA08ModifiedF0VyxAA31AccessibilityAttachmentModifierVGAA0ieF3KeyV_AA015LocalizedStringL0VSo08AXCustomF10ImportanceVtF::SYNTHESIZED::s:12FinanceKitUI22AddOrderToWalletButtonV	swift.method	["AddOrderToWalletButton","accessibilityCustomContent(_:_:importance:)"]	unmatched	none	0	0		[]
s:7SwiftUI4ViewPAAE26accessibilityCustomContent__10importanceAA08ModifiedF0VyxAA31AccessibilityAttachmentModifierVGAA0ieF3KeyV_AA4TextVSgSo08AXCustomF10ImportanceVtF::SYNTHESIZED::s:12FinanceKitUI17TransactionPickerV	swift.method	["TransactionPicker","accessibilityCustomContent(_:_:importance:)"]	unmatched	none	0	0		[]
s:7SwiftUI4ViewPAAE26accessibilityCustomContent__10importanceAA08ModifiedF0VyxAA31AccessibilityAttachmentModifierVGAA0ieF3KeyV_AA4TextVSgSo08AXCustomF10ImportanceVtF::SYNTHESIZED::s:12FinanceKitUI22AddOrderToWalletButtonV	swift.method	["AddOrderToWalletButton","accessibilityCustomContent(_:_:importance:)"]	unmatched	none	0	0		[]
s:7SwiftUI4ViewPAAE26accessibilityCustomContent__10importanceAA08ModifiedF0VyxAA31AccessibilityAttachmentModifierVGAA0ieF3KeyV_qd__So08AXCustomF10ImportanceVtSyRd__lF::SYNTHESIZED::s:12FinanceKitUI17TransactionPickerV	swift.method	["TransactionPicker","accessibilityCustomContent(_:_:importance:)"]	unmatched	none	0	0		[]
s:7SwiftUI4ViewPAAE26accessibilityCustomContent__10importanceAA08ModifiedF0VyxAA31AccessibilityAttachmentModifierVGAA0ieF3KeyV_qd__So08AXCustomF10ImportanceVtSyRd__lF::SYNTHESIZED::s:12FinanceKitUI22AddOrderToWalletButtonV	swift.method	["AddOrderToWalletButton","accessibilityCustomContent(_:_:importance:)"]	unmatched	none	0	0		[]
s:7SwiftUI4ViewPAAE26accessibilityCustomContent__10importanceAA08ModifiedF0VyxAA31AccessibilityAttachmentModifierVGAA18LocalizedStringKeyV_AA4TextVSo08AXCustomF10ImportanceVtF::SYNTHESIZED::s:12FinanceKitUI17TransactionPickerV	swift.method	["TransactionPicker","accessibilityCustomContent(_:_:importance:)"]	unmatched	none	0	0		[]
s:7SwiftUI4ViewPAAE26accessibilityCustomContent__10importanceAA08ModifiedF0VyxAA31AccessibilityAttachmentModifierVGAA18LocalizedStringKeyV_AA4TextVSo08AXCustomF10ImportanceVtF::SYNTHESIZED::s:12FinanceKitUI22AddOrderToWalletButtonV	swift.method	["AddOrderToWalletButton","accessibilityCustomContent(_:_:importance:)"]	unmatched	none	0	0		[]
s:7SwiftUI4ViewPAAE26accessibilityCustomContent__10importanceAA08ModifiedF0VyxAA31AccessibilityAttachmentModifierVGAA18LocalizedStringKeyV_ALSo08AXCustomF10ImportanceVtF::SYNTHESIZED::s:12FinanceKitUI17TransactionPickerV	swift.method	["TransactionPicker","accessibilityCustomContent(_:_:importance:)"]	unmatched	none	0	0		[]
s:7SwiftUI4ViewPAAE26accessibilityCustomContent__10importanceAA08ModifiedF0VyxAA31AccessibilityAttachmentModifierVGAA18LocalizedStringKeyV_ALSo08AXCustomF10ImportanceVtF::SYNTHESIZED::s:12FinanceKitUI22AddOrderToWalletButtonV	swift.method	["AddOrderToWalletButton","accessibilityCustomContent(_:_:importance:)"]	unmatched	none	0	0		[]
s:7SwiftUI4ViewPAAE26accessibilityCustomContent__10importanceAA08ModifiedF0VyxAA31AccessibilityAttachmentModifierVGAA18LocalizedStringKeyV_qd__So08AXCustomF10ImportanceVtSyRd__lF::SYNTHESIZED::s:12FinanceKitUI17TransactionPickerV	swift.method	["TransactionPicker","accessibilityCustomContent(_:_:importance:)"]	unmatched	none	0	0		[]
s:7SwiftUI4ViewPAAE26accessibilityCustomContent__10importanceAA08ModifiedF0VyxAA31AccessibilityAttachmentModifierVGAA18LocalizedStringKeyV_qd__So08AXCustomF10ImportanceVtSyRd__lF::SYNTHESIZED::s:12FinanceKitUI22AddOrderToWalletButtonV	swift.method	["AddOrderToWalletButton","accessibilityCustomContent(_:_:importance:)"]	unmatched	none	0	0		[]
s:7SwiftUI4ViewPAAE26accessibilityCustomContent__10importanceAA08ModifiedF0VyxAA31AccessibilityAttachmentModifierVGAA4TextV_ALSo08AXCustomF10ImportanceVtF::SYNTHESIZED::s:12FinanceKitUI17TransactionPickerV	swift.method	["TransactionPicker","accessibilityCustomContent(_:_:importance:)"]	unmatched	none	0	0		[]
s:7SwiftUI4ViewPAAE26accessibilityCustomContent__10importanceAA08ModifiedF0VyxAA31AccessibilityAttachmentModifierVGAA4TextV_ALSo08AXCustomF10ImportanceVtF::SYNTHESIZED::s:12FinanceKitUI22AddOrderToWalletButtonV	swift.method	["AddOrderToWalletButton","accessibilityCustomContent(_:_:importance:)"]	unmatched	none	0	0		[]
s:7SwiftUI4ViewPAAE26accessibilityCustomContent__10importanceAA08ModifiedF0VyxAA31AccessibilityAttachmentModifierVGqd___qd_0_So08AXCustomF10ImportanceVtSyRd__SyRd_0_r0_lF::SYNTHESIZED::s:12FinanceKitUI17TransactionPickerV	swift.method	["TransactionPicker","accessibilityCustomContent(_:_:importance:)"]	unmatched	none	0	0		[]
s:7SwiftUI4ViewPAAE26accessibilityCustomContent__10importanceAA08ModifiedF0VyxAA31AccessibilityAttachmentModifierVGqd___qd_0_So08AXCustomF10ImportanceVtSyRd__SyRd_0_r0_lF::SYNTHESIZED::s:12FinanceKitUI22AddOrderToWalletButtonV	swift.method	["AddOrderToWalletButton","accessibilityCustomContent(_:_:importance:)"]	unmatched	none	0	0		[]
s:7SwiftUI4ViewPAAE26documentBrowserContextMenuyQrqd__Say10Foundation3URLVGSgcAaBRd__lF::SYNTHESIZED::s:12FinanceKitUI17TransactionPickerV	swift.method	["TransactionPicker","documentBrowserContextMenu(_:)"]	unmatched	none	0	0		[]
s:7SwiftUI4ViewPAAE26documentBrowserContextMenuyQrqd__Say10Foundation3URLVGSgcAaBRd__lF::SYNTHESIZED::s:12FinanceKitUI22AddOrderToWalletButtonV	swift.method	["AddOrderToWalletButton","documentBrowserContextMenu(_:)"]	unmatched	none	0	0		[]
s:7SwiftUI4ViewPAAE26fileDialogDefaultDirectoryyQr10Foundation3URLVSgF::SYNTHESIZED::s:12FinanceKitUI17TransactionPickerV	swift.method	["TransactionPicker","fileDialogDefaultDirectory(_:)"]	unmatched	none	0	0		[]
s:7SwiftUI4ViewPAAE26fileDialogDefaultDirectoryyQr10Foundation3URLVSgF::SYNTHESIZED::s:12FinanceKitUI22AddOrderToWalletButtonV	swift.method	["AddOrderToWalletButton","fileDialogDefaultDirectory(_:)"]	unmatched	none	0	0		[]
s:7SwiftUI4ViewPAAE26interactiveDismissDisabledyQrSbF::SYNTHESIZED::s:12FinanceKitUI17TransactionPickerV	swift.method	["TransactionPicker","interactiveDismissDisabled(_:)"]	unmatched	none	0	0		[]
s:7SwiftUI4ViewPAAE26interactiveDismissDisabledyQrSbF::SYNTHESIZED::s:12FinanceKitUI22AddOrderToWalletButtonV	swift.method	["AddOrderToWalletButton","interactiveDismissDisabled(_:)"]	unmatched	none	0	0		[]
s:7SwiftUI4ViewPAAE26listSectionIndexVisibilityyQrAA0G0OF::SYNTHESIZED::s:12FinanceKitUI17TransactionPickerV	swift.method	["TransactionPicker","listSectionIndexVisibility(_:)"]	unmatched	none	0	0		[]
s:7SwiftUI4ViewPAAE26listSectionIndexVisibilityyQrAA0G0OF::SYNTHESIZED::s:12FinanceKitUI22AddOrderToWalletButtonV	swift.method	["AddOrderToWalletButton","listSectionIndexVisibility(_:)"]	unmatched	none	0	0		[]
s:7SwiftUI4ViewPAAE27accessibilityRepresentation14representationQrqd__yXE_tAaBRd__lF::SYNTHESIZED::s:12FinanceKitUI17TransactionPickerV	swift.method	["TransactionPicker","accessibilityRepresentation(representation:)"]	unmatched	none	0	0		[]
s:7SwiftUI4ViewPAAE27accessibilityRepresentation14representationQrqd__yXE_tAaBRd__lF::SYNTHESIZED::s:12FinanceKitUI22AddOrderToWalletButtonV	swift.method	["AddOrderToWalletButton","accessibilityRepresentation(representation:)"]	unmatched	none	0	0		[]
s:7SwiftUI4ViewPAAE27fileDialogConfirmationLabelyQr10Foundation23LocalizedStringResourceVF::SYNTHESIZED::s:12FinanceKitUI17TransactionPickerV	swift.method	["TransactionPicker","fileDialogConfirmationLabel(_:)"]	unmatched	none	0	0		[]
s:7SwiftUI4ViewPAAE27fileDialogConfirmationLabelyQr10Foundation23LocalizedStringResourceVF::SYNTHESIZED::s:12FinanceKitUI22AddOrderToWalletButtonV	swift.method	["AddOrderToWalletButton","fileDialogConfirmationLabel(_:)"]	unmatched	none	0	0		[]
s:7SwiftUI4ViewPAAE27fileDialogConfirmationLabelyQrAA18LocalizedStringKeyVF::SYNTHESIZED::s:12FinanceKitUI17TransactionPickerV	swift.method	["TransactionPicker","fileDialogConfirmationLabel(_:)"]	unmatched	none	0	0		[]
s:7SwiftUI4ViewPAAE27fileDialogConfirmationLabelyQrAA18LocalizedStringKeyVF::SYNTHESIZED::s:12FinanceKitUI22AddOrderToWalletButtonV	swift.method	["AddOrderToWalletButton","fileDialogConfirmationLabel(_:)"]	unmatched	none	0	0		[]
s:7SwiftUI4ViewPAAE27fileDialogConfirmationLabelyQrAA4TextVSgF::SYNTHESIZED::s:12FinanceKitUI17TransactionPickerV	swift.method	["TransactionPicker","fileDialogConfirmationLabel(_:)"]	unmatched	none	0	0		[]
s:7SwiftUI4ViewPAAE27fileDialogConfirmationLabelyQrAA4TextVSgF::SYNTHESIZED::s:12FinanceKitUI22AddOrderToWalletButtonV	swift.method	["AddOrderToWalletButton","fileDialogConfirmationLabel(_:)"]	unmatched	none	0	0		[]
s:7SwiftUI4ViewPAAE27fileDialogConfirmationLabelyQrqd__SyRd__lF::SYNTHESIZED::s:12FinanceKitUI17TransactionPickerV	swift.method	["TransactionPicker","fileDialogConfirmationLabel(_:)"]	unmatched	none	0	0		[]
s:7SwiftUI4ViewPAAE27fileDialogConfirmationLabelyQrqd__SyRd__lF::SYNTHESIZED::s:12FinanceKitUI22AddOrderToWalletButtonV	swift.method	["AddOrderToWalletButton","fileDialogConfirmationLabel(_:)"]	unmatched	none	0	0		[]
s:7SwiftUI4ViewPAAE27previewInterfaceOrientationyQrAA0eF0VF::SYNTHESIZED::s:12FinanceKitUI17TransactionPickerV	swift.method	["TransactionPicker","previewInterfaceOrientation(_:)"]	unmatched	none	0	0		[]
s:7SwiftUI4ViewPAAE27previewInterfaceOrientationyQrAA0eF0VF::SYNTHESIZED::s:12FinanceKitUI22AddOrderToWalletButtonV	swift.method	["AddOrderToWalletButton","previewInterfaceOrientation(_:)"]	unmatched	none	0	0		[]
s:7SwiftUI4ViewPAAE27textInputAutocapitalizationyQrAA04TexteF0VSgF::SYNTHESIZED::s:12FinanceKitUI17TransactionPickerV	swift.method	["TransactionPicker","textInputAutocapitalization(_:)"]	unmatched	none	0	0		[]
s:7SwiftUI4ViewPAAE27textInputAutocapitalizationyQrAA04TexteF0VSgF::SYNTHESIZED::s:12FinanceKitUI22AddOrderToWalletButtonV	swift.method	["AddOrderToWalletButton","textInputAutocapitalization(_:)"]	unmatched	none	0	0		[]
s:7SwiftUI4ViewPAAE27toolbarBackgroundVisibility_3forQrAA0F0O_AA16ToolbarPlacementVdtF::SYNTHESIZED::s:12FinanceKitUI17TransactionPickerV	swift.method	["TransactionPicker","toolbarBackgroundVisibility(_:for:)"]	unmatched	none	0	0		[]
s:7SwiftUI4ViewPAAE27toolbarBackgroundVisibility_3forQrAA0F0O_AA16ToolbarPlacementVdtF::SYNTHESIZED::s:12FinanceKitUI22AddOrderToWalletButtonV	swift.method	["AddOrderToWalletButton","toolbarBackgroundVisibility(_:for:)"]	unmatched	none	0	0		[]
s:7SwiftUI4ViewPAAE28accessibilityActivationPoint_9isEnabledAA15ModifiedContentVyxAA31AccessibilityAttachmentModifierVGAA04UnitF0V_SbtF::SYNTHESIZED::s:12FinanceKitUI17TransactionPickerV	swift.method	["TransactionPicker","accessibilityActivationPoint(_:isEnabled:)"]	unmatched	none	0	0		[]
s:7SwiftUI4ViewPAAE28accessibilityActivationPoint_9isEnabledAA15ModifiedContentVyxAA31AccessibilityAttachmentModifierVGAA04UnitF0V_SbtF::SYNTHESIZED::s:12FinanceKitUI22AddOrderToWalletButtonV	swift.method	["AddOrderToWalletButton","accessibilityActivationPoint(_:isEnabled:)"]	unmatched	none	0	0		[]
s:7SwiftUI4ViewPAAE28accessibilityActivationPoint_9isEnabledAA15ModifiedContentVyxAA31AccessibilityAttachmentModifierVGSo7CGPointV_SbtF::SYNTHESIZED::s:12FinanceKitUI17TransactionPickerV	swift.method	["TransactionPicker","accessibilityActivationPoint(_:isEnabled:)"]	unmatched	none	0	0		[]
s:7SwiftUI4ViewPAAE28accessibilityActivationPoint_9isEnabledAA15ModifiedContentVyxAA31AccessibilityAttachmentModifierVGSo7CGPointV_SbtF::SYNTHESIZED::s:12FinanceKitUI22AddOrderToWalletButtonV	swift.method	["AddOrderToWalletButton","accessibilityActivationPoint(_:isEnabled:)"]	unmatched	none	0	0		[]
s:7SwiftUI4ViewPAAE28accessibilityActivationPointyAA15ModifiedContentVyxAA31AccessibilityAttachmentModifierVGAA04UnitF0VF::SYNTHESIZED::s:12FinanceKitUI17TransactionPickerV	swift.method	["TransactionPicker","accessibilityActivationPoint(_:)"]	unmatched	none	0	0		[]
s:7SwiftUI4ViewPAAE28accessibilityActivationPointyAA15ModifiedContentVyxAA31AccessibilityAttachmentModifierVGAA04UnitF0VF::SYNTHESIZED::s:12FinanceKitUI22AddOrderToWalletButtonV	swift.method	["AddOrderToWalletButton","accessibilityActivationPoint(_:)"]	unmatched	none	0	0		[]
s:7SwiftUI4ViewPAAE28accessibilityActivationPointyAA15ModifiedContentVyxAA31AccessibilityAttachmentModifierVGSo7CGPointVF::SYNTHESIZED::s:12FinanceKitUI17TransactionPickerV	swift.method	["TransactionPicker","accessibilityActivationPoint(_:)"]	unmatched	none	0	0		[]
s:7SwiftUI4ViewPAAE28accessibilityActivationPointyAA15ModifiedContentVyxAA31AccessibilityAttachmentModifierVGSo7CGPointVF::SYNTHESIZED::s:12FinanceKitUI22AddOrderToWalletButtonV	swift.method	["AddOrderToWalletButton","accessibilityActivationPoint(_:)"]	unmatched	none	0	0		[]
s:7SwiftUI4ViewPAAE28accessibilityChartDescriptoryQrqd__AA07AXChartF13RepresentableRd__lF::SYNTHESIZED::s:12FinanceKitUI17TransactionPickerV	swift.method	["TransactionPicker","accessibilityChartDescriptor(_:)"]	unmatched	none	0	0		[]
s:7SwiftUI4ViewPAAE28accessibilityChartDescriptoryQrqd__AA07AXChartF13RepresentableRd__lF::SYNTHESIZED::s:12FinanceKitUI22AddOrderToWalletButtonV	swift.method	["AddOrderToWalletButton","accessibilityChartDescriptor(_:)"]	unmatched	none	0	0		[]
s:7SwiftUI4ViewPAAE28accessibilityTextContentTypeyAA08ModifiedF0VyxAA31AccessibilityAttachmentModifierVGAA0iefG0VF::SYNTHESIZED::s:12FinanceKitUI17TransactionPickerV	swift.method	["TransactionPicker","accessibilityTextContentType(_:)"]	unmatched	none	0	0		[]
s:7SwiftUI4ViewPAAE28accessibilityTextContentTypeyAA08ModifiedF0VyxAA31AccessibilityAttachmentModifierVGAA0iefG0VF::SYNTHESIZED::s:12FinanceKitUI22AddOrderToWalletButtonV	swift.method	["AddOrderToWalletButton","accessibilityTextContentType(_:)"]	unmatched	none	0	0		[]
s:7SwiftUI4ViewPAAE28allowsWindowActivationEventsQryF::SYNTHESIZED::s:12FinanceKitUI17TransactionPickerV	swift.method	["TransactionPicker","allowsWindowActivationEvents()"]	unmatched	none	0	0		[]
s:7SwiftUI4ViewPAAE28allowsWindowActivationEventsQryF::SYNTHESIZED::s:12FinanceKitUI22AddOrderToWalletButtonV	swift.method	["AddOrderToWalletButton","allowsWindowActivationEvents()"]	unmatched	none	0	0		[]
s:7SwiftUI4ViewPAAE28allowsWindowActivationEventsyQrSbSgF::SYNTHESIZED::s:12FinanceKitUI17TransactionPickerV	swift.method	["TransactionPicker","allowsWindowActivationEvents(_:)"]	unmatched	none	0	0		[]
s:7SwiftUI4ViewPAAE28allowsWindowActivationEventsyQrSbSgF::SYNTHESIZED::s:12FinanceKitUI22AddOrderToWalletButtonV	swift.method	["AddOrderToWalletButton","allowsWindowActivationEvents(_:)"]	unmatched	none	0	0		[]
s:7SwiftUI4ViewPAAE29accessibilityAdjustableActionyAA15ModifiedContentVyxAA31AccessibilityAttachmentModifierVGyAA0I19AdjustmentDirectionOcF::SYNTHESIZED::s:12FinanceKitUI17TransactionPickerV	swift.method	["TransactionPicker","accessibilityAdjustableAction(_:)"]	unmatched	none	0	0		[]
s:7SwiftUI4ViewPAAE29accessibilityAdjustableActionyAA15ModifiedContentVyxAA31AccessibilityAttachmentModifierVGyAA0I19AdjustmentDirectionOcF::SYNTHESIZED::s:12FinanceKitUI22AddOrderToWalletButtonV	swift.method	["AddOrderToWalletButton","accessibilityAdjustableAction(_:)"]	unmatched	none	0	0		[]
s:7SwiftUI4ViewPAAE29assistiveAccessNavigationIcon11systemImageQrSS_tF::SYNTHESIZED::s:12FinanceKitUI17TransactionPickerV	swift.method	["TransactionPicker","assistiveAccessNavigationIcon(systemImage:)"]	unmatched	none	0	0		[]
s:7SwiftUI4ViewPAAE29assistiveAccessNavigationIcon11systemImageQrSS_tF::SYNTHESIZED::s:12FinanceKitUI22AddOrderToWalletButtonV	swift.method	["AddOrderToWalletButton","assistiveAccessNavigationIcon(systemImage:)"]	unmatched	none	0	0		[]
s:7SwiftUI4ViewPAAE29assistiveAccessNavigationIconyQrAA5ImageVF::SYNTHESIZED::s:12FinanceKitUI17TransactionPickerV	swift.method	["TransactionPicker","assistiveAccessNavigationIcon(_:)"]	unmatched	none	0	0		[]
s:7SwiftUI4ViewPAAE29assistiveAccessNavigationIconyQrAA5ImageVF::SYNTHESIZED::s:12FinanceKitUI22AddOrderToWalletButtonV	swift.method	["AddOrderToWalletButton","assistiveAccessNavigationIcon(_:)"]	unmatched	none	0	0		[]
s:7SwiftUI4ViewPAAE29navigationBarBackButtonHiddenyQrSbF::SYNTHESIZED::s:12FinanceKitUI17TransactionPickerV	swift.method	["TransactionPicker","navigationBarBackButtonHidden(_:)"]	unmatched	none	0	0		[]
s:7SwiftUI4ViewPAAE29navigationBarBackButtonHiddenyQrSbF::SYNTHESIZED::s:12FinanceKitUI22AddOrderToWalletButtonV	swift.method	["AddOrderToWalletButton","navigationBarBackButtonHidden(_:)"]	unmatched	none	0	0		[]
s:7SwiftUI4ViewPAAE29navigationBarTitleDisplayModeyQrAA010NavigationE4ItemV0fgH0OF::SYNTHESIZED::s:12FinanceKitUI17TransactionPickerV	swift.method	["TransactionPicker","navigationBarTitleDisplayMode(_:)"]	unmatched	none	0	0		[]
s:7SwiftUI4ViewPAAE29navigationBarTitleDisplayModeyQrAA010NavigationE4ItemV0fgH0OF::SYNTHESIZED::s:12FinanceKitUI22AddOrderToWalletButtonV	swift.method	["AddOrderToWalletButton","navigationBarTitleDisplayMode(_:)"]	unmatched	none	0	0		[]
s:7SwiftUI4ViewPAAE29presentationCompactAdaptation10horizontal8verticalQrAA012PresentationF0V_AHtF::SYNTHESIZED::s:12FinanceKitUI17TransactionPickerV	swift.method	["TransactionPicker","presentationCompactAdaptation(horizontal:vertical:)"]	unmatched	none	0	0		[]
s:7SwiftUI4ViewPAAE29presentationCompactAdaptation10horizontal8verticalQrAA012PresentationF0V_AHtF::SYNTHESIZED::s:12FinanceKitUI22AddOrderToWalletButtonV	swift.method	["AddOrderToWalletButton","presentationCompactAdaptation(horizontal:vertical:)"]	unmatched	none	0	0		[]
s:7SwiftUI4ViewPAAE29presentationCompactAdaptationyQrAA012PresentationF0VF::SYNTHESIZED::s:12FinanceKitUI17TransactionPickerV	swift.method	["TransactionPicker","presentationCompactAdaptation(_:)"]	unmatched	none	0	0		[]
s:7SwiftUI4ViewPAAE29presentationCompactAdaptationyQrAA012PresentationF0VF::SYNTHESIZED::s:12FinanceKitUI22AddOrderToWalletButtonV	swift.method	["AddOrderToWalletButton","presentationCompactAdaptation(_:)"]	unmatched	none	0	0		[]
s:7SwiftUI4ViewPAAE2idyQrqd__SHRd__lF::SYNTHESIZED::s:12FinanceKitUI17TransactionPickerV	swift.method	["TransactionPicker","id(_:)"]	unmatched	none	0	0		[]
s:7SwiftUI4ViewPAAE2idyQrqd__SHRd__lF::SYNTHESIZED::s:12FinanceKitUI22AddOrderToWalletButtonV	swift.method	["AddOrderToWalletButton","id(_:)"]	unmatched	none	0	0		[]
s:7SwiftUI4ViewPAAE30interactionActivityTrackingTagyQrSSF::SYNTHESIZED::s:12FinanceKitUI17TransactionPickerV	swift.method	["TransactionPicker","interactionActivityTrackingTag(_:)"]	unmatched	none	0	0		[]
s:7SwiftUI4ViewPAAE30interactionActivityTrackingTagyQrSSF::SYNTHESIZED::s:12FinanceKitUI22AddOrderToWalletButtonV	swift.method	["AddOrderToWalletButton","interactionActivityTrackingTag(_:)"]	unmatched	none	0	0		[]
s:7SwiftUI4ViewPAAE30onScrollTargetVisibilityChange6idType9threshold_Qrqd__m_SdySayqd__GctSHRd__lF::SYNTHESIZED::s:12FinanceKitUI17TransactionPickerV	swift.method	["TransactionPicker","onScrollTargetVisibilityChange(idType:threshold:_:)"]	unmatched	none	0	0		[]
s:7SwiftUI4ViewPAAE30onScrollTargetVisibilityChange6idType9threshold_Qrqd__m_SdySayqd__GctSHRd__lF::SYNTHESIZED::s:12FinanceKitUI22AddOrderToWalletButtonV	swift.method	["AddOrderToWalletButton","onScrollTargetVisibilityChange(idType:threshold:_:)"]	unmatched	none	0	0		[]
s:7SwiftUI4ViewPAAE30presentationContentInteractionyQrAA012PresentationeF0VF::SYNTHESIZED::s:12FinanceKitUI17TransactionPickerV	swift.method	["TransactionPicker","presentationContentInteraction(_:)"]	unmatched	none	0	0		[]
s:7SwiftUI4ViewPAAE30presentationContentInteractionyQrAA012PresentationeF0VF::SYNTHESIZED::s:12FinanceKitUI22AddOrderToWalletButtonV	swift.method	["AddOrderToWalletButton","presentationContentInteraction(_:)"]	unmatched	none	0	0		[]
s:7SwiftUI4ViewPAAE31defaultAdaptableTabBarPlacementyQrAA0efgH0VF::SYNTHESIZED::s:12FinanceKitUI17TransactionPickerV	swift.method	["TransactionPicker","defaultAdaptableTabBarPlacement(_:)"]	unmatched	none	0	0		[]
s:7SwiftUI4ViewPAAE31defaultAdaptableTabBarPlacementyQrAA0efgH0VF::SYNTHESIZED::s:12FinanceKitUI22AddOrderToWalletButtonV	swift.method	["AddOrderToWalletButton","defaultAdaptableTabBarPlacement(_:)"]	unmatched	none	0	0		[]
s:7SwiftUI4ViewPAAE31speechAlwaysIncludesPunctuationyQrSbF::SYNTHESIZED::s:12FinanceKitUI17TransactionPickerV	swift.method	["TransactionPicker","speechAlwaysIncludesPunctuation(_:)"]	unmatched	none	0	0		[]
s:7SwiftUI4ViewPAAE31speechAlwaysIncludesPunctuationyQrSbF::SYNTHESIZED::s:12FinanceKitUI22AddOrderToWalletButtonV	swift.method	["AddOrderToWalletButton","speechAlwaysIncludesPunctuation(_:)"]	unmatched	none	0	0		[]
s:7SwiftUI4ViewPAAE32accessibilityIgnoresInvertColorsyQrSbF::SYNTHESIZED::s:12FinanceKitUI17TransactionPickerV	swift.method	["TransactionPicker","accessibilityIgnoresInvertColors(_:)"]	unmatched	none	0	0		[]
s:7SwiftUI4ViewPAAE32accessibilityIgnoresInvertColorsyQrSbF::SYNTHESIZED::s:12FinanceKitUI22AddOrderToWalletButtonV	swift.method	["AddOrderToWalletButton","accessibilityIgnoresInvertColors(_:)"]	unmatched	none	0	0		[]
s:7SwiftUI4ViewPAAE32writingToolsAffordanceVisibilityyQrAA0G0OF::SYNTHESIZED::s:12FinanceKitUI17TransactionPickerV	swift.method	["TransactionPicker","writingToolsAffordanceVisibility(_:)"]	unmatched	none	0	0		[]
s:7SwiftUI4ViewPAAE32writingToolsAffordanceVisibilityyQrAA0G0OF::SYNTHESIZED::s:12FinanceKitUI22AddOrderToWalletButtonV	swift.method	["AddOrderToWalletButton","writingToolsAffordanceVisibility(_:)"]	unmatched	none	0	0		[]
s:7SwiftUI4ViewPAAE33navigationLinkIndicatorVisibilityyQrAA0G0OF::SYNTHESIZED::s:12FinanceKitUI17TransactionPickerV	swift.method	["TransactionPicker","navigationLinkIndicatorVisibility(_:)"]	unmatched	none	0	0		[]
s:7SwiftUI4ViewPAAE33navigationLinkIndicatorVisibilityyQrAA0G0OF::SYNTHESIZED::s:12FinanceKitUI22AddOrderToWalletButtonV	swift.method	["AddOrderToWalletButton","navigationLinkIndicatorVisibility(_:)"]	unmatched	none	0	0		[]
s:7SwiftUI4ViewPAAE33presentationBackgroundInteractionyQrAA012PresentationeF0VF::SYNTHESIZED::s:12FinanceKitUI17TransactionPickerV	swift.method	["TransactionPicker","presentationBackgroundInteraction(_:)"]	unmatched	none	0	0		[]
s:7SwiftUI4ViewPAAE33presentationBackgroundInteractionyQrAA012PresentationeF0VF::SYNTHESIZED::s:12FinanceKitUI22AddOrderToWalletButtonV	swift.method	["AddOrderToWalletButton","presentationBackgroundInteraction(_:)"]	unmatched	none	0	0		[]
s:7SwiftUI4ViewPAAE33searchPresentationToolbarBehavioryQrAA06SearchefG0VF::SYNTHESIZED::s:12FinanceKitUI17TransactionPickerV	swift.method	["TransactionPicker","searchPresentationToolbarBehavior(_:)"]	unmatched	none	0	0		[]
s:7SwiftUI4ViewPAAE33searchPresentationToolbarBehavioryQrAA06SearchefG0VF::SYNTHESIZED::s:12FinanceKitUI22AddOrderToWalletButtonV	swift.method	["AddOrderToWalletButton","searchPresentationToolbarBehavior(_:)"]	unmatched	none	0	0		[]
s:7SwiftUI4ViewPAAE33windowToolbarFullScreenVisibilityyQrAA06WindowefgH0VF::SYNTHESIZED::s:12FinanceKitUI17TransactionPickerV	swift.method	["TransactionPicker","windowToolbarFullScreenVisibility(_:)"]	unmatched	none	0	0		[]
s:7SwiftUI4ViewPAAE33windowToolbarFullScreenVisibilityyQrAA06WindowefgH0VF::SYNTHESIZED::s:12FinanceKitUI22AddOrderToWalletButtonV	swift.method	["AddOrderToWalletButton","windowToolbarFullScreenVisibility(_:)"]	unmatched	none	0	0		[]
s:7SwiftUI4ViewPAAE34attributedTextFormattingDefinitionyQrqd__AA010AttributedefG0Rd__lF::SYNTHESIZED::s:12FinanceKitUI17TransactionPickerV	swift.method	["TransactionPicker","attributedTextFormattingDefinition(_:)"]	unmatched	none	0	0		[]
s:7SwiftUI4ViewPAAE34attributedTextFormattingDefinitionyQrqd__AA010AttributedefG0Rd__lF::SYNTHESIZED::s:12FinanceKitUI22AddOrderToWalletButtonV	swift.method	["AddOrderToWalletButton","attributedTextFormattingDefinition(_:)"]	unmatched	none	0	0		[]
s:7SwiftUI4ViewPAAE34attributedTextFormattingDefinitionyQrqd__m10Foundation14AttributeScopeRd__lF::SYNTHESIZED::s:12FinanceKitUI17TransactionPickerV	swift.method	["TransactionPicker","attributedTextFormattingDefinition(_:)"]	unmatched	none	0	0		[]
s:7SwiftUI4ViewPAAE34attributedTextFormattingDefinitionyQrqd__m10Foundation14AttributeScopeRd__lF::SYNTHESIZED::s:12FinanceKitUI22AddOrderToWalletButtonV	swift.method	["AddOrderToWalletButton","attributedTextFormattingDefinition(_:)"]	unmatched	none	0	0		[]
s:7SwiftUI4ViewPAAE34attributedTextFormattingDefinitionyQrs7KeyPathCy10Foundation15AttributeScopesOqd__mGAG0K5ScopeRd__lF::SYNTHESIZED::s:12FinanceKitUI17TransactionPickerV	swift.method	["TransactionPicker","attributedTextFormattingDefinition(_:)"]	unmatched	none	0	0		[]
s:7SwiftUI4ViewPAAE34attributedTextFormattingDefinitionyQrs7KeyPathCy10Foundation15AttributeScopesOqd__mGAG0K5ScopeRd__lF::SYNTHESIZED::s:12FinanceKitUI22AddOrderToWalletButtonV	swift.method	["AddOrderToWalletButton","attributedTextFormattingDefinition(_:)"]	unmatched	none	0	0		[]
s:7SwiftUI4ViewPAAE34fileDialogImportsUnresolvedAliasesyQrSbF::SYNTHESIZED::s:12FinanceKitUI17TransactionPickerV	swift.method	["TransactionPicker","fileDialogImportsUnresolvedAliases(_:)"]	unmatched	none	0	0		[]
s:7SwiftUI4ViewPAAE34fileDialogImportsUnresolvedAliasesyQrSbF::SYNTHESIZED::s:12FinanceKitUI22AddOrderToWalletButtonV	swift.method	["AddOrderToWalletButton","fileDialogImportsUnresolvedAliases(_:)"]	unmatched	none	0	0		[]
s:7SwiftUI4ViewPAAE34flipsForRightToLeftLayoutDirectionyQrSbF::SYNTHESIZED::s:12FinanceKitUI17TransactionPickerV	swift.method	["TransactionPicker","flipsForRightToLeftLayoutDirection(_:)"]	unmatched	none	0	0		[]
s:7SwiftUI4ViewPAAE34flipsForRightToLeftLayoutDirectionyQrSbF::SYNTHESIZED::s:12FinanceKitUI22AddOrderToWalletButtonV	swift.method	["AddOrderToWalletButton","flipsForRightToLeftLayoutDirection(_:)"]	unmatched	none	0	0		[]
s:7SwiftUI4ViewPAAE36accessibilityShowsLargeContentViewerQryF::SYNTHESIZED::s:12FinanceKitUI17TransactionPickerV	swift.method	["TransactionPicker","accessibilityShowsLargeContentViewer()"]	unmatched	none	0	0		[]
s:7SwiftUI4ViewPAAE36accessibilityShowsLargeContentViewerQryF::SYNTHESIZED::s:12FinanceKitUI22AddOrderToWalletButtonV	swift.method	["AddOrderToWalletButton","accessibilityShowsLargeContentViewer()"]	unmatched	none	0	0		[]
s:7SwiftUI4ViewPAAE36accessibilityShowsLargeContentVieweryQrqd__yXEAaBRd__lF::SYNTHESIZED::s:12FinanceKitUI17TransactionPickerV	swift.method	["TransactionPicker","accessibilityShowsLargeContentViewer(_:)"]	unmatched	none	0	0		[]
s:7SwiftUI4ViewPAAE36accessibilityShowsLargeContentVieweryQrqd__yXEAaBRd__lF::SYNTHESIZED::s:12FinanceKitUI22AddOrderToWalletButtonV	swift.method	["AddOrderToWalletButton","accessibilityShowsLargeContentViewer(_:)"]	unmatched	none	0	0		[]
s:7SwiftUI4ViewPAAE36textInputFormattingControlVisibility_3forQrAA0H0O_AA04TextefG9PlacementV3SetVtF::SYNTHESIZED::s:12FinanceKitUI17TransactionPickerV	swift.method	["TransactionPicker","textInputFormattingControlVisibility(_:for:)"]	unmatched	none	0	0		[]
s:7SwiftUI4ViewPAAE36textInputFormattingControlVisibility_3forQrAA0H0O_AA04TextefG9PlacementV3SetVtF::SYNTHESIZED::s:12FinanceKitUI22AddOrderToWalletButtonV	swift.method	["AddOrderToWalletButton","textInputFormattingControlVisibility(_:for:)"]	unmatched	none	0	0		[]
s:7SwiftUI4ViewPAAE38accessibilityRespondsToUserInteraction_9isEnabledAA15ModifiedContentVyxAA31AccessibilityAttachmentModifierVGSb_SbtF::SYNTHESIZED::s:12FinanceKitUI17TransactionPickerV	swift.method	["TransactionPicker","accessibilityRespondsToUserInteraction(_:isEnabled:)"]	unmatched	none	0	0		[]
s:7SwiftUI4ViewPAAE38accessibilityRespondsToUserInteraction_9isEnabledAA15ModifiedContentVyxAA31AccessibilityAttachmentModifierVGSb_SbtF::SYNTHESIZED::s:12FinanceKitUI22AddOrderToWalletButtonV	swift.method	["AddOrderToWalletButton","accessibilityRespondsToUserInteraction(_:isEnabled:)"]	unmatched	none	0	0		[]
s:7SwiftUI4ViewPAAE38accessibilityRespondsToUserInteractionyAA15ModifiedContentVyxAA31AccessibilityAttachmentModifierVGSbF::SYNTHESIZED::s:12FinanceKitUI17TransactionPickerV	swift.method	["TransactionPicker","accessibilityRespondsToUserInteraction(_:)"]	unmatched	none	0	0		[]
s:7SwiftUI4ViewPAAE38accessibilityRespondsToUserInteractionyAA15ModifiedContentVyxAA31AccessibilityAttachmentModifierVGSbF::SYNTHESIZED::s:12FinanceKitUI22AddOrderToWalletButtonV	swift.method	["AddOrderToWalletButton","accessibilityRespondsToUserInteraction(_:)"]	unmatched	none	0	0		[]
s:7SwiftUI4ViewPAAE3tag_15includeOptionalQrqd___SbtSHRd__lF::SYNTHESIZED::s:12FinanceKitUI17TransactionPickerV	swift.method	["TransactionPicker","tag(_:includeOptional:)"]	unmatched	none	0	0		[]
s:7SwiftUI4ViewPAAE3tag_15includeOptionalQrqd___SbtSHRd__lF::SYNTHESIZED::s:12FinanceKitUI22AddOrderToWalletButtonV	swift.method	["AddOrderToWalletButton","tag(_:includeOptional:)"]	unmatched	none	0	0		[]
s:7SwiftUI4ViewPAAE4blur6radius6opaqueQr14CoreFoundation7CGFloatV_SbtF::SYNTHESIZED::s:12FinanceKitUI17TransactionPickerV	swift.method	["TransactionPicker","blur(radius:opaque:)"]	unmatched	none	0	0		[]
s:7SwiftUI4ViewPAAE4blur6radius6opaqueQr14CoreFoundation7CGFloatV_SbtF::SYNTHESIZED::s:12FinanceKitUI22AddOrderToWalletButtonV	swift.method	["AddOrderToWalletButton","blur(radius:opaque:)"]	unmatched	none	0	0		[]
s:7SwiftUI4ViewPAAE4boldyQrSbF::SYNTHESIZED::s:12FinanceKitUI17TransactionPickerV	swift.method	["TransactionPicker","bold(_:)"]	unmatched	none	0	0		[]
s:7SwiftUI4ViewPAAE4boldyQrSbF::SYNTHESIZED::s:12FinanceKitUI22AddOrderToWalletButtonV	swift.method	["AddOrderToWalletButton","bold(_:)"]	unmatched	none	0	0		[]
s:7SwiftUI4ViewPAAE4fontyQrAA4FontVSgF::SYNTHESIZED::s:12FinanceKitUI17TransactionPickerV	swift.method	["TransactionPicker","font(_:)"]	unmatched	none	0	0		[]
s:7SwiftUI4ViewPAAE4fontyQrAA4FontVSgF::SYNTHESIZED::s:12FinanceKitUI22AddOrderToWalletButtonV	swift.method	["AddOrderToWalletButton","font(_:)"]	unmatched	none	0	0		[]
s:7SwiftUI4ViewPAAE4helpyQr10Foundation23LocalizedStringResourceVF::SYNTHESIZED::s:12FinanceKitUI17TransactionPickerV	swift.method	["TransactionPicker","help(_:)"]	unmatched	none	0	0		[]
s:7SwiftUI4ViewPAAE4helpyQr10Foundation23LocalizedStringResourceVF::SYNTHESIZED::s:12FinanceKitUI22AddOrderToWalletButtonV	swift.method	["AddOrderToWalletButton","help(_:)"]	unmatched	none	0	0		[]
s:7SwiftUI4ViewPAAE4helpyQrAA18LocalizedStringKeyVF::SYNTHESIZED::s:12FinanceKitUI17TransactionPickerV	swift.method	["TransactionPicker","help(_:)"]	unmatched	none	0	0		[]
s:7SwiftUI4ViewPAAE4helpyQrAA18LocalizedStringKeyVF::SYNTHESIZED::s:12FinanceKitUI22AddOrderToWalletButtonV	swift.method	["AddOrderToWalletButton","help(_:)"]	unmatched	none	0	0		[]
s:7SwiftUI4ViewPAAE4helpyQrAA4TextVF::SYNTHESIZED::s:12FinanceKitUI17TransactionPickerV	swift.method	["TransactionPicker","help(_:)"]	unmatched	none	0	0		[]
s:7SwiftUI4ViewPAAE4helpyQrAA4TextVF::SYNTHESIZED::s:12FinanceKitUI22AddOrderToWalletButtonV	swift.method	["AddOrderToWalletButton","help(_:)"]	unmatched	none	0	0		[]
s:7SwiftUI4ViewPAAE4helpyQrqd__SyRd__lF::SYNTHESIZED::s:12FinanceKitUI17TransactionPickerV	swift.method	["TransactionPicker","help(_:)"]	unmatched	none	0	0		[]
s:7SwiftUI4ViewPAAE4helpyQrqd__SyRd__lF::SYNTHESIZED::s:12FinanceKitUI22AddOrderToWalletButtonV	swift.method	["AddOrderToWalletButton","help(_:)"]	unmatched	none	0	0		[]
s:7SwiftUI4ViewPAAE4mask9alignment_QrAA9AlignmentV_qd__yXEtAaBRd__lF::SYNTHESIZED::s:12FinanceKitUI17TransactionPickerV	swift.method	["TransactionPicker","mask(alignment:_:)"]	unmatched	none	0	0		[]
s:7SwiftUI4ViewPAAE4mask9alignment_QrAA9AlignmentV_qd__yXEtAaBRd__lF::SYNTHESIZED::s:12FinanceKitUI22AddOrderToWalletButtonV	swift.method	["AddOrderToWalletButton","mask(alignment:_:)"]	unmatched	none	0	0		[]
s:7SwiftUI4ViewPAAE4maskyQrqd__AaBRd__lF::SYNTHESIZED::s:12FinanceKitUI17TransactionPickerV	swift.method	["TransactionPicker","mask(_:)"]	unmatched	none	0	0		[]
s:7SwiftUI4ViewPAAE4maskyQrqd__AaBRd__lF::SYNTHESIZED::s:12FinanceKitUI22AddOrderToWalletButtonV	swift.method	["AddOrderToWalletButton","mask(_:)"]	unmatched	none	0	0		[]
s:7SwiftUI4ViewPAAE4task2id4name18executorPreference8priority4file4line_Qrqd___SSSgSch_pScPSSSiyyYaYAcntSQRd__lF::SYNTHESIZED::s:12FinanceKitUI17TransactionPickerV	swift.method	["TransactionPicker","task(id:name:executorPreference:priority:file:line:_:)"]	unmatched	none	0	0		[]
s:7SwiftUI4ViewPAAE4task2id4name18executorPreference8priority4file4line_Qrqd___SSSgSch_pScPSSSiyyYaYAcntSQRd__lF::SYNTHESIZED::s:12FinanceKitUI22AddOrderToWalletButtonV	swift.method	["AddOrderToWalletButton","task(id:name:executorPreference:priority:file:line:_:)"]	unmatched	none	0	0		[]
s:7SwiftUI4ViewPAAE4task2id8priority_Qrqd___ScPyyYaYbctSQRd__lF::SYNTHESIZED::s:12FinanceKitUI17TransactionPickerV	swift.method	["TransactionPicker","task(id:priority:_:)"]	unmatched	none	0	0		[]
s:7SwiftUI4ViewPAAE4task2id8priority_Qrqd___ScPyyYaYbctSQRd__lF::SYNTHESIZED::s:12FinanceKitUI22AddOrderToWalletButtonV	swift.method	["AddOrderToWalletButton","task(id:priority:_:)"]	unmatched	none	0	0		[]
s:7SwiftUI4ViewPAAE4task8priority_QrScP_yyYaYbctF::SYNTHESIZED::s:12FinanceKitUI17TransactionPickerV	swift.method	["TransactionPicker","task(priority:_:)"]	unmatched	none	0	0		[]
s:7SwiftUI4ViewPAAE4task8priority_QrScP_yyYaYbctF::SYNTHESIZED::s:12FinanceKitUI22AddOrderToWalletButtonV	swift.method	["AddOrderToWalletButton","task(priority:_:)"]	unmatched	none	0	0		[]
s:7SwiftUI4ViewPAAE4tintyQrAA5ColorVSgF::SYNTHESIZED::s:12FinanceKitUI17TransactionPickerV	swift.method	["TransactionPicker","tint(_:)"]	unmatched	none	0	0		[]
s:7SwiftUI4ViewPAAE4tintyQrAA5ColorVSgF::SYNTHESIZED::s:12FinanceKitUI22AddOrderToWalletButtonV	swift.method	["AddOrderToWalletButton","tint(_:)"]	unmatched	none	0	0		[]
s:7SwiftUI4ViewPAAE5alert11isPresented5error7actions7messageQrAA7BindingVySbG_qd__Sgqd_0_qd__XEqd_1_qd__XEt10Foundation14LocalizedErrorRd__AaBRd_0_AaBRd_1_r1_lF::SYNTHESIZED::s:12FinanceKitUI17TransactionPickerV	swift.method	["TransactionPicker","alert(isPresented:error:actions:message:)"]	unmatched	none	0	0		[]
s:7SwiftUI4ViewPAAE5alert11isPresented5error7actions7messageQrAA7BindingVySbG_qd__Sgqd_0_qd__XEqd_1_qd__XEt10Foundation14LocalizedErrorRd__AaBRd_0_AaBRd_1_r1_lF::SYNTHESIZED::s:12FinanceKitUI22AddOrderToWalletButtonV	swift.method	["AddOrderToWalletButton","alert(isPresented:error:actions:message:)"]	unmatched	none	0	0		[]
s:7SwiftUI4ViewPAAE5alert11isPresented5error7actionsQrAA7BindingVySbG_qd__Sgqd_0_yXEt10Foundation14LocalizedErrorRd__AaBRd_0_r0_lF::SYNTHESIZED::s:12FinanceKitUI17TransactionPickerV	swift.method	["TransactionPicker","alert(isPresented:error:actions:)"]	unmatched	none	0	0		[]
s:7SwiftUI4ViewPAAE5alert11isPresented5error7actionsQrAA7BindingVySbG_qd__Sgqd_0_yXEt10Foundation14LocalizedErrorRd__AaBRd_0_r0_lF::SYNTHESIZED::s:12FinanceKitUI22AddOrderToWalletButtonV	swift.method	["AddOrderToWalletButton","alert(isPresented:error:actions:)"]	unmatched	none	0	0		[]
s:7SwiftUI4ViewPAAE5alert11isPresented7contentQrAA7BindingVySbG_AA5AlertVyXEtF::SYNTHESIZED::s:12FinanceKitUI17TransactionPickerV	swift.method	["TransactionPicker","alert(isPresented:content:)"]	unmatched	none	0	0		[]
s:7SwiftUI4ViewPAAE5alert11isPresented7contentQrAA7BindingVySbG_AA5AlertVyXEtF::SYNTHESIZED::s:12FinanceKitUI22AddOrderToWalletButtonV	swift.method	["AddOrderToWalletButton","alert(isPresented:content:)"]	unmatched	none	0	0		[]
s:7SwiftUI4ViewPAAE5alert4item7contentQrAA7BindingVyqd__SgG_AA5AlertVqd__XEts12IdentifiableRd__lF::SYNTHESIZED::s:12FinanceKitUI17TransactionPickerV	swift.method	["TransactionPicker","alert(item:content:)"]	unmatched	none	0	0		[]
s:7SwiftUI4ViewPAAE5alert4item7contentQrAA7BindingVyqd__SgG_AA5AlertVqd__XEts12IdentifiableRd__lF::SYNTHESIZED::s:12FinanceKitUI22AddOrderToWalletButtonV	swift.method	["AddOrderToWalletButton","alert(item:content:)"]	unmatched	none	0	0		[]
s:7SwiftUI4ViewPAAE5alert_11isPresented10presenting7actions7messageQr10Foundation23LocalizedStringResourceV_AA7BindingVySbGqd_1_Sgqd__qd_1_XEqd_0_qd_1_XEtAaBRd__AaBRd_0_r1_lF::SYNTHESIZED::s:12FinanceKitUI17TransactionPickerV	swift.method	["TransactionPicker","alert(_:isPresented:presenting:actions:message:)"]	unmatched	none	0	0		[]
s:7SwiftUI4ViewPAAE5alert_11isPresented10presenting7actions7messageQr10Foundation23LocalizedStringResourceV_AA7BindingVySbGqd_1_Sgqd__qd_1_XEqd_0_qd_1_XEtAaBRd__AaBRd_0_r1_lF::SYNTHESIZED::s:12FinanceKitUI22AddOrderToWalletButtonV	swift.method	["AddOrderToWalletButton","alert(_:isPresented:presenting:actions:message:)"]	unmatched	none	0	0		[]
s:7SwiftUI4ViewPAAE5alert_11isPresented10presenting7actions7messageQrAA18LocalizedStringKeyV_AA7BindingVySbGqd_1_Sgqd__qd_1_XEqd_0_qd_1_XEtAaBRd__AaBRd_0_r1_lF::SYNTHESIZED::s:12FinanceKitUI17TransactionPickerV	swift.method	["TransactionPicker","alert(_:isPresented:presenting:actions:message:)"]	unmatched	none	0	0		[]
s:7SwiftUI4ViewPAAE5alert_11isPresented10presenting7actions7messageQrAA18LocalizedStringKeyV_AA7BindingVySbGqd_1_Sgqd__qd_1_XEqd_0_qd_1_XEtAaBRd__AaBRd_0_r1_lF::SYNTHESIZED::s:12FinanceKitUI22AddOrderToWalletButtonV	swift.method	["AddOrderToWalletButton","alert(_:isPresented:presenting:actions:message:)"]	unmatched	none	0	0		[]
s:7SwiftUI4ViewPAAE5alert_11isPresented10presenting7actions7messageQrAA4TextV_AA7BindingVySbGqd_1_Sgqd__qd_1_XEqd_0_qd_1_XEtAaBRd__AaBRd_0_r1_lF::SYNTHESIZED::s:12FinanceKitUI17TransactionPickerV	swift.method	["TransactionPicker","alert(_:isPresented:presenting:actions:message:)"]	unmatched	none	0	0		[]
s:7SwiftUI4ViewPAAE5alert_11isPresented10presenting7actions7messageQrAA4TextV_AA7BindingVySbGqd_1_Sgqd__qd_1_XEqd_0_qd_1_XEtAaBRd__AaBRd_0_r1_lF::SYNTHESIZED::s:12FinanceKitUI22AddOrderToWalletButtonV	swift.method	["AddOrderToWalletButton","alert(_:isPresented:presenting:actions:message:)"]	unmatched	none	0	0		[]
s:7SwiftUI4ViewPAAE5alert_11isPresented10presenting7actions7messageQrqd___AA7BindingVySbGqd_2_Sgqd_0_qd_2_XEqd_1_qd_2_XEtSyRd__AaBRd_0_AaBRd_1_r2_lF::SYNTHESIZED::s:12FinanceKitUI17TransactionPickerV	swift.method	["TransactionPicker","alert(_:isPresented:presenting:actions:message:)"]	unmatched	none	0	0		[]
s:7SwiftUI4ViewPAAE5alert_11isPresented10presenting7actions7messageQrqd___AA7BindingVySbGqd_2_Sgqd_0_qd_2_XEqd_1_qd_2_XEtSyRd__AaBRd_0_AaBRd_1_r2_lF::SYNTHESIZED::s:12FinanceKitUI22AddOrderToWalletButtonV	swift.method	["AddOrderToWalletButton","alert(_:isPresented:presenting:actions:message:)"]	unmatched	none	0	0		[]
s:7SwiftUI4ViewPAAE5alert_11isPresented10presenting7actionsQr10Foundation23LocalizedStringResourceV_AA7BindingVySbGqd_0_Sgqd__qd_0_XEtAaBRd__r0_lF::SYNTHESIZED::s:12FinanceKitUI17TransactionPickerV	swift.method	["TransactionPicker","alert(_:isPresented:presenting:actions:)"]	unmatched	none	0	0		[]
s:7SwiftUI4ViewPAAE5alert_11isPresented10presenting7actionsQr10Foundation23LocalizedStringResourceV_AA7BindingVySbGqd_0_Sgqd__qd_0_XEtAaBRd__r0_lF::SYNTHESIZED::s:12FinanceKitUI22AddOrderToWalletButtonV	swift.method	["AddOrderToWalletButton","alert(_:isPresented:presenting:actions:)"]	unmatched	none	0	0		[]
s:7SwiftUI4ViewPAAE5alert_11isPresented10presenting7actionsQrAA18LocalizedStringKeyV_AA7BindingVySbGqd_0_Sgqd__qd_0_XEtAaBRd__r0_lF::SYNTHESIZED::s:12FinanceKitUI17TransactionPickerV	swift.method	["TransactionPicker","alert(_:isPresented:presenting:actions:)"]	unmatched	none	0	0		[]
s:7SwiftUI4ViewPAAE5alert_11isPresented10presenting7actionsQrAA18LocalizedStringKeyV_AA7BindingVySbGqd_0_Sgqd__qd_0_XEtAaBRd__r0_lF::SYNTHESIZED::s:12FinanceKitUI22AddOrderToWalletButtonV	swift.method	["AddOrderToWalletButton","alert(_:isPresented:presenting:actions:)"]	unmatched	none	0	0		[]
s:7SwiftUI4ViewPAAE5alert_11isPresented10presenting7actionsQrAA4TextV_AA7BindingVySbGqd_0_Sgqd__qd_0_XEtAaBRd__r0_lF::SYNTHESIZED::s:12FinanceKitUI17TransactionPickerV	swift.method	["TransactionPicker","alert(_:isPresented:presenting:actions:)"]	unmatched	none	0	0		[]
s:7SwiftUI4ViewPAAE5alert_11isPresented10presenting7actionsQrAA4TextV_AA7BindingVySbGqd_0_Sgqd__qd_0_XEtAaBRd__r0_lF::SYNTHESIZED::s:12FinanceKitUI22AddOrderToWalletButtonV	swift.method	["AddOrderToWalletButton","alert(_:isPresented:presenting:actions:)"]	unmatched	none	0	0		[]
s:7SwiftUI4ViewPAAE5alert_11isPresented10presenting7actionsQrqd___AA7BindingVySbGqd_1_Sgqd_0_qd_1_XEtSyRd__AaBRd_0_r1_lF::SYNTHESIZED::s:12FinanceKitUI17TransactionPickerV	swift.method	["TransactionPicker","alert(_:isPresented:presenting:actions:)"]	unmatched	none	0	0		[]
s:7SwiftUI4ViewPAAE5alert_11isPresented10presenting7actionsQrqd___AA7BindingVySbGqd_1_Sgqd_0_qd_1_XEtSyRd__AaBRd_0_r1_lF::SYNTHESIZED::s:12FinanceKitUI22AddOrderToWalletButtonV	swift.method	["AddOrderToWalletButton","alert(_:isPresented:presenting:actions:)"]	unmatched	none	0	0		[]
s:7SwiftUI4ViewPAAE5alert_11isPresented7actions7messageQr10Foundation23LocalizedStringResourceV_AA7BindingVySbGqd__yXEqd_0_yXEtAaBRd__AaBRd_0_r0_lF::SYNTHESIZED::s:12FinanceKitUI17TransactionPickerV	swift.method	["TransactionPicker","alert(_:isPresented:actions:message:)"]	unmatched	none	0	0		[]
s:7SwiftUI4ViewPAAE5alert_11isPresented7actions7messageQr10Foundation23LocalizedStringResourceV_AA7BindingVySbGqd__yXEqd_0_yXEtAaBRd__AaBRd_0_r0_lF::SYNTHESIZED::s:12FinanceKitUI22AddOrderToWalletButtonV	swift.method	["AddOrderToWalletButton","alert(_:isPresented:actions:message:)"]	unmatched	none	0	0		[]
s:7SwiftUI4ViewPAAE5alert_11isPresented7actions7messageQrAA18LocalizedStringKeyV_AA7BindingVySbGqd__yXEqd_0_yXEtAaBRd__AaBRd_0_r0_lF::SYNTHESIZED::s:12FinanceKitUI17TransactionPickerV	swift.method	["TransactionPicker","alert(_:isPresented:actions:message:)"]	unmatched	none	0	0		[]
s:7SwiftUI4ViewPAAE5alert_11isPresented7actions7messageQrAA18LocalizedStringKeyV_AA7BindingVySbGqd__yXEqd_0_yXEtAaBRd__AaBRd_0_r0_lF::SYNTHESIZED::s:12FinanceKitUI22AddOrderToWalletButtonV	swift.method	["AddOrderToWalletButton","alert(_:isPresented:actions:message:)"]	unmatched	none	0	0		[]
s:7SwiftUI4ViewPAAE5alert_11isPresented7actions7messageQrAA4TextV_AA7BindingVySbGqd__yXEqd_0_yXEtAaBRd__AaBRd_0_r0_lF::SYNTHESIZED::s:12FinanceKitUI17TransactionPickerV	swift.method	["TransactionPicker","alert(_:isPresented:actions:message:)"]	unmatched	none	0	0		[]
s:7SwiftUI4ViewPAAE5alert_11isPresented7actions7messageQrAA4TextV_AA7BindingVySbGqd__yXEqd_0_yXEtAaBRd__AaBRd_0_r0_lF::SYNTHESIZED::s:12FinanceKitUI22AddOrderToWalletButtonV	swift.method	["AddOrderToWalletButton","alert(_:isPresented:actions:message:)"]	unmatched	none	0	0		[]
s:7SwiftUI4ViewPAAE5alert_11isPresented7actions7messageQrqd___AA7BindingVySbGqd_0_yXEqd_1_yXEtSyRd__AaBRd_0_AaBRd_1_r1_lF::SYNTHESIZED::s:12FinanceKitUI17TransactionPickerV	swift.method	["TransactionPicker","alert(_:isPresented:actions:message:)"]	unmatched	none	0	0		[]
s:7SwiftUI4ViewPAAE5alert_11isPresented7actions7messageQrqd___AA7BindingVySbGqd_0_yXEqd_1_yXEtSyRd__AaBRd_0_AaBRd_1_r1_lF::SYNTHESIZED::s:12FinanceKitUI22AddOrderToWalletButtonV	swift.method	["AddOrderToWalletButton","alert(_:isPresented:actions:message:)"]	unmatched	none	0	0		[]
s:7SwiftUI4ViewPAAE5alert_11isPresented7actionsQr10Foundation23LocalizedStringResourceV_AA7BindingVySbGqd__yXEtAaBRd__lF::SYNTHESIZED::s:12FinanceKitUI17TransactionPickerV	swift.method	["TransactionPicker","alert(_:isPresented:actions:)"]	unmatched	none	0	0		[]
s:7SwiftUI4ViewPAAE5alert_11isPresented7actionsQr10Foundation23LocalizedStringResourceV_AA7BindingVySbGqd__yXEtAaBRd__lF::SYNTHESIZED::s:12FinanceKitUI22AddOrderToWalletButtonV	swift.method	["AddOrderToWalletButton","alert(_:isPresented:actions:)"]	unmatched	none	0	0		[]
s:7SwiftUI4ViewPAAE5alert_11isPresented7actionsQrAA18LocalizedStringKeyV_AA7BindingVySbGqd__yXEtAaBRd__lF::SYNTHESIZED::s:12FinanceKitUI17TransactionPickerV	swift.method	["TransactionPicker","alert(_:isPresented:actions:)"]	unmatched	none	0	0		[]
s:7SwiftUI4ViewPAAE5alert_11isPresented7actionsQrAA18LocalizedStringKeyV_AA7BindingVySbGqd__yXEtAaBRd__lF::SYNTHESIZED::s:12FinanceKitUI22AddOrderToWalletButtonV	swift.method	["AddOrderToWalletButton","alert(_:isPresented:actions:)"]	unmatched	none	0	0		[]
s:7SwiftUI4ViewPAAE5alert_11isPresented7actionsQrAA4TextV_AA7BindingVySbGqd__yXEtAaBRd__lF::SYNTHESIZED::s:12FinanceKitUI17TransactionPickerV	swift.method	["TransactionPicker","alert(_:isPresented:actions:)"]	unmatched	none	0	0		[]
s:7SwiftUI4ViewPAAE5alert_11isPresented7actionsQrAA4TextV_AA7BindingVySbGqd__yXEtAaBRd__lF::SYNTHESIZED::s:12FinanceKitUI22AddOrderToWalletButtonV	swift.method	["AddOrderToWalletButton","alert(_:isPresented:actions:)"]	unmatched	none	0	0		[]
s:7SwiftUI4ViewPAAE5alert_11isPresented7actionsQrqd___AA7BindingVySbGqd_0_yXEtSyRd__AaBRd_0_r0_lF::SYNTHESIZED::s:12FinanceKitUI17TransactionPickerV	swift.method	["TransactionPicker","alert(_:isPresented:actions:)"]	unmatched	none	0	0		[]
s:7SwiftUI4ViewPAAE5alert_11isPresented7actionsQrqd___AA7BindingVySbGqd_0_yXEtSyRd__AaBRd_0_r0_lF::SYNTHESIZED::s:12FinanceKitUI22AddOrderToWalletButtonV	swift.method	["AddOrderToWalletButton","alert(_:isPresented:actions:)"]	unmatched	none	0	0		[]
s:7SwiftUI4ViewPAAE5badgeyQr10Foundation23LocalizedStringResourceVSgF::SYNTHESIZED::s:12FinanceKitUI17TransactionPickerV	swift.method	["TransactionPicker","badge(_:)"]	unmatched	none	0	0		[]
s:7SwiftUI4ViewPAAE5badgeyQr10Foundation23LocalizedStringResourceVSgF::SYNTHESIZED::s:12FinanceKitUI22AddOrderToWalletButtonV	swift.method	["AddOrderToWalletButton","badge(_:)"]	unmatched	none	0	0		[]
s:7SwiftUI4ViewPAAE5badgeyQrAA18LocalizedStringKeyVSgF::SYNTHESIZED::s:12FinanceKitUI17TransactionPickerV	swift.method	["TransactionPicker","badge(_:)"]	unmatched	none	0	0		[]
s:7SwiftUI4ViewPAAE5badgeyQrAA18LocalizedStringKeyVSgF::SYNTHESIZED::s:12FinanceKitUI22AddOrderToWalletButtonV	swift.method	["AddOrderToWalletButton","badge(_:)"]	unmatched	none	0	0		[]
s:7SwiftUI4ViewPAAE5badgeyQrAA4TextVSgF::SYNTHESIZED::s:12FinanceKitUI17TransactionPickerV	swift.method	["TransactionPicker","badge(_:)"]	unmatched	none	0	0		[]
s:7SwiftUI4ViewPAAE5badgeyQrAA4TextVSgF::SYNTHESIZED::s:12FinanceKitUI22AddOrderToWalletButtonV	swift.method	["AddOrderToWalletButton","badge(_:)"]	unmatched	none	0	0		[]
s:7SwiftUI4ViewPAAE5badgeyQrSiF::SYNTHESIZED::s:12FinanceKitUI17TransactionPickerV	swift.method	["TransactionPicker","badge(_:)"]	unmatched	none	0	0		[]
s:7SwiftUI4ViewPAAE5badgeyQrSiF::SYNTHESIZED::s:12FinanceKitUI22AddOrderToWalletButtonV	swift.method	["AddOrderToWalletButton","badge(_:)"]	unmatched	none	0	0		[]
s:7SwiftUI4ViewPAAE5badgeyQrqd__SgSyRd__lF::SYNTHESIZED::s:12FinanceKitUI17TransactionPickerV	swift.method	["TransactionPicker","badge(_:)"]	unmatched	none	0	0		[]
s:7SwiftUI4ViewPAAE5badgeyQrqd__SgSyRd__lF::SYNTHESIZED::s:12FinanceKitUI22AddOrderToWalletButtonV	swift.method	["AddOrderToWalletButton","badge(_:)"]	unmatched	none	0	0		[]
s:7SwiftUI4ViewPAAE5frame5width6height9alignmentQr14CoreFoundation7CGFloatVSg_AkA9AlignmentVtF::SYNTHESIZED::s:12FinanceKitUI17TransactionPickerV	swift.method	["TransactionPicker","frame(width:height:alignment:)"]	unmatched	none	0	0		[]
s:7SwiftUI4ViewPAAE5frame5width6height9alignmentQr14CoreFoundation7CGFloatVSg_AkA9AlignmentVtF::SYNTHESIZED::s:12FinanceKitUI22AddOrderToWalletButtonV	swift.method	["AddOrderToWalletButton","frame(width:height:alignment:)"]	unmatched	none	0	0		[]
s:7SwiftUI4ViewPAAE5frame8minWidth05idealF003maxF00E6Height0gI00hI09alignmentQr14CoreFoundation7CGFloatVSg_A5oA9AlignmentVtF::SYNTHESIZED::s:12FinanceKitUI17TransactionPickerV	swift.method	["TransactionPicker","frame(minWidth:idealWidth:maxWidth:minHeight:idealHeight:maxHeight:alignment:)"]	unmatched	none	0	0		[]
s:7SwiftUI4ViewPAAE5frame8minWidth05idealF003maxF00E6Height0gI00hI09alignmentQr14CoreFoundation7CGFloatVSg_A5oA9AlignmentVtF::SYNTHESIZED::s:12FinanceKitUI22AddOrderToWalletButtonV	swift.method	["AddOrderToWalletButton","frame(minWidth:idealWidth:maxWidth:minHeight:idealHeight:maxHeight:alignment:)"]	unmatched	none	0	0		[]
s:7SwiftUI4ViewPAAE5frameQryF::SYNTHESIZED::s:12FinanceKitUI17TransactionPickerV	swift.method	["TransactionPicker","frame()"]	unmatched	none	0	0		[]
s:7SwiftUI4ViewPAAE5frameQryF::SYNTHESIZED::s:12FinanceKitUI22AddOrderToWalletButtonV	swift.method	["AddOrderToWalletButton","frame()"]	unmatched	none	0	0		[]
s:7SwiftUI4ViewPAAE5sheet11isPresented9onDismiss7contentQrAA7BindingVySbG_yycSgqd__yctAaBRd__lF::SYNTHESIZED::s:12FinanceKitUI17TransactionPickerV	swift.method	["TransactionPicker","sheet(isPresented:onDismiss:content:)"]	unmatched	none	0	0		[]
s:7SwiftUI4ViewPAAE5sheet11isPresented9onDismiss7contentQrAA7BindingVySbG_yycSgqd__yctAaBRd__lF::SYNTHESIZED::s:12FinanceKitUI22AddOrderToWalletButtonV	swift.method	["AddOrderToWalletButton","sheet(isPresented:onDismiss:content:)"]	unmatched	none	0	0		[]
s:7SwiftUI4ViewPAAE5sheet4item9onDismiss7contentQrAA7BindingVyqd__SgG_yycSgqd_0_qd__cts12IdentifiableRd__AaBRd_0_r0_lF::SYNTHESIZED::s:12FinanceKitUI17TransactionPickerV	swift.method	["TransactionPicker","sheet(item:onDismiss:content:)"]	unmatched	none	0	0		[]
s:7SwiftUI4ViewPAAE5sheet4item9onDismiss7contentQrAA7BindingVyqd__SgG_yycSgqd_0_qd__cts12IdentifiableRd__AaBRd_0_r0_lF::SYNTHESIZED::s:12FinanceKitUI22AddOrderToWalletButtonV	swift.method	["AddOrderToWalletButton","sheet(item:onDismiss:content:)"]	unmatched	none	0	0		[]
s:7SwiftUI4ViewPAAE6border_5widthQrqd___14CoreFoundation7CGFloatVtAA10ShapeStyleRd__lF::SYNTHESIZED::s:12FinanceKitUI17TransactionPickerV	swift.method	["TransactionPicker","border(_:width:)"]	unmatched	none	0	0		[]
s:7SwiftUI4ViewPAAE6border_5widthQrqd___14CoreFoundation7CGFloatVtAA10ShapeStyleRd__lF::SYNTHESIZED::s:12FinanceKitUI22AddOrderToWalletButtonV	swift.method	["AddOrderToWalletButton","border(_:width:)"]	unmatched	none	0	0		[]
s:7SwiftUI4ViewPAAE6hiddenQryF::SYNTHESIZED::s:12FinanceKitUI17TransactionPickerV	swift.method	["TransactionPicker","hidden()"]	unmatched	none	0	0		[]
s:7SwiftUI4ViewPAAE6hiddenQryF::SYNTHESIZED::s:12FinanceKitUI22AddOrderToWalletButtonV	swift.method	["AddOrderToWalletButton","hidden()"]	unmatched	none	0	0		[]
s:7SwiftUI4ViewPAAE6italicyQrSbF::SYNTHESIZED::s:12FinanceKitUI17TransactionPickerV	swift.method	["TransactionPicker","italic(_:)"]	unmatched	none	0	0		[]
s:7SwiftUI4ViewPAAE6italicyQrSbF::SYNTHESIZED::s:12FinanceKitUI22AddOrderToWalletButtonV	swift.method	["AddOrderToWalletButton","italic(_:)"]	unmatched	none	0	0		[]
s:7SwiftUI4ViewPAAE6offset1x1yQr14CoreFoundation7CGFloatV_AItF::SYNTHESIZED::s:12FinanceKitUI17TransactionPickerV	swift.method	["TransactionPicker","offset(x:y:)"]	unmatched	none	0	0		[]
s:7SwiftUI4ViewPAAE6offset1x1yQr14CoreFoundation7CGFloatV_AItF::SYNTHESIZED::s:12FinanceKitUI22AddOrderToWalletButtonV	swift.method	["AddOrderToWalletButton","offset(x:y:)"]	unmatched	none	0	0		[]
s:7SwiftUI4ViewPAAE6offsetyQrSo6CGSizeVF::SYNTHESIZED::s:12FinanceKitUI17TransactionPickerV	swift.method	["TransactionPicker","offset(_:)"]	unmatched	none	0	0		[]
s:7SwiftUI4ViewPAAE6offsetyQrSo6CGSizeVF::SYNTHESIZED::s:12FinanceKitUI22AddOrderToWalletButtonV	swift.method	["AddOrderToWalletButton","offset(_:)"]	unmatched	none	0	0		[]
s:7SwiftUI4ViewPAAE6onDrag_7previewQrSo14NSItemProviderCyc_qd__yXEtAaBRd__lF::SYNTHESIZED::s:12FinanceKitUI17TransactionPickerV	swift.method	["TransactionPicker","onDrag(_:preview:)"]	unmatched	none	0	0		[]
s:7SwiftUI4ViewPAAE6onDrag_7previewQrSo14NSItemProviderCyc_qd__yXEtAaBRd__lF::SYNTHESIZED::s:12FinanceKitUI22AddOrderToWalletButtonV	swift.method	["AddOrderToWalletButton","onDrag(_:preview:)"]	unmatched	none	0	0		[]
s:7SwiftUI4ViewPAAE6onDragyQrSo14NSItemProviderCycF::SYNTHESIZED::s:12FinanceKitUI17TransactionPickerV	swift.method	["TransactionPicker","onDrag(_:)"]	unmatched	none	0	0		[]
s:7SwiftUI4ViewPAAE6onDragyQrSo14NSItemProviderCycF::SYNTHESIZED::s:12FinanceKitUI22AddOrderToWalletButtonV	swift.method	["AddOrderToWalletButton","onDrag(_:)"]	unmatched	none	0	0		[]
s:7SwiftUI4ViewPAAE6onDrop2of10isTargeted7performQrSay22UniformTypeIdentifiers6UTTypeVG_AA7BindingVySbGSgSbSaySo14NSItemProviderCG_So7CGPointVtctF::SYNTHESIZED::s:12FinanceKitUI17TransactionPickerV	swift.method	["TransactionPicker","onDrop(of:isTargeted:perform:)"]	unmatched	none	0	0		[]
s:7SwiftUI4ViewPAAE6onDrop2of10isTargeted7performQrSay22UniformTypeIdentifiers6UTTypeVG_AA7BindingVySbGSgSbSaySo14NSItemProviderCG_So7CGPointVtctF::SYNTHESIZED::s:12FinanceKitUI22AddOrderToWalletButtonV	swift.method	["AddOrderToWalletButton","onDrop(of:isTargeted:perform:)"]	unmatched	none	0	0		[]
s:7SwiftUI4ViewPAAE6onDrop2of10isTargeted7performQrSay22UniformTypeIdentifiers6UTTypeVG_AA7BindingVySbGSgSbSaySo14NSItemProviderCGctF::SYNTHESIZED::s:12FinanceKitUI17TransactionPickerV	swift.method	["TransactionPicker","onDrop(of:isTargeted:perform:)"]	unmatched	none	0	0		[]
s:7SwiftUI4ViewPAAE6onDrop2of10isTargeted7performQrSay22UniformTypeIdentifiers6UTTypeVG_AA7BindingVySbGSgSbSaySo14NSItemProviderCGctF::SYNTHESIZED::s:12FinanceKitUI22AddOrderToWalletButtonV	swift.method	["AddOrderToWalletButton","onDrop(of:isTargeted:perform:)"]	unmatched	none	0	0		[]
s:7SwiftUI4ViewPAAE6onDrop2of10isTargeted7performQrSaySSG_AA7BindingVySbGSgSbSaySo14NSItemProviderCG_So7CGPointVtctF::SYNTHESIZED::s:12FinanceKitUI17TransactionPickerV	swift.method	["TransactionPicker","onDrop(of:isTargeted:perform:)"]	unmatched	none	0	0		[]
s:7SwiftUI4ViewPAAE6onDrop2of10isTargeted7performQrSaySSG_AA7BindingVySbGSgSbSaySo14NSItemProviderCG_So7CGPointVtctF::SYNTHESIZED::s:12FinanceKitUI22AddOrderToWalletButtonV	swift.method	["AddOrderToWalletButton","onDrop(of:isTargeted:perform:)"]	unmatched	none	0	0		[]
s:7SwiftUI4ViewPAAE6onDrop2of10isTargeted7performQrSaySSG_AA7BindingVySbGSgSbSaySo14NSItemProviderCGctF::SYNTHESIZED::s:12FinanceKitUI17TransactionPickerV	swift.method	["TransactionPicker","onDrop(of:isTargeted:perform:)"]	unmatched	none	0	0		[]
s:7SwiftUI4ViewPAAE6onDrop2of10isTargeted7performQrSaySSG_AA7BindingVySbGSgSbSaySo14NSItemProviderCGctF::SYNTHESIZED::s:12FinanceKitUI22AddOrderToWalletButtonV	swift.method	["AddOrderToWalletButton","onDrop(of:isTargeted:perform:)"]	unmatched	none	0	0		[]
s:7SwiftUI4ViewPAAE6onDrop2of8delegateQrSay22UniformTypeIdentifiers6UTTypeVG_AA0E8Delegate_ptF::SYNTHESIZED::s:12FinanceKitUI17TransactionPickerV	swift.method	["TransactionPicker","onDrop(of:delegate:)"]	unmatched	none	0	0		[]
s:7SwiftUI4ViewPAAE6onDrop2of8delegateQrSay22UniformTypeIdentifiers6UTTypeVG_AA0E8Delegate_ptF::SYNTHESIZED::s:12FinanceKitUI22AddOrderToWalletButtonV	swift.method	["AddOrderToWalletButton","onDrop(of:delegate:)"]	unmatched	none	0	0		[]
s:7SwiftUI4ViewPAAE6onDrop2of8delegateQrSaySSG_AA0E8Delegate_ptF::SYNTHESIZED::s:12FinanceKitUI17TransactionPickerV	swift.method	["TransactionPicker","onDrop(of:delegate:)"]	unmatched	none	0	0		[]
s:7SwiftUI4ViewPAAE6onDrop2of8delegateQrSaySSG_AA0E8Delegate_ptF::SYNTHESIZED::s:12FinanceKitUI22AddOrderToWalletButtonV	swift.method	["AddOrderToWalletButton","onDrop(of:delegate:)"]	unmatched	none	0	0		[]
s:7SwiftUI4ViewPAAE6shadow5color6radius1x1yQrAA5ColorV_14CoreFoundation7CGFloatVA2MtF::SYNTHESIZED::s:12FinanceKitUI17TransactionPickerV	swift.method	["TransactionPicker","shadow(color:radius:x:y:)"]	unmatched	none	0	0		[]
s:7SwiftUI4ViewPAAE6shadow5color6radius1x1yQrAA5ColorV_14CoreFoundation7CGFloatVA2MtF::SYNTHESIZED::s:12FinanceKitUI22AddOrderToWalletButtonV	swift.method	["AddOrderToWalletButton","shadow(color:radius:x:y:)"]	unmatched	none	0	0		[]
s:7SwiftUI4ViewPAAE6zIndexyQrSdF::SYNTHESIZED::s:12FinanceKitUI17TransactionPickerV	swift.method	["TransactionPicker","zIndex(_:)"]	unmatched	none	0	0		[]
s:7SwiftUI4ViewPAAE6zIndexyQrSdF::SYNTHESIZED::s:12FinanceKitUI22AddOrderToWalletButtonV	swift.method	["AddOrderToWalletButton","zIndex(_:)"]	unmatched	none	0	0		[]
s:7SwiftUI4ViewPAAE7clipped11antialiasedQrSb_tF::SYNTHESIZED::s:12FinanceKitUI17TransactionPickerV	swift.method	["TransactionPicker","clipped(antialiased:)"]	unmatched	none	0	0		[]
s:7SwiftUI4ViewPAAE7clipped11antialiasedQrSb_tF::SYNTHESIZED::s:12FinanceKitUI22AddOrderToWalletButtonV	swift.method	["AddOrderToWalletButton","clipped(antialiased:)"]	unmatched	none	0	0		[]
s:7SwiftUI4ViewPAAE7focused_6equalsQrAA10FocusStateV7BindingVyqd___G_qd__tSHRd__lF::SYNTHESIZED::s:12FinanceKitUI17TransactionPickerV	swift.method	["TransactionPicker","focused(_:equals:)"]	unmatched	none	0	0		[]
s:7SwiftUI4ViewPAAE7focused_6equalsQrAA10FocusStateV7BindingVyqd___G_qd__tSHRd__lF::SYNTHESIZED::s:12FinanceKitUI22AddOrderToWalletButtonV	swift.method	["AddOrderToWalletButton","focused(_:equals:)"]	unmatched	none	0	0		[]
s:7SwiftUI4ViewPAAE7focusedyQrAA10FocusStateV7BindingVySb_GF::SYNTHESIZED::s:12FinanceKitUI17TransactionPickerV	swift.method	["TransactionPicker","focused(_:)"]	unmatched	none	0	0		[]
s:7SwiftUI4ViewPAAE7focusedyQrAA10FocusStateV7BindingVySb_GF::SYNTHESIZED::s:12FinanceKitUI22AddOrderToWalletButtonV	swift.method	["AddOrderToWalletButton","focused(_:)"]	unmatched	none	0	0		[]
s:7SwiftUI4ViewPAAE7gesture_4name9isEnabledQrqd___SSSbtAA7GestureRd__lF::SYNTHESIZED::s:12FinanceKitUI17TransactionPickerV	swift.method	["TransactionPicker","gesture(_:name:isEnabled:)"]	unmatched	none	0	0		[]
s:7SwiftUI4ViewPAAE7gesture_4name9isEnabledQrqd___SSSbtAA7GestureRd__lF::SYNTHESIZED::s:12FinanceKitUI22AddOrderToWalletButtonV	swift.method	["AddOrderToWalletButton","gesture(_:name:isEnabled:)"]	unmatched	none	0	0		[]
s:7SwiftUI4ViewPAAE7gesture_9includingQrqd___AA11GestureMaskVtAA0F0Rd__lF::SYNTHESIZED::s:12FinanceKitUI17TransactionPickerV	swift.method	["TransactionPicker","gesture(_:including:)"]	unmatched	none	0	0		[]
s:7SwiftUI4ViewPAAE7gesture_9includingQrqd___AA11GestureMaskVtAA0F0Rd__lF::SYNTHESIZED::s:12FinanceKitUI22AddOrderToWalletButtonV	swift.method	["AddOrderToWalletButton","gesture(_:including:)"]	unmatched	none	0	0		[]
s:7SwiftUI4ViewPAAE7gesture_9isEnabledQrqd___SbtAA7GestureRd__lF::SYNTHESIZED::s:12FinanceKitUI17TransactionPickerV	swift.method	["TransactionPicker","gesture(_:isEnabled:)"]	unmatched	none	0	0		[]
s:7SwiftUI4ViewPAAE7gesture_9isEnabledQrqd___SbtAA7GestureRd__lF::SYNTHESIZED::s:12FinanceKitUI22AddOrderToWalletButtonV	swift.method	["AddOrderToWalletButton","gesture(_:isEnabled:)"]	unmatched	none	0	0		[]
s:7SwiftUI4ViewPAAE7gestureyQrqd__AA32UIGestureRecognizerRepresentableRd__lF::SYNTHESIZED::s:12FinanceKitUI17TransactionPickerV	swift.method	["TransactionPicker","gesture(_:)"]	unmatched	none	0	0		[]
s:7SwiftUI4ViewPAAE7gestureyQrqd__AA32UIGestureRecognizerRepresentableRd__lF::SYNTHESIZED::s:12FinanceKitUI22AddOrderToWalletButtonV	swift.method	["AddOrderToWalletButton","gesture(_:)"]	unmatched	none	0	0		[]
s:7SwiftUI4ViewPAAE7kerningyQr14CoreFoundation7CGFloatVF::SYNTHESIZED::s:12FinanceKitUI17TransactionPickerV	swift.method	["TransactionPicker","kerning(_:)"]	unmatched	none	0	0		[]
s:7SwiftUI4ViewPAAE7kerningyQr14CoreFoundation7CGFloatVF::SYNTHESIZED::s:12FinanceKitUI22AddOrderToWalletButtonV	swift.method	["AddOrderToWalletButton","kerning(_:)"]	unmatched	none	0	0		[]
s:7SwiftUI4ViewPAAE7onHover7performQrySbc_tF::SYNTHESIZED::s:12FinanceKitUI17TransactionPickerV	swift.method	["TransactionPicker","onHover(perform:)"]	unmatched	none	0	0		[]
s:7SwiftUI4ViewPAAE7onHover7performQrySbc_tF::SYNTHESIZED::s:12FinanceKitUI22AddOrderToWalletButtonV	swift.method	["AddOrderToWalletButton","onHover(perform:)"]	unmatched	none	0	0		[]
s:7SwiftUI4ViewPAAE7opacityyQrSdF::SYNTHESIZED::s:12FinanceKitUI17TransactionPickerV	swift.method	["TransactionPicker","opacity(_:)"]	unmatched	none	0	0		[]
s:7SwiftUI4ViewPAAE7opacityyQrSdF::SYNTHESIZED::s:12FinanceKitUI22AddOrderToWalletButtonV	swift.method	["AddOrderToWalletButton","opacity(_:)"]	unmatched	none	0	0		[]
s:7SwiftUI4ViewPAAE7overlay9alignment7contentQrAA9AlignmentV_qd__yXEtAaBRd__lF::SYNTHESIZED::s:12FinanceKitUI17TransactionPickerV	swift.method	["TransactionPicker","overlay(alignment:content:)"]	unmatched	none	0	0		[]
s:7SwiftUI4ViewPAAE7overlay9alignment7contentQrAA9AlignmentV_qd__yXEtAaBRd__lF::SYNTHESIZED::s:12FinanceKitUI22AddOrderToWalletButtonV	swift.method	["AddOrderToWalletButton","overlay(alignment:content:)"]	unmatched	none	0	0		[]
s:7SwiftUI4ViewPAAE7overlay_20ignoresSafeAreaEdgesQrqd___AA4EdgeO3SetVtAA10ShapeStyleRd__lF::SYNTHESIZED::s:12FinanceKitUI17TransactionPickerV	swift.method	["TransactionPicker","overlay(_:ignoresSafeAreaEdges:)"]	unmatched	none	0	0		[]
s:7SwiftUI4ViewPAAE7overlay_20ignoresSafeAreaEdgesQrqd___AA4EdgeO3SetVtAA10ShapeStyleRd__lF::SYNTHESIZED::s:12FinanceKitUI22AddOrderToWalletButtonV	swift.method	["AddOrderToWalletButton","overlay(_:ignoresSafeAreaEdges:)"]	unmatched	none	0	0		[]
s:7SwiftUI4ViewPAAE7overlay_2in9fillStyleQrqd___qd_0_AA04FillG0VtAA05ShapeG0Rd__AA0I0Rd_0_r0_lF::SYNTHESIZED::s:12FinanceKitUI17TransactionPickerV	swift.method	["TransactionPicker","overlay(_:in:fillStyle:)"]	unmatched	none	0	0		[]
s:7SwiftUI4ViewPAAE7overlay_2in9fillStyleQrqd___qd_0_AA04FillG0VtAA05ShapeG0Rd__AA0I0Rd_0_r0_lF::SYNTHESIZED::s:12FinanceKitUI22AddOrderToWalletButtonV	swift.method	["AddOrderToWalletButton","overlay(_:in:fillStyle:)"]	unmatched	none	0	0		[]
s:7SwiftUI4ViewPAAE7overlay_9alignmentQrqd___AA9AlignmentVtAaBRd__lF::SYNTHESIZED::s:12FinanceKitUI17TransactionPickerV	swift.method	["TransactionPicker","overlay(_:alignment:)"]	unmatched	none	0	0		[]
s:7SwiftUI4ViewPAAE7overlay_9alignmentQrqd___AA9AlignmentVtAaBRd__lF::SYNTHESIZED::s:12FinanceKitUI22AddOrderToWalletButtonV	swift.method	["AddOrderToWalletButton","overlay(_:alignment:)"]	unmatched	none	0	0		[]
s:7SwiftUI4ViewPAAE7paddingyQr14CoreFoundation7CGFloatVF::SYNTHESIZED::s:12FinanceKitUI17TransactionPickerV	swift.method	["TransactionPicker","padding(_:)"]	unmatched	none	0	0		[]
s:7SwiftUI4ViewPAAE7paddingyQr14CoreFoundation7CGFloatVF::SYNTHESIZED::s:12FinanceKitUI22AddOrderToWalletButtonV	swift.method	["AddOrderToWalletButton","padding(_:)"]	unmatched	none	0	0		[]
s:7SwiftUI4ViewPAAE7paddingyQrAA10EdgeInsetsVF::SYNTHESIZED::s:12FinanceKitUI17TransactionPickerV	swift.method	["TransactionPicker","padding(_:)"]	unmatched	none	0	0		[]
s:7SwiftUI4ViewPAAE7paddingyQrAA10EdgeInsetsVF::SYNTHESIZED::s:12FinanceKitUI22AddOrderToWalletButtonV	swift.method	["AddOrderToWalletButton","padding(_:)"]	unmatched	none	0	0		[]
s:7SwiftUI4ViewPAAE7paddingyQrAA4EdgeO3SetV_14CoreFoundation7CGFloatVSgtF::SYNTHESIZED::s:12FinanceKitUI17TransactionPickerV	swift.method	["TransactionPicker","padding(_:_:)"]	unmatched	none	0	0		[]
s:7SwiftUI4ViewPAAE7paddingyQrAA4EdgeO3SetV_14CoreFoundation7CGFloatVSgtF::SYNTHESIZED::s:12FinanceKitUI22AddOrderToWalletButtonV	swift.method	["AddOrderToWalletButton","padding(_:_:)"]	unmatched	none	0	0		[]
s:7SwiftUI4ViewPAAE7popover11isPresented16attachmentAnchor9arrowEdge7contentQrAA7BindingVySbG_AA017PopoverAttachmentH0OAA0J0OSgqd__yctAaBRd__lF::SYNTHESIZED::s:12FinanceKitUI17TransactionPickerV	swift.method	["TransactionPicker","popover(isPresented:attachmentAnchor:arrowEdge:content:)"]	unmatched	none	0	0		[]
s:7SwiftUI4ViewPAAE7popover11isPresented16attachmentAnchor9arrowEdge7contentQrAA7BindingVySbG_AA017PopoverAttachmentH0OAA0J0OSgqd__yctAaBRd__lF::SYNTHESIZED::s:12FinanceKitUI22AddOrderToWalletButtonV	swift.method	["AddOrderToWalletButton","popover(isPresented:attachmentAnchor:arrowEdge:content:)"]	unmatched	none	0	0		[]
s:7SwiftUI4ViewPAAE7popover4item16attachmentAnchor9arrowEdge7contentQrAA7BindingVyqd__SgG_AA017PopoverAttachmentG0OAA0I0OSgqd_0_qd__cts12IdentifiableRd__AaBRd_0_r0_lF::SYNTHESIZED::s:12FinanceKitUI17TransactionPickerV	swift.method	["TransactionPicker","popover(item:attachmentAnchor:arrowEdge:content:)"]	unmatched	none	0	0		[]
s:7SwiftUI4ViewPAAE7popover4item16attachmentAnchor9arrowEdge7contentQrAA7BindingVyqd__SgG_AA017PopoverAttachmentG0OAA0I0OSgqd_0_qd__cts12IdentifiableRd__AaBRd_0_r0_lF::SYNTHESIZED::s:12FinanceKitUI22AddOrderToWalletButtonV	swift.method	["AddOrderToWalletButton","popover(item:attachmentAnchor:arrowEdge:content:)"]	unmatched	none	0	0		[]
s:7SwiftUI4ViewPAAE7tabItemyQrqd__yXEAaBRd__lF::SYNTHESIZED::s:12FinanceKitUI17TransactionPickerV	swift.method	["TransactionPicker","tabItem(_:)"]	unmatched	none	0	0		[]
s:7SwiftUI4ViewPAAE7tabItemyQrqd__yXEAaBRd__lF::SYNTHESIZED::s:12FinanceKitUI22AddOrderToWalletButtonV	swift.method	["AddOrderToWalletButton","tabItem(_:)"]	unmatched	none	0	0		[]
s:7SwiftUI4ViewPAAE7toolbar2id7contentQrSS_qd__yXEtAA26CustomizableToolbarContentRd__lF::SYNTHESIZED::s:12FinanceKitUI17TransactionPickerV	swift.method	["TransactionPicker","toolbar(id:content:)"]	unmatched	none	0	0		[]
s:7SwiftUI4ViewPAAE7toolbar2id7contentQrSS_qd__yXEtAA26CustomizableToolbarContentRd__lF::SYNTHESIZED::s:12FinanceKitUI22AddOrderToWalletButtonV	swift.method	["AddOrderToWalletButton","toolbar(id:content:)"]	unmatched	none	0	0		[]
s:7SwiftUI4ViewPAAE7toolbar7contentQrqd__yXE_tAA14ToolbarContentRd__lF::SYNTHESIZED::s:12FinanceKitUI17TransactionPickerV	swift.method	["TransactionPicker","toolbar(content:)"]	unmatched	none	0	0		[]
s:7SwiftUI4ViewPAAE7toolbar7contentQrqd__yXE_tAA14ToolbarContentRd__lF::SYNTHESIZED::s:12FinanceKitUI22AddOrderToWalletButtonV	swift.method	["AddOrderToWalletButton","toolbar(content:)"]	unmatched	none	0	0		[]
s:7SwiftUI4ViewPAAE7toolbar7contentQrqd__yXE_tAaBRd__lF::SYNTHESIZED::s:12FinanceKitUI17TransactionPickerV	swift.method	["TransactionPicker","toolbar(content:)"]	unmatched	none	0	0		[]
s:7SwiftUI4ViewPAAE7toolbar7contentQrqd__yXE_tAaBRd__lF::SYNTHESIZED::s:12FinanceKitUI22AddOrderToWalletButtonV	swift.method	["AddOrderToWalletButton","toolbar(content:)"]	unmatched	none	0	0		[]
s:7SwiftUI4ViewPAAE7toolbar8removingQrAA22ToolbarDefaultItemKindVSg_tF::SYNTHESIZED::s:12FinanceKitUI17TransactionPickerV	swift.method	["TransactionPicker","toolbar(removing:)"]	unmatched	none	0	0		[]
s:7SwiftUI4ViewPAAE7toolbar8removingQrAA22ToolbarDefaultItemKindVSg_tF::SYNTHESIZED::s:12FinanceKitUI22AddOrderToWalletButtonV	swift.method	["AddOrderToWalletButton","toolbar(removing:)"]	unmatched	none	0	0		[]
s:7SwiftUI4ViewPAAE7toolbar_3forQrAA10VisibilityO_AA16ToolbarPlacementVdtF::SYNTHESIZED::s:12FinanceKitUI17TransactionPickerV	swift.method	["TransactionPicker","toolbar(_:for:)"]	unmatched	none	0	0		[]
s:7SwiftUI4ViewPAAE7toolbar_3forQrAA10VisibilityO_AA16ToolbarPlacementVdtF::SYNTHESIZED::s:12FinanceKitUI22AddOrderToWalletButtonV	swift.method	["AddOrderToWalletButton","toolbar(_:for:)"]	unmatched	none	0	0		[]
s:7SwiftUI4ViewPAAE8contrastyQrSdF::SYNTHESIZED::s:12FinanceKitUI17TransactionPickerV	swift.method	["TransactionPicker","contrast(_:)"]	unmatched	none	0	0		[]
s:7SwiftUI4ViewPAAE8contrastyQrSdF::SYNTHESIZED::s:12FinanceKitUI22AddOrderToWalletButtonV	swift.method	["AddOrderToWalletButton","contrast(_:)"]	unmatched	none	0	0		[]
s:7SwiftUI4ViewPAAE8disabledyQrSbF::SYNTHESIZED::s:12FinanceKitUI17TransactionPickerV	swift.method	["TransactionPicker","disabled(_:)"]	unmatched	none	0	0		[]
s:7SwiftUI4ViewPAAE8disabledyQrSbF::SYNTHESIZED::s:12FinanceKitUI22AddOrderToWalletButtonV	swift.method	["AddOrderToWalletButton","disabled(_:)"]	unmatched	none	0	0		[]
s:7SwiftUI4ViewPAAE8modifieryAA15ModifiedContentVyxqd__Gqd__lF::SYNTHESIZED::s:12FinanceKitUI17TransactionPickerV	swift.method	["TransactionPicker","modifier(_:)"]	unmatched	none	0	0		[]
s:7SwiftUI4ViewPAAE8modifieryAA15ModifiedContentVyxqd__Gqd__lF::SYNTHESIZED::s:12FinanceKitUI22AddOrderToWalletButtonV	swift.method	["AddOrderToWalletButton","modifier(_:)"]	unmatched	none	0	0		[]
s:7SwiftUI4ViewPAAE8onAppear7performQryycSg_tF::SYNTHESIZED::s:12FinanceKitUI17TransactionPickerV	swift.method	["TransactionPicker","onAppear(perform:)"]	unmatched	none	0	0		[]
s:7SwiftUI4ViewPAAE8onAppear7performQryycSg_tF::SYNTHESIZED::s:12FinanceKitUI22AddOrderToWalletButtonV	swift.method	["AddOrderToWalletButton","onAppear(perform:)"]	unmatched	none	0	0		[]
s:7SwiftUI4ViewPAAE8onChange2of7initial_Qrqd___Sbyqd___qd__tctSQRd__lF::SYNTHESIZED::s:12FinanceKitUI17TransactionPickerV	swift.method	["TransactionPicker","onChange(of:initial:_:)"]	unmatched	none	0	0		[]
s:7SwiftUI4ViewPAAE8onChange2of7initial_Qrqd___Sbyqd___qd__tctSQRd__lF::SYNTHESIZED::s:12FinanceKitUI22AddOrderToWalletButtonV	swift.method	["AddOrderToWalletButton","onChange(of:initial:_:)"]	unmatched	none	0	0		[]
s:7SwiftUI4ViewPAAE8onChange2of7initial_Qrqd___SbyyctSQRd__lF::SYNTHESIZED::s:12FinanceKitUI17TransactionPickerV	swift.method	["TransactionPicker","onChange(of:initial:_:)"]	unmatched	none	0	0		[]
s:7SwiftUI4ViewPAAE8onChange2of7initial_Qrqd___SbyyctSQRd__lF::SYNTHESIZED::s:12FinanceKitUI22AddOrderToWalletButtonV	swift.method	["AddOrderToWalletButton","onChange(of:initial:_:)"]	unmatched	none	0	0		[]
s:7SwiftUI4ViewPAAE8onChange2of7performQrqd___yqd__ctSQRd__lF::SYNTHESIZED::s:12FinanceKitUI17TransactionPickerV	swift.method	["TransactionPicker","onChange(of:perform:)"]	unmatched	none	0	0		[]
s:7SwiftUI4ViewPAAE8onChange2of7performQrqd___yqd__ctSQRd__lF::SYNTHESIZED::s:12FinanceKitUI22AddOrderToWalletButtonV	swift.method	["AddOrderToWalletButton","onChange(of:perform:)"]	unmatched	none	0	0		[]
s:7SwiftUI4ViewPAAE8onSubmit2of_QrAA0E8TriggersV_yyctF::SYNTHESIZED::s:12FinanceKitUI17TransactionPickerV	swift.method	["TransactionPicker","onSubmit(of:_:)"]	unmatched	none	0	0		[]
s:7SwiftUI4ViewPAAE8onSubmit2of_QrAA0E8TriggersV_yyctF::SYNTHESIZED::s:12FinanceKitUI22AddOrderToWalletButtonV	swift.method	["AddOrderToWalletButton","onSubmit(of:_:)"]	unmatched	none	0	0		[]
s:7SwiftUI4ViewPAAE8position1x1yQr14CoreFoundation7CGFloatV_AItF::SYNTHESIZED::s:12FinanceKitUI17TransactionPickerV	swift.method	["TransactionPicker","position(x:y:)"]	unmatched	none	0	0		[]
s:7SwiftUI4ViewPAAE8position1x1yQr14CoreFoundation7CGFloatV_AItF::SYNTHESIZED::s:12FinanceKitUI22AddOrderToWalletButtonV	swift.method	["AddOrderToWalletButton","position(x:y:)"]	unmatched	none	0	0		[]
s:7SwiftUI4ViewPAAE8positionyQrSo7CGPointVF::SYNTHESIZED::s:12FinanceKitUI17TransactionPickerV	swift.method	["TransactionPicker","position(_:)"]	unmatched	none	0	0		[]
s:7SwiftUI4ViewPAAE8positionyQrSo7CGPointVF::SYNTHESIZED::s:12FinanceKitUI22AddOrderToWalletButtonV	swift.method	["AddOrderToWalletButton","position(_:)"]	unmatched	none	0	0		[]
s:7SwiftUI4ViewPAAE8redacted6reasonQrAA16RedactionReasonsV_tF::SYNTHESIZED::s:12FinanceKitUI17TransactionPickerV	swift.method	["TransactionPicker","redacted(reason:)"]	unmatched	none	0	0		[]
s:7SwiftUI4ViewPAAE8redacted6reasonQrAA16RedactionReasonsV_tF::SYNTHESIZED::s:12FinanceKitUI22AddOrderToWalletButtonV	swift.method	["AddOrderToWalletButton","redacted(reason:)"]	unmatched	none	0	0		[]
s:7SwiftUI4ViewPAAE8textCaseyQrAA4TextV0E0OSgF::SYNTHESIZED::s:12FinanceKitUI17TransactionPickerV	swift.method	["TransactionPicker","textCase(_:)"]	unmatched	none	0	0		[]
s:7SwiftUI4ViewPAAE8textCaseyQrAA4TextV0E0OSgF::SYNTHESIZED::s:12FinanceKitUI22AddOrderToWalletButtonV	swift.method	["AddOrderToWalletButton","textCase(_:)"]	unmatched	none	0	0		[]
s:7SwiftUI4ViewPAAE8trackingyQr14CoreFoundation7CGFloatVF::SYNTHESIZED::s:12FinanceKitUI17TransactionPickerV	swift.method	["TransactionPicker","tracking(_:)"]	unmatched	none	0	0		[]
s:7SwiftUI4ViewPAAE8trackingyQr14CoreFoundation7CGFloatVF::SYNTHESIZED::s:12FinanceKitUI22AddOrderToWalletButtonV	swift.method	["AddOrderToWalletButton","tracking(_:)"]	unmatched	none	0	0		[]
s:7SwiftUI4ViewPAAE9animation_4bodyQrAA9AnimationVSg_qd__AA018PlaceholderContentC0VyxGXEtAaBRd__lF::SYNTHESIZED::s:12FinanceKitUI17TransactionPickerV	swift.method	["TransactionPicker","animation(_:body:)"]	unmatched	none	0	0		[]
s:7SwiftUI4ViewPAAE9animation_4bodyQrAA9AnimationVSg_qd__AA018PlaceholderContentC0VyxGXEtAaBRd__lF::SYNTHESIZED::s:12FinanceKitUI22AddOrderToWalletButtonV	swift.method	["AddOrderToWalletButton","animation(_:body:)"]	unmatched	none	0	0		[]
s:7SwiftUI4ViewPAAE9animation_5valueQrAA9AnimationVSg_qd__tSQRd__lF::SYNTHESIZED::s:12FinanceKitUI17TransactionPickerV	swift.method	["TransactionPicker","animation(_:value:)"]	unmatched	none	0	0		[]
s:7SwiftUI4ViewPAAE9animation_5valueQrAA9AnimationVSg_qd__tSQRd__lF::SYNTHESIZED::s:12FinanceKitUI22AddOrderToWalletButtonV	swift.method	["AddOrderToWalletButton","animation(_:value:)"]	unmatched	none	0	0		[]
s:7SwiftUI4ViewPAAE9animationyQrAA9AnimationVSgF::SYNTHESIZED::s:12FinanceKitUI17TransactionPickerV	swift.method	["TransactionPicker","animation(_:)"]	unmatched	none	0	0		[]
s:7SwiftUI4ViewPAAE9animationyQrAA9AnimationVSgF::SYNTHESIZED::s:12FinanceKitUI22AddOrderToWalletButtonV	swift.method	["AddOrderToWalletButton","animation(_:)"]	unmatched	none	0	0		[]
s:7SwiftUI4ViewPAAE9blendModeyQrAA05BlendE0OF::SYNTHESIZED::s:12FinanceKitUI17TransactionPickerV	swift.method	["TransactionPicker","blendMode(_:)"]	unmatched	none	0	0		[]
s:7SwiftUI4ViewPAAE9blendModeyQrAA05BlendE0OF::SYNTHESIZED::s:12FinanceKitUI22AddOrderToWalletButtonV	swift.method	["AddOrderToWalletButton","blendMode(_:)"]	unmatched	none	0	0		[]
s:7SwiftUI4ViewPAAE9clipShape_5styleQrqd___AA9FillStyleVtAA0E0Rd__lF::SYNTHESIZED::s:12FinanceKitUI17TransactionPickerV	swift.method	["TransactionPicker","clipShape(_:style:)"]	unmatched	none	0	0		[]
s:7SwiftUI4ViewPAAE9clipShape_5styleQrqd___AA9FillStyleVtAA0E0Rd__lF::SYNTHESIZED::s:12FinanceKitUI22AddOrderToWalletButtonV	swift.method	["AddOrderToWalletButton","clipShape(_:style:)"]	unmatched	none	0	0		[]
s:7SwiftUI4ViewPAAE9draggable_7previewQrqd_0_yXA_qd__yXEtAaBRd__16CoreTransferable0G0Rd_0_r0_lF::SYNTHESIZED::s:12FinanceKitUI17TransactionPickerV	swift.method	["TransactionPicker","draggable(_:preview:)"]	unmatched	none	0	0		[]
s:7SwiftUI4ViewPAAE9draggable_7previewQrqd_0_yXA_qd__yXEtAaBRd__16CoreTransferable0G0Rd_0_r0_lF::SYNTHESIZED::s:12FinanceKitUI22AddOrderToWalletButtonV	swift.method	["AddOrderToWalletButton","draggable(_:preview:)"]	unmatched	none	0	0		[]
s:7SwiftUI4ViewPAAE9draggableyQrqd__yXA16CoreTransferable0F0Rd__lF::SYNTHESIZED::s:12FinanceKitUI17TransactionPickerV	swift.method	["TransactionPicker","draggable(_:)"]	unmatched	none	0	0		[]
s:7SwiftUI4ViewPAAE9draggableyQrqd__yXA16CoreTransferable0F0Rd__lF::SYNTHESIZED::s:12FinanceKitUI22AddOrderToWalletButtonV	swift.method	["AddOrderToWalletButton","draggable(_:)"]	unmatched	none	0	0		[]
s:7SwiftUI4ViewPAAE9fileMover11isPresented0D012onCompletion0H12CancellationQrAA7BindingVySbG_10Foundation3URLVSgys6ResultOyANs5Error_pGcyyctF::SYNTHESIZED::s:12FinanceKitUI17TransactionPickerV	swift.method	["TransactionPicker","fileMover(isPresented:file:onCompletion:onCancellation:)"]	unmatched	none	0	0		[]
s:7SwiftUI4ViewPAAE9fileMover11isPresented0D012onCompletion0H12CancellationQrAA7BindingVySbG_10Foundation3URLVSgys6ResultOyANs5Error_pGcyyctF::SYNTHESIZED::s:12FinanceKitUI22AddOrderToWalletButtonV	swift.method	["AddOrderToWalletButton","fileMover(isPresented:file:onCompletion:onCancellation:)"]	unmatched	none	0	0		[]
s:7SwiftUI4ViewPAAE9fileMover11isPresented0D012onCompletionQrAA7BindingVySbG_10Foundation3URLVSgys6ResultOyAMs5Error_pGctF::SYNTHESIZED::s:12FinanceKitUI17TransactionPickerV	swift.method	["TransactionPicker","fileMover(isPresented:file:onCompletion:)"]	unmatched	none	0	0		[]
s:7SwiftUI4ViewPAAE9fileMover11isPresented0D012onCompletionQrAA7BindingVySbG_10Foundation3URLVSgys6ResultOyAMs5Error_pGctF::SYNTHESIZED::s:12FinanceKitUI22AddOrderToWalletButtonV	swift.method	["AddOrderToWalletButton","fileMover(isPresented:file:onCompletion:)"]	unmatched	none	0	0		[]
s:7SwiftUI4ViewPAAE9fileMover11isPresented5files12onCompletion0I12CancellationQrAA7BindingVySbG_qd__ys6ResultOySay10Foundation3URLVGs5Error_pGcyyctSlRd__AP7ElementRtd__lF::SYNTHESIZED::s:12FinanceKitUI17TransactionPickerV	swift.method	["TransactionPicker","fileMover(isPresented:files:onCompletion:onCancellation:)"]	unmatched	none	0	0		[]
s:7SwiftUI4ViewPAAE9fileMover11isPresented5files12onCompletion0I12CancellationQrAA7BindingVySbG_qd__ys6ResultOySay10Foundation3URLVGs5Error_pGcyyctSlRd__AP7ElementRtd__lF::SYNTHESIZED::s:12FinanceKitUI22AddOrderToWalletButtonV	swift.method	["AddOrderToWalletButton","fileMover(isPresented:files:onCompletion:onCancellation:)"]	unmatched	none	0	0		[]
s:7SwiftUI4ViewPAAE9fileMover11isPresented5files12onCompletionQrAA7BindingVySbG_qd__ys6ResultOySay10Foundation3URLVGs5Error_pGctSlRd__AO7ElementRtd__lF::SYNTHESIZED::s:12FinanceKitUI17TransactionPickerV	swift.method	["TransactionPicker","fileMover(isPresented:files:onCompletion:)"]	unmatched	none	0	0		[]
s:7SwiftUI4ViewPAAE9fileMover11isPresented5files12onCompletionQrAA7BindingVySbG_qd__ys6ResultOySay10Foundation3URLVGs5Error_pGctSlRd__AO7ElementRtd__lF::SYNTHESIZED::s:12FinanceKitUI22AddOrderToWalletButtonV	swift.method	["AddOrderToWalletButton","fileMover(isPresented:files:onCompletion:)"]	unmatched	none	0	0		[]
s:7SwiftUI4ViewPAAE9fixedSize10horizontal8verticalQrSb_SbtF::SYNTHESIZED::s:12FinanceKitUI17TransactionPickerV	swift.method	["TransactionPicker","fixedSize(horizontal:vertical:)"]	unmatched	none	0	0		[]
s:7SwiftUI4ViewPAAE9fixedSize10horizontal8verticalQrSb_SbtF::SYNTHESIZED::s:12FinanceKitUI22AddOrderToWalletButtonV	swift.method	["AddOrderToWalletButton","fixedSize(horizontal:vertical:)"]	unmatched	none	0	0		[]
s:7SwiftUI4ViewPAAE9fixedSizeQryF::SYNTHESIZED::s:12FinanceKitUI17TransactionPickerV	swift.method	["TransactionPicker","fixedSize()"]	unmatched	none	0	0		[]
s:7SwiftUI4ViewPAAE9fixedSizeQryF::SYNTHESIZED::s:12FinanceKitUI22AddOrderToWalletButtonV	swift.method	["AddOrderToWalletButton","fixedSize()"]	unmatched	none	0	0		[]
s:7SwiftUI4ViewPAAE9focusable_12interactionsQrSb_AA17FocusInteractionsVtF::SYNTHESIZED::s:12FinanceKitUI17TransactionPickerV	swift.method	["TransactionPicker","focusable(_:interactions:)"]	unmatched	none	0	0		[]
s:7SwiftUI4ViewPAAE9focusable_12interactionsQrSb_AA17FocusInteractionsVtF::SYNTHESIZED::s:12FinanceKitUI22AddOrderToWalletButtonV	swift.method	["AddOrderToWalletButton","focusable(_:interactions:)"]	unmatched	none	0	0		[]
s:7SwiftUI4ViewPAAE9focusableyQrSbF::SYNTHESIZED::s:12FinanceKitUI17TransactionPickerV	swift.method	["TransactionPicker","focusable(_:)"]	unmatched	none	0	0		[]
s:7SwiftUI4ViewPAAE9focusableyQrSbF::SYNTHESIZED::s:12FinanceKitUI22AddOrderToWalletButtonV	swift.method	["AddOrderToWalletButton","focusable(_:)"]	unmatched	none	0	0		[]
s:7SwiftUI4ViewPAAE9fontWidthyQrAA4FontV0E0VSgF::SYNTHESIZED::s:12FinanceKitUI17TransactionPickerV	swift.method	["TransactionPicker","fontWidth(_:)"]	unmatched	none	0	0		[]
s:7SwiftUI4ViewPAAE9fontWidthyQrAA4FontV0E0VSgF::SYNTHESIZED::s:12FinanceKitUI22AddOrderToWalletButtonV	swift.method	["AddOrderToWalletButton","fontWidth(_:)"]	unmatched	none	0	0		[]
s:7SwiftUI4ViewPAAE9formStyleyQrqd__AA04FormE0Rd__lF::SYNTHESIZED::s:12FinanceKitUI17TransactionPickerV	swift.method	["TransactionPicker","formStyle(_:)"]	unmatched	none	0	0		[]
s:7SwiftUI4ViewPAAE9formStyleyQrqd__AA04FormE0Rd__lF::SYNTHESIZED::s:12FinanceKitUI22AddOrderToWalletButtonV	swift.method	["AddOrderToWalletButton","formStyle(_:)"]	unmatched	none	0	0		[]
s:7SwiftUI4ViewPAAE9grayscaleyQrSdF::SYNTHESIZED::s:12FinanceKitUI17TransactionPickerV	swift.method	["TransactionPicker","grayscale(_:)"]	unmatched	none	0	0		[]
s:7SwiftUI4ViewPAAE9grayscaleyQrSdF::SYNTHESIZED::s:12FinanceKitUI22AddOrderToWalletButtonV	swift.method	["AddOrderToWalletButton","grayscale(_:)"]	unmatched	none	0	0		[]
s:7SwiftUI4ViewPAAE9inspector11isPresented7contentQrAA7BindingVySbG_qd__yXEtAaBRd__lF::SYNTHESIZED::s:12FinanceKitUI17TransactionPickerV	swift.method	["TransactionPicker","inspector(isPresented:content:)"]	unmatched	none	0	0		[]
s:7SwiftUI4ViewPAAE9inspector11isPresented7contentQrAA7BindingVySbG_qd__yXEtAaBRd__lF::SYNTHESIZED::s:12FinanceKitUI22AddOrderToWalletButtonV	swift.method	["AddOrderToWalletButton","inspector(isPresented:content:)"]	unmatched	none	0	0		[]
s:7SwiftUI4ViewPAAE9lineLimit_13reservesSpaceQrSi_SbtF::SYNTHESIZED::s:12FinanceKitUI17TransactionPickerV	swift.method	["TransactionPicker","lineLimit(_:reservesSpace:)"]	unmatched	none	0	0		[]
s:7SwiftUI4ViewPAAE9lineLimit_13reservesSpaceQrSi_SbtF::SYNTHESIZED::s:12FinanceKitUI22AddOrderToWalletButtonV	swift.method	["AddOrderToWalletButton","lineLimit(_:reservesSpace:)"]	unmatched	none	0	0		[]
s:7SwiftUI4ViewPAAE9lineLimityQrSNySiGF::SYNTHESIZED::s:12FinanceKitUI17TransactionPickerV	swift.method	["TransactionPicker","lineLimit(_:)"]	unmatched	none	0	0		[]
s:7SwiftUI4ViewPAAE9lineLimityQrSNySiGF::SYNTHESIZED::s:12FinanceKitUI22AddOrderToWalletButtonV	swift.method	["AddOrderToWalletButton","lineLimit(_:)"]	unmatched	none	0	0		[]
s:7SwiftUI4ViewPAAE9lineLimityQrSiSgF::SYNTHESIZED::s:12FinanceKitUI17TransactionPickerV	swift.method	["TransactionPicker","lineLimit(_:)"]	unmatched	none	0	0		[]
s:7SwiftUI4ViewPAAE9lineLimityQrSiSgF::SYNTHESIZED::s:12FinanceKitUI22AddOrderToWalletButtonV	swift.method	["AddOrderToWalletButton","lineLimit(_:)"]	unmatched	none	0	0		[]
s:7SwiftUI4ViewPAAE9lineLimityQrs16PartialRangeFromVySiGF::SYNTHESIZED::s:12FinanceKitUI17TransactionPickerV	swift.method	["TransactionPicker","lineLimit(_:)"]	unmatched	none	0	0		[]
s:7SwiftUI4ViewPAAE9lineLimityQrs16PartialRangeFromVySiGF::SYNTHESIZED::s:12FinanceKitUI22AddOrderToWalletButtonV	swift.method	["AddOrderToWalletButton","lineLimit(_:)"]	unmatched	none	0	0		[]
s:7SwiftUI4ViewPAAE9lineLimityQrs19PartialRangeThroughVySiGF::SYNTHESIZED::s:12FinanceKitUI17TransactionPickerV	swift.method	["TransactionPicker","lineLimit(_:)"]	unmatched	none	0	0		[]
s:7SwiftUI4ViewPAAE9lineLimityQrs19PartialRangeThroughVySiGF::SYNTHESIZED::s:12FinanceKitUI22AddOrderToWalletButtonV	swift.method	["AddOrderToWalletButton","lineLimit(_:)"]	unmatched	none	0	0		[]
s:7SwiftUI4ViewPAAE9listStyleyQrqd__AA04ListE0Rd__lF::SYNTHESIZED::s:12FinanceKitUI17TransactionPickerV	swift.method	["TransactionPicker","listStyle(_:)"]	unmatched	none	0	0		[]
s:7SwiftUI4ViewPAAE9listStyleyQrqd__AA04ListE0Rd__lF::SYNTHESIZED::s:12FinanceKitUI22AddOrderToWalletButtonV	swift.method	["AddOrderToWalletButton","listStyle(_:)"]	unmatched	none	0	0		[]
s:7SwiftUI4ViewPAAE9menuOrderyQrAA04MenuE0VF::SYNTHESIZED::s:12FinanceKitUI17TransactionPickerV	swift.method	["TransactionPicker","menuOrder(_:)"]	unmatched	none	0	0		[]
s:7SwiftUI4ViewPAAE9menuOrderyQrAA04MenuE0VF::SYNTHESIZED::s:12FinanceKitUI22AddOrderToWalletButtonV	swift.method	["AddOrderToWalletButton","menuOrder(_:)"]	unmatched	none	0	0		[]
s:7SwiftUI4ViewPAAE9menuStyleyQrqd__AA04MenuE0Rd__lF::SYNTHESIZED::s:12FinanceKitUI17TransactionPickerV	swift.method	["TransactionPicker","menuStyle(_:)"]	unmatched	none	0	0		[]
s:7SwiftUI4ViewPAAE9menuStyleyQrqd__AA04MenuE0Rd__lF::SYNTHESIZED::s:12FinanceKitUI22AddOrderToWalletButtonV	swift.method	["AddOrderToWalletButton","menuStyle(_:)"]	unmatched	none	0	0		[]
s:7SwiftUI4ViewPAAE9onOpenURL12prefersInAppQrSb_tF::SYNTHESIZED::s:12FinanceKitUI17TransactionPickerV	swift.method	["TransactionPicker","onOpenURL(prefersInApp:)"]	unmatched	none	0	0		[]
s:7SwiftUI4ViewPAAE9onOpenURL12prefersInAppQrSb_tF::SYNTHESIZED::s:12FinanceKitUI22AddOrderToWalletButtonV	swift.method	["AddOrderToWalletButton","onOpenURL(prefersInApp:)"]	unmatched	none	0	0		[]
s:7SwiftUI4ViewPAAE9onOpenURL7performQry10Foundation0F0Vc_tF::SYNTHESIZED::s:12FinanceKitUI17TransactionPickerV	swift.method	["TransactionPicker","onOpenURL(perform:)"]	unmatched	none	0	0		[]
s:7SwiftUI4ViewPAAE9onOpenURL7performQry10Foundation0F0Vc_tF::SYNTHESIZED::s:12FinanceKitUI22AddOrderToWalletButtonV	swift.method	["AddOrderToWalletButton","onOpenURL(perform:)"]	unmatched	none	0	0		[]
s:7SwiftUI4ViewPAAE9onReceive_7performQrqd___y6OutputQyd__ct7Combine9PublisherRd__s5NeverO7FailureRtd__lF::SYNTHESIZED::s:12FinanceKitUI17TransactionPickerV	swift.method	["TransactionPicker","onReceive(_:perform:)"]	unmatched	none	0	0		[]
s:7SwiftUI4ViewPAAE9onReceive_7performQrqd___y6OutputQyd__ct7Combine9PublisherRd__s5NeverO7FailureRtd__lF::SYNTHESIZED::s:12FinanceKitUI22AddOrderToWalletButtonV	swift.method	["AddOrderToWalletButton","onReceive(_:perform:)"]	unmatched	none	0	0		[]
s:7SwiftUI4ViewPAAE9statusBar6hiddenQrSb_tF::SYNTHESIZED::s:12FinanceKitUI17TransactionPickerV	swift.method	["TransactionPicker","statusBar(hidden:)"]	unmatched	none	0	0		[]
s:7SwiftUI4ViewPAAE9statusBar6hiddenQrSb_tF::SYNTHESIZED::s:12FinanceKitUI22AddOrderToWalletButtonV	swift.method	["AddOrderToWalletButton","statusBar(hidden:)"]	unmatched	none	0	0		[]
s:7SwiftUI4ViewPAAE9textScale_9isEnabledQrAA4TextV0E0V_SbtF::SYNTHESIZED::s:12FinanceKitUI17TransactionPickerV	swift.method	["TransactionPicker","textScale(_:isEnabled:)"]	unmatched	none	0	0		[]
s:7SwiftUI4ViewPAAE9textScale_9isEnabledQrAA4TextV0E0V_SbtF::SYNTHESIZED::s:12FinanceKitUI22AddOrderToWalletButtonV	swift.method	["AddOrderToWalletButton","textScale(_:isEnabled:)"]	unmatched	none	0	0		[]
s:7SwiftUI4ViewPAAE9underline_7pattern5colorQrSb_AA4TextV9LineStyleV7PatternVAA5ColorVSgtF::SYNTHESIZED::s:12FinanceKitUI17TransactionPickerV	swift.method	["TransactionPicker","underline(_:pattern:color:)"]	unmatched	none	0	0		[]
s:7SwiftUI4ViewPAAE9underline_7pattern5colorQrSb_AA4TextV9LineStyleV7PatternVAA5ColorVSgtF::SYNTHESIZED::s:12FinanceKitUI22AddOrderToWalletButtonV	swift.method	["AddOrderToWalletButton","underline(_:pattern:color:)"]	unmatched	none	0	0		[]
