symbol	sourceSDKRelativePath
/System/Library/Frameworks/VideoSubscriberAccount.framework/VideoSubscriberAccount (for architecture arm64):	System/Library/Frameworks/VideoSubscriberAccount.framework/VideoSubscriberAccount.tbd
_$s22VideoSubscriberAccount06VSUserC0V08objcUserC0SoABCvg	System/Library/Frameworks/VideoSubscriberAccount.framework/VideoSubscriberAccount.tbd
_$s22VideoSubscriberAccount06VSUserC0V08objcUserC0SoABCvpMV	System/Library/Frameworks/VideoSubscriberAccount.framework/VideoSubscriberAccount.tbd
_$s22VideoSubscriberAccount06VSUserC0V0C4TypeO04objcE0So0dcE0Vvg	System/Library/Frameworks/VideoSubscriberAccount.framework/VideoSubscriberAccount.tbd
_$s22VideoSubscriberAccount06VSUserC0V0C4TypeO04objcE0So0dcE0VvpMV	System/Library/Frameworks/VideoSubscriberAccount.framework/VideoSubscriberAccount.tbd
_$s22VideoSubscriberAccount06VSUserC0V0C4TypeO08fromObjcE0yAESo0dcE0VFZ	System/Library/Frameworks/VideoSubscriberAccount.framework/VideoSubscriberAccount.tbd
_$s22VideoSubscriberAccount06VSUserC0V0C4TypeO4freeyA2EmFWC	System/Library/Frameworks/VideoSubscriberAccount.framework/VideoSubscriberAccount.tbd
_$s22VideoSubscriberAccount06VSUserC0V0C4TypeO4paidyA2EmFWC	System/Library/Frameworks/VideoSubscriberAccount.framework/VideoSubscriberAccount.tbd
_$s22VideoSubscriberAccount06VSUserC0V0C4TypeO8rawValueAESgSi_tcfC	System/Library/Frameworks/VideoSubscriberAccount.framework/VideoSubscriberAccount.tbd
_$s22VideoSubscriberAccount06VSUserC0V0C4TypeO8rawValueSivg	System/Library/Frameworks/VideoSubscriberAccount.framework/VideoSubscriberAccount.tbd
_$s22VideoSubscriberAccount06VSUserC0V0C4TypeO8rawValueSivpMV	System/Library/Frameworks/VideoSubscriberAccount.framework/VideoSubscriberAccount.tbd
_$s22VideoSubscriberAccount06VSUserC0V0C4TypeOMa	System/Library/Frameworks/VideoSubscriberAccount.framework/VideoSubscriberAccount.tbd
_$s22VideoSubscriberAccount06VSUserC0V0C4TypeOMn	System/Library/Frameworks/VideoSubscriberAccount.framework/VideoSubscriberAccount.tbd
_$s22VideoSubscriberAccount06VSUserC0V0C4TypeON	System/Library/Frameworks/VideoSubscriberAccount.framework/VideoSubscriberAccount.tbd
_$s22VideoSubscriberAccount06VSUserC0V0C4TypeOSHAAMc	System/Library/Frameworks/VideoSubscriberAccount.framework/VideoSubscriberAccount.tbd
_$s22VideoSubscriberAccount06VSUserC0V0C4TypeOSQAAMc	System/Library/Frameworks/VideoSubscriberAccount.framework/VideoSubscriberAccount.tbd
_$s22VideoSubscriberAccount06VSUserC0V0C4TypeOSYAAMc	System/Library/Frameworks/VideoSubscriberAccount.framework/VideoSubscriberAccount.tbd
_$s22VideoSubscriberAccount06VSUserC0V10SourceTypeO3appyA2EmFWC	System/Library/Frameworks/VideoSubscriberAccount.framework/VideoSubscriberAccount.tbd
_$s22VideoSubscriberAccount06VSUserC0V10SourceTypeO3webyA2EmFWC	System/Library/Frameworks/VideoSubscriberAccount.framework/VideoSubscriberAccount.tbd
_$s22VideoSubscriberAccount06VSUserC0V10SourceTypeO8provideryA2EmFWC	System/Library/Frameworks/VideoSubscriberAccount.framework/VideoSubscriberAccount.tbd
_$s22VideoSubscriberAccount06VSUserC0V10SourceTypeO8rawValueAESgSi_tcfC	System/Library/Frameworks/VideoSubscriberAccount.framework/VideoSubscriberAccount.tbd
_$s22VideoSubscriberAccount06VSUserC0V10SourceTypeO8rawValueSivg	System/Library/Frameworks/VideoSubscriberAccount.framework/VideoSubscriberAccount.tbd
_$s22VideoSubscriberAccount06VSUserC0V10SourceTypeO8rawValueSivpMV	System/Library/Frameworks/VideoSubscriberAccount.framework/VideoSubscriberAccount.tbd
_$s22VideoSubscriberAccount06VSUserC0V10SourceTypeOMa	System/Library/Frameworks/VideoSubscriberAccount.framework/VideoSubscriberAccount.tbd
_$s22VideoSubscriberAccount06VSUserC0V10SourceTypeOMn	System/Library/Frameworks/VideoSubscriberAccount.framework/VideoSubscriberAccount.tbd
_$s22VideoSubscriberAccount06VSUserC0V10SourceTypeON	System/Library/Frameworks/VideoSubscriberAccount.framework/VideoSubscriberAccount.tbd
_$s22VideoSubscriberAccount06VSUserC0V10SourceTypeOSHAAMc	System/Library/Frameworks/VideoSubscriberAccount.framework/VideoSubscriberAccount.tbd
_$s22VideoSubscriberAccount06VSUserC0V10SourceTypeOSQAAMc	System/Library/Frameworks/VideoSubscriberAccount.framework/VideoSubscriberAccount.tbd
_$s22VideoSubscriberAccount06VSUserC0V10SourceTypeOSYAAMc	System/Library/Frameworks/VideoSubscriberAccount.framework/VideoSubscriberAccount.tbd
_$s22VideoSubscriberAccount06VSUserC0V10identifierSSSgvM	System/Library/Frameworks/VideoSubscriberAccount.framework/VideoSubscriberAccount.tbd
_$s22VideoSubscriberAccount06VSUserC0V10identifierSSSgvg	System/Library/Frameworks/VideoSubscriberAccount.framework/VideoSubscriberAccount.tbd
_$s22VideoSubscriberAccount06VSUserC0V10identifierSSSgvpMV	System/Library/Frameworks/VideoSubscriberAccount.framework/VideoSubscriberAccount.tbd
_$s22VideoSubscriberAccount06VSUserC0V10identifierSSSgvs	System/Library/Frameworks/VideoSubscriberAccount.framework/VideoSubscriberAccount.tbd
_$s22VideoSubscriberAccount06VSUserC0V10sourceTypeAC06SourceF0OvM	System/Library/Frameworks/VideoSubscriberAccount.framework/VideoSubscriberAccount.tbd
_$s22VideoSubscriberAccount06VSUserC0V10sourceTypeAC06SourceF0Ovg	System/Library/Frameworks/VideoSubscriberAccount.framework/VideoSubscriberAccount.tbd
_$s22VideoSubscriberAccount06VSUserC0V10sourceTypeAC06SourceF0OvpMV	System/Library/Frameworks/VideoSubscriberAccount.framework/VideoSubscriberAccount.tbd
_$s22VideoSubscriberAccount06VSUserC0V10sourceTypeAC06SourceF0Ovs	System/Library/Frameworks/VideoSubscriberAccount.framework/VideoSubscriberAccount.tbd
_$s22VideoSubscriberAccount06VSUserC0V11accountType9updateURL06sourceF00I10IdentifierA2C0cF0O_10Foundation0H0VSgAC06SourceF0OSStcfC	System/Library/Frameworks/VideoSubscriberAccount.framework/VideoSubscriberAccount.tbd
_$s22VideoSubscriberAccount06VSUserC0V11accountType9updateURL19requiresSystemTrust9signedOutA2C0cF0O_10Foundation0H0VSgS2btcfC	System/Library/Frameworks/VideoSubscriberAccount.framework/VideoSubscriberAccount.tbd
_$s22VideoSubscriberAccount06VSUserC0V11accountType9updateURLA2C0cF0O_10Foundation0H0VSgtcfC	System/Library/Frameworks/VideoSubscriberAccount.framework/VideoSubscriberAccount.tbd
_$s22VideoSubscriberAccount06VSUserC0V11accountTypeAC0cF0OvM	System/Library/Frameworks/VideoSubscriberAccount.framework/VideoSubscriberAccount.tbd
_$s22VideoSubscriberAccount06VSUserC0V11accountTypeAC0cF0Ovg	System/Library/Frameworks/VideoSubscriberAccount.framework/VideoSubscriberAccount.tbd
_$s22VideoSubscriberAccount06VSUserC0V11accountTypeAC0cF0OvpMV	System/Library/Frameworks/VideoSubscriberAccount.framework/VideoSubscriberAccount.tbd
_$s22VideoSubscriberAccount06VSUserC0V11accountTypeAC0cF0Ovs	System/Library/Frameworks/VideoSubscriberAccount.framework/VideoSubscriberAccount.tbd
_$s22VideoSubscriberAccount06VSUserC0V11isSignedOutSbvM	System/Library/Frameworks/VideoSubscriberAccount.framework/VideoSubscriberAccount.tbd
_$s22VideoSubscriberAccount06VSUserC0V11isSignedOutSbvg	System/Library/Frameworks/VideoSubscriberAccount.framework/VideoSubscriberAccount.tbd
_$s22VideoSubscriberAccount06VSUserC0V11isSignedOutSbvpMV	System/Library/Frameworks/VideoSubscriberAccount.framework/VideoSubscriberAccount.tbd
_$s22VideoSubscriberAccount06VSUserC0V11isSignedOutSbvs	System/Library/Frameworks/VideoSubscriberAccount.framework/VideoSubscriberAccount.tbd
_$s22VideoSubscriberAccount06VSUserC0V14deviceCategoryAC017OriginatingDeviceF0Ovg	System/Library/Frameworks/VideoSubscriberAccount.framework/VideoSubscriberAccount.tbd
_$s22VideoSubscriberAccount06VSUserC0V14deviceCategoryAC017OriginatingDeviceF0OvpMV	System/Library/Frameworks/VideoSubscriberAccount.framework/VideoSubscriberAccount.tbd
_$s22VideoSubscriberAccount06VSUserC0V15tierIdentifiersSaySSGSgvM	System/Library/Frameworks/VideoSubscriberAccount.framework/VideoSubscriberAccount.tbd
_$s22VideoSubscriberAccount06VSUserC0V15tierIdentifiersSaySSGSgvg	System/Library/Frameworks/VideoSubscriberAccount.framework/VideoSubscriberAccount.tbd
_$s22VideoSubscriberAccount06VSUserC0V15tierIdentifiersSaySSGSgvpMV	System/Library/Frameworks/VideoSubscriberAccount.framework/VideoSubscriberAccount.tbd
_$s22VideoSubscriberAccount06VSUserC0V15tierIdentifiersSaySSGSgvs	System/Library/Frameworks/VideoSubscriberAccount.framework/VideoSubscriberAccount.tbd
_$s22VideoSubscriberAccount06VSUserC0V16deviceIdentifierSSSgvM	System/Library/Frameworks/VideoSubscriberAccount.framework/VideoSubscriberAccount.tbd
_$s22VideoSubscriberAccount06VSUserC0V16deviceIdentifierSSSgvg	System/Library/Frameworks/VideoSubscriberAccount.framework/VideoSubscriberAccount.tbd
_$s22VideoSubscriberAccount06VSUserC0V16deviceIdentifierSSSgvpMV	System/Library/Frameworks/VideoSubscriberAccount.framework/VideoSubscriberAccount.tbd
_$s22VideoSubscriberAccount06VSUserC0V16deviceIdentifierSSSgvs	System/Library/Frameworks/VideoSubscriberAccount.framework/VideoSubscriberAccount.tbd
_$s22VideoSubscriberAccount06VSUserC0V16keychainItemHashSivM	System/Library/Frameworks/VideoSubscriberAccount.framework/VideoSubscriberAccount.tbd
_$s22VideoSubscriberAccount06VSUserC0V16keychainItemHashSivg	System/Library/Frameworks/VideoSubscriberAccount.framework/VideoSubscriberAccount.tbd
_$s22VideoSubscriberAccount06VSUserC0V16keychainItemHashSivpMV	System/Library/Frameworks/VideoSubscriberAccount.framework/VideoSubscriberAccount.tbd
_$s22VideoSubscriberAccount06VSUserC0V16keychainItemHashSivs	System/Library/Frameworks/VideoSubscriberAccount.framework/VideoSubscriberAccount.tbd
_$s22VideoSubscriberAccount06VSUserC0V16sourceIdentifierSSvM	System/Library/Frameworks/VideoSubscriberAccount.framework/VideoSubscriberAccount.tbd
_$s22VideoSubscriberAccount06VSUserC0V16sourceIdentifierSSvg	System/Library/Frameworks/VideoSubscriberAccount.framework/VideoSubscriberAccount.tbd
_$s22VideoSubscriberAccount06VSUserC0V16sourceIdentifierSSvpMV	System/Library/Frameworks/VideoSubscriberAccount.framework/VideoSubscriberAccount.tbd
_$s22VideoSubscriberAccount06VSUserC0V16sourceIdentifierSSvs	System/Library/Frameworks/VideoSubscriberAccount.framework/VideoSubscriberAccount.tbd
_$s22VideoSubscriberAccount06VSUserC0V17appleSubscriptionAA07VSAppleF0VSgvM	System/Library/Frameworks/VideoSubscriberAccount.framework/VideoSubscriberAccount.tbd
_$s22VideoSubscriberAccount06VSUserC0V17appleSubscriptionAA07VSAppleF0VSgvg	System/Library/Frameworks/VideoSubscriberAccount.framework/VideoSubscriberAccount.tbd
_$s22VideoSubscriberAccount06VSUserC0V17appleSubscriptionAA07VSAppleF0VSgvpMV	System/Library/Frameworks/VideoSubscriberAccount.framework/VideoSubscriberAccount.tbd
_$s22VideoSubscriberAccount06VSUserC0V17appleSubscriptionAA07VSAppleF0VSgvs	System/Library/Frameworks/VideoSubscriberAccount.framework/VideoSubscriberAccount.tbd
_$s22VideoSubscriberAccount06VSUserC0V17billingIdentifierSSSgvM	System/Library/Frameworks/VideoSubscriberAccount.framework/VideoSubscriberAccount.tbd
_$s22VideoSubscriberAccount06VSUserC0V17billingIdentifierSSSgvg	System/Library/Frameworks/VideoSubscriberAccount.framework/VideoSubscriberAccount.tbd
_$s22VideoSubscriberAccount06VSUserC0V17billingIdentifierSSSgvpMV	System/Library/Frameworks/VideoSubscriberAccount.framework/VideoSubscriberAccount.tbd
_$s22VideoSubscriberAccount06VSUserC0V17billingIdentifierSSSgvs	System/Library/Frameworks/VideoSubscriberAccount.framework/VideoSubscriberAccount.tbd
_$s22VideoSubscriberAccount06VSUserC0V18authenticationDataSSSgvM	System/Library/Frameworks/VideoSubscriberAccount.framework/VideoSubscriberAccount.tbd
_$s22VideoSubscriberAccount06VSUserC0V18authenticationDataSSSgvg	System/Library/Frameworks/VideoSubscriberAccount.framework/VideoSubscriberAccount.tbd
_$s22VideoSubscriberAccount06VSUserC0V18authenticationDataSSSgvpMV	System/Library/Frameworks/VideoSubscriberAccount.framework/VideoSubscriberAccount.tbd
_$s22VideoSubscriberAccount06VSUserC0V18authenticationDataSSSgvs	System/Library/Frameworks/VideoSubscriberAccount.framework/VideoSubscriberAccount.tbd
_$s22VideoSubscriberAccount06VSUserC0V18isDeveloperCreatedSbvM	System/Library/Frameworks/VideoSubscriberAccount.framework/VideoSubscriberAccount.tbd
_$s22VideoSubscriberAccount06VSUserC0V18isDeveloperCreatedSbvg	System/Library/Frameworks/VideoSubscriberAccount.framework/VideoSubscriberAccount.tbd
_$s22VideoSubscriberAccount06VSUserC0V18isDeveloperCreatedSbvpMV	System/Library/Frameworks/VideoSubscriberAccount.framework/VideoSubscriberAccount.tbd
_$s22VideoSubscriberAccount06VSUserC0V18isDeveloperCreatedSbvs	System/Library/Frameworks/VideoSubscriberAccount.framework/VideoSubscriberAccount.tbd
_$s22VideoSubscriberAccount06VSUserC0V18modifierIdentifierSSSgvM	System/Library/Frameworks/VideoSubscriberAccount.framework/VideoSubscriberAccount.tbd
_$s22VideoSubscriberAccount06VSUserC0V18modifierIdentifierSSSgvg	System/Library/Frameworks/VideoSubscriberAccount.framework/VideoSubscriberAccount.tbd
_$s22VideoSubscriberAccount06VSUserC0V18modifierIdentifierSSSgvpMV	System/Library/Frameworks/VideoSubscriberAccount.framework/VideoSubscriberAccount.tbd
_$s22VideoSubscriberAccount06VSUserC0V18modifierIdentifierSSSgvs	System/Library/Frameworks/VideoSubscriberAccount.framework/VideoSubscriberAccount.tbd
_$s22VideoSubscriberAccount06VSUserC0V19isFromCurrentDeviceSbvM	System/Library/Frameworks/VideoSubscriberAccount.framework/VideoSubscriberAccount.tbd
_$s22VideoSubscriberAccount06VSUserC0V19isFromCurrentDeviceSbvg	System/Library/Frameworks/VideoSubscriberAccount.framework/VideoSubscriberAccount.tbd
_$s22VideoSubscriberAccount06VSUserC0V19isFromCurrentDeviceSbvpMV	System/Library/Frameworks/VideoSubscriberAccount.framework/VideoSubscriberAccount.tbd
_$s22VideoSubscriberAccount06VSUserC0V19isFromCurrentDeviceSbvs	System/Library/Frameworks/VideoSubscriberAccount.framework/VideoSubscriberAccount.tbd
_$s22VideoSubscriberAccount06VSUserC0V19requiresSystemTrustSbvM	System/Library/Frameworks/VideoSubscriberAccount.framework/VideoSubscriberAccount.tbd
_$s22VideoSubscriberAccount06VSUserC0V19requiresSystemTrustSbvg	System/Library/Frameworks/VideoSubscriberAccount.framework/VideoSubscriberAccount.tbd
_$s22VideoSubscriberAccount06VSUserC0V19requiresSystemTrustSbvpMV	System/Library/Frameworks/VideoSubscriberAccount.framework/VideoSubscriberAccount.tbd
_$s22VideoSubscriberAccount06VSUserC0V19requiresSystemTrustSbvs	System/Library/Frameworks/VideoSubscriberAccount.framework/VideoSubscriberAccount.tbd
_$s22VideoSubscriberAccount06VSUserC0V25OriginatingDeviceCategoryO07currentfG0AEyFZ	System/Library/Frameworks/VideoSubscriberAccount.framework/VideoSubscriberAccount.tbd
_$s22VideoSubscriberAccount06VSUserC0V25OriginatingDeviceCategoryO12fromObjcTypeyAESo013VSOriginatingfG0VFZ	System/Library/Frameworks/VideoSubscriberAccount.framework/VideoSubscriberAccount.tbd
_$s22VideoSubscriberAccount06VSUserC0V25OriginatingDeviceCategoryO5otheryA2EmFWC	System/Library/Frameworks/VideoSubscriberAccount.framework/VideoSubscriberAccount.tbd
_$s22VideoSubscriberAccount06VSUserC0V25OriginatingDeviceCategoryO6mobileyA2EmFWC	System/Library/Frameworks/VideoSubscriberAccount.framework/VideoSubscriberAccount.tbd
_$s22VideoSubscriberAccount06VSUserC0V25OriginatingDeviceCategoryO8objcTypeSo013VSOriginatingfG0Vvg	System/Library/Frameworks/VideoSubscriberAccount.framework/VideoSubscriberAccount.tbd
_$s22VideoSubscriberAccount06VSUserC0V25OriginatingDeviceCategoryO8objcTypeSo013VSOriginatingfG0VvpMV	System/Library/Frameworks/VideoSubscriberAccount.framework/VideoSubscriberAccount.tbd
_$s22VideoSubscriberAccount06VSUserC0V25OriginatingDeviceCategoryO8rawValueAESgSi_tcfC	System/Library/Frameworks/VideoSubscriberAccount.framework/VideoSubscriberAccount.tbd
_$s22VideoSubscriberAccount06VSUserC0V25OriginatingDeviceCategoryO8rawValueSivg	System/Library/Frameworks/VideoSubscriberAccount.framework/VideoSubscriberAccount.tbd
_$s22VideoSubscriberAccount06VSUserC0V25OriginatingDeviceCategoryO8rawValueSivpMV	System/Library/Frameworks/VideoSubscriberAccount.framework/VideoSubscriberAccount.tbd
_$s22VideoSubscriberAccount06VSUserC0V25OriginatingDeviceCategoryOMa	System/Library/Frameworks/VideoSubscriberAccount.framework/VideoSubscriberAccount.tbd
_$s22VideoSubscriberAccount06VSUserC0V25OriginatingDeviceCategoryOMn	System/Library/Frameworks/VideoSubscriberAccount.framework/VideoSubscriberAccount.tbd
_$s22VideoSubscriberAccount06VSUserC0V25OriginatingDeviceCategoryON	System/Library/Frameworks/VideoSubscriberAccount.framework/VideoSubscriberAccount.tbd
_$s22VideoSubscriberAccount06VSUserC0V25OriginatingDeviceCategoryOSHAAMc	System/Library/Frameworks/VideoSubscriberAccount.framework/VideoSubscriberAccount.tbd
_$s22VideoSubscriberAccount06VSUserC0V25OriginatingDeviceCategoryOSQAAMc	System/Library/Frameworks/VideoSubscriberAccount.framework/VideoSubscriberAccount.tbd
_$s22VideoSubscriberAccount06VSUserC0V25OriginatingDeviceCategoryOSYAAMc	System/Library/Frameworks/VideoSubscriberAccount.framework/VideoSubscriberAccount.tbd
_$s22VideoSubscriberAccount06VSUserC0V25accountProviderIdentifierSSSgvM	System/Library/Frameworks/VideoSubscriberAccount.framework/VideoSubscriberAccount.tbd
_$s22VideoSubscriberAccount06VSUserC0V25accountProviderIdentifierSSSgvg	System/Library/Frameworks/VideoSubscriberAccount.framework/VideoSubscriberAccount.tbd
_$s22VideoSubscriberAccount06VSUserC0V25accountProviderIdentifierSSSgvpMV	System/Library/Frameworks/VideoSubscriberAccount.framework/VideoSubscriberAccount.tbd
_$s22VideoSubscriberAccount06VSUserC0V25accountProviderIdentifierSSSgvs	System/Library/Frameworks/VideoSubscriberAccount.framework/VideoSubscriberAccount.tbd
_$s22VideoSubscriberAccount06VSUserC0V2eeoiySbAC_ACtFZ	System/Library/Frameworks/VideoSubscriberAccount.framework/VideoSubscriberAccount.tbd
_$s22VideoSubscriberAccount06VSUserC0V31subscriptionBillingCycleEndDate10Foundation0I0VSgvM	System/Library/Frameworks/VideoSubscriberAccount.framework/VideoSubscriberAccount.tbd
_$s22VideoSubscriberAccount06VSUserC0V31subscriptionBillingCycleEndDate10Foundation0I0VSgvg	System/Library/Frameworks/VideoSubscriberAccount.framework/VideoSubscriberAccount.tbd
_$s22VideoSubscriberAccount06VSUserC0V31subscriptionBillingCycleEndDate10Foundation0I0VSgvpMV	System/Library/Frameworks/VideoSubscriberAccount.framework/VideoSubscriberAccount.tbd
_$s22VideoSubscriberAccount06VSUserC0V31subscriptionBillingCycleEndDate10Foundation0I0VSgvs	System/Library/Frameworks/VideoSubscriberAccount.framework/VideoSubscriberAccount.tbd
_$s22VideoSubscriberAccount06VSUserC0V4hash4intoys6HasherVz_tF	System/Library/Frameworks/VideoSubscriberAccount.framework/VideoSubscriberAccount.tbd
_$s22VideoSubscriberAccount06VSUserC0V7created10Foundation4DateVvM	System/Library/Frameworks/VideoSubscriberAccount.framework/VideoSubscriberAccount.tbd
_$s22VideoSubscriberAccount06VSUserC0V7created10Foundation4DateVvg	System/Library/Frameworks/VideoSubscriberAccount.framework/VideoSubscriberAccount.tbd
_$s22VideoSubscriberAccount06VSUserC0V7created10Foundation4DateVvpMV	System/Library/Frameworks/VideoSubscriberAccount.framework/VideoSubscriberAccount.tbd
_$s22VideoSubscriberAccount06VSUserC0V7created10Foundation4DateVvs	System/Library/Frameworks/VideoSubscriberAccount.framework/VideoSubscriberAccount.tbd
_$s22VideoSubscriberAccount06VSUserC0V8modified10Foundation4DateVvM	System/Library/Frameworks/VideoSubscriberAccount.framework/VideoSubscriberAccount.tbd
_$s22VideoSubscriberAccount06VSUserC0V8modified10Foundation4DateVvg	System/Library/Frameworks/VideoSubscriberAccount.framework/VideoSubscriberAccount.tbd
_$s22VideoSubscriberAccount06VSUserC0V8modified10Foundation4DateVvpMV	System/Library/Frameworks/VideoSubscriberAccount.framework/VideoSubscriberAccount.tbd
_$s22VideoSubscriberAccount06VSUserC0V8modified10Foundation4DateVvs	System/Library/Frameworks/VideoSubscriberAccount.framework/VideoSubscriberAccount.tbd
_$s22VideoSubscriberAccount06VSUserC0V9hashValueSivg	System/Library/Frameworks/VideoSubscriberAccount.framework/VideoSubscriberAccount.tbd
_$s22VideoSubscriberAccount06VSUserC0V9hashValueSivpMV	System/Library/Frameworks/VideoSubscriberAccount.framework/VideoSubscriberAccount.tbd
_$s22VideoSubscriberAccount06VSUserC0V9updateURL10Foundation0F0VSgvM	System/Library/Frameworks/VideoSubscriberAccount.framework/VideoSubscriberAccount.tbd
_$s22VideoSubscriberAccount06VSUserC0V9updateURL10Foundation0F0VSgvg	System/Library/Frameworks/VideoSubscriberAccount.framework/VideoSubscriberAccount.tbd
_$s22VideoSubscriberAccount06VSUserC0V9updateURL10Foundation0F0VSgvpMV	System/Library/Frameworks/VideoSubscriberAccount.framework/VideoSubscriberAccount.tbd
_$s22VideoSubscriberAccount06VSUserC0V9updateURL10Foundation0F0VSgvs	System/Library/Frameworks/VideoSubscriberAccount.framework/VideoSubscriberAccount.tbd
_$s22VideoSubscriberAccount06VSUserC0VMa	System/Library/Frameworks/VideoSubscriberAccount.framework/VideoSubscriberAccount.tbd
_$s22VideoSubscriberAccount06VSUserC0VMn	System/Library/Frameworks/VideoSubscriberAccount.framework/VideoSubscriberAccount.tbd
_$s22VideoSubscriberAccount06VSUserC0VN	System/Library/Frameworks/VideoSubscriberAccount.framework/VideoSubscriberAccount.tbd
_$s22VideoSubscriberAccount06VSUserC0VSHAAMc	System/Library/Frameworks/VideoSubscriberAccount.framework/VideoSubscriberAccount.tbd
_$s22VideoSubscriberAccount06VSUserC0VSQAAMc	System/Library/Frameworks/VideoSubscriberAccount.framework/VideoSubscriberAccount.tbd
_$s22VideoSubscriberAccount06VSUserC0VyACSoABCcfC	System/Library/Frameworks/VideoSubscriberAccount.framework/VideoSubscriberAccount.tbd
_$s22VideoSubscriberAccount10VSPageTypeO11viewServiceyA2CmFWC	System/Library/Frameworks/VideoSubscriberAccount.framework/VideoSubscriberAccount.tbd
_$s22VideoSubscriberAccount10VSPageTypeO5buddyyA2CmFWC	System/Library/Frameworks/VideoSubscriberAccount.framework/VideoSubscriberAccount.tbd
_$s22VideoSubscriberAccount10VSPageTypeO8allCasesSayACGvgZ	System/Library/Frameworks/VideoSubscriberAccount.framework/VideoSubscriberAccount.tbd
_$s22VideoSubscriberAccount10VSPageTypeO8allCasesSayACGvpZMV	System/Library/Frameworks/VideoSubscriberAccount.framework/VideoSubscriberAccount.tbd
_$s22VideoSubscriberAccount10VSPageTypeO8rawValueACSgSS_tcfC	System/Library/Frameworks/VideoSubscriberAccount.framework/VideoSubscriberAccount.tbd
_$s22VideoSubscriberAccount10VSPageTypeO8rawValueSSvg	System/Library/Frameworks/VideoSubscriberAccount.framework/VideoSubscriberAccount.tbd
_$s22VideoSubscriberAccount10VSPageTypeO8rawValueSSvpMV	System/Library/Frameworks/VideoSubscriberAccount.framework/VideoSubscriberAccount.tbd
_$s22VideoSubscriberAccount10VSPageTypeO8settingsyA2CmFWC	System/Library/Frameworks/VideoSubscriberAccount.framework/VideoSubscriberAccount.tbd
_$s22VideoSubscriberAccount10VSPageTypeOMa	System/Library/Frameworks/VideoSubscriberAccount.framework/VideoSubscriberAccount.tbd
_$s22VideoSubscriberAccount10VSPageTypeOMn	System/Library/Frameworks/VideoSubscriberAccount.framework/VideoSubscriberAccount.tbd
_$s22VideoSubscriberAccount10VSPageTypeON	System/Library/Frameworks/VideoSubscriberAccount.framework/VideoSubscriberAccount.tbd
_$s22VideoSubscriberAccount10VSPageTypeOSHAAMc	System/Library/Frameworks/VideoSubscriberAccount.framework/VideoSubscriberAccount.tbd
_$s22VideoSubscriberAccount10VSPageTypeOSQAAMc	System/Library/Frameworks/VideoSubscriberAccount.framework/VideoSubscriberAccount.tbd
_$s22VideoSubscriberAccount10VSPageTypeOSYAAMc	System/Library/Frameworks/VideoSubscriberAccount.framework/VideoSubscriberAccount.tbd
_$s22VideoSubscriberAccount10VSPageTypeOs12CaseIterableAAMc	System/Library/Frameworks/VideoSubscriberAccount.framework/VideoSubscriberAccount.tbd
_$s22VideoSubscriberAccount12VSClickEventV4with4page4typeAcA0D6TargetO_AA6VSPageOAA0J4TypeOtYacfC	System/Library/Frameworks/VideoSubscriberAccount.framework/VideoSubscriberAccount.tbd
_$s22VideoSubscriberAccount12VSClickEventV4with4page4typeAcA0D6TargetO_AA6VSPageOAA0J4TypeOtYacfCTu	System/Library/Frameworks/VideoSubscriberAccount.framework/VideoSubscriberAccount.tbd
_$s22VideoSubscriberAccount12VSClickEventV5topicSSvM	System/Library/Frameworks/VideoSubscriberAccount.framework/VideoSubscriberAccount.tbd
_$s22VideoSubscriberAccount12VSClickEventV5topicSSvg	System/Library/Frameworks/VideoSubscriberAccount.framework/VideoSubscriberAccount.tbd
_$s22VideoSubscriberAccount12VSClickEventV5topicSSvpMV	System/Library/Frameworks/VideoSubscriberAccount.framework/VideoSubscriberAccount.tbd
_$s22VideoSubscriberAccount12VSClickEventV5topicSSvs	System/Library/Frameworks/VideoSubscriberAccount.framework/VideoSubscriberAccount.tbd
_$s22VideoSubscriberAccount12VSClickEventV9eventDataSDys11AnyHashableVypGvM	System/Library/Frameworks/VideoSubscriberAccount.framework/VideoSubscriberAccount.tbd
_$s22VideoSubscriberAccount12VSClickEventV9eventDataSDys11AnyHashableVypGvg	System/Library/Frameworks/VideoSubscriberAccount.framework/VideoSubscriberAccount.tbd
_$s22VideoSubscriberAccount12VSClickEventV9eventDataSDys11AnyHashableVypGvpMV	System/Library/Frameworks/VideoSubscriberAccount.framework/VideoSubscriberAccount.tbd
_$s22VideoSubscriberAccount12VSClickEventV9eventDataSDys11AnyHashableVypGvs	System/Library/Frameworks/VideoSubscriberAccount.framework/VideoSubscriberAccount.tbd
_$s22VideoSubscriberAccount12VSClickEventV9eventTypeSSvg	System/Library/Frameworks/VideoSubscriberAccount.framework/VideoSubscriberAccount.tbd
_$s22VideoSubscriberAccount12VSClickEventV9eventTypeSSvpMV	System/Library/Frameworks/VideoSubscriberAccount.framework/VideoSubscriberAccount.tbd
_$s22VideoSubscriberAccount12VSClickEventVAA09VSMetricsE8ProtocolAAMc	System/Library/Frameworks/VideoSubscriberAccount.framework/VideoSubscriberAccount.tbd
_$s22VideoSubscriberAccount12VSClickEventVAA09VSMetricsE8ProtocolAAWP	System/Library/Frameworks/VideoSubscriberAccount.framework/VideoSubscriberAccount.tbd
_$s22VideoSubscriberAccount12VSClickEventVMa	System/Library/Frameworks/VideoSubscriberAccount.framework/VideoSubscriberAccount.tbd
_$s22VideoSubscriberAccount12VSClickEventVMn	System/Library/Frameworks/VideoSubscriberAccount.framework/VideoSubscriberAccount.tbd
_$s22VideoSubscriberAccount12VSClickEventVN	System/Library/Frameworks/VideoSubscriberAccount.framework/VideoSubscriberAccount.tbd
_$s22VideoSubscriberAccount13VSClickTargetO10installAppyA2CmFWC	System/Library/Frameworks/VideoSubscriberAccount.framework/VideoSubscriberAccount.tbd
_$s22VideoSubscriberAccount13VSClickTargetO12findMoreAppsyA2CmFWC	System/Library/Frameworks/VideoSubscriberAccount.framework/VideoSubscriberAccount.tbd
_$s22VideoSubscriberAccount13VSClickTargetO13clickContinueyA2CmFWC	System/Library/Frameworks/VideoSubscriberAccount.framework/VideoSubscriberAccount.tbd
_$s22VideoSubscriberAccount13VSClickTargetO16identityProvideryA2CmFWC	System/Library/Frameworks/VideoSubscriberAccount.framework/VideoSubscriberAccount.tbd
_$s22VideoSubscriberAccount13VSClickTargetO6notNowyA2CmFWC	System/Library/Frameworks/VideoSubscriberAccount.framework/VideoSubscriberAccount.tbd
_$s22VideoSubscriberAccount13VSClickTargetO6signInyA2CmFWC	System/Library/Frameworks/VideoSubscriberAccount.framework/VideoSubscriberAccount.tbd
_$s22VideoSubscriberAccount13VSClickTargetO7openAppyA2CmFWC	System/Library/Frameworks/VideoSubscriberAccount.framework/VideoSubscriberAccount.tbd
_$s22VideoSubscriberAccount13VSClickTargetO7signOutyA2CmFWC	System/Library/Frameworks/VideoSubscriberAccount.framework/VideoSubscriberAccount.tbd
_$s22VideoSubscriberAccount13VSClickTargetO8allCasesSayACGvgZ	System/Library/Frameworks/VideoSubscriberAccount.framework/VideoSubscriberAccount.tbd
_$s22VideoSubscriberAccount13VSClickTargetO8allCasesSayACGvpZMV	System/Library/Frameworks/VideoSubscriberAccount.framework/VideoSubscriberAccount.tbd
_$s22VideoSubscriberAccount13VSClickTargetO8rawValueACSgSS_tcfC	System/Library/Frameworks/VideoSubscriberAccount.framework/VideoSubscriberAccount.tbd
_$s22VideoSubscriberAccount13VSClickTargetO8rawValueSSvg	System/Library/Frameworks/VideoSubscriberAccount.framework/VideoSubscriberAccount.tbd
_$s22VideoSubscriberAccount13VSClickTargetO8rawValueSSvpMV	System/Library/Frameworks/VideoSubscriberAccount.framework/VideoSubscriberAccount.tbd
_$s22VideoSubscriberAccount13VSClickTargetO9stbOptOutyA2CmFWC	System/Library/Frameworks/VideoSubscriberAccount.framework/VideoSubscriberAccount.tbd
_$s22VideoSubscriberAccount13VSClickTargetO9updateAppyA2CmFWC	System/Library/Frameworks/VideoSubscriberAccount.framework/VideoSubscriberAccount.tbd
_$s22VideoSubscriberAccount13VSClickTargetOMa	System/Library/Frameworks/VideoSubscriberAccount.framework/VideoSubscriberAccount.tbd
_$s22VideoSubscriberAccount13VSClickTargetOMn	System/Library/Frameworks/VideoSubscriberAccount.framework/VideoSubscriberAccount.tbd
_$s22VideoSubscriberAccount13VSClickTargetON	System/Library/Frameworks/VideoSubscriberAccount.framework/VideoSubscriberAccount.tbd
_$s22VideoSubscriberAccount13VSClickTargetOSHAAMc	System/Library/Frameworks/VideoSubscriberAccount.framework/VideoSubscriberAccount.tbd
_$s22VideoSubscriberAccount13VSClickTargetOSQAAMc	System/Library/Frameworks/VideoSubscriberAccount.framework/VideoSubscriberAccount.tbd
_$s22VideoSubscriberAccount13VSClickTargetOSYAAMc	System/Library/Frameworks/VideoSubscriberAccount.framework/VideoSubscriberAccount.tbd
_$s22VideoSubscriberAccount13VSClickTargetOs12CaseIterableAAMc	System/Library/Frameworks/VideoSubscriberAccount.framework/VideoSubscriberAccount.tbd
_$s22VideoSubscriberAccount13VSSignInEventV5topicSSvM	System/Library/Frameworks/VideoSubscriberAccount.framework/VideoSubscriberAccount.tbd
_$s22VideoSubscriberAccount13VSSignInEventV5topicSSvg	System/Library/Frameworks/VideoSubscriberAccount.framework/VideoSubscriberAccount.tbd
_$s22VideoSubscriberAccount13VSSignInEventV5topicSSvpMV	System/Library/Frameworks/VideoSubscriberAccount.framework/VideoSubscriberAccount.tbd
_$s22VideoSubscriberAccount13VSSignInEventV5topicSSvs	System/Library/Frameworks/VideoSubscriberAccount.framework/VideoSubscriberAccount.tbd
_$s22VideoSubscriberAccount13VSSignInEventV9eventDataSDys11AnyHashableVypGvM	System/Library/Frameworks/VideoSubscriberAccount.framework/VideoSubscriberAccount.tbd
_$s22VideoSubscriberAccount13VSSignInEventV9eventDataSDys11AnyHashableVypGvg	System/Library/Frameworks/VideoSubscriberAccount.framework/VideoSubscriberAccount.tbd
_$s22VideoSubscriberAccount13VSSignInEventV9eventDataSDys11AnyHashableVypGvpMV	System/Library/Frameworks/VideoSubscriberAccount.framework/VideoSubscriberAccount.tbd
_$s22VideoSubscriberAccount13VSSignInEventV9eventDataSDys11AnyHashableVypGvs	System/Library/Frameworks/VideoSubscriberAccount.framework/VideoSubscriberAccount.tbd
_$s22VideoSubscriberAccount13VSSignInEventV9eventTypeSSvg	System/Library/Frameworks/VideoSubscriberAccount.framework/VideoSubscriberAccount.tbd
_$s22VideoSubscriberAccount13VSSignInEventV9eventTypeSSvpMV	System/Library/Frameworks/VideoSubscriberAccount.framework/VideoSubscriberAccount.tbd
_$s22VideoSubscriberAccount13VSSignInEventVAA09VSMetricsF8ProtocolAAMc	System/Library/Frameworks/VideoSubscriberAccount.framework/VideoSubscriberAccount.tbd
_$s22VideoSubscriberAccount13VSSignInEventVAA09VSMetricsF8ProtocolAAWP	System/Library/Frameworks/VideoSubscriberAccount.framework/VideoSubscriberAccount.tbd
_$s22VideoSubscriberAccount13VSSignInEventVMa	System/Library/Frameworks/VideoSubscriberAccount.framework/VideoSubscriberAccount.tbd
_$s22VideoSubscriberAccount13VSSignInEventVMn	System/Library/Frameworks/VideoSubscriberAccount.framework/VideoSubscriberAccount.tbd
_$s22VideoSubscriberAccount13VSSignInEventVN	System/Library/Frameworks/VideoSubscriberAccount.framework/VideoSubscriberAccount.tbd
_$s22VideoSubscriberAccount13VSSignInEventVyACSDys11AnyHashableVypGYacfC	System/Library/Frameworks/VideoSubscriberAccount.framework/VideoSubscriberAccount.tbd
_$s22VideoSubscriberAccount13VSSignInEventVyACSDys11AnyHashableVypGYacfCTu	System/Library/Frameworks/VideoSubscriberAccount.framework/VideoSubscriberAccount.tbd
_$s22VideoSubscriberAccount14VSSignOutEventV5topicSSvM	System/Library/Frameworks/VideoSubscriberAccount.framework/VideoSubscriberAccount.tbd
_$s22VideoSubscriberAccount14VSSignOutEventV5topicSSvg	System/Library/Frameworks/VideoSubscriberAccount.framework/VideoSubscriberAccount.tbd
_$s22VideoSubscriberAccount14VSSignOutEventV5topicSSvpMV	System/Library/Frameworks/VideoSubscriberAccount.framework/VideoSubscriberAccount.tbd
_$s22VideoSubscriberAccount14VSSignOutEventV5topicSSvs	System/Library/Frameworks/VideoSubscriberAccount.framework/VideoSubscriberAccount.tbd
_$s22VideoSubscriberAccount14VSSignOutEventV9eventDataSDys11AnyHashableVypGvM	System/Library/Frameworks/VideoSubscriberAccount.framework/VideoSubscriberAccount.tbd
_$s22VideoSubscriberAccount14VSSignOutEventV9eventDataSDys11AnyHashableVypGvg	System/Library/Frameworks/VideoSubscriberAccount.framework/VideoSubscriberAccount.tbd
_$s22VideoSubscriberAccount14VSSignOutEventV9eventDataSDys11AnyHashableVypGvpMV	System/Library/Frameworks/VideoSubscriberAccount.framework/VideoSubscriberAccount.tbd
_$s22VideoSubscriberAccount14VSSignOutEventV9eventDataSDys11AnyHashableVypGvs	System/Library/Frameworks/VideoSubscriberAccount.framework/VideoSubscriberAccount.tbd
_$s22VideoSubscriberAccount14VSSignOutEventV9eventTypeSSvg	System/Library/Frameworks/VideoSubscriberAccount.framework/VideoSubscriberAccount.tbd
_$s22VideoSubscriberAccount14VSSignOutEventV9eventTypeSSvpMV	System/Library/Frameworks/VideoSubscriberAccount.framework/VideoSubscriberAccount.tbd
_$s22VideoSubscriberAccount14VSSignOutEventVAA09VSMetricsF8ProtocolAAMc	System/Library/Frameworks/VideoSubscriberAccount.framework/VideoSubscriberAccount.tbd
_$s22VideoSubscriberAccount14VSSignOutEventVAA09VSMetricsF8ProtocolAAWP	System/Library/Frameworks/VideoSubscriberAccount.framework/VideoSubscriberAccount.tbd
_$s22VideoSubscriberAccount14VSSignOutEventVMa	System/Library/Frameworks/VideoSubscriberAccount.framework/VideoSubscriberAccount.tbd
_$s22VideoSubscriberAccount14VSSignOutEventVMn	System/Library/Frameworks/VideoSubscriberAccount.framework/VideoSubscriberAccount.tbd
_$s22VideoSubscriberAccount14VSSignOutEventVN	System/Library/Frameworks/VideoSubscriberAccount.framework/VideoSubscriberAccount.tbd
_$s22VideoSubscriberAccount14VSSignOutEventVyACSDys11AnyHashableVypGYacfC	System/Library/Frameworks/VideoSubscriberAccount.framework/VideoSubscriberAccount.tbd
_$s22VideoSubscriberAccount14VSSignOutEventVyACSDys11AnyHashableVypGYacfCTu	System/Library/Frameworks/VideoSubscriberAccount.framework/VideoSubscriberAccount.tbd
_$s22VideoSubscriberAccount15VSPageExitEventV4with3andAcA0D0O_AA0D4TypeOtYacfC	System/Library/Frameworks/VideoSubscriberAccount.framework/VideoSubscriberAccount.tbd
_$s22VideoSubscriberAccount15VSPageExitEventV4with3andAcA0D0O_AA0D4TypeOtYacfCTu	System/Library/Frameworks/VideoSubscriberAccount.framework/VideoSubscriberAccount.tbd
_$s22VideoSubscriberAccount15VSPageExitEventV5topicSSvM	System/Library/Frameworks/VideoSubscriberAccount.framework/VideoSubscriberAccount.tbd
_$s22VideoSubscriberAccount15VSPageExitEventV5topicSSvg	System/Library/Frameworks/VideoSubscriberAccount.framework/VideoSubscriberAccount.tbd
_$s22VideoSubscriberAccount15VSPageExitEventV5topicSSvpMV	System/Library/Frameworks/VideoSubscriberAccount.framework/VideoSubscriberAccount.tbd
_$s22VideoSubscriberAccount15VSPageExitEventV5topicSSvs	System/Library/Frameworks/VideoSubscriberAccount.framework/VideoSubscriberAccount.tbd
_$s22VideoSubscriberAccount15VSPageExitEventV9eventDataSDys11AnyHashableVypGvM	System/Library/Frameworks/VideoSubscriberAccount.framework/VideoSubscriberAccount.tbd
_$s22VideoSubscriberAccount15VSPageExitEventV9eventDataSDys11AnyHashableVypGvg	System/Library/Frameworks/VideoSubscriberAccount.framework/VideoSubscriberAccount.tbd
_$s22VideoSubscriberAccount15VSPageExitEventV9eventDataSDys11AnyHashableVypGvpMV	System/Library/Frameworks/VideoSubscriberAccount.framework/VideoSubscriberAccount.tbd
_$s22VideoSubscriberAccount15VSPageExitEventV9eventDataSDys11AnyHashableVypGvs	System/Library/Frameworks/VideoSubscriberAccount.framework/VideoSubscriberAccount.tbd
_$s22VideoSubscriberAccount15VSPageExitEventV9eventTypeSSvg	System/Library/Frameworks/VideoSubscriberAccount.framework/VideoSubscriberAccount.tbd
_$s22VideoSubscriberAccount15VSPageExitEventV9eventTypeSSvpMV	System/Library/Frameworks/VideoSubscriberAccount.framework/VideoSubscriberAccount.tbd
_$s22VideoSubscriberAccount15VSPageExitEventVAA09VSMetricsF8ProtocolAAMc	System/Library/Frameworks/VideoSubscriberAccount.framework/VideoSubscriberAccount.tbd
_$s22VideoSubscriberAccount15VSPageExitEventVAA09VSMetricsF8ProtocolAAWP	System/Library/Frameworks/VideoSubscriberAccount.framework/VideoSubscriberAccount.tbd
_$s22VideoSubscriberAccount15VSPageExitEventVMa	System/Library/Frameworks/VideoSubscriberAccount.framework/VideoSubscriberAccount.tbd
_$s22VideoSubscriberAccount15VSPageExitEventVMn	System/Library/Frameworks/VideoSubscriberAccount.framework/VideoSubscriberAccount.tbd
_$s22VideoSubscriberAccount15VSPageExitEventVN	System/Library/Frameworks/VideoSubscriberAccount.framework/VideoSubscriberAccount.tbd
_$s22VideoSubscriberAccount16VSNPIBrokenEventV5topicSSvM	System/Library/Frameworks/VideoSubscriberAccount.framework/VideoSubscriberAccount.tbd
_$s22VideoSubscriberAccount16VSNPIBrokenEventV5topicSSvg	System/Library/Frameworks/VideoSubscriberAccount.framework/VideoSubscriberAccount.tbd
_$s22VideoSubscriberAccount16VSNPIBrokenEventV5topicSSvpMV	System/Library/Frameworks/VideoSubscriberAccount.framework/VideoSubscriberAccount.tbd
_$s22VideoSubscriberAccount16VSNPIBrokenEventV5topicSSvs	System/Library/Frameworks/VideoSubscriberAccount.framework/VideoSubscriberAccount.tbd
_$s22VideoSubscriberAccount16VSNPIBrokenEventV9eventDataSDys11AnyHashableVypGvM	System/Library/Frameworks/VideoSubscriberAccount.framework/VideoSubscriberAccount.tbd
_$s22VideoSubscriberAccount16VSNPIBrokenEventV9eventDataSDys11AnyHashableVypGvg	System/Library/Frameworks/VideoSubscriberAccount.framework/VideoSubscriberAccount.tbd
_$s22VideoSubscriberAccount16VSNPIBrokenEventV9eventDataSDys11AnyHashableVypGvpMV	System/Library/Frameworks/VideoSubscriberAccount.framework/VideoSubscriberAccount.tbd
_$s22VideoSubscriberAccount16VSNPIBrokenEventV9eventDataSDys11AnyHashableVypGvs	System/Library/Frameworks/VideoSubscriberAccount.framework/VideoSubscriberAccount.tbd
_$s22VideoSubscriberAccount16VSNPIBrokenEventV9eventTypeSSvg	System/Library/Frameworks/VideoSubscriberAccount.framework/VideoSubscriberAccount.tbd
_$s22VideoSubscriberAccount16VSNPIBrokenEventV9eventTypeSSvpMV	System/Library/Frameworks/VideoSubscriberAccount.framework/VideoSubscriberAccount.tbd
_$s22VideoSubscriberAccount16VSNPIBrokenEventVAA09VSMetricsE8ProtocolAAMc	System/Library/Frameworks/VideoSubscriberAccount.framework/VideoSubscriberAccount.tbd
_$s22VideoSubscriberAccount16VSNPIBrokenEventVAA09VSMetricsE8ProtocolAAWP	System/Library/Frameworks/VideoSubscriberAccount.framework/VideoSubscriberAccount.tbd
_$s22VideoSubscriberAccount16VSNPIBrokenEventVMa	System/Library/Frameworks/VideoSubscriberAccount.framework/VideoSubscriberAccount.tbd
_$s22VideoSubscriberAccount16VSNPIBrokenEventVMn	System/Library/Frameworks/VideoSubscriberAccount.framework/VideoSubscriberAccount.tbd
_$s22VideoSubscriberAccount16VSNPIBrokenEventVN	System/Library/Frameworks/VideoSubscriberAccount.framework/VideoSubscriberAccount.tbd
_$s22VideoSubscriberAccount16VSNPIBrokenEventVyACSDys11AnyHashableVypGYacfC	System/Library/Frameworks/VideoSubscriberAccount.framework/VideoSubscriberAccount.tbd
_$s22VideoSubscriberAccount16VSNPIBrokenEventVyACSDys11AnyHashableVypGYacfCTu	System/Library/Frameworks/VideoSubscriberAccount.framework/VideoSubscriberAccount.tbd
_$s22VideoSubscriberAccount16VSNPIBrokenEventVyACSSYacfC	System/Library/Frameworks/VideoSubscriberAccount.framework/VideoSubscriberAccount.tbd
_$s22VideoSubscriberAccount16VSNPIBrokenEventVyACSSYacfCTu	System/Library/Frameworks/VideoSubscriberAccount.framework/VideoSubscriberAccount.tbd
_$s22VideoSubscriberAccount16VSPageEnterEventV4with3andAcA0D0O_AA0D4TypeOtYacfC	System/Library/Frameworks/VideoSubscriberAccount.framework/VideoSubscriberAccount.tbd
_$s22VideoSubscriberAccount16VSPageEnterEventV4with3andAcA0D0O_AA0D4TypeOtYacfCTu	System/Library/Frameworks/VideoSubscriberAccount.framework/VideoSubscriberAccount.tbd
_$s22VideoSubscriberAccount16VSPageEnterEventV5topicSSvM	System/Library/Frameworks/VideoSubscriberAccount.framework/VideoSubscriberAccount.tbd
_$s22VideoSubscriberAccount16VSPageEnterEventV5topicSSvg	System/Library/Frameworks/VideoSubscriberAccount.framework/VideoSubscriberAccount.tbd
_$s22VideoSubscriberAccount16VSPageEnterEventV5topicSSvpMV	System/Library/Frameworks/VideoSubscriberAccount.framework/VideoSubscriberAccount.tbd
_$s22VideoSubscriberAccount16VSPageEnterEventV5topicSSvs	System/Library/Frameworks/VideoSubscriberAccount.framework/VideoSubscriberAccount.tbd
_$s22VideoSubscriberAccount16VSPageEnterEventV9eventDataSDys11AnyHashableVypGvM	System/Library/Frameworks/VideoSubscriberAccount.framework/VideoSubscriberAccount.tbd
_$s22VideoSubscriberAccount16VSPageEnterEventV9eventDataSDys11AnyHashableVypGvg	System/Library/Frameworks/VideoSubscriberAccount.framework/VideoSubscriberAccount.tbd
_$s22VideoSubscriberAccount16VSPageEnterEventV9eventDataSDys11AnyHashableVypGvpMV	System/Library/Frameworks/VideoSubscriberAccount.framework/VideoSubscriberAccount.tbd
_$s22VideoSubscriberAccount16VSPageEnterEventV9eventDataSDys11AnyHashableVypGvs	System/Library/Frameworks/VideoSubscriberAccount.framework/VideoSubscriberAccount.tbd
_$s22VideoSubscriberAccount16VSPageEnterEventV9eventTypeSSvg	System/Library/Frameworks/VideoSubscriberAccount.framework/VideoSubscriberAccount.tbd
_$s22VideoSubscriberAccount16VSPageEnterEventV9eventTypeSSvpMV	System/Library/Frameworks/VideoSubscriberAccount.framework/VideoSubscriberAccount.tbd
_$s22VideoSubscriberAccount16VSPageEnterEventVAA09VSMetricsF8ProtocolAAMc	System/Library/Frameworks/VideoSubscriberAccount.framework/VideoSubscriberAccount.tbd
_$s22VideoSubscriberAccount16VSPageEnterEventVAA09VSMetricsF8ProtocolAAWP	System/Library/Frameworks/VideoSubscriberAccount.framework/VideoSubscriberAccount.tbd
_$s22VideoSubscriberAccount16VSPageEnterEventVMa	System/Library/Frameworks/VideoSubscriberAccount.framework/VideoSubscriberAccount.tbd
_$s22VideoSubscriberAccount16VSPageEnterEventVMn	System/Library/Frameworks/VideoSubscriberAccount.framework/VideoSubscriberAccount.tbd
_$s22VideoSubscriberAccount16VSPageEnterEventVN	System/Library/Frameworks/VideoSubscriberAccount.framework/VideoSubscriberAccount.tbd
_$s22VideoSubscriberAccount16VSSTBOptOutEventV5topicSSvM	System/Library/Frameworks/VideoSubscriberAccount.framework/VideoSubscriberAccount.tbd
_$s22VideoSubscriberAccount16VSSTBOptOutEventV5topicSSvg	System/Library/Frameworks/VideoSubscriberAccount.framework/VideoSubscriberAccount.tbd
_$s22VideoSubscriberAccount16VSSTBOptOutEventV5topicSSvpMV	System/Library/Frameworks/VideoSubscriberAccount.framework/VideoSubscriberAccount.tbd
_$s22VideoSubscriberAccount16VSSTBOptOutEventV5topicSSvs	System/Library/Frameworks/VideoSubscriberAccount.framework/VideoSubscriberAccount.tbd
_$s22VideoSubscriberAccount16VSSTBOptOutEventV9eventDataSDys11AnyHashableVypGvM	System/Library/Frameworks/VideoSubscriberAccount.framework/VideoSubscriberAccount.tbd
_$s22VideoSubscriberAccount16VSSTBOptOutEventV9eventDataSDys11AnyHashableVypGvg	System/Library/Frameworks/VideoSubscriberAccount.framework/VideoSubscriberAccount.tbd
_$s22VideoSubscriberAccount16VSSTBOptOutEventV9eventDataSDys11AnyHashableVypGvpMV	System/Library/Frameworks/VideoSubscriberAccount.framework/VideoSubscriberAccount.tbd
_$s22VideoSubscriberAccount16VSSTBOptOutEventV9eventDataSDys11AnyHashableVypGvs	System/Library/Frameworks/VideoSubscriberAccount.framework/VideoSubscriberAccount.tbd
_$s22VideoSubscriberAccount16VSSTBOptOutEventV9eventTypeSSvg	System/Library/Frameworks/VideoSubscriberAccount.framework/VideoSubscriberAccount.tbd
_$s22VideoSubscriberAccount16VSSTBOptOutEventV9eventTypeSSvpMV	System/Library/Frameworks/VideoSubscriberAccount.framework/VideoSubscriberAccount.tbd
_$s22VideoSubscriberAccount16VSSTBOptOutEventVAA09VSMetricsF8ProtocolAAMc	System/Library/Frameworks/VideoSubscriberAccount.framework/VideoSubscriberAccount.tbd
_$s22VideoSubscriberAccount16VSSTBOptOutEventVAA09VSMetricsF8ProtocolAAWP	System/Library/Frameworks/VideoSubscriberAccount.framework/VideoSubscriberAccount.tbd
_$s22VideoSubscriberAccount16VSSTBOptOutEventVMa	System/Library/Frameworks/VideoSubscriberAccount.framework/VideoSubscriberAccount.tbd
_$s22VideoSubscriberAccount16VSSTBOptOutEventVMn	System/Library/Frameworks/VideoSubscriberAccount.framework/VideoSubscriberAccount.tbd
_$s22VideoSubscriberAccount16VSSTBOptOutEventVN	System/Library/Frameworks/VideoSubscriberAccount.framework/VideoSubscriberAccount.tbd
_$s22VideoSubscriberAccount16VSSTBOptOutEventVyACSDys11AnyHashableVypGYacfC	System/Library/Frameworks/VideoSubscriberAccount.framework/VideoSubscriberAccount.tbd
_$s22VideoSubscriberAccount16VSSTBOptOutEventVyACSDys11AnyHashableVypGYacfCTu	System/Library/Frameworks/VideoSubscriberAccount.framework/VideoSubscriberAccount.tbd
_$s22VideoSubscriberAccount16VSTVProviderKeysO10signInTypeyA2CmFWC	System/Library/Frameworks/VideoSubscriberAccount.framework/VideoSubscriberAccount.tbd
_$s22VideoSubscriberAccount16VSTVProviderKeysO13bundleVersionyA2CmFWC	System/Library/Frameworks/VideoSubscriberAccount.framework/VideoSubscriberAccount.tbd
_$s22VideoSubscriberAccount16VSTVProviderKeysO16signedInProvideryA2CmFWC	System/Library/Frameworks/VideoSubscriberAccount.framework/VideoSubscriberAccount.tbd
_$s22VideoSubscriberAccount16VSTVProviderKeysO8allCasesSayACGvgZ	System/Library/Frameworks/VideoSubscriberAccount.framework/VideoSubscriberAccount.tbd
_$s22VideoSubscriberAccount16VSTVProviderKeysO8allCasesSayACGvpZMV	System/Library/Frameworks/VideoSubscriberAccount.framework/VideoSubscriberAccount.tbd
_$s22VideoSubscriberAccount16VSTVProviderKeysO8rawValueACSgSS_tcfC	System/Library/Frameworks/VideoSubscriberAccount.framework/VideoSubscriberAccount.tbd
_$s22VideoSubscriberAccount16VSTVProviderKeysO8rawValueSSvg	System/Library/Frameworks/VideoSubscriberAccount.framework/VideoSubscriberAccount.tbd
_$s22VideoSubscriberAccount16VSTVProviderKeysO8rawValueSSvpMV	System/Library/Frameworks/VideoSubscriberAccount.framework/VideoSubscriberAccount.tbd
_$s22VideoSubscriberAccount16VSTVProviderKeysO9requestoryA2CmFWC	System/Library/Frameworks/VideoSubscriberAccount.framework/VideoSubscriberAccount.tbd
_$s22VideoSubscriberAccount16VSTVProviderKeysOMa	System/Library/Frameworks/VideoSubscriberAccount.framework/VideoSubscriberAccount.tbd
_$s22VideoSubscriberAccount16VSTVProviderKeysOMn	System/Library/Frameworks/VideoSubscriberAccount.framework/VideoSubscriberAccount.tbd
_$s22VideoSubscriberAccount16VSTVProviderKeysON	System/Library/Frameworks/VideoSubscriberAccount.framework/VideoSubscriberAccount.tbd
_$s22VideoSubscriberAccount16VSTVProviderKeysOSHAAMc	System/Library/Frameworks/VideoSubscriberAccount.framework/VideoSubscriberAccount.tbd
_$s22VideoSubscriberAccount16VSTVProviderKeysOSQAAMc	System/Library/Frameworks/VideoSubscriberAccount.framework/VideoSubscriberAccount.tbd
_$s22VideoSubscriberAccount16VSTVProviderKeysOSYAAMc	System/Library/Frameworks/VideoSubscriberAccount.framework/VideoSubscriberAccount.tbd
_$s22VideoSubscriberAccount16VSTVProviderKeysOs12CaseIterableAAMc	System/Library/Frameworks/VideoSubscriberAccount.framework/VideoSubscriberAccount.tbd
_$s22VideoSubscriberAccount17VSClickstreamKeysO6pageIdyA2CmFWC	System/Library/Frameworks/VideoSubscriberAccount.framework/VideoSubscriberAccount.tbd
_$s22VideoSubscriberAccount17VSClickstreamKeysO8allCasesSayACGvgZ	System/Library/Frameworks/VideoSubscriberAccount.framework/VideoSubscriberAccount.tbd
_$s22VideoSubscriberAccount17VSClickstreamKeysO8allCasesSayACGvpZMV	System/Library/Frameworks/VideoSubscriberAccount.framework/VideoSubscriberAccount.tbd
_$s22VideoSubscriberAccount17VSClickstreamKeysO8pageTypeyA2CmFWC	System/Library/Frameworks/VideoSubscriberAccount.framework/VideoSubscriberAccount.tbd
_$s22VideoSubscriberAccount17VSClickstreamKeysO8rawValueACSgSS_tcfC	System/Library/Frameworks/VideoSubscriberAccount.framework/VideoSubscriberAccount.tbd
_$s22VideoSubscriberAccount17VSClickstreamKeysO8rawValueSSvg	System/Library/Frameworks/VideoSubscriberAccount.framework/VideoSubscriberAccount.tbd
_$s22VideoSubscriberAccount17VSClickstreamKeysO8rawValueSSvpMV	System/Library/Frameworks/VideoSubscriberAccount.framework/VideoSubscriberAccount.tbd
_$s22VideoSubscriberAccount17VSClickstreamKeysO8targetIdyA2CmFWC	System/Library/Frameworks/VideoSubscriberAccount.framework/VideoSubscriberAccount.tbd
_$s22VideoSubscriberAccount17VSClickstreamKeysOMa	System/Library/Frameworks/VideoSubscriberAccount.framework/VideoSubscriberAccount.tbd
_$s22VideoSubscriberAccount17VSClickstreamKeysOMn	System/Library/Frameworks/VideoSubscriberAccount.framework/VideoSubscriberAccount.tbd
_$s22VideoSubscriberAccount17VSClickstreamKeysON	System/Library/Frameworks/VideoSubscriberAccount.framework/VideoSubscriberAccount.tbd
_$s22VideoSubscriberAccount17VSClickstreamKeysOSHAAMc	System/Library/Frameworks/VideoSubscriberAccount.framework/VideoSubscriberAccount.tbd
_$s22VideoSubscriberAccount17VSClickstreamKeysOSQAAMc	System/Library/Frameworks/VideoSubscriberAccount.framework/VideoSubscriberAccount.tbd
_$s22VideoSubscriberAccount17VSClickstreamKeysOSYAAMc	System/Library/Frameworks/VideoSubscriberAccount.framework/VideoSubscriberAccount.tbd
_$s22VideoSubscriberAccount17VSClickstreamKeysOs12CaseIterableAAMc	System/Library/Frameworks/VideoSubscriberAccount.framework/VideoSubscriberAccount.tbd
_$s22VideoSubscriberAccount19VSAccountUpdateKeysO10providerIDyA2CmFWC	System/Library/Frameworks/VideoSubscriberAccount.framework/VideoSubscriberAccount.tbd
_$s22VideoSubscriberAccount19VSAccountUpdateKeysO10sourceTypeyA2CmFWC	System/Library/Frameworks/VideoSubscriberAccount.framework/VideoSubscriberAccount.tbd
_$s22VideoSubscriberAccount19VSAccountUpdateKeysO11accountTypeyA2CmFWC	System/Library/Frameworks/VideoSubscriberAccount.framework/VideoSubscriberAccount.tbd
_$s22VideoSubscriberAccount19VSAccountUpdateKeysO11numberTiersyA2CmFWC	System/Library/Frameworks/VideoSubscriberAccount.framework/VideoSubscriberAccount.tbd
_$s22VideoSubscriberAccount19VSAccountUpdateKeysO12modifierTypeyA2CmFWC	System/Library/Frameworks/VideoSubscriberAccount.framework/VideoSubscriberAccount.tbd
_$s22VideoSubscriberAccount19VSAccountUpdateKeysO17updateURLIncludedyA2CmFWC	System/Library/Frameworks/VideoSubscriberAccount.framework/VideoSubscriberAccount.tbd
_$s22VideoSubscriberAccount19VSAccountUpdateKeysO24authenticationDataLengthyA2CmFWC	System/Library/Frameworks/VideoSubscriberAccount.framework/VideoSubscriberAccount.tbd
_$s22VideoSubscriberAccount19VSAccountUpdateKeysO24billingIdentifierPresentyA2CmFWC	System/Library/Frameworks/VideoSubscriberAccount.framework/VideoSubscriberAccount.tbd
_$s22VideoSubscriberAccount19VSAccountUpdateKeysO3ttlyA2CmFWC	System/Library/Frameworks/VideoSubscriberAccount.framework/VideoSubscriberAccount.tbd
_$s22VideoSubscriberAccount19VSAccountUpdateKeysO7apiTypeyA2CmFWC	System/Library/Frameworks/VideoSubscriberAccount.framework/VideoSubscriberAccount.tbd
_$s22VideoSubscriberAccount19VSAccountUpdateKeysO8allCasesSayACGvgZ	System/Library/Frameworks/VideoSubscriberAccount.framework/VideoSubscriberAccount.tbd
_$s22VideoSubscriberAccount19VSAccountUpdateKeysO8allCasesSayACGvpZMV	System/Library/Frameworks/VideoSubscriberAccount.framework/VideoSubscriberAccount.tbd
_$s22VideoSubscriberAccount19VSAccountUpdateKeysO8modifieryA2CmFWC	System/Library/Frameworks/VideoSubscriberAccount.framework/VideoSubscriberAccount.tbd
_$s22VideoSubscriberAccount19VSAccountUpdateKeysO8rawValueACSgSS_tcfC	System/Library/Frameworks/VideoSubscriberAccount.framework/VideoSubscriberAccount.tbd
_$s22VideoSubscriberAccount19VSAccountUpdateKeysO8rawValueSSvg	System/Library/Frameworks/VideoSubscriberAccount.framework/VideoSubscriberAccount.tbd
_$s22VideoSubscriberAccount19VSAccountUpdateKeysO8rawValueSSvpMV	System/Library/Frameworks/VideoSubscriberAccount.framework/VideoSubscriberAccount.tbd
_$s22VideoSubscriberAccount19VSAccountUpdateKeysO8sourceIDyA2CmFWC	System/Library/Frameworks/VideoSubscriberAccount.framework/VideoSubscriberAccount.tbd
_$s22VideoSubscriberAccount19VSAccountUpdateKeysO9writeTypeyA2CmFWC	System/Library/Frameworks/VideoSubscriberAccount.framework/VideoSubscriberAccount.tbd
_$s22VideoSubscriberAccount19VSAccountUpdateKeysOMa	System/Library/Frameworks/VideoSubscriberAccount.framework/VideoSubscriberAccount.tbd
_$s22VideoSubscriberAccount19VSAccountUpdateKeysOMn	System/Library/Frameworks/VideoSubscriberAccount.framework/VideoSubscriberAccount.tbd
_$s22VideoSubscriberAccount19VSAccountUpdateKeysON	System/Library/Frameworks/VideoSubscriberAccount.framework/VideoSubscriberAccount.tbd
_$s22VideoSubscriberAccount19VSAccountUpdateKeysOSHAAMc	System/Library/Frameworks/VideoSubscriberAccount.framework/VideoSubscriberAccount.tbd
_$s22VideoSubscriberAccount19VSAccountUpdateKeysOSQAAMc	System/Library/Frameworks/VideoSubscriberAccount.framework/VideoSubscriberAccount.tbd
_$s22VideoSubscriberAccount19VSAccountUpdateKeysOSYAAMc	System/Library/Frameworks/VideoSubscriberAccount.framework/VideoSubscriberAccount.tbd
_$s22VideoSubscriberAccount19VSAccountUpdateKeysOs12CaseIterableAAMc	System/Library/Frameworks/VideoSubscriberAccount.framework/VideoSubscriberAccount.tbd
_$s22VideoSubscriberAccount19VSAppleSubscriptionV10customerID12productCodesACSS_SaySSGtcfC	System/Library/Frameworks/VideoSubscriberAccount.framework/VideoSubscriberAccount.tbd
_$s22VideoSubscriberAccount19VSAppleSubscriptionV10customerIDSSvM	System/Library/Frameworks/VideoSubscriberAccount.framework/VideoSubscriberAccount.tbd
_$s22VideoSubscriberAccount19VSAppleSubscriptionV10customerIDSSvg	System/Library/Frameworks/VideoSubscriberAccount.framework/VideoSubscriberAccount.tbd
_$s22VideoSubscriberAccount19VSAppleSubscriptionV10customerIDSSvpMV	System/Library/Frameworks/VideoSubscriberAccount.framework/VideoSubscriberAccount.tbd
_$s22VideoSubscriberAccount19VSAppleSubscriptionV10customerIDSSvs	System/Library/Frameworks/VideoSubscriberAccount.framework/VideoSubscriberAccount.tbd
_$s22VideoSubscriberAccount19VSAppleSubscriptionV12productCodesSaySSGvM	System/Library/Frameworks/VideoSubscriberAccount.framework/VideoSubscriberAccount.tbd
_$s22VideoSubscriberAccount19VSAppleSubscriptionV12productCodesSaySSGvg	System/Library/Frameworks/VideoSubscriberAccount.framework/VideoSubscriberAccount.tbd
_$s22VideoSubscriberAccount19VSAppleSubscriptionV12productCodesSaySSGvpMV	System/Library/Frameworks/VideoSubscriberAccount.framework/VideoSubscriberAccount.tbd
_$s22VideoSubscriberAccount19VSAppleSubscriptionV12productCodesSaySSGvs	System/Library/Frameworks/VideoSubscriberAccount.framework/VideoSubscriberAccount.tbd
_$s22VideoSubscriberAccount19VSAppleSubscriptionV2eeoiySbAC_ACtFZ	System/Library/Frameworks/VideoSubscriberAccount.framework/VideoSubscriberAccount.tbd
_$s22VideoSubscriberAccount19VSAppleSubscriptionV4hash4intoys6HasherVz_tF	System/Library/Frameworks/VideoSubscriberAccount.framework/VideoSubscriberAccount.tbd
_$s22VideoSubscriberAccount19VSAppleSubscriptionV9hashValueSivg	System/Library/Frameworks/VideoSubscriberAccount.framework/VideoSubscriberAccount.tbd
_$s22VideoSubscriberAccount19VSAppleSubscriptionV9hashValueSivpMV	System/Library/Frameworks/VideoSubscriberAccount.framework/VideoSubscriberAccount.tbd
_$s22VideoSubscriberAccount19VSAppleSubscriptionVMa	System/Library/Frameworks/VideoSubscriberAccount.framework/VideoSubscriberAccount.tbd
_$s22VideoSubscriberAccount19VSAppleSubscriptionVMn	System/Library/Frameworks/VideoSubscriberAccount.framework/VideoSubscriberAccount.tbd
_$s22VideoSubscriberAccount19VSAppleSubscriptionVN	System/Library/Frameworks/VideoSubscriberAccount.framework/VideoSubscriberAccount.tbd
_$s22VideoSubscriberAccount19VSAppleSubscriptionVSHAAMc	System/Library/Frameworks/VideoSubscriberAccount.framework/VideoSubscriberAccount.tbd
_$s22VideoSubscriberAccount19VSAppleSubscriptionVSQAAMc	System/Library/Frameworks/VideoSubscriberAccount.framework/VideoSubscriberAccount.tbd
_$s22VideoSubscriberAccount19VSAppleSubscriptionVyACSoABCcfC	System/Library/Frameworks/VideoSubscriberAccount.framework/VideoSubscriberAccount.tbd
_$s22VideoSubscriberAccount19VSUserMetadataEventV5topicSSvM	System/Library/Frameworks/VideoSubscriberAccount.framework/VideoSubscriberAccount.tbd
_$s22VideoSubscriberAccount19VSUserMetadataEventV5topicSSvg	System/Library/Frameworks/VideoSubscriberAccount.framework/VideoSubscriberAccount.tbd
_$s22VideoSubscriberAccount19VSUserMetadataEventV5topicSSvpMV	System/Library/Frameworks/VideoSubscriberAccount.framework/VideoSubscriberAccount.tbd
_$s22VideoSubscriberAccount19VSUserMetadataEventV5topicSSvs	System/Library/Frameworks/VideoSubscriberAccount.framework/VideoSubscriberAccount.tbd
_$s22VideoSubscriberAccount19VSUserMetadataEventV9eventDataSDys11AnyHashableVypGvM	System/Library/Frameworks/VideoSubscriberAccount.framework/VideoSubscriberAccount.tbd
_$s22VideoSubscriberAccount19VSUserMetadataEventV9eventDataSDys11AnyHashableVypGvg	System/Library/Frameworks/VideoSubscriberAccount.framework/VideoSubscriberAccount.tbd
_$s22VideoSubscriberAccount19VSUserMetadataEventV9eventDataSDys11AnyHashableVypGvpMV	System/Library/Frameworks/VideoSubscriberAccount.framework/VideoSubscriberAccount.tbd
_$s22VideoSubscriberAccount19VSUserMetadataEventV9eventDataSDys11AnyHashableVypGvs	System/Library/Frameworks/VideoSubscriberAccount.framework/VideoSubscriberAccount.tbd
_$s22VideoSubscriberAccount19VSUserMetadataEventV9eventTypeSSvg	System/Library/Frameworks/VideoSubscriberAccount.framework/VideoSubscriberAccount.tbd
_$s22VideoSubscriberAccount19VSUserMetadataEventV9eventTypeSSvpMV	System/Library/Frameworks/VideoSubscriberAccount.framework/VideoSubscriberAccount.tbd
_$s22VideoSubscriberAccount19VSUserMetadataEventVAA09VSMetricsF8ProtocolAAMc	System/Library/Frameworks/VideoSubscriberAccount.framework/VideoSubscriberAccount.tbd
_$s22VideoSubscriberAccount19VSUserMetadataEventVAA09VSMetricsF8ProtocolAAWP	System/Library/Frameworks/VideoSubscriberAccount.framework/VideoSubscriberAccount.tbd
_$s22VideoSubscriberAccount19VSUserMetadataEventVMa	System/Library/Frameworks/VideoSubscriberAccount.framework/VideoSubscriberAccount.tbd
_$s22VideoSubscriberAccount19VSUserMetadataEventVMn	System/Library/Frameworks/VideoSubscriberAccount.framework/VideoSubscriberAccount.tbd
_$s22VideoSubscriberAccount19VSUserMetadataEventVN	System/Library/Frameworks/VideoSubscriberAccount.framework/VideoSubscriberAccount.tbd
_$s22VideoSubscriberAccount19VSUserMetadataEventVyACSDys11AnyHashableVypGYacfC	System/Library/Frameworks/VideoSubscriberAccount.framework/VideoSubscriberAccount.tbd
_$s22VideoSubscriberAccount19VSUserMetadataEventVyACSDys11AnyHashableVypGYacfCTu	System/Library/Frameworks/VideoSubscriberAccount.framework/VideoSubscriberAccount.tbd
_$s22VideoSubscriberAccount20VSAccountUpdateEventV04userC06source10updateTypeAcA06VSUserC0V_S2StYacfC	System/Library/Frameworks/VideoSubscriberAccount.framework/VideoSubscriberAccount.tbd
_$s22VideoSubscriberAccount20VSAccountUpdateEventV04userC06source10updateTypeAcA06VSUserC0V_S2StYacfCTu	System/Library/Frameworks/VideoSubscriberAccount.framework/VideoSubscriberAccount.tbd
_$s22VideoSubscriberAccount20VSAccountUpdateEventV5topicSSvM	System/Library/Frameworks/VideoSubscriberAccount.framework/VideoSubscriberAccount.tbd
_$s22VideoSubscriberAccount20VSAccountUpdateEventV5topicSSvg	System/Library/Frameworks/VideoSubscriberAccount.framework/VideoSubscriberAccount.tbd
_$s22VideoSubscriberAccount20VSAccountUpdateEventV5topicSSvpMV	System/Library/Frameworks/VideoSubscriberAccount.framework/VideoSubscriberAccount.tbd
_$s22VideoSubscriberAccount20VSAccountUpdateEventV5topicSSvs	System/Library/Frameworks/VideoSubscriberAccount.framework/VideoSubscriberAccount.tbd
_$s22VideoSubscriberAccount20VSAccountUpdateEventV9eventDataSDys11AnyHashableVypGvM	System/Library/Frameworks/VideoSubscriberAccount.framework/VideoSubscriberAccount.tbd
_$s22VideoSubscriberAccount20VSAccountUpdateEventV9eventDataSDys11AnyHashableVypGvg	System/Library/Frameworks/VideoSubscriberAccount.framework/VideoSubscriberAccount.tbd
_$s22VideoSubscriberAccount20VSAccountUpdateEventV9eventDataSDys11AnyHashableVypGvpMV	System/Library/Frameworks/VideoSubscriberAccount.framework/VideoSubscriberAccount.tbd
_$s22VideoSubscriberAccount20VSAccountUpdateEventV9eventDataSDys11AnyHashableVypGvs	System/Library/Frameworks/VideoSubscriberAccount.framework/VideoSubscriberAccount.tbd
_$s22VideoSubscriberAccount20VSAccountUpdateEventV9eventTypeSSvg	System/Library/Frameworks/VideoSubscriberAccount.framework/VideoSubscriberAccount.tbd
_$s22VideoSubscriberAccount20VSAccountUpdateEventV9eventTypeSSvpMV	System/Library/Frameworks/VideoSubscriberAccount.framework/VideoSubscriberAccount.tbd
_$s22VideoSubscriberAccount20VSAccountUpdateEventVAA09VSMetricsF8ProtocolAAMc	System/Library/Frameworks/VideoSubscriberAccount.framework/VideoSubscriberAccount.tbd
_$s22VideoSubscriberAccount20VSAccountUpdateEventVAA09VSMetricsF8ProtocolAAWP	System/Library/Frameworks/VideoSubscriberAccount.framework/VideoSubscriberAccount.tbd
_$s22VideoSubscriberAccount20VSAccountUpdateEventVMa	System/Library/Frameworks/VideoSubscriberAccount.framework/VideoSubscriberAccount.tbd
_$s22VideoSubscriberAccount20VSAccountUpdateEventVMn	System/Library/Frameworks/VideoSubscriberAccount.framework/VideoSubscriberAccount.tbd
_$s22VideoSubscriberAccount20VSAccountUpdateEventVN	System/Library/Frameworks/VideoSubscriberAccount.framework/VideoSubscriberAccount.tbd
_$s22VideoSubscriberAccount20VSAccountUpdateEventVyACSDys11AnyHashableVypGYacfC	System/Library/Frameworks/VideoSubscriberAccount.framework/VideoSubscriberAccount.tbd
_$s22VideoSubscriberAccount20VSAccountUpdateEventVyACSDys11AnyHashableVypGYacfCTu	System/Library/Frameworks/VideoSubscriberAccount.framework/VideoSubscriberAccount.tbd
_$s22VideoSubscriberAccount21VSAnalyticsCommonKeysO10providerIDyA2CmFWC	System/Library/Frameworks/VideoSubscriberAccount.framework/VideoSubscriberAccount.tbd
_$s22VideoSubscriberAccount21VSAnalyticsCommonKeysO16errorsUnderlyingyA2CmFWC	System/Library/Frameworks/VideoSubscriberAccount.framework/VideoSubscriberAccount.tbd
_$s22VideoSubscriberAccount21VSAnalyticsCommonKeysO16storeFrontHeaderyA2CmFWC	System/Library/Frameworks/VideoSubscriberAccount.framework/VideoSubscriberAccount.tbd
_$s22VideoSubscriberAccount21VSAnalyticsCommonKeysO8allCasesSayACGvgZ	System/Library/Frameworks/VideoSubscriberAccount.framework/VideoSubscriberAccount.tbd
_$s22VideoSubscriberAccount21VSAnalyticsCommonKeysO8allCasesSayACGvpZMV	System/Library/Frameworks/VideoSubscriberAccount.framework/VideoSubscriberAccount.tbd
_$s22VideoSubscriberAccount21VSAnalyticsCommonKeysO8rawValueACSgSS_tcfC	System/Library/Frameworks/VideoSubscriberAccount.framework/VideoSubscriberAccount.tbd
_$s22VideoSubscriberAccount21VSAnalyticsCommonKeysO8rawValueSSvg	System/Library/Frameworks/VideoSubscriberAccount.framework/VideoSubscriberAccount.tbd
_$s22VideoSubscriberAccount21VSAnalyticsCommonKeysO8rawValueSSvpMV	System/Library/Frameworks/VideoSubscriberAccount.framework/VideoSubscriberAccount.tbd
_$s22VideoSubscriberAccount21VSAnalyticsCommonKeysO9errorCodeyA2CmFWC	System/Library/Frameworks/VideoSubscriberAccount.framework/VideoSubscriberAccount.tbd
_$s22VideoSubscriberAccount21VSAnalyticsCommonKeysO9errorTypeyA2CmFWC	System/Library/Frameworks/VideoSubscriberAccount.framework/VideoSubscriberAccount.tbd
_$s22VideoSubscriberAccount21VSAnalyticsCommonKeysO9userAgentyA2CmFWC	System/Library/Frameworks/VideoSubscriberAccount.framework/VideoSubscriberAccount.tbd
_$s22VideoSubscriberAccount21VSAnalyticsCommonKeysOMa	System/Library/Frameworks/VideoSubscriberAccount.framework/VideoSubscriberAccount.tbd
_$s22VideoSubscriberAccount21VSAnalyticsCommonKeysOMn	System/Library/Frameworks/VideoSubscriberAccount.framework/VideoSubscriberAccount.tbd
_$s22VideoSubscriberAccount21VSAnalyticsCommonKeysON	System/Library/Frameworks/VideoSubscriberAccount.framework/VideoSubscriberAccount.tbd
_$s22VideoSubscriberAccount21VSAnalyticsCommonKeysOSHAAMc	System/Library/Frameworks/VideoSubscriberAccount.framework/VideoSubscriberAccount.tbd
_$s22VideoSubscriberAccount21VSAnalyticsCommonKeysOSQAAMc	System/Library/Frameworks/VideoSubscriberAccount.framework/VideoSubscriberAccount.tbd
_$s22VideoSubscriberAccount21VSAnalyticsCommonKeysOSYAAMc	System/Library/Frameworks/VideoSubscriberAccount.framework/VideoSubscriberAccount.tbd
_$s22VideoSubscriberAccount21VSAnalyticsCommonKeysOs12CaseIterableAAMc	System/Library/Frameworks/VideoSubscriberAccount.framework/VideoSubscriberAccount.tbd
_$s22VideoSubscriberAccount22VSMetricsEventProtocolMp	System/Library/Frameworks/VideoSubscriberAccount.framework/VideoSubscriberAccount.tbd
_$s22VideoSubscriberAccount22VSMetricsEventProtocolP18generateBaseFieldsSDys11AnyHashableVypGyYaFZTj	System/Library/Frameworks/VideoSubscriberAccount.framework/VideoSubscriberAccount.tbd
_$s22VideoSubscriberAccount22VSMetricsEventProtocolP18generateBaseFieldsSDys11AnyHashableVypGyYaFZTjTu	System/Library/Frameworks/VideoSubscriberAccount.framework/VideoSubscriberAccount.tbd
_$s22VideoSubscriberAccount22VSMetricsEventProtocolP18generateBaseFieldsSDys11AnyHashableVypGyYaFZTq	System/Library/Frameworks/VideoSubscriberAccount.framework/VideoSubscriberAccount.tbd
_$s22VideoSubscriberAccount22VSMetricsEventProtocolP5topicSSvgTj	System/Library/Frameworks/VideoSubscriberAccount.framework/VideoSubscriberAccount.tbd
_$s22VideoSubscriberAccount22VSMetricsEventProtocolP5topicSSvgTq	System/Library/Frameworks/VideoSubscriberAccount.framework/VideoSubscriberAccount.tbd
_$s22VideoSubscriberAccount22VSMetricsEventProtocolP6recordyyFTj	System/Library/Frameworks/VideoSubscriberAccount.framework/VideoSubscriberAccount.tbd
_$s22VideoSubscriberAccount22VSMetricsEventProtocolP6recordyyFTq	System/Library/Frameworks/VideoSubscriberAccount.framework/VideoSubscriberAccount.tbd
_$s22VideoSubscriberAccount22VSMetricsEventProtocolP9eventDataSDys11AnyHashableVypGvMTj	System/Library/Frameworks/VideoSubscriberAccount.framework/VideoSubscriberAccount.tbd
_$s22VideoSubscriberAccount22VSMetricsEventProtocolP9eventDataSDys11AnyHashableVypGvMTq	System/Library/Frameworks/VideoSubscriberAccount.framework/VideoSubscriberAccount.tbd
_$s22VideoSubscriberAccount22VSMetricsEventProtocolP9eventDataSDys11AnyHashableVypGvgTj	System/Library/Frameworks/VideoSubscriberAccount.framework/VideoSubscriberAccount.tbd
_$s22VideoSubscriberAccount22VSMetricsEventProtocolP9eventDataSDys11AnyHashableVypGvgTq	System/Library/Frameworks/VideoSubscriberAccount.framework/VideoSubscriberAccount.tbd
_$s22VideoSubscriberAccount22VSMetricsEventProtocolP9eventDataSDys11AnyHashableVypGvsTj	System/Library/Frameworks/VideoSubscriberAccount.framework/VideoSubscriberAccount.tbd
_$s22VideoSubscriberAccount22VSMetricsEventProtocolP9eventDataSDys11AnyHashableVypGvsTq	System/Library/Frameworks/VideoSubscriberAccount.framework/VideoSubscriberAccount.tbd
_$s22VideoSubscriberAccount22VSMetricsEventProtocolP9eventTypeSSvgTj	System/Library/Frameworks/VideoSubscriberAccount.framework/VideoSubscriberAccount.tbd
_$s22VideoSubscriberAccount22VSMetricsEventProtocolP9eventTypeSSvgTq	System/Library/Frameworks/VideoSubscriberAccount.framework/VideoSubscriberAccount.tbd
_$s22VideoSubscriberAccount22VSMetricsEventProtocolPAAE18generateBaseFieldsSDys11AnyHashableVypGyYaFZ	System/Library/Frameworks/VideoSubscriberAccount.framework/VideoSubscriberAccount.tbd
_$s22VideoSubscriberAccount22VSMetricsEventProtocolPAAE18generateBaseFieldsSDys11AnyHashableVypGyYaFZTu	System/Library/Frameworks/VideoSubscriberAccount.framework/VideoSubscriberAccount.tbd
_$s22VideoSubscriberAccount22VSMetricsEventProtocolPAAE6recordyyF	System/Library/Frameworks/VideoSubscriberAccount.framework/VideoSubscriberAccount.tbd
_$s22VideoSubscriberAccount22VSMetricsEventProtocolTL	System/Library/Frameworks/VideoSubscriberAccount.framework/VideoSubscriberAccount.tbd
_$s22VideoSubscriberAccount23VSFederatedPlaybackKeysO10externalIDyA2CmFWC	System/Library/Frameworks/VideoSubscriberAccount.framework/VideoSubscriberAccount.tbd
_$s22VideoSubscriberAccount23VSFederatedPlaybackKeysO11canonicalIDyA2CmFWC	System/Library/Frameworks/VideoSubscriberAccount.framework/VideoSubscriberAccount.tbd
_$s22VideoSubscriberAccount23VSFederatedPlaybackKeysO13bundleVersionyA2CmFWC	System/Library/Frameworks/VideoSubscriberAccount.framework/VideoSubscriberAccount.tbd
_$s22VideoSubscriberAccount23VSFederatedPlaybackKeysO3ttlyA2CmFWC	System/Library/Frameworks/VideoSubscriberAccount.framework/VideoSubscriberAccount.tbd
_$s22VideoSubscriberAccount23VSFederatedPlaybackKeysO6adamIDyA2CmFWC	System/Library/Frameworks/VideoSubscriberAccount.framework/VideoSubscriberAccount.tbd
_$s22VideoSubscriberAccount23VSFederatedPlaybackKeysO8allCasesSayACGvgZ	System/Library/Frameworks/VideoSubscriberAccount.framework/VideoSubscriberAccount.tbd
_$s22VideoSubscriberAccount23VSFederatedPlaybackKeysO8allCasesSayACGvpZMV	System/Library/Frameworks/VideoSubscriberAccount.framework/VideoSubscriberAccount.tbd
_$s22VideoSubscriberAccount23VSFederatedPlaybackKeysO8bundleIDyA2CmFWC	System/Library/Frameworks/VideoSubscriberAccount.framework/VideoSubscriberAccount.tbd
_$s22VideoSubscriberAccount23VSFederatedPlaybackKeysO8rawValueACSgSS_tcfC	System/Library/Frameworks/VideoSubscriberAccount.framework/VideoSubscriberAccount.tbd
_$s22VideoSubscriberAccount23VSFederatedPlaybackKeysO8rawValueSSvg	System/Library/Frameworks/VideoSubscriberAccount.framework/VideoSubscriberAccount.tbd
_$s22VideoSubscriberAccount23VSFederatedPlaybackKeysO8rawValueSSvpMV	System/Library/Frameworks/VideoSubscriberAccount.framework/VideoSubscriberAccount.tbd
_$s22VideoSubscriberAccount23VSFederatedPlaybackKeysO9channelIDyA2CmFWC	System/Library/Frameworks/VideoSubscriberAccount.framework/VideoSubscriberAccount.tbd
_$s22VideoSubscriberAccount23VSFederatedPlaybackKeysO9consentedyA2CmFWC	System/Library/Frameworks/VideoSubscriberAccount.framework/VideoSubscriberAccount.tbd
_$s22VideoSubscriberAccount23VSFederatedPlaybackKeysOMa	System/Library/Frameworks/VideoSubscriberAccount.framework/VideoSubscriberAccount.tbd
_$s22VideoSubscriberAccount23VSFederatedPlaybackKeysOMn	System/Library/Frameworks/VideoSubscriberAccount.framework/VideoSubscriberAccount.tbd
_$s22VideoSubscriberAccount23VSFederatedPlaybackKeysON	System/Library/Frameworks/VideoSubscriberAccount.framework/VideoSubscriberAccount.tbd
_$s22VideoSubscriberAccount23VSFederatedPlaybackKeysOSHAAMc	System/Library/Frameworks/VideoSubscriberAccount.framework/VideoSubscriberAccount.tbd
_$s22VideoSubscriberAccount23VSFederatedPlaybackKeysOSQAAMc	System/Library/Frameworks/VideoSubscriberAccount.framework/VideoSubscriberAccount.tbd
_$s22VideoSubscriberAccount23VSFederatedPlaybackKeysOSYAAMc	System/Library/Frameworks/VideoSubscriberAccount.framework/VideoSubscriberAccount.tbd
_$s22VideoSubscriberAccount23VSFederatedPlaybackKeysOs12CaseIterableAAMc	System/Library/Frameworks/VideoSubscriberAccount.framework/VideoSubscriberAccount.tbd
_$s22VideoSubscriberAccount24VSFederatedPunchoutEventV5topicSSvM	System/Library/Frameworks/VideoSubscriberAccount.framework/VideoSubscriberAccount.tbd
_$s22VideoSubscriberAccount24VSFederatedPunchoutEventV5topicSSvg	System/Library/Frameworks/VideoSubscriberAccount.framework/VideoSubscriberAccount.tbd
_$s22VideoSubscriberAccount24VSFederatedPunchoutEventV5topicSSvpMV	System/Library/Frameworks/VideoSubscriberAccount.framework/VideoSubscriberAccount.tbd
_$s22VideoSubscriberAccount24VSFederatedPunchoutEventV5topicSSvs	System/Library/Frameworks/VideoSubscriberAccount.framework/VideoSubscriberAccount.tbd
_$s22VideoSubscriberAccount24VSFederatedPunchoutEventV9eventDataSDys11AnyHashableVypGvM	System/Library/Frameworks/VideoSubscriberAccount.framework/VideoSubscriberAccount.tbd
_$s22VideoSubscriberAccount24VSFederatedPunchoutEventV9eventDataSDys11AnyHashableVypGvg	System/Library/Frameworks/VideoSubscriberAccount.framework/VideoSubscriberAccount.tbd
_$s22VideoSubscriberAccount24VSFederatedPunchoutEventV9eventDataSDys11AnyHashableVypGvpMV	System/Library/Frameworks/VideoSubscriberAccount.framework/VideoSubscriberAccount.tbd
_$s22VideoSubscriberAccount24VSFederatedPunchoutEventV9eventDataSDys11AnyHashableVypGvs	System/Library/Frameworks/VideoSubscriberAccount.framework/VideoSubscriberAccount.tbd
_$s22VideoSubscriberAccount24VSFederatedPunchoutEventV9eventTypeSSvg	System/Library/Frameworks/VideoSubscriberAccount.framework/VideoSubscriberAccount.tbd
_$s22VideoSubscriberAccount24VSFederatedPunchoutEventV9eventTypeSSvpMV	System/Library/Frameworks/VideoSubscriberAccount.framework/VideoSubscriberAccount.tbd
_$s22VideoSubscriberAccount24VSFederatedPunchoutEventVAA09VSMetricsF8ProtocolAAMc	System/Library/Frameworks/VideoSubscriberAccount.framework/VideoSubscriberAccount.tbd
_$s22VideoSubscriberAccount24VSFederatedPunchoutEventVAA09VSMetricsF8ProtocolAAWP	System/Library/Frameworks/VideoSubscriberAccount.framework/VideoSubscriberAccount.tbd
_$s22VideoSubscriberAccount24VSFederatedPunchoutEventVMa	System/Library/Frameworks/VideoSubscriberAccount.framework/VideoSubscriberAccount.tbd
_$s22VideoSubscriberAccount24VSFederatedPunchoutEventVMn	System/Library/Frameworks/VideoSubscriberAccount.framework/VideoSubscriberAccount.tbd
_$s22VideoSubscriberAccount24VSFederatedPunchoutEventVN	System/Library/Frameworks/VideoSubscriberAccount.framework/VideoSubscriberAccount.tbd
_$s22VideoSubscriberAccount24VSFederatedPunchoutEventVyACSDys11AnyHashableVypGYacfC	System/Library/Frameworks/VideoSubscriberAccount.framework/VideoSubscriberAccount.tbd
_$s22VideoSubscriberAccount24VSFederatedPunchoutEventVyACSDys11AnyHashableVypGYacfCTu	System/Library/Frameworks/VideoSubscriberAccount.framework/VideoSubscriberAccount.tbd
_$s22VideoSubscriberAccount25VSProhibitedTemplateEventV5topicSSvM	System/Library/Frameworks/VideoSubscriberAccount.framework/VideoSubscriberAccount.tbd
_$s22VideoSubscriberAccount25VSProhibitedTemplateEventV5topicSSvg	System/Library/Frameworks/VideoSubscriberAccount.framework/VideoSubscriberAccount.tbd
_$s22VideoSubscriberAccount25VSProhibitedTemplateEventV5topicSSvpMV	System/Library/Frameworks/VideoSubscriberAccount.framework/VideoSubscriberAccount.tbd
_$s22VideoSubscriberAccount25VSProhibitedTemplateEventV5topicSSvs	System/Library/Frameworks/VideoSubscriberAccount.framework/VideoSubscriberAccount.tbd
_$s22VideoSubscriberAccount25VSProhibitedTemplateEventV9eventDataSDys11AnyHashableVypGvM	System/Library/Frameworks/VideoSubscriberAccount.framework/VideoSubscriberAccount.tbd
_$s22VideoSubscriberAccount25VSProhibitedTemplateEventV9eventDataSDys11AnyHashableVypGvg	System/Library/Frameworks/VideoSubscriberAccount.framework/VideoSubscriberAccount.tbd
_$s22VideoSubscriberAccount25VSProhibitedTemplateEventV9eventDataSDys11AnyHashableVypGvpMV	System/Library/Frameworks/VideoSubscriberAccount.framework/VideoSubscriberAccount.tbd
_$s22VideoSubscriberAccount25VSProhibitedTemplateEventV9eventDataSDys11AnyHashableVypGvs	System/Library/Frameworks/VideoSubscriberAccount.framework/VideoSubscriberAccount.tbd
_$s22VideoSubscriberAccount25VSProhibitedTemplateEventV9eventTypeSSvg	System/Library/Frameworks/VideoSubscriberAccount.framework/VideoSubscriberAccount.tbd
_$s22VideoSubscriberAccount25VSProhibitedTemplateEventV9eventTypeSSvpMV	System/Library/Frameworks/VideoSubscriberAccount.framework/VideoSubscriberAccount.tbd
_$s22VideoSubscriberAccount25VSProhibitedTemplateEventVAA09VSMetricsF8ProtocolAAMc	System/Library/Frameworks/VideoSubscriberAccount.framework/VideoSubscriberAccount.tbd
_$s22VideoSubscriberAccount25VSProhibitedTemplateEventVAA09VSMetricsF8ProtocolAAWP	System/Library/Frameworks/VideoSubscriberAccount.framework/VideoSubscriberAccount.tbd
_$s22VideoSubscriberAccount25VSProhibitedTemplateEventVMa	System/Library/Frameworks/VideoSubscriberAccount.framework/VideoSubscriberAccount.tbd
_$s22VideoSubscriberAccount25VSProhibitedTemplateEventVMn	System/Library/Frameworks/VideoSubscriberAccount.framework/VideoSubscriberAccount.tbd
_$s22VideoSubscriberAccount25VSProhibitedTemplateEventVN	System/Library/Frameworks/VideoSubscriberAccount.framework/VideoSubscriberAccount.tbd
_$s22VideoSubscriberAccount25VSProhibitedTemplateEventVyACSDys11AnyHashableVypGYacfC	System/Library/Frameworks/VideoSubscriberAccount.framework/VideoSubscriberAccount.tbd
_$s22VideoSubscriberAccount25VSProhibitedTemplateEventVyACSDys11AnyHashableVypGYacfCTu	System/Library/Frameworks/VideoSubscriberAccount.framework/VideoSubscriberAccount.tbd
_$s22VideoSubscriberAccount6VSPageO08settingsC4InfoyA2CmFWC	System/Library/Frameworks/VideoSubscriberAccount.framework/VideoSubscriberAccount.tbd
_$s22VideoSubscriberAccount6VSPageO12settingsHomeyA2CmFWC	System/Library/Frameworks/VideoSubscriberAccount.framework/VideoSubscriberAccount.tbd
_$s22VideoSubscriberAccount6VSPageO14settingsPickeryA2CmFWC	System/Library/Frameworks/VideoSubscriberAccount.framework/VideoSubscriberAccount.tbd
_$s22VideoSubscriberAccount6VSPageO15viewServiceMainyA2CmFWC	System/Library/Frameworks/VideoSubscriberAccount.framework/VideoSubscriberAccount.tbd
_$s22VideoSubscriberAccount6VSPageO19buddySingleProvideryA2CmFWC	System/Library/Frameworks/VideoSubscriberAccount.framework/VideoSubscriberAccount.tbd
_$s22VideoSubscriberAccount6VSPageO8allCasesSayACGvgZ	System/Library/Frameworks/VideoSubscriberAccount.framework/VideoSubscriberAccount.tbd
_$s22VideoSubscriberAccount6VSPageO8allCasesSayACGvpZMV	System/Library/Frameworks/VideoSubscriberAccount.framework/VideoSubscriberAccount.tbd
_$s22VideoSubscriberAccount6VSPageO8buddyZSOyA2CmFWC	System/Library/Frameworks/VideoSubscriberAccount.framework/VideoSubscriberAccount.tbd
_$s22VideoSubscriberAccount6VSPageO8rawValueACSgSS_tcfC	System/Library/Frameworks/VideoSubscriberAccount.framework/VideoSubscriberAccount.tbd
_$s22VideoSubscriberAccount6VSPageO8rawValueSSvg	System/Library/Frameworks/VideoSubscriberAccount.framework/VideoSubscriberAccount.tbd
_$s22VideoSubscriberAccount6VSPageO8rawValueSSvpMV	System/Library/Frameworks/VideoSubscriberAccount.framework/VideoSubscriberAccount.tbd
_$s22VideoSubscriberAccount6VSPageO9buddyMainyA2CmFWC	System/Library/Frameworks/VideoSubscriberAccount.framework/VideoSubscriberAccount.tbd
_$s22VideoSubscriberAccount6VSPageOMa	System/Library/Frameworks/VideoSubscriberAccount.framework/VideoSubscriberAccount.tbd
_$s22VideoSubscriberAccount6VSPageOMn	System/Library/Frameworks/VideoSubscriberAccount.framework/VideoSubscriberAccount.tbd
_$s22VideoSubscriberAccount6VSPageON	System/Library/Frameworks/VideoSubscriberAccount.framework/VideoSubscriberAccount.tbd
_$s22VideoSubscriberAccount6VSPageOSHAAMc	System/Library/Frameworks/VideoSubscriberAccount.framework/VideoSubscriberAccount.tbd
_$s22VideoSubscriberAccount6VSPageOSQAAMc	System/Library/Frameworks/VideoSubscriberAccount.framework/VideoSubscriberAccount.tbd
_$s22VideoSubscriberAccount6VSPageOSYAAMc	System/Library/Frameworks/VideoSubscriberAccount.framework/VideoSubscriberAccount.tbd
_$s22VideoSubscriberAccount6VSPageOs12CaseIterableAAMc	System/Library/Frameworks/VideoSubscriberAccount.framework/VideoSubscriberAccount.tbd
_$s22VideoSubscriberAccount8debugLog2os6LoggerVvg	System/Library/Frameworks/VideoSubscriberAccount.framework/VideoSubscriberAccount.tbd
_$s22VideoSubscriberAccount8errorLog2os6LoggerVvg	System/Library/Frameworks/VideoSubscriberAccount.framework/VideoSubscriberAccount.tbd
_$sSo20VSMetricsManagerObjCC22VideoSubscriberAccountEABycfC	System/Library/Frameworks/VideoSubscriberAccount.framework/VideoSubscriberAccount.tbd
_$sSo20VSMetricsManagerObjCC22VideoSubscriberAccountEABycfc	System/Library/Frameworks/VideoSubscriberAccount.framework/VideoSubscriberAccount.tbd
_$sSo20VSMetricsManagerObjCCMa	System/Library/Frameworks/VideoSubscriberAccount.framework/VideoSubscriberAccount.tbd
_$sSo20VSUserAccountManagerC015VideoSubscriberB0E12userAccounts7optionsSayAC0aB0VGSo0aB12QueryOptionsV_tYaKF	System/Library/Frameworks/VideoSubscriberAccount.framework/VideoSubscriberAccount.tbd
_$sSo20VSUserAccountManagerC015VideoSubscriberB0E12userAccounts7optionsSayAC0aB0VGSo0aB12QueryOptionsV_tYaKFTu	System/Library/Frameworks/VideoSubscriberAccount.framework/VideoSubscriberAccount.tbd
_$sSo20VSUserAccountManagerC015VideoSubscriberB0E15AutoSignInTokenV13authorizationAbCE0fgH13AuthorizationOvg	System/Library/Frameworks/VideoSubscriberAccount.framework/VideoSubscriberAccount.tbd
_$sSo20VSUserAccountManagerC015VideoSubscriberB0E15AutoSignInTokenV13authorizationAbCE0fgH13AuthorizationOvpMV	System/Library/Frameworks/VideoSubscriberAccount.framework/VideoSubscriberAccount.tbd
_$sSo20VSUserAccountManagerC015VideoSubscriberB0E15AutoSignInTokenV5valueSSSgvg	System/Library/Frameworks/VideoSubscriberAccount.framework/VideoSubscriberAccount.tbd
_$sSo20VSUserAccountManagerC015VideoSubscriberB0E15AutoSignInTokenV5valueSSSgvpMV	System/Library/Frameworks/VideoSubscriberAccount.framework/VideoSubscriberAccount.tbd
_$sSo20VSUserAccountManagerC015VideoSubscriberB0E15AutoSignInTokenVMa	System/Library/Frameworks/VideoSubscriberAccount.framework/VideoSubscriberAccount.tbd
_$sSo20VSUserAccountManagerC015VideoSubscriberB0E15AutoSignInTokenVMn	System/Library/Frameworks/VideoSubscriberAccount.framework/VideoSubscriberAccount.tbd
_$sSo20VSUserAccountManagerC015VideoSubscriberB0E15AutoSignInTokenVN	System/Library/Frameworks/VideoSubscriberAccount.framework/VideoSubscriberAccount.tbd
_$sSo20VSUserAccountManagerC015VideoSubscriberB0E15autoSignInTokenAbCE04AutoghI0Vvg	System/Library/Frameworks/VideoSubscriberAccount.framework/VideoSubscriberAccount.tbd
_$sSo20VSUserAccountManagerC015VideoSubscriberB0E15autoSignInTokenAbCE04AutoghI0VvgTu	System/Library/Frameworks/VideoSubscriberAccount.framework/VideoSubscriberAccount.tbd
_$sSo20VSUserAccountManagerC015VideoSubscriberB0E15autoSignInTokenAbCE04AutoghI0VvpMV	System/Library/Frameworks/VideoSubscriberAccount.framework/VideoSubscriberAccount.tbd
_$sSo20VSUserAccountManagerC015VideoSubscriberB0E21deleteAutoSignInTokenyyYaKF	System/Library/Frameworks/VideoSubscriberAccount.framework/VideoSubscriberAccount.tbd
_$sSo20VSUserAccountManagerC015VideoSubscriberB0E21deleteAutoSignInTokenyyYaKFTu	System/Library/Frameworks/VideoSubscriberAccount.framework/VideoSubscriberAccount.tbd
_$sSo20VSUserAccountManagerC015VideoSubscriberB0E21updateAutoSignInToken_0F7ContextySS_AbCE0ghij6UpdateK0VtYaKF	System/Library/Frameworks/VideoSubscriberAccount.framework/VideoSubscriberAccount.tbd
_$sSo20VSUserAccountManagerC015VideoSubscriberB0E21updateAutoSignInToken_0F7ContextySS_AbCE0ghij6UpdateK0VtYaKFTu	System/Library/Frameworks/VideoSubscriberAccount.framework/VideoSubscriberAccount.tbd
_$sSo20VSUserAccountManagerC015VideoSubscriberB0E23AutoSignInAuthorizationO13notDeterminedyA2EmFWC	System/Library/Frameworks/VideoSubscriberAccount.framework/VideoSubscriberAccount.tbd
_$sSo20VSUserAccountManagerC015VideoSubscriberB0E23AutoSignInAuthorizationO2eeoiySbAE_AEtFZ	System/Library/Frameworks/VideoSubscriberAccount.framework/VideoSubscriberAccount.tbd
_$sSo20VSUserAccountManagerC015VideoSubscriberB0E23AutoSignInAuthorizationO4hash4intoys6HasherVz_tF	System/Library/Frameworks/VideoSubscriberAccount.framework/VideoSubscriberAccount.tbd
_$sSo20VSUserAccountManagerC015VideoSubscriberB0E23AutoSignInAuthorizationO6deniedyA2EmFWC	System/Library/Frameworks/VideoSubscriberAccount.framework/VideoSubscriberAccount.tbd
_$sSo20VSUserAccountManagerC015VideoSubscriberB0E23AutoSignInAuthorizationO7grantedyA2EmFWC	System/Library/Frameworks/VideoSubscriberAccount.framework/VideoSubscriberAccount.tbd
_$sSo20VSUserAccountManagerC015VideoSubscriberB0E23AutoSignInAuthorizationO9hashValueSivg	System/Library/Frameworks/VideoSubscriberAccount.framework/VideoSubscriberAccount.tbd
_$sSo20VSUserAccountManagerC015VideoSubscriberB0E23AutoSignInAuthorizationO9hashValueSivpMV	System/Library/Frameworks/VideoSubscriberAccount.framework/VideoSubscriberAccount.tbd
_$sSo20VSUserAccountManagerC015VideoSubscriberB0E23AutoSignInAuthorizationOMa	System/Library/Frameworks/VideoSubscriberAccount.framework/VideoSubscriberAccount.tbd
_$sSo20VSUserAccountManagerC015VideoSubscriberB0E23AutoSignInAuthorizationOMn	System/Library/Frameworks/VideoSubscriberAccount.framework/VideoSubscriberAccount.tbd
_$sSo20VSUserAccountManagerC015VideoSubscriberB0E23AutoSignInAuthorizationON	System/Library/Frameworks/VideoSubscriberAccount.framework/VideoSubscriberAccount.tbd
_$sSo20VSUserAccountManagerC015VideoSubscriberB0E23AutoSignInAuthorizationOSHACMc	System/Library/Frameworks/VideoSubscriberAccount.framework/VideoSubscriberAccount.tbd
_$sSo20VSUserAccountManagerC015VideoSubscriberB0E23AutoSignInAuthorizationOSQACMc	System/Library/Frameworks/VideoSubscriberAccount.framework/VideoSubscriberAccount.tbd
_$sSo20VSUserAccountManagerC015VideoSubscriberB0E28AutoSignInTokenUpdateContextV13authorizationAbCE0fgH13AuthorizationOvg	System/Library/Frameworks/VideoSubscriberAccount.framework/VideoSubscriberAccount.tbd
_$sSo20VSUserAccountManagerC015VideoSubscriberB0E28AutoSignInTokenUpdateContextV13authorizationAbCE0fgH13AuthorizationOvpMV	System/Library/Frameworks/VideoSubscriberAccount.framework/VideoSubscriberAccount.tbd
_$sSo20VSUserAccountManagerC015VideoSubscriberB0E28AutoSignInTokenUpdateContextVMa	System/Library/Frameworks/VideoSubscriberAccount.framework/VideoSubscriberAccount.tbd
_$sSo20VSUserAccountManagerC015VideoSubscriberB0E28AutoSignInTokenUpdateContextVMn	System/Library/Frameworks/VideoSubscriberAccount.framework/VideoSubscriberAccount.tbd
_$sSo20VSUserAccountManagerC015VideoSubscriberB0E28AutoSignInTokenUpdateContextVN	System/Library/Frameworks/VideoSubscriberAccount.framework/VideoSubscriberAccount.tbd
_$sSo20VSUserAccountManagerC015VideoSubscriberB0E30requestAutoSignInAuthorizationAbCE0ghI18TokenUpdateContextVyYaKF	System/Library/Frameworks/VideoSubscriberAccount.framework/VideoSubscriberAccount.tbd
_$sSo20VSUserAccountManagerC015VideoSubscriberB0E30requestAutoSignInAuthorizationAbCE0ghI18TokenUpdateContextVyYaKFTu	System/Library/Frameworks/VideoSubscriberAccount.framework/VideoSubscriberAccount.tbd
_$sSo20VSUserAccountManagerC015VideoSubscriberB0E6updateyyAC0aB0VYaKF	System/Library/Frameworks/VideoSubscriberAccount.framework/VideoSubscriberAccount.tbd
_$sSo20VSUserAccountManagerC015VideoSubscriberB0E6updateyyAC0aB0VYaKFTu	System/Library/Frameworks/VideoSubscriberAccount.framework/VideoSubscriberAccount.tbd
_OBJC_CLASS_$_VSACAccount	System/Library/Frameworks/VideoSubscriberAccount.framework/VideoSubscriberAccount.tbd
_OBJC_CLASS_$_VSAMSBagLoadOperation	System/Library/Frameworks/VideoSubscriberAccount.framework/VideoSubscriberAccount.tbd
_OBJC_CLASS_$_VSAMSRequest	System/Library/Frameworks/VideoSubscriberAccount.framework/VideoSubscriberAccount.tbd
_OBJC_CLASS_$_VSAMSRequestOperation	System/Library/Frameworks/VideoSubscriberAccount.framework/VideoSubscriberAccount.tbd
_OBJC_CLASS_$_VSAccount	System/Library/Frameworks/VideoSubscriberAccount.framework/VideoSubscriberAccount.tbd
_OBJC_CLASS_$_VSAccountApplicationProvider	System/Library/Frameworks/VideoSubscriberAccount.framework/VideoSubscriberAccount.tbd
_OBJC_CLASS_$_VSAccountChannels	System/Library/Frameworks/VideoSubscriberAccount.framework/VideoSubscriberAccount.tbd
_OBJC_CLASS_$_VSAccountChannelsCenter	System/Library/Frameworks/VideoSubscriberAccount.framework/VideoSubscriberAccount.tbd
_OBJC_CLASS_$_VSAccountChannelsSaveOperation	System/Library/Frameworks/VideoSubscriberAccount.framework/VideoSubscriberAccount.tbd
_OBJC_CLASS_$_VSAccountManager	System/Library/Frameworks/VideoSubscriberAccount.framework/VideoSubscriberAccount.tbd
_OBJC_CLASS_$_VSAccountManagerResult	System/Library/Frameworks/VideoSubscriberAccount.framework/VideoSubscriberAccount.tbd
_OBJC_CLASS_$_VSAccountMetadata	System/Library/Frameworks/VideoSubscriberAccount.framework/VideoSubscriberAccount.tbd
_OBJC_CLASS_$_VSAccountMetadataRequest	System/Library/Frameworks/VideoSubscriberAccount.framework/VideoSubscriberAccount.tbd
_OBJC_CLASS_$_VSAccountMonitor	System/Library/Frameworks/VideoSubscriberAccount.framework/VideoSubscriberAccount.tbd
_OBJC_CLASS_$_VSAccountProviderResponse	System/Library/Frameworks/VideoSubscriberAccount.framework/VideoSubscriberAccount.tbd
_OBJC_CLASS_$_VSAccountSaveOperation	System/Library/Frameworks/VideoSubscriberAccount.framework/VideoSubscriberAccount.tbd
_OBJC_CLASS_$_VSAccountSerializationCenter	System/Library/Frameworks/VideoSubscriberAccount.framework/VideoSubscriberAccount.tbd
_OBJC_CLASS_$_VSAccountStore	System/Library/Frameworks/VideoSubscriberAccount.framework/VideoSubscriberAccount.tbd
_OBJC_CLASS_$_VSAppChannelsFilter	System/Library/Frameworks/VideoSubscriberAccount.framework/VideoSubscriberAccount.tbd
_OBJC_CLASS_$_VSAppInstallationInfoCenter	System/Library/Frameworks/VideoSubscriberAccount.framework/VideoSubscriberAccount.tbd
_OBJC_CLASS_$_VSAppleSubscription	System/Library/Frameworks/VideoSubscriberAccount.framework/VideoSubscriberAccount.tbd
_OBJC_CLASS_$_VSApplicationAppleSubscription	System/Library/Frameworks/VideoSubscriberAccount.framework/VideoSubscriberAccount.tbd
_OBJC_CLASS_$_VSApplicationBootURLOperation	System/Library/Frameworks/VideoSubscriberAccount.framework/VideoSubscriberAccount.tbd
_OBJC_CLASS_$_VSApplicationUserAccount	System/Library/Frameworks/VideoSubscriberAccount.framework/VideoSubscriberAccount.tbd
_OBJC_CLASS_$_VSAsyncOperation	System/Library/Frameworks/VideoSubscriberAccount.framework/VideoSubscriberAccount.tbd
_OBJC_CLASS_$_VSAuditToken	System/Library/Frameworks/VideoSubscriberAccount.framework/VideoSubscriberAccount.tbd
_OBJC_CLASS_$_VSAutoSignInToken	System/Library/Frameworks/VideoSubscriberAccount.framework/VideoSubscriberAccount.tbd
_OBJC_CLASS_$_VSAutoSignInTokenUpdateContext	System/Library/Frameworks/VideoSubscriberAccount.framework/VideoSubscriberAccount.tbd
_OBJC_CLASS_$_VSBackgroundTask	System/Library/Frameworks/VideoSubscriberAccount.framework/VideoSubscriberAccount.tbd
_OBJC_CLASS_$_VSBlockBasedValueTransformer	System/Library/Frameworks/VideoSubscriberAccount.framework/VideoSubscriberAccount.tbd
_OBJC_CLASS_$_VSBundleRecord	System/Library/Frameworks/VideoSubscriberAccount.framework/VideoSubscriberAccount.tbd
_OBJC_CLASS_$_VSCasePreservingString	System/Library/Frameworks/VideoSubscriberAccount.framework/VideoSubscriberAccount.tbd
_OBJC_CLASS_$_VSClassForFindingBundle	System/Library/Frameworks/VideoSubscriberAccount.framework/VideoSubscriberAccount.tbd
_OBJC_CLASS_$_VSCompoundValueTransformer	System/Library/Frameworks/VideoSubscriberAccount.framework/VideoSubscriberAccount.tbd
_OBJC_CLASS_$_VSCookieServer	System/Library/Frameworks/VideoSubscriberAccount.framework/VideoSubscriberAccount.tbd
_OBJC_CLASS_$_VSDelayOperation	System/Library/Frameworks/VideoSubscriberAccount.framework/VideoSubscriberAccount.tbd
_OBJC_CLASS_$_VSDeveloperIdentityProviderChangeOperation	System/Library/Frameworks/VideoSubscriberAccount.framework/VideoSubscriberAccount.tbd
_OBJC_CLASS_$_VSDeveloperIdentityProviderFetchAllOperation	System/Library/Frameworks/VideoSubscriberAccount.framework/VideoSubscriberAccount.tbd
_OBJC_CLASS_$_VSDeveloperSettings	System/Library/Frameworks/VideoSubscriberAccount.framework/VideoSubscriberAccount.tbd
_OBJC_CLASS_$_VSDeveloperSettingsFetchOperation	System/Library/Frameworks/VideoSubscriberAccount.framework/VideoSubscriberAccount.tbd
_OBJC_CLASS_$_VSDeveloperSettingsUpdateOperation	System/Library/Frameworks/VideoSubscriberAccount.framework/VideoSubscriberAccount.tbd
_OBJC_CLASS_$_VSDevice	System/Library/Frameworks/VideoSubscriberAccount.framework/VideoSubscriberAccount.tbd
_OBJC_CLASS_$_VSErrorRecoveryAttempterDelegate	System/Library/Frameworks/VideoSubscriberAccount.framework/VideoSubscriberAccount.tbd
_OBJC_CLASS_$_VSErrorRecoveryOption	System/Library/Frameworks/VideoSubscriberAccount.framework/VideoSubscriberAccount.tbd
_OBJC_CLASS_$_VSExpressionEvaluator	System/Library/Frameworks/VideoSubscriberAccount.framework/VideoSubscriberAccount.tbd
_OBJC_CLASS_$_VSFailable	System/Library/Frameworks/VideoSubscriberAccount.framework/VideoSubscriberAccount.tbd
_OBJC_CLASS_$_VSFailableValueTransformer	System/Library/Frameworks/VideoSubscriberAccount.framework/VideoSubscriberAccount.tbd
_OBJC_CLASS_$_VSFeatureManager	System/Library/Frameworks/VideoSubscriberAccount.framework/VideoSubscriberAccount.tbd
_OBJC_CLASS_$_VSFileWriteOperation	System/Library/Frameworks/VideoSubscriberAccount.framework/VideoSubscriberAccount.tbd
_OBJC_CLASS_$_VSIdentityProvider	System/Library/Frameworks/VideoSubscriberAccount.framework/VideoSubscriberAccount.tbd
_OBJC_CLASS_$_VSIdentityProviderAvailabilityInfoCenter	System/Library/Frameworks/VideoSubscriberAccount.framework/VideoSubscriberAccount.tbd
_OBJC_CLASS_$_VSIdentityProviderInfoCenter	System/Library/Frameworks/VideoSubscriberAccount.framework/VideoSubscriberAccount.tbd
_OBJC_CLASS_$_VSIdentityProviderInfoQueryResult	System/Library/Frameworks/VideoSubscriberAccount.framework/VideoSubscriberAccount.tbd
_OBJC_CLASS_$_VSIdentityProviderStorefrontMetadata	System/Library/Frameworks/VideoSubscriberAccount.framework/VideoSubscriberAccount.tbd
_OBJC_CLASS_$_VSIdentityProviderUserAccountFetchOperation	System/Library/Frameworks/VideoSubscriberAccount.framework/VideoSubscriberAccount.tbd
_OBJC_CLASS_$_VSIdentityProviderUserAccountUpdateOperation	System/Library/Frameworks/VideoSubscriberAccount.framework/VideoSubscriberAccount.tbd
_OBJC_CLASS_$_VSJSApp	System/Library/Frameworks/VideoSubscriberAccount.framework/VideoSubscriberAccount.tbd
_OBJC_CLASS_$_VSJSAppleSubscription	System/Library/Frameworks/VideoSubscriberAccount.framework/VideoSubscriberAccount.tbd
_OBJC_CLASS_$_VSJSObject	System/Library/Frameworks/VideoSubscriberAccount.framework/VideoSubscriberAccount.tbd
_OBJC_CLASS_$_VSJSUserAccount	System/Library/Frameworks/VideoSubscriberAccount.framework/VideoSubscriberAccount.tbd
_OBJC_CLASS_$_VSKeyPathBasedTreeNode	System/Library/Frameworks/VideoSubscriberAccount.framework/VideoSubscriberAccount.tbd
_OBJC_CLASS_$_VSLSApplicationRecord	System/Library/Frameworks/VideoSubscriberAccount.framework/VideoSubscriberAccount.tbd
_OBJC_CLASS_$_VSManagedProfileConnection	System/Library/Frameworks/VideoSubscriberAccount.framework/VideoSubscriberAccount.tbd
_OBJC_CLASS_$_VSMetricsManagerObjC	System/Library/Frameworks/VideoSubscriberAccount.framework/VideoSubscriberAccount.tbd
_OBJC_CLASS_$_VSOpaqueAuthenticationToken	System/Library/Frameworks/VideoSubscriberAccount.framework/VideoSubscriberAccount.tbd
_OBJC_CLASS_$_VSOptional	System/Library/Frameworks/VideoSubscriberAccount.framework/VideoSubscriberAccount.tbd
_OBJC_CLASS_$_VSPersistentStorage	System/Library/Frameworks/VideoSubscriberAccount.framework/VideoSubscriberAccount.tbd
_OBJC_CLASS_$_VSPreferences	System/Library/Frameworks/VideoSubscriberAccount.framework/VideoSubscriberAccount.tbd
_OBJC_CLASS_$_VSPrivacyConsentVoucher	System/Library/Frameworks/VideoSubscriberAccount.framework/VideoSubscriberAccount.tbd
_OBJC_CLASS_$_VSPrivacyFacade	System/Library/Frameworks/VideoSubscriberAccount.framework/VideoSubscriberAccount.tbd
_OBJC_CLASS_$_VSPrivacyVoucherLockbox	System/Library/Frameworks/VideoSubscriberAccount.framework/VideoSubscriberAccount.tbd
_OBJC_CLASS_$_VSProxyDetector	System/Library/Frameworks/VideoSubscriberAccount.framework/VideoSubscriberAccount.tbd
_OBJC_CLASS_$_VSRemoteNotifier	System/Library/Frameworks/VideoSubscriberAccount.framework/VideoSubscriberAccount.tbd
_OBJC_CLASS_$_VSRestrictionsCenter	System/Library/Frameworks/VideoSubscriberAccount.framework/VideoSubscriberAccount.tbd
_OBJC_CLASS_$_VSReverseValueTransformer	System/Library/Frameworks/VideoSubscriberAccount.framework/VideoSubscriberAccount.tbd
_OBJC_CLASS_$_VSSAMLAuthenticationToken	System/Library/Frameworks/VideoSubscriberAccount.framework/VideoSubscriberAccount.tbd
_OBJC_CLASS_$_VSSecurityTask	System/Library/Frameworks/VideoSubscriberAccount.framework/VideoSubscriberAccount.tbd
_OBJC_CLASS_$_VSSemaphore	System/Library/Frameworks/VideoSubscriberAccount.framework/VideoSubscriberAccount.tbd
_OBJC_CLASS_$_VSServiceListener	System/Library/Frameworks/VideoSubscriberAccount.framework/VideoSubscriberAccount.tbd
_OBJC_CLASS_$_VSSetTopBoxInfoQueryResult	System/Library/Frameworks/VideoSubscriberAccount.framework/VideoSubscriberAccount.tbd
_OBJC_CLASS_$_VSSetTopBoxProfile	System/Library/Frameworks/VideoSubscriberAccount.framework/VideoSubscriberAccount.tbd
_OBJC_CLASS_$_VSSingleThreadDispatchQueue	System/Library/Frameworks/VideoSubscriberAccount.framework/VideoSubscriberAccount.tbd
_OBJC_CLASS_$_VSStateMachine	System/Library/Frameworks/VideoSubscriberAccount.framework/VideoSubscriberAccount.tbd
_OBJC_CLASS_$_VSStateTransition	System/Library/Frameworks/VideoSubscriberAccount.framework/VideoSubscriberAccount.tbd
_OBJC_CLASS_$_VSStorefrontCodeLoadOperation	System/Library/Frameworks/VideoSubscriberAccount.framework/VideoSubscriberAccount.tbd
_OBJC_CLASS_$_VSSubscription	System/Library/Frameworks/VideoSubscriberAccount.framework/VideoSubscriberAccount.tbd
_OBJC_CLASS_$_VSSubscriptionRegistrationCenter	System/Library/Frameworks/VideoSubscriberAccount.framework/VideoSubscriberAccount.tbd
_OBJC_CLASS_$_VSSubscriptionRegistry	System/Library/Frameworks/VideoSubscriberAccount.framework/VideoSubscriberAccount.tbd
_OBJC_CLASS_$_VSSubscriptionSource	System/Library/Frameworks/VideoSubscriberAccount.framework/VideoSubscriberAccount.tbd
_OBJC_CLASS_$_VSTestSetupPreparationOperation	System/Library/Frameworks/VideoSubscriberAccount.framework/VideoSubscriberAccount.tbd
_OBJC_CLASS_$_VSTimeoutOperation	System/Library/Frameworks/VideoSubscriberAccount.framework/VideoSubscriberAccount.tbd
_OBJC_CLASS_$_VSTreeNode	System/Library/Frameworks/VideoSubscriberAccount.framework/VideoSubscriberAccount.tbd
_OBJC_CLASS_$_VSTrie	System/Library/Frameworks/VideoSubscriberAccount.framework/VideoSubscriberAccount.tbd
_OBJC_CLASS_$_VSUserAccount	System/Library/Frameworks/VideoSubscriberAccount.framework/VideoSubscriberAccount.tbd
_OBJC_CLASS_$_VSUserAccountManager	System/Library/Frameworks/VideoSubscriberAccount.framework/VideoSubscriberAccount.tbd
_OBJC_CLASS_$_VSUserAccountPersistentContainer	System/Library/Frameworks/VideoSubscriberAccount.framework/VideoSubscriberAccount.tbd
_OBJC_CLASS_$_VSUserAccountServiceConnection	System/Library/Frameworks/VideoSubscriberAccount.framework/VideoSubscriberAccount.tbd
_OBJC_CLASS_$_VSUserAccountUpdateManager	System/Library/Frameworks/VideoSubscriberAccount.framework/VideoSubscriberAccount.tbd
_OBJC_CLASS_$_VSUserAccountUpdateRequest	System/Library/Frameworks/VideoSubscriberAccount.framework/VideoSubscriberAccount.tbd
_OBJC_CLASS_$_VSValueType	System/Library/Frameworks/VideoSubscriberAccount.framework/VideoSubscriberAccount.tbd
_OBJC_CLASS_$_VSValueTypeProperty	System/Library/Frameworks/VideoSubscriberAccount.framework/VideoSubscriberAccount.tbd
_OBJC_CLASS_$_VSVerificationDataOperation	System/Library/Frameworks/VideoSubscriberAccount.framework/VideoSubscriberAccount.tbd
_OBJC_CLASS_$_VSVerificationStateResetOperation	System/Library/Frameworks/VideoSubscriberAccount.framework/VideoSubscriberAccount.tbd
_OBJC_CLASS_$_VSVersionMapping	System/Library/Frameworks/VideoSubscriberAccount.framework/VideoSubscriberAccount.tbd
_OBJC_CLASS_$_VSViewServiceRequestOperation	System/Library/Frameworks/VideoSubscriberAccount.framework/VideoSubscriberAccount.tbd
_OBJC_CLASS_$_VSViewServiceResponse	System/Library/Frameworks/VideoSubscriberAccount.framework/VideoSubscriberAccount.tbd
_OBJC_CLASS_$_VSViewServiceXPCInterface	System/Library/Frameworks/VideoSubscriberAccount.framework/VideoSubscriberAccount.tbd
_OBJC_CLASS_$_VSWaitGroup	System/Library/Frameworks/VideoSubscriberAccount.framework/VideoSubscriberAccount.tbd
_OBJC_CLASS_$_VSWeakForwardingTarget	System/Library/Frameworks/VideoSubscriberAccount.framework/VideoSubscriberAccount.tbd
_OBJC_METACLASS_$_VSACAccount	System/Library/Frameworks/VideoSubscriberAccount.framework/VideoSubscriberAccount.tbd
_OBJC_METACLASS_$_VSAMSBagLoadOperation	System/Library/Frameworks/VideoSubscriberAccount.framework/VideoSubscriberAccount.tbd
_OBJC_METACLASS_$_VSAMSRequest	System/Library/Frameworks/VideoSubscriberAccount.framework/VideoSubscriberAccount.tbd
_OBJC_METACLASS_$_VSAMSRequestOperation	System/Library/Frameworks/VideoSubscriberAccount.framework/VideoSubscriberAccount.tbd
_OBJC_METACLASS_$_VSAccount	System/Library/Frameworks/VideoSubscriberAccount.framework/VideoSubscriberAccount.tbd
_OBJC_METACLASS_$_VSAccountApplicationProvider	System/Library/Frameworks/VideoSubscriberAccount.framework/VideoSubscriberAccount.tbd
_OBJC_METACLASS_$_VSAccountChannels	System/Library/Frameworks/VideoSubscriberAccount.framework/VideoSubscriberAccount.tbd
_OBJC_METACLASS_$_VSAccountChannelsCenter	System/Library/Frameworks/VideoSubscriberAccount.framework/VideoSubscriberAccount.tbd
_OBJC_METACLASS_$_VSAccountChannelsSaveOperation	System/Library/Frameworks/VideoSubscriberAccount.framework/VideoSubscriberAccount.tbd
_OBJC_METACLASS_$_VSAccountManager	System/Library/Frameworks/VideoSubscriberAccount.framework/VideoSubscriberAccount.tbd
_OBJC_METACLASS_$_VSAccountManagerResult	System/Library/Frameworks/VideoSubscriberAccount.framework/VideoSubscriberAccount.tbd
_OBJC_METACLASS_$_VSAccountMetadata	System/Library/Frameworks/VideoSubscriberAccount.framework/VideoSubscriberAccount.tbd
_OBJC_METACLASS_$_VSAccountMetadataRequest	System/Library/Frameworks/VideoSubscriberAccount.framework/VideoSubscriberAccount.tbd
_OBJC_METACLASS_$_VSAccountMonitor	System/Library/Frameworks/VideoSubscriberAccount.framework/VideoSubscriberAccount.tbd
_OBJC_METACLASS_$_VSAccountProviderResponse	System/Library/Frameworks/VideoSubscriberAccount.framework/VideoSubscriberAccount.tbd
_OBJC_METACLASS_$_VSAccountSaveOperation	System/Library/Frameworks/VideoSubscriberAccount.framework/VideoSubscriberAccount.tbd
_OBJC_METACLASS_$_VSAccountSerializationCenter	System/Library/Frameworks/VideoSubscriberAccount.framework/VideoSubscriberAccount.tbd
_OBJC_METACLASS_$_VSAccountStore	System/Library/Frameworks/VideoSubscriberAccount.framework/VideoSubscriberAccount.tbd
_OBJC_METACLASS_$_VSAppChannelsFilter	System/Library/Frameworks/VideoSubscriberAccount.framework/VideoSubscriberAccount.tbd
_OBJC_METACLASS_$_VSAppInstallationInfoCenter	System/Library/Frameworks/VideoSubscriberAccount.framework/VideoSubscriberAccount.tbd
_OBJC_METACLASS_$_VSAppleSubscription	System/Library/Frameworks/VideoSubscriberAccount.framework/VideoSubscriberAccount.tbd
_OBJC_METACLASS_$_VSApplicationAppleSubscription	System/Library/Frameworks/VideoSubscriberAccount.framework/VideoSubscriberAccount.tbd
_OBJC_METACLASS_$_VSApplicationBootURLOperation	System/Library/Frameworks/VideoSubscriberAccount.framework/VideoSubscriberAccount.tbd
_OBJC_METACLASS_$_VSApplicationUserAccount	System/Library/Frameworks/VideoSubscriberAccount.framework/VideoSubscriberAccount.tbd
_OBJC_METACLASS_$_VSAsyncOperation	System/Library/Frameworks/VideoSubscriberAccount.framework/VideoSubscriberAccount.tbd
_OBJC_METACLASS_$_VSAuditToken	System/Library/Frameworks/VideoSubscriberAccount.framework/VideoSubscriberAccount.tbd
_OBJC_METACLASS_$_VSAutoSignInToken	System/Library/Frameworks/VideoSubscriberAccount.framework/VideoSubscriberAccount.tbd
_OBJC_METACLASS_$_VSAutoSignInTokenUpdateContext	System/Library/Frameworks/VideoSubscriberAccount.framework/VideoSubscriberAccount.tbd
_OBJC_METACLASS_$_VSBackgroundTask	System/Library/Frameworks/VideoSubscriberAccount.framework/VideoSubscriberAccount.tbd
_OBJC_METACLASS_$_VSBlockBasedValueTransformer	System/Library/Frameworks/VideoSubscriberAccount.framework/VideoSubscriberAccount.tbd
_OBJC_METACLASS_$_VSBundleRecord	System/Library/Frameworks/VideoSubscriberAccount.framework/VideoSubscriberAccount.tbd
_OBJC_METACLASS_$_VSCasePreservingString	System/Library/Frameworks/VideoSubscriberAccount.framework/VideoSubscriberAccount.tbd
_OBJC_METACLASS_$_VSClassForFindingBundle	System/Library/Frameworks/VideoSubscriberAccount.framework/VideoSubscriberAccount.tbd
_OBJC_METACLASS_$_VSCompoundValueTransformer	System/Library/Frameworks/VideoSubscriberAccount.framework/VideoSubscriberAccount.tbd
_OBJC_METACLASS_$_VSCookieServer	System/Library/Frameworks/VideoSubscriberAccount.framework/VideoSubscriberAccount.tbd
_OBJC_METACLASS_$_VSDelayOperation	System/Library/Frameworks/VideoSubscriberAccount.framework/VideoSubscriberAccount.tbd
_OBJC_METACLASS_$_VSDeveloperIdentityProviderChangeOperation	System/Library/Frameworks/VideoSubscriberAccount.framework/VideoSubscriberAccount.tbd
_OBJC_METACLASS_$_VSDeveloperIdentityProviderFetchAllOperation	System/Library/Frameworks/VideoSubscriberAccount.framework/VideoSubscriberAccount.tbd
_OBJC_METACLASS_$_VSDeveloperSettings	System/Library/Frameworks/VideoSubscriberAccount.framework/VideoSubscriberAccount.tbd
_OBJC_METACLASS_$_VSDeveloperSettingsFetchOperation	System/Library/Frameworks/VideoSubscriberAccount.framework/VideoSubscriberAccount.tbd
_OBJC_METACLASS_$_VSDeveloperSettingsUpdateOperation	System/Library/Frameworks/VideoSubscriberAccount.framework/VideoSubscriberAccount.tbd
_OBJC_METACLASS_$_VSDevice	System/Library/Frameworks/VideoSubscriberAccount.framework/VideoSubscriberAccount.tbd
_OBJC_METACLASS_$_VSErrorRecoveryAttempterDelegate	System/Library/Frameworks/VideoSubscriberAccount.framework/VideoSubscriberAccount.tbd
_OBJC_METACLASS_$_VSErrorRecoveryOption	System/Library/Frameworks/VideoSubscriberAccount.framework/VideoSubscriberAccount.tbd
_OBJC_METACLASS_$_VSExpressionEvaluator	System/Library/Frameworks/VideoSubscriberAccount.framework/VideoSubscriberAccount.tbd
_OBJC_METACLASS_$_VSFailable	System/Library/Frameworks/VideoSubscriberAccount.framework/VideoSubscriberAccount.tbd
_OBJC_METACLASS_$_VSFailableValueTransformer	System/Library/Frameworks/VideoSubscriberAccount.framework/VideoSubscriberAccount.tbd
_OBJC_METACLASS_$_VSFeatureManager	System/Library/Frameworks/VideoSubscriberAccount.framework/VideoSubscriberAccount.tbd
_OBJC_METACLASS_$_VSFileWriteOperation	System/Library/Frameworks/VideoSubscriberAccount.framework/VideoSubscriberAccount.tbd
_OBJC_METACLASS_$_VSIdentityProvider	System/Library/Frameworks/VideoSubscriberAccount.framework/VideoSubscriberAccount.tbd
_OBJC_METACLASS_$_VSIdentityProviderAvailabilityInfoCenter	System/Library/Frameworks/VideoSubscriberAccount.framework/VideoSubscriberAccount.tbd
_OBJC_METACLASS_$_VSIdentityProviderInfoCenter	System/Library/Frameworks/VideoSubscriberAccount.framework/VideoSubscriberAccount.tbd
_OBJC_METACLASS_$_VSIdentityProviderInfoQueryResult	System/Library/Frameworks/VideoSubscriberAccount.framework/VideoSubscriberAccount.tbd
_OBJC_METACLASS_$_VSIdentityProviderStorefrontMetadata	System/Library/Frameworks/VideoSubscriberAccount.framework/VideoSubscriberAccount.tbd
_OBJC_METACLASS_$_VSIdentityProviderUserAccountFetchOperation	System/Library/Frameworks/VideoSubscriberAccount.framework/VideoSubscriberAccount.tbd
_OBJC_METACLASS_$_VSIdentityProviderUserAccountUpdateOperation	System/Library/Frameworks/VideoSubscriberAccount.framework/VideoSubscriberAccount.tbd
_OBJC_METACLASS_$_VSJSApp	System/Library/Frameworks/VideoSubscriberAccount.framework/VideoSubscriberAccount.tbd
_OBJC_METACLASS_$_VSJSAppleSubscription	System/Library/Frameworks/VideoSubscriberAccount.framework/VideoSubscriberAccount.tbd
_OBJC_METACLASS_$_VSJSObject	System/Library/Frameworks/VideoSubscriberAccount.framework/VideoSubscriberAccount.tbd
_OBJC_METACLASS_$_VSJSUserAccount	System/Library/Frameworks/VideoSubscriberAccount.framework/VideoSubscriberAccount.tbd
_OBJC_METACLASS_$_VSKeyPathBasedTreeNode	System/Library/Frameworks/VideoSubscriberAccount.framework/VideoSubscriberAccount.tbd
_OBJC_METACLASS_$_VSLSApplicationRecord	System/Library/Frameworks/VideoSubscriberAccount.framework/VideoSubscriberAccount.tbd
_OBJC_METACLASS_$_VSManagedProfileConnection	System/Library/Frameworks/VideoSubscriberAccount.framework/VideoSubscriberAccount.tbd
_OBJC_METACLASS_$_VSMetricsManagerObjC	System/Library/Frameworks/VideoSubscriberAccount.framework/VideoSubscriberAccount.tbd
_OBJC_METACLASS_$_VSOpaqueAuthenticationToken	System/Library/Frameworks/VideoSubscriberAccount.framework/VideoSubscriberAccount.tbd
_OBJC_METACLASS_$_VSOptional	System/Library/Frameworks/VideoSubscriberAccount.framework/VideoSubscriberAccount.tbd
_OBJC_METACLASS_$_VSPersistentStorage	System/Library/Frameworks/VideoSubscriberAccount.framework/VideoSubscriberAccount.tbd
_OBJC_METACLASS_$_VSPreferences	System/Library/Frameworks/VideoSubscriberAccount.framework/VideoSubscriberAccount.tbd
_OBJC_METACLASS_$_VSPrivacyConsentVoucher	System/Library/Frameworks/VideoSubscriberAccount.framework/VideoSubscriberAccount.tbd
_OBJC_METACLASS_$_VSPrivacyFacade	System/Library/Frameworks/VideoSubscriberAccount.framework/VideoSubscriberAccount.tbd
_OBJC_METACLASS_$_VSPrivacyVoucherLockbox	System/Library/Frameworks/VideoSubscriberAccount.framework/VideoSubscriberAccount.tbd
_OBJC_METACLASS_$_VSProxyDetector	System/Library/Frameworks/VideoSubscriberAccount.framework/VideoSubscriberAccount.tbd
_OBJC_METACLASS_$_VSRemoteNotifier	System/Library/Frameworks/VideoSubscriberAccount.framework/VideoSubscriberAccount.tbd
_OBJC_METACLASS_$_VSRestrictionsCenter	System/Library/Frameworks/VideoSubscriberAccount.framework/VideoSubscriberAccount.tbd
_OBJC_METACLASS_$_VSReverseValueTransformer	System/Library/Frameworks/VideoSubscriberAccount.framework/VideoSubscriberAccount.tbd
_OBJC_METACLASS_$_VSSAMLAuthenticationToken	System/Library/Frameworks/VideoSubscriberAccount.framework/VideoSubscriberAccount.tbd
_OBJC_METACLASS_$_VSSecurityTask	System/Library/Frameworks/VideoSubscriberAccount.framework/VideoSubscriberAccount.tbd
_OBJC_METACLASS_$_VSSemaphore	System/Library/Frameworks/VideoSubscriberAccount.framework/VideoSubscriberAccount.tbd
_OBJC_METACLASS_$_VSServiceListener	System/Library/Frameworks/VideoSubscriberAccount.framework/VideoSubscriberAccount.tbd
_OBJC_METACLASS_$_VSSetTopBoxInfoQueryResult	System/Library/Frameworks/VideoSubscriberAccount.framework/VideoSubscriberAccount.tbd
_OBJC_METACLASS_$_VSSetTopBoxProfile	System/Library/Frameworks/VideoSubscriberAccount.framework/VideoSubscriberAccount.tbd
_OBJC_METACLASS_$_VSSingleThreadDispatchQueue	System/Library/Frameworks/VideoSubscriberAccount.framework/VideoSubscriberAccount.tbd
_OBJC_METACLASS_$_VSStateMachine	System/Library/Frameworks/VideoSubscriberAccount.framework/VideoSubscriberAccount.tbd
_OBJC_METACLASS_$_VSStateTransition	System/Library/Frameworks/VideoSubscriberAccount.framework/VideoSubscriberAccount.tbd
_OBJC_METACLASS_$_VSStorefrontCodeLoadOperation	System/Library/Frameworks/VideoSubscriberAccount.framework/VideoSubscriberAccount.tbd
_OBJC_METACLASS_$_VSSubscription	System/Library/Frameworks/VideoSubscriberAccount.framework/VideoSubscriberAccount.tbd
_OBJC_METACLASS_$_VSSubscriptionRegistrationCenter	System/Library/Frameworks/VideoSubscriberAccount.framework/VideoSubscriberAccount.tbd
_OBJC_METACLASS_$_VSSubscriptionRegistry	System/Library/Frameworks/VideoSubscriberAccount.framework/VideoSubscriberAccount.tbd
_OBJC_METACLASS_$_VSSubscriptionSource	System/Library/Frameworks/VideoSubscriberAccount.framework/VideoSubscriberAccount.tbd
_OBJC_METACLASS_$_VSTestSetupPreparationOperation	System/Library/Frameworks/VideoSubscriberAccount.framework/VideoSubscriberAccount.tbd
_OBJC_METACLASS_$_VSTimeoutOperation	System/Library/Frameworks/VideoSubscriberAccount.framework/VideoSubscriberAccount.tbd
_OBJC_METACLASS_$_VSTreeNode	System/Library/Frameworks/VideoSubscriberAccount.framework/VideoSubscriberAccount.tbd
_OBJC_METACLASS_$_VSTrie	System/Library/Frameworks/VideoSubscriberAccount.framework/VideoSubscriberAccount.tbd
_OBJC_METACLASS_$_VSUserAccount	System/Library/Frameworks/VideoSubscriberAccount.framework/VideoSubscriberAccount.tbd
_OBJC_METACLASS_$_VSUserAccountManager	System/Library/Frameworks/VideoSubscriberAccount.framework/VideoSubscriberAccount.tbd
_OBJC_METACLASS_$_VSUserAccountPersistentContainer	System/Library/Frameworks/VideoSubscriberAccount.framework/VideoSubscriberAccount.tbd
_OBJC_METACLASS_$_VSUserAccountServiceConnection	System/Library/Frameworks/VideoSubscriberAccount.framework/VideoSubscriberAccount.tbd
_OBJC_METACLASS_$_VSUserAccountUpdateManager	System/Library/Frameworks/VideoSubscriberAccount.framework/VideoSubscriberAccount.tbd
_OBJC_METACLASS_$_VSUserAccountUpdateRequest	System/Library/Frameworks/VideoSubscriberAccount.framework/VideoSubscriberAccount.tbd
_OBJC_METACLASS_$_VSValueType	System/Library/Frameworks/VideoSubscriberAccount.framework/VideoSubscriberAccount.tbd
_OBJC_METACLASS_$_VSValueTypeProperty	System/Library/Frameworks/VideoSubscriberAccount.framework/VideoSubscriberAccount.tbd
_OBJC_METACLASS_$_VSVerificationDataOperation	System/Library/Frameworks/VideoSubscriberAccount.framework/VideoSubscriberAccount.tbd
_OBJC_METACLASS_$_VSVerificationStateResetOperation	System/Library/Frameworks/VideoSubscriberAccount.framework/VideoSubscriberAccount.tbd
_OBJC_METACLASS_$_VSVersionMapping	System/Library/Frameworks/VideoSubscriberAccount.framework/VideoSubscriberAccount.tbd
_OBJC_METACLASS_$_VSViewServiceRequestOperation	System/Library/Frameworks/VideoSubscriberAccount.framework/VideoSubscriberAccount.tbd
_OBJC_METACLASS_$_VSViewServiceResponse	System/Library/Frameworks/VideoSubscriberAccount.framework/VideoSubscriberAccount.tbd
_OBJC_METACLASS_$_VSViewServiceXPCInterface	System/Library/Frameworks/VideoSubscriberAccount.framework/VideoSubscriberAccount.tbd
_OBJC_METACLASS_$_VSWaitGroup	System/Library/Frameworks/VideoSubscriberAccount.framework/VideoSubscriberAccount.tbd
_OBJC_METACLASS_$_VSWeakForwardingTarget	System/Library/Frameworks/VideoSubscriberAccount.framework/VideoSubscriberAccount.tbd
_VSAMPProviderResponseAppsData	System/Library/Frameworks/VideoSubscriberAccount.framework/VideoSubscriberAccount.tbd
_VSAMPProviderResponseKeyApps	System/Library/Frameworks/VideoSubscriberAccount.framework/VideoSubscriberAccount.tbd
_VSAMPProviderResponseKeyRelationships	System/Library/Frameworks/VideoSubscriberAccount.framework/VideoSubscriberAccount.tbd
_VSAMSBagKeyAppsMediaAPIHost	System/Library/Frameworks/VideoSubscriberAccount.framework/VideoSubscriberAccount.tbd
_VSAMSBagKeyCountryCode	System/Library/Frameworks/VideoSubscriberAccount.framework/VideoSubscriberAccount.tbd
_VSAMSBagKeyIdentityProviders	System/Library/Frameworks/VideoSubscriberAccount.framework/VideoSubscriberAccount.tbd
_VSAMSBagKeyLanguageTag	System/Library/Frameworks/VideoSubscriberAccount.framework/VideoSubscriberAccount.tbd
_VSAMSBagKeyMaxFeaturedProviders	System/Library/Frameworks/VideoSubscriberAccount.framework/VideoSubscriberAccount.tbd
_VSAMSBagKeyMaximumUserAccountUpdateFrequency	System/Library/Frameworks/VideoSubscriberAccount.framework/VideoSubscriberAccount.tbd
_VSAMSBagKeyShowMultiAppInstallForCaseAlwaysRequirePassword	System/Library/Frameworks/VideoSubscriberAccount.framework/VideoSubscriberAccount.tbd
_VSAMSBagKeySoleProviderFeatureEnabled	System/Library/Frameworks/VideoSubscriberAccount.framework/VideoSubscriberAccount.tbd
_VSAMSBagKeyVerificationStateReset	System/Library/Frameworks/VideoSubscriberAccount.framework/VideoSubscriberAccount.tbd
_VSAMSHTTPMethodNameGET	System/Library/Frameworks/VideoSubscriberAccount.framework/VideoSubscriberAccount.tbd
_VSAMSHTTPMethodNamePOST	System/Library/Frameworks/VideoSubscriberAccount.framework/VideoSubscriberAccount.tbd
_VSAMSProfileName	System/Library/Frameworks/VideoSubscriberAccount.framework/VideoSubscriberAccount.tbd
_VSAMSProfileVersion	System/Library/Frameworks/VideoSubscriberAccount.framework/VideoSubscriberAccount.tbd
_VSAMSProviderResponseKeyAppPlacementPosition	System/Library/Frameworks/VideoSubscriberAccount.framework/VideoSubscriberAccount.tbd
_VSAMSProviderResponseKeyAppStoreRoomURL	System/Library/Frameworks/VideoSubscriberAccount.framework/VideoSubscriberAccount.tbd
_VSAMSProviderResponseKeyAttributes	System/Library/Frameworks/VideoSubscriberAccount.framework/VideoSubscriberAccount.tbd
_VSAMSProviderResponseKeyAuthProtocols	System/Library/Frameworks/VideoSubscriberAccount.framework/VideoSubscriberAccount.tbd
_VSAMSProviderResponseKeyAuthTemplates	System/Library/Frameworks/VideoSubscriberAccount.framework/VideoSubscriberAccount.tbd
_VSAMSProviderResponseKeyAuthURL	System/Library/Frameworks/VideoSubscriberAccount.framework/VideoSubscriberAccount.tbd
_VSAMSProviderResponseKeyDisplayName	System/Library/Frameworks/VideoSubscriberAccount.framework/VideoSubscriberAccount.tbd
_VSAMSProviderResponseKeyIsSingleSignOnSupported	System/Library/Frameworks/VideoSubscriberAccount.framework/VideoSubscriberAccount.tbd
_VSAMSProviderResponseKeyPrimaryIdentifier	System/Library/Frameworks/VideoSubscriberAccount.framework/VideoSubscriberAccount.tbd
_VSAMSProviderResponseKeyProviderAppArtwork	System/Library/Frameworks/VideoSubscriberAccount.framework/VideoSubscriberAccount.tbd
_VSAMSProviderResponseKeyProviderAppArtworkURL	System/Library/Frameworks/VideoSubscriberAccount.framework/VideoSubscriberAccount.tbd
_VSAMSProviderResponseKeyProviderArtworkKey	System/Library/Frameworks/VideoSubscriberAccount.framework/VideoSubscriberAccount.tbd
_VSAMSProviderResponseKeyProviderArtworkURL	System/Library/Frameworks/VideoSubscriberAccount.framework/VideoSubscriberAccount.tbd
_VSAMSProviderResponseKeyProviderIdentifier	System/Library/Frameworks/VideoSubscriberAccount.framework/VideoSubscriberAccount.tbd
_VSAMSProviderResponseKeyRoot	System/Library/Frameworks/VideoSubscriberAccount.framework/VideoSubscriberAccount.tbd
_VSAMSProviderResponseKeySetTopBoxOptOutAllowed	System/Library/Frameworks/VideoSubscriberAccount.framework/VideoSubscriberAccount.tbd
_VSAMSProviderResponseKeySetTopBoxSupported	System/Library/Frameworks/VideoSubscriberAccount.framework/VideoSubscriberAccount.tbd
_VSAMSProviderResponseKeyShouldShowChannelApps	System/Library/Frameworks/VideoSubscriberAccount.framework/VideoSubscriberAccount.tbd
_VSAMSProviderResponseKeyShouldShowSubscriptionApps	System/Library/Frameworks/VideoSubscriberAccount.framework/VideoSubscriberAccount.tbd
_VSAMSProviderResponseKeyStorefrontIsFeatured	System/Library/Frameworks/VideoSubscriberAccount.framework/VideoSubscriberAccount.tbd
_VSAMSProviderResponseKeyStorefrontSortOrdinal	System/Library/Frameworks/VideoSubscriberAccount.framework/VideoSubscriberAccount.tbd
_VSAMSProviderResponseKeySupportedStorefrontsKey	System/Library/Frameworks/VideoSubscriberAccount.framework/VideoSubscriberAccount.tbd
_VSAccountMonitorAccountStoreDidChange	System/Library/Frameworks/VideoSubscriberAccount.framework/VideoSubscriberAccount.tbd
_VSAccountProviderAuthenticationSchemeAPI	System/Library/Frameworks/VideoSubscriberAccount.framework/VideoSubscriberAccount.tbd
_VSAccountProviderAuthenticationSchemeSAML	System/Library/Frameworks/VideoSubscriberAccount.framework/VideoSubscriberAccount.tbd
_VSAccountStoreDidChangeNotification	System/Library/Frameworks/VideoSubscriberAccount.framework/VideoSubscriberAccount.tbd
_VSActiveSubscriptionsDidChangeNotification	System/Library/Frameworks/VideoSubscriberAccount.framework/VideoSubscriberAccount.tbd
_VSAllKnownTemplateElements	System/Library/Frameworks/VideoSubscriberAccount.framework/VideoSubscriberAccount.tbd
_VSAppleSubscriptionValueTransformerName	System/Library/Frameworks/VideoSubscriberAccount.framework/VideoSubscriberAccount.tbd
_VSAssertNotMainThread	System/Library/Frameworks/VideoSubscriberAccount.framework/VideoSubscriberAccount.tbd
_VSAssertWithMessage	System/Library/Frameworks/VideoSubscriberAccount.framework/VideoSubscriberAccount.tbd
_VSBuddyBundleID	System/Library/Frameworks/VideoSubscriberAccount.framework/VideoSubscriberAccount.tbd
_VSBundleURLForProcessIdentifier	System/Library/Frameworks/VideoSubscriberAccount.framework/VideoSubscriberAccount.tbd
_VSCheckAccessOptionPrompt	System/Library/Frameworks/VideoSubscriberAccount.framework/VideoSubscriberAccount.tbd
_VSCheckEntitlementForTask	System/Library/Frameworks/VideoSubscriberAccount.framework/VideoSubscriberAccount.tbd
_VSDataCompressionValueTransformerName	System/Library/Frameworks/VideoSubscriberAccount.framework/VideoSubscriberAccount.tbd
_VSDefaultLogObject	System/Library/Frameworks/VideoSubscriberAccount.framework/VideoSubscriberAccount.tbd
_VSDeveloperServiceDidChangeNotification	System/Library/Frameworks/VideoSubscriberAccount.framework/VideoSubscriberAccount.tbd
_VSDeveloperServiceInterface	System/Library/Frameworks/VideoSubscriberAccount.framework/VideoSubscriberAccount.tbd
_VSDeveloperServiceProvidersDidChangeNotification	System/Library/Frameworks/VideoSubscriberAccount.framework/VideoSubscriberAccount.tbd
_VSDeveloperServiceSettingsDidChangeNotification	System/Library/Frameworks/VideoSubscriberAccount.framework/VideoSubscriberAccount.tbd
_VSDidRegisterSubscriptionNotification	System/Library/Frameworks/VideoSubscriberAccount.framework/VideoSubscriberAccount.tbd
_VSDisplayNameForBundleWithIdentifier	System/Library/Frameworks/VideoSubscriberAccount.framework/VideoSubscriberAccount.tbd
_VSElementKeyAuthenticationTemplate	System/Library/Frameworks/VideoSubscriberAccount.framework/VideoSubscriberAccount.tbd
_VSElementKeyAutoAuthenticationTemplate	System/Library/Frameworks/VideoSubscriberAccount.framework/VideoSubscriberAccount.tbd
_VSElementKeyOnscreenCodeAuthenticationTemplate	System/Library/Frameworks/VideoSubscriberAccount.framework/VideoSubscriberAccount.tbd
_VSElementKeyTwoFactorVerificationTemplate	System/Library/Frameworks/VideoSubscriberAccount.framework/VideoSubscriberAccount.tbd
_VSElementKeyWebAuthenticationTemplate	System/Library/Frameworks/VideoSubscriberAccount.framework/VideoSubscriberAccount.tbd
_VSEnqueueCompletionOperation	System/Library/Frameworks/VideoSubscriberAccount.framework/VideoSubscriberAccount.tbd
_VSEntitlementNameDeveloperService	System/Library/Frameworks/VideoSubscriberAccount.framework/VideoSubscriberAccount.tbd
_VSEntitlementNameInternalSubscriptionService	System/Library/Frameworks/VideoSubscriberAccount.framework/VideoSubscriberAccount.tbd
_VSEntitlementNameInternalUserAccountService	System/Library/Frameworks/VideoSubscriberAccount.framework/VideoSubscriberAccount.tbd
_VSEntitlementNameInternalUserAccountServiceDelete	System/Library/Frameworks/VideoSubscriberAccount.framework/VideoSubscriberAccount.tbd
_VSEntitlementNameInternalUserAccountServiceForceUpdate	System/Library/Frameworks/VideoSubscriberAccount.framework/VideoSubscriberAccount.tbd
_VSEntitlementNamePrivacyService	System/Library/Frameworks/VideoSubscriberAccount.framework/VideoSubscriberAccount.tbd
_VSEntitlementNameSingleSignOn	System/Library/Frameworks/VideoSubscriberAccount.framework/VideoSubscriberAccount.tbd
_VSEntitlementNameSmootSubscriptionService	System/Library/Frameworks/VideoSubscriberAccount.framework/VideoSubscriberAccount.tbd
_VSEntitlementNameSubscriptionRegistration	System/Library/Frameworks/VideoSubscriberAccount.framework/VideoSubscriberAccount.tbd
_VSEntitlementNameSubscriptionServiceFetchFromAllSources	System/Library/Frameworks/VideoSubscriberAccount.framework/VideoSubscriberAccount.tbd
_VSEntitlementNameSubscriptionServiceReadWriteWebSources	System/Library/Frameworks/VideoSubscriberAccount.framework/VideoSubscriberAccount.tbd
_VSEntitlementNameSubscriptionServiceSubscriberIdentifierHashModifiers	System/Library/Frameworks/VideoSubscriberAccount.framework/VideoSubscriberAccount.tbd
_VSEntitlementNameUserAccountService	System/Library/Frameworks/VideoSubscriberAccount.framework/VideoSubscriberAccount.tbd
_VSErrorDestructiveRecoveryOptionIndexSet	System/Library/Frameworks/VideoSubscriberAccount.framework/VideoSubscriberAccount.tbd
_VSErrorDomain	System/Library/Frameworks/VideoSubscriberAccount.framework/VideoSubscriberAccount.tbd
_VSErrorInfoKeyAccountProviderResponse	System/Library/Frameworks/VideoSubscriberAccount.framework/VideoSubscriberAccount.tbd
_VSErrorInfoKeySAMLResponse	System/Library/Frameworks/VideoSubscriberAccount.framework/VideoSubscriberAccount.tbd
_VSErrorInfoKeySAMLResponseStatus	System/Library/Frameworks/VideoSubscriberAccount.framework/VideoSubscriberAccount.tbd
_VSErrorInfoKeyUnsupportedProviderIdentifier	System/Library/Frameworks/VideoSubscriberAccount.framework/VideoSubscriberAccount.tbd
_VSErrorIsPrivateError	System/Library/Frameworks/VideoSubscriberAccount.framework/VideoSubscriberAccount.tbd
_VSErrorIsPublicError	System/Library/Frameworks/VideoSubscriberAccount.framework/VideoSubscriberAccount.tbd
_VSErrorLogObject	System/Library/Frameworks/VideoSubscriberAccount.framework/VideoSubscriberAccount.tbd
_VSFederatedTwoFeatureName	System/Library/Frameworks/VideoSubscriberAccount.framework/VideoSubscriberAccount.tbd
_VSIdentityProviderAvailabilityDidChangeNotification	System/Library/Frameworks/VideoSubscriberAccount.framework/VideoSubscriberAccount.tbd
_VSIdentityProviderInfoDidChangeNotification	System/Library/Frameworks/VideoSubscriberAccount.framework/VideoSubscriberAccount.tbd
_VSInvalidVerificationTokenError	System/Library/Frameworks/VideoSubscriberAccount.framework/VideoSubscriberAccount.tbd
_VSJSAppErrorDomain	System/Library/Frameworks/VideoSubscriberAccount.framework/VideoSubscriberAccount.tbd
_VSJSAppObjectName	System/Library/Frameworks/VideoSubscriberAccount.framework/VideoSubscriberAccount.tbd
_VSJSErrorDomain	System/Library/Frameworks/VideoSubscriberAccount.framework/VideoSubscriberAccount.tbd
_VSJSONDataValueTransformerName	System/Library/Frameworks/VideoSubscriberAccount.framework/VideoSubscriberAccount.tbd
_VSLoadBundleAtPath	System/Library/Frameworks/VideoSubscriberAccount.framework/VideoSubscriberAccount.tbd
_VSLoadInterfaceFramework	System/Library/Frameworks/VideoSubscriberAccount.framework/VideoSubscriberAccount.tbd
_VSMainConcurrencyBindingOptions	System/Library/Frameworks/VideoSubscriberAccount.framework/VideoSubscriberAccount.tbd
_VSMainThreadOperationWithBlock	System/Library/Frameworks/VideoSubscriberAccount.framework/VideoSubscriberAccount.tbd
_VSMetricAccountUpdateFieldAPIType	System/Library/Frameworks/VideoSubscriberAccount.framework/VideoSubscriberAccount.tbd
_VSMetricAccountUpdateFieldAccountType	System/Library/Frameworks/VideoSubscriberAccount.framework/VideoSubscriberAccount.tbd
_VSMetricAccountUpdateFieldAuthenticationDataLength	System/Library/Frameworks/VideoSubscriberAccount.framework/VideoSubscriberAccount.tbd
_VSMetricAccountUpdateFieldBillingIdentifierPresent	System/Library/Frameworks/VideoSubscriberAccount.framework/VideoSubscriberAccount.tbd
_VSMetricAccountUpdateFieldModifier	System/Library/Frameworks/VideoSubscriberAccount.framework/VideoSubscriberAccount.tbd
_VSMetricAccountUpdateFieldModifierType	System/Library/Frameworks/VideoSubscriberAccount.framework/VideoSubscriberAccount.tbd
_VSMetricAccountUpdateFieldNumberTiers	System/Library/Frameworks/VideoSubscriberAccount.framework/VideoSubscriberAccount.tbd
_VSMetricAccountUpdateFieldProviderID	System/Library/Frameworks/VideoSubscriberAccount.framework/VideoSubscriberAccount.tbd
_VSMetricAccountUpdateFieldSourceID	System/Library/Frameworks/VideoSubscriberAccount.framework/VideoSubscriberAccount.tbd
_VSMetricAccountUpdateFieldSourceType	System/Library/Frameworks/VideoSubscriberAccount.framework/VideoSubscriberAccount.tbd
_VSMetricAccountUpdateFieldTTL	System/Library/Frameworks/VideoSubscriberAccount.framework/VideoSubscriberAccount.tbd
_VSMetricAccountUpdateFieldUpdateURLIncluded	System/Library/Frameworks/VideoSubscriberAccount.framework/VideoSubscriberAccount.tbd
_VSMetricAccountUpdateFieldWriteType	System/Library/Frameworks/VideoSubscriberAccount.framework/VideoSubscriberAccount.tbd
_VSMetricAccountUpdateValueAPITypeCoreSpotlight	System/Library/Frameworks/VideoSubscriberAccount.framework/VideoSubscriberAccount.tbd
_VSMetricAccountUpdateValueAPITypeSubscription	System/Library/Frameworks/VideoSubscriberAccount.framework/VideoSubscriberAccount.tbd
_VSMetricAccountUpdateValueAPITypeUserAccount	System/Library/Frameworks/VideoSubscriberAccount.framework/VideoSubscriberAccount.tbd
_VSMetricAccountUpdateValueAccountTypeFree	System/Library/Frameworks/VideoSubscriberAccount.framework/VideoSubscriberAccount.tbd
_VSMetricAccountUpdateValueAccountTypePaid	System/Library/Frameworks/VideoSubscriberAccount.framework/VideoSubscriberAccount.tbd
_VSMetricAccountUpdateValueModifierTypeApp	System/Library/Frameworks/VideoSubscriberAccount.framework/VideoSubscriberAccount.tbd
_VSMetricAccountUpdateValueModifierTypeJS	System/Library/Frameworks/VideoSubscriberAccount.framework/VideoSubscriberAccount.tbd
_VSMetricAccountUpdateValueSourceTypeApp	System/Library/Frameworks/VideoSubscriberAccount.framework/VideoSubscriberAccount.tbd
_VSMetricAccountUpdateValueSourceTypeProvider	System/Library/Frameworks/VideoSubscriberAccount.framework/VideoSubscriberAccount.tbd
_VSMetricAccountUpdateValueSourceTypeWeb	System/Library/Frameworks/VideoSubscriberAccount.framework/VideoSubscriberAccount.tbd
_VSMetricAccountUpdateValueWriteTypeNew	System/Library/Frameworks/VideoSubscriberAccount.framework/VideoSubscriberAccount.tbd
_VSMetricAccountUpdateValueWriteTypeRemove	System/Library/Frameworks/VideoSubscriberAccount.framework/VideoSubscriberAccount.tbd
_VSMetricAccountUpdateValueWriteTypeUpdate	System/Library/Frameworks/VideoSubscriberAccount.framework/VideoSubscriberAccount.tbd
_VSMetricClickTargetContinue	System/Library/Frameworks/VideoSubscriberAccount.framework/VideoSubscriberAccount.tbd
_VSMetricClickTargetFindMoreApps	System/Library/Frameworks/VideoSubscriberAccount.framework/VideoSubscriberAccount.tbd
_VSMetricClickTargetIdentityProvider	System/Library/Frameworks/VideoSubscriberAccount.framework/VideoSubscriberAccount.tbd
_VSMetricClickTargetInstallApp	System/Library/Frameworks/VideoSubscriberAccount.framework/VideoSubscriberAccount.tbd
_VSMetricClickTargetNotNow	System/Library/Frameworks/VideoSubscriberAccount.framework/VideoSubscriberAccount.tbd
_VSMetricClickTargetOpenApp	System/Library/Frameworks/VideoSubscriberAccount.framework/VideoSubscriberAccount.tbd
_VSMetricClickTargetSTBOptOut	System/Library/Frameworks/VideoSubscriberAccount.framework/VideoSubscriberAccount.tbd
_VSMetricClickTargetSignIn	System/Library/Frameworks/VideoSubscriberAccount.framework/VideoSubscriberAccount.tbd
_VSMetricClickTargetSignOut	System/Library/Frameworks/VideoSubscriberAccount.framework/VideoSubscriberAccount.tbd
_VSMetricClickTargetUpdateApp	System/Library/Frameworks/VideoSubscriberAccount.framework/VideoSubscriberAccount.tbd
_VSMetricEventAccountUpdate	System/Library/Frameworks/VideoSubscriberAccount.framework/VideoSubscriberAccount.tbd
_VSMetricFlexibleFieldBundleID	System/Library/Frameworks/VideoSubscriberAccount.framework/VideoSubscriberAccount.tbd
_VSMetricFlexibleFieldBundleVersion	System/Library/Frameworks/VideoSubscriberAccount.framework/VideoSubscriberAccount.tbd
_VSMetricFlexibleFieldErrorCode	System/Library/Frameworks/VideoSubscriberAccount.framework/VideoSubscriberAccount.tbd
_VSMetricFlexibleFieldErrorType	System/Library/Frameworks/VideoSubscriberAccount.framework/VideoSubscriberAccount.tbd
_VSMetricFlexibleFieldErrorsUnderlying	System/Library/Frameworks/VideoSubscriberAccount.framework/VideoSubscriberAccount.tbd
_VSMetricFlexibleFieldProviderID	System/Library/Frameworks/VideoSubscriberAccount.framework/VideoSubscriberAccount.tbd
_VSMetricFlexibleFieldRequestor	System/Library/Frameworks/VideoSubscriberAccount.framework/VideoSubscriberAccount.tbd
_VSMetricFlexibleFieldSignInType	System/Library/Frameworks/VideoSubscriberAccount.framework/VideoSubscriberAccount.tbd
_VSMetricFlexibleFieldSupportedProvider	System/Library/Frameworks/VideoSubscriberAccount.framework/VideoSubscriberAccount.tbd
_VSMetricFlexibleFieldValueSignInTypeApp	System/Library/Frameworks/VideoSubscriberAccount.framework/VideoSubscriberAccount.tbd
_VSMetricFlexibleFieldValueSignInTypeSilent	System/Library/Frameworks/VideoSubscriberAccount.framework/VideoSubscriberAccount.tbd
_VSMetricFlexibleFieldValueSignInTypeUI	System/Library/Frameworks/VideoSubscriberAccount.framework/VideoSubscriberAccount.tbd
_VSMetricPageBuddyMain	System/Library/Frameworks/VideoSubscriberAccount.framework/VideoSubscriberAccount.tbd
_VSMetricPageBuddySingleProvider	System/Library/Frameworks/VideoSubscriberAccount.framework/VideoSubscriberAccount.tbd
_VSMetricPageBuddyZSO	System/Library/Frameworks/VideoSubscriberAccount.framework/VideoSubscriberAccount.tbd
_VSMetricPageSettingsAccountInfo	System/Library/Frameworks/VideoSubscriberAccount.framework/VideoSubscriberAccount.tbd
_VSMetricPageSettingsHome	System/Library/Frameworks/VideoSubscriberAccount.framework/VideoSubscriberAccount.tbd
_VSMetricPageSettingsPicker	System/Library/Frameworks/VideoSubscriberAccount.framework/VideoSubscriberAccount.tbd
_VSMetricPageTypeBuddy	System/Library/Frameworks/VideoSubscriberAccount.framework/VideoSubscriberAccount.tbd
_VSMetricPageTypeSettings	System/Library/Frameworks/VideoSubscriberAccount.framework/VideoSubscriberAccount.tbd
_VSMetricPageTypeViewService	System/Library/Frameworks/VideoSubscriberAccount.framework/VideoSubscriberAccount.tbd
_VSMetricPageViewServiceMain	System/Library/Frameworks/VideoSubscriberAccount.framework/VideoSubscriberAccount.tbd
_VSMetricsBaseFieldOS	System/Library/Frameworks/VideoSubscriberAccount.framework/VideoSubscriberAccount.tbd
_VSMetricsBaseFieldUserAgent	System/Library/Frameworks/VideoSubscriberAccount.framework/VideoSubscriberAccount.tbd
_VSOnceAndOnlyOnceBlock	System/Library/Frameworks/VideoSubscriberAccount.framework/VideoSubscriberAccount.tbd
_VSOpenTVProviderSettingsURLString	System/Library/Frameworks/VideoSubscriberAccount.framework/VideoSubscriberAccount.tbd
_VSOpenURL	System/Library/Frameworks/VideoSubscriberAccount.framework/VideoSubscriberAccount.tbd
_VSPerformBlockOnMainThread	System/Library/Frameworks/VideoSubscriberAccount.framework/VideoSubscriberAccount.tbd
_VSPerformCompletionHandler	System/Library/Frameworks/VideoSubscriberAccount.framework/VideoSubscriberAccount.tbd
_VSPlatformTemplateElements	System/Library/Frameworks/VideoSubscriberAccount.framework/VideoSubscriberAccount.tbd
_VSPrivacyServiceInterface	System/Library/Frameworks/VideoSubscriberAccount.framework/VideoSubscriberAccount.tbd
_VSPrivacyUsageInfoPlistKey	System/Library/Frameworks/VideoSubscriberAccount.framework/VideoSubscriberAccount.tbd
_VSPrivateAccessUsageDescriptionMissing	System/Library/Frameworks/VideoSubscriberAccount.framework/VideoSubscriberAccount.tbd
_VSPrivateAccountDeletionErrorWithRecoveryHandler	System/Library/Frameworks/VideoSubscriberAccount.framework/VideoSubscriberAccount.tbd
_VSPrivateAccountLoadingErrorWithRecoveryHandler	System/Library/Frameworks/VideoSubscriberAccount.framework/VideoSubscriberAccount.tbd
_VSPrivateAccountValidationErrorWithRecoveryHandler	System/Library/Frameworks/VideoSubscriberAccount.framework/VideoSubscriberAccount.tbd
_VSPrivateError	System/Library/Frameworks/VideoSubscriberAccount.framework/VideoSubscriberAccount.tbd
_VSPrivateErrorWithRecoverySuggestion	System/Library/Frameworks/VideoSubscriberAccount.framework/VideoSubscriberAccount.tbd
_VSPrivateViewServiceCrashedErrorWithRecoveryHandler	System/Library/Frameworks/VideoSubscriberAccount.framework/VideoSubscriberAccount.tbd
_VSPromptTVProviderSettingsAppInstallURLString	System/Library/Frameworks/VideoSubscriberAccount.framework/VideoSubscriberAccount.tbd
_VSPromptTVProviderSettingsSignInURLString	System/Library/Frameworks/VideoSubscriberAccount.framework/VideoSubscriberAccount.tbd
_VSPublicError	System/Library/Frameworks/VideoSubscriberAccount.framework/VideoSubscriberAccount.tbd
_VSPublicErrorWithDetailedErrors	System/Library/Frameworks/VideoSubscriberAccount.framework/VideoSubscriberAccount.tbd
_VSPublicProviderRejectedError	System/Library/Frameworks/VideoSubscriberAccount.framework/VideoSubscriberAccount.tbd
_VSPublicServiceTemporarilyUnavailableError	System/Library/Frameworks/VideoSubscriberAccount.framework/VideoSubscriberAccount.tbd
_VSPublicUnsupportedProviderError	System/Library/Frameworks/VideoSubscriberAccount.framework/VideoSubscriberAccount.tbd
_VSRequireKeyedCoder	System/Library/Frameworks/VideoSubscriberAccount.framework/VideoSubscriberAccount.tbd
_VSRequireMainThread	System/Library/Frameworks/VideoSubscriberAccount.framework/VideoSubscriberAccount.tbd
_VSRequireUsageInfoPlistKey	System/Library/Frameworks/VideoSubscriberAccount.framework/VideoSubscriberAccount.tbd
_VSRequiredDispatchQueueBindingOption	System/Library/Frameworks/VideoSubscriberAccount.framework/VideoSubscriberAccount.tbd
_VSRequiredOperationQueueBindingOption	System/Library/Frameworks/VideoSubscriberAccount.framework/VideoSubscriberAccount.tbd
_VSRequiredThreadBindingOption	System/Library/Frameworks/VideoSubscriberAccount.framework/VideoSubscriberAccount.tbd
_VSSetTopBoxStateChangedNotification	System/Library/Frameworks/VideoSubscriberAccount.framework/VideoSubscriberAccount.tbd
_VSSharedSAMLParserController	System/Library/Frameworks/VideoSubscriberAccount.framework/VideoSubscriberAccount.tbd
_VSSubscriptionFetchOptionCreationDateInterval	System/Library/Frameworks/VideoSubscriberAccount.framework/VideoSubscriberAccount.tbd
_VSSubscriptionFetchOptionEarliestExpirationDate	System/Library/Frameworks/VideoSubscriberAccount.framework/VideoSubscriberAccount.tbd
_VSSubscriptionFetchOptionExcludeUninstalledApps	System/Library/Frameworks/VideoSubscriberAccount.framework/VideoSubscriberAccount.tbd
_VSSubscriptionFetchOptionSourceKind	System/Library/Frameworks/VideoSubscriberAccount.framework/VideoSubscriberAccount.tbd
_VSSubscriptionFetchOptionSources	System/Library/Frameworks/VideoSubscriberAccount.framework/VideoSubscriberAccount.tbd
_VSSubscriptionFetchOptionSubscriberIdentifierHashModifier	System/Library/Frameworks/VideoSubscriberAccount.framework/VideoSubscriberAccount.tbd
_VSSubscriptionFetchOptionSubscriptionInfo	System/Library/Frameworks/VideoSubscriberAccount.framework/VideoSubscriberAccount.tbd
_VSSubscriptionFetchOptionsForAppWithBundleIdentifier	System/Library/Frameworks/VideoSubscriberAccount.framework/VideoSubscriberAccount.tbd
_VSSubscriptionFetchOptionsForBundleIdentifiersAndDomainNames	System/Library/Frameworks/VideoSubscriberAccount.framework/VideoSubscriberAccount.tbd
_VSSubscriptionFetchOptionsForInfoFromAppWithBundleIdentifier	System/Library/Frameworks/VideoSubscriberAccount.framework/VideoSubscriberAccount.tbd
_VSSubscriptionFetchOptionsForWebSubscriptionsCreatedAfterDate	System/Library/Frameworks/VideoSubscriberAccount.framework/VideoSubscriberAccount.tbd
_VSSubscriptionServiceInterface	System/Library/Frameworks/VideoSubscriberAccount.framework/VideoSubscriberAccount.tbd
_VSSubscriptionValueTransformerName	System/Library/Frameworks/VideoSubscriberAccount.framework/VideoSubscriberAccount.tbd
_VSUserAccountServiceInterface	System/Library/Frameworks/VideoSubscriberAccount.framework/VideoSubscriberAccount.tbd
_VSUserAccountsDidChangeNotification	System/Library/Frameworks/VideoSubscriberAccount.framework/VideoSubscriberAccount.tbd
_VSUserInfoForErrorRecoveryOptions	System/Library/Frameworks/VideoSubscriberAccount.framework/VideoSubscriberAccount.tbd
_VSValueTransformerBindingOption	System/Library/Frameworks/VideoSubscriberAccount.framework/VideoSubscriberAccount.tbd
_VSValueTypeCopyWithZone	System/Library/Frameworks/VideoSubscriberAccount.framework/VideoSubscriberAccount.tbd
_VSValueTypeDescription	System/Library/Frameworks/VideoSubscriberAccount.framework/VideoSubscriberAccount.tbd
_VSValueTypeEncodeWithCoder	System/Library/Frameworks/VideoSubscriberAccount.framework/VideoSubscriberAccount.tbd
_VSValueTypeHash	System/Library/Frameworks/VideoSubscriberAccount.framework/VideoSubscriberAccount.tbd
_VSValueTypeInit	System/Library/Frameworks/VideoSubscriberAccount.framework/VideoSubscriberAccount.tbd
_VSValueTypeInitWithCoder	System/Library/Frameworks/VideoSubscriberAccount.framework/VideoSubscriberAccount.tbd
_VSValueTypeIsEqual	System/Library/Frameworks/VideoSubscriberAccount.framework/VideoSubscriberAccount.tbd
